# Blender 5.1.1
# www.blender.org
mtllib KhabarovskNaberLamp.mtl
o fonar01.001
v -1.705169 0.000000 1.705169
v -1.705169 0.000000 -1.705155
v 1.705164 0.000000 -1.705155
v 1.705164 0.000000 1.705169
v -1.167700 6.156600 1.167700
v 1.167697 6.156600 1.167700
v 1.167697 6.156600 -1.167691
v -1.167700 6.156600 -1.167691
v -1.705169 5.401538 1.705169
v 1.705164 5.401538 1.705169
v 1.959753 5.401538 1.959758
v -1.959758 5.401538 1.959758
v 1.705164 5.401538 -1.705155
v 1.959753 5.401538 -1.959749
v -1.705169 5.401538 -1.705155
v -1.959758 5.401538 -1.959749
v 1.959753 5.513144 1.959758
v -1.959758 5.513144 1.959758
v 1.959753 5.513144 -1.959749
v -1.959758 5.513144 -1.959749
v 1.450574 5.513144 1.450580
v -1.450580 5.513144 1.450580
v 1.450574 5.513144 -1.450571
v -1.450580 5.513144 -1.450571
v 1.450574 6.033976 1.450580
v -1.450580 6.033976 1.450580
v 1.450574 6.033976 -1.450571
v -1.450580 6.033976 -1.450571
v -1.156661 0.632578 1.705169
v -1.156661 4.943632 1.705169
v -1.156661 0.632578 1.536229
v 1.041977 0.632578 1.536229
v 1.041977 4.943632 1.536229
v -1.156661 4.943632 1.536229
v 1.041977 0.632578 -1.536220
v -1.156661 0.632578 -1.536220
v -1.156661 4.943633 -1.536220
v 1.041977 4.943632 -1.536220
v 1.705164 0.632578 1.112314
v 1.705164 4.943632 1.112314
v 1.536222 0.632578 1.112314
v 1.536222 0.632578 -1.086323
v 1.536222 4.943633 -1.086323
v 1.536222 4.943632 1.112314
v -1.536227 0.632578 -1.086323
v -1.536227 0.632578 1.112314
v -1.536227 4.943632 1.112314
v -1.536227 4.943633 -1.086323
v 1.041977 0.632578 1.705169
v 1.041977 4.943632 1.705169
v 1.041977 0.632578 -1.705155
v -1.156661 0.632578 -1.705155
v -1.156661 4.943633 -1.705155
v 1.041977 4.943632 -1.705155
v 1.705164 0.632578 -1.086323
v 1.705164 4.943633 -1.086323
v -1.705169 0.632578 -1.086323
v -1.705169 0.632578 1.112314
v -1.705169 4.943632 1.112314
v -1.705169 4.943633 -1.086323
v 1.366913 6.032406 0.015432
v 1.302089 6.032406 -0.393850
v 1.302089 6.456241 -0.393850
v 1.366913 6.456241 0.015432
v 1.113962 6.032406 -0.763071
v 1.113962 6.456241 -0.763071
v 0.820948 6.032406 -1.056087
v 0.820948 6.456241 -1.056087
v 0.451730 6.032406 -1.244214
v 0.451730 6.456241 -1.244214
v 0.042447 6.032406 -1.309032
v 0.042447 6.456241 -1.309032
v -0.366835 6.032406 -1.244214
v -0.366835 6.456241 -1.244214
v -0.736056 6.032406 -1.056087
v -0.736056 6.456241 -1.056087
v -1.029068 6.032406 -0.763071
v -1.029068 6.456241 -0.763071
v -1.217194 6.032406 -0.393850
v -1.217194 6.456241 -0.393850
v -1.282019 6.032406 0.015432
v -1.282019 6.456241 0.015432
v -1.217197 6.032406 0.424715
v -1.217197 6.456241 0.424715
v -1.029070 6.032406 0.793930
v -1.029070 6.456241 0.793930
v -0.736056 6.032406 1.086947
v -0.736056 6.456241 1.086947
v -0.366833 6.032406 1.275069
v -0.366833 6.456241 1.275069
v 0.042449 6.032406 1.339896
v 0.042449 6.456241 1.339896
v 0.451730 6.032406 1.275069
v 0.451730 6.456241 1.275069
v 0.820948 6.032406 1.086947
v 0.820948 6.456241 1.086947
v 1.113963 6.032406 0.793930
v 1.113963 6.456241 0.793930
v 1.302089 6.032406 0.424710
v 1.302089 6.456241 0.424710
v 1.219679 6.590521 -0.367078
v 1.280262 6.590521 0.015432
v 1.043862 6.590521 -0.712135
v 0.770019 6.590521 -0.985983
v 0.424955 6.590521 -1.161803
v 0.042447 6.590521 -1.222386
v -0.340061 6.590521 -1.161803
v -0.685124 6.590521 -0.985983
v -0.958967 6.590521 -0.712135
v -1.134788 6.590521 -0.367078
v -1.195369 6.590521 0.015432
v -1.134786 6.590521 0.397942
v -0.958965 6.590521 0.742999
v -0.685124 6.590521 1.016847
v -0.340058 6.590521 1.192663
v 0.042449 6.590521 1.253250
v 0.424955 6.590521 1.192663
v 0.770019 6.590521 1.016842
v 1.043862 6.590521 0.742995
v 1.219680 6.590521 0.397933
v 1.081600 6.590521 -0.322210
v 1.135077 6.590521 0.015432
v 0.926402 6.590521 -0.626800
v 0.684680 6.590521 -0.868526
v 0.380087 6.590521 -1.023723
v 0.042447 6.590521 -1.077201
v -0.295195 6.590521 -1.023723
v -0.599785 6.590521 -0.868526
v -0.841511 6.590521 -0.626800
v -0.996708 6.590521 -0.322210
v -1.050183 6.590521 0.015432
v -0.996706 6.590521 0.353070
v -0.841509 6.590521 0.657665
v -0.599783 6.590521 0.899386
v -0.295195 6.590521 1.054587
v 0.042449 6.590521 1.108060
v 0.380089 6.590521 1.054583
v 0.684682 6.590521 0.899386
v 0.926403 6.590521 0.657660
v 1.081600 6.590521 0.353070
v 1.081600 6.717011 -0.322210
v 1.135077 6.717011 0.015432
v 0.926402 6.717011 -0.626800
v 0.684680 6.717011 -0.868526
v 0.380087 6.717011 -1.023723
v 0.042447 6.717011 -1.077201
v -0.295195 6.717011 -1.023723
v -0.599785 6.717011 -0.868526
v -0.841511 6.717011 -0.626800
v -0.996708 6.717011 -0.322210
v -1.050183 6.717011 0.015432
v -0.996706 6.717011 0.353070
v -0.841509 6.717011 0.657665
v -0.599783 6.717011 0.899386
v -0.295195 6.717011 1.054587
v 0.042449 6.717011 1.108060
v 0.380089 6.717011 1.054583
v 0.684682 6.717011 0.899386
v 0.926403 6.717011 0.657660
v 1.081600 6.717011 0.353070
v 0.955496 6.759176 -0.281236
v 1.002482 6.759176 0.015432
v 0.819133 6.759176 -0.548867
v 0.606742 6.759176 -0.761256
v 0.339115 6.759176 -0.897621
v 0.042447 6.759176 -0.944604
v -0.254221 6.759176 -0.897621
v -0.521848 6.759176 -0.761256
v -0.734239 6.759176 -0.548867
v -0.870604 6.759176 -0.281236
v -0.917589 6.759176 0.015432
v -0.870604 6.759176 0.312100
v -0.734239 6.759176 0.579723
v -0.521848 6.759176 0.792116
v -0.254218 6.759176 0.928481
v 0.042449 6.759176 0.975468
v 0.339117 6.759176 0.928481
v 0.606745 6.759176 0.792116
v 0.819135 6.759176 0.579723
v 0.955496 6.759176 0.312100
v 0.955496 28.383944 -0.281236
v 1.002482 28.383944 0.015432
v 0.819133 28.383944 -0.548867
v 0.606742 28.383944 -0.761256
v 0.339115 28.383944 -0.897616
v 0.042447 28.383944 -0.944604
v -0.254221 28.383944 -0.897616
v -0.521848 28.383944 -0.761256
v -0.734239 28.383944 -0.548867
v -0.870604 28.383944 -0.281236
v -0.917589 28.383944 0.015432
v -0.870601 28.383944 0.312100
v -0.734239 28.383944 0.579732
v -0.521848 28.383944 0.792116
v -0.254218 28.383944 0.928481
v 0.042449 28.383944 0.975468
v 0.339117 28.383944 0.928481
v 0.606745 28.383944 0.792116
v 0.819135 28.383944 0.579723
v 0.955496 28.383944 0.312100
v 1.506197 29.025053 -0.460169
v 1.581522 29.025053 0.015432
v 1.287585 29.025053 -0.889213
v 0.947094 29.025053 -1.229707
v 0.518048 29.025053 -1.448316
v 0.042447 29.025053 -1.523644
v -0.433154 29.025053 -1.448316
v -0.862198 29.025053 -1.229707
v -1.202694 29.025053 -0.889213
v -1.421301 29.025053 -0.460169
v -1.496631 29.025053 0.015432
v -1.421301 29.025053 0.491033
v -1.202692 29.025053 0.920077
v -0.862198 29.025053 1.260571
v -0.433154 29.025053 1.479180
v 0.042449 29.025053 1.554508
v 0.518050 29.025053 1.479180
v 0.947095 29.025053 1.260571
v 1.287586 29.025053 0.920077
v 1.506197 29.025053 0.491029
v 1.506197 29.151545 -0.460169
v 1.581522 29.151545 0.015432
v 1.287585 29.151545 -0.889213
v 0.947094 29.151545 -1.229707
v 0.518048 29.151545 -1.448316
v 0.042447 29.151545 -1.523644
v -0.433154 29.151545 -1.448316
v -0.862198 29.151545 -1.229707
v -1.202694 29.151545 -0.889213
v -1.421301 29.151545 -0.460169
v -1.496631 29.151545 0.015432
v -1.421301 29.151545 0.491033
v -1.202692 29.151545 0.920077
v -0.862198 29.151545 1.260571
v -0.433154 29.151545 1.479180
v 0.042449 29.151545 1.554508
v 0.518050 29.151545 1.479180
v 0.947095 29.151545 1.260571
v 1.287586 29.151545 0.920077
v 1.506197 29.151545 0.491029
v 0.848917 29.235868 -0.246608
v 0.890421 29.235868 0.015432
v 0.728472 29.235868 -0.482994
v 0.540873 29.235868 -0.670590
v 0.304485 29.235868 -0.791038
v 0.042447 29.235868 -0.832542
v -0.219591 29.235868 -0.791038
v -0.455981 29.235868 -0.670590
v -0.643578 29.235868 -0.482994
v -0.764025 29.235868 -0.246608
v -0.805527 29.235868 0.015432
v -0.764025 29.235868 0.277472
v -0.643578 29.235868 0.513858
v -0.455979 29.235868 0.701455
v -0.219591 29.235868 0.821902
v 0.042449 29.235868 0.863406
v 0.304485 29.235868 0.821902
v 0.540873 29.235868 0.701455
v 0.728472 29.235868 0.513858
v 0.848917 29.235868 0.277468
v 0.848917 29.615341 -0.246608
v 0.890421 29.615341 0.015432
v 0.728472 29.615341 -0.482994
v 0.540873 29.615341 -0.670590
v 0.304485 29.615341 -0.791038
v 0.042447 29.615341 -0.832542
v -0.219591 29.615341 -0.791038
v -0.455981 29.615341 -0.670590
v -0.643578 29.615341 -0.482994
v -0.764025 29.615341 -0.246608
v -0.805527 29.615341 0.015432
v -0.764025 29.615341 0.277472
v -0.643578 29.615341 0.513858
v -0.455979 29.615341 0.701455
v -0.219591 29.615341 0.821902
v 0.042449 29.615341 0.863406
v 0.304485 29.615341 0.821902
v 0.540873 29.615341 0.701455
v 0.728472 29.615341 0.513858
v 0.848917 29.615341 0.277468
v 0.674693 29.670227 -0.190000
v 0.707230 29.670227 0.015432
v 0.580268 29.670227 -0.375319
v 0.433199 29.670227 -0.522391
v 0.247877 29.670227 -0.616816
v 0.042447 29.670227 -0.649351
v -0.162982 29.670227 -0.616816
v -0.348302 29.670227 -0.522391
v -0.495374 29.670227 -0.375319
v -0.589799 29.670227 -0.190000
v -0.622338 29.670227 0.015432
v -0.589801 29.670227 0.220864
v -0.495374 29.670227 0.406184
v -0.348302 29.670227 0.553255
v -0.162982 29.670227 0.647680
v 0.042449 29.670227 0.680215
v 0.247879 29.670227 0.647680
v 0.433199 29.670227 0.553251
v 0.580271 29.670227 0.406179
v 0.674693 29.670227 0.220864
v 0.674693 30.046215 -0.190000
v 0.707230 30.046215 0.015432
v 0.580268 30.046215 -0.375319
v 0.433199 30.046215 -0.522391
v 0.247877 30.046215 -0.616816
v 0.042447 30.046215 -0.649351
v -0.162982 30.046215 -0.616816
v -0.348302 30.046215 -0.522391
v -0.495374 30.046215 -0.375319
v -0.589799 30.046215 -0.190000
v -0.622338 30.046215 0.015432
v -0.589801 30.046215 0.220864
v -0.495374 30.046215 0.406184
v -0.348302 30.046215 0.553255
v -0.162982 30.046215 0.647680
v 0.042449 30.046215 0.680215
v 0.247879 30.046215 0.647680
v 0.433199 30.046215 0.553251
v 0.580271 30.046215 0.406179
v 0.674693 30.046215 0.220864
v 0.617391 30.046209 -0.058844
v 0.463933 30.046209 -0.382598
v 0.149481 30.046209 -0.554327
v -0.205845 30.046209 -0.508428
v -0.421568 30.046209 -0.321698
v -0.527308 30.046209 -0.091596
v -0.481406 30.046209 0.263730
v -0.235418 30.046209 0.524220
v 0.116711 30.046209 0.590375
v 0.379575 30.046209 0.479446
v 0.551252 30.046209 0.293267
v 0.587928 32.786850 -0.161808
v 0.617379 32.786919 0.089711
v 0.440792 32.786522 -0.405754
v 0.117549 32.787483 -0.559412
v -0.235383 32.786919 -0.493364
v -0.481220 32.786522 -0.233266
v -0.531104 32.786850 0.015432
v -0.466343 32.786919 0.293267
v -0.206253 32.786522 0.539093
v 0.042449 32.786850 0.588984
v 0.319948 32.786522 0.524419
v 0.506461 32.786850 0.352553
v 0.401730 32.828804 -0.031249
v 0.305508 32.829403 -0.233700
v 0.109093 32.828804 -0.340688
v -0.112729 32.829052 -0.311952
v -0.247542 32.829006 -0.195263
v -0.313675 32.828804 -0.051202
v -0.298458 32.829006 0.126196
v -0.220776 32.828804 0.264379
v -0.024459 32.829052 0.371496
v 0.153216 32.829006 0.356339
v 0.291394 32.828804 0.278657
v 0.383352 32.829006 0.126196
v 0.398335 38.013981 -0.051422
v 0.293989 38.018257 -0.245248
v 0.098357 38.013664 -0.342671
v -0.068319 38.015137 -0.325475
v -0.218232 38.018253 -0.236109
v -0.298458 38.015137 -0.095337
v -0.315404 38.013664 0.072937
v -0.210352 38.009434 0.274877
v -0.007841 38.018257 0.374174
v 0.211070 38.009441 0.336038
v 0.369662 38.013981 0.170527
v 0.474770 38.224564 -0.040422
v 0.391542 38.225952 -0.238205
v 0.296082 38.225952 -0.333667
v 0.175789 38.225952 -0.394960
v -0.018082 38.229706 -0.416435
v -0.211185 38.225952 -0.333667
v -0.306650 38.225952 -0.238205
v -0.388340 38.224174 -0.053792
v -0.367940 38.225952 0.148774
v -0.271367 38.229706 0.318234
v -0.090895 38.225952 0.425815
v 0.042449 38.225952 0.446942
v 0.233476 38.229706 0.407445
v 0.425035 38.224564 0.224359
v 0.472159 38.398514 -0.058951
v 0.341772 38.395336 -0.301531
v 0.175789 38.394604 -0.394960
v -0.033992 38.392437 -0.413921
v -0.270310 38.398514 -0.288493
v -0.389506 38.392441 -0.044554
v -0.345322 38.395752 0.215418
v -0.149968 38.398518 0.406787
v 0.118852 38.392437 0.444786
v 0.296082 38.394604 0.364527
v 0.434724 38.392441 0.205963
v 0.358673 38.522869 -0.148769
v 0.397930 38.521690 0.061358
v 0.213168 38.520767 -0.300438
v -0.013887 38.521721 -0.340218
v -0.210011 38.521698 -0.237030
v -0.313548 38.520760 -0.042569
v -0.272859 38.522896 0.184464
v -0.119650 38.521702 0.333545
v 0.042449 38.521095 0.370595
v 0.204528 38.521698 0.333555
v 0.329782 38.521095 0.224192
v 0.234559 38.594963 -0.075627
v 0.251389 38.594963 0.054691
v 0.117711 38.595161 -0.187685
v -0.049860 38.595474 -0.176114
v -0.161714 38.595474 -0.057056
v -0.137204 38.594452 0.136511
v 0.003193 38.594963 0.224372
v 0.162541 38.595161 0.195706
v 0.251415 41.109695 -0.023830
v 0.188429 41.109695 -0.139163
v 0.069690 41.109695 -0.195437
v -0.059466 41.109695 -0.171178
v -0.149682 41.109695 -0.075648
v -0.160766 41.109695 0.090714
v -0.048622 41.109695 0.207565
v 0.117740 41.109695 0.218641
v 0.234584 41.109695 0.106495
v -4.616827 37.574783 -0.183190
v 4.599419 37.575043 -0.184891
v -4.616827 37.704170 -0.112486
v 4.599419 37.713959 -0.099007
v -4.616827 37.742805 0.040347
v 4.599419 37.741009 0.051699
v -4.616827 37.689579 0.152611
v 4.599419 37.681458 0.160726
v -4.616827 37.580570 0.212136
v 4.599419 37.569206 0.213935
v -4.616827 37.457340 0.196218
v 4.599419 37.447098 0.190997
v -4.616827 37.351330 0.085721
v 4.599419 37.346184 0.069882
v -4.616827 37.361816 -0.071527
v 4.599419 37.367035 -0.081769
v -4.616827 37.451756 -0.165362
v 4.599419 37.452538 -0.163829
v 4.556813 37.540497 0.311229
v 4.513120 37.645992 0.290180
v 4.444050 37.562927 0.289019
v 4.492840 37.444752 0.291772
v 4.620691 37.444904 0.289018
v 4.672185 37.546158 0.290092
v 4.616794 37.637264 0.289211
v 4.439426 37.716206 0.226971
v 4.603956 37.746021 0.225511
v 4.352260 37.581181 0.226884
v 4.381124 37.423096 0.226974
v 4.518891 37.336597 0.228562
v 4.636510 37.348091 0.224964
v 4.732966 37.427021 0.227518
v 4.760714 37.578400 0.228564
v 4.704074 37.687756 0.224964
v 4.397596 37.766235 0.128772
v 4.556813 37.812592 0.129412
v 4.286518 37.588917 0.136484
v 4.331079 37.381283 0.128776
v 4.508384 37.270203 0.136483
v 4.708851 37.312954 0.132372
v 4.808200 37.436371 0.129412
v 4.827109 37.588917 0.136482
v 4.716031 37.766235 0.128773
v 4.444107 37.812592 0.016708
v 4.556813 37.835018 0.016708
v 4.348559 37.748756 0.016708
v 4.284716 37.653202 0.016708
v 4.262298 37.540497 0.016708
v 4.284716 37.427792 0.016708
v 4.348559 37.332245 0.016708
v 4.444107 37.268398 0.016708
v 4.556813 37.245975 0.016708
v 4.669521 37.268398 0.016708
v 4.765068 37.332245 0.016708
v 4.828911 37.427792 0.016708
v 4.851330 37.540497 0.016708
v 4.828911 37.653202 0.016708
v 4.765067 37.748756 0.016708
v 4.669521 37.812592 0.016708
v 4.404762 37.768032 -0.098956
v 4.556813 37.812592 -0.096001
v 4.288562 37.599197 -0.103072
v 4.305428 37.436371 -0.096001
v 4.405633 37.310211 -0.099739
v 4.556814 37.268398 -0.096001
v 4.708850 37.312954 -0.098959
v 4.808200 37.436371 -0.096001
v 4.827421 37.592041 -0.099738
v 4.716034 37.766232 -0.095364
v 4.516126 37.745056 -0.193464
v 4.409556 37.687756 -0.191545
v 4.352261 37.581181 -0.193464
v 4.364412 37.460804 -0.191545
v 4.444818 37.361839 -0.192090
v 4.594737 37.336597 -0.195141
v 4.704074 37.393234 -0.191545
v 4.759700 37.497494 -0.195144
v 4.732504 37.657898 -0.193554
v 4.636510 37.732906 -0.191545
v 4.534378 37.653259 -0.255598
v 4.448059 37.579418 -0.256673
v 4.479233 37.454918 -0.256672
v 4.606197 37.436073 -0.256672
v 4.669168 37.522114 -0.255791
v 4.637559 37.621239 -0.256761
v 4.556813 37.540497 -0.277809
v -4.585947 37.540497 0.311229
v -4.608416 37.653435 0.291771
v -4.698712 37.562923 0.289019
v -4.649921 37.444752 0.291772
v -4.492997 37.470539 0.291961
v -4.490355 37.604385 0.289019
v -4.703338 37.716202 0.226974
v -4.542934 37.743393 0.228561
v -4.790504 37.581177 0.226883
v -4.764564 37.430317 0.226865
v -4.665643 37.348091 0.224964
v -4.548026 37.336597 0.228562
v -4.410258 37.423096 0.226975
v -4.383060 37.583515 0.228563
v -4.438689 37.687756 0.224964
v -4.737994 37.768040 0.132363
v -4.585947 37.812592 0.129412
v -4.837334 37.644623 0.129412
v -4.853886 37.476997 0.132339
v -4.737985 37.312958 0.132376
v -4.585947 37.268398 0.129412
v -4.433908 37.312954 0.132371
v -4.313771 37.483131 0.128756
v -4.334563 37.644623 0.129412
v -4.438309 37.773972 0.128768
v -4.698656 37.812592 0.016708
v -4.585947 37.835018 0.016708
v -4.833295 37.705788 0.016709
v -4.880464 37.540497 0.016708
v -4.858047 37.427792 0.016708
v -4.794204 37.332245 0.016708
v -4.698656 37.268398 0.016708
v -4.585947 37.245975 0.016708
v -4.473243 37.268398 0.016708
v -4.377693 37.332245 0.016708
v -4.313849 37.427792 0.016708
v -4.291430 37.540497 0.016708
v -4.313849 37.653202 0.016708
v -4.377693 37.748756 0.016708
v -4.473240 37.812592 0.016708
v -4.733588 37.773968 -0.095365
v -4.537337 37.808956 -0.102904
v -4.853882 37.604004 -0.098933
v -4.837334 37.436371 -0.096001
v -4.733576 37.307018 -0.095365
v -4.585947 37.268398 -0.096001
v -4.433908 37.312958 -0.098960
v -4.318013 37.476994 -0.098931
v -4.355375 37.694584 -0.099100
v -4.665643 37.732906 -0.191545
v -4.540405 37.744164 -0.195225
v -4.757473 37.655117 -0.196682
v -4.794204 37.540497 -0.191545
v -4.757471 37.425877 -0.196685
v -4.665645 37.348091 -0.191545
v -4.548027 37.336597 -0.195141
v -4.438689 37.393234 -0.191545
v -4.380360 37.504639 -0.195224
v -4.412531 37.656372 -0.193461
v -4.683647 37.605774 -0.258798
v -4.663528 37.454914 -0.256671
v -4.559937 37.429665 -0.255791
v -4.480453 37.496799 -0.256760
v -4.515985 37.633450 -0.258543
v -4.585947 37.540497 -0.277809
v -1.279584 36.475178 0.079800
v -1.302930 36.459991 -0.006367
v -1.095741 36.396523 0.016708
v -1.088069 36.422295 0.082508
v -1.324977 36.590153 0.102578
v -1.063326 36.505402 0.101115
v -1.300072 36.638222 0.057985
v -1.045090 36.566662 0.016708
v -1.233472 36.618248 -0.006373
v -1.324972 36.590153 -0.069163
v -1.063327 36.505402 -0.067700
v -1.356413 36.530899 -0.058654
v -1.088067 36.422302 -0.049098
v -1.419202 36.556618 0.079801
v -1.442804 36.545994 -0.006366
v -1.329030 36.677818 -0.006364
v -1.545962 36.706734 0.062021
v -1.530063 36.656265 -0.005990
v -1.513890 36.714321 0.092324
v -1.453001 36.741234 0.102526
v -1.404869 36.766319 0.059028
v -1.390945 36.762409 0.016706
v -1.404869 36.766323 -0.025606
v -1.452999 36.741234 -0.069110
v -1.513889 36.714321 -0.058909
v -1.573203 36.776237 -0.006551
v -1.555910 36.947880 0.076185
v -1.574927 36.951607 -0.005997
v -1.471121 36.931282 0.103429
v -1.402613 36.917858 0.039971
v -1.430073 36.923233 -0.049093
v -1.517184 36.940300 -0.067699
v -1.470015 37.136353 0.079800
v -1.495036 37.141491 -0.006360
v -1.352526 37.197281 0.102046
v -1.361246 37.104042 0.090612
v -1.334716 37.085270 0.057973
v -1.350909 37.042744 -0.006370
v -1.361251 37.104046 -0.057199
v -1.425622 37.124138 -0.070210
v -1.389447 37.248619 0.039779
v -1.289016 37.106815 -0.006374
v -1.366300 37.236309 -0.046388
v -1.109378 37.363178 0.060881
v -1.184863 37.351009 -0.006373
v -1.098275 37.332214 0.091983
v -1.088446 37.266525 0.102566
v -1.086544 37.212711 0.059034
v -1.073564 37.203377 0.016704
v -1.086542 37.212711 -0.025612
v -1.088437 37.266525 -0.069150
v -1.098258 37.332214 -0.058569
v -1.053271 37.377773 -0.006374
v -0.771599 37.325119 0.084856
v -0.805387 37.362495 -0.006561
v -0.772941 37.241802 0.102540
v -0.800011 37.194912 0.059491
v -0.803671 37.184326 -0.006171
v -0.772953 37.241802 -0.069124
v -0.723210 37.310688 -0.050276
v -0.698409 37.324314 0.039413
v -0.474121 37.128979 0.060565
v -0.504439 37.177605 -0.006368
v -0.497921 37.106388 0.091870
v -0.551510 37.066566 0.102570
v -0.599124 37.041481 0.059101
v -0.607676 37.034821 -0.006212
v -0.551506 37.066555 -0.069155
v -0.497918 37.106380 -0.058456
v -0.441146 37.090965 -0.006369
v -0.320782 36.730537 0.061655
v -0.307968 36.733532 -0.006398
v -0.372355 36.716522 0.103036
v -0.455812 36.700195 0.078354
v -0.478686 36.696758 0.016708
v -0.455808 36.700191 -0.044940
v -0.372354 36.716526 -0.069621
v -0.308369 36.445957 0.076184
v -0.289370 36.445297 -0.005994
v -0.383914 36.282486 0.103127
v -0.434076 36.450321 0.082507
v -0.461054 36.451260 0.016708
v -0.434072 36.450321 -0.049093
v -0.383915 36.282478 -0.069712
v -0.338711 36.289307 -0.058545
v -0.349355 36.188427 0.081512
v -0.324438 36.180588 -0.006405
v -0.469520 36.224842 0.078299
v -0.491650 36.231052 0.016707
v -0.469518 36.224838 -0.044886
v -0.454395 35.955868 0.076187
v -0.438681 35.944912 -0.005994
v -0.584280 35.890255 0.103107
v -0.558376 36.028339 0.082506
v -0.580684 36.043903 0.016708
v -0.558368 36.028347 -0.049092
v -0.584279 35.890255 -0.069692
v -0.473167 35.968945 -0.058086
v -0.624823 35.788212 0.081452
v -0.609755 35.766697 0.016707
v -0.697303 35.891472 0.078190
v -0.709514 35.909264 -0.006092
v -0.684883 35.873817 -0.058270
v -0.624839 35.788208 -0.048040
v -0.851114 35.680931 0.076184
v -0.845699 35.662632 -0.005987
v -0.971875 35.714996 0.103057
v -0.886861 35.802006 0.082507
v -0.894533 35.827988 0.016708
v -0.886869 35.801998 -0.049093
v -0.971883 35.714993 -0.069641
v -0.951689 35.674530 -0.058636
v -1.077918 35.649208 0.081179
v -1.077552 35.623795 -0.006426
v -1.082512 35.775082 0.078066
v -1.083746 35.796227 -0.006158
v -1.081869 35.753765 -0.058140
v -1.300306 35.654408 0.059891
v -1.302584 35.644634 -0.005998
v -1.289435 35.701176 0.101114
v -1.269605 35.786480 0.082508
v -1.263459 35.812923 0.016708
v -1.269609 35.786480 -0.049092
v -1.289441 35.701176 -0.067699
v -1.504037 35.746872 0.079803
v -1.501435 35.719059 -0.006351
v -1.551399 35.843098 0.103138
v -1.444500 35.858177 0.079801
v -1.419935 35.871437 -0.006368
v -1.514810 35.872952 -0.057307
v -1.551392 35.843090 -0.069723
v -1.588468 35.816673 -0.058595
v -1.700381 35.887299 0.079802
v -1.700804 35.856995 -0.006359
v -1.618156 35.982601 0.079804
v -1.588244 35.987465 -0.006362
v -1.884684 36.084187 0.079726
v -1.896796 36.061115 0.016706
v -1.845983 36.140991 0.102701
v -1.810954 36.162441 0.092457
v -1.769620 36.160862 0.059876
v -1.755478 36.160622 -0.006334
v -1.810896 36.162373 -0.059040
v -1.845988 36.140995 -0.069286
v -1.884688 36.084198 -0.046313
v -2.154565 36.536896 0.079703
v -2.178979 36.531509 0.016708
v -2.042404 36.617104 0.060152
v -2.041062 36.636814 -0.006313
v -2.154511 36.536812 -0.046290
v -2.496500 37.009094 0.057258
v -2.503762 37.003632 0.016710
v -2.473041 37.030457 0.090764
v -2.533695 37.165588 0.103577
v -2.408522 37.093582 0.090835
v -2.385141 37.115185 0.057214
v -2.319612 37.047764 -0.006351
v -2.408509 37.093563 -0.057420
v -2.533692 37.165588 -0.070161
v -2.473053 37.030468 -0.057348
v -2.496497 37.009094 -0.023840
v -2.449537 37.185940 -0.005992
v -2.663401 37.161198 0.079693
v -2.673711 37.139507 0.016706
v -2.611932 37.277180 0.079881
v -2.591502 37.293613 0.016706
v -2.611928 37.277172 -0.046469
v -2.663419 37.161217 -0.046282
v -2.885835 37.215637 0.078308
v -2.886834 37.192665 0.016706
v -3.103180 37.298241 0.102405
v -2.872824 37.340515 0.081489
v -2.870384 37.366684 0.016709
v -2.872845 37.340519 -0.048074
v -3.010154 37.290253 -0.069592
v -2.885832 37.215637 -0.044892
v -3.112871 37.208920 0.082508
v -3.107099 37.182339 0.016708
v -3.143878 37.351463 0.039426
v -3.139822 37.332748 -0.042768
v -3.112873 37.208923 -0.049094
v -3.309653 37.126781 0.076184
v -3.304955 37.114513 -0.028877
v -3.347674 37.226055 0.100216
v -3.364235 37.269295 -0.006558
v -3.339844 37.205612 -0.070013
v -0.470559 34.787003 0.059397
v -0.454156 34.601288 -0.006333
v -0.425286 34.247917 0.016711
v -0.441761 34.803421 0.091276
v -0.361616 34.253445 0.101115
v -0.395651 34.796829 0.103088
v -0.349905 34.788124 0.091648
v -0.275219 34.260941 0.082506
v -0.320999 34.805958 0.060053
v -0.286026 34.639248 -0.006354
v -0.248434 34.263256 0.016708
v -0.275223 34.260937 -0.049093
v -0.349904 34.788116 -0.058233
v -0.395653 34.796841 -0.069673
v -0.361618 34.253441 -0.067699
v -0.441760 34.803413 -0.057861
v -0.517546 34.911381 -0.006329
v -0.354718 34.967476 -0.006357
v -0.617576 35.187847 0.059501
v -0.619903 35.169582 0.016709
v -0.593429 35.209038 0.091309
v -0.551127 35.224010 0.103078
v -0.509098 35.238087 0.091670
v -0.484721 35.259487 0.060195
v -0.484127 35.280590 0.016707
v -0.484725 35.259495 -0.026775
v -0.509102 35.238094 -0.058255
v -0.551122 35.224003 -0.069662
v -0.593429 35.209038 -0.057894
v -0.617575 35.187847 -0.026082
v -0.823918 35.411083 0.056465
v -0.798985 35.378670 -0.006310
v -0.806634 35.438065 0.090483
v -0.720902 35.456177 0.102738
v -0.695624 35.503300 0.059819
v -0.698090 35.519375 -0.006408
v -0.759739 35.517498 -0.057370
v -0.783210 35.477932 -0.070002
v -0.806635 35.438061 -0.057067
v -0.894942 35.430515 -0.006557
v -0.838233 35.573215 0.076184
v -0.831204 35.590923 -0.005999
v -1.029591 35.487186 0.078365
v -1.032429 35.464108 0.016708
v -1.127955 35.558403 0.103067
v -1.020798 35.612476 0.081635
v -1.018457 35.639065 0.016710
v -1.020786 35.612473 -0.048219
v -1.127959 35.558403 -0.069652
v -1.029588 35.487190 -0.044953
v -1.151744 35.473549 0.080242
v -1.140991 35.451923 0.016706
v -1.199931 35.572670 0.091006
v -1.214382 35.602215 0.056918
v -1.171102 35.624302 -0.006371
v -1.199925 35.572674 -0.057592
v -1.151750 35.473553 -0.046830
v -1.258791 35.580925 -0.005992
v -1.224415 35.382523 0.059350
v -1.217776 35.370472 0.016707
v -1.261634 35.384209 0.091185
v -1.303525 35.399349 0.103088
v -1.345447 35.411709 0.091809
v -1.372348 35.430683 0.060535
v -1.346679 35.491570 -0.006394
v -1.345445 35.411716 -0.058394
v -1.303526 35.399349 -0.069673
v -1.261632 35.384216 -0.057770
v -1.224411 35.382526 -0.025928
v -1.406224 35.358463 -0.006355
v -1.285129 35.193565 0.072608
v -1.267808 35.190826 -0.006113
v -1.368348 35.208248 0.103429
v -1.435493 35.220207 0.039970
v -1.408579 35.215412 -0.049094
v -1.323203 35.200203 -0.067699
v 1.359900 36.475178 0.079800
v 1.176050 36.396523 0.016708
v 1.383229 36.459988 -0.006369
v 1.405283 36.590153 0.102578
v 1.162964 36.440475 0.100217
v 1.132636 36.542355 0.076191
v 1.380370 36.638218 0.057980
v 1.313782 36.618252 -0.006363
v 1.127231 36.560509 -0.005982
v 1.405282 36.590157 -0.069162
v 1.143631 36.505417 -0.067698
v 1.436718 36.530899 -0.058654
v 1.168376 36.422302 -0.049098
v 1.499518 36.556618 0.079798
v 1.523115 36.545994 -0.006368
v 1.409333 36.677818 -0.006358
v 1.626271 36.706730 0.062021
v 1.610373 36.656265 -0.005994
v 1.594200 36.714321 0.092324
v 1.533310 36.741234 0.102526
v 1.485179 36.766323 0.059027
v 1.471255 36.762413 0.016708
v 1.485179 36.766323 -0.025607
v 1.533308 36.741234 -0.069110
v 1.594200 36.714321 -0.058909
v 1.653514 36.776245 -0.006549
v 1.636218 36.947880 0.076185
v 1.655239 36.951607 -0.005992
v 1.551430 36.931282 0.103429
v 1.482922 36.917858 0.039971
v 1.510382 36.923237 -0.049093
v 1.597494 36.940300 -0.067699
v 1.550319 37.136360 0.079802
v 1.575346 37.141491 -0.006360
v 1.450815 37.126446 0.102533
v 1.415013 37.085297 0.057976
v 1.431217 37.042744 -0.006369
v 1.450813 37.126442 -0.069117
v 1.494136 37.177624 -0.059022
v 1.446620 37.236317 0.079796
v 1.469749 37.248623 -0.006369
v 1.369327 37.106815 -0.006361
v 1.189674 37.363182 0.060880
v 1.265166 37.351009 -0.006381
v 1.178576 37.332214 0.091983
v 1.168711 37.266541 0.102565
v 1.166866 37.212708 0.059026
v 1.153902 37.203381 0.016708
v 1.166865 37.212708 -0.025606
v 1.168711 37.266537 -0.069150
v 1.178575 37.332214 -0.058568
v 1.133588 37.377785 -0.006360
v 0.820029 37.334824 0.061526
v 0.885678 37.362495 -0.006551
v 0.828580 37.303368 0.092104
v 0.853283 37.241817 0.102540
v 0.880325 37.194916 0.059491
v 0.883983 37.184326 -0.006172
v 0.853283 37.241817 -0.069124
v 0.828583 37.303368 -0.058689
v 0.778719 37.324326 -0.005989
v 0.554429 37.128975 0.060566
v 0.584751 37.177608 -0.006363
v 0.578230 37.106380 0.091871
v 0.631823 37.066570 0.102570
v 0.679436 37.041485 0.059101
v 0.687989 37.034821 -0.006213
v 0.631825 37.066570 -0.069155
v 0.578230 37.106380 -0.058455
v 0.521456 37.090965 -0.006366
v 0.401093 36.730545 0.061655
v 0.388277 36.733536 -0.006396
v 0.452662 36.716515 0.103036
v 0.536114 36.700180 0.078357
v 0.558994 36.696747 0.016708
v 0.536111 36.700180 -0.044943
v 0.452660 36.716515 -0.069621
v 0.388679 36.445953 0.076185
v 0.369679 36.445301 -0.005993
v 0.464227 36.282478 0.103127
v 0.514383 36.450325 0.082509
v 0.541365 36.451260 0.016708
v 0.514379 36.450325 -0.049095
v 0.464227 36.282478 -0.069712
v 0.419020 36.289318 -0.058545
v 0.429665 36.188423 0.081512
v 0.404746 36.180592 -0.006405
v 0.549829 36.224846 0.078301
v 0.571957 36.231071 0.016708
v 0.549826 36.224846 -0.044887
v 0.534706 35.955864 0.076187
v 0.518990 35.944908 -0.005992
v 0.664598 35.890247 0.103108
v 0.638681 36.028347 0.082505
v 0.660993 36.043903 0.016708
v 0.638680 36.028339 -0.049093
v 0.664599 35.890247 -0.069692
v 0.553475 35.968945 -0.058086
v 0.705129 35.788216 0.081452
v 0.690064 35.766697 0.016708
v 0.777616 35.891472 0.078190
v 0.789838 35.909256 -0.006084
v 0.765197 35.873814 -0.058269
v 0.705133 35.788216 -0.048038
v 0.931422 35.680935 0.076187
v 0.926006 35.662632 -0.005988
v 1.052228 35.714989 0.103057
v 0.967170 35.802006 0.082506
v 0.974842 35.827991 0.016708
v 0.967167 35.802002 -0.049093
v 1.052226 35.714989 -0.069642
v 1.031990 35.674538 -0.058639
v 1.158248 35.649212 0.081181
v 1.157863 35.623798 -0.006427
v 1.162913 35.775078 0.078066
v 1.164078 35.796230 -0.006149
v 1.162184 35.753765 -0.058140
v 1.380615 35.654408 0.059891
v 1.382888 35.644638 -0.006005
v 1.369753 35.701183 0.101115
v 1.349916 35.786484 0.082506
v 1.343769 35.812923 0.016708
v 1.349915 35.786480 -0.049093
v 1.369749 35.701180 -0.067699
v 1.584356 35.746876 0.079801
v 1.581752 35.719074 -0.006364
v 1.631709 35.843098 0.103138
v 1.524823 35.858177 0.079804
v 1.500229 35.871441 -0.006349
v 1.595112 35.872948 -0.057308
v 1.631710 35.843098 -0.069723
v 1.668775 35.816673 -0.058596
v 1.780696 35.887302 0.079802
v 1.781111 35.856995 -0.006364
v 1.698455 35.982594 0.079803
v 1.668572 35.987488 -0.006363
v 1.965002 36.084194 0.079726
v 1.971774 36.054966 -0.006348
v 1.926200 36.140873 0.102701
v 1.891232 36.162392 0.092460
v 1.849932 36.160866 0.059877
v 1.835783 36.160614 -0.006335
v 1.891245 36.162407 -0.059046
v 1.926202 36.140877 -0.069286
v 1.945617 36.091297 -0.058123
v 2.234860 36.536869 0.079704
v 2.259282 36.531498 0.016708
v 2.122727 36.617123 0.060151
v 2.121296 36.636692 -0.006310
v 2.234861 36.536880 -0.046290
v 2.576808 37.009090 0.057260
v 2.584070 37.003628 0.016708
v 2.553360 37.030464 0.090764
v 2.614023 37.165600 0.103576
v 2.488822 37.093571 0.090834
v 2.465477 37.115219 0.057211
v 2.399908 37.047749 -0.006349
v 2.488821 37.093571 -0.057418
v 2.614024 37.165604 -0.070161
v 2.553353 37.030453 -0.057348
v 2.576807 37.009090 -0.023841
v 2.529860 37.185955 -0.005996
v 2.743736 37.161213 0.079693
v 2.754047 37.139530 0.016708
v 2.692269 37.277191 0.079888
v 2.671845 37.293633 0.016708
v 2.692270 37.277187 -0.046475
v 2.743736 37.161217 -0.046280
v 2.966153 37.215633 0.078305
v 2.967173 37.192673 0.016708
v 3.183520 37.298237 0.102404
v 2.953171 37.340523 0.081489
v 2.950701 37.366680 0.016711
v 2.953164 37.340515 -0.048076
v 3.090477 37.290253 -0.069592
v 2.966156 37.215637 -0.044891
v 3.193197 37.208916 0.082507
v 3.187410 37.182339 0.016708
v 3.224185 37.351467 0.039422
v 3.220124 37.332748 -0.042772
v 3.193195 37.208920 -0.049092
v 3.389965 37.126785 0.076186
v 3.383192 37.109104 -0.005996
v 3.420156 37.205616 0.103429
v 3.444550 37.269306 0.039964
v 3.434770 37.243771 -0.049096
v 3.403755 37.162785 -0.067700
v 0.550862 34.786983 0.059397
v 0.505595 34.247917 0.016712
v 0.534464 34.601307 -0.006334
v 0.522067 34.803406 0.091276
v 0.441925 34.253448 0.101115
v 0.475960 34.796837 0.103088
v 0.430210 34.788116 0.091648
v 0.355527 34.260937 0.082506
v 0.401303 34.805950 0.060054
v 0.366329 34.639214 -0.006357
v 0.328742 34.263256 0.016708
v 0.355531 34.260937 -0.049093
v 0.430210 34.788116 -0.058232
v 0.475960 34.796841 -0.069673
v 0.441927 34.253448 -0.067699
v 0.522067 34.803406 -0.057861
v 0.597852 34.911377 -0.006332
v 0.435018 34.967445 -0.006360
v 0.697886 35.187851 0.059502
v 0.700216 35.169590 0.016707
v 0.673737 35.209038 0.091309
v 0.631443 35.224026 0.103078
v 0.589413 35.238102 0.091670
v 0.565024 35.259480 0.060197
v 0.564432 35.280590 0.016708
v 0.565024 35.259480 -0.026779
v 0.589412 35.238098 -0.058254
v 0.631443 35.224026 -0.069662
v 0.673737 35.209034 -0.057893
v 0.697885 35.187851 -0.026082
v 0.904228 35.411083 0.056464
v 0.879294 35.378670 -0.006305
v 0.886960 35.438076 0.090482
v 0.801217 35.456184 0.102738
v 0.775936 35.503300 0.059820
v 0.778390 35.519371 -0.006404
v 0.840049 35.517502 -0.057371
v 0.863519 35.477932 -0.070002
v 0.886959 35.438076 -0.057067
v 0.975241 35.430511 -0.006556
v 0.918544 35.573215 0.076186
v 0.911518 35.590923 -0.005999
v 1.109940 35.487198 0.078368
v 1.112719 35.464108 0.016709
v 1.208269 35.558403 0.103068
v 1.101072 35.612469 0.081638
v 1.098762 35.639065 0.016708
v 1.101066 35.612465 -0.048224
v 1.208269 35.558403 -0.069653
v 1.109942 35.487202 -0.044955
v 1.232050 35.473557 0.080243
v 1.221310 35.451920 0.016708
v 1.280216 35.572685 0.091009
v 1.294694 35.602215 0.056918
v 1.251408 35.624302 -0.006373
v 1.280218 35.572685 -0.057593
v 1.232050 35.473560 -0.046829
v 1.339103 35.580925 -0.005997
v 1.304722 35.382523 0.059348
v 1.298086 35.370468 0.016708
v 1.341946 35.384212 0.091186
v 1.383839 35.399342 0.103088
v 1.425754 35.411716 0.091809
v 1.452660 35.430679 0.060536
v 1.426989 35.491570 -0.006396
v 1.425754 35.411716 -0.058393
v 1.383839 35.399342 -0.069673
v 1.341946 35.384212 -0.057771
v 1.304724 35.382519 -0.025928
v 1.486531 35.358471 -0.006357
v 1.359742 35.193466 0.061343
v 1.348118 35.190826 -0.006113
v 1.403515 35.200203 0.101115
v 1.488889 35.215412 0.082508
v 1.515360 35.220131 0.016708
v 1.488886 35.215412 -0.049094
v 1.403512 35.200203 -0.067699
v 4.556813 36.693569 0.311229
v 4.512037 36.801708 0.289969
v 4.442626 36.693577 0.290180
v 4.527752 36.580925 0.291963
v 4.661239 36.644196 0.290092
v 4.642406 36.771149 0.290091
v 4.443752 36.867435 0.228564
v 4.556813 36.901833 0.224964
v 4.352610 36.741982 0.226866
v 4.364412 36.613876 0.224964
v 4.440932 36.520172 0.226885
v 4.592668 36.487988 0.228646
v 4.728644 36.571362 0.225510
v 4.765375 36.733429 0.225521
v 4.671441 36.865089 0.230103
v 4.499456 36.965748 0.128762
v 4.322449 36.838120 0.132344
v 4.288410 36.640182 0.132363
v 4.402746 36.462994 0.132509
v 4.620319 36.425636 0.132341
v 4.791183 36.549030 0.132340
v 4.825213 36.746967 0.132370
v 4.713708 36.918934 0.136482
v 4.498783 36.985348 0.016709
v 4.348559 36.901833 0.016708
v 4.284716 36.806286 0.016708
v 4.262298 36.693569 0.016708
v 4.284716 36.580864 0.016708
v 4.391544 36.446217 0.016701
v 4.556813 36.399055 0.016708
v 4.669521 36.421471 0.016708
v 4.765069 36.485317 0.016708
v 4.828911 36.580864 0.016708
v 4.851330 36.693581 0.016708
v 4.828911 36.806286 0.016708
v 4.765067 36.901833 0.016708
v 4.669521 36.965672 0.016708
v 4.502385 36.967274 -0.091151
v 4.364412 36.885971 -0.096001
v 4.284972 36.737427 -0.098931
v 4.329268 36.541542 -0.098954
v 4.452687 36.442184 -0.096001
v 4.620325 36.425636 -0.098928
v 4.786236 36.545929 -0.102903
v 4.829012 36.740620 -0.095361
v 4.713704 36.918938 -0.103069
v 4.513835 36.901516 -0.192102
v 4.383399 36.809441 -0.193463
v 4.349570 36.652351 -0.193554
v 4.440938 36.520168 -0.193468
v 4.556814 36.485317 -0.191545
v 4.672694 36.520168 -0.193465
v 4.749216 36.613876 -0.191545
v 4.765374 36.733425 -0.192103
v 4.671436 36.865097 -0.196682
v 4.512034 36.801708 -0.256548
v 4.442626 36.693581 -0.256760
v 4.527750 36.580925 -0.258543
v 4.661239 36.644196 -0.256672
v 4.642402 36.771152 -0.256672
v 4.556813 36.693569 -0.277809
v 4.688590 36.735630 0.037537
v 4.683523 38.325439 -0.005667
v 4.631465 38.325439 -0.088358
v 4.625521 36.735630 -0.095933
v 4.496615 38.325439 -0.095933
v 4.473264 36.735630 -0.078968
v 4.433426 38.325439 0.043629
v 4.438797 36.735630 0.051637
v 4.526752 38.325439 0.139602
v 4.516946 36.735630 0.136414
v 4.657366 38.325439 0.105142
v 4.617891 36.735630 0.128873
v -4.588395 36.693569 0.311229
v -4.549484 36.802334 0.290093
v -4.673985 36.771149 0.290091
v -4.692817 36.644192 0.290092
v -4.582740 36.578197 0.290092
v -4.473197 36.677322 0.291962
v -4.703018 36.865089 0.230103
v -4.588395 36.901833 0.224964
v -4.797857 36.735245 0.223766
v -4.780797 36.613876 0.224964
v -4.701458 36.519711 0.228565
v -4.588395 36.485317 0.224964
v -4.472508 36.520172 0.226885
v -4.384188 36.645176 0.226866
v -4.395992 36.773273 0.224964
v -4.473770 36.865089 0.230104
v -4.745292 36.918930 0.136480
v -4.533969 36.967274 0.124560
v -4.856796 36.746956 0.132371
v -4.839779 36.589443 0.129412
v -4.739459 36.467495 0.140282
v -4.531025 36.421394 0.128754
v -4.354025 36.549026 0.132338
v -4.319994 36.746964 0.132372
v -4.395992 36.885971 0.129412
v -4.646423 36.985348 0.016710
v -4.796649 36.901833 0.016708
v -4.860491 36.806286 0.016708
v -4.882911 36.693569 0.016708
v -4.860493 36.580864 0.016708
v -4.796649 36.485317 0.016708
v -4.701099 36.421471 0.016708
v -4.530346 36.401802 0.016708
v -4.380138 36.485317 0.016708
v -4.316294 36.580864 0.016708
v -4.293879 36.693581 0.016708
v -4.316294 36.806286 0.016708
v -4.380138 36.901833 0.016708
v -4.475686 36.965672 0.016708
v -4.642821 36.967274 -0.091140
v -4.819582 36.841751 -0.103073
v -4.855022 36.635754 -0.102907
v -4.780797 36.501171 -0.095992
v -4.646212 36.426941 -0.102904
v -4.484266 36.442184 -0.096001
v -4.358976 36.545921 -0.102899
v -4.316197 36.740620 -0.095360
v -4.431499 36.918934 -0.103065
v -4.631370 36.901516 -0.192103
v -4.761810 36.809444 -0.193462
v -4.793984 36.657711 -0.195222
v -4.707725 36.521332 -0.194100
v -4.588395 36.485317 -0.191545
v -4.472514 36.520168 -0.193466
v -4.381150 36.652355 -0.193556
v -4.414979 36.809444 -0.193462
v -4.508697 36.885971 -0.191545
v -4.673980 36.771152 -0.256672
v -4.523120 36.791275 -0.258798
v -4.692817 36.644192 -0.256672
v -4.559330 36.580925 -0.258542
v -4.477631 36.671547 -0.255929
v -4.588395 36.693569 -0.277809
v -4.461685 38.325439 -0.005660
v -4.456618 36.735630 -0.002862
v -4.513741 38.325439 -0.088357
v -4.540014 36.735630 -0.101744
v -4.648593 38.325439 -0.095933
v -4.671940 36.735630 -0.078971
v -4.711782 38.325439 0.043622
v -4.706412 36.735630 0.051629
v -4.618464 38.325439 0.139602
v -4.610450 36.735630 0.144972
v -4.487848 38.325439 0.105154
v -4.495617 36.735630 0.105844
v -0.195220 37.569199 4.639640
v -0.174262 37.634365 -4.576596
v -0.195221 37.517700 -4.576596
v -0.122930 37.704163 4.639640
v -0.087535 37.723396 -4.576596
v 0.029904 37.742805 4.639640
v 0.041257 37.741009 -4.576596
v 0.142169 37.689583 4.639640
v 0.150289 37.681458 -4.576596
v 0.201697 37.580559 4.639640
v 0.203495 37.569206 -4.576596
v 0.185778 37.457344 4.639640
v 0.180557 37.447094 -4.576596
v 0.075288 37.351330 4.639640
v 0.059445 37.346184 -4.576596
v -0.081965 37.361816 4.639640
v -0.122939 37.382751 -4.576596
v -0.172278 37.447094 4.639640
v 0.300789 37.540497 -4.533992
v 0.279653 37.649254 -4.495070
v 0.278581 37.562920 -4.421227
v 0.281333 37.444752 -4.470021
v 0.279653 37.454914 -4.611568
v 0.281525 37.599606 -4.634199
v 0.215074 37.746021 -4.486846
v 0.219665 37.655102 -4.362459
v 0.214527 37.540497 -4.325739
v 0.219665 37.425884 -4.362465
v 0.214527 37.348091 -4.454294
v 0.218127 37.336601 -4.571907
v 0.214527 37.393234 -4.681257
v 0.217086 37.503094 -4.740156
v 0.218127 37.653564 -4.707859
v 0.214527 37.732906 -4.613685
v 0.118345 37.773972 -4.386363
v 0.125884 37.808952 -4.582609
v 0.118979 37.644623 -4.282605
v 0.121907 37.476986 -4.266059
v 0.118979 37.348091 -4.341589
v 0.125881 37.272049 -4.485346
v 0.118351 37.307022 -4.681620
v 0.118979 37.436371 -4.785378
v 0.126047 37.599201 -4.802244
v 0.118979 37.732906 -4.726394
v 0.006272 37.812592 -4.421283
v 0.006272 37.835018 -4.533992
v 0.006276 37.705784 -4.286644
v 0.006272 37.540497 -4.239480
v 0.006270 37.375225 -4.286640
v 0.006272 37.268406 -4.421283
v 0.006272 37.245975 -4.533992
v 0.006272 37.268406 -4.646701
v 0.006272 37.332245 -4.742244
v 0.006269 37.482452 -4.825764
v 0.006272 37.653202 -4.806092
v 0.006272 37.748756 -4.742244
v 0.006272 37.812592 -4.646701
v -0.105797 37.773972 -4.386357
v -0.113338 37.808956 -4.582603
v -0.106435 37.644623 -4.282605
v -0.110171 37.484554 -4.264259
v -0.113350 37.316292 -4.378545
v -0.106435 37.268406 -4.533988
v -0.105803 37.307022 -4.681618
v -0.106435 37.436371 -4.785378
v -0.117302 37.593548 -4.800670
v -0.106435 37.732906 -4.726394
v -0.202527 37.746029 -4.486857
v -0.201985 37.687756 -4.386736
v -0.203902 37.581192 -4.329441
v -0.203994 37.423100 -4.358301
v -0.205583 37.336601 -4.496073
v -0.200788 37.362926 -4.652654
v -0.204538 37.503078 -4.740161
v -0.205582 37.653568 -4.707861
v -0.201982 37.732906 -4.613685
v -0.267109 37.649254 -4.495066
v -0.266037 37.562923 -4.421227
v -0.268789 37.444752 -4.470016
v -0.267108 37.454914 -4.611574
v -0.268980 37.599606 -4.634198
v -0.288244 37.540497 -4.533992
v 0.300789 37.540497 4.608772
v 0.281330 37.653439 4.631237
v 0.278579 37.562923 4.721537
v 0.281332 37.444752 4.672738
v 0.279527 37.457737 4.526014
v 0.279653 37.589886 4.504348
v 0.216430 37.747684 4.642186
v 0.218201 37.660507 4.779500
v 0.214524 37.540497 4.817024
v 0.218202 37.420486 4.779496
v 0.216429 37.333317 4.642211
v 0.216446 37.367077 4.492917
v 0.214527 37.460804 4.416360
v 0.218207 37.586075 4.405116
v 0.216453 37.713913 4.492918
v 0.122712 37.811104 4.660318
v 0.118977 37.732899 4.801170
v 0.118342 37.587532 4.880968
v 0.122713 37.385593 4.836563
v 0.125887 37.273872 4.666597
v 0.118977 37.289108 4.504646
v 0.114129 37.385460 4.376732
v 0.125883 37.589127 4.340308
v 0.126039 37.765869 4.451879
v 0.006270 37.812592 4.721481
v 0.006270 37.835018 4.608772
v 0.006270 37.748756 4.817024
v 0.006272 37.653202 4.880868
v 0.006270 37.482468 4.900545
v 0.006270 37.332245 4.817024
v 0.006270 37.268398 4.721481
v 0.006270 37.245975 4.608772
v 0.006270 37.268398 4.496063
v 0.006270 37.332245 4.400519
v 0.006270 37.427792 4.336662
v 0.006270 37.540497 4.314255
v 0.006270 37.653202 4.336662
v 0.006270 37.748756 4.400519
v 0.006270 37.812592 4.496063
v -0.113342 37.807125 4.666587
v -0.110173 37.695404 4.836563
v -0.105779 37.483131 4.880948
v -0.105799 37.307018 4.756397
v -0.113505 37.272243 4.550067
v -0.109391 37.388447 4.381240
v -0.106437 37.540497 4.336662
v -0.105800 37.688118 4.375281
v -0.106437 37.791882 4.504646
v -0.205662 37.716717 4.720567
v -0.205587 37.743385 4.565773
v -0.200788 37.582157 4.818230
v -0.204540 37.421154 4.781006
v -0.201985 37.348091 4.688461
v -0.203902 37.335945 4.568072
v -0.201985 37.393234 4.461516
v -0.207120 37.500240 4.406435
v -0.200786 37.659138 4.431182
v -0.268982 37.640701 4.667871
v -0.266232 37.522125 4.721128
v -0.267112 37.436073 4.658148
v -0.268981 37.470539 4.515820
v -0.267113 37.618076 4.523189
v -0.288247 37.540497 4.608772
v 0.069364 36.475178 1.302401
v -0.016803 36.459991 1.325752
v 0.006270 36.396523 1.118561
v 0.072071 36.422295 1.110890
v 0.092140 36.590157 1.347796
v 0.090677 36.505402 1.086149
v 0.047544 36.638226 1.322898
v 0.006269 36.566662 1.067910
v -0.016813 36.618248 1.256294
v -0.079598 36.590153 1.347793
v -0.078136 36.505398 1.086150
v -0.069089 36.530899 1.379238
v -0.059533 36.422298 1.110889
v 0.069365 36.556618 1.442021
v -0.016804 36.545994 1.465625
v -0.016803 36.677818 1.351853
v 0.051579 36.706738 1.568787
v -0.016428 36.656265 1.552886
v 0.081886 36.714321 1.536711
v 0.092088 36.741245 1.475825
v 0.048588 36.766323 1.427693
v 0.006271 36.762424 1.413774
v -0.036043 36.766331 1.427693
v -0.079546 36.741238 1.475826
v -0.069344 36.714321 1.536709
v -0.016988 36.776237 1.596027
v 0.065747 36.947880 1.578732
v -0.016437 36.951607 1.597749
v 0.092991 36.931282 1.493941
v 0.049451 36.920219 1.437506
v -0.016991 36.917858 1.425433
v -0.080449 36.931278 1.493941
v -0.068521 36.943436 1.556013
v 0.069368 37.136349 1.492826
v -0.016797 37.141495 1.517850
v 0.091609 37.197285 1.375347
v 0.080175 37.104050 1.384065
v 0.029358 37.042740 1.373730
v -0.059018 37.088196 1.375774
v -0.080645 37.124130 1.448454
v 0.029334 37.248619 1.412267
v 0.049451 37.119823 1.312661
v -0.016812 37.106815 1.311835
v -0.056824 37.236309 1.389121
v 0.050442 37.363178 1.132195
v -0.016812 37.351009 1.207680
v 0.081545 37.332214 1.121096
v 0.092128 37.266525 1.111269
v 0.048594 37.212711 1.109366
v 0.006267 37.203377 1.096383
v -0.036049 37.212711 1.109365
v -0.079585 37.266525 1.111260
v -0.069005 37.332214 1.121081
v -0.016813 37.377773 1.076092
v 0.074419 37.325119 0.794420
v -0.017001 37.362499 0.828211
v 0.092102 37.241802 0.795763
v 0.049051 37.194912 0.822830
v -0.016608 37.184322 0.826495
v -0.079560 37.241802 0.795773
v -0.060712 37.310688 0.746037
v 0.028969 37.324314 0.721227
v 0.050127 37.128975 0.496938
v -0.016798 37.177608 0.527259
v 0.081432 37.106388 0.520740
v 0.092132 37.066566 0.574333
v 0.048662 37.041481 0.621942
v -0.016648 37.034821 0.630498
v -0.079590 37.066555 0.574328
v -0.068891 37.106380 0.520738
v -0.016802 37.090965 0.463964
v 0.051218 36.730537 0.343606
v -0.016836 36.733532 0.330791
v 0.092598 36.716518 0.395173
v 0.067917 36.700207 0.478634
v 0.006272 36.696751 0.501505
v -0.055374 36.700195 0.478633
v -0.080056 36.716515 0.395171
v 0.065745 36.445957 0.331189
v -0.016432 36.445293 0.312191
v 0.092689 36.282475 0.406736
v 0.072070 36.450317 0.456895
v 0.006272 36.451260 0.483874
v -0.059528 36.450321 0.456894
v -0.080147 36.282475 0.406736
v -0.068980 36.289303 0.361534
v 0.071074 36.188431 0.372175
v -0.016841 36.180576 0.347259
v 0.067865 36.224842 0.492339
v 0.006272 36.231052 0.514470
v -0.055324 36.224838 0.492338
v 0.065746 35.955864 0.477214
v -0.016432 35.944912 0.461497
v 0.092669 35.890255 0.607103
v 0.072069 36.028339 0.581193
v 0.006272 36.043903 0.603509
v -0.059527 36.028347 0.581190
v -0.080127 35.890259 0.607098
v -0.068521 35.968945 0.495991
v 0.071014 35.788204 0.647656
v 0.006272 35.766697 0.632582
v 0.067754 35.891476 0.720121
v -0.016529 35.909267 0.732331
v -0.068705 35.873821 0.707702
v -0.058474 35.788200 0.647667
v 0.065745 35.680931 0.873932
v -0.016427 35.662632 0.868520
v 0.092619 35.714996 0.994696
v 0.072070 35.802006 0.909679
v 0.006272 35.827988 0.917356
v -0.059528 35.802002 0.909688
v -0.080077 35.714993 0.994705
v -0.069071 35.674530 0.974516
v 0.070741 35.649208 1.100739
v -0.016864 35.623795 1.100373
v 0.067628 35.775082 1.105333
v -0.016597 35.796227 1.106569
v -0.068576 35.753765 1.104689
v 0.049454 35.654408 1.323126
v -0.016435 35.644634 1.325407
v 0.090676 35.701176 1.312256
v 0.072071 35.786480 1.292430
v 0.006270 35.812923 1.286279
v -0.059527 35.786484 1.292434
v -0.078135 35.701176 1.312261
v 0.069366 35.746876 1.526864
v -0.016791 35.719059 1.524252
v 0.092700 35.843098 1.574221
v 0.069363 35.858173 1.467318
v -0.016806 35.871437 1.442756
v -0.067743 35.872955 1.537638
v -0.080158 35.843090 1.574213
v -0.069031 35.816669 1.611282
v 0.069362 35.887295 1.723205
v -0.016804 35.856995 1.723626
v 0.069366 35.982601 1.640978
v -0.016799 35.987465 1.611061
v 0.069289 36.084156 1.907481
v 0.006269 36.061119 1.919620
v 0.092263 36.140999 1.868809
v 0.082020 36.162476 1.833803
v 0.029309 36.160568 1.778257
v -0.036891 36.160866 1.792440
v -0.069474 36.162304 1.833664
v -0.079722 36.140980 1.868796
v -0.056747 36.084202 1.907517
v 0.069268 36.536850 2.177357
v 0.006272 36.531517 2.201805
v 0.049712 36.617096 2.065219
v -0.016757 36.636860 2.063913
v -0.056727 36.536835 2.177346
v 0.046818 37.009083 2.519313
v 0.006270 37.003616 2.526570
v 0.080326 37.030453 2.495863
v 0.093139 37.165592 2.556521
v 0.080397 37.093586 2.431346
v 0.046773 37.115192 2.407966
v -0.016791 37.047764 2.342433
v -0.067856 37.093571 2.431334
v -0.080597 37.165592 2.556520
v -0.067785 37.030476 2.495879
v -0.034277 37.009079 2.519308
v -0.016432 37.185940 2.472358
v 0.069260 37.161205 2.686222
v 0.006270 37.139511 2.696539
v 0.069445 37.277180 2.634760
v 0.006268 37.293613 2.614323
v -0.056905 37.277176 2.634752
v -0.056721 37.161221 2.686243
v 0.067872 37.215641 2.908656
v 0.006268 37.192665 2.909659
v 0.091967 37.298241 3.126004
v 0.071052 37.340515 2.895645
v 0.006271 37.366684 2.893206
v -0.058508 37.340519 2.895666
v -0.080030 37.290253 3.032990
v -0.055327 37.215637 2.908651
v 0.072073 37.208923 3.135691
v 0.006270 37.182331 3.129919
v 0.028985 37.351463 3.166700
v -0.053202 37.332752 3.162642
v -0.059532 37.208923 3.135697
v 0.065750 37.126785 3.332474
v -0.039312 37.114517 3.327774
v 0.092990 37.205608 3.362668
v 0.029533 37.269295 3.387058
v -0.077237 37.226055 3.370496
v 0.048960 34.786980 0.493377
v -0.016773 34.601303 0.476977
v 0.006274 34.247921 0.448110
v 0.080838 34.803406 0.464580
v 0.090677 34.253437 0.384437
v 0.092651 34.796822 0.418471
v 0.081211 34.788071 0.372718
v 0.072066 34.260937 0.298038
v 0.049617 34.805954 0.343822
v -0.016792 34.639275 0.308854
v 0.006272 34.263256 0.271256
v -0.059529 34.260937 0.298043
v -0.068668 34.788082 0.372720
v -0.080109 34.796825 0.418471
v -0.078135 34.253437 0.384439
v -0.068296 34.803402 0.464580
v -0.016773 34.911472 0.540393
v -0.016792 34.967506 0.377547
v 0.049062 35.187843 0.640398
v 0.006273 35.169582 0.642725
v 0.080872 35.209034 0.616248
v 0.092640 35.224014 0.573954
v 0.081232 35.238098 0.531926
v 0.049757 35.259499 0.507548
v 0.006272 35.280582 0.506944
v -0.037213 35.259502 0.507550
v -0.068690 35.238102 0.531928
v -0.080098 35.224010 0.573951
v -0.068329 35.209038 0.616252
v -0.036520 35.187836 0.640392
v 0.046026 35.411079 0.846740
v -0.016748 35.378662 0.821799
v 0.080045 35.438057 0.829446
v 0.092980 35.477932 0.806033
v 0.080349 35.517498 0.782565
v 0.049380 35.503300 0.718445
v -0.016844 35.519375 0.720904
v -0.079758 35.456177 0.743729
v -0.067502 35.438057 0.829449
v -0.016995 35.430515 0.917768
v 0.028983 35.590923 0.854026
v -0.053201 35.573219 0.861051
v 0.067928 35.487186 1.052408
v 0.006272 35.464108 1.055249
v 0.092630 35.558403 1.150781
v 0.071197 35.612476 1.043620
v 0.006274 35.639065 1.041276
v -0.058653 35.612476 1.043607
v -0.080088 35.558403 1.150786
v -0.055388 35.487190 1.052406
v 0.069806 35.473553 1.174565
v 0.006271 35.451920 1.163812
v 0.080570 35.572670 1.222753
v 0.046481 35.602215 1.237202
v -0.016809 35.624302 1.193922
v -0.068028 35.572674 1.222745
v -0.057266 35.473553 1.174569
v -0.016432 35.580925 1.281608
v 0.048910 35.382534 1.247228
v 0.006270 35.370472 1.240597
v 0.080747 35.384205 1.284457
v 0.092651 35.399349 1.326343
v 0.081371 35.411701 1.368270
v 0.029380 35.491581 1.369491
v -0.036776 35.478058 1.364977
v -0.068829 35.411705 1.368269
v -0.080109 35.399349 1.326344
v -0.068206 35.384209 1.284457
v -0.036367 35.382538 1.247227
v 0.045933 35.221176 1.457797
v -0.016798 35.358501 1.429036
v 0.029093 35.190945 1.290604
v -0.038365 35.193470 1.302257
v 0.090677 35.200203 1.346023
v 0.072068 35.215412 1.431408
v -0.059528 35.215412 1.431404
v -0.078135 35.200203 1.346023
v 0.029358 36.459988 -1.360407
v 0.006272 36.396523 -1.153234
v 0.091632 36.519283 -1.339152
v 0.089780 36.440475 -1.140142
v 0.080256 36.614513 -1.379707
v 0.065753 36.542355 -1.109814
v 0.047541 36.638218 -1.357550
v -0.016802 36.618252 -1.290963
v -0.016420 36.560509 -1.104409
v -0.067714 36.614513 -1.379707
v -0.078134 36.505417 -1.120809
v -0.080622 36.581127 -1.438793
v -0.056821 36.475182 -1.337082
v -0.059533 36.422302 -1.145555
v 0.069359 36.556614 -1.476694
v -0.016808 36.545998 -1.500297
v -0.016794 36.677818 -1.386512
v 0.051582 36.706726 -1.603453
v -0.016438 36.656265 -1.587554
v 0.081886 36.714317 -1.571378
v 0.092088 36.741241 -1.510495
v 0.048589 36.766327 -1.462360
v 0.006272 36.762413 -1.448433
v -0.036044 36.766327 -1.462360
v -0.079546 36.741241 -1.510494
v -0.069344 36.714321 -1.571378
v -0.017002 36.776241 -1.630686
v 0.049454 36.949650 -1.622430
v -0.016436 36.951611 -1.632413
v 0.090677 36.940304 -1.574668
v 0.072069 36.923237 -1.487560
v 0.006272 36.917946 -1.460551
v -0.059528 36.923237 -1.487561
v -0.078135 36.940304 -1.574669
v 0.069363 37.136360 -1.527502
v -0.016798 37.141491 -1.552528
v 0.092095 37.126442 -1.427996
v 0.047538 37.085293 -1.392194
v -0.016806 37.042744 -1.408396
v -0.079553 37.126442 -1.427995
v -0.069457 37.177620 -1.471322
v 0.069357 37.236320 -1.423800
v -0.016806 37.248623 -1.446931
v -0.016800 37.106815 -1.346505
v 0.073835 37.340324 -1.189492
v -0.016822 37.351006 -1.242343
v 0.092128 37.266541 -1.145891
v 0.050283 37.215145 -1.139352
v 0.006271 37.200977 -1.139073
v -0.037738 37.215141 -1.139354
v -0.079586 37.266541 -1.145892
v -0.062804 37.346573 -1.134188
v 0.027639 37.379108 -1.105713
v 0.031238 37.360477 -0.858035
v 0.092102 37.241817 -0.830457
v 0.048076 37.192257 -0.853749
v -0.016405 37.184059 -0.860785
v -0.079560 37.241817 -0.830457
v -0.060253 37.330338 -0.835858
v 0.073253 37.310699 -0.780718
v -0.016423 37.324329 -0.755898
v 0.029344 37.177612 -0.561932
v 0.081433 37.106380 -0.555405
v 0.092133 37.066570 -0.609003
v 0.048662 37.041492 -0.656626
v -0.016656 37.034832 -0.665173
v -0.079591 37.066570 -0.609004
v -0.068891 37.106380 -0.555405
v -0.037586 37.128963 -0.531603
v 0.029348 37.090965 -0.498634
v 0.051217 36.730534 -0.378273
v -0.016835 36.733532 -0.365458
v 0.092598 36.716530 -0.429844
v 0.067919 36.700176 -0.513294
v 0.006272 36.696770 -0.536177
v -0.055377 36.700176 -0.513293
v -0.080056 36.716530 -0.429843
v 0.065748 36.445953 -0.365858
v -0.016432 36.445297 -0.346859
v 0.092689 36.282490 -0.441405
v 0.072071 36.450333 -0.491562
v 0.006272 36.451260 -0.518542
v -0.059530 36.450333 -0.491560
v -0.080147 36.282490 -0.441405
v -0.068981 36.289337 -0.396196
v 0.071073 36.188435 -0.406842
v -0.016847 36.180580 -0.381932
v 0.067861 36.224838 -0.527015
v 0.006273 36.231068 -0.549138
v -0.055320 36.224838 -0.527014
v 0.028977 35.944908 -0.496169
v 0.081063 35.968945 -0.530651
v 0.092670 35.890255 -0.641766
v 0.072067 36.028347 -0.615861
v 0.006272 36.043903 -0.638168
v -0.059526 36.028339 -0.615861
v -0.080128 35.890255 -0.641766
v -0.053210 35.955872 -0.511882
v 0.071015 35.788216 -0.682315
v 0.006273 35.766697 -0.667240
v 0.081247 35.873814 -0.742373
v 0.029074 35.909256 -0.767015
v -0.055209 35.891472 -0.754792
v -0.058474 35.788212 -0.682318
v 0.065750 35.680935 -0.908606
v -0.016424 35.662632 -0.903185
v 0.092619 35.714989 -1.029406
v 0.072068 35.802006 -0.944349
v 0.006272 35.827991 -0.952019
v -0.059526 35.802006 -0.944346
v -0.080077 35.714989 -1.029404
v -0.069074 35.674538 -1.009174
v 0.070743 35.649212 -1.135431
v -0.016865 35.623798 -1.135041
v 0.067629 35.775074 -1.140089
v -0.016588 35.796230 -1.141256
v -0.068576 35.753765 -1.139365
v 0.049454 35.654408 -1.357794
v -0.016445 35.644638 -1.360065
v 0.090677 35.701183 -1.346933
v 0.072068 35.786484 -1.327092
v 0.006272 35.812923 -1.320948
v -0.059527 35.786480 -1.327090
v -0.078135 35.701180 -1.346928
v 0.069363 35.746876 -1.561532
v -0.016805 35.719074 -1.558929
v 0.093155 35.858597 -1.601538
v 0.029337 35.871441 -1.477404
v -0.056824 35.858181 -1.502007
v -0.080158 35.843098 -1.608888
v -0.069031 35.816677 -1.645959
v 0.069364 35.887299 -1.757870
v -0.016802 35.856995 -1.758290
v 0.069363 35.982597 -1.675635
v -0.016803 35.987484 -1.645746
v -0.068143 36.040127 -1.772766
v 0.069290 36.084217 -1.942195
v 0.006272 36.061096 -1.954268
v 0.092264 36.140877 -1.903381
v 0.082021 36.162331 -1.868359
v 0.049439 36.160851 -1.827099
v -0.016777 36.160595 -1.812948
v -0.079722 36.140877 -1.903380
v -0.056748 36.084221 -1.942196
v 0.069266 36.536861 -2.212035
v 0.006272 36.531494 -2.236456
v 0.029292 36.636734 -2.098501
v -0.056735 36.600136 -2.103557
v -0.056725 36.536861 -2.212034
v 0.046816 37.009094 -2.553993
v 0.006273 37.003620 -2.561243
v 0.080326 37.030468 -2.530543
v 0.093138 37.165607 -2.591208
v 0.080395 37.093567 -2.465992
v 0.046773 37.115219 -2.442656
v -0.016785 37.047729 -2.377071
v -0.067852 37.093567 -2.465991
v -0.080595 37.165600 -2.591200
v -0.067783 37.030460 -2.530536
v -0.034272 37.009094 -2.553992
v -0.016441 37.185951 -2.507036
v 0.069256 37.161209 -2.720903
v 0.006272 37.139526 -2.731218
v 0.069449 37.277187 -2.669445
v 0.006272 37.293633 -2.649024
v -0.056908 37.277187 -2.669446
v -0.056716 37.161213 -2.720904
v 0.067871 37.215637 -2.943306
v 0.006272 37.192669 -2.944327
v 0.091970 37.298237 -3.160674
v 0.071050 37.340523 -2.930350
v 0.006275 37.366680 -2.927880
v -0.058510 37.340519 -2.930342
v -0.080028 37.290257 -3.067626
v -0.055331 37.215641 -2.943309
v 0.072068 37.208912 -3.170373
v 0.006272 37.182339 -3.164592
v 0.028983 37.351467 -3.201365
v -0.053207 37.332748 -3.197303
v -0.059526 37.208916 -3.170371
v 0.065747 37.126781 -3.367146
v -0.016435 37.109104 -3.360370
v 0.089783 37.226055 -3.405164
v 0.006272 37.268890 -3.421561
v -0.059530 37.243771 -3.411950
v -0.078135 37.162785 -3.380936
v 0.048961 34.786953 -0.528032
v 0.006273 34.247917 -0.482773
v -0.016770 34.601276 -0.511638
v 0.080838 34.803379 -0.499239
v 0.090677 34.253448 -0.419105
v 0.092651 34.796867 -0.453143
v 0.081210 34.788151 -0.407397
v 0.072070 34.260937 -0.332707
v 0.049614 34.805958 -0.378484
v -0.016790 34.639252 -0.343512
v 0.006272 34.263256 -0.305924
v -0.059529 34.260937 -0.332708
v -0.068668 34.788151 -0.407396
v -0.080109 34.796867 -0.453144
v -0.078135 34.253445 -0.419106
v -0.068296 34.803379 -0.499239
v -0.016776 34.911343 -0.575019
v -0.016790 34.967468 -0.412200
v 0.049063 35.187832 -0.675052
v 0.006272 35.169571 -0.677384
v 0.080871 35.209042 -0.650919
v 0.092640 35.224033 -0.608624
v 0.081232 35.238110 -0.566598
v 0.049760 35.259491 -0.542210
v 0.006273 35.280594 -0.541615
v -0.037217 35.259487 -0.542210
v -0.068690 35.238106 -0.566597
v -0.080098 35.224033 -0.608624
v -0.068329 35.209049 -0.650922
v -0.036519 35.187832 -0.675054
v 0.046025 35.411079 -0.881400
v -0.016746 35.378666 -0.856468
v 0.080044 35.438076 -0.864142
v 0.092300 35.456181 -0.778390
v 0.029390 35.519367 -0.755565
v -0.036839 35.503304 -0.753118
v -0.067807 35.517498 -0.817218
v -0.080438 35.477936 -0.840702
v -0.067502 35.438080 -0.864142
v -0.016994 35.430508 -0.952418
v 0.065748 35.573215 -0.895722
v -0.016438 35.590923 -0.888700
v 0.067932 35.487198 -1.087113
v 0.006274 35.464108 -1.089898
v 0.092630 35.558403 -1.185447
v 0.071201 35.612469 -1.078249
v 0.006272 35.639065 -1.075940
v -0.058659 35.612465 -1.078243
v -0.080088 35.558403 -1.185447
v -0.055390 35.487198 -1.087116
v 0.069807 35.473557 -1.209227
v 0.006272 35.451920 -1.198489
v 0.080571 35.572685 -1.257396
v 0.046480 35.602215 -1.271871
v -0.016811 35.624302 -1.228589
v -0.068029 35.572685 -1.257398
v -0.057265 35.473560 -1.209226
v -0.016436 35.580925 -1.316280
v 0.048910 35.382526 -1.281901
v 0.006271 35.370472 -1.275261
v 0.080748 35.384216 -1.319123
v 0.092651 35.399349 -1.361014
v 0.081371 35.411713 -1.402933
v 0.049320 35.478046 -1.399651
v -0.016835 35.491573 -1.404163
v -0.068829 35.411713 -1.402933
v -0.080109 35.399349 -1.361014
v -0.068207 35.384216 -1.319124
v -0.036364 35.382530 -1.281896
v 0.052907 35.226006 -1.485513
v -0.016805 35.358463 -1.463710
v 0.062173 35.193596 -1.342615
v 0.006272 35.190392 -1.324228
v 0.092990 35.208248 -1.425833
v -0.016989 35.220207 -1.492983
v -0.080448 35.208248 -1.425835
v -0.049630 35.193638 -1.342606
v 0.300789 36.693569 -4.533992
v 0.279531 36.801704 -4.578771
v 0.279653 36.771149 -4.448403
v 0.279654 36.644203 -4.429564
v 0.278773 36.581219 -4.515603
v 0.279742 36.612823 -4.614727
v 0.278773 36.711952 -4.646348
v 0.214527 36.885979 -4.454294
v 0.215088 36.901512 -4.576976
v 0.216444 36.809429 -4.360571
v 0.214527 36.693569 -4.325739
v 0.215084 36.576942 -4.356558
v 0.218129 36.490688 -4.490989
v 0.215088 36.516151 -4.650641
v 0.218130 36.650581 -4.736875
v 0.216429 36.803749 -4.712606
v 0.122075 36.924149 -4.379920
v 0.121934 36.961979 -4.587364
v 0.118979 36.797695 -4.282605
v 0.121929 36.640175 -4.265590
v 0.122075 36.462994 -4.379925
v 0.125883 36.426941 -4.591796
v 0.122721 36.538673 -4.761788
v 0.122717 36.745117 -4.804598
v 0.118979 36.885979 -4.726394
v 0.006273 36.940926 -4.368711
v 0.006272 36.988091 -4.533992
v 0.006272 36.806286 -4.261896
v 0.006272 36.693569 -4.239480
v 0.006272 36.580864 -4.261896
v 0.006265 36.446213 -4.368726
v 0.006272 36.399055 -4.533992
v 0.006272 36.421471 -4.646701
v 0.006272 36.485317 -4.742253
v 0.006272 36.580864 -4.806092
v 0.006272 36.693581 -4.828508
v 0.006272 36.806286 -4.806092
v 0.006274 36.940929 -4.699274
v -0.106435 36.944954 -4.429866
v -0.109396 36.961975 -4.587366
v -0.113508 36.841747 -4.302801
v -0.109389 36.640171 -4.265592
v -0.105779 36.464069 -4.376833
v -0.117305 36.426891 -4.587034
v -0.105774 36.541687 -4.767025
v -0.109389 36.746960 -4.802396
v -0.106435 36.885979 -4.726394
v -0.203885 36.897785 -4.485603
v -0.203899 36.809437 -4.360572
v -0.203993 36.652344 -4.326751
v -0.201982 36.546307 -4.386736
v -0.202526 36.485657 -4.498898
v -0.205586 36.519714 -4.647065
v -0.205663 36.648033 -4.737653
v -0.202526 36.805584 -4.712640
v -0.201985 36.885979 -4.613685
v -0.266228 36.786018 -4.467543
v -0.267110 36.802334 -4.572912
v -0.267198 36.693577 -4.419805
v -0.266036 36.597973 -4.470118
v -0.267110 36.589146 -4.583370
v -0.267110 36.699230 -4.649364
v -0.288244 36.693569 -4.533992
v -0.083692 38.325439 -4.623795
v -0.046864 36.735630 -4.656962
v -0.119226 38.325439 -4.538243
v -0.121077 36.735630 -4.538240
v -0.052867 38.325439 -4.420951
v -0.067230 36.735630 -4.436207
v 0.103195 38.325439 -4.450435
v 0.041205 36.735630 -4.415979
v 0.116258 36.735630 -4.478539
v 0.125978 38.325439 -4.582375
v 0.129169 36.735630 -4.572556
v 0.021337 38.325439 -4.667765
v 0.066615 36.735630 -4.647603
v 0.300789 36.693569 4.611219
v 0.279529 36.801704 4.656000
v 0.279740 36.693577 4.725399
v 0.281523 36.580925 4.640285
v 0.279650 36.644180 4.506792
v 0.279653 36.771137 4.525614
v 0.215088 36.901512 4.654194
v 0.216451 36.809441 4.784627
v 0.216533 36.652351 4.818463
v 0.216447 36.520168 4.727102
v 0.214527 36.485317 4.611219
v 0.215068 36.514915 4.499217
v 0.218206 36.648022 4.407552
v 0.214527 36.773273 4.418808
v 0.219665 36.865097 4.496602
v 0.114126 36.967274 4.665645
v 0.118977 36.885971 4.803617
v 0.121910 36.737427 4.883059
v 0.125883 36.538124 4.835420
v 0.118319 36.420155 4.662366
v 0.118977 36.442184 4.507080
v 0.125883 36.545918 4.381802
v 0.118977 36.693581 4.339119
v 0.118342 36.841206 4.377743
v 0.118977 36.944954 4.507080
v 0.006274 36.985348 4.669240
v 0.006272 36.901833 4.819472
v 0.006272 36.806286 4.883316
v 0.006272 36.693569 4.905732
v 0.006272 36.580864 4.883316
v 0.006272 36.485317 4.819472
v 0.006272 36.401802 4.669257
v 0.006272 36.421471 4.498515
v 0.006272 36.485317 4.402954
v 0.006272 36.580864 4.339119
v 0.006270 36.693581 4.316703
v 0.006270 36.806286 4.339119
v 0.006270 36.901833 4.402954
v 0.006270 36.965672 4.498515
v -0.101584 36.967274 4.665646
v -0.106435 36.885971 4.803617
v -0.109396 36.746956 4.879618
v -0.106435 36.589443 4.862602
v -0.117301 36.467487 4.762273
v -0.105778 36.421394 4.553848
v -0.109361 36.549015 4.376853
v -0.109393 36.746952 4.342816
v -0.113500 36.918938 4.454315
v -0.202542 36.901516 4.654202
v -0.203903 36.809444 4.784630
v -0.203992 36.652351 4.818463
v -0.203906 36.520168 4.727094
v -0.201985 36.485317 4.611219
v -0.203906 36.520168 4.495338
v -0.205661 36.648033 4.407545
v -0.201985 36.773273 4.418808
v -0.207118 36.865101 4.496597
v -0.266986 36.801708 4.656003
v -0.267197 36.693581 4.725406
v -0.267111 36.589149 4.660598
v -0.268978 36.623604 4.518266
v -0.267111 36.771145 4.525622
v -0.288247 36.693569 4.611219
v 0.051005 36.735630 4.487870
v -0.089402 38.325439 4.519158
v -0.046472 36.735630 4.494372
v -0.115558 38.325439 4.629965
v -0.120745 36.735630 4.580674
v -0.063503 38.325439 4.712650
v -0.057554 36.735630 4.720227
v 0.029923 38.325439 4.729408
v 0.112587 38.325439 4.677364
v 0.077297 36.735630 4.712651
v 0.121938 38.325439 4.548354
v 0.136418 36.735630 4.592525
v 0.026464 38.325439 4.483322
v 0.263875 41.059597 -0.085655
v 0.421970 41.616463 -0.094380
v 0.443193 41.616344 0.097031
v 0.324074 41.616455 -0.259264
v 0.113584 41.059532 -0.216380
v 0.097838 41.616333 -0.378280
v -0.077701 41.059608 -0.201144
v -0.165329 41.616375 -0.330882
v -0.213751 41.059452 -0.059297
v -0.334181 41.616444 -0.154896
v -0.376278 41.616428 0.032050
v -0.200343 41.059628 0.142604
v -0.330078 41.616390 0.230232
v -0.058498 41.059532 0.278681
v -0.154086 41.616451 0.399092
v 0.097849 41.616379 0.442383
v 0.150557 41.059586 0.263065
v 0.324180 41.616470 0.323261
v 0.281293 41.059532 0.112767
v 0.609512 41.617123 -0.059284
v 0.502003 41.617226 -0.308803
v 0.373712 41.617134 -0.437093
v 0.124180 41.617004 -0.544604
v -0.218200 41.617092 -0.497587
v -0.436286 41.617264 -0.308803
v -0.543795 41.617161 -0.059284
v -0.496787 41.617306 0.283100
v -0.307995 41.617462 0.501197
v -0.058477 41.617306 0.608703
v 0.212056 41.617363 0.583563
v 0.373712 41.617447 0.501197
v 0.562503 41.617237 0.283100
v 0.584371 41.805351 -0.147144
v 0.612752 41.805344 0.032050
v 0.445748 41.805401 -0.380738
v 0.212056 41.805161 -0.519458
v 0.032858 41.805119 -0.547843
v -0.146340 41.805168 -0.519458
v -0.380043 41.805450 -0.380726
v -0.518655 41.805420 -0.147144
v -0.547035 41.805412 0.032050
v -0.518655 41.805500 0.211248
v -0.379908 41.805809 0.444963
v -0.146338 41.805691 0.583563
v 0.032858 41.805634 0.611943
v 0.212056 41.805679 0.583563
v 0.445611 41.805763 0.444977
v 0.584371 41.805431 0.211248
v 4.802503 38.230385 -0.085655
v 4.960595 38.788162 -0.094385
v 4.981817 38.788044 0.097032
v 4.862697 38.788147 -0.259262
v 4.652204 38.230293 -0.216376
v 4.636466 38.788033 -0.378280
v 4.460922 38.230400 -0.201147
v 4.373293 38.788078 -0.330881
v 4.324873 38.230228 -0.059297
v 4.204444 38.788139 -0.154895
v 4.162346 38.788124 0.032050
v 4.338281 38.230404 0.142603
v 4.208549 38.788086 0.230231
v 4.480133 38.230293 0.278678
v 4.384541 38.788158 0.399094
v 4.636475 38.788078 0.442382
v 4.689183 38.230362 0.263064
v 4.862798 38.788170 0.323266
v 4.819913 38.230293 0.112764
v 5.148138 38.788818 -0.059275
v 5.040627 38.788906 -0.308803
v 4.822543 38.788765 -0.497587
v 4.480163 38.788689 -0.544604
v 4.230630 38.788818 -0.437093
v 4.102339 38.788929 -0.308803
v 3.994829 38.788841 -0.059277
v 4.041842 38.788952 0.283105
v 4.230631 38.789127 0.501197
v 4.392287 38.789036 0.583563
v 4.662820 38.788975 0.608703
v 4.912337 38.789120 0.501197
v 5.101126 38.788925 0.283104
v 5.122994 38.977486 -0.147144
v 5.151377 38.977474 0.032050
v 4.984368 38.977528 -0.380742
v 4.750681 38.977280 -0.519458
v 4.571483 38.977238 -0.547843
v 4.392286 38.977287 -0.519458
v 4.158585 38.977554 -0.380729
v 4.019971 38.977516 -0.147144
v 3.991590 38.977509 0.032050
v 4.019972 38.977596 0.211248
v 4.158715 38.977909 0.444960
v 4.392287 38.977798 0.583563
v 4.571484 38.977745 0.611943
v 4.750681 38.977791 0.583563
v 4.984238 38.977886 0.444975
v 5.122994 38.977562 0.211248
v -4.317102 38.230381 -0.008183
v -4.181888 38.788174 -0.094385
v -4.160666 38.788055 0.097034
v -4.387679 38.230373 -0.151298
v -4.279787 38.788136 -0.259262
v -4.530800 38.230392 -0.221852
v -4.506020 38.788036 -0.378281
v -4.681562 38.230392 -0.201147
v -4.769187 38.788082 -0.330883
v -4.817609 38.230228 -0.059304
v -4.938041 38.788143 -0.154903
v -4.980139 38.788120 0.032050
v -4.804199 38.230400 0.142611
v -4.933931 38.788074 0.230242
v -4.662349 38.230309 0.278682
v -4.757935 38.788170 0.399099
v -4.506006 38.788067 0.442380
v -4.453302 38.230362 0.263065
v -4.279699 38.788174 0.323278
v -4.337796 38.230400 0.142590
v -3.994346 38.788879 -0.059274
v -4.101855 38.788971 -0.308803
v -4.230147 38.788834 -0.437093
v -4.479682 38.788692 -0.544604
v -4.822062 38.788746 -0.497586
v -5.040147 38.788868 -0.308803
v -5.147657 38.788788 -0.059272
v -5.100642 38.788887 0.283109
v -4.911853 38.789104 0.501197
v -4.750198 38.789028 0.583563
v -4.479666 38.788979 0.608703
v -4.230147 38.789143 0.501197
v -4.041359 38.789005 0.283106
v -4.050846 38.977669 -0.233108
v -3.991107 38.977581 0.032050
v -4.290077 38.977371 -0.482370
v -4.571000 38.977245 -0.547843
v -4.750198 38.977276 -0.519458
v -4.983880 38.977486 -0.380751
v -5.122513 38.977421 -0.147144
v -5.150896 38.977413 0.032050
v -5.122513 38.977501 0.211248
v -4.983750 38.977844 0.444981
v -4.750198 38.977787 0.583563
v -4.571000 38.977753 0.611943
v -4.391804 38.977814 0.583563
v -4.158213 38.977962 0.444942
v -4.019489 38.977669 0.211248
v 0.065248 38.788067 5.013628
v 0.091603 38.230278 4.849914
v 0.291551 38.788166 4.894506
v 0.233443 38.230400 4.713830
v 0.389352 38.788132 4.729722
v 0.254143 38.230392 4.563074
v 0.410574 38.788059 4.538322
v 0.183566 38.230339 4.419964
v 0.291474 38.788158 4.311990
v 0.040427 38.230400 4.349388
v 0.065203 38.788040 4.192955
v -0.110322 38.230404 4.370098
v -0.197943 38.788082 4.240359
v -0.246378 38.230278 4.511923
v -0.366788 38.788143 4.416313
v -0.408896 38.788120 4.603288
v -0.232948 38.230354 4.713843
v -0.362693 38.788086 4.801481
v -0.117436 38.230373 4.834321
v -0.186670 38.788139 4.970349
v 0.179436 38.789009 5.154801
v -0.091088 38.788956 5.179942
v 0.341094 38.789097 5.072440
v 0.529879 38.788956 4.854351
v 0.576894 38.788845 4.511972
v 0.469385 38.788944 4.262444
v 0.341094 38.788853 4.134154
v 0.091586 38.788734 4.026640
v -0.250798 38.788773 4.073644
v -0.468904 38.788906 4.262444
v -0.576413 38.788830 4.511962
v -0.529404 38.788918 4.854344
v -0.340613 38.789082 5.072440
v 0.179436 38.977749 5.154801
v 0.000240 38.977695 5.183181
v 0.413025 38.977886 5.016189
v 0.551751 38.977608 4.782486
v 0.580134 38.977528 4.603288
v 0.551751 38.977543 4.424103
v 0.413144 38.977600 4.190524
v 0.179436 38.977341 4.051780
v 0.000240 38.977287 4.023399
v -0.178958 38.977329 4.051780
v -0.412641 38.977551 4.190502
v -0.551273 38.977474 4.424103
v -0.579653 38.977459 4.603288
v -0.551273 38.977539 4.782486
v -0.412527 38.977837 5.016206
v -0.178956 38.977741 5.154801
v 0.000259 38.230335 -4.277963
v 0.065253 38.788078 -4.128860
v 0.183587 38.230373 -4.355870
v 0.291562 38.788174 -4.247987
v 0.254143 38.230381 -4.498992
v 0.410577 38.788059 -4.474205
v 0.231265 38.230404 -4.656888
v 0.367268 38.788147 -4.726154
v 0.080957 38.230236 -4.787601
v 0.198433 38.788074 -4.902123
v 0.000240 38.788109 -4.948327
v -0.110321 38.230385 -4.772383
v -0.197946 38.788078 -4.902125
v -0.230779 38.230373 -4.656883
v -0.366796 38.788143 -4.726140
v -0.253664 38.230404 -4.498968
v -0.410093 38.788052 -4.474193
v -0.183098 38.230339 -4.355872
v -0.330759 38.788170 -4.298702
v -0.186669 38.788162 -4.172132
v 0.179436 38.789074 -3.987680
v -0.091082 38.789024 -3.962534
v 0.341094 38.789165 -4.070050
v 0.469385 38.789055 -4.198335
v 0.576894 38.788872 -4.447865
v 0.551751 38.788879 -4.718391
v 0.469385 38.788933 -4.880046
v 0.341094 38.788795 -5.008331
v 0.091562 38.788670 -5.115847
v -0.250807 38.788734 -5.068833
v -0.468904 38.788891 -4.880046
v -0.576413 38.788818 -4.630521
v -0.529401 38.788933 -4.288131
v -0.340613 38.789150 -4.070050
v 0.179436 38.977863 -3.987680
v 0.000240 38.977806 -3.959295
v 0.413013 38.977962 -4.126287
v 0.551751 38.977631 -4.359994
v 0.580134 38.977539 -4.539193
v 0.520399 38.977612 -4.804346
v 0.281156 38.977310 -5.053615
v 0.000240 38.977196 -5.119086
v -0.178958 38.977238 -5.090701
v -0.412664 38.977489 -4.951964
v -0.551273 38.977470 -4.718382
v -0.575815 38.977501 -4.430982
v -0.412507 38.977917 -4.126262
v -0.178956 38.977852 -3.987680
v 0.038311 43.287376 -0.587348
v -0.375322 43.287380 -0.416018
v -0.502115 43.287376 -0.226244
v -0.345367 43.419403 -0.091998
v -0.546642 43.287376 -0.002391
v -0.502115 43.287376 0.221464
v -0.322886 43.417480 0.147221
v -0.375322 43.287380 0.411237
v -0.178632 43.420082 0.322311
v -0.185551 43.287380 0.538040
v 0.038312 43.287376 0.582566
v 0.038303 43.417480 0.388563
v 0.262158 43.287376 0.538040
v 0.246253 43.419399 0.332269
v 0.451933 43.287376 0.411237
v 0.578740 43.287376 0.221462
v 0.399510 43.417480 0.147221
v 0.623271 43.287380 -0.002391
v 0.421982 43.419399 -0.092032
v 0.578740 43.287376 -0.226243
v 0.451933 43.287376 -0.416018
v 0.255266 43.420082 -0.327086
v 0.262157 43.287376 -0.542821
v -0.266848 42.983768 -0.739104
v 0.038311 42.983768 -0.799804
v -0.525546 42.983768 -0.566247
v -0.698398 42.983768 -0.307547
v -0.759103 42.983768 -0.002391
v -0.698398 42.983768 0.302768
v -0.525546 42.983768 0.561466
v -0.266848 42.983768 0.734322
v 0.038312 42.983768 0.795022
v 0.343464 42.983768 0.734323
v 0.602162 42.983768 0.561466
v 0.775027 42.983768 0.302765
v 0.835727 42.983768 -0.002391
v 0.775027 42.983768 -0.307547
v 0.602162 42.983768 -0.566247
v 0.343463 42.983768 -0.739104
v -0.290961 42.632999 -0.797304
v 0.038303 42.632999 -0.862798
v -0.570089 42.632999 -0.610790
v -0.756606 42.632999 -0.331652
v -0.822105 42.632999 -0.002391
v -0.756606 42.632999 0.326874
v -0.570089 42.632999 0.606011
v -0.290961 42.632999 0.792523
v 0.038311 42.632999 0.858019
v 0.367568 42.632999 0.792523
v 0.646713 42.632999 0.606010
v 0.833229 42.632999 0.326874
v 0.898719 42.632999 -0.002391
v 0.833229 42.632999 -0.331656
v 0.646713 42.632999 -0.610792
v 0.367568 42.632999 -0.797304
v -0.266848 42.253891 -0.739104
v 0.038311 42.253891 -0.799804
v -0.525546 42.253891 -0.566247
v -0.698398 42.253891 -0.307547
v -0.759103 42.253891 -0.002391
v -0.698398 42.253891 0.302768
v -0.525546 42.253891 0.561466
v -0.266848 42.253891 0.734325
v 0.038312 42.253891 0.795025
v 0.343464 42.253891 0.734325
v 0.602162 42.253891 0.561466
v 0.775027 42.253891 0.302765
v 0.835727 42.253891 -0.002391
v 0.775027 42.253891 -0.307547
v 0.602162 42.253891 -0.566247
v 0.343463 42.253891 -0.739104
v -0.185542 41.886086 -0.542821
v 0.038302 41.886086 -0.587348
v -0.375322 41.886086 -0.416018
v -0.502115 41.886086 -0.226244
v -0.546642 41.886086 -0.002391
v -0.502115 41.886086 0.221462
v -0.375322 41.886086 0.411237
v -0.185542 41.886086 0.538040
v 0.038312 41.886086 0.582566
v 0.262158 41.886086 0.538040
v 0.451933 41.886086 0.411237
v 0.578740 41.886086 0.221462
v 0.623271 41.886086 -0.002391
v 0.578740 41.886086 -0.226243
v 0.451933 41.886086 -0.416018
v 0.262157 41.886086 -0.542821
v -0.077587 41.599857 -0.282191
v 0.038311 41.599857 -0.305245
v -0.175836 41.599857 -0.216540
v -0.241495 41.599857 -0.118286
v -0.264544 41.599857 -0.002391
v -0.241495 41.599857 0.113507
v -0.175836 41.599857 0.211758
v -0.077586 41.599857 0.277410
v 0.038303 41.599857 0.300464
v 0.154209 41.599857 0.277410
v 0.252461 41.599857 0.211759
v 0.318101 41.599857 0.113507
v 0.341159 41.599857 -0.002391
v 0.318101 41.599857 -0.118288
v 0.252461 41.599857 -0.216540
v 0.154209 41.599857 -0.282191
v 0.038307 43.514126 -0.002391
v -4.587580 40.650482 -0.002391
v -4.471679 38.736210 -0.282192
v -4.373427 38.736210 -0.216540
v -4.307786 38.736210 -0.118289
v -4.284728 38.736210 -0.002391
v -4.307786 38.736210 0.113507
v -4.373427 38.736210 0.211758
v -4.471678 38.736210 0.277410
v -4.587585 38.736210 0.300463
v -4.703474 38.736210 0.277410
v -4.801724 38.736210 0.211758
v -4.867382 38.736210 0.113507
v -4.890431 38.736210 -0.002391
v -4.867382 38.736210 -0.118287
v -4.801724 38.736210 -0.216540
v -4.587577 38.736210 -0.305246
v -4.703475 38.736210 -0.282192
v -4.363731 39.022438 -0.542821
v -4.173955 39.022438 -0.416019
v -4.047148 39.022438 -0.226244
v -4.002616 39.022438 -0.002391
v -4.047148 39.022438 0.221462
v -4.173955 39.022438 0.411237
v -4.363730 39.022438 0.538039
v -4.587576 39.022438 0.582566
v -4.811430 39.022438 0.538039
v -5.001209 39.022438 0.411236
v -5.128003 39.022438 0.221462
v -5.172530 39.022438 -0.002391
v -5.128003 39.022438 -0.226244
v -5.001209 39.022438 -0.416019
v -4.587586 39.022438 -0.587348
v -4.811430 39.022438 -0.542821
v -4.282425 39.390247 -0.739104
v -4.023726 39.390247 -0.566248
v -3.850860 39.390247 -0.307547
v -3.790160 39.390247 -0.002391
v -3.850860 39.390247 0.302765
v -4.023726 39.390247 0.561466
v -4.282424 39.390247 0.734324
v -4.587576 39.390247 0.795024
v -4.892735 39.390247 0.734324
v -5.151434 39.390247 0.561466
v -5.324286 39.390247 0.302767
v -5.384990 39.390247 -0.002391
v -5.324286 39.390247 -0.307547
v -5.151434 39.390247 -0.566248
v -4.587577 39.390247 -0.799804
v -4.892735 39.390247 -0.739104
v -4.258320 39.769356 -0.797305
v -3.979175 39.769356 -0.610792
v -3.792658 39.769356 -0.331656
v -3.727168 39.769356 -0.002391
v -3.792658 39.769356 0.326874
v -3.979175 39.769356 0.606010
v -4.258320 39.769356 0.792523
v -4.587577 39.769356 0.858018
v -4.916848 39.769356 0.792522
v -5.195976 39.769356 0.606010
v -5.382493 39.769356 0.326873
v -5.447992 39.769356 -0.002391
v -5.382493 39.769356 -0.331653
v -5.195976 39.769356 -0.610790
v -4.587584 39.769356 -0.862798
v -4.916848 39.769356 -0.797304
v -4.282425 40.120125 -0.739104
v -4.023726 40.120125 -0.566248
v -3.850860 40.120125 -0.307547
v -3.790160 40.120125 -0.002391
v -3.850860 40.120125 0.302765
v -4.023726 40.120125 0.561466
v -4.282424 40.120125 0.734322
v -4.587576 40.120125 0.795022
v -4.892735 40.120125 0.734322
v -5.151434 40.120125 0.561466
v -5.324286 40.120125 0.302767
v -5.384990 40.120125 -0.002391
v -5.324286 40.120125 -0.307547
v -5.151434 40.120125 -0.566248
v -4.587577 40.120125 -0.799804
v -4.892735 40.120125 -0.739104
v -4.363731 40.423733 -0.542821
v -4.370621 40.556431 -0.327086
v -4.173955 40.423733 -0.416019
v -4.226377 40.553833 -0.152003
v -4.047148 40.423733 -0.226244
v -4.002616 40.423733 -0.002391
v -4.203904 40.555752 0.087250
v -4.047148 40.423733 0.221462
v -4.173955 40.423733 0.411237
v -4.379635 40.555752 0.332271
v -4.363730 40.423733 0.538039
v -4.587585 40.553833 0.388562
v -4.587576 40.423733 0.582566
v -4.811439 40.423733 0.538039
v -4.804522 40.556431 0.322313
v -5.001209 40.423733 0.411236
v -4.948773 40.553833 0.147221
v -5.128003 40.423733 0.221464
v -5.172530 40.423733 -0.002391
v -4.971255 40.555752 -0.092002
v -5.128003 40.423733 -0.226244
v -5.001209 40.423733 -0.416019
v -4.587577 40.423733 -0.587348
v -4.587577 40.553833 -0.393342
v -4.804524 40.556431 -0.327091
v -4.811430 40.423733 -0.542821
v 0.002392 40.650490 -4.587581
v 0.282192 38.736217 -4.471679
v 0.216540 38.736217 -4.373427
v 0.118289 38.736217 -4.307787
v 0.002391 38.736217 -4.284729
v -0.113507 38.736217 -4.307787
v -0.211758 38.736217 -4.373427
v -0.277409 38.736217 -4.471679
v -0.300463 38.736217 -4.587586
v -0.277409 38.736217 -4.703475
v -0.211758 38.736217 -4.801726
v -0.113506 38.736217 -4.867384
v 0.002392 38.736217 -4.890433
v 0.118287 38.736217 -4.867384
v 0.216540 38.736217 -4.801726
v 0.305246 38.736217 -4.587577
v 0.282192 38.736217 -4.703475
v 0.542822 39.022446 -4.363731
v 0.416019 39.022446 -4.173956
v 0.226244 39.022446 -4.047149
v 0.002391 39.022446 -4.002617
v -0.221462 39.022446 -4.047149
v -0.411237 39.022446 -4.173956
v -0.538039 39.022446 -4.363731
v -0.582566 39.022446 -4.587577
v -0.538039 39.022446 -4.811431
v -0.411236 39.022446 -5.001211
v -0.221461 39.022446 -5.128005
v 0.002392 39.022446 -5.172531
v 0.226244 39.022446 -5.128005
v 0.416019 39.022446 -5.001211
v 0.587348 39.022446 -4.587586
v 0.542822 39.022446 -4.811431
v 0.739105 39.390255 -4.282425
v 0.566248 39.390255 -4.023726
v 0.307547 39.390255 -3.850861
v 0.002391 39.390255 -3.790161
v -0.302765 39.390255 -3.850861
v -0.561466 39.390255 -4.023726
v -0.734324 39.390255 -4.282425
v -0.795024 39.390255 -4.587577
v -0.734324 39.390255 -4.892737
v -0.561466 39.390255 -5.151436
v -0.302767 39.390255 -5.324287
v 0.002392 39.390255 -5.384992
v 0.307547 39.390255 -5.324287
v 0.566248 39.390255 -5.151436
v 0.799804 39.390255 -4.587577
v 0.739105 39.390255 -4.892737
v 0.797305 39.769360 -4.258321
v 0.610793 39.769360 -3.979175
v 0.331656 39.769360 -3.792659
v 0.002391 39.769360 -3.727169
v -0.326874 39.769360 -3.792659
v -0.606010 39.769360 -3.979175
v -0.792523 39.769360 -4.258321
v -0.858018 39.769360 -4.587577
v -0.792522 39.769360 -4.916850
v -0.606010 39.769360 -5.195978
v -0.326874 39.769360 -5.382495
v 0.002392 39.769360 -5.447993
v 0.331653 39.769360 -5.382495
v 0.610790 39.769360 -5.195978
v 0.862798 39.769360 -4.587585
v 0.797305 39.769360 -4.916850
v 0.739105 40.120132 -4.282425
v 0.566248 40.120132 -4.023726
v 0.307547 40.120132 -3.850861
v 0.002391 40.120132 -3.790161
v -0.302765 40.120132 -3.850861
v -0.561466 40.120132 -4.023726
v -0.734322 40.120132 -4.282425
v -0.795022 40.120132 -4.587577
v -0.734322 40.120132 -4.892737
v -0.561466 40.120132 -5.151436
v -0.302767 40.120132 -5.324287
v 0.002392 40.120132 -5.384992
v 0.307547 40.120132 -5.324287
v 0.566248 40.120132 -5.151436
v 0.799804 40.120132 -4.587577
v 0.739105 40.120132 -4.892737
v 0.542822 40.423737 -4.363731
v 0.327088 40.556438 -4.370622
v 0.416019 40.423737 -4.173956
v 0.226244 40.423737 -4.047149
v 0.092033 40.555759 -4.203904
v 0.002391 40.423740 -4.002617
v -0.147221 40.553841 -4.226378
v -0.221462 40.423737 -4.047149
v -0.411237 40.423737 -4.173956
v -0.332271 40.555759 -4.379634
v -0.538039 40.423737 -4.363731
v -0.582566 40.423737 -4.587577
v -0.380618 40.556438 -4.663766
v -0.538039 40.423740 -4.811440
v -0.411236 40.423740 -5.001211
v -0.218873 40.554825 -4.918753
v -0.221463 40.423737 -5.128005
v 0.002392 40.423737 -5.172531
v 0.092000 40.555759 -4.971259
v 0.226244 40.423737 -5.128005
v 0.416019 40.423740 -5.001211
v 0.587348 40.423737 -4.587577
v 0.393342 40.553841 -4.587577
v 0.327095 40.556438 -4.804524
v 0.542822 40.423737 -4.811431
v -0.542822 40.423748 4.811432
v -0.327086 40.556454 4.804526
v -0.393343 40.553852 4.587577
v -0.587349 40.423748 4.587577
v -0.416019 40.423752 5.001212
v -0.226244 40.423748 5.128006
v -0.152001 40.553852 4.948776
v -0.002392 40.423748 5.172533
v 0.087216 40.555775 4.971253
v 0.221463 40.423748 5.128006
v 0.411236 40.423752 5.001212
v 0.274054 40.553852 4.864021
v 0.538039 40.423752 4.811441
v 0.380613 40.556454 4.663766
v 0.582566 40.423748 4.587577
v 0.538039 40.423748 4.363731
v 0.332268 40.555771 4.379640
v 0.411236 40.423748 4.173956
v 0.221461 40.423748 4.047149
v 0.147220 40.553852 4.226378
v -0.002392 40.423752 4.002618
v -0.092035 40.555771 4.203909
v -0.226244 40.423748 4.047149
v -0.416019 40.423748 4.173956
v -0.327083 40.556454 4.370626
v -0.542822 40.423748 4.363731
v -0.739105 40.120144 4.892738
v -0.799805 40.120144 4.587577
v -0.566249 40.120144 5.151437
v -0.307548 40.120144 5.324289
v -0.002392 40.120144 5.384993
v 0.302767 40.120144 5.324289
v 0.561466 40.120144 5.151437
v 0.734322 40.120144 4.892738
v 0.795022 40.120144 4.587577
v 0.734322 40.120144 4.282425
v 0.561466 40.120144 4.023727
v 0.302765 40.120144 3.850862
v -0.002392 40.120144 3.790162
v -0.307548 40.120144 3.850862
v -0.566249 40.120144 4.023727
v -0.739105 40.120144 4.282425
v -0.797305 39.769375 4.916851
v -0.862799 39.769375 4.587586
v -0.610791 39.769375 5.195979
v -0.331654 39.769375 5.382496
v -0.002392 39.769375 5.447994
v 0.326873 39.769375 5.382496
v 0.606010 39.769375 5.195979
v 0.792522 39.769375 4.916851
v 0.858018 39.769375 4.587577
v 0.792522 39.769375 4.258321
v 0.606010 39.769375 3.979176
v 0.326873 39.769375 3.792659
v -0.002392 39.769375 3.727170
v -0.331657 39.769375 3.792659
v -0.610793 39.769375 3.979176
v -0.797305 39.769375 4.258321
v -0.739105 39.390266 4.892738
v -0.799805 39.390266 4.587577
v -0.566249 39.390266 5.151437
v -0.307548 39.390266 5.324289
v -0.002392 39.390266 5.384993
v 0.302767 39.390266 5.324289
v 0.561466 39.390266 5.151437
v 0.734324 39.390266 4.892738
v 0.795024 39.390266 4.587577
v 0.734324 39.390266 4.282425
v 0.561466 39.390266 4.023727
v 0.302765 39.390266 3.850862
v -0.002392 39.390266 3.790162
v -0.307548 39.390266 3.850862
v -0.566249 39.390266 4.023727
v -0.739105 39.390266 4.282425
v -0.542822 39.022457 4.811432
v -0.587349 39.022457 4.587586
v -0.416019 39.022457 5.001212
v -0.226244 39.022457 5.128006
v -0.002392 39.022457 5.172533
v 0.221461 39.022457 5.128006
v 0.411236 39.022457 5.001212
v 0.538039 39.022457 4.811432
v 0.582566 39.022457 4.587577
v 0.538039 39.022457 4.363731
v 0.411236 39.022457 4.173956
v 0.221461 39.022457 4.047149
v -0.002392 39.022457 4.002618
v -0.226244 39.022457 4.047149
v -0.416019 39.022457 4.173956
v -0.542822 39.022457 4.363731
v -0.282192 38.736229 4.703475
v -0.305246 38.736229 4.587577
v -0.216541 38.736229 4.801727
v -0.118287 38.736229 4.867385
v -0.002392 38.736229 4.890434
v 0.113506 38.736229 4.867385
v 0.211758 38.736229 4.801727
v 0.277409 38.736229 4.703475
v 0.300463 38.736229 4.587586
v 0.277409 38.736229 4.471680
v 0.211758 38.736229 4.373428
v 0.113506 38.736229 4.307788
v -0.002392 38.736229 4.284729
v -0.118289 38.736229 4.307788
v -0.216541 38.736229 4.373428
v -0.282192 38.736229 4.471680
v -0.002392 40.650501 4.587581
v 4.811431 40.423733 0.542822
v 4.804525 40.556431 0.327092
v 4.587577 40.553833 0.393343
v 4.587577 40.423733 0.587349
v 5.001210 40.423733 0.416019
v 5.128004 40.423733 0.226244
v 4.971257 40.555752 0.092001
v 5.172531 40.423733 0.002392
v 5.128004 40.423733 -0.221463
v 4.948774 40.553833 -0.147220
v 5.001210 40.423733 -0.411236
v 4.804523 40.556431 -0.322312
v 4.811440 40.423733 -0.538039
v 4.587576 40.423733 -0.582566
v 4.587585 40.553833 -0.388562
v 4.363730 40.423733 -0.538039
v 4.379636 40.555752 -0.332271
v 4.173955 40.423733 -0.411236
v 4.047148 40.423733 -0.221461
v 4.226378 40.553833 -0.147220
v 4.002617 40.423733 0.002391
v 4.203905 40.555752 0.092032
v 4.047148 40.423733 0.226244
v 4.173955 40.423733 0.416019
v 4.370621 40.556431 0.327087
v 4.363731 40.423733 0.542822
v 4.892737 40.120125 0.739105
v 4.587577 40.120125 0.799805
v 5.151435 40.120125 0.566248
v 5.324287 40.120125 0.307547
v 5.384991 40.120125 0.002392
v 5.324287 40.120125 -0.302767
v 5.151435 40.120125 -0.561465
v 4.892737 40.120125 -0.734322
v 4.587576 40.120125 -0.795022
v 4.282424 40.120125 -0.734322
v 4.023726 40.120125 -0.561466
v 3.850861 40.120125 -0.302765
v 3.790161 40.120125 0.002391
v 3.850861 40.120125 0.307547
v 4.023726 40.120125 0.566248
v 4.282425 40.120125 0.739105
v 4.916849 39.769356 0.797305
v 4.587585 39.769356 0.862799
v 5.195978 39.769356 0.610791
v 5.382494 39.769356 0.331653
v 5.447992 39.769356 0.002392
v 5.382494 39.769356 -0.326873
v 5.195978 39.769356 -0.606010
v 4.916849 39.769356 -0.792522
v 4.587577 39.769356 -0.858018
v 4.258320 39.769356 -0.792522
v 3.979175 39.769356 -0.606010
v 3.792658 39.769356 -0.326873
v 3.727169 39.769356 0.002391
v 3.792658 39.769356 0.331656
v 3.979175 39.769356 0.610793
v 4.258320 39.769356 0.797305
v 4.892737 39.390247 0.739105
v 4.587577 39.390247 0.799805
v 5.151435 39.390247 0.566248
v 5.324287 39.390247 0.307547
v 5.384991 39.390247 0.002392
v 5.324287 39.390247 -0.302767
v 5.151435 39.390247 -0.561465
v 4.892737 39.390247 -0.734324
v 4.587576 39.390247 -0.795024
v 4.282424 39.390247 -0.734324
v 4.023726 39.390247 -0.561466
v 3.850861 39.390247 -0.302765
v 3.790161 39.390247 0.002391
v 3.850861 39.390247 0.307547
v 4.023726 39.390247 0.566248
v 4.282425 39.390247 0.739105
v 4.811431 39.022438 0.542822
v 4.587586 39.022438 0.587349
v 5.001210 39.022438 0.416019
v 5.128004 39.022438 0.226244
v 5.172531 39.022438 0.002392
v 5.128004 39.022438 -0.221461
v 5.001210 39.022438 -0.411236
v 4.811431 39.022438 -0.538039
v 4.587576 39.022438 -0.582566
v 4.363730 39.022438 -0.538039
v 4.173955 39.022438 -0.411236
v 4.047148 39.022438 -0.221461
v 4.002617 39.022438 0.002391
v 4.047148 39.022438 0.226244
v 4.173955 39.022438 0.416019
v 4.363731 39.022438 0.542822
v 4.703475 38.736210 0.282192
v 4.587577 38.736210 0.305246
v 4.801725 38.736210 0.216540
v 4.867383 38.736210 0.118287
v 4.890433 38.736210 0.002392
v 4.867383 38.736210 -0.113506
v 4.801725 38.736210 -0.211757
v 4.703475 38.736210 -0.277409
v 4.587585 38.736210 -0.300463
v 4.471679 38.736210 -0.277409
v 4.373427 38.736210 -0.211758
v 4.307787 38.736210 -0.113506
v 4.284729 38.736210 0.002391
v 4.307787 38.736210 0.118289
v 4.373427 38.736210 0.216541
v 4.471679 38.736210 0.282192
v 4.587580 40.650482 0.002392
v 0.038311 43.417480 -0.393342
v -0.178632 43.420082 -0.327090
v -0.185542 43.287376 -0.542821
vn -0.0000 1.0000 -0.0000
vn -0.0001 1.0000 -0.0000
vn -0.0000 1.0000 0.0001
vn -0.0000 1.0000 -0.0001
vn -0.9886 -0.0062 -0.1506
vn -0.8881 0.0062 -0.4596
vn -0.7990 -0.0043 -0.6013
vn 0.5760 -0.0046 0.8174
vn 0.4687 0.0044 0.8833
vn 0.1059 -0.0054 0.9944
vn 0.9916 -0.0081 -0.1293
vn 0.9900 0.0060 0.1408
vn 0.8926 -0.0061 0.4508
vn -0.1966 0.9805 0.0028
vn -0.1842 0.9824 -0.0314
vn -0.1749 0.9805 -0.0892
vn -0.0885 0.9808 0.1740
vn -0.0357 0.9828 0.1810
vn -0.1339 0.9816 0.1358
vn 0.0035 0.9803 0.1974
vn 0.1606 0.9805 0.1133
vn 0.1306 0.9824 0.1337
vn 0.0913 0.9807 0.1727
vn -0.8001 -0.0016 -0.5998
vn -0.7027 -0.1854 -0.6869
vn -0.4083 -0.0015 -0.9129
vn -0.9554 -0.0008 0.2954
vn -0.9652 -0.1848 0.1848
vn -0.9851 -0.0016 -0.1720
vn 0.6962 -0.0021 0.7178
vn 0.4641 -0.1759 0.8682
vn 0.2928 0.0005 0.9562
vn 0.9466 -0.0005 0.3225
vn 0.8893 -0.1802 0.4203
vn 0.6813 -0.1940 -0.7058
vn 0.5629 -0.1732 -0.8082
vn 0.8248 -0.1561 -0.5434
vn -0.3139 -0.1814 -0.9319
vn -0.1415 -0.1526 -0.9781
vn 0.1772 -0.1834 -0.9669
vn -0.9742 -0.1556 -0.1632
vn -0.9339 -0.1826 -0.3073
vn 0.6789 0.2687 -0.6833
vn -0.8227 -0.1520 -0.5477
vn -0.6881 0.2836 -0.6679
vn -0.5463 -0.1546 -0.8232
vn -0.7075 -0.1501 0.6906
vn -0.8572 0.2781 0.4335
vn -0.9410 -0.1607 0.2978
vn -0.3189 -0.1593 0.9343
vn -0.4247 0.2744 0.8627
vn 0.4538 -0.1668 0.8753
vn 0.1429 0.2590 0.9552
vn 0.0082 -0.1551 0.9879
vn 0.3257 0.7180 -0.6152
vn 0.6186 0.7148 -0.3261
vn 0.5876 0.2536 0.7684
vn 0.3142 0.7167 0.6226
vn 0.9494 0.2673 -0.1647
vn 0.6994 0.7094 0.0869
vn 0.8974 0.3160 0.3079
vn -0.1178 0.7080 -0.6963
vn 0.1560 0.8994 -0.4084
vn -0.1873 0.9028 -0.3870
vn -0.6159 0.7611 -0.2038
vn -0.4109 0.9022 -0.1311
vn -0.4902 0.7134 -0.5007
vn -0.2129 0.8910 0.4010
vn -0.0755 0.9043 0.4201
vn -0.3613 0.9041 0.2282
vn -0.0094 0.7118 0.7023
vn 0.5611 0.7187 0.4107
vn 0.2366 0.9031 0.3585
vn 0.8930 -0.0049 -0.4500
vn 0.9828 0.0041 -0.1846
vn 0.9767 -0.0048 0.2147
vn 0.6846 -0.0052 -0.7289
vn 0.6869 0.0047 -0.7268
vn -0.9921 -0.0070 0.1256
vn -0.9984 0.0037 -0.0572
vn -0.9930 -0.0065 0.1176
vn -0.1901 -0.0057 0.9817
vn -0.4223 0.0057 0.9064
vn -0.5388 -0.0048 0.8424
vn 0.1771 -0.0058 0.9842
vn -0.0566 0.0049 0.9984
vn 0.8931 0.0049 0.4499
vn 0.8408 -0.0049 0.5413
vn 0.0003 -0.0002 1.0000
vn -0.1535 0.3720 0.9155
vn -0.4029 0.0737 0.9123
vn -0.2182 -0.3286 0.9189
vn 0.2111 -0.3390 0.9168
vn 0.4014 0.0210 0.9156
vn 0.2170 0.3366 0.9163
vn -0.4107 0.5910 0.6943
vn 0.1356 0.7069 0.6942
vn -0.6042 -0.4010 0.6886
vn -0.1529 -0.6897 0.7077
vn 0.6109 -0.3717 0.6990
vn 0.2575 -0.6767 0.6898
vn 0.6942 0.1231 0.7092
vn 0.5325 0.4881 0.6915
vn 0.8543 -0.3494 0.3849
vn 0.4946 -0.7781 0.3873
vn -0.0097 0.9214 0.3884
vn 0.5507 0.7440 0.3785
vn -0.5505 0.7397 0.3870
vn -0.3610 0.9326 -0.0009
vn -0.7380 0.6747 -0.0089
vn -0.9994 -0.0347 0.0092
vn -0.8977 0.1614 0.4101
vn -0.9055 0.4243 0.0067
vn -0.6996 -0.7144 0.0102
vn -0.7500 -0.5334 0.3911
vn -0.9324 -0.3608 0.0184
vn 0.0225 -0.9997 0.0100
vn -0.1697 -0.8987 0.4044
vn -0.3917 -0.9199 0.0198
vn 0.3530 -0.9355 0.0154
vn 0.7220 -0.6919 -0.0000
vn 0.8979 0.1795 0.4019
vn 0.9997 -0.0250 -0.0008
vn 0.9052 0.4251 0.0022
vn 0.3589 0.9334 -0.0000
vn 0.7394 0.6733 -0.0000
vn -0.5198 0.5014 -0.6917
vn -0.5288 0.7548 -0.3880
vn -0.1381 0.7013 -0.6994
vn 0.5144 -0.4976 -0.6984
vn 0.5120 -0.7662 -0.3884
vn 0.1060 -0.7004 -0.7059
vn 0.6129 0.3866 -0.6891
vn 0.9000 0.1896 -0.3926
vn 0.6910 -0.1358 -0.7100
vn 0.5451 0.7496 -0.3754
vn 0.2567 0.6687 -0.6978
vn -0.0015 -0.0003 -1.0000
vn -0.3770 0.1268 -0.9175
vn -0.0806 0.3948 -0.9152
vn -0.2647 -0.2986 -0.9170
vn 0.1603 -0.3644 -0.9174
vn 0.4009 -0.0620 -0.9140
vn 0.2773 0.2801 -0.9191
vn 0.0004 -0.0010 1.0000
vn -0.0759 0.3870 0.9189
vn -0.3987 0.0801 0.9136
vn -0.2059 -0.3285 0.9218
vn 0.3097 -0.2413 0.9197
vn 0.3292 0.2223 0.9177
vn -0.4013 0.5899 0.7007
vn 0.1321 0.6933 0.7084
vn -0.2665 -0.6698 0.6930
vn -0.6170 -0.3702 0.6944
vn 0.1398 -0.6841 0.7159
vn 0.6050 -0.4045 0.6859
vn 0.6922 0.1286 0.7102
vn 0.5103 0.5044 0.6966
vn -0.6969 0.1467 0.7020
vn -0.8551 0.3499 0.3825
vn -0.8931 -0.2239 0.3902
vn -0.5256 -0.7574 0.3874
vn -0.0030 -0.9254 0.3789
vn 0.5243 -0.7552 0.3934
vn 0.9004 -0.2068 0.3829
vn 0.8519 0.3614 0.3790
vn -0.0138 0.9215 0.3880
vn 0.5002 0.7789 0.3784
vn -0.5147 0.7699 0.3774
vn -0.3789 0.9254 -0.0070
vn -0.8295 0.5583 -0.0132
vn -0.9155 -0.4023 0.0062
vn -0.9997 0.0245 -0.0024
vn -0.3607 -0.9326 0.0077
vn -0.7299 -0.6834 0.0147
vn 0.3630 -0.9318 -0.0000
vn 0.7356 -0.6774 0.0014
vn 0.9050 -0.4254 -0.0004
vn 0.9989 0.0388 -0.0264
vn 0.3902 0.9203 -0.0266
vn 0.6979 0.7161 -0.0072
vn -0.8987 0.2241 -0.3769
vn -0.4945 0.7862 -0.3707
vn -0.2417 0.6645 -0.7071
vn -0.6029 0.4090 -0.6850
vn -0.7060 -0.0204 -0.7079
vn -0.2607 -0.6647 -0.7001
vn -0.4990 -0.7789 -0.3798
vn -0.5927 -0.3828 -0.7087
vn 0.5204 -0.5027 -0.6902
vn 0.5271 -0.7556 -0.3889
vn 0.1295 -0.6977 -0.7045
vn -0.0016 0.0024 -1.0000
vn -0.3120 0.2188 -0.9245
vn 0.2292 0.3159 -0.9207
vn -0.2771 -0.2790 -0.9194
vn 0.0907 -0.3908 -0.9160
vn 0.3729 -0.1311 -0.9186
vn -0.4304 -0.6586 -0.6173
vn -0.2391 -0.8666 -0.4380
vn -0.2955 -0.7269 -0.6199
vn 0.7164 0.6906 0.0992
vn 0.5624 0.8143 0.1434
vn 0.3341 0.9410 0.0537
vn -0.5162 -0.5149 -0.6844
vn 0.8111 0.5837 0.0365
vn 0.7653 0.6134 -0.1951
vn -0.7213 -0.0910 -0.6867
vn -0.7011 -0.2803 -0.6556
vn -0.6482 -0.4064 -0.6440
vn -0.3222 0.0553 0.9450
vn -0.8370 -0.3185 0.4450
vn -0.4279 -0.1780 0.8861
vn 0.6932 -0.1184 0.7109
vn 0.7278 0.1707 0.6642
vn 0.9503 0.0249 0.3104
vn 0.2547 -0.0160 -0.9669
vn 0.1915 0.0529 -0.9801
vn 0.1660 -0.0252 -0.9858
vn 0.0673 -0.1025 0.9925
vn 0.6404 -0.1249 0.7578
vn 0.3799 -0.3052 0.8733
vn 0.7197 -0.6828 0.1257
vn 0.8717 -0.4405 -0.2146
vn 0.8356 -0.4706 -0.2834
vn 0.8328 -0.4248 -0.3548
vn -0.3647 0.6007 0.7115
vn -0.4246 0.5587 0.7124
vn -0.3633 0.6005 0.7123
vn 0.5175 -0.8086 -0.2799
vn -0.5459 0.4401 -0.7130
vn -0.5760 0.3728 -0.7275
vn -0.5986 0.3433 -0.7238
vn -0.3393 0.9157 0.2152
vn -0.3819 0.8843 0.2687
vn -0.1660 0.8779 0.4492
vn -0.0062 0.1581 0.9874
vn -0.0051 0.1403 0.9901
vn 0.1127 -0.2598 -0.9590
vn 0.1340 -0.1992 -0.9708
vn 0.1541 -0.1524 -0.9762
vn -0.4778 0.8425 -0.2487
vn -0.5445 0.7974 -0.2602
vn -0.5578 0.7874 -0.2623
vn -0.0167 0.7604 -0.6493
vn -0.1244 0.7617 -0.6358
vn -0.2467 0.7062 -0.6636
vn -0.0588 -0.9897 0.1302
vn 0.1314 -0.9912 0.0131
vn -0.0851 -0.9782 -0.1897
vn 0.2005 0.9306 0.3064
vn 0.0985 0.9333 0.3452
vn 0.1349 0.9295 0.3434
vn 0.4840 0.8202 -0.3049
vn 0.4186 0.8735 -0.2485
vn 0.4927 0.8298 -0.2623
vn 0.6827 0.7025 0.2011
vn 0.4618 0.5949 0.6579
vn 0.7155 0.5281 0.4573
vn 0.5371 0.5700 -0.6218
vn 0.6827 0.3209 -0.6564
vn 0.6296 0.4244 -0.6508
vn -0.2535 -0.0591 0.9655
vn -0.1627 -0.1022 0.9814
vn -0.2891 -0.0763 0.9543
vn -0.6413 -0.1513 -0.7522
vn -0.5787 -0.4171 -0.7008
vn -0.1944 -0.1170 -0.9739
vn -0.2535 -0.0591 -0.9655
vn 0.1158 0.1094 -0.9872
vn 0.3835 -0.0072 0.9235
vn 0.5996 0.1432 0.7874
vn 0.5789 0.1277 0.8053
vn 0.2438 -0.0667 -0.9675
vn 0.6644 0.1355 -0.7350
vn 0.5978 -0.0957 -0.7959
vn -0.3250 0.0615 0.9437
vn -0.3382 0.0105 0.9410
vn -0.3704 0.1557 0.9157
vn 0.6870 -0.2491 -0.6826
vn 0.7054 0.0178 -0.7086
vn -0.2321 0.2341 0.9441
vn -0.3743 0.2046 0.9045
vn -0.1949 0.3838 0.9026
vn -0.4635 0.6607 -0.5904
vn -0.7550 0.5351 -0.3789
vn -0.7428 0.5282 -0.4114
vn 0.3866 -0.5803 -0.7168
vn 0.2562 -0.2737 -0.9271
vn 0.4525 -0.2932 -0.8422
vn 0.6531 -0.4528 -0.6070
vn -0.2638 0.8862 -0.3808
vn -0.2175 0.6542 -0.7244
vn 0.1123 -0.5852 -0.8031
vn 0.2560 -0.7369 -0.6256
vn -0.0694 0.3139 0.9469
vn -0.1524 0.3682 0.9172
vn -0.0219 0.3204 0.9470
vn -0.0293 0.8118 -0.5833
vn -0.0124 -0.7141 -0.6999
vn -0.1368 -0.5871 0.7978
vn 0.0102 -0.3754 0.9268
vn 0.0794 -0.3844 0.9197
vn 0.2078 0.9007 -0.3814
vn 0.2064 0.8804 -0.4271
vn -0.1791 -0.3435 0.9219
vn -0.2226 -0.3138 0.9230
vn 0.3314 0.7600 -0.5591
vn 0.1876 0.2607 0.9470
vn 0.1551 0.2685 0.9507
vn 0.5028 0.5480 0.6685
vn -0.5223 -0.5695 -0.6347
vn -0.3406 -0.4844 -0.8058
vn -0.2992 -0.6519 -0.6967
vn 0.3839 0.2707 0.8828
vn 0.7095 0.5459 0.4458
vn -0.7491 -0.5477 -0.3726
vn 0.4524 0.2917 0.8427
vn -0.6486 -0.4239 -0.6322
vn -0.2747 -0.1970 -0.9411
vn -0.2623 -0.2028 -0.9434
vn -0.6430 -0.6002 0.4757
vn -0.6486 -0.4239 0.6322
vn -0.4166 -0.3542 0.8372
vn 0.6679 0.6247 0.4045
vn 0.7906 0.5798 0.1969
vn 0.6140 0.7525 0.2384
vn -0.4210 -0.8236 0.3800
vn 0.2959 0.6509 0.6992
vn 0.2546 0.3427 0.9043
vn 0.3826 0.3345 0.8612
vn 0.3972 0.8486 -0.3493
vn 0.5181 0.6052 -0.6044
vn 0.2755 0.6520 -0.7064
vn -0.1853 -0.2273 -0.9560
vn -0.4166 -0.3542 -0.8372
vn -0.1452 -0.4598 -0.8761
vn -0.1294 0.7146 0.6875
vn 0.0907 0.9087 0.4074
vn -0.1826 0.7522 0.6331
vn 0.0790 -0.3406 -0.9369
vn 0.0175 -0.3176 -0.9481
vn -0.1007 -0.4599 -0.8822
vn -0.3553 0.8065 0.4726
vn -0.2923 0.6165 -0.7311
vn -0.1062 0.3923 -0.9137
vn -0.2544 0.5680 -0.7827
vn -0.9952 -0.0955 0.0215
vn -0.9965 -0.0824 -0.0158
vn -0.9492 -0.2069 0.2372
vn -0.2557 -0.0653 0.9645
vn 0.1885 0.0111 0.9820
vn 0.0220 0.0112 0.9997
vn 0.4946 0.1014 0.8632
vn 0.9169 0.1113 0.3832
vn 0.8895 0.2033 0.4093
vn 0.7747 0.1033 -0.6238
vn 0.9231 0.0691 -0.3782
vn 0.9095 0.0722 -0.4094
vn 0.9627 0.1074 0.2485
vn 0.9117 0.3151 0.2638
vn -0.9087 -0.3157 -0.2732
vn -0.7160 -0.1599 -0.6795
vn -0.7813 -0.1087 -0.6146
vn 0.5205 0.5795 -0.6271
vn 0.8318 0.5550 0.0039
vn 0.7458 0.4450 -0.4958
vn -0.6376 -0.7196 -0.2751
vn -0.7188 -0.4531 -0.5272
vn -0.8732 -0.4871 0.0142
vn -0.2522 -0.8120 -0.5264
vn -0.4112 -0.6652 -0.6233
vn -0.1197 -0.4794 0.8694
vn -0.3802 -0.6189 0.6873
vn -0.2197 -0.4210 0.8801
vn 0.0794 0.9215 -0.3802
vn 0.2587 0.7402 -0.6206
vn 0.0657 0.6836 -0.7269
vn -0.0852 -0.9254 -0.3693
vn -0.0760 -0.9327 -0.3526
vn -0.0514 0.3574 0.9325
vn 0.0517 0.6871 0.7248
vn -0.2637 0.4670 0.8440
vn -0.4055 0.8121 0.4196
vn -0.1891 0.7790 -0.5978
vn 0.3717 -0.4247 -0.8255
vn 0.0839 -0.3263 -0.9415
vn -0.0739 -0.4054 -0.9111
vn -0.2097 0.9547 0.2112
vn -0.6284 0.7548 0.1882
vn 0.4105 -0.2077 -0.8879
vn 0.7157 -0.4712 -0.5155
vn -0.9273 0.2761 -0.2527
vn -0.7970 0.4104 0.4431
vn -0.7636 0.5991 0.2409
vn 0.6997 -0.2051 -0.6843
vn -0.6233 0.1143 0.7736
vn -0.2118 0.1404 0.9672
vn -0.4714 0.2324 0.8508
vn -0.9733 0.1470 -0.1761
vn -0.9100 0.1324 -0.3929
vn 0.2294 -0.8762 0.4239
vn 0.3723 -0.8801 0.2948
vn 0.2003 -0.8537 0.4807
vn -0.0684 0.1187 0.9906
vn -0.0670 0.0928 0.9934
vn 0.1431 -0.2464 0.9586
vn -0.3620 0.5219 0.7724
vn -0.1380 0.2592 0.9559
vn 0.2391 -0.8666 -0.4380
vn 0.4304 -0.6585 -0.6173
vn 0.2955 -0.7269 -0.6199
vn 0.1578 -0.1829 0.9704
vn 0.5162 -0.5149 -0.6844
vn 0.4279 -0.1780 0.8861
vn 0.6252 -0.7204 0.3003
vn 0.8370 -0.3185 0.4450
vn -0.7164 0.6906 0.0992
vn -0.8111 0.5837 0.0365
vn -0.7653 0.6134 -0.1951
vn -0.1915 0.0529 -0.9801
vn -0.2550 -0.0328 -0.9664
vn -0.1339 -0.0252 -0.9907
vn -0.8717 -0.4405 -0.2146
vn -0.7197 -0.6828 0.1258
vn -0.8300 -0.4572 -0.3195
vn -0.5165 -0.5013 -0.6942
vn -0.8267 -0.4098 -0.3854
vn 0.0939 0.1166 -0.9887
vn 0.0691 0.0887 -0.9937
vn -0.5018 -0.7959 -0.3388
vn 0.2606 0.6361 0.7263
vn 0.1601 0.8810 0.4451
vn 0.0890 0.6887 0.7196
vn -0.2254 -0.7205 -0.6558
vn -0.1315 -0.9912 0.0131
vn -0.3220 0.8283 0.4585
vn -0.1378 0.9581 0.2511
vn -0.5110 0.8401 0.1820
vn -0.1102 0.7190 -0.6862
vn -0.2861 0.6996 -0.6547
vn -0.3946 0.6624 -0.6368
vn 0.1627 -0.1022 0.9814
vn 0.2535 -0.0591 0.9655
vn 0.2890 -0.0763 0.9543
vn 0.6413 -0.1513 -0.7522
vn 0.5787 -0.4171 -0.7008
vn 0.9121 -0.2129 -0.3504
vn 0.2535 -0.0591 -0.9655
vn 0.1933 -0.1224 -0.9735
vn -0.3790 -0.0648 0.9231
vn -0.5789 0.1277 0.8053
vn -0.3835 -0.0072 0.9235
vn -0.6644 0.1355 -0.7350
vn -0.2439 -0.0667 -0.9675
vn -0.5978 -0.0957 -0.7959
vn 0.3381 0.0105 0.9410
vn 0.3250 0.0615 0.9437
vn 0.3704 0.1556 0.9158
vn 0.3250 0.0615 -0.9437
vn 0.3381 0.0105 -0.9410
vn 0.3704 0.1556 -0.9158
vn 0.3743 0.2046 0.9045
vn 0.2321 0.2341 0.9441
vn 0.1949 0.3837 0.9027
vn 0.2881 0.4694 -0.8347
vn 0.7428 0.5282 -0.4115
vn 0.4635 0.6608 -0.5904
vn 0.1775 0.1992 -0.9638
vn 0.3702 0.2040 -0.9063
vn -0.5306 -0.7597 -0.3760
vn -0.6531 -0.4528 -0.6070
vn -0.3866 -0.5803 -0.7168
vn 0.2637 0.8862 -0.3808
vn 0.2176 0.6542 -0.7244
vn -0.1123 -0.5851 -0.8031
vn -0.2560 -0.7369 -0.6256
vn 0.1524 0.3682 0.9172
vn 0.0694 0.3139 0.9469
vn 0.0219 0.3204 0.9470
vn 0.0284 0.7737 -0.6330
vn 0.0293 0.8118 -0.5832
vn -0.0107 -0.0187 -0.9998
vn 0.0154 0.2386 -0.9710
vn 0.1368 -0.5871 0.7979
vn -0.0102 -0.3754 0.9268
vn 0.1478 -0.6344 0.7588
vn -0.2079 0.9007 -0.3814
vn -0.2064 0.8804 -0.4271
vn 0.1791 -0.3435 0.9219
vn 0.2226 -0.3138 0.9230
vn -0.4120 0.6296 -0.6587
vn -0.3314 0.7600 -0.5591
vn 0.3413 -0.4846 -0.8054
vn 0.0771 -0.3346 -0.9392
vn 0.0034 -0.0223 -0.9997
vn -0.1551 0.2685 0.9507
vn -0.1876 0.2608 0.9470
vn -0.5028 0.5481 0.6685
vn -0.5709 0.6068 -0.5530
vn -0.3839 0.2708 0.8828
vn -0.7094 0.5458 0.4458
vn -0.4524 0.2918 0.8427
vn -0.4120 0.3081 -0.8575
vn -0.6049 0.5004 -0.6195
vn -0.5447 0.3505 -0.7619
vn 0.7880 -0.5094 -0.3457
vn 0.6084 -0.4823 -0.6303
vn 0.6489 -0.4212 -0.6337
vn 0.6486 -0.4239 0.6322
vn 0.6430 -0.6002 0.4757
vn 0.4167 -0.3542 0.8372
vn 0.6430 -0.6002 -0.4757
vn 0.4167 -0.3543 -0.8372
vn -0.7906 0.5798 0.1969
vn -0.6679 0.6248 0.4045
vn -0.6139 0.7525 0.2384
vn -0.4200 0.3727 -0.8274
vn -0.6071 0.4421 -0.6603
vn -0.5181 0.6052 -0.6044
vn 0.1861 -0.2297 0.9553
vn 0.1443 -0.4710 0.8702
vn -0.3972 0.8487 -0.3493
vn -0.2755 0.6520 -0.7064
vn 0.1853 -0.2273 -0.9560
vn 0.1452 -0.4598 -0.8761
vn -0.0906 0.9088 0.4073
vn 0.1511 0.7047 0.6932
vn 0.1754 0.7100 0.6820
vn 0.0315 0.3910 -0.9198
vn -0.0514 0.2726 -0.9607
vn 0.0942 0.2834 -0.9544
vn -0.1795 -0.6814 -0.7096
vn -0.2102 -0.6733 -0.7089
vn -0.2458 -0.7387 -0.6276
vn 0.9965 -0.0824 -0.0157
vn 0.9952 -0.0955 0.0215
vn 0.9492 -0.2069 0.2372
vn -0.1885 0.0111 0.9820
vn 0.2557 -0.0653 0.9645
vn -0.0220 0.0112 0.9997
vn -0.9169 0.1113 0.3832
vn -0.4946 0.1014 0.8632
vn -0.8895 0.2033 0.4093
vn -0.5740 0.1168 -0.8104
vn -0.9095 0.0722 -0.4094
vn -0.7747 0.1033 -0.6238
vn 0.2557 -0.0653 -0.9645
vn -0.1884 0.0111 -0.9820
vn -0.0220 0.0112 -0.9997
vn -0.9627 0.1074 0.2485
vn -0.9117 0.3151 0.2637
vn -0.6704 0.2242 -0.7074
vn -0.7458 0.4449 -0.4958
vn -0.8318 0.5550 0.0039
vn 0.8732 -0.4871 0.0142
vn 0.9087 -0.3157 -0.2732
vn 0.7189 -0.4531 -0.5272
vn -0.4235 0.6744 -0.6049
vn -0.5206 0.5795 -0.6270
vn -0.2587 0.7403 -0.6205
vn -0.0794 0.9215 -0.3803
vn -0.0658 0.6835 -0.7269
vn 0.2521 -0.8119 -0.5265
vn 0.0851 -0.9254 -0.3693
vn 0.0761 -0.9326 -0.3527
vn -0.0518 0.6870 0.7248
vn 0.0514 0.3573 0.9326
vn 0.2636 0.4671 0.8440
vn 0.4055 0.8121 0.4196
vn 0.2716 0.5014 -0.8214
vn 0.1891 0.7791 -0.5977
vn 0.0547 0.3588 -0.9318
vn 0.2097 0.9547 0.2112
vn 0.6284 0.7548 0.1882
vn 0.4816 0.5938 -0.6445
vn -0.4063 -0.1959 0.8925
vn -0.3717 -0.4247 0.8255
vn -0.7216 -0.4697 0.5085
vn -0.3717 -0.4247 -0.8255
vn -0.4105 -0.2077 -0.8879
vn -0.7157 -0.4712 -0.5155
vn -0.6452 -0.1765 0.7434
vn -0.6997 -0.2051 -0.6843
vn 0.7766 0.2260 -0.5880
vn 0.9169 0.1280 -0.3781
vn 0.8783 0.1500 -0.4539
vn 0.1677 -0.9858 0.0024
vn 0.1390 -0.9902 0.0148
vn 0.1631 -0.9866 0.0020
vn 0.0011 0.0014 1.0000
vn -0.1529 0.3675 0.9173
vn -0.3949 -0.0052 0.9187
vn -0.0997 -0.3800 0.9196
vn 0.3583 -0.1833 0.9154
vn 0.2909 0.2723 0.9172
vn -0.4162 0.5897 0.6921
vn 0.0341 0.7199 0.6932
vn -0.6522 -0.2975 0.6972
vn -0.6960 0.1759 0.6961
vn 0.1242 -0.7013 0.7020
vn -0.3851 -0.5929 0.7073
vn 0.7116 0.1339 0.6897
vn 0.5788 -0.4270 0.6947
vn 0.3963 0.5769 0.7143
vn -0.1891 0.9096 0.3699
vn -0.7801 0.4886 0.3908
vn -0.9028 -0.1851 0.3882
vn -0.9273 0.3742 0.0025
vn -0.6723 0.7402 0.0123
vn -0.9140 -0.4057 -0.0020
vn -0.9999 -0.0014 0.0104
vn 0.2110 -0.8928 0.3979
vn -0.0547 -0.9984 0.0167
vn 0.4218 -0.9067 -0.0000
vn 0.9392 -0.3434 -0.0089
vn 0.7820 -0.4803 0.3973
vn 0.6771 -0.7359 -0.0003
vn 0.9008 0.1815 0.3944
vn 0.9990 -0.0435 0.0074
vn 0.9058 0.4238 -0.0003
vn 0.5248 0.7498 0.4030
vn 0.7383 0.6744 -0.0000
vn 0.3218 0.9468 0.0011
vn -0.3408 -0.8627 -0.3735
vn -0.5560 -0.8312 -0.0059
vn -0.7767 -0.5014 -0.3812
vn -0.6995 -0.1508 -0.6985
vn -0.9105 0.1358 -0.3907
vn -0.5888 0.3984 -0.7033
vn -0.4139 -0.5750 -0.7057
vn 0.2270 -0.8944 -0.3855
vn -0.0036 -0.7196 -0.6944
vn 0.3947 -0.5947 -0.7004
vn 0.6783 -0.2610 -0.6868
vn 0.7735 -0.4959 -0.3947
vn -0.1468 0.3761 -0.9149
vn -0.3985 -0.0129 -0.9171
vn 0.3516 -0.1766 -0.9193
vn -0.1008 -0.3776 -0.9205
vn 0.2904 0.2733 -0.9170
vn 0.7055 0.1581 -0.6909
vn 0.0011 0.0014 -1.0000
vn -0.1107 -0.0090 -0.9938
vn 0.0460 0.0037 -0.9989
vn -0.1018 -0.0083 -0.9948
vn -0.9669 -0.0046 -0.2552
vn -0.9146 0.0083 -0.4043
vn -0.9643 -0.0037 -0.2649
vn -0.0004 -0.0002 1.0000
vn 0.1358 0.3682 0.9198
vn -0.2942 0.2710 0.9165
vn -0.3592 -0.1669 0.9182
vn 0.0289 -0.3924 0.9193
vn 0.3862 -0.0548 0.9208
vn -0.3956 0.5769 0.7147
vn -0.7072 0.1601 0.6887
vn -0.6723 -0.2778 0.6862
vn -0.3810 -0.5870 0.7144
vn -0.0201 -0.7297 0.6835
vn 0.4140 -0.5864 0.6962
vn 0.7056 -0.1749 0.6867
vn 0.6475 0.2831 0.7075
vn 0.4010 0.5780 0.7107
vn -0.0299 0.7228 0.6904
vn 0.1903 -0.9094 0.3698
vn 0.7806 -0.4884 0.3900
vn 0.9072 0.1639 0.3874
vn 0.6585 0.6498 0.3796
vn 0.1623 0.9183 0.3612
vn -0.6893 0.7245 -0.0031
vn -0.5296 0.7509 0.3946
vn -0.1985 0.9799 0.0222
vn -0.9998 0.0102 -0.0179
vn -0.8984 0.2004 0.3909
vn -0.9244 0.3814 0.0081
vn -0.4912 -0.7706 0.4061
vn -0.7141 -0.7001 0.0028
vn -0.3496 -0.9368 0.0147
vn 0.6695 -0.7427 0.0144
vn 0.9392 -0.3433 -0.0089
vn 0.9102 0.4139 -0.0156
vn 0.3545 0.9348 -0.0209
vn 0.3606 -0.8549 -0.3729
vn 0.1911 -0.9815 -0.0080
vn -0.1892 -0.9041 -0.3832
vn 0.0053 -0.7179 -0.6961
vn -0.4157 -0.5688 -0.7097
vn 0.7019 -0.1370 -0.6990
vn 0.7776 -0.4859 -0.3990
vn 0.4117 -0.5813 -0.7018
vn 0.9090 0.1629 -0.3836
vn 0.6174 0.3760 -0.6910
vn 0.2511 0.6888 -0.6800
vn 0.5220 0.7562 -0.3945
vn -0.1658 0.6998 -0.6949
vn 0.2127 0.3291 -0.9201
vn -0.2942 0.2713 -0.9164
vn -0.3559 -0.1738 -0.9182
vn 0.0908 -0.3816 -0.9199
vn -0.0045 0.0007 -1.0000
vn 0.3976 -0.0771 -0.9143
vn 0.7644 -0.0072 -0.6447
vn 0.8425 0.0013 -0.5387
vn 0.7679 -0.0069 -0.6405
vn -0.1701 -0.0080 -0.9854
vn 0.0442 0.0067 -0.9990
vn -0.1582 -0.0072 -0.9874
vn 0.3225 -0.0012 0.9466
vn 0.2583 0.0043 0.9660
vn 0.3189 -0.0009 0.9478
vn -0.8804 0.4742 0.0013
vn -0.8893 0.4573 -0.0012
vn -0.9883 0.1523 0.0012
vn -0.7163 0.6978 -0.0013
vn -0.8777 -0.4792 0.0013
vn -0.8802 -0.4745 -0.0014
vn -0.6866 -0.7271 0.0014
vn -0.9877 -0.1562 -0.0013
vn 1.0000 0.0007 -0.0006
vn 0.9171 0.3807 0.1183
vn 0.9175 0.0643 0.3925
vn 0.9220 -0.3259 0.2092
vn 0.9199 -0.2894 -0.2648
vn 0.9211 0.1998 -0.3341
vn 0.7060 0.4048 0.5811
vn 0.6888 0.7055 0.1667
vn 0.6974 0.0067 0.7166
vn 0.7132 -0.3863 0.5850
vn 0.6939 -0.6623 0.2827
vn 0.7037 -0.6981 -0.1318
vn 0.6908 -0.5043 -0.5182
vn 0.7105 -0.1229 -0.6929
vn 0.7026 0.3868 -0.5973
vn 0.7108 0.6471 -0.2757
vn 0.3933 0.9070 -0.1503
vn 0.3717 0.7905 0.4868
vn 0.3743 0.3434 0.8614
vn 0.3747 -0.2025 0.9047
vn 0.3727 -0.6727 0.6392
vn 0.3927 -0.9074 0.1496
vn 0.3792 -0.7898 -0.4821
vn 0.3878 0.1932 -0.9013
vn 0.3715 -0.3718 -0.8507
vn 0.3780 0.6630 -0.6462
vn -0.0000 0.9300 0.3675
vn -0.0000 0.5551 0.8318
vn 0.0042 0.0178 0.9998
vn -0.0187 -0.5594 0.8287
vn 0.0151 -0.9997 -0.0207
vn -0.0030 -0.9140 0.4058
vn 0.0141 -0.9371 -0.3488
vn -0.0000 -0.6733 -0.7394
vn -0.0065 0.3751 -0.9270
vn -0.0005 -0.1945 -0.9809
vn -0.0000 0.9991 0.0416
vn -0.0000 0.9159 -0.4014
vn -0.3730 0.3536 0.8578
vn -0.3637 0.7933 0.4882
vn -0.3828 -0.1983 0.9023
vn -0.3917 -0.7515 0.5308
vn -0.3799 -0.3763 -0.8451
vn -0.3972 0.1807 -0.8998
vn -0.6865 0.7113 0.1507
vn -0.6987 0.4923 0.5191
vn -0.6954 -0.3943 0.6008
vn -0.7042 0.1283 0.6983
vn -0.7106 -0.6944 0.1133
vn -0.7117 -0.1408 -0.6882
vn -0.7009 0.3874 -0.5989
vn -0.3933 0.9071 -0.1503
vn -0.7108 0.6470 -0.2758
vn -0.9211 0.1998 -0.3341
vn -0.9162 -0.2998 -0.2659
vn -1.0000 0.0007 -0.0006
vn -0.9144 0.0701 0.3988
vn -0.9189 0.3765 0.1182
vn -0.9194 -0.3317 0.2113
vn 1.0000 -0.0012 -0.0022
vn 0.9185 0.3889 0.0711
vn 0.9173 0.0702 0.3920
vn 0.9196 -0.3323 0.2094
vn 0.9176 -0.2855 -0.2766
vn 0.9181 0.1698 -0.3582
vn 0.7023 0.4273 0.5695
vn 0.6934 0.7127 0.1066
vn 0.6902 -0.0255 0.7232
vn 0.7038 -0.4194 0.5733
vn 0.7072 -0.6985 0.1096
vn 0.6940 -0.2503 -0.6750
vn 0.7006 -0.6070 -0.3751
vn 0.7044 0.1686 -0.6895
vn 0.7071 0.5927 -0.3857
vn 0.3884 0.6569 0.6462
vn 0.3718 0.1445 0.9170
vn 0.3865 -0.8565 -0.3421
vn 0.3708 -0.4972 -0.7844
vn 0.3986 0.9044 0.1521
vn 0.0082 0.9994 -0.0346
vn -0.0183 0.9097 0.4150
vn -0.0114 0.3506 0.9365
vn 0.0181 -0.1942 0.9808
vn 0.0002 -0.6917 0.7222
vn 0.3847 -0.5252 0.7590
vn -0.0118 -0.9999 0.0126
vn 0.4025 -0.8894 0.2170
vn 0.0081 -0.9242 0.3818
vn -0.0249 -0.7327 -0.6801
vn 0.0082 -0.3466 -0.9380
vn 0.3986 0.1658 -0.9020
vn 0.0173 -0.0224 -0.9996
vn 0.0256 0.3896 -0.9206
vn 0.4072 0.7500 -0.5212
vn 0.0081 0.7003 -0.7138
vn 0.0182 0.9326 -0.3604
vn -0.6945 0.6039 0.3911
vn -0.3993 0.8928 0.2086
vn -0.7115 0.6859 -0.1523
vn -0.6862 0.1445 0.7129
vn -0.3907 0.5170 0.7616
vn -0.3729 -0.1926 0.9076
vn -0.6874 -0.4006 0.6058
vn -0.3792 -0.7834 0.4924
vn -0.6834 -0.6846 0.2537
vn -0.3880 -0.5287 -0.7550
vn -0.6800 -0.5349 -0.5015
vn -0.7119 -0.1069 -0.6941
vn -0.9145 -0.0504 0.4015
vn -0.9187 0.3405 0.2002
vn -0.9186 -0.3651 0.1512
vn -0.9222 -0.2329 -0.3086
vn -0.7159 -0.6857 -0.1318
vn -0.9172 0.2630 -0.2994
vn -1.0000 -0.0000 -0.0018
vn -0.6173 -0.6585 0.4304
vn -0.4380 -0.8666 0.2391
vn -0.6199 -0.7269 0.2955
vn 0.0992 0.6906 -0.7164
vn 0.1434 0.8143 -0.5624
vn 0.0536 0.9410 -0.3341
vn -0.6844 -0.5149 0.5162
vn 0.0366 0.5837 -0.8111
vn -0.1951 0.6133 -0.7653
vn -0.6737 -0.1033 0.7317
vn -0.6503 -0.2896 0.7024
vn -0.6440 -0.4064 0.6481
vn 0.9450 0.0553 0.3222
vn 0.4450 -0.3185 0.8370
vn 0.8861 -0.1780 0.4279
vn 0.9925 -0.1025 -0.0673
vn 0.7826 -0.0998 -0.6144
vn 0.8605 -0.3254 -0.3919
vn -0.9433 -0.2301 -0.2392
vn -0.7109 -0.1173 -0.6934
vn -0.9809 -0.0541 -0.1870
vn -0.9773 -0.1355 -0.1626
vn -0.9830 0.0099 0.1833
vn 0.7114 0.6007 0.3647
vn 0.7124 0.5587 0.4247
vn 0.7123 0.6005 0.3634
vn 0.6809 -0.4095 -0.6072
vn 0.4379 -0.7513 -0.4938
vn 0.1346 -0.6366 -0.7593
vn 0.1726 -0.7934 -0.5837
vn -0.4245 -0.7708 -0.4750
vn -0.4070 -0.7692 -0.4927
vn -0.4050 -0.7708 -0.4918
vn -0.7130 0.4401 0.5459
vn -0.7257 0.3821 0.5721
vn -0.7176 0.3547 0.5994
vn 0.2151 0.9157 0.3394
vn 0.2686 0.8843 0.3820
vn 0.4492 0.8779 0.1660
vn 0.9874 0.1582 0.0062
vn 0.9901 0.1403 0.0051
vn -0.9439 -0.3031 -0.1310
vn -0.2487 0.8425 0.4778
vn -0.2602 0.7974 0.5445
vn -0.2623 0.7874 0.5579
vn -0.6493 0.7603 0.0167
vn -0.6358 0.7617 0.1245
vn -0.6636 0.7062 0.2467
vn 0.1303 -0.9897 0.0588
vn 0.0979 -0.9938 -0.0532
vn -0.1898 -0.9781 0.0851
vn 0.3064 0.9305 -0.2005
vn 0.3452 0.9333 -0.0985
vn 0.3434 0.9294 -0.1348
vn -0.3050 0.8202 -0.4840
vn -0.2485 0.8735 -0.4186
vn -0.2624 0.8297 -0.4927
vn 0.2012 0.7025 -0.6826
vn 0.6579 0.5949 -0.4618
vn 0.4573 0.5281 -0.7155
vn -0.6218 0.5700 -0.5371
vn -0.6564 0.3209 -0.6827
vn -0.6508 0.4245 -0.6296
vn 0.9655 -0.0591 0.2535
vn 0.9814 -0.1022 0.1628
vn 0.9543 -0.0763 0.2891
vn -0.7522 -0.1514 0.6413
vn -0.7008 -0.4171 0.5787
vn -0.9739 -0.1170 0.1944
vn -0.9655 -0.0591 0.2535
vn -0.9872 0.1094 -0.1158
vn 0.9235 -0.0072 -0.3835
vn 0.7874 0.1432 -0.5996
vn 0.8053 0.1277 -0.5789
vn -0.9675 -0.0667 -0.2439
vn -0.7350 0.1355 -0.6644
vn -0.7959 -0.0957 -0.5978
vn 0.9437 0.0615 0.3250
vn 0.9410 0.0105 0.3381
vn 0.9158 0.1556 0.3703
vn -0.6827 -0.2490 -0.6870
vn -0.7086 0.0178 -0.7054
vn 0.9441 0.2341 0.2321
vn 0.9045 0.2046 0.3743
vn 0.9027 0.3837 0.1948
vn -0.5904 0.6607 0.4635
vn -0.3789 0.5351 0.7550
vn -0.4114 0.5282 0.7428
vn -0.7168 -0.5803 -0.3866
vn -0.9271 -0.2737 -0.2562
vn -0.8422 -0.2932 -0.4525
vn -0.6070 -0.4528 -0.6531
vn -0.3807 0.8863 0.2638
vn -0.7244 0.6542 0.2176
vn -0.8031 -0.5852 -0.1123
vn -0.6257 -0.7369 -0.2560
vn 0.9469 0.3139 0.0694
vn 0.9172 0.3682 0.1524
vn 0.9470 0.3204 0.0219
vn -0.5832 0.8118 0.0293
vn -0.7000 -0.7141 0.0124
vn 0.7978 -0.5872 0.1368
vn 0.9268 -0.3754 -0.0102
vn 0.9197 -0.3845 -0.0794
vn -0.3813 0.9008 -0.2078
vn -0.4270 0.8804 -0.2064
vn 0.9219 -0.3435 0.1791
vn 0.9230 -0.3137 0.2226
vn -0.5591 0.7600 -0.3314
vn 0.9470 0.2608 -0.1876
vn 0.9507 0.2685 -0.1551
vn 0.9210 0.2790 -0.2719
vn -0.6348 -0.5694 0.5223
vn -0.8058 -0.4844 0.3406
vn -0.6968 -0.6519 0.2992
vn 0.8630 0.2910 -0.4129
vn 0.2970 0.6972 -0.6525
vn 0.2583 0.6073 -0.7513
vn -0.3726 -0.5477 0.7491
vn 0.8394 0.2939 -0.4572
vn 0.1773 0.5333 -0.8272
vn 0.1631 0.5380 -0.8270
vn -0.4689 0.5421 -0.6973
vn -0.6322 -0.4239 0.6486
vn -0.9411 -0.1970 0.2747
vn -0.9434 -0.2028 0.2623
vn 0.4757 -0.6002 0.6430
vn 0.6322 -0.4239 0.6486
vn 0.8372 -0.3543 0.4167
vn 0.4045 0.6247 -0.6679
vn 0.1969 0.5798 -0.7906
vn 0.2384 0.7525 -0.6140
vn 0.3801 -0.8236 0.4210
vn 0.6992 0.6508 -0.2958
vn 0.9043 0.3427 -0.2546
vn 0.8612 0.3345 -0.3826
vn -0.3493 0.8487 -0.3972
vn -0.6044 0.6052 -0.5181
vn -0.7064 0.6520 -0.2755
vn -0.9560 -0.2273 0.1853
vn -0.8372 -0.3542 0.4166
vn -0.8761 -0.4598 0.1452
vn 0.6932 0.7048 0.1511
vn 0.4074 0.9087 -0.0907
vn 0.6820 0.7100 0.1754
vn -0.9535 -0.2978 -0.0453
vn -0.9509 -0.3094 -0.0114
vn -0.8822 -0.4600 0.1008
vn 0.0214 -0.0955 0.9952
vn -0.0158 -0.0824 0.9965
vn 0.2372 -0.2069 0.9492
vn 0.9645 -0.0653 0.2557
vn 0.9820 0.0111 -0.1885
vn 0.9997 0.0113 -0.0220
vn 0.8632 0.1014 -0.4946
vn 0.3832 0.1113 -0.9169
vn 0.4093 0.2033 -0.8894
vn -0.6238 0.1033 -0.7747
vn -0.3782 0.0691 -0.9231
vn -0.4093 0.0722 -0.9095
vn 0.2484 0.1074 -0.9627
vn 0.2639 0.3151 -0.9117
vn -0.2732 -0.3157 0.9087
vn -0.6796 -0.1599 0.7160
vn -0.6147 -0.1087 0.7813
vn -0.6895 0.5430 -0.4793
vn 0.0038 0.5550 -0.8318
vn -0.4940 0.4433 -0.7480
vn -0.9865 -0.1308 0.0989
vn -0.8541 0.2570 -0.4521
vn -0.9998 0.0133 -0.0168
vn -0.2752 -0.7196 0.6376
vn -0.5272 -0.4531 0.7189
vn 0.0142 -0.4871 0.8732
vn 0.8068 0.5110 -0.2964
vn 0.4688 0.6600 -0.5871
vn 0.2376 0.9109 -0.3375
vn -0.9294 0.3426 -0.1375
vn -0.7562 0.4943 -0.4287
vn -0.5265 -0.8119 0.2522
vn -0.6233 -0.6652 0.4111
vn 0.9014 -0.4252 0.0812
vn 0.6873 -0.6189 0.3802
vn 0.8792 -0.3993 0.2600
vn 0.7156 0.6972 -0.0434
vn -0.3693 -0.9254 0.0852
vn -0.3526 -0.9327 0.0760
vn 0.9318 0.3588 0.0547
vn 0.8457 0.4670 0.2583
vn 0.4194 0.8196 0.3903
vn -0.5978 0.7790 0.1891
vn -0.3591 0.9272 -0.1069
vn -0.7358 0.6731 -0.0741
vn -0.8255 -0.4247 -0.3717
vn -0.9420 -0.3260 -0.0797
vn -0.8787 -0.4633 0.1148
vn 0.2112 0.9547 0.2097
vn 0.0916 0.7823 0.6161
vn 0.2919 0.5539 0.7798
vn -0.4943 0.4989 0.7118
vn -0.8925 -0.1959 -0.4064
vn -0.5085 -0.4698 -0.7216
vn 0.6128 0.2287 0.7564
vn 0.5689 0.3442 0.7469
vn -0.1223 -0.2807 -0.9520
vn -0.0079 -0.4651 -0.8852
vn 0.5155 -0.4713 -0.7157
vn -0.7433 -0.1765 -0.6452
vn 0.6717 -0.2022 -0.7127
vn 0.6843 -0.2052 -0.6997
vn 0.8879 -0.2077 -0.4105
vn 0.9887 0.0050 0.1495
vn 0.9990 0.0274 0.0354
vn 0.7182 0.1820 0.6716
vn -0.2464 0.0896 0.9650
vn -0.2156 0.2890 0.9327
vn -0.3601 0.1228 0.9248
vn -0.0129 -0.9900 0.1407
vn -0.0026 -0.9857 0.1683
vn 0.0021 -0.9856 0.1689
vn 0.7107 -0.6494 -0.2704
vn 0.5413 -0.8114 -0.2204
vn 0.6797 -0.6848 -0.2627
vn 0.6991 0.5973 0.3931
vn 0.6672 0.7098 0.2256
vn 0.8604 0.3823 0.3370
vn -0.9838 -0.1712 -0.0527
vn -0.9759 0.1912 0.1051
vn -0.9967 0.0430 0.0689
vn 0.3023 -0.6843 -0.6636
vn 0.2517 -0.7852 -0.5658
vn 0.2704 -0.6798 -0.6817
vn -0.7131 -0.5623 -0.4188
vn -0.7206 -0.5080 -0.4718
vn -0.7327 -0.4708 -0.4913
vn 0.7344 -0.2241 -0.6407
vn 0.4502 -0.3132 -0.8362
vn 0.0992 0.6906 0.7164
vn 0.0365 0.5838 0.8111
vn -0.1951 0.6134 0.7653
vn -0.9790 0.0700 0.1914
vn -0.9884 -0.0486 -0.1441
vn 0.8742 -0.0171 0.4853
vn 0.9848 0.0479 0.1670
vn 0.9481 0.0454 -0.3148
vn -0.8006 -0.1051 0.5899
vn -0.9907 -0.0252 0.1339
vn 0.9516 0.1802 -0.2491
vn 0.9927 -0.0780 0.0923
vn 0.7725 -0.4290 0.4683
vn -0.6942 -0.5013 0.5165
vn -0.6325 -0.3605 0.6855
vn -0.9879 0.1225 -0.0954
vn -0.9937 0.0887 -0.0691
vn 0.2024 -0.5320 0.8222
vn 0.1482 -0.6931 0.7054
vn -0.3388 -0.7959 0.5018
vn -0.6008 -0.7866 0.1426
vn 0.0123 -0.9838 0.1790
vn -0.3328 0.9430 0.0074
vn -0.3110 0.9458 -0.0934
vn -0.3316 0.9431 -0.0245
vn 0.3057 0.8182 0.4868
vn 0.2498 0.8703 0.4246
vn 0.2630 0.8277 0.4957
vn 0.6218 0.5700 0.5371
vn 0.6508 0.4244 0.6296
vn -0.2012 0.7025 0.6827
vn -0.2570 0.7406 0.6208
vn -0.1695 0.5751 0.8003
vn -0.1627 0.4345 0.8858
vn 0.1670 0.2003 0.9654
vn 0.1932 0.1882 0.9629
vn 0.9817 -0.0969 -0.1637
vn 0.9655 -0.0591 -0.2535
vn 0.9543 -0.0763 -0.2890
vn -0.7522 -0.1513 -0.6413
vn -0.7007 -0.4172 -0.5788
vn -0.3504 -0.2130 -0.9121
vn -0.9655 -0.0591 -0.2535
vn -0.9735 -0.1223 -0.1933
vn 0.9233 -0.0588 0.3796
vn 0.8002 0.1419 0.5827
vn 0.9235 -0.0072 0.3835
vn -0.7371 0.1301 0.6631
vn -0.9641 -0.0845 0.2517
vn -0.7973 -0.0980 0.5956
vn 0.9410 0.0105 -0.3381
vn 0.9437 0.0615 -0.3250
vn 0.9157 0.1556 -0.3704
vn -0.9437 0.0615 -0.3250
vn -0.9410 0.0105 -0.3381
vn -0.9157 0.1557 -0.3704
vn 0.8441 -0.2982 0.4456
vn 0.3081 -0.2582 0.9156
vn 0.2160 -0.5600 0.7998
vn 0.2364 -0.2706 0.9332
vn -0.2407 -0.5705 0.7852
vn 0.3606 -0.7767 0.5164
vn 0.7214 -0.5803 0.3780
vn 0.9063 0.2040 -0.3701
vn 0.9638 0.1992 -0.1775
vn 0.8347 0.4693 -0.2881
vn 0.4113 0.5282 -0.7428
vn 0.5905 0.6607 -0.4634
vn -0.9441 0.2341 -0.2321
vn -0.9045 0.2046 -0.3743
vn -0.9026 0.3838 -0.1949
vn 0.3625 0.8908 -0.2740
vn 0.7219 0.6544 -0.2248
vn -0.4031 -0.7501 0.5243
vn -0.8031 -0.5851 0.1123
vn -0.6257 -0.7369 0.2560
vn 0.9470 0.3137 -0.0697
vn 0.9470 0.3204 -0.0219
vn -0.6330 0.7736 -0.0284
vn -0.4095 0.8768 -0.2522
vn -0.5833 0.8118 -0.0293
vn -0.9998 -0.0186 0.0109
vn -0.9193 0.3647 -0.1482
vn -0.9710 0.2386 -0.0154
vn 0.8035 -0.5794 -0.1366
vn 0.9268 -0.3754 0.0102
vn 0.7588 -0.6343 -0.1478
vn -0.3810 0.9095 0.1662
vn -0.3911 0.9033 0.1761
vn 0.9407 -0.2962 -0.1654
vn 0.9500 -0.2536 -0.1822
vn 0.4151 0.8844 0.2134
vn 0.8088 0.4647 0.3605
vn 0.6481 0.7022 0.2948
vn -0.8059 -0.4843 -0.3406
vn -0.9407 -0.3294 -0.0807
vn -0.9677 -0.2085 -0.1418
vn 0.2243 0.8300 0.5107
vn 0.6357 0.5762 0.5137
vn 0.2509 0.7605 0.5990
vn -0.6707 0.5099 0.5386
vn -0.2891 0.8219 0.4908
vn -0.5160 0.6850 0.5144
vn -0.9554 0.2322 0.1822
vn -0.9525 0.2612 0.1563
vn -0.9030 0.3009 0.3067
vn 0.8808 0.2762 0.3847
vn 0.4490 0.5440 0.7088
vn -0.1921 0.5603 0.8057
vn -0.3500 -0.5627 -0.7489
vn -0.6347 -0.5695 -0.5223
vn -0.3726 -0.5477 -0.7492
vn 0.7658 0.3484 0.5405
vn -0.2916 0.5135 0.8070
vn -0.2337 0.5226 0.8199
vn -0.9704 0.1413 0.1960
vn -0.9686 0.1380 0.2069
vn 0.6322 -0.4239 -0.6486
vn 0.4757 -0.6002 -0.6430
vn 0.8372 -0.3543 -0.4167
vn 0.4058 0.6238 0.6680
vn -0.2518 0.5803 0.7745
vn -0.8333 0.3661 0.4142
vn -0.4757 -0.6002 -0.6430
vn -0.6322 -0.4239 -0.6486
vn -0.8372 -0.3543 -0.4167
vn 0.2383 0.7525 0.6140
vn -0.6044 0.6052 0.5181
vn 0.9553 -0.2297 -0.1861
vn 0.8703 -0.4709 -0.1443
vn -0.3492 0.8487 0.3972
vn -0.7064 0.6520 0.2755
vn -0.9560 -0.2273 -0.1853
vn -0.8761 -0.4598 -0.1452
vn 0.4073 0.9088 0.0907
vn 0.6875 0.7146 -0.1294
vn 0.6475 0.7428 -0.1703
vn -0.9198 0.3910 -0.0315
vn -0.9607 0.2726 0.0515
vn -0.9544 0.2834 -0.0942
vn 0.4810 0.8034 -0.3509
vn 0.5357 0.7811 -0.3208
vn -0.7096 -0.6814 0.1795
vn -0.7089 -0.6732 0.2101
vn -0.6276 -0.7387 0.2457
vn -0.0157 -0.0824 -0.9965
vn 0.0215 -0.0955 -0.9952
vn 0.2372 -0.2069 -0.9492
vn 0.9820 0.0111 0.1884
vn 0.9646 -0.0653 -0.2557
vn 0.9997 0.0112 0.0220
vn 0.3832 0.1113 0.9169
vn 0.8632 0.1015 0.4946
vn 0.4093 0.2033 0.8895
vn -0.8105 0.1168 0.5740
vn -0.4093 0.0722 0.9095
vn -0.6238 0.1033 0.7747
vn -0.9646 -0.0653 -0.2557
vn -0.9820 0.0111 0.1884
vn -0.9997 0.0112 0.0220
vn 0.2485 0.1074 0.9627
vn 0.2638 0.3151 0.9117
vn -0.7074 0.2242 0.6704
vn -0.2469 0.4852 0.8388
vn 0.0005 0.5550 0.8318
vn 0.0142 -0.4871 -0.8732
vn -0.2732 -0.3157 -0.9087
vn -0.5273 -0.4530 -0.7189
vn -0.0986 0.7976 0.5950
vn 0.2444 0.9149 0.3211
vn -0.2375 0.9109 0.3375
vn -0.8068 0.5110 0.2965
vn -0.4687 0.6600 0.5871
vn -0.3803 0.9214 0.0794
vn -0.7269 0.6835 0.0658
vn -0.5265 -0.8119 -0.2521
vn -0.3693 -0.9254 -0.0851
vn -0.3527 -0.9326 -0.0762
vn 0.7248 0.6870 0.0518
vn 0.9326 0.3573 -0.0514
vn 0.8476 0.4681 -0.2499
vn 0.4146 0.8206 -0.3933
vn -0.8215 0.5014 -0.2716
vn -0.5978 0.7790 -0.1891
vn -0.9318 0.3588 -0.0547
vn 0.2112 0.9547 -0.2097
vn 0.1667 0.7669 -0.6198
vn -0.6445 0.5938 -0.4816
vn 0.8978 -0.2010 0.3918
vn 0.8255 -0.4247 0.3717
vn 0.5051 -0.4686 0.7248
vn -0.8255 -0.4247 0.3717
vn -0.8978 -0.2010 0.3918
vn -0.5050 -0.4686 0.7248
vn 0.9183 -0.1353 0.3719
vn -0.9183 -0.1353 0.3720
vn 0.5086 0.2016 -0.8371
vn 0.8052 0.2423 -0.5413
vn 0.8629 0.1049 -0.4944
vn 1.0000 0.0019 0.0011
vn 0.9143 0.3777 -0.1460
vn 0.9183 0.2673 0.2921
vn 0.9173 -0.1671 0.3615
vn 0.9121 -0.4040 0.0690
vn 0.9159 -0.2850 -0.2826
vn 0.9158 0.0679 -0.3958
vn 0.6983 0.6726 0.2450
vn 0.7026 0.3852 0.5983
vn 0.6845 -0.4145 0.5997
vn 0.7040 0.0212 0.7099
vn 0.6969 -0.1498 -0.7013
vn 0.6908 -0.6064 -0.3939
vn 0.7028 0.3842 -0.5988
vn 0.6935 0.7044 -0.1512
vn 0.3718 0.7807 0.5023
vn 0.3682 0.3581 0.8580
vn 0.3796 -0.7710 0.5113
vn 0.3829 -0.1967 0.9026
vn 0.7008 -0.6984 0.1449
vn 0.3980 -0.8979 -0.1884
vn 0.3901 -0.5149 -0.7633
vn 0.3915 0.1505 -0.9078
vn 0.3813 0.6553 -0.6521
vn -0.0154 0.0319 0.9994
vn 0.0011 -0.4370 0.8994
vn 0.0015 -0.9982 0.0607
vn -0.0043 -0.9052 -0.4250
vn -0.0011 -0.7442 -0.6679
vn 0.0102 -0.3361 -0.9418
vn -0.0049 -0.0455 -0.9990
vn -0.0038 0.4234 -0.9059
vn 0.0152 0.9996 0.0221
vn 0.3761 0.9125 -0.1610
vn -0.0000 0.8320 -0.5547
vn -0.0025 0.8302 0.5575
vn -0.3794 0.8551 0.3535
vn -0.3959 0.4793 0.7833
vn -0.3723 0.6531 -0.6595
vn -0.3771 0.9082 -0.1814
vn -0.3702 -0.7653 0.5267
vn -0.6930 -0.4919 0.5271
vn -0.6878 -0.7162 0.1184
vn -0.4036 -0.8969 -0.1807
vn -0.6977 -0.5938 -0.4008
vn -0.6982 -0.1586 -0.6981
vn -0.3825 -0.5077 -0.7720
vn -0.7010 0.3745 -0.6069
vn -0.3921 0.1592 -0.9060
vn -0.6945 0.6606 -0.2851
vn -0.6970 0.6941 0.1800
vn -0.9164 0.3730 -0.1453
vn -0.9152 0.3265 0.2361
vn -0.7040 0.3903 0.5934
vn -0.9155 -0.0046 0.4022
vn -0.9143 -0.3324 0.2314
vn -0.9157 -0.3586 -0.1814
vn -0.9170 0.0177 -0.3986
vn -1.0000 -0.0008 -0.0013
vn 0.2523 -0.0081 0.9676
vn 0.1700 0.0131 0.9854
vn -0.1834 -0.0078 0.9830
vn 0.6403 -0.0083 0.7681
vn 0.2041 0.0133 0.9789
vn 0.0615 -0.0094 -0.9981
vn -0.3670 0.0094 -0.9302
vn 0.0822 -0.0103 -0.9966
vn 1.0000 0.0014 -0.0011
vn 0.9149 0.3761 0.1468
vn 0.9171 -0.0129 0.3985
vn 0.9207 -0.3769 0.1016
vn 0.9174 -0.1747 -0.3575
vn 0.9190 0.2653 -0.2915
vn 0.6983 0.7026 0.1371
vn 0.7033 0.3984 0.5887
vn 0.6983 -0.1490 0.7001
vn 0.6979 -0.7160 -0.0140
vn 0.6964 -0.5829 0.4187
vn 0.7057 -0.5948 -0.3850
vn 0.7113 -0.1521 -0.6863
vn 0.7078 0.6027 -0.3684
vn 0.7050 0.2538 -0.6623
vn 0.3811 0.6614 0.6460
vn 0.3908 0.1348 0.9106
vn 0.3983 -0.5258 0.7516
vn 0.3649 -0.9121 0.1867
vn 0.3685 -0.8607 -0.3512
vn 0.4008 -0.5009 -0.7671
vn 0.3769 0.0037 -0.9263
vn 0.3826 0.8581 -0.3426
vn 0.3798 0.4990 -0.7789
vn 0.0034 -0.0320 0.9995
vn 0.0009 0.4036 0.9149
vn 0.0101 -0.7320 0.6813
vn 0.0191 -0.3644 0.9311
vn -0.0055 -0.3533 -0.9355
vn -0.0156 -0.7299 -0.6834
vn -0.0231 0.3900 -0.9205
vn -0.0081 0.7002 -0.7139
vn -0.3696 -0.9086 -0.1944
vn -0.0218 -0.9793 0.2012
vn -0.4020 -0.7684 0.4980
vn -0.7026 -0.1519 0.6952
vn -0.3933 0.1817 0.9013
vn -0.7044 0.3976 0.5880
vn -0.7003 -0.7138 0.0118
vn -0.6917 -0.5989 -0.4034
vn -0.7024 -0.1496 -0.6958
vn -0.3907 -0.4881 -0.7804
vn -0.6948 0.2805 -0.6623
vn -0.3870 0.1835 -0.9036
vn -0.9149 0.3761 0.1468
vn -0.9170 -0.0019 0.3990
vn -1.0000 0.0013 -0.0004
vn -0.9174 -0.3620 0.1655
vn -0.9199 -0.2383 -0.3113
vn -0.9201 0.2590 -0.2939
vn -0.7713 -0.0094 -0.6364
vn -0.9682 0.0094 -0.2498
vn -0.7579 -0.0103 -0.6523
vn 0.0747 -0.0083 0.9972
vn 0.1901 0.0055 0.9817
vn 0.0473 -0.0084 0.9988
vn 0.9055 -0.0091 0.4243
vn 0.9957 0.0100 0.0920
vn 0.8972 -0.0101 0.4416
vn 0.7664 -0.0098 -0.6423
vn 0.5754 0.0054 -0.8179
vn 0.7747 -0.0105 -0.6323
vn 0.5629 0.0063 -0.8265
vn 0.5876 -0.2805 -0.7589
vn 0.4524 -0.2372 -0.8597
vn 0.6675 -0.2548 -0.6996
vn -0.9594 -0.2819 0.0119
vn -0.9662 -0.2578 0.0076
vn -0.9467 -0.2413 -0.2132
vn 0.0130 -0.2854 0.9583
vn 0.1509 -0.2538 0.9554
vn -0.1647 -0.2354 0.9579
vn 0.4289 -0.3064 0.8498
vn 0.7589 -0.2805 0.5876
vn 0.8597 -0.2372 0.4524
vn 0.6851 -0.2517 0.6836
vn -0.0040 -1.0000 -0.0022
vn -0.0044 -1.0000 -0.0006
vn -0.0039 -1.0000 -0.0028
vn -0.0046 -1.0000 0.0003
vn -0.0028 -1.0000 0.0048
vn -0.0011 -1.0000 0.0053
vn -0.0036 -1.0000 0.0047
vn 0.0035 -1.0000 0.0040
vn 0.0043 -1.0000 0.0026
vn 0.0032 -1.0000 0.0046
vn 0.0046 -1.0000 0.0010
vn 0.0043 -1.0000 -0.0009
vn 0.1409 -0.0360 -0.9894
vn -0.0358 -0.0268 -0.9990
vn 0.3437 0.0132 -0.9390
vn -0.8151 -0.0258 -0.5787
vn -0.7072 0.0081 -0.7069
vn -0.4172 -0.0140 -0.9087
vn -0.9894 -0.0360 -0.1409
vn -0.9990 -0.0268 0.0358
vn -0.9390 0.0131 -0.3436
vn -0.5787 -0.0259 0.8152
vn -0.7069 0.0081 0.7073
vn -0.9087 -0.0141 0.4172
vn -0.1563 -0.0281 0.9873
vn 0.0201 -0.0029 0.9998
vn -0.3436 0.0131 0.9390
vn 0.9087 -0.0140 0.4172
vn 0.9550 0.0022 0.2965
vn 0.7069 0.0082 0.7073
vn 0.5878 -0.2801 -0.7590
vn 0.4524 -0.2368 -0.8598
vn 0.6676 -0.2544 -0.6997
vn -0.9595 -0.2815 0.0120
vn -0.9663 -0.2574 0.0076
vn -0.9468 -0.2409 -0.2132
vn 0.0131 -0.2850 0.9584
vn 0.1509 -0.2534 0.9555
vn -0.1647 -0.2350 0.9579
vn 0.4289 -0.3060 0.8499
vn 0.7590 -0.2801 0.5878
vn 0.8598 -0.2368 0.4524
vn 0.6852 -0.2513 0.6837
vn 0.0008 -1.0000 -0.0039
vn -0.0007 -1.0000 -0.0038
vn 0.0021 -1.0000 -0.0035
vn -0.0023 -1.0000 -0.0033
vn -0.0045 -1.0000 0.0003
vn -0.0043 -1.0000 -0.0006
vn -0.0039 -1.0000 -0.0021
vn -0.0025 -1.0000 0.0046
vn -0.0018 -1.0000 0.0050
vn -0.0034 -1.0000 0.0044
vn 0.0034 -1.0000 0.0039
vn 0.0042 -1.0000 0.0026
vn 0.0032 -1.0000 0.0045
vn 0.0046 -1.0000 0.0009
vn 0.0043 -1.0000 -0.0008
vn 0.4172 -0.0141 -0.9087
vn 0.2965 0.0022 -0.9550
vn 0.7072 0.0082 -0.7069
vn -0.8299 -0.0132 -0.5577
vn -0.7069 0.0281 -0.7067
vn -0.5577 -0.0132 -0.8299
vn -0.9990 -0.0267 0.0358
vn -0.9390 0.0132 -0.3436
vn -0.5923 -0.0097 0.8057
vn -0.7069 0.0083 0.7073
vn -0.9087 -0.0141 0.4171
vn 0.9087 -0.0141 0.4171
vn 0.9550 0.0022 0.2966
vn -0.9663 -0.2574 0.0075
vn 0.4107 -0.3012 0.8606
vn 0.8601 -0.2932 0.4174
vn 0.9504 -0.2568 0.1755
vn 0.6853 -0.2495 0.6842
vn 0.0033 -1.0000 -0.0028
vn 0.0028 -1.0000 -0.0032
vn 0.0041 -1.0000 -0.0024
vn -0.0041 -1.0000 0.0002
vn -0.0040 -1.0000 -0.0006
vn -0.0035 -1.0000 -0.0020
vn 0.0049 -1.0000 0.0010
vn 0.0046 -1.0000 -0.0009
vn 0.0046 -1.0000 0.0027
vn 0.8014 0.0155 -0.5980
vn 0.8834 0.0187 -0.4683
vn 0.9899 -0.0187 -0.1405
vn 0.1408 -0.0160 -0.9899
vn -0.0101 -0.0143 -0.9998
vn 0.4900 0.0141 -0.8716
vn -0.8151 -0.0259 -0.5787
vn -0.7072 0.0082 -0.7070
vn -0.4172 -0.0141 -0.9087
vn -0.7069 0.0082 0.7073
vn 0.9087 -0.0142 0.4171
vn 0.7069 0.0083 0.7072
vn 0.8559 -0.2910 0.4275
vn 0.9168 -0.2619 0.3014
vn 0.6698 -0.2532 0.6980
vn -0.9468 -0.2409 -0.2133
vn 0.0032 -1.0000 -0.0029
vn 0.0027 -1.0000 -0.0033
vn 0.0038 -1.0000 -0.0026
vn -0.0044 -1.0000 0.0002
vn -0.0042 -1.0000 -0.0006
vn -0.0038 -1.0000 -0.0021
vn -0.0357 -0.0267 -0.9990
vn -0.4171 -0.0141 -0.9087
vn -0.9990 -0.0267 0.0357
vn -0.5787 -0.0259 0.8151
vn -0.3436 0.0132 0.9390
vn 0.3001 -0.2985 -0.9060
vn -0.0041 -0.2569 -0.9664
vn 0.4813 -0.2599 -0.8371
vn -0.3244 -0.2801 0.9035
vn -0.1645 -0.2368 0.9575
vn -0.4186 -0.2544 0.8718
vn -0.0037 -1.0000 -0.0020
vn -0.0043 -1.0000 -0.0008
vn -0.0036 -1.0000 -0.0025
vn -0.0046 -1.0000 0.0009
vn -0.0042 -1.0000 0.0026
vn 0.9873 -0.0281 0.1563
vn 0.9992 0.0132 -0.0366
vn 0.9390 0.0132 0.3437
vn 0.7872 0.0267 -0.6161
vn 0.8832 0.0360 -0.4676
vn 0.9616 -0.0132 -0.2740
vn 0.1409 -0.0160 -0.9899
vn -0.7072 0.0082 -0.7069
vn -0.9033 0.0021 0.4290
vn -0.9829 -0.0021 0.1840
vn -0.9891 -0.0197 -0.1461
vn -0.7142 0.0197 0.6997
vn -0.1564 -0.0281 0.9873
vn 0.3869 0.9081 0.1602
vn 0.0001 1.0000 -0.0004
vn 0.2235 0.9084 0.3532
vn -0.0000 0.9076 -0.4198
vn -0.2381 0.9098 -0.3399
vn -0.3879 0.9079 0.1591
vn -0.2305 0.9099 0.3449
vn 0.4049 0.9086 -0.1028
vn 0.2381 0.9098 -0.3399
vn -0.4049 0.9086 -0.1028
vn -0.0034 0.9073 0.4204
vn -0.7121 0.7020 0.0042
vn -0.6536 0.7037 -0.2787
vn 0.5065 0.7020 0.5006
vn 0.2692 0.7003 0.6612
vn 0.7121 0.7020 0.0042
vn 0.6536 0.7037 -0.2787
vn 0.5060 0.7060 0.4955
vn 0.2307 0.9086 0.3483
vn 0.0001 1.0000 -0.0000
vn 0.2305 0.9099 -0.3449
vn 0.4041 0.9088 0.1039
vn 0.3879 0.9079 -0.1591
vn -0.2692 0.7022 0.6592
vn -0.5060 0.7022 0.5009
vn 0.7121 0.7020 -0.0042
vn 0.6536 0.7037 0.2787
vn -0.2692 0.7022 -0.6592
vn -0.5056 0.7059 -0.4960
vn 0.2692 0.7022 -0.6592
vn 0.5060 0.7022 -0.5009
vn 0.3399 0.9098 -0.2381
vn 0.0925 0.9089 -0.4065
vn -0.0006 1.0000 -0.0008
vn -0.1602 0.9081 0.3869
vn 0.1029 0.9086 0.4049
vn 0.3399 0.9098 0.2381
vn 0.4198 0.9076 -0.0000
vn -0.4063 0.9100 -0.0827
vn -0.2324 0.9076 -0.3498
vn -0.3590 0.9086 0.2136
vn 0.4961 0.7059 0.5056
vn 0.6592 0.7022 0.2692
vn -0.0042 0.7020 0.7121
vn 0.2787 0.7037 0.6536
vn -0.5006 0.7020 0.5065
vn -0.6592 0.7037 0.2651
vn -0.7083 0.7059 0.0068
vn -0.6510 0.7065 -0.2776
vn -0.5085 0.7039 -0.4959
vn -0.2635 0.7039 -0.6596
vn -0.0080 0.7066 -0.7075
vn 0.2787 0.7037 -0.6536
vn 0.6592 0.7022 -0.2692
vn 0.4960 0.7059 -0.5056
vn -0.3449 0.9099 0.2305
vn -0.6592 0.7022 0.2692
vn -0.5009 0.7022 0.5060
vn 0.0917 0.9084 0.4078
vn 0.2771 0.7003 0.6579
vn 0.4087 0.9098 0.0720
vn 0.6564 0.7022 0.2758
vn 0.7083 0.7059 -0.0068
vn 0.3590 0.9086 -0.2136
vn 0.6592 0.7037 -0.2651
vn 0.5006 0.7020 -0.5065
vn -0.1028 0.9086 -0.4049
vn 0.0042 0.7020 -0.7121
vn -0.2787 0.7037 -0.6536
vn -0.3399 0.9098 -0.2381
vn -0.4961 0.7059 -0.5056
vn -0.6592 0.7022 -0.2692
vn 0.0001 1.0000 -0.0005
vn -0.1591 0.9079 0.3879
vn 0.1602 0.9081 -0.3869
vn 0.2997 0.9073 0.2948
vn -0.4198 0.9076 -0.0000
vn -0.2381 0.9098 0.3399
vn -0.5056 0.7059 0.4961
vn 0.2381 0.9098 0.3399
vn 0.2692 0.7022 0.6592
vn 0.5056 0.7059 0.4960
vn -0.0000 0.9076 0.4198
vn -0.0001 1.0000 0.0004
vn -0.4049 0.9086 0.1028
vn 0.4049 0.9086 0.1028
vn 0.0034 0.9073 -0.4204
vn -0.2235 0.9084 -0.3532
vn -0.3869 0.9081 -0.1602
vn -0.7121 0.7020 -0.0042
vn -0.6536 0.7037 0.2787
vn -0.5065 0.7020 -0.5006
vn -0.2692 0.7003 -0.6612
vn 0.5056 0.7059 -0.4961
vn -0.1544 0.9759 0.1544
vn 0.1544 0.9759 -0.1544
vn -0.1544 0.9759 -0.1544
vn -0.0000 -1.0000 -0.0000
vn -0.0000 -0.0000 1.0000
vn 1.0000 -0.0000 -0.0000
vn -0.0000 -0.0000 -1.0000
vn -1.0000 -0.0000 -0.0000
vn -0.0000 0.9175 0.3977
vn 0.1544 0.9759 0.1544
vn 0.3977 0.9175 -0.0000
vn -0.0000 0.9175 -0.3977
vn -0.3977 0.9175 -0.0000
vn 0.9511 -0.0000 -0.3090
vn 0.8090 -0.0000 -0.5878
vn 0.5878 -0.0000 -0.8090
vn 0.3090 -0.0000 -0.9511
vn -0.3090 -0.0000 -0.9511
vn -0.5878 -0.0000 -0.8090
vn -0.8090 -0.0000 -0.5878
vn -0.9511 -0.0000 -0.3090
vn -0.9511 -0.0000 0.3090
vn -0.8090 -0.0000 0.5878
vn -0.5878 -0.0000 0.8090
vn -0.3090 -0.0000 0.9511
vn 0.3090 -0.0000 0.9511
vn 0.5878 -0.0000 0.8090
vn 0.8090 -0.0000 0.5878
vn 0.9511 -0.0000 0.3090
vn 0.8402 0.5422 -0.0000
vn 0.7991 0.5422 -0.2597
vn 0.6798 0.5422 -0.4939
vn 0.4939 0.5422 -0.6798
vn 0.2597 0.5422 -0.7991
vn -0.0000 0.5422 -0.8403
vn -0.2597 0.5422 -0.7991
vn -0.2596 0.5422 -0.7991
vn -0.4939 0.5422 -0.6798
vn -0.6798 0.5422 -0.4939
vn -0.7991 0.5422 -0.2597
vn -0.8402 0.5422 -0.0000
vn -0.7991 0.5422 0.2597
vn -0.6798 0.5422 0.4939
vn -0.4939 0.5422 0.6798
vn -0.2597 0.5422 0.7991
vn -0.0000 0.5422 0.8403
vn 0.2597 0.5422 0.7991
vn 0.4939 0.5422 0.6798
vn 0.6798 0.5422 0.4939
vn 0.7991 0.5422 0.2596
vn 0.7991 0.5422 0.2597
vn 0.2882 0.9530 -0.0936
vn 0.3030 0.9530 -0.0000
vn 0.2452 0.9530 -0.1781
vn 0.1781 0.9530 -0.2452
vn 0.0936 0.9530 -0.2882
vn -0.0000 0.9530 -0.3030
vn -0.0936 0.9530 -0.2882
vn -0.1781 0.9530 -0.2452
vn -0.2452 0.9530 -0.1781
vn -0.2882 0.9530 -0.0936
vn -0.3030 0.9530 -0.0000
vn -0.2882 0.9530 0.0936
vn -0.2882 0.9530 0.0937
vn -0.2452 0.9530 0.1781
vn -0.1781 0.9530 0.2452
vn -0.0936 0.9530 0.2882
vn -0.0000 0.9530 0.3030
vn -0.0000 0.9530 0.3031
vn 0.0936 0.9530 0.2882
vn 0.1781 0.9530 0.2452
vn 0.2452 0.9530 0.1781
vn 0.2882 0.9530 0.0936
vn 0.7421 -0.6703 -0.0000
vn 0.7058 -0.6703 -0.2293
vn 0.6004 -0.6703 -0.4362
vn 0.4362 -0.6703 -0.6004
vn 0.2293 -0.6703 -0.7058
vn -0.0000 -0.6703 -0.7421
vn -0.2293 -0.6703 -0.7058
vn -0.4362 -0.6703 -0.6004
vn -0.6004 -0.6703 -0.4362
vn -0.7058 -0.6703 -0.2293
vn -0.7421 -0.6703 -0.0000
vn -0.7058 -0.6703 0.2293
vn -0.6004 -0.6703 0.4362
vn -0.4362 -0.6703 0.6004
vn -0.2293 -0.6703 0.7058
vn -0.0000 -0.6703 0.7421
vn 0.2293 -0.6703 0.7058
vn 0.4362 -0.6703 0.6004
vn 0.6004 -0.6703 0.4362
vn 0.7058 -0.6703 0.2293
vn 0.1211 0.9926 -0.0000
vn 0.1152 0.9926 -0.0374
vn 0.0980 0.9926 -0.0712
vn 0.0712 0.9926 -0.0980
vn 0.0374 0.9926 -0.1152
vn -0.0000 0.9926 -0.1211
vn -0.0374 0.9926 -0.1152
vn -0.0712 0.9926 -0.0980
vn -0.0980 0.9926 -0.0712
vn -0.1152 0.9926 -0.0374
vn -0.1211 0.9926 -0.0000
vn -0.1152 0.9926 0.0374
vn -0.0980 0.9926 0.0712
vn -0.0712 0.9926 0.0980
vn -0.0374 0.9926 0.1152
vn -0.0000 0.9926 0.1211
vn 0.0374 0.9926 0.1152
vn 0.0712 0.9926 0.0980
vn 0.0980 0.9926 0.0712
vn 0.1152 0.9926 0.0374
vn 0.2870 0.9579 -0.0000
vn 0.2730 0.9579 -0.0887
vn 0.2322 0.9579 -0.1687
vn 0.1687 0.9579 -0.2322
vn 0.0887 0.9579 -0.2730
vn -0.0000 0.9579 -0.2870
vn -0.0887 0.9579 -0.2730
vn -0.1687 0.9579 -0.2322
vn -0.2322 0.9579 -0.1687
vn -0.2730 0.9579 -0.0887
vn -0.2870 0.9579 -0.0000
vn -0.2730 0.9579 0.0887
vn -0.2322 0.9579 0.1687
vn -0.1687 0.9579 0.2322
vn -0.0887 0.9579 0.2730
vn -0.0000 0.9579 0.2870
vn 0.0887 0.9579 0.2730
vn 0.1687 0.9579 0.2322
vn 0.2322 0.9579 0.1687
vn 0.2730 0.9579 0.0887
vn 0.9458 0.0043 -0.3247
vn 0.9008 -0.0058 -0.4342
vn 0.8563 0.0029 -0.5165
vn 0.4335 0.0028 -0.9012
vn 0.4753 -0.0028 -0.8798
vn 0.4293 0.0033 -0.9031
vn -0.1794 0.0029 -0.9838
vn -0.1327 -0.0028 -0.9911
vn -0.1840 0.0034 -0.9829
vn -0.7222 0.0057 -0.6916
vn -0.9999 0.0043 0.0167
vn -0.9909 -0.0058 0.1346
vn -0.9739 0.0029 0.2270
vn -0.6903 0.0028 0.7235
vn -0.7238 -0.0028 0.6900
vn -0.6869 0.0034 0.7268
vn -0.1854 -0.0044 0.9827
vn 0.0122 0.0016 0.9999
vn -0.1967 -0.0032 0.9805
vn 0.8174 0.0046 0.5761
vn 0.1346 0.9823 -0.1303
vn 0.1841 0.9808 -0.0645
vn 0.1304 0.9810 -0.1439
vn 0.1920 0.9810 0.0273
vn 0.1825 0.9827 -0.0302
vn 0.0378 0.9825 -0.1825
vn -0.0751 0.9822 -0.1724
vn 0.0250 0.9818 -0.1882
vn -0.0938 0.9809 -0.1706
vn -0.1520 0.9812 -0.1188
vn -0.1798 0.9823 0.0530
vn -0.1711 0.9806 0.0961
vn 0.0542 0.9820 0.1807
vn 0.1766 0.9823 0.0629
vn 0.8764 -0.1784 -0.4474
vn 0.9026 -0.0010 -0.4305
vn 0.4775 0.0006 -0.8786
vn -0.8700 -0.1729 0.4618
vn -0.4489 -0.1735 0.8766
vn -0.4779 -0.0008 0.8784
vn -0.1365 -0.1964 0.9710
vn 0.0874 0.0028 0.9962
vn 0.9766 -0.1740 0.1260
vn 0.2942 -0.1641 -0.9415
vn 0.7078 -0.1642 0.6870
vn 0.9762 -0.1524 0.1545
vn 0.2759 0.2656 -0.9238
vn 0.0897 0.0242 -0.9957
vn -0.2796 0.3346 -0.8999
vn -0.8778 0.2473 -0.4102
vn -0.9555 0.2592 0.1409
vn 0.7527 0.0286 0.6577
vn -0.8479 0.5112 0.1407
vn -0.8521 0.5021 0.1480
vn -0.6063 0.5026 0.6163
vn -0.5963 0.5136 0.6170
vn 0.3950 0.8975 -0.1962
vn -0.4009 0.8940 0.1999
vn 0.4244 0.9014 0.0856
vn -0.1798 0.0010 -0.9837
vn -0.0727 -0.0042 -0.9973
vn -0.1846 0.0012 -0.9828
vn 0.4283 0.0054 -0.9036
vn -0.7288 -0.0016 -0.6848
vn -0.7271 -0.0014 -0.6865
vn -0.7270 -0.0014 -0.6866
vn 0.0007 0.5254 -0.8509
vn -0.0002 0.4801 -0.8772
vn 0.0007 0.5259 -0.8506
vn -0.9978 0.0043 -0.0665
vn -0.7215 0.0058 0.6924
vn 0.6924 0.0058 0.7215
vn 0.0004 0.9841 -0.1774
vn -0.0007 0.9697 -0.2444
vn 0.0004 0.9843 -0.1767
vn 0.0003 0.8779 0.4789
vn -0.0003 0.9034 0.4288
vn 0.0004 0.8776 0.4794
vn 0.0003 0.4288 0.9034
vn -0.0003 0.4788 0.8779
vn 0.0004 0.4283 0.9036
vn 0.0003 -0.1841 0.9829
vn -0.0003 -0.1286 0.9917
vn 0.0004 -0.1846 0.9828
vn 0.0007 -0.7678 0.6407
vn -0.0004 -0.7221 0.6918
vn 0.0007 -0.7683 0.6401
vn 0.0004 -0.9908 -0.1355
vn -0.0007 -0.9977 -0.0673
vn 0.0004 -0.9907 -0.1362
vn 0.0002 -0.6927 -0.7212
vn -0.0004 -0.7217 -0.6922
vn 0.0002 -0.6924 -0.7215
vn -0.0002 -0.1692 -0.9856
vn 0.0002 -0.1436 -0.9896
vn -0.0002 -0.1694 -0.9855
vn -0.6977 0.1478 0.7010
vn 0.9239 -0.3827 -0.0000
vn 0.0052 0.9251 -0.3797
vn -0.8921 0.2097 -0.4002
vn -0.8521 -0.3507 -0.3886
vn -0.0034 -0.9224 -0.3862
vn -0.5070 -0.7674 -0.3925
vn 0.8523 -0.3616 -0.3778
vn -0.6988 0.1241 -0.7044
vn -0.6675 -0.2685 -0.6946
vn -0.3644 -0.6119 -0.7020
vn -0.0207 0.9997 -0.0151
vn -0.8556 -0.3510 -0.3805
vn 0.0019 -0.9255 -0.3787
vn 0.8970 -0.2050 -0.3916
vn 0.7628 0.5083 -0.3997
vn 0.9334 0.3588 -0.0092
vn 0.1704 0.9007 -0.3996
vn 0.7051 -0.0845 -0.7041
vn 0.1626 0.6843 -0.7109
vn 0.5969 0.3840 -0.7045
vn -0.2665 -0.8999 0.3452
vn -0.3828 -0.8817 0.2756
vn -0.4158 -0.8719 0.2587
vn -0.0677 -0.2043 0.9766
vn -0.0846 -0.2226 0.9712
vn -0.0686 -0.1985 0.9777
vn 0.2888 0.7198 0.6312
vn 0.3721 0.5383 0.7562
vn 0.3503 0.5330 0.7702
vn 0.2675 0.7392 -0.6181
vn 0.2751 0.6767 -0.6829
vn 0.2786 0.7477 -0.6028
vn 0.2667 0.9635 -0.0231
vn -0.0549 -0.1945 -0.9794
vn -0.0821 -0.1358 -0.9873
vn -0.0597 -0.2011 -0.9778
vn -0.6252 -0.7204 0.3003
vn -0.6489 -0.7130 0.2656
vn -0.2324 -0.8961 -0.3782
vn -0.8213 -0.5323 0.2053
vn -0.1372 -0.2091 0.9682
vn -0.1578 -0.1829 0.9704
vn 0.5027 0.4922 -0.7106
vn 0.3936 0.5912 -0.7039
vn -0.1415 -0.0813 0.9866
vn 0.5816 0.2444 0.7759
vn 0.8029 0.5768 0.1505
vn -0.1340 -0.0734 -0.9883
vn -0.0724 -0.1368 -0.9879
vn -0.9637 -0.1200 0.2384
vn -0.9499 0.1885 0.2493
vn -0.9551 0.1876 0.2295
vn -0.2779 0.0581 0.9589
vn 0.9482 0.1141 -0.2964
vn 0.9508 0.1111 -0.2893
vn 0.9466 0.1161 -0.3007
vn -0.6951 0.1407 -0.7050
vn 0.6163 0.1562 -0.7719
vn -0.8316 0.4895 0.2622
vn -0.2486 0.1122 0.9621
vn 0.5761 -0.5267 -0.6251
vn -0.7413 0.6219 0.2524
vn -0.8177 0.5095 0.2679
vn -0.6241 0.7324 -0.2723
vn 0.1560 -0.6216 0.7676
vn 0.4939 -0.5172 0.6989
vn 0.1980 -0.9501 0.2411
vn 0.1142 -0.6502 -0.7511
vn 0.2253 -0.7205 -0.6559
vn -0.1059 0.2488 -0.9627
vn -0.0432 0.1625 -0.9858
vn -0.1069 0.2603 -0.9596
vn 0.0051 0.9738 0.2274
vn -0.2711 0.6700 -0.6911
vn 0.0621 0.2026 0.9773
vn -0.1312 0.6787 0.7226
vn -0.2062 -0.5922 0.7790
vn 0.1184 -0.6245 0.7720
vn -0.0564 -0.9846 0.1656
vn -0.2364 -0.6501 -0.7221
vn -0.0404 0.1591 -0.9864
vn 0.0772 0.2059 -0.9755
vn 0.0546 0.6979 -0.7141
vn 0.0557 0.6940 -0.7178
vn 0.5601 0.4037 0.7234
vn 0.4379 0.5702 0.6951
vn 0.0865 0.2011 0.9757
vn 0.1245 0.1087 0.9862
vn -0.5024 -0.3811 0.7761
vn -0.2362 -0.5834 0.7771
vn -0.5990 -0.7847 0.1597
vn -0.5988 -0.7850 0.1587
vn -0.5990 -0.7846 0.1599
vn -0.2602 -0.6499 -0.7141
vn 0.0901 0.1964 -0.9764
vn 0.9594 0.2022 0.1965
vn 0.8850 0.4248 0.1906
vn -0.9157 -0.2140 0.3403
vn -0.9220 -0.3440 0.1777
vn -0.9263 -0.3428 0.1562
vn -0.9121 -0.2129 -0.3503
vn 0.9725 -0.0445 0.2287
vn 0.9600 0.2057 0.1898
vn 0.3790 -0.0648 0.9231
vn -0.9131 -0.2038 0.3531
vn -0.9266 0.0315 0.3746
vn -0.9246 0.0316 0.3796
vn -0.9266 0.0315 -0.3747
vn -0.3381 0.0105 -0.9410
vn 0.6734 0.1454 -0.7249
vn 0.9221 -0.2678 0.2791
vn 0.9730 -0.0502 0.2254
vn -0.8954 0.2676 0.3560
vn 0.2795 -0.1163 0.9531
vn -0.8954 0.2676 -0.3560
vn -0.8973 0.2694 -0.3496
vn 0.9219 -0.2691 0.2788
vn 0.8008 -0.5460 0.2463
vn 0.8077 -0.5442 0.2270
vn -0.3250 0.0615 -0.9437
vn -0.3704 0.1556 -0.9157
vn 0.2754 -0.1597 0.9480
vn -0.7648 0.5335 0.3612
vn -0.7585 0.5280 0.3820
vn -0.3701 0.2040 -0.9063
vn 0.5380 -0.7685 0.3463
vn -0.5508 0.7867 0.2787
vn 0.1345 -0.2565 0.9571
vn 0.2842 -0.2798 0.9171
vn 0.2688 -0.9316 0.2448
vn 0.2663 -0.9370 0.2262
vn -0.2881 0.4694 -0.8347
vn -0.1774 0.1992 -0.9638
vn 0.5306 -0.7597 -0.3760
vn 0.1191 -0.3068 0.9443
vn -0.2680 0.8986 0.3475
vn -0.2638 0.8863 0.3807
vn 0.0108 -0.0187 -0.9998
vn 0.0433 -0.9644 0.2608
vn -0.0357 0.9606 0.2758
vn -0.2196 -0.9585 0.1816
vn -0.2208 -0.9636 0.1506
vn -0.0284 0.7737 -0.6330
vn -0.0154 0.2386 -0.9710
vn 0.0559 0.2309 0.9714
vn -0.1478 -0.6344 0.7587
vn 0.1781 0.9145 0.3632
vn 0.1864 0.9141 0.3601
vn -0.0771 -0.3346 -0.9392
vn -0.4539 -0.8557 0.2486
vn 0.0508 0.2015 0.9782
vn 0.4412 0.8535 0.2773
vn 0.1508 0.2085 -0.9663
vn 0.0461 0.2026 -0.9782
vn 0.4120 0.6296 -0.6587
vn -0.0039 -0.0222 -0.9997
vn -0.4795 -0.8378 0.2612
vn -0.6128 -0.7462 0.2601
vn 0.6195 0.7397 0.2628
vn 0.4699 0.8442 0.2580
vn -0.2174 -0.2251 0.9498
vn -0.6328 -0.7260 0.2693
vn -0.7411 -0.5790 0.3399
vn 0.5709 0.6068 -0.5530
vn -0.2743 -0.1980 0.9410
vn 0.2062 0.1467 0.9675
vn 0.7879 0.5884 0.1817
vn 0.4121 0.3081 -0.8575
vn 0.6049 0.5003 -0.6194
vn -0.7545 -0.5556 0.3493
vn -0.7862 -0.5130 0.3445
vn -0.7489 -0.5627 -0.3500
vn 0.8319 0.5263 0.1758
vn -0.2608 -0.2040 0.9436
vn -0.7862 -0.5130 -0.3445
vn 0.5447 0.3505 -0.7619
vn -0.1861 -0.2297 0.9553
vn 0.8279 0.5330 0.1748
vn 0.4200 0.3727 -0.8274
vn 0.6071 0.4421 -0.6603
vn 0.1899 0.1513 -0.9701
vn -0.6430 -0.6002 -0.4757
vn -0.4267 -0.8348 0.3479
vn -0.7131 -0.6665 0.2175
vn -0.1443 -0.4710 0.8703
vn -0.4267 -0.8348 -0.3480
vn -0.7131 -0.6665 -0.2175
vn 0.2567 0.3450 -0.9028
vn -0.4209 -0.8236 -0.3801
vn -0.0909 -0.9313 0.3527
vn -0.0942 -0.9323 0.3492
vn -0.1234 -0.5610 0.8185
vn 0.0503 0.2205 0.9741
vn 0.0486 0.2174 0.9749
vn 0.1056 0.9224 0.3714
vn 0.0885 0.9297 -0.3575
vn 0.0515 0.2726 -0.9607
vn -0.0908 -0.9313 -0.3528
vn 0.1959 -0.9183 0.3440
vn -0.1765 0.9547 -0.2395
vn -0.1827 0.9566 -0.2268
vn 0.0439 -0.2205 0.9744
vn 0.0286 -0.2475 0.9685
vn 0.1973 -0.9040 -0.3793
vn 0.2032 -0.9015 -0.3821
vn -0.0239 0.4067 -0.9132
vn 0.3083 -0.9347 0.1768
vn 0.2961 -0.9471 0.1238
vn 0.0577 -0.2161 0.9747
vn 0.0579 -0.2139 0.9751
vn 0.0905 -0.3756 -0.9224
vn -0.3923 0.8298 0.3969
vn -0.2986 0.9273 -0.2259
vn 0.3768 -0.8469 -0.3752
vn 0.9584 -0.2853 -0.0000
vn -0.9339 -0.3577 -0.0000
vn -0.9338 -0.3577 -0.0000
vn -0.7858 -0.1129 0.6081
vn -0.6963 -0.1574 0.7003
vn -0.7895 -0.1141 0.6030
vn 0.2095 0.0127 0.9777
vn 0.9186 0.1150 0.3780
vn 0.1884 0.0111 -0.9820
vn 0.5740 0.1168 -0.8104
vn 0.2095 0.0127 -0.9777
vn -0.7909 -0.1040 -0.6030
vn -0.2557 -0.0653 -0.9645
vn 0.0220 0.0112 -0.9997
vn -0.8197 -0.5231 0.2335
vn 0.6704 0.2242 -0.7074
vn -0.6846 -0.1764 0.7072
vn -0.6115 -0.3589 0.7052
vn 0.0168 0.0133 0.9998
vn 0.4544 0.2557 0.8533
vn 0.7566 0.4354 0.4878
vn 0.4471 0.2628 -0.8550
vn -0.2233 -0.1308 -0.9659
vn -0.6168 -0.3859 -0.6861
vn -0.6014 -0.3774 0.7042
vn 0.1944 0.2200 0.9559
vn -0.2169 -0.1221 0.9685
vn 0.6102 0.7730 0.1734
vn 0.2156 0.1401 -0.9664
vn 0.1313 0.2297 -0.9644
vn -0.2181 -0.1434 -0.9653
vn -0.1576 -0.2375 -0.9585
vn 0.5821 0.7937 0.1768
vn 0.3541 0.9039 0.2399
vn -0.3479 -0.9226 0.1665
vn -0.5268 -0.8358 0.1546
vn 0.1138 0.3210 0.9402
vn 0.4157 0.4804 0.7723
vn -0.0515 -0.9479 0.3144
vn -0.0351 -0.9354 0.3518
vn 0.4234 0.6744 -0.6049
vn 0.0797 -0.3260 0.9420
vn 0.0384 0.9320 0.3605
vn 0.1342 0.2276 -0.9645
vn -0.1570 -0.2201 -0.9628
vn 0.1081 -0.9345 0.3392
vn 0.3718 -0.4247 0.8255
vn 0.1081 -0.9345 -0.3392
vn 0.1096 -0.9351 -0.3369
vn -0.2717 0.5014 -0.8215
vn -0.0547 0.3588 -0.9318
vn 0.6975 -0.6389 0.3245
vn 0.7248 -0.4686 0.5050
vn 0.8833 -0.4686 0.0110
vn -0.4817 0.5939 -0.6444
vn 0.2439 -0.1312 0.9609
vn 0.3918 -0.2010 0.8978
vn -0.5797 0.4467 -0.6814
vn -0.0354 0.0274 -0.9990
vn 0.6974 -0.6389 -0.3246
vn 0.9331 -0.2867 0.2169
vn 0.9455 -0.2836 0.1597
vn -0.6991 0.3502 -0.6234
vn 0.3116 -0.1234 0.9422
vn 0.3720 -0.1353 0.9183
vn -0.6762 0.1212 0.7267
vn -0.2169 0.0147 -0.9761
vn -0.2313 0.0987 -0.9679
vn -0.1495 0.0050 -0.9887
vn 0.7126 -0.2022 -0.6718
vn 0.0864 -0.9963 -0.0000
vn 0.0865 -0.9963 -0.0000
vn -0.1733 -0.9849 0.0011
vn -0.1732 -0.9849 0.0001
vn -0.1736 -0.9848 -0.0015
vn -0.3033 0.9332 0.1925
vn -0.3872 0.9103 0.1460
vn -0.2877 0.9310 0.2246
vn -0.2673 0.6679 -0.6946
vn -0.2220 0.7024 -0.6763
vn -0.2177 0.6987 -0.6815
vn 0.0821 -0.1358 -0.9873
vn 0.0548 -0.1945 -0.9794
vn 0.0596 -0.2011 -0.9778
vn 0.4158 -0.8719 0.2586
vn 0.2324 -0.8961 -0.3782
vn 0.8213 -0.5323 0.2053
vn 0.6489 -0.7131 0.2656
vn -0.5611 0.8126 0.1575
vn -0.3936 0.5912 -0.7039
vn -0.5028 0.4922 -0.7106
vn 0.1415 -0.0813 0.9866
vn -0.5816 0.2444 0.7759
vn -0.8029 0.5768 0.1505
vn -0.6163 0.1562 -0.7719
vn 0.1340 -0.0734 -0.9883
vn 0.7011 -0.2803 -0.6556
vn 0.9637 -0.1200 0.2384
vn 0.9499 0.1885 0.2493
vn 0.7213 -0.0910 -0.6866
vn 0.6482 -0.4064 -0.6440
vn 0.2734 0.0590 0.9601
vn 0.3222 0.0553 0.9450
vn -0.6532 -0.1249 0.7468
vn -0.7278 0.1706 0.6642
vn -0.9508 0.1110 -0.2893
vn -0.9482 0.1141 -0.2964
vn -0.9466 0.1161 -0.3008
vn -0.6923 -0.1150 0.7124
vn -0.9503 0.0249 0.3104
vn 0.6969 0.1375 -0.7039
vn 0.8052 0.5339 0.2580
vn 0.9550 0.1876 0.2296
vn 0.2187 0.1425 0.9653
vn -0.4617 -0.4406 0.7699
vn -0.4448 -0.4531 0.7726
vn 0.6249 0.3628 -0.6913
vn 0.7100 0.1401 -0.6901
vn 0.5713 0.7795 0.2568
vn 0.7844 0.5589 0.2690
vn 0.3645 0.9012 0.2344
vn 0.5463 0.7939 0.2670
vn 0.1749 0.1763 0.9687
vn 0.1296 0.2004 0.9711
vn 0.3942 0.6310 -0.6682
vn 0.5421 0.5418 -0.6423
vn 0.0437 0.1587 0.9864
vn 0.0428 0.1528 0.9873
vn -0.1418 -0.6182 0.7731
vn -0.1134 -0.6249 0.7724
vn -0.1981 -0.9501 0.2410
vn -0.1135 -0.6448 -0.7559
vn 0.0301 0.1540 -0.9876
vn 0.2748 0.6674 -0.6922
vn 0.0123 0.9792 0.2024
vn 0.0167 0.7603 -0.6493
vn 0.1353 0.7485 -0.6492
vn -0.0568 0.1447 0.9878
vn -0.0572 0.1445 0.9878
vn 0.2063 -0.5921 0.7790
vn 0.2361 -0.5835 0.7771
vn 0.0564 -0.9846 0.1656
vn 0.2364 -0.6501 -0.7222
vn 0.0588 -0.9897 0.1303
vn 0.0851 -0.9782 -0.1895
vn -0.0568 0.1447 -0.9878
vn 0.0281 0.1550 -0.9875
vn -0.6572 0.7205 0.2212
vn -0.7162 0.5304 0.4536
vn -0.2607 0.6347 0.7274
vn -0.1213 0.1019 0.9874
vn 0.5024 -0.3812 0.7761
vn 0.5988 -0.7850 0.1587
vn 0.5989 -0.7847 0.1597
vn 0.5990 -0.7847 0.1599
vn 0.2601 -0.6498 -0.7142
vn -0.1213 0.1019 -0.9874
vn -0.0572 0.1445 -0.9878
vn -0.5034 0.5435 -0.6717
vn -0.9594 0.2022 0.1965
vn -0.8850 0.4248 0.1906
vn -0.9600 0.2057 0.1898
vn -0.6827 0.3209 -0.6564
vn -0.6186 0.4302 -0.6575
vn -0.5996 0.1432 0.7874
vn -0.5631 0.3977 0.7244
vn 0.9156 -0.2140 0.3403
vn 0.9220 -0.3440 0.1777
vn 0.9131 -0.2038 0.3531
vn -0.9725 -0.0445 0.2287
vn 0.9266 0.0315 0.3747
vn 0.9266 0.0315 -0.3747
vn -0.7054 0.0178 -0.7085
vn -0.9221 -0.2678 0.2791
vn -0.9219 -0.2691 0.2788
vn 0.8954 0.2676 0.3560
vn 0.9246 0.0316 0.3796
vn -0.2795 -0.1163 0.9531
vn 0.8954 0.2676 -0.3560
vn 0.9246 0.0316 -0.3796
vn -0.8008 -0.5460 0.2463
vn -0.6870 -0.2490 -0.6826
vn -0.2753 -0.1597 0.9480
vn 0.7648 0.5335 0.3612
vn 0.8973 0.2694 0.3496
vn 0.7550 0.5351 -0.3790
vn 0.8973 0.2694 -0.3496
vn -0.4525 -0.2932 -0.8422
vn -0.2562 -0.2737 -0.9271
vn -0.5380 -0.7685 0.3463
vn -0.8077 -0.5442 0.2270
vn 0.5508 0.7867 0.2788
vn 0.7585 0.5280 0.3820
vn -0.2841 -0.2798 0.9171
vn -0.1345 -0.2566 0.9571
vn -0.2688 -0.9316 0.2448
vn -0.5309 -0.7595 0.3760
vn -0.1191 -0.3068 0.9443
vn 0.2679 0.8986 0.3475
vn 0.5561 0.7932 0.2480
vn -0.0433 -0.9644 0.2608
vn -0.2663 -0.9370 0.2262
vn 0.0356 0.9605 0.2759
vn 0.2637 0.8863 0.3808
vn -0.0794 -0.3844 0.9197
vn 0.2196 -0.9586 0.1815
vn -0.0481 -0.9592 0.2785
vn 0.0124 -0.7141 -0.7000
vn -0.0559 0.2309 0.9714
vn -0.1782 0.9145 0.3632
vn 0.0348 0.9692 0.2439
vn -0.0461 0.2026 -0.9782
vn 0.4539 -0.8557 0.2485
vn 0.2208 -0.9636 0.1505
vn -0.4412 0.8535 0.2774
vn -0.1865 0.9141 0.3601
vn -0.4699 0.8441 0.2582
vn -0.1508 0.2085 -0.9663
vn 0.2992 -0.6519 -0.6968
vn 0.1629 -0.7099 -0.6853
vn 0.6212 -0.7400 0.2580
vn 0.4795 -0.8378 0.2610
vn -0.6195 0.7397 0.2628
vn 0.2175 -0.2251 0.9498
vn 0.7579 -0.5991 0.2582
vn 0.6414 -0.7213 0.2615
vn 0.5097 -0.5455 -0.6653
vn 0.2742 -0.1980 0.9411
vn 0.2608 -0.2040 0.9436
vn -0.2062 0.1467 0.9675
vn -0.7879 0.5885 0.1817
vn 0.1847 -0.1472 -0.9717
vn 0.6101 -0.4654 -0.6412
vn 0.7876 -0.5141 0.3396
vn 0.7752 -0.5752 0.2613
vn -0.8319 0.5263 0.1758
vn 0.7131 -0.6665 0.2175
vn 0.0244 -0.0037 -0.9997
vn -0.3826 0.3345 0.8612
vn -0.2546 0.3427 0.9043
vn 0.4266 -0.8348 0.3479
vn -0.2958 0.6508 0.6992
vn 0.4210 -0.8237 0.3799
vn 0.4266 -0.8348 -0.3479
vn 0.4210 -0.8237 -0.3799
vn -0.2567 0.3449 -0.9028
vn 0.0908 -0.9313 0.3527
vn 0.1234 -0.5611 0.8185
vn -0.0503 0.2205 0.9741
vn -0.1056 0.9225 0.3713
vn -0.4537 0.8157 0.3589
vn -0.0885 0.9297 -0.3575
vn -0.0245 -0.3284 -0.9442
vn 0.0908 -0.9313 -0.3527
vn -0.1950 -0.9117 0.3616
vn 0.0941 -0.9324 0.3491
vn 0.2084 0.9463 -0.2472
vn -0.0950 0.9218 -0.3759
vn -0.0430 -0.2497 0.9674
vn -0.0647 -0.2314 0.9707
vn -0.1964 -0.9041 -0.3794
vn 0.0941 -0.9323 -0.3491
vn 0.1007 -0.4599 -0.8822
vn -0.3250 -0.9103 0.2564
vn -0.1923 -0.9039 0.3820
vn -0.0922 -0.2779 0.9562
vn 0.2401 0.6422 0.7280
vn 0.3549 0.8925 -0.2783
vn 0.2127 0.9504 -0.2269
vn 0.0693 0.2176 -0.9736
vn 0.0555 0.2033 -0.9775
vn -0.9584 -0.2853 -0.0000
vn 0.9339 -0.3577 -0.0000
vn 0.6963 -0.1574 0.7003
vn 0.7858 -0.1129 0.6081
vn 0.7895 -0.1140 0.6030
vn -0.2095 0.0127 -0.9777
vn -0.9231 0.0691 -0.3783
vn 0.7909 -0.1040 -0.6030
vn 0.7813 -0.1087 -0.6146
vn 0.7907 -0.1039 -0.6033
vn 0.8197 -0.5231 0.2335
vn 0.7160 -0.1599 -0.6795
vn 0.6115 -0.3589 0.7052
vn 0.6846 -0.1764 0.7072
vn -0.0168 0.0133 0.9998
vn 0.2169 -0.1221 0.9685
vn -0.4544 0.2558 0.8533
vn -0.7566 0.4354 0.4878
vn -0.4471 0.2628 -0.8550
vn 0.2233 -0.1308 -0.9659
vn 0.6168 -0.3859 -0.6860
vn 0.6376 -0.7196 -0.2751
vn 0.3803 -0.6189 0.6873
vn 0.6014 -0.3774 0.7042
vn -0.1944 0.2200 0.9559
vn 0.2197 -0.4210 0.8800
vn -0.6102 0.7730 0.1735
vn -0.1313 0.2297 -0.9644
vn -0.2156 0.1402 -0.9664
vn 0.1576 -0.2375 -0.9585
vn 0.2181 -0.1433 -0.9653
vn -0.3541 0.9039 0.2399
vn -0.5821 0.7937 0.1768
vn 0.5268 -0.8358 0.1546
vn 0.3480 -0.9226 0.1665
vn -0.4157 0.4804 0.7723
vn -0.1138 0.3210 0.9402
vn 0.0514 -0.9479 0.3145
vn 0.4111 -0.6652 -0.6233
vn -0.0797 -0.3260 0.9420
vn 0.1197 -0.4793 0.8695
vn -0.0383 0.9320 0.3605
vn -0.3709 0.9008 0.2258
vn -0.1342 0.2275 -0.9645
vn 0.0739 -0.4054 -0.9111
vn -0.0839 -0.3263 -0.9415
vn -0.1081 -0.9344 0.3393
vn 0.0352 -0.9354 0.3519
vn -0.1081 -0.9344 -0.3394
vn -0.6975 -0.6389 0.3245
vn 0.0354 0.0274 0.9990
vn 0.7999 0.4119 0.4365
vn 0.7636 0.5991 0.2409
vn 0.5797 0.4467 -0.6815
vn 0.0354 0.0274 -0.9990
vn 0.2313 0.0987 -0.9679
vn -0.6975 -0.6389 -0.3246
vn -0.8852 -0.4651 0.0079
vn -0.9421 -0.2826 0.1808
vn 0.9395 0.2511 0.2332
vn 0.6991 0.3502 -0.6234
vn 0.2169 0.0147 0.9761
vn 0.2313 0.0987 0.9679
vn -0.9520 -0.2807 0.1224
vn -0.2329 -0.0852 0.9688
vn 0.8915 0.2263 0.3924
vn 0.6093 0.3268 0.7224
vn 0.2169 0.0147 -0.9761
vn 0.1495 0.0050 -0.9887
vn -0.7126 -0.2022 -0.6718
vn -0.0864 -0.9963 -0.0000
vn 0.1724 -0.9850 -0.0000
vn 0.1754 -0.9845 -0.0000
vn -0.7540 -0.5499 0.3592
vn -0.2032 -0.9072 0.3683
vn -0.4629 0.8195 -0.3379
vn -0.4859 0.8740 -0.0048
vn -0.6460 0.6614 -0.3811
vn 0.9094 0.1632 -0.3827
vn 0.5198 0.7497 -0.4097
vn 0.1551 0.9223 -0.3539
vn 0.1145 0.9934 0.0065
vn -0.1261 0.7108 -0.6920
vn 0.3791 0.5946 -0.7090
vn 0.8500 -0.0011 -0.5268
vn 0.9021 -0.0084 -0.4315
vn 0.8463 -0.0006 -0.5328
vn -0.7343 0.0031 0.6788
vn -0.7178 0.0012 0.6963
vn -0.7169 0.0011 0.6972
vn 0.0561 0.0045 -0.9984
vn -0.9109 0.0090 -0.4124
vn 0.2480 0.0077 0.9687
vn 0.0842 -0.0019 0.9965
vn 0.2551 0.0081 0.9669
vn 0.7907 -0.0105 0.6121
vn 0.8020 -0.0096 0.5972
vn 0.9687 0.0085 0.2481
vn 0.9732 0.0093 0.2297
vn -0.8537 -0.3505 0.3852
vn 0.7228 0.6910 -0.0100
vn -0.4973 0.7944 -0.3489
vn -0.7673 0.4946 -0.4081
vn -0.9199 -0.3922 -0.0007
vn -0.6610 -0.6439 -0.3852
vn -0.8978 -0.1745 -0.4043
vn 0.1441 0.9276 -0.3446
vn -0.7028 -0.1074 -0.7033
vn -0.5917 0.3975 -0.7014
vn -0.6983 -0.0010 0.7158
vn -0.7159 0.0010 0.6982
vn -0.7170 0.0011 0.6971
vn 0.8463 0.0018 -0.5327
vn 0.0561 0.0075 -0.9984
vn -0.9109 0.0090 -0.4125
vn -0.1367 0.9906 -0.0003
vn -0.2442 0.9697 0.0011
vn -0.1355 0.9908 -0.0004
vn 0.2550 0.0046 0.9669
vn 0.9412 -0.0045 0.3377
vn 0.9430 -0.0041 0.3329
vn 0.9720 0.0031 0.2348
vn 0.9732 0.0035 0.2298
vn 0.4789 0.8779 -0.0003
vn 0.4288 0.9034 0.0003
vn 0.4793 0.8777 -0.0004
vn 0.9034 0.4287 -0.0003
vn 0.8779 0.4788 0.0003
vn 0.9036 0.4283 -0.0004
vn 0.9829 -0.1841 -0.0003
vn 0.9917 -0.1286 0.0003
vn 0.9828 -0.1846 -0.0004
vn 0.6407 -0.7678 -0.0007
vn 0.6918 -0.7221 0.0004
vn 0.6401 -0.7683 -0.0007
vn -0.1952 -0.9808 -0.0013
vn -0.0682 -0.9977 0.0006
vn -0.1966 -0.9805 -0.0014
vn -0.3873 -0.9220 -0.0024
vn -0.3806 -0.7796 -0.4973
vn -0.3786 0.6595 -0.6494
vn -0.0000 0.7071 -0.7071
vn -0.6951 -0.5987 -0.3980
vn -0.0101 -0.9150 -0.4034
vn -0.0138 0.7245 0.6892
vn -0.3969 -0.8968 -0.1955
vn -0.3883 0.0035 -0.9215
vn -0.3875 0.8484 -0.3607
vn -0.3806 0.4973 -0.7796
vn -0.6944 0.3967 -0.6004
vn 0.3452 -0.8999 0.2665
vn 0.2757 -0.8817 0.3828
vn 0.2587 -0.8719 0.4158
vn 0.9766 -0.2043 0.0677
vn 0.9712 -0.2226 0.0846
vn 0.9777 -0.1985 0.0686
vn 0.6312 0.7198 -0.2889
vn 0.7561 0.5383 -0.3722
vn 0.7701 0.5331 -0.3504
vn -0.6181 0.7392 -0.2675
vn -0.6829 0.6767 -0.2751
vn -0.6028 0.7476 -0.2786
vn -0.0233 0.9635 -0.2667
vn -0.9794 -0.1945 0.0549
vn -0.9873 -0.1358 0.0821
vn -0.9778 -0.2011 0.0597
vn 0.3003 -0.7204 0.6252
vn 0.2657 -0.7130 0.6488
vn -0.3782 -0.8961 0.2324
vn 0.2053 -0.5323 0.8213
vn 0.9682 -0.2090 0.1372
vn 0.9704 -0.1829 0.1578
vn -0.7106 0.4922 -0.5027
vn -0.7040 0.5912 -0.3936
vn 0.9866 -0.0813 0.1415
vn 0.7759 0.2444 -0.5816
vn 0.1507 0.5768 -0.8029
vn -0.7539 0.2302 -0.6154
vn -0.9883 -0.0574 0.1411
vn -0.9879 -0.1368 0.0724
vn 0.2384 -0.1200 0.9637
vn 0.2493 0.1885 0.9499
vn 0.2295 0.1876 0.9551
vn 0.9589 0.0581 0.2779
vn 0.7821 0.2219 -0.5824
vn 0.2702 0.1026 -0.9573
vn 0.1997 0.0719 -0.9772
vn 0.1763 0.0616 -0.9824
vn -0.6627 0.1397 -0.7357
vn -0.3103 0.0248 -0.9503
vn -0.9880 -0.0565 0.1436
vn -0.6609 0.1489 0.7355
vn 0.2623 0.4896 0.8316
vn 0.9621 0.1122 0.2486
vn 0.7965 -0.0718 -0.6004
vn -0.1051 -0.3468 -0.9320
vn 0.1761 -0.4316 -0.8847
vn 0.0657 -0.4024 -0.9131
vn -0.1844 -0.3167 -0.9304
vn 0.2524 0.6219 0.7413
vn 0.2679 0.5095 0.8177
vn -0.2722 0.7324 0.6241
vn 0.7644 -0.6356 -0.1077
vn 0.5623 -0.8098 -0.1674
vn -0.7474 -0.6544 -0.1147
vn -0.6559 -0.7205 -0.2253
vn -0.3158 -0.8528 -0.4160
vn -0.9627 0.2488 0.1059
vn -0.9858 0.1625 0.0432
vn -0.9596 0.2603 0.1069
vn 0.2274 0.9738 -0.0051
vn -0.6911 0.6700 0.2711
vn 0.9773 0.2026 -0.0622
vn 0.7226 0.6788 0.1312
vn 0.7790 -0.5922 0.2063
vn 0.1657 -0.9846 0.0564
vn -0.7222 -0.6501 0.2363
vn -0.9864 0.1591 0.0404
vn -0.9755 0.2059 -0.0773
vn -0.7142 0.6978 -0.0546
vn -0.7179 0.6939 -0.0557
vn 0.7234 0.4038 -0.5601
vn 0.6951 0.5702 -0.4379
vn 0.9757 0.2011 -0.0866
vn 0.9863 0.1087 -0.1245
vn 0.7761 -0.3812 0.5024
vn 0.7771 -0.5834 0.2361
vn 0.1597 -0.7847 0.5989
vn 0.1586 -0.7850 0.5988
vn 0.1600 -0.7846 0.5990
vn -0.7142 -0.6498 0.2601
vn -0.9764 0.1965 -0.0901
vn 0.1965 0.2022 -0.9594
vn 0.1907 0.4248 -0.8850
vn 0.3403 -0.2139 0.9157
vn 0.1778 -0.3440 0.9220
vn 0.1564 -0.3428 0.9263
vn -0.3503 -0.2129 0.9121
vn 0.2287 -0.0445 -0.9725
vn 0.1898 0.2057 -0.9600
vn 0.9231 -0.0648 -0.3790
vn 0.3531 -0.2039 0.9131
vn 0.3747 0.0314 0.9266
vn 0.3796 0.0316 0.9246
vn -0.3746 0.0315 0.9266
vn -0.9410 0.0105 0.3381
vn -0.7249 0.1455 -0.6734
vn 0.2792 -0.2678 -0.9221
vn 0.2253 -0.0502 -0.9730
vn 0.3560 0.2676 0.8954
vn 0.9531 -0.1163 -0.2795
vn -0.3560 0.2676 0.8954
vn -0.3496 0.2694 0.8973
vn 0.2788 -0.2691 -0.9219
vn 0.2463 -0.5460 -0.8008
vn 0.2270 -0.5442 -0.8077
vn -0.9437 0.0615 0.3250
vn -0.9158 0.1556 0.3703
vn 0.9480 -0.1598 -0.2754
vn 0.3613 0.5334 0.7648
vn 0.3821 0.5280 0.7585
vn -0.9063 0.2040 0.3701
vn 0.3462 -0.7685 -0.5380
vn 0.2788 0.7867 0.5508
vn 0.9571 -0.2565 -0.1345
vn 0.9171 -0.2798 -0.2841
vn 0.2448 -0.9316 -0.2688
vn 0.2262 -0.9370 -0.2663
vn -0.8347 0.4694 0.2881
vn -0.9638 0.1992 0.1775
vn -0.3760 -0.7597 -0.5306
vn 0.9443 -0.3068 -0.1191
vn 0.3475 0.8986 0.2679
vn 0.3808 0.8862 0.2638
vn -0.9998 -0.0187 -0.0108
vn 0.2609 -0.9644 -0.0433
vn 0.2758 0.9606 0.0357
vn 0.1816 -0.9586 0.2196
vn 0.1505 -0.9636 0.2208
vn -0.6330 0.7737 0.0284
vn -0.9710 0.2386 0.0154
vn 0.9714 0.2309 -0.0559
vn 0.7587 -0.6344 0.1479
vn 0.3631 0.9145 -0.1781
vn 0.3601 0.9141 -0.1864
vn -0.9392 -0.3346 0.0771
vn 0.2486 -0.8557 0.4539
vn 0.9782 0.2015 -0.0508
vn 0.2773 0.8535 -0.4412
vn -0.9663 0.2085 -0.1508
vn -0.9782 0.2026 -0.0461
vn -0.6588 0.6296 -0.4119
vn -0.9997 -0.0222 0.0039
vn 0.2612 -0.8378 0.4795
vn 0.2601 -0.7462 0.6128
vn -0.1701 0.7310 -0.6608
vn 0.2580 0.8442 -0.4699
vn 0.9498 -0.2251 0.2174
vn 0.2693 -0.7260 0.6328
vn 0.3399 -0.5789 0.7411
vn 0.9410 -0.1980 0.2743
vn 0.9675 0.1467 -0.2062
vn -0.8765 0.2884 -0.3855
vn 0.3494 -0.5557 0.7544
vn 0.3444 -0.5130 0.7862
vn -0.3499 -0.5627 0.7490
vn -0.3445 -0.5130 0.7862
vn 0.9436 -0.2040 0.2607
vn -0.7648 0.3492 -0.5414
vn 0.9553 -0.2297 0.1861
vn -0.8275 0.3727 -0.4200
vn -0.6603 0.4421 -0.6071
vn -0.9701 0.1513 -0.1900
vn -0.4757 -0.6002 0.6431
vn 0.3480 -0.8348 0.4266
vn 0.2174 -0.6665 0.7131
vn 0.8703 -0.4709 0.1443
vn -0.3480 -0.8348 0.4267
vn -0.2175 -0.6665 0.7131
vn -0.9028 0.3449 -0.2567
vn -0.3801 -0.8236 0.4209
vn 0.3528 -0.9313 0.0908
vn 0.3492 -0.9323 0.0941
vn 0.8186 -0.5610 0.1234
vn 0.9741 0.2205 -0.0503
vn 0.9749 0.2174 -0.0486
vn 0.3714 0.9224 -0.1056
vn -0.3575 0.9297 -0.0885
vn -0.9607 0.2727 -0.0515
vn -0.3528 -0.9313 0.0908
vn 0.3441 -0.9183 -0.1959
vn -0.2644 0.9397 0.2170
vn -0.2269 0.9504 0.2127
vn 0.9707 -0.2314 -0.0647
vn 0.9674 -0.2497 -0.0430
vn -0.3794 -0.9040 -0.1973
vn -0.3822 -0.9015 -0.2032
vn -0.9112 0.4114 0.0215
vn -0.9253 0.3728 0.0693
vn 0.1768 -0.9347 -0.3082
vn 0.1238 -0.9471 -0.2961
vn 0.9562 -0.2779 -0.0922
vn 0.9515 -0.2936 -0.0920
vn 0.7280 0.6421 0.2401
vn -0.3602 0.8545 0.3744
vn -0.9513 -0.3041 -0.0495
vn -0.9310 0.3571 0.0756
vn -0.3753 -0.8469 -0.3767
vn -0.0000 -0.2853 -0.9584
vn -0.0000 -0.3577 0.9338
vn 0.6081 -0.1129 0.7858
vn 0.7003 -0.1573 0.6963
vn 0.6031 -0.1141 0.7895
vn 0.9777 0.0127 -0.2095
vn 0.3780 0.1150 -0.9186
vn -0.9820 0.0111 -0.1884
vn -0.8105 0.1168 -0.5740
vn -0.9777 0.0127 -0.2095
vn -0.6030 -0.1040 0.7909
vn -0.9645 -0.0653 0.2557
vn -0.9997 0.0113 -0.0220
vn 0.2334 -0.5231 0.8197
vn -0.7074 0.2242 -0.6703
vn 0.7072 -0.1764 0.6846
vn 0.7052 -0.3589 0.6115
vn 0.9659 -0.1308 0.2234
vn 0.8558 0.2547 -0.4503
vn 0.4857 0.4337 -0.7589
vn -0.6861 -0.3859 0.6167
vn 0.7042 -0.3774 0.6014
vn 0.9585 -0.2375 0.1576
vn 0.9653 -0.1433 0.2181
vn 0.9664 0.1401 -0.2156
vn -0.9685 -0.1221 0.2169
vn 0.1665 -0.9226 0.3480
vn 0.3144 -0.9479 0.0515
vn 0.3517 -0.9354 0.0351
vn 0.1546 -0.8358 0.5268
vn 0.0986 0.7976 -0.5950
vn -0.2445 0.9149 -0.3211
vn 0.9645 0.2275 -0.1342
vn 0.3792 0.9253 -0.0083
vn -0.9326 0.3574 0.0514
vn -0.9627 -0.2550 0.0903
vn 0.3392 -0.9345 -0.1081
vn 0.8255 -0.4247 -0.3717
vn 0.9415 -0.3263 -0.0839
vn -0.3392 -0.9345 -0.1081
vn -0.3369 -0.9352 -0.1096
vn -0.8220 0.5033 0.2665
vn 0.3246 -0.6389 -0.6974
vn -0.6331 0.6161 0.4686
vn -0.9990 0.0274 0.0354
vn -0.3247 -0.6389 -0.6974
vn -0.1807 -0.2826 -0.9421
vn -0.8306 0.2289 0.5076
vn 0.9761 0.0147 0.2169
vn -0.9761 0.0147 0.2169
vn -0.9688 -0.0852 -0.2329
vn -0.0000 -0.9963 -0.0864
vn -0.0016 -0.9828 0.1848
vn 0.0019 -0.9841 0.1776
vn 0.9772 0.1762 0.1183
vn 0.9771 0.1925 0.0909
vn 0.9750 0.2033 0.0896
vn 0.4809 -0.8519 -0.2074
vn 0.1926 0.9332 0.3033
vn 0.1460 0.9104 0.3872
vn 0.2246 0.9310 0.2877
vn -0.6208 0.7210 0.3080
vn -0.6600 0.7135 0.2352
vn -0.6815 0.6987 0.2177
vn -0.9641 -0.2590 -0.0588
vn -0.2717 -0.8945 -0.3550
vn -0.3453 -0.8999 -0.2665
vn -0.3784 -0.8909 -0.2513
vn 0.2052 -0.5323 -0.8213
vn 0.7101 -0.6420 -0.2892
vn 0.1575 0.8126 0.5612
vn -0.6462 0.6296 0.4312
vn -0.6671 0.5372 0.5162
vn -0.2591 -0.8886 -0.3786
vn -0.2698 -0.8574 -0.4382
vn 0.9709 -0.1532 -0.1842
vn 0.9676 -0.1555 -0.1989
vn 0.6382 0.1755 0.7496
vn 0.1505 0.5768 0.8029
vn -0.6404 0.1344 0.7562
vn -0.6659 -0.4125 -0.6216
vn -0.6572 -0.2948 -0.6937
vn 0.2235 -0.1302 -0.9660
vn 0.1887 0.1929 -0.9629
vn -0.6867 -0.0909 -0.7212
vn 0.3606 0.0896 0.9284
vn 0.3056 0.0740 0.9493
vn 0.9877 -0.0960 -0.1231
vn -0.3795 -0.1537 0.9123
vn -0.3056 0.0740 0.9493
vn -0.7039 0.1375 -0.6968
vn 0.2507 0.5422 -0.8020
vn 0.1526 0.1905 -0.9698
vn 0.2989 -0.3624 0.8828
vn 0.7626 0.0899 -0.6406
vn -0.6913 0.3628 -0.6249
vn -0.6901 0.1402 -0.7100
vn 0.2567 0.7795 -0.5713
vn 0.2676 0.5705 -0.7765
vn 0.3000 0.8815 -0.3646
vn 0.2720 0.7961 -0.5405
vn 0.9706 0.2032 -0.1291
vn -0.6682 0.6310 -0.3942
vn -0.6430 0.5406 -0.5425
vn 0.9736 0.2262 -0.0296
vn 0.9763 0.2088 -0.0562
vn 0.7773 -0.6158 0.1290
vn 0.7764 -0.6193 0.1172
vn 0.2813 -0.9473 0.1532
vn -0.7580 -0.6420 0.1156
vn -0.9771 0.2080 -0.0440
vn -0.7366 0.6099 -0.2925
vn 0.7201 0.6920 0.0505
vn 0.6979 0.7147 0.0462
vn 0.6884 0.7240 0.0445
vn 0.2953 0.8985 -0.3249
vn 0.2705 0.9218 -0.2776
vn 0.9760 0.2014 0.0832
vn 0.7791 -0.5880 -0.2175
vn 0.7768 -0.5856 -0.2316
vn 0.1503 -0.9873 -0.0522
vn -0.4933 -0.8479 -0.1942
vn -0.9747 0.2150 0.0604
vn -0.9779 0.2081 -0.0208
vn -0.2853 0.9478 0.1420
vn 0.9872 0.1094 0.1158
vn -0.2843 0.9512 0.1200
vn -0.2589 0.9422 0.2127
vn 0.7755 -0.3817 -0.5030
vn 0.1595 -0.7841 -0.5998
vn 0.1639 -0.7842 -0.5984
vn 0.1585 -0.7840 -0.6001
vn -0.7138 -0.6503 -0.2600
vn -0.9727 0.2125 0.0934
vn -0.9860 0.1101 0.1252
vn -0.7209 0.3987 0.5668
vn -0.7061 0.5639 0.4282
vn -0.7052 0.5644 0.4290
vn 0.6593 0.3227 0.6791
vn 0.7907 0.1585 0.5914
vn 0.3403 -0.2140 -0.9156
vn 0.1776 -0.3440 -0.9220
vn 0.3531 -0.2038 -0.9131
vn -0.7236 0.1384 0.6762
vn -0.7216 0.4218 0.5489
vn 0.2287 -0.0445 0.9725
vn 0.3747 0.0315 -0.9266
vn -0.3747 0.0315 -0.9266
vn -0.7086 0.0178 0.7054
vn 0.3560 0.2676 -0.8954
vn 0.3796 0.0316 -0.9246
vn 0.9447 -0.1026 0.3116
vn -0.3560 0.2676 -0.8954
vn -0.3796 0.0316 -0.9246
vn -0.6793 -0.2344 0.6954
vn 0.3788 0.5351 -0.7551
vn 0.3496 0.2694 -0.8973
vn -0.3612 0.5335 -0.7648
vn -0.3496 0.2694 -0.8973
vn -0.9343 -0.1710 0.3129
vn -0.9171 -0.2781 0.2858
vn -0.2787 0.7868 -0.5508
vn -0.3820 0.5280 -0.7585
vn 0.9270 -0.2754 0.2545
vn -0.3600 -0.7518 0.5524
vn -0.9531 -0.2612 0.1528
vn 0.2448 -0.9316 0.2688
vn 0.9443 -0.3068 0.1191
vn -0.3636 0.8951 -0.2580
vn -0.2479 0.7933 -0.5561
vn 0.2609 -0.9644 0.0433
vn 0.2263 -0.9370 0.2663
vn 0.2759 0.9605 -0.0356
vn 0.9197 -0.3845 0.0794
vn 0.1815 -0.9586 -0.2196
vn 0.2785 -0.9592 0.0481
vn -0.7000 -0.7141 -0.0124
vn 0.9743 0.2135 0.0717
vn 0.3618 0.9065 0.2177
vn 0.2440 0.9692 -0.0348
vn -0.9780 0.2065 0.0296
vn 0.2485 -0.8557 -0.4539
vn 0.1505 -0.9636 -0.2208
vn -0.2820 0.8438 0.4566
vn 0.9777 0.1953 0.0775
vn 0.9751 0.1841 0.1233
vn -0.6968 -0.6519 -0.2992
vn -0.6853 -0.7098 -0.1628
vn 0.2601 -0.7462 -0.6128
vn 0.2610 -0.8378 -0.4795
vn 0.3399 -0.5790 -0.7411
vn 0.2693 -0.7260 -0.6328
vn 0.9602 -0.2064 -0.1883
vn 0.9423 -0.1967 -0.2708
vn 0.9436 -0.2039 -0.2608
vn 0.9666 0.1496 0.2082
vn -0.9412 -0.1970 -0.2746
vn 0.3445 -0.5130 -0.7862
vn 0.3493 -0.5556 -0.7545
vn -0.3444 -0.5130 -0.7862
vn -0.9434 -0.2028 -0.2624
vn 0.2176 -0.6664 -0.7131
vn 0.8605 0.3334 0.3852
vn 0.9043 0.3427 0.2546
vn -0.9029 0.3443 0.2574
vn 0.3479 -0.8348 -0.4266
vn 0.6992 0.6508 0.2958
vn 0.3800 -0.8236 -0.4210
vn -0.3479 -0.8348 -0.4267
vn -0.3800 -0.8236 -0.4210
vn 0.3527 -0.9313 -0.0908
vn 0.8186 -0.5610 -0.1234
vn 0.9741 0.2205 0.0503
vn 0.3714 0.9225 0.1056
vn 0.3590 0.8156 0.4538
vn -0.3575 0.9297 0.0885
vn -0.9442 -0.3284 0.0245
vn -0.3528 -0.9313 -0.0908
vn 0.3616 -0.9117 0.1950
vn 0.3492 -0.9323 -0.0941
vn -0.2533 0.9468 -0.1987
vn -0.3759 0.9218 0.0950
vn 0.9685 -0.2475 0.0286
vn 0.9744 -0.2205 0.0439
vn -0.3794 -0.9041 0.1965
vn -0.3492 -0.9323 -0.0941
vn -0.8823 -0.4598 -0.1007
vn 0.2563 -0.9103 0.3250
vn 0.3819 -0.9039 0.1924
vn 0.9747 -0.2161 0.0578
vn -0.3464 0.8740 -0.3408
vn -0.2269 0.9535 -0.1984
vn -0.9736 0.2176 -0.0693
vn -0.9775 0.2033 -0.0555
vn -0.0000 -0.2853 0.9584
vn -0.0000 -0.2854 0.9584
vn -0.0000 -0.3576 -0.9339
vn 0.7003 -0.1573 -0.6963
vn 0.6081 -0.1129 -0.7858
vn 0.6030 -0.1140 -0.7895
vn -0.9777 0.0127 0.2094
vn -0.3782 0.0691 0.9231
vn -0.6030 -0.1040 -0.7909
vn -0.6146 -0.1087 -0.7813
vn -0.6033 -0.1039 -0.7907
vn 0.2335 -0.5230 -0.8197
vn -0.6796 -0.1599 -0.7160
vn 0.7052 -0.3589 -0.6115
vn 0.7072 -0.1764 -0.6847
vn 0.9998 0.0134 0.0168
vn 0.9685 -0.1221 -0.2169
vn 0.8533 0.2558 0.4544
vn 0.4884 0.4351 0.7565
vn -0.8566 0.2561 0.4480
vn -0.9659 -0.1308 -0.2234
vn -0.6861 -0.3859 -0.6167
vn -0.2751 -0.7196 -0.6376
vn 0.6873 -0.6189 -0.3803
vn 0.7042 -0.3774 -0.6014
vn 0.9865 -0.1307 -0.0989
vn 0.8801 -0.4210 -0.2197
vn 0.7562 0.4943 0.4287
vn 0.6895 0.5430 0.4793
vn -0.7122 0.3630 0.6009
vn -0.9664 0.1402 0.2156
vn -0.9585 -0.2375 -0.1576
vn -0.9653 -0.1433 -0.2181
vn 0.1665 -0.9226 -0.3480
vn 0.3145 -0.9479 -0.0514
vn 0.1546 -0.8358 -0.5268
vn 0.9294 0.3426 0.1375
vn -0.6233 -0.6652 -0.4111
vn 0.9420 -0.3260 0.0797
vn 0.8694 -0.4794 -0.1197
vn 0.3605 0.9320 0.0383
vn -0.9645 0.2275 0.1342
vn -0.9111 -0.4054 -0.0739
vn -0.9415 -0.3263 0.0839
vn 0.3393 -0.9344 0.1081
vn 0.3519 -0.9354 -0.0352
vn -0.3393 -0.9345 0.1081
vn 0.3246 -0.6389 0.6974
vn 0.9609 -0.1312 0.2439
vn 0.9672 0.1404 -0.2118
vn 0.4799 0.4974 -0.7226
vn -0.6815 0.4467 -0.5797
vn -0.9672 0.1404 -0.2118
vn -0.9664 0.1301 -0.2217
vn -0.9609 -0.1312 0.2439
vn -0.3246 -0.6389 0.6974
vn 0.2516 0.3101 -0.9168
vn 0.1708 0.5664 -0.8062
vn 0.2715 -0.4601 0.8453
vn 0.3017 -0.2545 0.9188
vn -0.6421 0.3202 -0.6965
vn -0.6751 0.1770 -0.7162
vn -0.3017 -0.2545 0.9188
vn -0.2714 -0.4601 0.8454
vn 0.9422 -0.1234 0.3116
vn -0.7219 0.1347 -0.6788
vn -0.7319 0.1421 -0.6664
vn 0.0871 0.2062 -0.9746
vn -0.9421 -0.1234 0.3116
vn -0.9682 0.0819 -0.2364
vn 0.0001 -0.9963 0.0864
vn -0.0000 -0.9963 0.0864
vn 0.0245 -0.9768 -0.2127
vn 0.0226 -0.9772 -0.2110
vn -0.0005 -0.9848 -0.1739
vn -0.0044 0.3943 0.9190
vn 0.0063 -0.6215 0.7834
vn -0.3911 -0.1771 0.9032
vn -0.0051 -0.9616 0.2744
vn -0.6946 -0.1284 0.7078
vn -0.9200 0.0005 -0.3919
vn -0.8511 -0.0082 -0.5249
vn -0.9235 0.0011 -0.3836
vn -0.3862 0.0103 -0.9224
vn -0.8710 0.0030 0.4912
vn -0.8837 0.0011 0.4681
vn -0.8704 0.0031 0.4924
vn 0.9904 0.0029 0.1379
vn 0.9856 0.0050 0.1689
vn 0.9854 0.0051 0.1702
vn 0.6379 0.0078 -0.7700
vn 0.7616 -0.0019 -0.6480
vn 0.6322 0.0082 -0.7747
vn 0.3379 0.8195 0.4629
vn -0.0000 0.7308 0.6826
vn 0.1230 -0.9502 -0.2863
vn -0.0166 -0.0200 -0.9997
vn -0.0101 0.9415 -0.3369
vn 0.3426 0.9326 -0.1138
vn -0.3378 0.8195 0.4629
vn -0.0000 0.8740 0.4859
vn -0.3806 0.6635 0.6442
vn -0.3843 -0.3627 0.8490
vn -0.2640 -0.8020 -0.5358
vn -0.4029 0.7562 -0.5156
vn -0.3539 0.9223 -0.1551
vn -0.0000 0.9934 -0.1145
vn -0.6920 0.7108 0.1261
vn -0.7080 -0.5733 0.4124
vn -0.7115 0.6053 -0.3568
vn -0.2869 0.0065 -0.9579
vn -0.0775 -0.0034 -0.9970
vn -0.2955 0.0069 -0.9553
vn -0.8506 -0.0012 0.5258
vn -0.9087 -0.0095 0.4173
vn -0.8463 -0.0006 0.5328
vn -0.9732 0.0103 -0.2297
vn 0.9574 -0.2748 -0.0887
vn 0.9169 -0.2683 -0.2954
vn 0.9540 -0.2804 -0.1059
vn -0.1766 0.0040 0.9843
vn 0.5328 0.0070 0.8462
vn 0.9973 0.0111 0.0723
vn -0.1521 -0.2558 -0.9547
vn -0.1016 -0.2724 -0.9568
vn -0.1717 -0.2491 -0.9531
vn 0.8539 -0.2969 -0.4274
vn -0.6958 -0.2650 -0.6676
vn -0.6958 -0.2650 -0.6675
vn -0.6958 -0.2651 -0.6675
vn -0.9545 -0.2826 0.0955
vn -0.9419 -0.2540 0.2195
vn -0.6676 -0.2650 0.6958
vn -0.6675 -0.2650 0.6958
vn -0.6675 -0.2651 0.6958
vn 0.0002 -1.0000 0.0003
vn -0.0002 -1.0000 0.0001
vn -0.0001 -1.0000 -0.0002
vn 0.0038 -1.0000 -0.0017
vn 0.0037 -1.0000 -0.0024
vn 0.0027 -1.0000 -0.0032
vn 0.0006 -1.0000 -0.0038
vn 0.0007 -1.0000 -0.0039
vn 0.0031 -1.0000 -0.0027
vn -0.0021 -1.0000 -0.0037
vn -0.0023 -1.0000 -0.0035
vn -0.0046 -1.0000 0.0025
vn -0.0045 -1.0000 0.0028
vn 0.0011 -1.0000 0.0053
vn 0.0021 -1.0000 0.0052
vn 0.9390 0.0131 -0.3436
vn 0.8299 -0.0132 -0.5577
vn 0.7069 0.0281 -0.7067
vn 0.9894 -0.0360 -0.1409
vn 0.9990 -0.0268 0.0358
vn 0.5577 -0.0131 -0.8300
vn -0.2964 0.0022 -0.9551
vn -0.9551 0.0022 0.2964
vn 0.2932 -0.0161 0.9559
vn 0.3246 0.0161 0.9457
vn 0.5922 -0.0097 0.8057
vn 0.9575 -0.2744 -0.0887
vn 0.9170 -0.2679 -0.2954
vn 0.9541 -0.2800 -0.1060
vn -0.1522 -0.2554 -0.9548
vn -0.1016 -0.2720 -0.9569
vn -0.1717 -0.2487 -0.9532
vn 0.8540 -0.2964 -0.4275
vn -0.6958 -0.2646 -0.6677
vn -0.6959 -0.2646 -0.6676
vn -0.6959 -0.2647 -0.6676
vn -0.9546 -0.2822 0.0955
vn -0.9420 -0.2536 0.2196
vn -0.6677 -0.2646 0.6958
vn -0.6676 -0.2646 0.6959
vn 0.0003 -1.0000 0.0001
vn -0.0002 -1.0000 0.0004
vn -0.0003 -1.0000 -0.0001
vn 0.0036 -1.0000 -0.0025
vn 0.0032 -1.0000 -0.0027
vn -0.0037 -1.0000 -0.0025
vn -0.0029 -1.0000 -0.0030
vn -0.0044 -1.0000 0.0024
vn -0.0042 -1.0000 0.0027
vn 0.0009 -1.0000 0.0050
vn 0.0010 -1.0000 0.0052
vn 0.9390 0.0132 -0.3436
vn 0.8151 -0.0259 -0.5787
vn 0.9990 -0.0267 0.0357
vn 0.0357 -0.0267 -0.9990
vn -0.1409 -0.0360 -0.9894
vn -0.3436 0.0132 -0.9390
vn -0.9550 0.0022 0.2965
vn -0.3246 0.0161 0.9457
vn -0.2932 -0.0161 0.9559
vn -0.0201 -0.0029 0.9998
vn 0.1564 -0.0281 0.9873
vn 0.3436 0.0132 0.9390
vn 0.5787 -0.0259 0.8151
vn 0.9149 -0.2600 -0.3086
vn 0.8566 -0.2713 -0.4389
vn 0.8312 -0.2563 -0.4934
vn 0.9439 -0.2896 -0.1586
vn 0.4459 -0.2582 -0.8570
vn 0.4337 -0.2532 -0.8648
vn 0.4497 -0.2597 -0.8546
vn -0.1649 -0.2511 -0.9538
vn -0.1421 -0.2588 -0.9554
vn -0.9420 -0.2537 0.2196
vn -0.6676 -0.2647 0.6959
vn 0.0003 -1.0000 -0.0001
vn 0.0041 -1.0000 -0.0018
vn 0.0007 -1.0000 -0.0037
vn 0.0007 -1.0000 -0.0038
vn -0.0019 -1.0000 -0.0034
vn -0.0021 -1.0000 -0.0032
vn -0.0034 -1.0000 -0.0025
vn -0.0041 -1.0000 0.0023
vn -0.0040 -1.0000 0.0026
vn -0.0032 -1.0000 0.0043
vn -0.0017 -1.0000 0.0049
vn 0.0010 -1.0000 0.0051
vn -0.0025 -1.0000 0.0045
vn 0.0034 -1.0000 0.0046
vn 0.5984 -0.0022 -0.8012
vn 0.0037 -1.0000 0.0040
vn 0.9998 -0.0155 0.0127
vn -0.2964 0.0022 -0.9550
vn 0.1563 -0.0281 0.9873
vn 0.9548 -0.2691 0.1261
vn 0.9586 -0.2642 0.1064
vn 0.6161 -0.2797 0.7363
vn 0.4532 -0.2313 0.8609
vn 0.8647 -0.2531 -0.4337
vn 0.8570 -0.2581 -0.4460
vn 0.8545 -0.2597 -0.4498
vn -0.1718 -0.2487 -0.9532
vn -0.6958 -0.2647 -0.6676
vn -0.6745 -0.2558 0.6925
vn -0.6894 -0.2634 0.6748
vn -0.6697 -0.2534 0.6981
vn -0.1435 -0.2600 0.9549
vn -0.0952 -0.2763 0.9563
vn -0.0715 -0.2840 0.9562
vn 0.0001 -1.0000 -0.0000
vn 0.0002 -1.0000 -0.0001
vn 0.0032 -1.0000 0.0043
vn 0.0010 -1.0000 0.0050
vn 0.0035 -1.0000 0.0038
vn 0.0021 -1.0000 0.0050
vn -0.0010 -1.0000 0.0050
vn 0.0045 -1.0000 0.0015
vn 0.0046 -1.0000 -0.0007
vn 0.0043 -1.0000 0.0023
vn 0.0045 -1.0000 -0.0007
vn 0.0007 -1.0000 -0.0041
vn -0.0019 -1.0000 -0.0036
vn -0.0022 -1.0000 -0.0034
vn -0.0036 -1.0000 -0.0026
vn -0.0043 -1.0000 0.0023
vn -0.0033 -1.0000 0.0044
vn 0.5923 -0.0097 0.8057
vn 0.8299 -0.0132 -0.5578
vn 0.5577 -0.0132 -0.8299
vn -0.2965 0.0022 -0.9550
vn 0.4350 -0.2588 0.8625
vn 0.3951 -0.2732 0.8771
vn 0.4508 -0.2528 0.8561
vn 0.8570 -0.2582 0.4459
vn 0.8648 -0.2532 0.4337
vn 0.8546 -0.2597 0.4497
vn 0.9565 -0.2532 -0.1453
vn 0.9529 -0.2582 -0.1593
vn 0.9517 -0.2597 -0.1637
vn 0.6471 -0.2747 -0.7112
vn -0.1055 -0.2801 -0.9542
vn -0.2196 -0.2537 -0.9420
vn -0.6925 -0.2558 -0.6745
vn -0.6748 -0.2634 -0.6894
vn -0.6981 -0.2534 -0.6697
vn -0.9529 -0.2582 -0.1593
vn -0.9565 -0.2532 -0.1452
vn -0.9517 -0.2597 -0.1636
vn -0.8663 -0.2705 0.4200
vn -0.7796 -0.2607 0.5695
vn -0.8788 -0.2642 0.3974
vn -0.6618 -0.2934 0.6899
vn -0.0003 -1.0000 -0.0000
vn -0.0000 -1.0000 0.0001
vn 0.0032 -1.0000 0.0047
vn 0.0036 -1.0000 0.0040
vn 0.0022 -1.0000 0.0053
vn 0.0041 -1.0000 0.0034
vn 0.0045 -1.0000 0.0010
vn 0.0047 -1.0000 0.0011
vn 0.0042 -1.0000 -0.0014
vn 0.0023 -1.0000 -0.0032
vn 0.0029 -1.0000 -0.0029
vn 0.0038 -1.0000 -0.0021
vn -0.0003 -1.0000 -0.0035
vn -0.0018 -1.0000 -0.0034
vn 0.0005 -1.0000 -0.0035
vn -0.0033 -1.0000 0.0046
vn -0.0037 -1.0000 0.0035
vn -0.0027 -1.0000 0.0047
vn 0.5714 0.0028 0.8206
vn 0.7067 0.0281 0.7069
vn 0.8299 -0.0132 0.5577
vn -0.9473 0.0258 -0.3193
vn 0.9239 0.0064 0.3827
vn 0.9438 -0.3306 -0.0000
vn 1.0000 0.0064 -0.0000
vn 0.8719 -0.3306 -0.3612
vn 0.9239 0.0064 -0.3827
vn -0.9438 -0.3306 -0.0000
vn -0.7402 -0.5985 0.3066
vn -0.8719 -0.3306 0.3612
vn 0.8011 -0.5985 -0.0000
vn -0.8012 -0.5985 -0.0000
vn -0.6580 -0.7020 0.2726
vn -0.0000 -0.5985 -0.8012
vn -0.3612 -0.3306 -0.8719
vn -0.0000 -0.3306 -0.9438
vn -0.5665 -0.5985 0.5665
vn -0.6673 -0.3306 0.6673
vn 0.7402 -0.5985 -0.3066
vn 0.6673 -0.3306 -0.6674
vn 0.5665 -0.5985 -0.5665
vn 0.2726 -0.7020 -0.6580
vn 0.3066 -0.5985 -0.7402
vn -0.3066 -0.5985 0.7402
vn -0.0000 -0.7020 0.7122
vn -0.0000 -0.5985 0.8011
vn -0.3612 -0.3306 0.8719
vn 0.3612 -0.3306 -0.8719
vn -0.5036 -0.7020 0.5036
vn -0.0000 -0.3306 0.9438
vn 0.7071 0.0064 0.7071
vn 0.8719 -0.3306 0.3612
vn -0.0000 0.0064 -1.0000
vn -0.3827 0.0064 -0.9239
vn 0.3066 -0.5985 0.7402
vn -0.2726 -0.7020 -0.6580
vn -0.3066 -0.5985 -0.7402
vn 0.2726 -0.7020 0.6580
vn 0.7402 -0.5985 0.3066
vn 0.7122 -0.7020 -0.0000
vn 0.3612 -0.3306 0.8719
vn 0.5665 -0.5985 0.5665
vn 0.6673 -0.3306 0.6673
vn -0.5036 -0.7020 -0.5036
vn -0.5665 -0.5985 -0.5665
vn -0.8719 -0.3306 -0.3612
vn -0.6673 -0.3306 -0.6673
vn -0.6580 -0.7020 -0.2726
vn -0.7402 -0.5985 -0.3066
vn 0.5036 -0.7020 -0.5036
vn 0.5036 -0.7020 0.5036
vn -0.0000 -0.7020 -0.7122
vn -0.9271 0.3749 -0.0000
vn -0.9239 0.0064 0.3827
vn -0.8565 0.3749 0.3548
vn -0.0000 0.3749 0.9271
vn -0.0000 0.7028 0.7114
vn -0.3548 0.3749 0.8565
vn -0.0000 0.0064 1.0000
vn 0.6555 0.3749 -0.6556
vn 0.8565 0.3749 0.3548
vn 0.6555 0.3749 0.6556
vn -0.8565 0.3749 -0.3548
vn 0.3827 0.0064 -0.9239
vn 0.3548 0.3749 -0.8565
vn -0.6572 0.7028 0.2722
vn 0.6572 0.7028 0.2722
vn 0.9271 0.3749 -0.0000
vn -0.0000 0.3749 -0.9271
vn -0.0000 0.7028 -0.7114
vn -0.6556 0.3748 -0.6555
vn -0.3548 0.3749 -0.8565
vn -0.6555 0.3749 -0.6555
vn 0.6572 0.7028 -0.2722
vn -0.6580 -0.7019 -0.2726
vn -0.5036 -0.7019 -0.5036
vn -0.0000 -0.5985 0.8012
vn 0.3827 0.0064 0.9239
vn -0.3827 0.0064 0.9239
vn -0.7071 0.0064 0.7071
vn -1.0000 0.0064 -0.0000
vn -0.9239 0.0064 -0.3827
vn -0.7071 0.0064 -0.7071
vn 0.7071 0.0064 -0.7071
vn 0.3548 0.3749 0.8565
vn -0.6555 0.3749 0.6555
vn 0.8565 0.3749 -0.3548
vn 0.7122 -0.7019 -0.0000
vn 0.8012 -0.5985 -0.0000
vn 0.6580 -0.7020 0.2726
vn -0.7122 -0.7020 -0.0000
vn -0.2725 -0.7020 -0.6580
vn 0.2725 -0.7020 -0.6580
vn 0.6674 -0.3306 0.6673
vn 0.6673 -0.3306 -0.6673
vn 0.6580 -0.7020 -0.2726
vn 0.6556 0.3749 0.6555
vn -0.6556 0.3749 0.6555
vn -0.6555 0.3749 -0.6556
vn 0.7114 0.7028 -0.0000
vn -0.2722 0.7028 0.6572
vn -0.7114 0.7028 -0.0000
vn 0.5030 0.7028 0.5030
vn 0.6555 0.3749 0.6555
vn 0.6555 0.3749 -0.6555
vn 0.2722 0.7028 -0.6572
vn -0.6556 0.3749 -0.6555
vn 0.6674 -0.3306 -0.6673
vn -0.6674 -0.3306 -0.6673
vn -0.0000 -0.5985 -0.8011
vn -0.2726 -0.7020 0.6580
vn 0.6556 0.3749 -0.6555
vn -0.6555 0.3749 0.6556
vn -0.8011 -0.5985 -0.0000
vn -0.6572 0.7028 -0.2722
vn -0.6673 -0.3306 0.6674
vn -0.0001 1.0000 -0.0001
vn 0.4793 -0.0034 -0.8776
vn -0.1281 -0.0033 -0.9918
vn -0.6545 -0.0029 -0.7561
vn -0.7271 -0.0034 0.6866
vn 0.9032 -0.0011 -0.4293
vn 0.4783 0.0007 -0.8782
vn -0.1285 -0.0006 -0.9917
vn -0.8717 0.0008 0.4900
vn -0.4790 -0.0008 0.8778
vn 0.9933 0.0011 0.1159
vn 0.9091 -0.1621 -0.3837
vn 0.9698 -0.1624 0.1822
vn -0.1863 0.5356 0.8237
vn -0.0689 -0.0044 -0.9976
vn -0.7288 -0.0016 -0.6847
vn -0.0002 0.4795 -0.8775
vn -0.0007 0.9695 -0.2451
vn -0.0004 0.9036 0.4284
vn -0.0004 0.4793 0.8777
vn -0.0004 -0.1281 0.9918
vn -0.0004 -0.7216 0.6923
vn -0.0007 -0.9978 -0.0665
vn -0.0004 -0.7219 -0.6920
vn 0.0002 -0.1434 -0.9897
vn -0.2514 -0.8909 0.3783
vn 0.3046 0.7384 0.6017
vn 0.9517 0.1099 -0.2868
vn -0.7100 0.1401 -0.6901
vn -0.2408 0.1124 0.9640
vn -0.5988 -0.7851 0.1585
vn -0.9246 0.0316 -0.3796
vn -0.8973 0.2694 0.3496
vn 0.5309 -0.7595 0.3759
vn -0.5561 0.7932 0.2480
vn 0.0481 -0.9592 0.2785
vn -0.0347 0.9692 0.2438
vn -0.1629 -0.7099 -0.6852
vn 0.4538 0.8156 0.3589
vn 0.0950 0.9218 -0.3759
vn -0.0942 -0.9323 -0.3492
vn 0.1924 -0.9039 0.3820
vn 0.0904 -0.3809 -0.9202
vn 0.9584 -0.2854 -0.0000
vn -0.9339 -0.3576 -0.0000
vn -0.7908 -0.1039 -0.6032
vn 0.3709 0.9008 0.2258
vn 0.1096 -0.9352 0.3368
vn 0.0860 -0.9963 -0.0000
vn -0.1754 -0.9845 -0.0000
vn -0.1740 -0.9847 0.0066
vn -0.1754 -0.9845 -0.0043
vn 0.0724 -0.1368 -0.9880
vn -0.9517 0.1099 -0.2868
vn 0.5988 -0.7850 0.1585
vn 0.9263 -0.3428 0.1563
vn -0.6734 0.1455 -0.7249
vn -0.9730 -0.0502 0.2254
vn -0.0509 0.2016 0.9782
vn -0.8279 0.5330 0.1748
vn 0.7131 -0.6665 -0.2175
vn -0.0486 0.2174 0.9749
vn -0.3185 -0.9210 0.2244
vn -0.0920 -0.2936 0.9515
vn 0.2364 0.6389 0.7320
vn 0.3587 0.8861 -0.2935
vn -0.9584 -0.2854 -0.0000
vn 0.9339 -0.3576 -0.0000
vn 0.9338 -0.3577 -0.0000
vn -0.2095 0.0127 0.9777
vn -0.9186 0.1150 0.3780
vn 0.1570 -0.2201 -0.9628
vn -0.1096 -0.9351 0.3370
vn -0.1096 -0.9351 -0.3370
vn 0.8923 0.2488 0.3768
vn -0.0864 -0.9963 0.0001
vn -0.0863 -0.9963 -0.0000
vn -0.0864 -0.9963 -0.0001
vn 0.1755 -0.9845 -0.0001
vn 0.1753 -0.9845 -0.0000
vn 0.9041 -0.0087 -0.4272
vn -0.7353 0.0032 0.6778
vn 0.0745 -0.0025 0.9972
vn -0.6973 -0.0011 0.7168
vn -0.2451 0.9695 0.0011
vn 0.4284 0.9036 0.0004
vn 0.8777 0.4792 0.0004
vn 0.9918 -0.1281 0.0004
vn 0.6923 -0.7216 0.0004
vn -0.0666 -0.9978 0.0007
vn 0.3783 -0.8909 0.2514
vn 0.6017 0.7384 -0.3046
vn 0.3007 0.1160 -0.9466
vn -0.6325 0.1499 0.7599
vn 0.9640 0.1124 0.2408
vn 0.1584 -0.7851 0.5988
vn -0.3796 0.0316 0.9246
vn 0.3496 0.2694 0.8973
vn 0.3758 -0.7596 -0.5309
vn 0.2480 0.7932 0.5561
vn 0.2785 -0.9592 -0.0481
vn 0.2438 0.9692 0.0347
vn -0.6852 -0.7099 0.1629
vn 0.3590 0.8156 -0.4538
vn -0.3759 0.9218 -0.0950
vn -0.3492 -0.9323 0.0941
vn 0.3821 -0.9039 -0.1923
vn 0.7321 0.6389 0.2364
vn -0.3972 0.8343 0.3823
vn -0.9512 -0.3045 -0.0495
vn 0.0001 -0.2853 -0.9584
vn -0.6033 -0.1039 0.7907
vn 0.3370 -0.9351 -0.1095
vn 0.9679 0.0987 0.2313
vn 0.0001 -0.9963 -0.0865
vn -0.0000 -0.9963 -0.0863
vn -0.0001 -0.9963 -0.0865
vn -0.0082 -0.9848 0.1736
vn -0.0000 -0.9770 0.2134
vn -0.9777 -0.1984 -0.0686
vn 0.3830 -0.2950 0.8754
vn -0.7399 0.6072 -0.2897
vn 0.7228 0.6892 0.0510
vn 0.9739 0.2162 0.0697
vn 0.1650 -0.7843 -0.5981
vn 0.1562 -0.3429 -0.9263
vn 0.2253 -0.0502 0.9730
vn -0.2176 -0.6664 -0.7131
vn 0.9749 0.2174 0.0486
vn 0.2244 -0.9210 0.3185
vn 0.9751 -0.2139 0.0580
vn -0.3783 0.8590 -0.3449
vn 0.0001 -0.2854 0.9584
vn -0.0000 -0.2855 0.9584
vn -0.0001 -0.3576 -0.9339
vn -0.0000 -0.3578 -0.9338
vn 0.0001 -0.3576 -0.9339
vn 0.9777 0.0127 0.2095
vn 0.3780 0.1150 0.9186
vn -0.9628 -0.2201 -0.1570
vn 0.3370 -0.9351 0.1096
vn -0.3369 -0.9351 0.1096
vn 0.3154 -0.2490 0.9157
vn -0.3155 -0.2490 0.9157
vn 0.0002 -0.9963 0.0864
vn -0.0000 -0.9963 0.0863
vn -0.0001 -0.9963 0.0864
vn 0.0004 -0.9848 -0.1739
vn 0.0020 -0.9848 -0.1736
vn 0.1148 -0.9284 -0.3533
vn -0.0007 -0.9848 -0.1736
vn -0.8479 -0.0086 -0.5300
vn -0.8844 0.0010 0.4667
vn 0.9907 0.0028 0.1360
vn 0.7681 -0.0024 -0.6403
vn -0.0666 -0.0039 -0.9978
vn -0.9109 -0.0098 0.4125
vn -0.0763 -0.2804 -0.9568
vn -0.6957 -0.2650 -0.6676
vn -0.6676 -0.2650 0.6957
vn 0.0002 -1.0000 -0.0009
vn 0.0003 -1.0000 -0.0000
vn 0.0018 -1.0000 0.0007
vn -0.0003 -1.0000 0.0009
vn -0.0008 -1.0000 -0.0003
vn -0.0763 -0.2800 -0.9570
vn -0.0007 -1.0000 -0.0019
vn 0.0002 -1.0000 -0.0004
vn 0.0011 -1.0000 -0.0006
vn 0.0004 -1.0000 0.0008
vn -0.0017 -1.0000 0.0010
vn 0.4280 -0.2509 -0.8683
vn -0.1313 -0.2623 -0.9560
vn -0.0000 -1.0000 -0.0004
vn 0.0019 -1.0000 0.0007
vn -0.0000 -1.0000 -0.0002
vn 0.8682 -0.2508 -0.4281
vn -0.1314 -0.2623 -0.9560
vn -0.6957 -0.2666 0.6670
vn -0.1639 -0.2529 0.9535
vn -0.0000 -1.0000 -0.0006
vn -0.0005 -1.0000 0.0006
vn 0.0012 -1.0000 0.0003
vn 0.0001 -1.0000 -0.0002
vn -0.0001 -1.0000 -0.0006
vn 0.0006 -1.0000 0.0001
vn 0.3755 -0.2800 0.8835
vn 0.8683 -0.2509 0.4280
vn 0.9580 -0.2509 -0.1388
vn 0.6981 -0.2534 -0.6697
vn -0.6670 -0.2666 -0.6957
vn -0.9580 -0.2509 -0.1388
vn 0.0009 -1.0000 -0.0000
vn -0.0001 -1.0000 -0.0001
vn 0.0001 -1.0000 -0.0003
vn -0.0000 -1.0000 -0.0001
vn -0.0011 -1.0000 -0.0000
vn -0.0008 -1.0000 -0.0010
vn -0.7122 -0.7019 -0.0000
vn 0.6580 -0.7020 0.2725
vn 0.6580 -0.7020 -0.2725
vn -0.0000 -0.7019 -0.7122
vn -0.0000 -0.7019 0.7122
vn -0.6580 -0.7020 0.2725
vn -0.6580 -0.7020 -0.2725
vt 0.515144 0.162965
vt 0.509597 0.162635
vt 0.508611 0.158218
vt 0.522385 0.177177
vt 0.518091 0.173650
vt 0.519890 0.169497
vt 0.519890 0.192932
vt 0.518489 0.187554
vt 0.522385 0.185252
vt 0.508612 0.204211
vt 0.510639 0.199037
vt 0.515144 0.199464
vt 0.478646 0.162965
vt 0.478317 0.168512
vt 0.473900 0.169497
vt 0.500932 0.155723
vt 0.496252 0.158717
vt 0.492858 0.155723
vt 0.837280 0.841782
vt 0.841740 0.735342
vt 0.845217 0.841668
vt 0.795643 0.107545
vt 0.799251 0.001197
vt 0.806699 0.107639
vt 0.717414 0.819973
vt 0.723212 0.713686
vt 0.728031 0.820228
vt 0.933070 0.418946
vt 0.933689 0.410127
vt 0.942035 0.414873
vt 0.910411 0.411269
vt 0.915161 0.402909
vt 0.920938 0.409390
vt 0.906337 0.402303
vt 0.911195 0.382678
vt 0.915893 0.390149
vt 0.906337 0.391242
vt 0.788285 0.596038
vt 0.790467 0.394611
vt 0.795063 0.596019
vt 0.881795 0.235903
vt 0.884705 0.034689
vt 0.888313 0.235989
vt 0.815050 0.819474
vt 0.820309 0.618421
vt 0.821195 0.819503
vt 0.809227 0.819513
vt 0.811944 0.618256
vt 0.816542 0.394664
vt 0.813603 0.386566
vt 0.818655 0.386542
vt 0.797240 0.394741
vt 0.800681 0.386372
vt 0.803216 0.394868
vt 0.890386 0.026527
vt 0.890386 0.034732
vt 0.815568 0.379974
vt 0.787526 0.386504
vt 0.789723 0.379788
vt 0.792568 0.386482
vt 0.875356 0.026213
vt 0.880200 0.019763
vt 0.882895 0.026370
vt 0.868661 0.026444
vt 0.870305 0.019710
vt 0.820820 0.609807
vt 0.825498 0.603541
vt 0.828147 0.610052
vt 0.813142 0.375190
vt 0.821052 0.375074
vt 0.817950 0.603396
vt 0.820640 0.598546
vt 0.826257 0.379863
vt 0.828899 0.375178
vt 0.834482 0.380229
vt 0.745471 0.171775
vt 0.741516 0.178513
vt 0.737089 0.174913
vt 0.747993 0.177759
vt 0.759028 0.180998
vt 0.753111 0.181505
vt 0.753691 0.174315
vt 0.754309 0.196733
vt 0.748824 0.193421
vt 0.753555 0.189067
vt 0.748388 0.199303
vt 0.736379 0.195765
vt 0.742538 0.193463
vt 0.741938 0.199045
vt 0.461068 0.814867
vt 0.463045 0.717263
vt 0.465790 0.814901
vt 0.455044 0.814901
vt 0.457944 0.717266
vt 0.524425 0.921062
vt 0.525957 0.823428
vt 0.531664 0.921040
vt 0.519071 0.921152
vt 0.520029 0.823506
vt 0.936146 0.518934
vt 0.936624 0.421320
vt 0.942185 0.518892
vt 0.930630 0.519106
vt 0.930630 0.421456
vt 0.425988 0.945672
vt 0.422082 0.944071
vt 0.425579 0.942061
vt 0.429933 0.944207
vt 0.429379 0.948671
vt 0.425256 0.949997
vt 0.421976 0.947707
vt 0.419620 0.942310
vt 0.417767 0.947891
vt 0.958943 0.711196
vt 0.958493 0.715324
vt 0.954855 0.713341
vt 0.429525 0.953683
vt 0.432978 0.950733
vt 0.423569 0.953974
vt 0.419588 0.951610
vt 0.428739 0.957928
vt 0.433926 0.954974
vt 0.591601 0.883436
vt 0.587563 0.884477
vt 0.587617 0.878722
vt 0.595611 0.888152
vt 0.597768 0.883944
vt 0.600159 0.886798
vt 0.963787 0.724276
vt 0.965323 0.719517
vt 0.968101 0.723577
vt 0.955548 0.723538
vt 0.957215 0.719711
vt 0.959379 0.724262
vt 0.730284 0.411033
vt 0.725613 0.409194
vt 0.730239 0.406654
vt 0.725843 0.416967
vt 0.730324 0.415404
vt 0.730352 0.419103
vt 0.555011 0.965972
vt 0.551634 0.968142
vt 0.550766 0.963848
vt 0.592109 0.877269
vt 0.589702 0.874464
vt 0.766919 0.955544
vt 0.765875 0.952101
vt 0.771014 0.954401
vt 0.738407 0.416647
vt 0.734824 0.416880
vt 0.738512 0.412410
vt 0.541845 0.964554
vt 0.547062 0.966567
vt 0.542937 0.970682
vt 0.544410 0.960115
vt 0.539795 0.961900
vt 0.771807 0.962799
vt 0.768269 0.960237
vt 0.771817 0.958273
vt 0.768013 0.965190
vt 0.771960 0.967080
vt 0.774875 0.964442
vt 0.774875 0.960440
vt 0.168474 0.967961
vt 0.167774 0.963636
vt 0.171686 0.966263
vt 0.171277 0.971099
vt 0.165728 0.971487
vt 0.164242 0.966509
vt 0.024972 0.959687
vt 0.020894 0.957874
vt 0.021681 0.954394
vt 0.089205 0.945323
vt 0.092860 0.942559
vt 0.092538 0.946706
vt 0.167895 0.976366
vt 0.171686 0.974938
vt 0.162351 0.974323
vt 0.159844 0.968537
vt 0.160610 0.964168
vt 0.098427 0.946884
vt 0.101058 0.950979
vt 0.094579 0.951401
vt 0.088045 0.949806
vt 0.614381 0.962028
vt 0.614693 0.966141
vt 0.609072 0.964361
vt 0.156883 0.973424
vt 0.162708 0.978745
vt 0.155968 0.967188
vt 0.025850 0.953790
vt 0.022878 0.948898
vt 0.028818 0.958905
vt 0.031864 0.955247
vt 0.034566 0.959747
vt 0.092797 0.955632
vt 0.097201 0.955815
vt 0.617655 0.971574
vt 0.620396 0.967695
vt 0.621226 0.972618
vt 0.609260 0.969103
vt 0.605714 0.968051
vt 0.594690 0.956776
vt 0.596719 0.960602
vt 0.592339 0.960084
vt 0.027306 0.947776
vt 0.025362 0.944632
vt 0.348755 0.965137
vt 0.348021 0.961071
vt 0.353930 0.959470
vt 0.357686 0.961770
vt 0.354161 0.964123
vt 0.352005 0.968226
vt 0.354864 0.976437
vt 0.350507 0.977267
vt 0.352481 0.972860
vt 0.605714 0.976472
vt 0.606536 0.972976
vt 0.609736 0.977808
vt 0.360537 0.969891
vt 0.357414 0.966683
vt 0.363181 0.966771
vt 0.356937 0.972564
vt 0.360176 0.974230
vt 0.363326 0.972217
vt 0.503945 0.786500
vt 0.499663 0.795444
vt 0.501135 0.787341
vt 0.878640 0.011899
vt 0.875984 0.011193
vt 0.878038 0.008251
vt 0.305979 0.983587
vt 0.303972 0.985689
vt 0.303924 0.980245
vt 0.989930 0.538094
vt 0.990214 0.541341
vt 0.988242 0.537870
vt 0.513469 0.778106
vt 0.511099 0.781122
vt 0.508803 0.779587
vt 0.992111 0.026490
vt 0.991754 0.035863
vt 0.990194 0.035467
vt 0.673164 0.750828
vt 0.667301 0.751274
vt 0.667111 0.750063
vt 0.519180 0.783729
vt 0.512139 0.783373
vt 0.519878 0.781124
vt 0.684077 0.750078
vt 0.673734 0.754300
vt 0.680446 0.750210
vt 0.992880 0.525644
vt 0.990722 0.532102
vt 0.990337 0.527185
vt 0.987200 0.531743
vt 0.991596 0.014901
vt 0.991152 0.019154
vt 0.988662 0.016687
vt 0.991892 0.800413
vt 0.994395 0.799792
vt 0.994387 0.802184
vt 0.531315 0.785767
vt 0.526996 0.784232
vt 0.527628 0.780667
vt 0.984866 0.106474
vt 0.983291 0.114491
vt 0.982168 0.103624
vt 0.689349 0.741019
vt 0.686811 0.740876
vt 0.532447 0.795612
vt 0.526190 0.786174
vt 0.986602 0.113490
vt 0.984714 0.101362
vt 0.986779 0.103053
vt 0.994368 0.821014
vt 0.993479 0.810533
vt 0.995121 0.810028
vt 0.982486 0.087659
vt 0.984413 0.091746
vt 0.980812 0.090555
vt 0.985991 0.088515
vt 0.983975 0.080109
vt 0.981324 0.079024
vt 0.963814 0.913607
vt 0.960988 0.912933
vt 0.962711 0.910248
vt 0.665591 0.716101
vt 0.679145 0.722238
vt 0.664920 0.718586
vt 0.510306 0.816738
vt 0.523293 0.810777
vt 0.524568 0.813864
vt 0.510943 0.820030
vt 0.526093 0.815470
vt 0.655076 0.713483
vt 0.666105 0.713591
vt 0.494099 0.819742
vt 0.494345 0.821062
vt 0.648744 0.716619
vt 0.655229 0.717967
vt 0.646468 0.719187
vt 0.964878 0.948922
vt 0.962986 0.944626
vt 0.965906 0.938652
vt 0.633486 0.723696
vt 0.638830 0.722404
vt 0.633489 0.727202
vt 0.740057 0.331652
vt 0.737850 0.327056
vt 0.740057 0.325516
vt 0.957205 0.964090
vt 0.957385 0.960097
vt 0.960009 0.957059
vt 0.962396 0.958068
vt 0.983378 0.023053
vt 0.984283 0.015852
vt 0.985923 0.022758
vt 0.984338 0.468214
vt 0.984250 0.480892
vt 0.982405 0.472384
vt 0.626616 0.737234
vt 0.629988 0.733898
vt 0.628904 0.740640
vt 0.984264 0.030404
vt 0.982188 0.463392
vt 0.626021 0.748258
vt 0.624023 0.740566
vt 0.983390 0.037379
vt 0.985935 0.037620
vt 0.627737 0.755350
vt 0.631485 0.757375
vt 0.984313 0.043441
vt 0.632067 0.753249
vt 0.636866 0.759261
vt 0.981514 0.439167
vt 0.983662 0.443479
vt 0.981736 0.446926
vt 0.643824 0.766143
vt 0.643739 0.764144
vt 0.486712 0.768459
vt 0.476275 0.778798
vt 0.477819 0.773992
vt 0.661398 0.773525
vt 0.504339 0.759204
vt 0.488928 0.770193
vt 0.981786 0.911355
vt 0.980438 0.930942
vt 0.980068 0.910956
vt 0.986141 0.859975
vt 0.988534 0.857397
vt 0.988669 0.862410
vt 0.982069 0.905025
vt 0.686935 0.793516
vt 0.682640 0.791229
vt 0.679856 0.786672
vt 0.680666 0.785275
vt 0.987935 0.867915
vt 0.990398 0.868662
vt 0.528848 0.746651
vt 0.523579 0.748496
vt 0.528685 0.741801
vt 0.985010 0.887842
vt 0.985656 0.878875
vt 0.987505 0.889361
vt 0.530638 0.726604
vt 0.533790 0.730455
vt 0.530845 0.734221
vt 0.985262 0.897346
vt 0.532999 0.717262
vt 0.535445 0.725541
vt 0.530578 0.719304
vt 0.983615 0.679237
vt 0.984440 0.693003
vt 0.980475 0.672388
vt 0.236845 0.913051
vt 0.249685 0.930253
vt 0.235989 0.914185
vt 0.234924 0.915659
vt 0.247066 0.932329
vt 0.233336 0.916241
vt 0.974502 0.344993
vt 0.973148 0.359586
vt 0.970449 0.359137
vt 0.977287 0.338997
vt 0.975669 0.332284
vt 0.945176 0.682785
vt 0.945185 0.688268
vt 0.939037 0.693389
vt 0.973315 0.310215
vt 0.976335 0.320123
vt 0.974728 0.320624
vt 0.740151 0.201670
vt 0.741808 0.208592
vt 0.740151 0.208710
vt 0.948502 0.659015
vt 0.951709 0.661338
vt 0.949660 0.662679
vt 0.843581 0.363112
vt 0.844674 0.371081
vt 0.843370 0.371786
vt 0.991341 0.269412
vt 0.991920 0.262124
vt 0.993854 0.269409
vt 0.848366 0.362972
vt 0.847036 0.368250
vt 0.845973 0.362935
vt 0.234170 0.875424
vt 0.229740 0.876723
vt 0.235474 0.873463
vt 0.988713 0.276579
vt 0.988817 0.269607
vt 0.990067 0.277082
vt 0.992464 0.275302
vt 0.943598 0.652506
vt 0.946673 0.650783
vt 0.947043 0.654791
vt 0.992568 0.278713
vt 0.511268 0.967265
vt 0.513391 0.963506
vt 0.513054 0.967145
vt 0.842638 0.986501
vt 0.840213 0.983274
vt 0.842513 0.981299
vt 0.513614 0.974603
vt 0.249685 0.879521
vt 0.242903 0.875709
vt 0.243504 0.874507
vt 0.840636 0.991571
vt 0.843282 0.992244
vt 0.845974 0.089616
vt 0.843095 0.096581
vt 0.842764 0.088908
vt 0.775617 0.779513
vt 0.769749 0.787938
vt 0.771123 0.780724
vt 0.773003 0.172804
vt 0.771867 0.182403
vt 0.771296 0.171775
vt 0.848540 0.089466
vt 0.848278 0.099869
vt 0.846382 0.097687
vt 0.774316 0.775848
vt 0.846050 0.103094
vt 0.780471 0.772736
vt 0.780156 0.771101
vt 0.475565 0.211643
vt 0.475499 0.209072
vt 0.477230 0.209072
vt 0.579872 0.757827
vt 0.586922 0.756619
vt 0.587585 0.759920
vt 0.992022 0.974297
vt 0.991982 0.967719
vt 0.994118 0.969254
vt 0.594837 0.754920
vt 0.591536 0.753093
vt 0.596807 0.756184
vt 0.994917 0.966649
vt 0.594033 0.750976
vt 0.800684 0.777555
vt 0.805531 0.786148
vt 0.804355 0.787076
vt 0.997101 0.393969
vt 0.996367 0.401846
vt 0.995459 0.393467
vt 0.984807 0.764544
vt 0.987459 0.761989
vt 0.987425 0.766149
vt 0.989463 0.764217
vt 0.793927 0.806343
vt 0.780299 0.812657
vt 0.779662 0.809331
vt 0.923666 0.933702
vt 0.927408 0.920482
vt 0.926190 0.933752
vt 0.579103 0.721202
vt 0.592658 0.727169
vt 0.578432 0.723570
vt 0.615438 0.939459
vt 0.616302 0.922624
vt 0.617855 0.933153
vt 0.562255 0.721719
vt 0.562519 0.719973
vt 0.769964 0.810208
vt 0.763457 0.812342
vt 0.761217 0.808947
vt 0.922044 0.950024
vt 0.923463 0.943427
vt 0.924601 0.952122
vt 0.753615 0.805965
vt 0.748280 0.805445
vt 0.748331 0.801082
vt 0.928766 0.965457
vt 0.926437 0.959627
vt 0.930949 0.964004
vt 0.546997 0.728625
vt 0.552342 0.727317
vt 0.546331 0.731824
vt 0.973197 0.911695
vt 0.974063 0.905025
vt 0.975708 0.912278
vt 0.988682 0.582540
vt 0.987777 0.575373
vt 0.990322 0.575679
vt 0.543010 0.729619
vt 0.538550 0.740934
vt 0.538059 0.736349
vt 0.744907 0.794576
vt 0.741568 0.791985
vt 0.743903 0.787691
vt 0.990666 0.568119
vt 0.988662 0.568034
vt 0.540126 0.741817
vt 0.543500 0.738519
vt 0.541601 0.745317
vt 0.741105 0.780901
vt 0.739020 0.787932
vt 0.739254 0.779824
vt 0.987789 0.561053
vt 0.990334 0.560823
vt 0.742909 0.773056
vt 0.746676 0.771789
vt 0.990694 0.551287
vt 0.988711 0.554968
vt 0.543954 0.762485
vt 0.539532 0.752550
vt 0.544996 0.761431
vt 0.747215 0.775106
vt 0.752084 0.769037
vt 0.546150 0.759946
vt 0.546062 0.755766
vt 0.550537 0.761442
vt 0.979127 0.542409
vt 0.977786 0.534845
vt 0.979506 0.535421
vt 0.980536 0.517431
vt 0.557334 0.769938
vt 0.557227 0.767061
vt 0.575654 0.776606
vt 0.609093 0.849925
vt 0.609055 0.869635
vt 0.606563 0.850543
vt 0.773721 0.750253
vt 0.792108 0.737871
vt 0.792963 0.739258
vt 0.607613 0.830634
vt 0.605852 0.830352
vt 0.218668 0.982197
vt 0.216223 0.979638
vt 0.218700 0.977123
vt 0.593368 0.789904
vt 0.591559 0.785937
vt 0.596900 0.790297
vt 0.798234 0.737340
vt 0.798072 0.732415
vt 0.217854 0.971589
vt 0.220301 0.970799
vt 0.590907 0.792109
vt 0.596153 0.794370
vt 0.595939 0.798318
vt 0.215352 0.960658
vt 0.214522 0.951725
vt 0.216985 0.950134
vt 0.600907 0.810479
vt 0.602862 0.805402
vt 0.602509 0.814356
vt 0.597714 0.813597
vt 0.595902 0.821102
vt 0.593767 0.819253
vt 0.936578 0.568545
vt 0.933951 0.555052
vt 0.935186 0.547526
vt 0.140207 0.932797
vt 0.152511 0.915076
vt 0.153661 0.916495
vt 0.519071 0.974735
vt 0.521075 0.954375
vt 0.522753 0.953952
vt 0.322537 0.915057
vt 0.334678 0.931717
vt 0.324254 0.921421
vt 0.324404 0.912512
vt 0.337269 0.929680
vt 0.323590 0.913600
vt 0.524509 0.960823
vt 0.525602 0.948141
vt 0.317171 0.910613
vt 0.526188 0.936856
vt 0.524826 0.935770
vt 0.933966 0.532542
vt 0.933033 0.542948
vt 0.932373 0.532091
vt 0.998136 0.881321
vt 0.996068 0.883637
vt 0.996275 0.878458
vt 0.995689 0.871151
vt 0.998202 0.871163
vt 0.369562 0.985376
vt 0.371202 0.990549
vt 0.368815 0.990732
vt 0.159000 0.878044
vt 0.155147 0.877263
vt 0.153541 0.875004
vt 0.993164 0.870970
vt 0.993052 0.864014
vt 0.994406 0.863497
vt 0.998817 0.864234
vt 0.996805 0.865266
vt 0.321386 0.875298
vt 0.316994 0.876545
vt 0.322632 0.873400
vt 0.996905 0.861872
vt 0.890393 0.005073
vt 0.891850 0.001183
vt 0.892094 0.004802
vt 0.323948 0.877444
vt 0.329214 0.877268
vt 0.327916 0.878608
vt 0.892515 0.012234
vt 0.333866 0.883262
vt 0.531539 0.987446
vt 0.531212 0.992959
vt 0.528555 0.992314
vt 0.580994 0.202637
vt 0.582326 0.204508
vt 0.582209 0.207163
vt 0.274081 0.952943
vt 0.276528 0.949373
vt 0.277488 0.954147
vt 0.273334 0.957333
vt 0.269689 0.953473
vt 0.271867 0.949013
vt 0.278563 0.947446
vt 0.275207 0.944874
vt 0.199614 0.952984
vt 0.195944 0.950068
vt 0.199549 0.948001
vt 0.269009 0.959720
vt 0.274366 0.960257
vt 0.266289 0.948700
vt 0.265508 0.955086
vt 0.271071 0.944944
vt 0.624023 0.973997
vt 0.627946 0.971841
vt 0.627716 0.978738
vt 0.203233 0.944139
vt 0.204064 0.951767
vt 0.207970 0.945210
vt 0.206812 0.941596
vt 0.208298 0.953953
vt 0.208492 0.949549
vt 0.314644 0.971504
vt 0.319187 0.969137
vt 0.319093 0.973508
vt 0.420287 0.975687
vt 0.419417 0.979012
vt 0.416406 0.974973
vt 0.427141 0.978635
vt 0.424695 0.975528
vt 0.428959 0.974522
vt 0.627687 0.963531
vt 0.632345 0.961572
vt 0.632341 0.965269
vt 0.323642 0.965180
vt 0.319317 0.962715
vt 0.323846 0.960376
vt 0.246936 0.970258
vt 0.243274 0.966648
vt 0.248637 0.964307
vt 0.244067 0.974375
vt 0.249543 0.975691
vt 0.323620 0.971692
vt 0.327261 0.969293
vt 0.327237 0.973786
vt 0.420443 0.967030
vt 0.418313 0.971052
vt 0.416585 0.966003
vt 0.254140 0.965124
vt 0.251416 0.969057
vt 0.258610 0.971741
vt 0.257358 0.976513
vt 0.253918 0.973715
vt 0.425883 0.962016
vt 0.425092 0.966700
vt 0.421059 0.963028
vt 0.255665 0.969483
vt 0.258429 0.966767
vt 0.965404 0.076611
vt 0.966459 0.014901
vt 0.970887 0.076658
vt 0.969549 0.861084
vt 0.970188 0.799380
vt 0.973617 0.861180
vt 0.293164 0.970948
vt 0.291762 0.966613
vt 0.295991 0.968191
vt 0.296281 0.973161
vt 0.292274 0.975388
vt 0.288791 0.971226
vt 0.648280 0.966831
vt 0.651117 0.963374
vt 0.652506 0.968447
vt 0.651859 0.973137
vt 0.648236 0.971752
vt 0.650204 0.976750
vt 0.295166 0.977978
vt 0.291084 0.978971
vt 0.287198 0.977278
vt 0.284491 0.972177
vt 0.285234 0.967253
vt 0.288283 0.963933
vt 0.292275 0.962849
vt 0.702055 0.974165
vt 0.705892 0.971937
vt 0.705688 0.978787
vt 0.281544 0.975768
vt 0.280930 0.968005
vt 0.194686 0.965338
vt 0.198602 0.962314
vt 0.198818 0.967654
vt 0.202983 0.977866
vt 0.198339 0.975868
vt 0.203012 0.972016
vt 0.661055 0.970678
vt 0.656705 0.968272
vt 0.661004 0.966308
vt 0.705499 0.963835
vt 0.710310 0.961646
vt 0.710290 0.965366
vt 0.018368 0.955118
vt 0.014187 0.957928
vt 0.015089 0.954086
vt 0.018368 0.947384
vt 0.015147 0.949676
vt 0.014350 0.945368
vt 0.203005 0.965392
vt 0.714602 0.973813
vt 0.710244 0.971999
vt 0.714918 0.967530
vt 0.718336 0.969790
vt 0.718465 0.965153
vt 0.006540 0.951990
vt 0.010364 0.955832
vt 0.005236 0.957311
vt 0.010794 0.948185
vt 0.005383 0.945992
vt 0.003412 0.943241
vt 0.007753 0.941571
vt 0.409578 0.963527
vt 0.413205 0.968952
vt 0.408043 0.968283
vt 0.403227 0.977051
vt 0.406127 0.972859
vt 0.409862 0.976486
vt 0.410426 0.972079
vt 0.413406 0.973848
vt 0.968390 0.500958
vt 0.968390 0.439229
vt 0.973326 0.500864
vt 0.965983 0.140742
vt 0.966457 0.079025
vt 0.970887 0.140730
vt 0.381844 0.972287
vt 0.381981 0.910580
vt 0.385912 0.972350
vt 0.840506 0.974001
vt 0.840037 0.912295
vt 0.845176 0.974001
vt 0.892533 0.375074
vt 0.892533 0.701934
vt 0.887378 0.376328
vt 0.864095 0.372707
vt 0.862909 0.014910
vt 0.866295 0.014942
vt 0.867584 0.375074
vt 0.865692 0.732884
vt 0.864064 0.375084
vt 0.888029 0.702354
vt 0.882614 0.376051
vt 0.458417 0.820684
vt 0.454273 0.819573
vt 0.457769 0.817267
vt 0.462252 0.819082
vt 0.461573 0.823865
vt 0.455918 0.824319
vt 0.112461 0.974445
vt 0.112568 0.978823
vt 0.108949 0.976261
vt 0.115916 0.977672
vt 0.116914 0.973843
vt 0.120493 0.978823
vt 0.121348 0.974863
vt 0.124377 0.976407
vt 0.466223 0.823931
vt 0.466014 0.820015
vt 0.463806 0.827579
vt 0.459429 0.829308
vt 0.453661 0.827916
vt 0.450773 0.824662
vt 0.491438 0.970279
vt 0.494826 0.966485
vt 0.495249 0.974110
vt 0.113072 0.969591
vt 0.108061 0.971119
vt 0.119564 0.969713
vt 0.124569 0.971146
vt 0.174854 0.969192
vt 0.179463 0.967533
vt 0.176712 0.974641
vt 0.455553 0.832965
vt 0.461898 0.832839
vt 0.450520 0.830293
vt 0.499570 0.972671
vt 0.499676 0.977933
vt 0.117338 0.965121
vt 0.123747 0.966234
vt 0.182970 0.971112
vt 0.184712 0.967095
vt 0.181236 0.975127
vt 0.179775 0.978528
vt 0.062894 0.964753
vt 0.067013 0.966641
vt 0.063692 0.971328
vt 0.499494 0.968288
vt 0.499429 0.963921
vt 0.504067 0.978040
vt 0.503950 0.973969
vt 0.069379 0.977349
vt 0.069762 0.972885
vt 0.074827 0.978741
vt 0.059231 0.973391
vt 0.058757 0.967293
vt 0.072220 0.961178
vt 0.077422 0.961413
vt 0.074262 0.964162
vt 0.074895 0.974449
vt 0.072930 0.968535
vt 0.080264 0.977053
vt 0.054891 0.971071
vt 0.053870 0.965308
vt 0.504112 0.966335
vt 0.507550 0.965099
vt 0.507648 0.970017
vt 0.050472 0.967655
vt 0.050472 0.973301
vt 0.081657 0.968767
vt 0.077227 0.968559
vt 0.079307 0.964867
vt 0.079691 0.972831
vt 0.084557 0.971721
vt 0.084505 0.966051
vt 0.800072 0.956359
vt 0.804452 0.956360
vt 0.801179 0.959655
vt 0.796490 0.958467
vt 0.796609 0.953449
vt 0.801663 0.952273
vt 0.742311 0.964760
vt 0.742636 0.969510
vt 0.739020 0.967028
vt 0.746091 0.967896
vt 0.746946 0.964032
vt 0.750708 0.968876
vt 0.751626 0.964851
vt 0.755102 0.967184
vt 0.796292 0.948510
vt 0.792870 0.951443
vt 0.801115 0.947776
vt 0.806281 0.950263
vt 0.807972 0.955172
vt 0.739562 0.960907
vt 0.745151 0.959567
vt 0.789658 0.950247
vt 0.793041 0.945521
vt 0.562746 0.971184
vt 0.567252 0.969152
vt 0.567279 0.973535
vt 0.742686 0.955644
vt 0.749299 0.955370
vt 0.755185 0.956863
vt 0.753014 0.960560
vt 0.855707 0.969541
vt 0.851079 0.967269
vt 0.855734 0.965163
vt 0.956948 0.370627
vt 0.952862 0.372707
vt 0.954031 0.368938
vt 0.957954 0.362689
vt 0.954410 0.364542
vt 0.953942 0.360189
vt 0.562585 0.963108
vt 0.567228 0.961097
vt 0.567234 0.964784
vt 0.575526 0.973490
vt 0.571913 0.971382
vt 0.575487 0.967471
vt 0.266512 0.975192
vt 0.261940 0.976681
vt 0.261853 0.970985
vt 0.269865 0.979428
vt 0.272901 0.974683
vt 0.277284 0.976003
vt 0.276188 0.971872
vt 0.949282 0.370498
vt 0.944623 0.370382
vt 0.945448 0.366176
vt 0.269414 0.971068
vt 0.265135 0.968533
vt 0.273051 0.969306
vt 0.272469 0.964114
vt 0.277284 0.967694
vt 0.261632 0.965429
vt 0.266755 0.963620
vt 0.269321 0.966688
vt 0.773478 0.668910
vt 0.769195 0.678269
vt 0.770666 0.669978
vt 0.871214 0.011882
vt 0.868578 0.011189
vt 0.870631 0.008240
vt 0.483046 0.983573
vt 0.481026 0.985677
vt 0.480986 0.980237
vt 0.990153 0.429848
vt 0.990217 0.433098
vt 0.988480 0.429520
vt 0.782999 0.660365
vt 0.780631 0.663312
vt 0.778333 0.661903
vt 0.905091 0.978874
vt 0.904689 0.988244
vt 0.903109 0.987841
vt 0.835730 0.251046
vt 0.825385 0.255138
vt 0.832100 0.251143
vt 0.989938 0.417061
vt 0.989754 0.423743
vt 0.986373 0.422905
vt 0.796528 0.666542
vt 0.789052 0.664964
vt 0.789527 0.662575
vt 0.904390 0.967266
vt 0.904052 0.971527
vt 0.901441 0.969042
vt 0.829683 0.249834
vt 0.832701 0.248139
vt 0.991830 0.737703
vt 0.992599 0.735342
vt 0.994400 0.737739
vt 0.996037 0.735260
vt 0.800847 0.668240
vt 0.797159 0.663063
vt 0.987517 0.826812
vt 0.985973 0.834837
vt 0.984821 0.823953
vt 0.841004 0.242238
vt 0.838464 0.242124
vt 0.801979 0.678427
vt 0.795097 0.668773
vt 0.989294 0.833848
vt 0.987366 0.821697
vt 0.989451 0.823401
vt 0.994392 0.756572
vt 0.993514 0.746092
vt 0.995159 0.745588
vt 0.985210 0.807994
vt 0.987104 0.812082
vt 0.983527 0.810885
vt 0.988721 0.808863
vt 0.986805 0.800467
vt 0.984185 0.799380
vt 0.963818 0.655023
vt 0.960999 0.654353
vt 0.962731 0.651671
vt 0.817243 0.218084
vt 0.830798 0.224043
vt 0.816576 0.220432
vt 0.779839 0.700517
vt 0.792824 0.694466
vt 0.794101 0.697455
vt 0.780476 0.703861
vt 0.795625 0.699172
vt 0.806731 0.215471
vt 0.817764 0.215547
vt 0.763633 0.703530
vt 0.763878 0.704949
vt 0.440632 0.952963
vt 0.442307 0.946439
vt 0.442936 0.955172
vt 0.964867 0.690323
vt 0.962969 0.686027
vt 0.965882 0.680049
vt 0.785134 0.225430
vt 0.790482 0.224129
vt 0.785142 0.228768
vt 0.609152 0.734151
vt 0.606919 0.729534
vt 0.609152 0.728018
vt 0.957272 0.705522
vt 0.957436 0.701524
vt 0.960032 0.698474
vt 0.962419 0.699482
vt 0.984414 0.147506
vt 0.985284 0.140295
vt 0.986974 0.147218
vt 0.982847 0.576284
vt 0.982798 0.588966
vt 0.980914 0.580454
vt 0.778263 0.238555
vt 0.781639 0.235271
vt 0.780556 0.241798
vt 0.985307 0.154863
vt 0.980680 0.571460
vt 0.777669 0.249242
vt 0.775673 0.241731
vt 0.984414 0.161834
vt 0.986974 0.162082
vt 0.779388 0.256069
vt 0.783132 0.258093
vt 0.985296 0.167888
vt 0.783718 0.254033
vt 0.788517 0.259867
vt 0.980058 0.547245
vt 0.982197 0.551555
vt 0.980246 0.554999
vt 0.795475 0.266578
vt 0.795370 0.263693
vt 0.756245 0.650106
vt 0.745808 0.660828
vt 0.747350 0.656011
vt 0.813055 0.273667
vt 0.976119 0.277401
vt 0.974556 0.295456
vt 0.974299 0.275888
vt 0.972206 0.294565
vt 0.773871 0.640481
vt 0.758461 0.651833
vt 0.621596 0.162115
vt 0.620223 0.181828
vt 0.619862 0.161747
vt 0.971239 0.505775
vt 0.973790 0.503325
vt 0.973608 0.508318
vt 0.621967 0.155723
vt 0.838591 0.293122
vt 0.834292 0.290960
vt 0.831509 0.286507
vt 0.832326 0.285068
vt 0.972551 0.513764
vt 0.974984 0.514631
vt 0.798379 0.627340
vt 0.793110 0.629304
vt 0.798216 0.622370
vt 0.968669 0.533526
vt 0.969722 0.524595
vt 0.971058 0.535155
vt 0.800168 0.606509
vt 0.803321 0.610455
vt 0.800376 0.614471
vt 0.982706 0.407887
vt 0.983641 0.421647
vt 0.979557 0.401059
vt 0.933668 0.774328
vt 0.946497 0.791530
vt 0.932861 0.775410
vt 0.931807 0.776863
vt 0.943906 0.793555
vt 0.930189 0.777454
vt 0.532739 0.960984
vt 0.531252 0.975561
vt 0.528555 0.975088
vt 0.535594 0.955024
vt 0.534034 0.948296
vt 0.599253 0.929342
vt 0.599099 0.934796
vt 0.592921 0.939851
vt 0.531953 0.926261
vt 0.534840 0.936165
vt 0.533223 0.936648
vt 0.608753 0.909331
vt 0.608543 0.920583
vt 0.607222 0.920108
vt 0.607475 0.736518
vt 0.608586 0.743533
vt 0.606919 0.743533
vt 0.987526 0.656999
vt 0.988832 0.654567
vt 0.989391 0.659827
vt 0.528555 0.923518
vt 0.528947 0.928135
vt 0.602747 0.905311
vt 0.605887 0.907697
vt 0.603921 0.909095
vt 0.985926 0.946786
vt 0.987004 0.954751
vt 0.985708 0.955458
vt 0.987447 0.667107
vt 0.990711 0.946642
vt 0.989370 0.951918
vt 0.988312 0.946607
vt 0.930667 0.737148
vt 0.926281 0.738376
vt 0.931906 0.735260
vt 0.986807 0.674054
vt 0.988100 0.674658
vt 0.990620 0.673072
vt 0.989964 0.667109
vt 0.992484 0.667312
vt 0.597633 0.898361
vt 0.600729 0.896692
vt 0.601161 0.900850
vt 0.990474 0.676488
vt 0.988575 0.679856
vt 0.991150 0.679791
vt 0.883425 0.005142
vt 0.885131 0.001183
vt 0.885184 0.004841
vt 0.447081 0.729454
vt 0.446414 0.721641
vt 0.449016 0.719177
vt 0.888026 0.011918
vt 0.886819 0.005005
vt 0.888026 0.004309
vt 0.885544 0.012294
vt 0.945039 0.742789
vt 0.943084 0.745163
vt 0.938468 0.739152
vt 0.939261 0.737602
vt 0.445705 0.729308
vt 0.450147 0.724834
vt 0.450097 0.730609
vt 0.589759 0.203723
vt 0.590834 0.206154
vt 0.587734 0.202637
vt 0.382164 0.808768
vt 0.379142 0.815503
vt 0.379797 0.806897
vt 0.861692 0.002183
vt 0.860475 0.011781
vt 0.860475 0.001263
vt 0.740678 0.242821
vt 0.744935 0.251751
vt 0.743661 0.254066
vt 0.470470 0.993279
vt 0.471949 0.988755
vt 0.473826 0.994153
vt 0.892871 0.372707
vt 0.893662 0.368434
vt 0.897082 0.369518
vt 0.389678 0.800614
vt 0.383564 0.803674
vt 0.389348 0.798955
vt 0.471405 0.211671
vt 0.471405 0.209072
vt 0.473133 0.209142
vt 0.749883 0.256495
vt 0.748836 0.258500
vt 0.397793 0.803118
vt 0.390745 0.802847
vt 0.398457 0.800523
vt 0.756921 0.255261
vt 0.757615 0.258630
vt 0.406054 0.801578
vt 0.405711 0.805380
vt 0.989064 0.709817
vt 0.988671 0.701875
vt 0.990973 0.703258
vt 0.764821 0.253360
vt 0.761503 0.251710
vt 0.766802 0.254702
vt 0.993079 0.704765
vt 0.993909 0.702141
vt 0.763981 0.249485
vt 0.996478 0.565968
vt 0.995644 0.574022
vt 0.994767 0.565958
vt 0.987843 0.392364
vt 0.989492 0.387042
vt 0.991344 0.391214
vt 0.986287 0.405031
vt 0.987860 0.401986
vt 0.989780 0.405934
vt 0.727038 0.890739
vt 0.732176 0.895896
vt 0.730394 0.898582
vt 0.988154 0.413542
vt 0.990781 0.414694
vt 0.733164 0.899238
vt 0.736647 0.913129
vt 0.734056 0.913150
vt 0.403545 0.833070
vt 0.389995 0.839357
vt 0.389320 0.836077
vt 0.900474 0.933580
vt 0.904599 0.920472
vt 0.902998 0.933709
vt 0.748780 0.218292
vt 0.762388 0.224425
vt 0.748131 0.220858
vt 0.731006 0.930492
vt 0.731713 0.913650
vt 0.733433 0.924165
vt 0.731938 0.218947
vt 0.732186 0.217165
vt 0.379632 0.837054
vt 0.373148 0.839253
vt 0.370869 0.835924
vt 0.463021 0.676692
vt 0.465321 0.670466
vt 0.465321 0.679315
vt 0.729509 0.942701
vt 0.732243 0.934161
vt 0.731886 0.943698
vt 0.735720 0.934586
vt 0.734487 0.943397
vt 0.729524 0.950699
vt 0.727038 0.949775
vt 0.363230 0.833134
vt 0.357886 0.832745
vt 0.357218 0.829140
vt 0.358537 0.827286
vt 0.716743 0.226255
vt 0.722076 0.224931
vt 0.716778 0.229854
vt 0.976555 0.173250
vt 0.975631 0.180401
vt 0.974005 0.173549
vt 0.712765 0.227400
vt 0.708408 0.239195
vt 0.707875 0.234611
vt 0.354383 0.822193
vt 0.351009 0.819772
vt 0.353295 0.815517
vt 0.979498 0.166011
vt 0.979114 0.173564
vt 0.977471 0.165917
vt 0.709993 0.240064
vt 0.713336 0.236678
vt 0.711500 0.243748
vt 0.350410 0.809023
vt 0.348415 0.815816
vt 0.348552 0.807898
vt 0.976602 0.158933
vt 0.979163 0.158711
vt 0.352121 0.801340
vt 0.356473 0.800372
vt 0.974054 0.158696
vt 0.973253 0.148014
vt 0.975713 0.152836
vt 0.714009 0.261639
vt 0.709497 0.251272
vt 0.715041 0.260491
vt 0.974160 0.145097
vt 0.977501 0.146266
vt 0.979498 0.141323
vt 0.979064 0.151895
vt 0.715587 0.256329
vt 0.722697 0.265984
vt 0.816594 0.968053
vt 0.814975 0.960437
vt 0.816729 0.961006
vt 0.720582 0.260700
vt 0.727322 0.266516
vt 0.938247 0.957285
vt 0.936505 0.966346
vt 0.935714 0.957156
vt 0.818213 0.942403
vt 0.820574 0.944642
vt 0.819161 0.961768
vt 0.726637 0.270733
vt 0.744462 0.277187
vt 0.382655 0.778859
vt 0.400895 0.766575
vt 0.401762 0.767994
vt 0.817263 0.923006
vt 0.819710 0.926453
vt 0.763671 0.289907
vt 0.761826 0.285971
vt 0.936054 0.918768
vt 0.935001 0.938677
vt 0.934295 0.918478
vt 0.132340 0.982193
vt 0.129850 0.979632
vt 0.132281 0.977100
vt 0.767207 0.290485
vt 0.407007 0.766103
vt 0.406788 0.761270
vt 0.131360 0.971554
vt 0.133813 0.970759
vt 0.761231 0.292225
vt 0.766497 0.294499
vt 0.766318 0.298708
vt 0.128800 0.960624
vt 0.127968 0.951700
vt 0.130397 0.950094
vt 0.771398 0.311272
vt 0.773307 0.306044
vt 0.773035 0.315406
vt 0.131269 0.941571
vt 0.128038 0.942233
vt 0.768233 0.314624
vt 0.766490 0.322396
vt 0.764338 0.320712
vt 0.345542 0.981583
vt 0.342942 0.968082
vt 0.344203 0.960561
vt 0.933634 0.631119
vt 0.945362 0.613022
vt 0.946543 0.614383
vt 0.822940 0.967143
vt 0.825125 0.946794
vt 0.826824 0.946398
vt 0.061303 0.915988
vt 0.073550 0.932591
vt 0.063128 0.922300
vt 0.063241 0.913330
vt 0.076170 0.930474
vt 0.062364 0.914496
vt 0.828495 0.953292
vt 0.829671 0.940610
vt 0.056010 0.911490
vt 0.830240 0.929304
vt 0.828916 0.928204
vt 0.342978 0.945565
vt 0.342040 0.955973
vt 0.341381 0.945108
vt 0.987902 0.464242
vt 0.986704 0.458729
vt 0.989878 0.459125
vt 0.991771 0.462005
vt 0.990470 0.464448
vt 0.989285 0.451809
vt 0.991812 0.451832
vt 0.995682 0.842005
vt 0.997334 0.847182
vt 0.994941 0.847362
vt 0.950993 0.576181
vt 0.947228 0.575641
vt 0.945583 0.573473
vt 0.986775 0.451626
vt 0.986704 0.444676
vt 0.988044 0.444158
vt 0.992468 0.444912
vt 0.990426 0.445930
vt 0.060533 0.875448
vt 0.056090 0.876808
vt 0.061859 0.873438
vt 0.990559 0.442543
vt 0.853400 0.004905
vt 0.855384 0.001183
vt 0.855147 0.004816
vt 0.063189 0.877498
vt 0.068541 0.877177
vt 0.067286 0.878506
vt 0.854225 0.012289
vt 0.074096 0.882127
vt 0.930615 0.578267
vt 0.937833 0.574980
vt 0.932280 0.580600
vt 0.185196 0.955675
vt 0.188184 0.952154
vt 0.188935 0.956666
vt 0.184737 0.959336
vt 0.181312 0.957715
vt 0.181045 0.954165
vt 0.184078 0.951544
vt 0.280930 0.949744
vt 0.282354 0.945028
vt 0.284345 0.947634
vt 0.285913 0.956517
vt 0.282041 0.954539
vt 0.285721 0.951936
vt 0.180124 0.948738
vt 0.176580 0.953551
vt 0.185832 0.946931
vt 0.191154 0.949464
vt 0.286550 0.942818
vt 0.289085 0.947296
vt 0.289433 0.960483
vt 0.290255 0.953284
vt 0.025314 0.978445
vt 0.021079 0.974636
vt 0.029304 0.974952
vt 0.031510 0.978445
vt 0.035893 0.974941
vt 0.175009 0.948187
vt 0.181665 0.943470
vt 0.187677 0.943488
vt 0.294342 0.950544
vt 0.294669 0.954941
vt 0.027155 0.970270
vt 0.031528 0.970353
vt 0.124600 0.957305
vt 0.120235 0.959237
vt 0.121532 0.955510
vt 0.125602 0.949281
vt 0.122061 0.951129
vt 0.121741 0.946763
vt 0.797746 0.969456
vt 0.793261 0.967393
vt 0.797756 0.963056
vt 0.797756 0.975889
vt 0.802131 0.973513
vt 0.802426 0.978482
vt 0.802143 0.962022
vt 0.802242 0.967393
vt 0.402785 0.961160
vt 0.404163 0.957645
vt 0.408453 0.959417
vt 0.029306 0.965509
vt 0.025943 0.962124
vt 0.031693 0.962113
vt 0.113117 0.952663
vt 0.116959 0.956904
vt 0.111286 0.957670
vt 0.112896 0.946561
vt 0.117697 0.948923
vt 0.805853 0.966397
vt 0.805924 0.971366
vt 0.405607 0.943664
vt 0.410214 0.946691
vt 0.406604 0.947840
vt 0.401743 0.947671
vt 0.405486 0.951620
vt 0.407788 0.955044
vt 0.411823 0.954820
vt 0.109412 0.950628
vt 0.108061 0.946651
vt 0.409816 0.950988
vt 0.413493 0.950270
vt 0.972078 0.436758
vt 0.974918 0.375080
vt 0.975505 0.436800
vt 0.968390 0.436800
vt 0.968979 0.375074
vt 0.970062 0.796957
vt 0.972604 0.735273
vt 0.973732 0.797014
vt 0.149655 0.972349
vt 0.151969 0.968713
vt 0.152927 0.973448
vt 0.148908 0.976725
vt 0.145337 0.972963
vt 0.147432 0.968465
vt 0.481500 0.960389
vt 0.485480 0.962349
vt 0.482165 0.964763
vt 0.476146 0.965731
vt 0.477446 0.961839
vt 0.145615 0.979608
vt 0.149775 0.979554
vt 0.142382 0.977331
vt 0.141065 0.971453
vt 0.146497 0.964372
vt 0.142829 0.966919
vt 0.485344 0.968284
vt 0.479740 0.969913
vt 0.471921 0.969458
vt 0.224143 0.965141
vt 0.227662 0.960934
vt 0.227936 0.967666
vt 0.140004 0.979608
vt 0.137334 0.974481
vt 0.137573 0.968531
vt 0.145912 0.961008
vt 0.140534 0.963475
vt 0.478297 0.974430
vt 0.482619 0.973765
vt 0.470064 0.973476
vt 0.473888 0.974329
vt 0.091930 0.975409
vt 0.090935 0.978819
vt 0.088045 0.974712
vt 0.102277 0.977116
vt 0.100601 0.974244
vt 0.104068 0.972561
vt 0.236637 0.971879
vt 0.232283 0.967401
vt 0.237092 0.963782
vt 0.004519 0.971525
vt 0.001183 0.967592
vt 0.006259 0.965573
vt 0.240382 0.969644
vt 0.240462 0.974139
vt 0.093423 0.966652
vt 0.090108 0.970977
vt 0.088224 0.965735
vt 0.098219 0.965919
vt 0.097833 0.970589
vt 0.011768 0.966370
vt 0.008951 0.970302
vt 0.013306 0.970722
vt 0.010865 0.974570
vt 0.016024 0.973747
vt 0.016252 0.968016
vt 0.871742 0.974036
vt 0.873950 0.912295
vt 0.875892 0.974000
vt 0.369816 0.972281
vt 0.371676 0.910580
vt 0.374640 0.972324
vt 0.365693 0.972362
vt 0.367904 0.910594
vt 0.911064 0.974003
vt 0.914671 0.912281
vt 0.916235 0.974003
vt 0.910645 0.912307
vt 0.789658 0.921590
vt 0.811316 0.915803
vt 0.811433 0.924158
vt 0.648236 0.953896
vt 0.670024 0.953265
vt 0.669919 0.959204
vt 0.871345 0.823995
vt 0.893158 0.821365
vt 0.893022 0.829390
vt 0.871419 0.816450
vt 0.871345 0.809315
vt 0.893009 0.803406
vt 0.893154 0.811439
vt 0.500776 0.900140
vt 0.498206 0.891573
vt 0.507235 0.897025
vt 0.493808 0.897534
vt 0.478518 0.904141
vt 0.469951 0.906712
vt 0.475403 0.897682
vt 0.478909 0.922937
vt 0.479195 0.932315
vt 0.471803 0.923902
vt 0.486981 0.928709
vt 0.492115 0.935931
vt 0.986251 0.698309
vt 0.978900 0.701326
vt 0.979010 0.695787
vt 0.986123 0.721771
vt 0.978796 0.718485
vt 0.986106 0.710806
vt 0.734510 0.955805
vt 0.727152 0.958949
vt 0.727271 0.953066
vt 0.734372 0.979403
vt 0.727038 0.976229
vt 0.734353 0.968667
vt 0.674442 0.964201
vt 0.667090 0.967320
vt 0.667189 0.961570
vt 0.674442 0.991415
vt 0.667187 0.993406
vt 0.667043 0.984558
vt 0.697846 0.408076
vt 0.719541 0.402290
vt 0.719658 0.410645
vt 0.310922 0.952701
vt 0.332746 0.952071
vt 0.332640 0.958009
vt 0.799894 0.206730
vt 0.821743 0.204100
vt 0.821608 0.212125
vt 0.799969 0.199185
vt 0.799894 0.192050
vt 0.821595 0.186142
vt 0.821740 0.194174
vt 0.719100 0.913733
vt 0.724672 0.906842
vt 0.724671 0.920259
vt 0.715887 0.903861
vt 0.700814 0.897664
vt 0.703442 0.890739
vt 0.708227 0.898296
vt 0.687870 0.908149
vt 0.680816 0.909421
vt 0.683130 0.902768
vt 0.693312 0.926143
vt 0.696115 0.935097
vt 0.686730 0.928988
vt 0.702642 0.929526
vt 0.709532 0.935097
vt 0.979845 0.186798
vt 0.987116 0.184658
vt 0.987258 0.193821
vt 0.961829 0.151473
vt 0.969183 0.154736
vt 0.961872 0.158249
vt 0.337242 0.963102
vt 0.329873 0.966260
vt 0.329981 0.960376
vt 0.337150 0.986700
vt 0.329792 0.983539
vt 0.337111 0.975964
vt 0.966254 0.613362
vt 0.973522 0.611356
vt 0.973683 0.620204
vt 0.224143 0.953260
vt 0.245967 0.952629
vt 0.245862 0.958568
vt 0.868661 0.367347
vt 0.890505 0.364682
vt 0.890383 0.372707
vt 0.868723 0.359802
vt 0.868661 0.353710
vt 0.890328 0.346724
vt 0.890486 0.354757
vt 0.661898 0.910776
vt 0.667874 0.906818
vt 0.668380 0.913843
vt 0.633939 0.901532
vt 0.631342 0.894595
vt 0.639925 0.897114
vt 0.656342 0.924262
vt 0.665195 0.923900
vt 0.655116 0.932755
vt 0.965477 0.878751
vt 0.972807 0.882282
vt 0.965453 0.889236
vt 0.768929 0.177045
vt 0.761561 0.180061
vt 0.761747 0.171775
vt 0.768803 0.200507
vt 0.761460 0.197220
vt 0.768785 0.189543
vt 0.993156 0.907751
vt 0.985789 0.910908
vt 0.985897 0.905025
vt 0.993064 0.931349
vt 0.985708 0.928189
vt 0.993026 0.920613
vt 0.978829 0.962312
vt 0.986098 0.960305
vt 0.986259 0.969152
vt 0.416406 0.920729
vt 0.438114 0.915507
vt 0.438232 0.921744
vt 0.624023 0.953926
vt 0.645844 0.953266
vt 0.645747 0.959206
vt 0.569884 0.926729
vt 0.576462 0.929576
vt 0.570850 0.933833
vt 0.562378 0.898253
vt 0.566775 0.892292
vt 0.569347 0.900860
vt 0.993238 0.520345
vt 0.985965 0.522338
vt 0.985822 0.513490
vt 0.982644 0.866068
vt 0.975276 0.869085
vt 0.975386 0.863547
vt 0.982518 0.889531
vt 0.975174 0.886244
vt 0.982500 0.878566
vt 0.987141 0.312486
vt 0.979767 0.315629
vt 0.979886 0.309746
vt 0.987004 0.336084
vt 0.979654 0.332909
vt 0.986986 0.325348
vt 0.993238 0.493132
vt 0.985870 0.496251
vt 0.985969 0.490501
vt 0.050472 0.952726
vt 0.072282 0.952966
vt 0.072179 0.958812
vt 0.797528 0.194602
vt 0.775732 0.194167
vt 0.775918 0.186143
vt 0.939472 0.318604
vt 0.948039 0.316033
vt 0.942586 0.325063
vt 0.942467 0.309142
vt 0.948039 0.302616
vt 0.784697 0.954310
vt 0.777330 0.957313
vt 0.777426 0.951807
vt 0.784562 0.970961
vt 0.777242 0.967409
vt 0.784587 0.963924
vt 0.937249 0.808676
vt 0.929882 0.811692
vt 0.930068 0.803406
vt 0.937122 0.832138
vt 0.929779 0.828852
vt 0.937105 0.821172
vt 0.986191 0.264364
vt 0.978915 0.258535
vt 0.986346 0.251502
vt 0.986209 0.275100
vt 0.978858 0.271926
vt 0.983786 0.601241
vt 0.976406 0.604333
vt 0.976526 0.598584
vt 0.809018 0.876259
vt 0.812016 0.891132
vt 0.800812 0.880692
vt 0.826865 0.894107
vt 0.822700 0.901865
vt 0.803547 0.903765
vt 0.797974 0.896946
vt 0.818299 0.877215
vt 0.825986 0.885344
vt 0.812486 0.906433
vt 0.797094 0.888184
vt 0.807500 0.913436
vt 0.816360 0.913437
vt 0.799313 0.872280
vt 0.793048 0.878546
vt 0.816360 0.868890
vt 0.824546 0.872281
vt 0.799313 0.825367
vt 0.800812 0.833779
vt 0.793048 0.831632
vt 0.807500 0.866523
vt 0.812486 0.859520
vt 0.816360 0.866523
vt 0.822700 0.854952
vt 0.812016 0.844219
vt 0.825986 0.838430
vt 0.826865 0.847193
vt 0.797974 0.850033
vt 0.797093 0.841271
vt 0.811473 0.828943
vt 0.820411 0.831612
vt 0.803547 0.856852
vt 0.789657 0.848680
vt 0.793048 0.856866
vt 0.816360 0.821976
vt 0.807499 0.821976
vt 0.830812 0.856867
vt 0.824546 0.863133
vt 0.834202 0.839820
vt 0.830812 0.831633
vt 0.579876 0.183796
vt 0.579565 0.172611
vt 0.593845 0.177992
vt 0.608769 0.180956
vt 0.604334 0.189164
vt 0.593882 0.193155
vt 0.585451 0.190614
vt 0.599684 0.163987
vt 0.587966 0.163709
vt 0.607813 0.171676
vt 0.598366 0.200270
vt 0.589505 0.200270
vt 0.612817 0.190614
vt 0.606552 0.196880
vt 0.616208 0.173566
vt 0.612817 0.165380
vt 0.606552 0.159114
vt 0.598366 0.155723
vt 0.589506 0.155723
vt 0.581320 0.159114
vt 0.575055 0.165380
vt 0.571664 0.173566
vt 0.575054 0.190614
vt 0.571663 0.182427
vt 0.560976 0.172192
vt 0.565906 0.165380
vt 0.569297 0.173566
vt 0.557423 0.189162
vt 0.565905 0.190614
vt 0.559640 0.196879
vt 0.541169 0.192001
vt 0.542594 0.200270
vt 0.534407 0.196879
vt 0.533041 0.184312
vt 0.528142 0.190614
vt 0.524752 0.182427
vt 0.536520 0.166825
vt 0.528142 0.165379
vt 0.534408 0.159114
vt 0.546971 0.162833
vt 0.542594 0.155723
vt 0.551455 0.155723
vt 0.546933 0.177992
vt 0.561857 0.180955
vt 0.532086 0.175033
vt 0.549932 0.192880
vt 0.555404 0.165374
vt 0.775673 0.347234
vt 0.783990 0.348588
vt 0.779064 0.355421
vt 0.787276 0.332066
vt 0.779064 0.330187
vt 0.785329 0.323922
vt 0.820218 0.338374
vt 0.812002 0.336986
vt 0.816827 0.330188
vt 0.783109 0.339825
vt 0.798032 0.342774
vt 0.806427 0.330167
vt 0.791677 0.356717
vt 0.797490 0.327499
vt 0.812881 0.345748
vt 0.809164 0.353239
vt 0.800956 0.357674
vt 0.793516 0.365078
vt 0.785330 0.361687
vt 0.810562 0.361687
vt 0.816828 0.355422
vt 0.802376 0.320531
vt 0.793515 0.320531
vt 0.789657 0.895593
vt 0.793048 0.903780
vt 0.830812 0.903780
vt 0.824547 0.910046
vt 0.834202 0.886733
vt 0.830812 0.878547
vt 0.725646 0.700088
vt 0.634980 0.609428
vt 0.725646 0.609424
vt 0.479373 0.437845
vt 0.469489 0.580128
vt 0.469489 0.427962
vt 0.611772 0.570243
vt 0.621656 0.580127
vt 0.621656 0.427960
vt 0.611772 0.437844
vt 0.944592 0.557805
vt 0.948923 0.421313
vt 0.948923 0.557754
vt 0.604255 0.714872
vt 0.608586 0.582495
vt 0.608586 0.714824
vt 0.673605 0.954813
vt 0.677936 0.821857
vt 0.677936 0.954758
vt 0.843371 0.353180
vt 0.847702 0.214492
vt 0.847702 0.353134
vt 0.491172 0.020952
vt 0.471405 0.153349
vt 0.471405 0.001183
vt 0.603800 0.020957
vt 0.623567 0.153357
vt 0.603800 0.133588
vt 0.491172 0.133583
vt 0.831005 0.211515
vt 0.851218 0.110285
vt 0.851218 0.211276
vt 0.868661 0.336529
vt 0.888876 0.238356
vt 0.888876 0.336303
vt 0.753093 0.424141
vt 0.773307 0.325516
vt 0.773307 0.423888
vt 0.820184 0.104021
vt 0.840397 0.001183
vt 0.840397 0.103804
vt 0.624023 0.711117
vt 0.634980 0.700092
vt 0.624023 0.598489
vt 0.736654 0.598484
vt 0.736654 0.711111
vt 0.467122 0.215895
vt 0.448030 0.400763
vt 0.448030 0.233441
vt 0.702464 0.169409
vt 0.625934 0.001183
vt 0.702464 0.002088
vt 0.778700 0.428790
vt 0.704156 0.595183
vt 0.704156 0.427856
vt 0.463545 0.429193
vt 0.443531 0.614080
vt 0.443531 0.446743
vt 0.779056 0.002013
vt 0.704831 0.168520
vt 0.704831 0.001183
vt 0.624023 0.427960
vt 0.701789 0.596117
vt 0.624023 0.595282
vt 0.961524 0.270016
vt 0.968083 0.184659
vt 0.968083 0.270016
vt 0.730398 0.880805
vt 0.736373 0.713548
vt 0.736373 0.880870
vt 0.078536 0.958795
vt 0.085095 0.873438
vt 0.085095 0.958795
vt 0.946497 0.797434
vt 0.940794 0.964707
vt 0.940794 0.797370
vt 0.968082 0.272383
vt 0.961524 0.357740
vt 0.961524 0.272382
vt 0.960321 0.542411
vt 0.966024 0.375137
vt 0.966024 0.542474
vt 0.171686 0.873439
vt 0.165128 0.958796
vt 0.165128 0.873439
vt 0.954839 0.735324
vt 0.948863 0.902582
vt 0.948863 0.735260
vt 0.252051 0.958819
vt 0.258610 0.873463
vt 0.258610 0.958818
vt 0.953429 0.182222
vt 0.959310 0.014971
vt 0.959310 0.182292
vt 0.741034 0.420249
vt 0.747593 0.334891
vt 0.747593 0.420249
vt 0.959157 0.184730
vt 0.953429 0.351985
vt 0.953429 0.184658
vt 0.963888 0.547245
vt 0.957329 0.632601
vt 0.957329 0.547246
vt 0.957205 0.902587
vt 0.962933 0.735331
vt 0.962933 0.902658
vt 0.849323 0.001183
vt 0.842764 0.086541
vt 0.842764 0.001183
vt 0.957954 0.375143
vt 0.952073 0.542395
vt 0.952073 0.375074
vt 0.348415 0.214492
vt 0.371499 0.399858
vt 0.348415 0.424137
vt 0.467122 0.425540
vt 0.469489 0.424144
vt 0.562631 0.400759
vt 0.585116 0.425593
vt 0.585116 0.215941
vt 0.562631 0.233432
vt 0.469489 0.214492
vt 0.488086 0.232498
vt 0.348415 0.427906
vt 0.369306 0.613251
vt 0.348415 0.637571
vt 0.463545 0.638858
vt 0.348415 0.210830
vt 0.447150 0.187338
vt 0.469038 0.212125
vt 0.469038 0.002479
vt 0.447150 0.020016
vt 0.348415 0.001183
vt 0.369384 0.019181
vt 0.371499 0.232537
vt 0.369306 0.445914
vt 0.488086 0.399825
vt 0.369384 0.186503
vt 0.906523 0.706556
vt 0.923072 0.691482
vt 0.922974 0.706542
vt 0.906621 0.691496
vt 0.923072 0.675410
vt 0.906621 0.675425
vt 0.922974 0.659901
vt 0.906523 0.659916
vt 0.922788 0.646472
vt 0.906337 0.644105
vt 0.923000 0.631440
vt 0.922787 0.644091
vt 0.906549 0.631454
vt 0.923111 0.616337
vt 0.906661 0.616351
vt 0.923111 0.600261
vt 0.906661 0.600275
vt 0.923000 0.584785
vt 0.906549 0.584799
vt 0.922787 0.571423
vt 0.928262 0.496416
vt 0.911588 0.509836
vt 0.911812 0.496398
vt 0.928038 0.509854
vt 0.911469 0.525350
vt 0.927919 0.525368
vt 0.911469 0.541421
vt 0.927919 0.541439
vt 0.911588 0.556475
vt 0.928038 0.556493
vt 0.911812 0.569039
vt 0.928264 0.421318
vt 0.911588 0.434445
vt 0.911814 0.421313
vt 0.928038 0.434450
vt 0.911469 0.449806
vt 0.927919 0.449811
vt 0.911469 0.465892
vt 0.927919 0.465897
vt 0.911588 0.481129
vt 0.928038 0.481134
vt 0.911814 0.494026
vt 0.906336 0.719131
vt 0.922788 0.719116
vt 0.928127 0.704876
vt 0.928219 0.690801
vt 0.928219 0.675782
vt 0.928127 0.661287
vt 0.927953 0.648736
vt 0.928144 0.629797
vt 0.928249 0.615682
vt 0.928249 0.600658
vt 0.928144 0.586194
vt 0.927946 0.573707
vt 0.906447 0.511218
vt 0.906337 0.525717
vt 0.906337 0.540736
vt 0.906447 0.554805
vt 0.906657 0.566547
vt 0.906448 0.435933
vt 0.906337 0.450289
vt 0.906337 0.465323
vt 0.906448 0.479564
vt 0.906659 0.491617
vt 0.927953 0.716628
vt 0.358082 0.707947
vt 0.361897 0.722669
vt 0.353060 0.710506
vt 0.348415 0.696206
vt 0.353982 0.695324
vt 0.348415 0.681171
vt 0.353982 0.682053
vt 0.353061 0.666872
vt 0.358083 0.669431
vt 0.361898 0.654708
vt 0.365884 0.658694
vt 0.376620 0.650893
vt 0.374062 0.645870
vt 0.389242 0.646791
vt 0.388360 0.641224
vt 0.402513 0.646791
vt 0.403395 0.641224
vt 0.415134 0.650892
vt 0.417693 0.645870
vt 0.429856 0.654707
vt 0.425871 0.658693
vt 0.433671 0.669430
vt 0.438693 0.666871
vt 0.437772 0.682052
vt 0.443339 0.681170
vt 0.443339 0.696206
vt 0.437772 0.695324
vt 0.438692 0.710505
vt 0.433671 0.707946
vt 0.429855 0.722669
vt 0.425870 0.718683
vt 0.417692 0.731506
vt 0.415133 0.726484
vt 0.402511 0.730585
vt 0.403393 0.736152
vt 0.389240 0.730585
vt 0.388358 0.736152
vt 0.376619 0.726484
vt 0.374060 0.731507
vt 0.365883 0.718684
vt 0.976252 0.784820
vt 0.981243 0.772391
vt 0.981162 0.784815
vt 0.976333 0.772396
vt 0.981243 0.759133
vt 0.976333 0.759138
vt 0.981162 0.746338
vt 0.976252 0.746343
vt 0.981008 0.735260
vt 0.975984 0.859332
vt 0.981068 0.848892
vt 0.980893 0.859328
vt 0.976159 0.848896
vt 0.981161 0.836433
vt 0.976251 0.836437
vt 0.981161 0.823170
vt 0.976251 0.823174
vt 0.981068 0.810403
vt 0.976159 0.810407
vt 0.980893 0.799380
vt 0.978445 0.079030
vt 0.973351 0.090111
vt 0.973536 0.079024
vt 0.978260 0.090116
vt 0.973253 0.102909
vt 0.978163 0.102914
vt 0.973253 0.116167
vt 0.978163 0.116172
vt 0.973351 0.128586
vt 0.978260 0.128591
vt 0.973536 0.138951
vt 0.978448 0.014903
vt 0.973352 0.025734
vt 0.973539 0.014901
vt 0.978261 0.025736
vt 0.973254 0.038407
vt 0.978163 0.038408
vt 0.973254 0.051677
vt 0.978163 0.051679
vt 0.973352 0.064247
vt 0.978261 0.064249
vt 0.973539 0.074887
vt 0.976099 0.795193
vt 0.981008 0.795189
vt 0.655748 0.350432
vt 0.648634 0.338993
vt 0.659371 0.346794
vt 0.667172 0.357531
vt 0.662602 0.359867
vt 0.671273 0.370153
vt 0.666206 0.370957
vt 0.666206 0.382618
vt 0.671273 0.383425
vt 0.667172 0.396047
vt 0.662602 0.393709
vt 0.655748 0.403143
vt 0.659371 0.406784
vt 0.646315 0.409997
vt 0.648635 0.414585
vt 0.635225 0.413600
vt 0.636013 0.418686
vt 0.623564 0.413600
vt 0.622742 0.418686
vt 0.610121 0.414584
vt 0.612475 0.409997
vt 0.599384 0.406784
vt 0.603041 0.403142
vt 0.596187 0.393708
vt 0.591584 0.396046
vt 0.592584 0.382618
vt 0.587483 0.383424
vt 0.592584 0.370957
vt 0.587483 0.370152
vt 0.591584 0.357530
vt 0.596187 0.359866
vt 0.599384 0.346793
vt 0.603041 0.350432
vt 0.610121 0.338992
vt 0.612474 0.343578
vt 0.622742 0.334891
vt 0.623564 0.339974
vt 0.635225 0.339975
vt 0.636013 0.334891
vt 0.646315 0.343578
vt 0.320335 0.870891
vt 0.309419 0.031428
vt 0.320335 0.031509
vt 0.309419 0.870810
vt 0.297770 0.031418
vt 0.297770 0.870799
vt 0.286528 0.031479
vt 0.286528 0.870860
vt 0.276793 0.031605
vt 0.156006 0.871072
vt 0.146836 0.031578
vt 0.156006 0.031740
vt 0.146836 0.870910
vt 0.135889 0.031488
vt 0.135889 0.870820
vt 0.124236 0.031478
vt 0.124236 0.870810
vt 0.113018 0.031549
vt 0.113018 0.870882
vt 0.103333 0.031695
vt 0.244123 0.871039
vt 0.234381 0.031579
vt 0.244123 0.031732
vt 0.234381 0.870887
vt 0.223136 0.031506
vt 0.211487 0.031519
vt 0.223136 0.870814
vt 0.211488 0.870826
vt 0.200576 0.031617
vt 0.200576 0.870924
vt 0.191469 0.031789
vt 0.069982 0.871056
vt 0.060463 0.031591
vt 0.069982 0.031752
vt 0.060463 0.870894
vt 0.049329 0.031508
vt 0.049329 0.870812
vt 0.037669 0.031511
vt 0.037669 0.870815
vt 0.026624 0.031601
vt 0.026624 0.870904
vt 0.017276 0.031767
vt 0.329450 0.871034
vt 0.329450 0.031652
vt 0.331436 0.006239
vt 0.313936 0.006110
vt 0.295261 0.006093
vt 0.277238 0.006191
vt 0.730250 0.190240
vt 0.706047 0.201834
vt 0.707871 0.190317
vt 0.706047 0.178799
vt 0.727326 0.171775
vt 0.140237 0.006109
vt 0.121556 0.006093
vt 0.103572 0.006208
vt 0.674162 0.208704
vt 0.654530 0.190340
vt 0.677087 0.190240
vt 0.674163 0.171775
vt 0.652706 0.178823
vt 0.225622 0.006093
vt 0.206947 0.006113
vt 0.189454 0.006270
vt 0.628858 0.171775
vt 0.648515 0.190316
vt 0.625934 0.190240
vt 0.628858 0.208704
vt 0.650339 0.201834
vt 0.052569 0.006093
vt 0.033876 0.006098
vt 0.016170 0.006242
vt 0.679453 0.190240
vt 0.703681 0.178824
vt 0.701857 0.190341
vt 0.703681 0.201859
vt 0.682378 0.208704
vt 0.313936 0.001200
vt 0.331436 0.001329
vt 0.295261 0.001183
vt 0.277238 0.001281
vt 0.261633 0.001484
vt 0.172488 0.006513
vt 0.157787 0.001344
vt 0.172488 0.001603
vt 0.157787 0.006253
vt 0.140237 0.001199
vt 0.121556 0.001183
vt 0.103572 0.001298
vt 0.088045 0.001532
vt 0.259266 0.006454
vt 0.243650 0.001301
vt 0.259266 0.001545
vt 0.243650 0.006210
vt 0.225622 0.001183
vt 0.206947 0.001204
vt 0.189454 0.001360
vt 0.174854 0.001638
vt 0.085679 0.006484
vt 0.070419 0.001316
vt 0.085679 0.001575
vt 0.070419 0.006226
vt 0.052569 0.001183
vt 0.033876 0.001189
vt 0.016170 0.001332
vt 0.001183 0.001600
vt 0.346048 0.006469
vt 0.346048 0.001559
vt 0.661475 0.244173
vt 0.688744 0.231258
vt 0.669807 0.250228
vt 0.699732 0.246382
vt 0.675861 0.258560
vt 0.705509 0.264161
vt 0.679044 0.268356
vt 0.679044 0.278656
vt 0.705509 0.282856
vt 0.675861 0.288452
vt 0.699732 0.300636
vt 0.688745 0.315760
vt 0.669807 0.296785
vt 0.673621 0.326748
vt 0.661475 0.302839
vt 0.651679 0.306022
vt 0.655842 0.332525
vt 0.641380 0.306022
vt 0.637149 0.332525
vt 0.631585 0.302839
vt 0.619370 0.326748
vt 0.604247 0.315759
vt 0.623252 0.296785
vt 0.593259 0.300635
vt 0.617198 0.288452
vt 0.587483 0.282855
vt 0.614016 0.278656
vt 0.614016 0.268356
vt 0.587483 0.264161
vt 0.617198 0.258560
vt 0.593259 0.246381
vt 0.604247 0.231257
vt 0.623252 0.250227
vt 0.619370 0.220269
vt 0.631585 0.244173
vt 0.641380 0.240990
vt 0.637149 0.214492
vt 0.655843 0.214492
vt 0.651679 0.240990
vt 0.673621 0.220269
vt 0.348534 0.949053
vt 0.363326 0.939397
vt 0.363263 0.949040
vt 0.348597 0.939411
vt 0.363326 0.929108
vt 0.348597 0.929121
vt 0.363263 0.919178
vt 0.348534 0.919191
vt 0.363144 0.910580
vt 0.587563 0.870682
vt 0.602428 0.862570
vt 0.602292 0.870670
vt 0.587699 0.862583
vt 0.602499 0.852901
vt 0.587771 0.852913
vt 0.602499 0.842608
vt 0.587771 0.842621
vt 0.602428 0.832700
vt 0.587699 0.832712
vt 0.602292 0.824145
vt 0.837533 0.320547
vt 0.822661 0.329135
vt 0.822804 0.320531
vt 0.837389 0.329151
vt 0.822585 0.339068
vt 0.837313 0.339084
vt 0.822585 0.349357
vt 0.837313 0.349373
vt 0.822661 0.358995
vt 0.837389 0.359011
vt 0.822804 0.367039
vt 0.460654 0.641228
vt 0.445781 0.649632
vt 0.445926 0.641224
vt 0.460510 0.649636
vt 0.445705 0.659466
vt 0.460433 0.659470
vt 0.445705 0.669765
vt 0.460433 0.669770
vt 0.445781 0.679521
vt 0.460510 0.679525
vt 0.445926 0.687778
vt 0.348414 0.957103
vt 0.363144 0.957090
vt 0.717892 0.344410
vt 0.729431 0.344129
vt 0.724424 0.349156
vt 0.735485 0.352462
vt 0.729170 0.355689
vt 0.738667 0.362258
vt 0.731665 0.363369
vt 0.738667 0.372558
vt 0.731665 0.371443
vt 0.735485 0.382353
vt 0.729170 0.379123
vt 0.724424 0.385656
vt 0.729431 0.390686
vt 0.717892 0.390402
vt 0.721098 0.396740
vt 0.710212 0.392897
vt 0.711303 0.399923
vt 0.702138 0.392897
vt 0.701003 0.399923
vt 0.694459 0.390402
vt 0.691208 0.396740
vt 0.682876 0.390686
vt 0.687926 0.385655
vt 0.676822 0.382353
vt 0.683180 0.379122
vt 0.673639 0.372557
vt 0.680685 0.371443
vt 0.673639 0.362257
vt 0.680685 0.363368
vt 0.676822 0.352461
vt 0.683181 0.355688
vt 0.682876 0.344128
vt 0.687927 0.349156
vt 0.691208 0.338074
vt 0.694459 0.344409
vt 0.701004 0.334891
vt 0.702138 0.341914
vt 0.710213 0.341914
vt 0.711303 0.334892
vt 0.721098 0.338074
vt 0.921409 0.363702
vt 0.936052 0.356130
vt 0.936003 0.363689
vt 0.921458 0.356143
vt 0.936052 0.348064
vt 0.921458 0.348077
vt 0.936003 0.340279
vt 0.921409 0.340292
vt 0.935910 0.333539
vt 0.912657 0.839892
vt 0.927357 0.833530
vt 0.927250 0.839880
vt 0.912763 0.833542
vt 0.927413 0.825950
vt 0.912820 0.825962
vt 0.927413 0.817881
vt 0.912820 0.817893
vt 0.927357 0.810113
vt 0.912763 0.810125
vt 0.927250 0.803406
vt 0.918949 0.333555
vt 0.904243 0.340284
vt 0.904356 0.333539
vt 0.918836 0.340300
vt 0.904184 0.348071
vt 0.918777 0.348087
vt 0.904184 0.356137
vt 0.918777 0.356153
vt 0.904243 0.363693
vt 0.918836 0.363709
vt 0.904356 0.369999
vt 0.910290 0.803411
vt 0.895584 0.809998
vt 0.895697 0.803406
vt 0.910177 0.810002
vt 0.895524 0.817708
vt 0.910117 0.817712
vt 0.895524 0.825782
vt 0.910117 0.825786
vt 0.895584 0.833430
vt 0.910176 0.833434
vt 0.895697 0.839903
vt 0.921315 0.370014
vt 0.935910 0.370001
vt 0.500378 0.203208
vt 0.500933 0.206706
vt 0.492858 0.206706
vt 0.490556 0.202810
vt 0.479074 0.194959
vt 0.485179 0.204211
vt 0.478646 0.199464
vt 0.474399 0.181859
vt 0.473900 0.192931
vt 0.471405 0.185252
vt 0.471405 0.177177
vt 0.486786 0.161374
vt 0.714157 0.713546
vt 0.703542 0.819850
vt 0.703101 0.713483
vt 0.691716 0.819907
vt 0.691716 0.713519
vt 0.868209 0.735364
vt 0.856063 0.841640
vt 0.854994 0.735260
vt 0.440128 0.738577
vt 0.430506 0.844892
vt 0.429264 0.738519
vt 0.443808 0.844994
vt 0.448126 0.738730
vt 0.417355 0.844994
vt 0.416406 0.738654
vt 0.817817 0.107918
vt 0.810019 0.001322
vt 0.817817 0.001534
vt 0.789803 0.001183
vt 0.935142 0.385109
vt 0.929927 0.375074
vt 0.940445 0.378492
vt 0.786465 0.107563
vt 0.781422 0.001294
vt 0.920157 0.376172
vt 0.926640 0.383251
vt 0.940915 0.391595
vt 0.941780 0.400235
vt 0.949100 0.389363
vt 0.949707 0.403289
vt 0.938554 0.406359
vt 0.926847 0.411112
vt 0.921994 0.418941
vt 0.914171 0.396057
vt 0.920849 0.385331
vt 0.825086 0.394840
vt 0.817019 0.596071
vt 0.809502 0.394931
vt 0.785084 0.394794
vt 0.875880 0.034832
vt 0.868733 0.235989
vt 0.869128 0.034597
vt 0.827640 0.819609
vt 0.828587 0.618198
vt 0.830662 0.596179
vt 0.832029 0.394947
vt 0.809227 0.386620
vt 0.806847 0.386629
vt 0.781268 0.386666
vt 0.601888 0.582497
vt 0.469489 0.714894
vt 0.469489 0.582495
vt 0.832425 0.610156
vt 0.811003 0.610008
vt 0.826928 0.386620
vt 0.809232 0.380073
vt 0.806861 0.380083
vt 0.800107 0.380050
vt 0.781067 0.380141
vt 0.890102 0.019991
vt 0.834203 0.603511
vt 0.810397 0.603499
vt 0.799405 0.375095
vt 0.790803 0.375074
vt 0.783615 0.375199
vt 0.880154 0.014901
vt 0.888835 0.015069
vt 0.872428 0.014990
vt 0.826918 0.598651
vt 0.814400 0.598563
vt 0.737856 0.183622
vt 0.732617 0.190037
vt 0.732617 0.181738
vt 0.809227 0.598609
vt 0.759093 0.189951
vt 0.738142 0.188715
vt 0.408125 0.842457
vt 0.403963 0.940018
vt 0.403287 0.842434
vt 0.453768 0.717328
vt 0.398422 0.842481
vt 0.616351 0.896427
vt 0.621319 0.582495
vt 0.621656 0.894736
vt 0.531664 0.823474
vt 0.942225 0.421313
vt 0.467122 0.717319
vt 0.880045 0.375085
vt 0.874327 0.732873
vt 0.874204 0.375074
vt 0.869950 0.732880
vt 0.869951 0.375082
vt 0.901817 0.014901
vt 0.897551 0.336649
vt 0.897515 0.015861
vt 0.892752 0.336426
vt 0.892752 0.015517
vt 0.837502 0.732877
vt 0.841582 0.375091
vt 0.842216 0.732893
vt 0.847685 0.375089
vt 0.848101 0.732889
vt 0.851318 0.375074
vt 0.851277 0.732875
vt 0.611575 0.896088
vt 0.616368 0.583894
vt 0.969713 0.713507
vt 0.963624 0.711709
vt 0.966691 0.710318
vt 0.957469 0.978043
vt 0.968956 0.969279
vt 0.970211 0.979193
vt 0.994160 0.126679
vt 0.982283 0.133067
vt 0.982808 0.122724
vt 0.433926 0.946657
vt 0.591646 0.889398
vt 0.971971 0.717485
vt 0.964671 0.715305
vt 0.725833 0.402290
vt 0.722035 0.409625
vt 0.722035 0.404263
vt 0.722217 0.414188
vt 0.422782 0.957805
vt 0.416406 0.953339
vt 0.725981 0.420803
vt 0.555011 0.971934
vt 0.551649 0.972553
vt 0.420166 0.959649
vt 0.598276 0.877777
vt 0.594941 0.880598
vt 0.761712 0.951807
vt 0.760438 0.957356
vt 0.758655 0.954789
vt 0.602175 0.882223
vt 0.959937 0.727884
vt 0.966289 0.727907
vt 0.734657 0.410987
vt 0.734740 0.405109
vt 0.730196 0.402934
vt 0.550809 0.976408
vt 0.547432 0.972617
vt 0.549179 0.960324
vt 0.594254 0.873096
vt 0.602175 0.876561
vt 0.763998 0.959008
vt 0.759194 0.963580
vt 0.763129 0.963621
vt 0.761241 0.969255
vt 0.738334 0.406588
vt 0.542409 0.974842
vt 0.545927 0.977649
vt 0.599095 0.873049
vt 0.769435 0.970437
vt 0.764750 0.968080
vt 0.539080 0.970150
vt 0.538191 0.973639
vt 0.540431 0.977324
vt 0.774779 0.955972
vt 0.538059 0.966407
vt 0.103534 0.945280
vt 0.097518 0.943251
vt 0.100892 0.941572
vt 0.163624 0.961163
vt 0.618724 0.963451
vt 0.158152 0.961446
vt 0.105694 0.949097
vt 0.103541 0.954804
vt 0.088997 0.954762
vt 0.158723 0.979117
vt 0.588429 0.957027
vt 0.020735 0.945519
vt 0.029589 0.951503
vt 0.036277 0.954152
vt 0.093216 0.959274
vt 0.099745 0.959380
vt 0.612222 0.974536
vt 0.617734 0.976128
vt 0.613453 0.970340
vt 0.600445 0.961901
vt 0.594689 0.964546
vt 0.586255 0.965099
vt 0.587971 0.960427
vt 0.028738 0.941570
vt 0.584281 0.961577
vt 0.032565 0.947483
vt 0.038083 0.949970
vt 0.348021 0.971631
vt 0.614158 0.978963
vt 0.597875 0.970051
vt 0.601087 0.966898
vt 0.593532 0.968970
vt 0.035675 0.945741
vt 0.361997 0.962206
vt 0.596428 0.974516
vt 0.600100 0.972314
vt 0.593799 0.972972
vt 0.587654 0.969409
vt 0.303139 0.993749
vt 0.300631 0.986616
vt 0.584281 0.971853
vt 0.588504 0.973607
vt 0.657274 0.740176
vt 0.656043 0.747346
vt 0.654027 0.740740
vt 0.662347 0.747642
vt 0.660519 0.749287
vt 0.879313 0.001382
vt 0.875984 0.001183
vt 0.506247 0.787751
vt 0.502899 0.796615
vt 0.300584 0.981183
vt 0.305693 0.994025
vt 0.988662 0.041575
vt 0.993750 0.038016
vt 0.992046 0.042254
vt 0.659179 0.752185
vt 0.991958 0.543658
vt 0.988044 0.544637
vt 0.666360 0.753704
vt 0.665295 0.755655
vt 0.991096 0.538012
vt 0.992880 0.542986
vt 0.985814 0.538767
vt 0.504504 0.782578
vt 0.994808 0.033389
vt 0.995323 0.026601
vt 0.674337 0.756779
vt 0.994605 0.019224
vt 0.681670 0.753802
vt 0.988516 0.524721
vt 0.980812 0.113145
vt 0.991619 0.524704
vt 0.985174 0.118555
vt 0.684682 0.740076
vt 0.679691 0.748730
vt 0.991835 0.810027
vt 0.996805 0.809946
vt 0.535692 0.791135
vt 0.534990 0.795063
vt 0.689124 0.729527
vt 0.980937 0.103238
vt 0.684042 0.730114
vt 0.991817 0.821154
vt 0.531418 0.806314
vt 0.680690 0.720178
vt 0.689063 0.726198
vt 0.685907 0.729899
vt 0.457708 0.923421
vt 0.459091 0.915507
vt 0.461015 0.917354
vt 0.991849 0.828978
vt 0.529139 0.804096
vt 0.534064 0.807628
vt 0.967952 0.927689
vt 0.965488 0.912234
vt 0.957205 0.905025
vt 0.681541 0.718806
vt 0.457044 0.936909
vt 0.460149 0.923740
vt 0.454500 0.936727
vt 0.455425 0.922431
vt 0.962517 0.928037
vt 0.510124 0.814797
vt 0.965907 0.927470
vt 0.456596 0.946446
vt 0.453837 0.946432
vt 0.500591 0.815453
vt 0.500607 0.817612
vt 0.967375 0.948750
vt 0.968314 0.938750
vt 0.454401 0.955166
vt 0.645079 0.715069
vt 0.491859 0.816383
vt 0.492051 0.814467
vt 0.964881 0.957767
vt 0.636029 0.718695
vt 0.452190 0.952952
vt 0.455542 0.962737
vt 0.455135 0.968061
vt 0.458237 0.962187
vt 0.484807 0.811492
vt 0.484256 0.813496
vt 0.481940 0.816569
vt 0.979586 0.487608
vt 0.981756 0.481548
vt 0.982792 0.488135
vt 0.457828 0.967975
vt 0.629498 0.724762
vt 0.979209 0.472256
vt 0.478294 0.809417
vt 0.479630 0.807586
vt 0.478920 0.813040
vt 0.959651 0.965021
vt 0.625289 0.732577
vt 0.981004 0.015386
vt 0.980814 0.022763
vt 0.472203 0.799938
vt 0.986295 0.014901
vt 0.474949 0.811279
vt 0.980986 0.030365
vt 0.979380 0.454810
vt 0.981936 0.454655
vt 0.986267 0.030338
vt 0.473722 0.795982
vt 0.475543 0.802411
vt 0.624165 0.747940
vt 0.980826 0.037626
vt 0.471734 0.789137
vt 0.984338 0.455093
vt 0.470618 0.800424
vt 0.629318 0.747226
vt 0.978386 0.446909
vt 0.977786 0.455267
vt 0.478442 0.781258
vt 0.475025 0.789437
vt 0.986295 0.047121
vt 0.472421 0.780784
vt 0.477302 0.780260
vt 0.984360 0.049951
vt 0.980964 0.044401
vt 0.633152 0.762148
vt 0.979887 0.957543
vt 0.983342 0.949519
vt 0.983148 0.957939
vt 0.341184 0.931004
vt 0.342995 0.927007
vt 0.344497 0.932246
vt 0.642995 0.767544
vt 0.984427 0.056407
vt 0.981015 0.051117
vt 0.339636 0.918662
vt 0.342283 0.919696
vt 0.489742 0.771184
vt 0.980768 0.949253
vt 0.983025 0.930484
vt 0.485764 0.766863
vt 0.345303 0.902150
vt 0.344117 0.920401
vt 0.658284 0.777786
vt 0.640762 0.768511
vt 0.504083 0.757184
vt 0.343498 0.900639
vt 0.979226 0.905697
vt 0.978830 0.947506
vt 0.343959 0.883998
vt 0.341347 0.881179
vt 0.526013 0.750671
vt 0.522725 0.747073
vt 0.990291 0.110608
vt 0.991810 0.103697
vt 0.991864 0.110317
vt 0.343466 0.878189
vt 0.985493 0.868761
vt 0.682425 0.795335
vt 0.677394 0.788933
vt 0.993440 0.110589
vt 0.340461 0.873400
vt 0.339636 0.877648
vt 0.989361 0.095464
vt 0.991754 0.095415
vt 0.684497 0.803040
vt 0.689349 0.802609
vt 0.687688 0.810998
vt 0.988178 0.878724
vt 0.535692 0.734692
vt 0.533175 0.743524
vt 0.994143 0.095436
vt 0.994255 0.104079
vt 0.991705 0.086865
vt 0.990685 0.889144
vt 0.684200 0.811017
vt 0.994255 0.086622
vt 0.989355 0.079024
vt 0.993437 0.079185
vt 0.684841 0.819491
vt 0.680972 0.817780
vt 0.989434 0.897896
vt 0.609169 0.207187
vt 0.612602 0.202637
vt 0.613936 0.207933
vt 0.596802 0.208681
vt 0.593201 0.204035
vt 0.597337 0.202637
vt 0.980453 0.693420
vt 0.236135 0.922576
vt 0.245544 0.933723
vt 0.933617 0.706473
vt 0.947162 0.690765
vt 0.935742 0.707952
vt 0.972697 0.338770
vt 0.946379 0.689624
vt 0.980414 0.656532
vt 0.982781 0.667135
vt 0.978810 0.672012
vt 0.228477 0.898512
vt 0.226895 0.899259
vt 0.229072 0.911741
vt 0.225328 0.899632
vt 0.973065 0.321147
vt 0.954348 0.673886
vt 0.953088 0.673504
vt 0.951453 0.672872
vt 0.984440 0.648291
vt 0.982057 0.657011
vt 0.983411 0.656104
vt 0.978796 0.655957
vt 0.982442 0.647280
vt 0.226559 0.887971
vt 0.229815 0.898073
vt 0.990406 0.248763
vt 0.989131 0.256984
vt 0.988713 0.248857
vt 0.954905 0.660026
vt 0.953501 0.660825
vt 0.991709 0.256975
vt 0.988737 0.262526
vt 0.847142 0.371982
vt 0.226086 0.882232
vt 0.224143 0.887787
vt 0.993779 0.259290
vt 0.229080 0.886594
vt 0.233287 0.880068
vt 0.950454 0.651309
vt 0.845851 0.358725
vt 0.849096 0.371618
vt 0.236782 0.877523
vt 0.848302 0.358231
vt 0.994477 0.276353
vt 0.945006 0.648622
vt 0.844109 0.355547
vt 0.845773 0.355758
vt 0.242103 0.877278
vt 0.240825 0.878608
vt 0.837280 0.977354
vt 0.838577 0.983767
vt 0.838881 0.976452
vt 0.938448 0.647176
vt 0.942932 0.646472
vt 0.938191 0.651604
vt 0.510014 0.966820
vt 0.512758 0.960234
vt 0.515814 0.964131
vt 0.514659 0.967471
vt 0.515922 0.974314
vt 0.933589 0.649802
vt 0.937258 0.650176
vt 0.247598 0.882297
vt 0.837280 0.991533
vt 0.930585 0.654489
vt 0.932671 0.657051
vt 0.938708 0.652844
vt 0.510454 0.974558
vt 0.553530 0.209313
vt 0.550418 0.203766
vt 0.556606 0.205233
vt 0.570743 0.202637
vt 0.573692 0.207535
vt 0.567942 0.208083
vt 0.775385 0.175493
vt 0.775052 0.182740
vt 0.773674 0.788560
vt 0.777453 0.182213
vt 0.574031 0.753530
vt 0.567540 0.745166
vt 0.570787 0.744655
vt 0.842764 0.101978
vt 0.845822 0.106456
vt 0.775559 0.171775
vt 0.575081 0.749232
vt 0.577376 0.752455
vt 0.781510 0.775026
vt 0.989523 0.981377
vt 0.993825 0.984953
vt 0.991994 0.986965
vt 0.991751 0.980210
vt 0.995521 0.983334
vt 0.580815 0.755365
vt 0.578807 0.759706
vt 0.988848 0.619175
vt 0.989544 0.625752
vt 0.986153 0.626523
vt 0.991646 0.616628
vt 0.993819 0.609909
vt 0.993555 0.619290
vt 0.991041 0.621345
vt 0.788892 0.774373
vt 0.789530 0.770950
vt 0.988654 0.974060
vt 0.994739 0.980019
vt 0.993478 0.980237
vt 0.988235 0.610416
vt 0.989544 0.602581
vt 0.991403 0.609825
vt 0.796829 0.773965
vt 0.989720 0.966300
vt 0.586638 0.754006
vt 0.987404 0.739337
vt 0.984018 0.736233
vt 0.987365 0.735260
vt 0.987443 0.747258
vt 0.984055 0.740239
vt 0.796442 0.777821
vt 0.987344 0.598584
vt 0.986153 0.601358
vt 0.801813 0.787614
vt 0.995521 0.962287
vt 0.993799 0.960305
vt 0.993815 0.393969
vt 0.993872 0.403624
vt 0.600324 0.745316
vt 0.989423 0.738404
vt 0.984837 0.750187
vt 0.987453 0.752361
vt 0.989463 0.750623
vt 0.983619 0.750625
vt 0.800780 0.798598
vt 0.803154 0.799267
vt 0.798927 0.796926
vt 0.993798 0.382848
vt 0.996348 0.382991
vt 0.998785 0.394031
vt 0.599421 0.734627
vt 0.602862 0.745431
vt 0.987392 0.773710
vt 0.616812 0.906725
vt 0.611575 0.899960
vt 0.612841 0.898793
vt 0.795450 0.808016
vt 0.792925 0.803943
vt 0.993829 0.375074
vt 0.928155 0.912281
vt 0.930949 0.914416
vt 0.594203 0.725138
vt 0.601804 0.733575
vt 0.596919 0.724354
vt 0.602579 0.730882
vt 0.618612 0.922144
vt 0.619646 0.908313
vt 0.621226 0.922148
vt 0.618766 0.904965
vt 0.593568 0.722232
vt 0.615289 0.907550
vt 0.929439 0.920180
vt 0.927828 0.933597
vt 0.924164 0.919380
vt 0.621062 0.933322
vt 0.769946 0.808138
vt 0.779478 0.807475
vt 0.926199 0.943298
vt 0.921214 0.933203
vt 0.568534 0.717262
vt 0.616610 0.943139
vt 0.620103 0.943595
vt 0.614753 0.952188
vt 0.558254 0.718535
vt 0.750772 0.809490
vt 0.759778 0.813192
vt 0.754163 0.804054
vt 0.761407 0.807117
vt 0.929062 0.958937
vt 0.927095 0.951798
vt 0.550060 0.724615
vt 0.614070 0.959662
vt 0.617891 0.952757
vt 0.985403 0.583014
vt 0.987837 0.587513
vt 0.985277 0.588379
vt 0.611618 0.954710
vt 0.611575 0.958714
vt 0.970891 0.921078
vt 0.970680 0.912275
vt 0.549086 0.722468
vt 0.740194 0.795735
vt 0.744310 0.803682
vt 0.990694 0.583506
vt 0.974099 0.929880
vt 0.974083 0.920872
vt 0.985385 0.568080
vt 0.985213 0.575673
vt 0.971515 0.938521
vt 0.970695 0.929889
vt 0.976123 0.924987
vt 0.542830 0.751502
vt 0.976463 0.938095
vt 0.974074 0.946321
vt 0.974074 0.938613
vt 0.985225 0.560817
vt 0.985363 0.554012
vt 0.974053 0.954039
vt 0.970726 0.946416
vt 0.988759 0.548409
vt 0.985414 0.547245
vt 0.748405 0.766193
vt 0.974025 0.961408
vt 0.970705 0.954015
vt 0.976089 0.949685
vt 0.758301 0.761472
vt 0.756089 0.759737
vt 0.981951 0.536208
vt 0.554564 0.771784
vt 0.606473 0.869010
vt 0.608066 0.878203
vt 0.604866 0.880982
vt 0.773461 0.748321
vt 0.754877 0.758028
vt 0.791860 0.736922
vt 0.571796 0.781241
vt 0.556501 0.771323
vt 0.795397 0.741494
vt 0.979327 0.497992
vt 0.983448 0.501102
vt 0.981071 0.497649
vt 0.604866 0.825102
vt 0.605155 0.867431
vt 0.992364 0.146221
vt 0.990845 0.139352
vt 0.992418 0.139644
vt 0.215395 0.970800
vt 0.978658 0.490501
vt 0.977786 0.494688
vt 0.993994 0.139371
vt 0.994809 0.145831
vt 0.600449 0.796543
vt 0.608018 0.824145
vt 0.989915 0.154429
vt 0.989919 0.145802
vt 0.800234 0.724638
vt 0.805081 0.725120
vt 0.802561 0.734187
vt 0.217875 0.960748
vt 0.994698 0.154457
vt 0.992259 0.163038
vt 0.992309 0.154486
vt 0.220169 0.950295
vt 0.220381 0.960657
vt 0.803513 0.717470
vt 0.800030 0.716808
vt 0.598010 0.805818
vt 0.989909 0.170897
vt 0.989700 0.163243
vt 0.799975 0.709268
vt 0.805531 0.714961
vt 0.216933 0.941596
vt 0.599024 0.821779
vt 0.994809 0.163273
vt 0.993103 0.170656
vt 0.713010 0.326966
vt 0.711034 0.332085
vt 0.707875 0.327113
vt 0.720805 0.327838
vt 0.718079 0.331813
vt 0.715410 0.326394
vt 0.150929 0.914505
vt 0.137334 0.930502
vt 0.154439 0.917711
vt 0.333084 0.933165
vt 0.932535 0.569057
vt 0.935224 0.531617
vt 0.464879 0.661051
vt 0.463021 0.668099
vt 0.463021 0.655838
vt 0.930629 0.547664
vt 0.157749 0.899552
vt 0.160959 0.900587
vt 0.159338 0.899875
vt 0.162243 0.901064
vt 0.521538 0.936864
vt 0.523163 0.936296
vt 0.314442 0.898738
vt 0.316013 0.898008
vt 0.930717 0.531554
vt 0.369447 0.981661
vt 0.366705 0.974729
vt 0.368370 0.974772
vt 0.158355 0.888217
vt 0.162761 0.889901
vt 0.159952 0.888234
vt 0.519235 0.928047
vt 0.521444 0.926571
vt 0.310922 0.887178
vt 0.312849 0.899128
vt 0.606919 0.717238
vt 0.608586 0.725437
vt 0.606919 0.725651
vt 0.313174 0.885114
vt 0.314983 0.885512
vt 0.317310 0.897613
vt 0.935138 0.523961
vt 0.993091 0.878067
vt 0.993490 0.883637
vt 0.367036 0.982697
vt 0.519071 0.923518
vt 0.366416 0.990693
vt 0.936578 0.521597
vt 0.933188 0.521941
vt 0.365693 0.982062
vt 0.162517 0.883465
vt 0.320525 0.879904
vt 0.368943 0.994948
vt 0.371418 0.981890
vt 0.155438 0.881372
vt 0.152012 0.878865
vt 0.894385 0.001579
vt 0.146518 0.877610
vt 0.145038 0.874602
vt 0.153501 0.873439
vt 0.997020 0.858480
vt 0.531976 0.982212
vt 0.528555 0.977927
vt 0.531396 0.978459
vt 0.330006 0.875714
vt 0.330567 0.874552
vt 0.370703 0.998147
vt 0.371418 0.995288
vt 0.893769 0.004976
vt 0.533895 0.985296
vt 0.529359 0.984623
vt 0.138749 0.880123
vt 0.145634 0.876131
vt 0.895065 0.004280
vt 0.895065 0.011878
vt 0.890400 0.012385
vt 0.140757 0.882802
vt 0.147024 0.878911
vt 0.141398 0.875115
vt 0.337269 0.878737
vt 0.335801 0.880882
vt 0.527865 0.202637
vt 0.530942 0.206716
vt 0.524752 0.208188
vt 0.579601 0.209041
vt 0.576059 0.204914
vt 0.194686 0.945973
vt 0.194686 0.954561
vt 0.202491 0.958804
vt 0.198461 0.956731
vt 0.624205 0.969601
vt 0.197851 0.943268
vt 0.314810 0.963052
vt 0.310922 0.970342
vt 0.311110 0.964448
vt 0.265738 0.961254
vt 0.261633 0.954763
vt 0.268790 0.942045
vt 0.624023 0.965157
vt 0.632234 0.977742
vt 0.319008 0.977206
vt 0.314491 0.978115
vt 0.261633 0.944323
vt 0.262943 0.947087
vt 0.636485 0.971786
vt 0.632303 0.971893
vt 0.210568 0.942127
vt 0.212155 0.947772
vt 0.211734 0.955433
vt 0.206789 0.959329
vt 0.425972 0.971108
vt 0.432430 0.967748
vt 0.432430 0.972821
vt 0.636987 0.963595
vt 0.640384 0.971382
vt 0.636608 0.977160
vt 0.246428 0.961186
vt 0.247818 0.978650
vt 0.323626 0.978115
vt 0.253339 0.961209
vt 0.258610 0.963181
vt 0.253289 0.977447
vt 0.429837 0.964090
vt 0.974239 0.184658
vt 0.970449 0.246396
vt 0.970449 0.184685
vt 0.965300 0.799401
vt 0.970887 0.014960
vt 0.961677 0.014985
vt 0.973737 0.547278
vt 0.970286 0.608949
vt 0.968598 0.547246
vt 0.966254 0.608989
vt 0.976164 0.246370
vt 0.977478 0.184698
vt 0.194898 0.969780
vt 0.194686 0.974238
vt 0.655242 0.961570
vt 0.656106 0.974374
vt 0.653783 0.979035
vt 0.702166 0.969672
vt 0.702055 0.965276
vt 0.283912 0.962849
vt 0.659105 0.978716
vt 0.710192 0.977816
vt 0.016365 0.942189
vt 0.202983 0.961696
vt 0.207192 0.971880
vt 0.664668 0.965266
vt 0.660241 0.962590
vt 0.660388 0.975035
vt 0.662867 0.978421
vt 0.664668 0.973251
vt 0.714679 0.962291
vt 0.012820 0.941818
vt 0.207639 0.963686
vt 0.211089 0.971449
vt 0.207612 0.978769
vt 0.401190 0.963621
vt 0.401835 0.971143
vt 0.397919 0.970999
vt 0.398829 0.976703
vt 0.211062 0.966690
vt 0.008550 0.960113
vt 0.404408 0.965757
vt 0.002539 0.951623
vt 0.001192 0.955321
vt 0.406699 0.979507
vt 0.410868 0.979296
vt 0.377093 0.910641
vt 0.001183 0.947103
vt 0.413406 0.965256
vt 0.972180 0.439167
vt 0.970887 0.079042
vt 0.961677 0.079153
vt 0.858154 0.372691
vt 0.857905 0.014901
vt 0.845176 0.912305
vt 0.837280 0.974085
vt 0.975420 0.439176
vt 0.853806 0.372707
vt 0.853685 0.014920
vt 0.903970 0.375074
vt 0.899790 0.687253
vt 0.899659 0.376138
vt 0.894994 0.686996
vt 0.894900 0.375746
vt 0.853920 0.732878
vt 0.857957 0.375085
vt 0.858605 0.732889
vt 0.882710 0.701298
vt 0.390758 0.982024
vt 0.377261 0.985372
vt 0.379337 0.976489
vt 0.983161 0.060655
vt 0.993889 0.069875
vt 0.984120 0.073881
vt 0.181941 0.962515
vt 0.176799 0.965057
vt 0.178047 0.961703
vt 0.467122 0.829598
vt 0.495021 0.960925
vt 0.491382 0.965360
vt 0.491201 0.961734
vt 0.110931 0.965632
vt 0.062496 0.977311
vt 0.066864 0.972994
vt 0.065213 0.978211
vt 0.065010 0.961625
vt 0.460000 0.836276
vt 0.113533 0.961757
vt 0.186990 0.972849
vt 0.119746 0.961603
vt 0.186809 0.962294
vt 0.189642 0.967416
vt 0.184698 0.978098
vt 0.057378 0.962023
vt 0.061453 0.961179
vt 0.503771 0.960784
vt 0.499382 0.960234
vt 0.069379 0.966667
vt 0.188540 0.978528
vt 0.191120 0.973025
vt 0.053721 0.976666
vt 0.057623 0.978606
vt 0.085510 0.975257
vt 0.081932 0.961268
vt 0.052020 0.962415
vt 0.791951 0.956583
vt 0.562936 0.976678
vt 0.559118 0.970521
vt 0.847543 0.962850
vt 0.847569 0.968190
vt 0.851317 0.973556
vt 0.847543 0.973982
vt 0.800850 0.943826
vt 0.807972 0.946983
vt 0.559094 0.964738
vt 0.855764 0.961447
vt 0.851256 0.960658
vt 0.855677 0.977617
vt 0.855687 0.973915
vt 0.794322 0.941975
vt 0.803038 0.941208
vt 0.567311 0.977266
vt 0.749371 0.951807
vt 0.741165 0.952337
vt 0.739020 0.956706
vt 0.860098 0.963827
vt 0.860349 0.971842
vt 0.950165 0.364555
vt 0.571616 0.965102
vt 0.949398 0.358862
vt 0.952697 0.356542
vt 0.863825 0.966480
vt 0.571846 0.978019
vt 0.863785 0.975285
vt 0.860173 0.978383
vt 0.945132 0.360033
vt 0.946889 0.354959
vt 0.941160 0.361709
vt 0.942567 0.372707
vt 0.941294 0.367428
vt 0.480199 0.993737
vt 0.477692 0.986615
vt 0.942391 0.356891
vt 0.808924 0.241424
vt 0.807697 0.248323
vt 0.805680 0.241922
vt 0.814005 0.248559
vt 0.812169 0.250266
vt 0.871942 0.001371
vt 0.868578 0.001183
vt 0.775780 0.670180
vt 0.772432 0.679427
vt 0.477652 0.981185
vt 0.482761 0.994007
vt 0.901442 0.993935
vt 0.906622 0.990400
vt 0.904804 0.994625
vt 0.810833 0.253018
vt 0.991790 0.435507
vt 0.987837 0.436248
vt 0.818011 0.254552
vt 0.816947 0.256419
vt 0.991331 0.429843
vt 0.992778 0.434905
vt 0.986007 0.430268
vt 0.774035 0.665015
vt 0.907743 0.985780
vt 0.908279 0.978993
vt 0.825993 0.257474
vt 0.818959 0.252088
vt 0.991773 0.423892
vt 0.781672 0.665624
vt 0.907485 0.971607
vt 0.833326 0.254600
vt 0.824932 0.252400
vt 0.992778 0.419156
vt 0.983527 0.833491
vt 0.987903 0.838920
vt 0.991873 0.745586
vt 0.996858 0.745509
vt 0.805222 0.673997
vt 0.804522 0.677899
vt 0.840781 0.231074
vt 0.983608 0.823567
vt 0.835702 0.231577
vt 0.836342 0.241238
vt 0.991845 0.756712
vt 0.798669 0.687506
vt 0.799851 0.677807
vt 0.800951 0.689590
vt 0.832345 0.222019
vt 0.840727 0.227732
vt 0.837560 0.231478
vt 0.446295 0.923422
vt 0.447887 0.915507
vt 0.449824 0.917351
vt 0.991830 0.764528
vt 0.803596 0.691036
vt 0.967942 0.669093
vt 0.965510 0.653656
vt 0.957272 0.646472
vt 0.833201 0.220611
vt 0.445503 0.936910
vt 0.448711 0.923736
vt 0.442967 0.936732
vt 0.443977 0.922437
vt 0.962501 0.669442
vt 0.779654 0.698722
vt 0.965883 0.668870
vt 0.440681 0.936125
vt 0.800394 0.218576
vt 0.445062 0.946447
vt 0.770122 0.699389
vt 0.770140 0.701396
vt 0.967384 0.690157
vt 0.968307 0.680153
vt 0.796733 0.217016
vt 0.761392 0.700115
vt 0.761582 0.698346
vt 0.796364 0.214492
vt 0.787682 0.220514
vt 0.787196 0.218411
vt 0.444208 0.962743
vt 0.443859 0.968068
vt 0.446890 0.962186
vt 0.754338 0.695229
vt 0.753789 0.697074
vt 0.751473 0.700242
vt 0.978184 0.595693
vt 0.980298 0.589622
vt 0.981388 0.596217
vt 0.446671 0.967977
vt 0.781149 0.226408
vt 0.977722 0.580329
vt 0.747828 0.692774
vt 0.749161 0.691061
vt 0.748454 0.696512
vt 0.959723 0.706454
vt 0.776941 0.233971
vt 0.982015 0.139827
vt 0.981865 0.147217
vt 0.741737 0.682832
vt 0.987317 0.139352
vt 0.744482 0.694749
vt 0.982041 0.154822
vt 0.977876 0.562882
vt 0.980429 0.562725
vt 0.987333 0.154805
vt 0.743255 0.678751
vt 0.745076 0.685495
vt 0.976295 0.563342
vt 0.977284 0.571536
vt 0.981865 0.162081
vt 0.741268 0.671571
vt 0.982847 0.563164
vt 0.740152 0.683377
vt 0.780969 0.248197
vt 0.976904 0.554985
vt 0.747975 0.663402
vt 0.744558 0.671959
vt 0.987273 0.171572
vt 0.741952 0.663088
vt 0.746835 0.662313
vt 0.985271 0.174382
vt 0.981954 0.168846
vt 0.784803 0.262665
vt 0.619635 0.208576
vt 0.623135 0.200440
vt 0.622857 0.208927
vt 0.971980 0.306162
vt 0.973799 0.302177
vt 0.975285 0.307379
vt 0.794643 0.267961
vt 0.970449 0.293882
vt 0.983443 0.180813
vt 0.981926 0.175545
vt 0.986013 0.181364
vt 0.759272 0.652908
vt 0.620576 0.200214
vt 0.622796 0.181325
vt 0.755294 0.648673
vt 0.773613 0.638609
vt 0.618575 0.198509
vt 0.619001 0.156483
vt 0.974759 0.259299
vt 0.972149 0.256500
vt 0.795545 0.631577
vt 0.792254 0.627943
vt 0.990616 0.341323
vt 0.992165 0.334418
vt 0.992187 0.341032
vt 0.974271 0.253515
vt 0.970081 0.514495
vt 0.834080 0.294882
vt 0.829047 0.288698
vt 0.993764 0.341302
vt 0.971278 0.248763
vt 0.970449 0.252997
vt 0.989731 0.326190
vt 0.992118 0.326138
vt 0.836152 0.302353
vt 0.841004 0.301946
vt 0.839339 0.310134
vt 0.972234 0.524561
vt 0.805222 0.614959
vt 0.802706 0.624174
vt 0.994513 0.326158
vt 0.994617 0.334798
vt 0.992059 0.317588
vt 0.974256 0.535094
vt 0.835855 0.310100
vt 0.994617 0.317344
vt 0.804975 0.605432
vt 0.989688 0.309746
vt 0.993766 0.309903
vt 0.835702 0.318165
vt 0.832627 0.316641
vt 0.968390 0.542742
vt 0.970814 0.543735
vt 0.800901 0.598484
vt 0.601398 0.203228
vt 0.606802 0.205439
vt 0.604115 0.209001
vt 0.737784 0.206583
vt 0.732617 0.205022
vt 0.733940 0.201670
vt 0.979629 0.422104
vt 0.932878 0.783861
vt 0.942296 0.795004
vt 0.587148 0.952760
vt 0.601115 0.937428
vt 0.589372 0.954410
vt 0.530997 0.954754
vt 0.600285 0.936201
vt 0.979517 0.385176
vt 0.981831 0.395779
vt 0.977872 0.400699
vt 0.925307 0.759805
vt 0.923737 0.760529
vt 0.925817 0.773035
vt 0.922138 0.760915
vt 0.531557 0.937158
vt 0.605580 0.919419
vt 0.983641 0.376872
vt 0.981143 0.385644
vt 0.982463 0.384730
vt 0.977883 0.384617
vt 0.981697 0.375867
vt 0.924282 0.747321
vt 0.926596 0.759418
vt 0.922474 0.746917
vt 0.920848 0.749212
vt 0.990883 0.646510
vt 0.989200 0.646472
vt 0.989464 0.955649
vt 0.991394 0.654761
vt 0.992571 0.660236
vt 0.929799 0.741750
vt 0.925752 0.748084
vt 0.608364 0.902880
vt 0.988183 0.942395
vt 0.991434 0.955286
vt 0.933214 0.739305
vt 0.990639 0.941901
vt 0.992571 0.674290
vt 0.599061 0.894447
vt 0.604661 0.897456
vt 0.986420 0.939216
vt 0.988080 0.939425
vt 0.937162 0.740489
vt 0.445705 0.715072
vt 0.592505 0.893499
vt 0.597085 0.892292
vt 0.592031 0.897135
vt 0.887611 0.001563
vt 0.451005 0.720319
vt 0.587496 0.895246
vt 0.591110 0.895667
vt 0.946497 0.740655
vt 0.584281 0.899770
vt 0.586359 0.902427
vt 0.592589 0.898451
vt 0.883362 0.012481
vt 0.544976 0.202637
vt 0.548052 0.206716
vt 0.541865 0.208185
vt 0.585933 0.209097
vt 0.584692 0.204141
vt 0.383078 0.816000
vt 0.469489 0.980237
vt 0.472730 0.980709
vt 0.864048 0.004908
vt 0.863646 0.012159
vt 0.866083 0.011675
vt 0.739510 0.250147
vt 0.475285 0.987805
vt 0.475285 0.980374
vt 0.387325 0.798222
vt 0.383062 0.801233
vt 0.864240 0.001183
vt 0.745014 0.247795
vt 0.747338 0.251141
vt 0.991702 0.721515
vt 0.990859 0.715757
vt 0.993132 0.720456
vt 0.988617 0.716961
vt 0.992333 0.725130
vt 0.994732 0.718819
vt 0.750804 0.254082
vt 0.898406 0.365057
vt 0.896139 0.362962
vt 0.898840 0.360320
vt 0.900416 0.353483
vt 0.900856 0.362921
vt 0.991827 0.709777
vt 0.992579 0.715759
vt 0.756642 0.253256
vt 0.750604 0.252915
vt 0.895229 0.354228
vt 0.896288 0.346358
vt 0.898368 0.353528
vt 0.398770 0.798114
vt 0.989387 0.379136
vt 0.986017 0.376100
vt 0.989345 0.375074
vt 0.986059 0.380091
vt 0.409953 0.805014
vt 0.893983 0.342446
vt 0.892871 0.345254
vt 0.411203 0.814813
vt 0.414040 0.812942
vt 0.994732 0.697644
vt 0.992988 0.695787
vt 0.993061 0.565967
vt 0.993142 0.575798
vt 0.770220 0.243303
vt 0.991431 0.378181
vt 0.986007 0.389153
vt 0.412968 0.826751
vt 0.408332 0.823880
vt 0.410304 0.825478
vt 0.993147 0.554881
vt 0.995649 0.555157
vt 0.998111 0.566217
vt 0.772634 0.231991
vt 0.773307 0.242575
vt 0.991431 0.402801
vt 0.405090 0.834648
vt 0.402520 0.830646
vt 0.995638 0.547579
vt 0.993103 0.547245
vt 0.905554 0.912281
vt 0.908279 0.914514
vt 0.769219 0.232159
vt 0.763915 0.222335
vt 0.772343 0.228465
vt 0.734969 0.897871
vt 0.906650 0.920238
vt 0.904655 0.933613
vt 0.749364 0.214994
vt 0.764754 0.220980
vt 0.901397 0.919271
vt 0.736618 0.924305
vt 0.379598 0.834882
vt 0.389122 0.834126
vt 0.902709 0.943253
vt 0.899968 0.943294
vt 0.898057 0.933009
vt 0.738175 0.214492
vt 0.900822 0.952017
vt 0.360950 0.836222
vt 0.369483 0.840067
vt 0.727907 0.215888
vt 0.363765 0.831110
vt 0.371046 0.833994
vt 0.905045 0.958962
vt 0.903328 0.951773
vt 0.902395 0.959568
vt 0.898351 0.949846
vt 0.719243 0.221193
vt 0.905193 0.964763
vt 0.727102 0.945772
vt 0.465227 0.686201
vt 0.463021 0.687750
vt 0.463021 0.681681
vt 0.975628 0.647093
vt 0.973265 0.653137
vt 0.972438 0.646472
vt 0.970906 0.662508
vt 0.970753 0.653710
vt 0.349685 0.823358
vt 0.353897 0.831028
vt 0.978905 0.180892
vt 0.973610 0.181364
vt 0.974070 0.671317
vt 0.974094 0.662312
vt 0.975780 0.653729
vt 0.974206 0.165960
vt 0.971467 0.679952
vt 0.970673 0.671317
vt 0.976124 0.666433
vt 0.712785 0.250225
vt 0.976430 0.679544
vt 0.974021 0.687763
vt 0.974024 0.680051
vt 0.353706 0.809281
vt 0.974013 0.695487
vt 0.970679 0.687848
vt 0.973122 0.703070
vt 0.970673 0.695455
vt 0.357533 0.794620
vt 0.819984 0.973430
vt 0.815648 0.972720
vt 0.976051 0.691139
vt 0.367369 0.789980
vt 0.365140 0.788266
vt 0.813809 0.960981
vt 0.382380 0.776831
vt 0.364178 0.786666
vt 0.933315 0.969111
vt 0.937537 0.938070
vt 0.742021 0.281060
vt 0.724418 0.271770
vt 0.400641 0.765557
vt 0.404223 0.770133
vt 0.815514 0.923360
vt 0.933315 0.913224
vt 0.933595 0.955559
vt 0.992318 0.191535
vt 0.990769 0.184658
vt 0.992340 0.184951
vt 0.128908 0.970775
vt 0.814543 0.915803
vt 0.813809 0.920027
vt 0.993917 0.184680
vt 0.994770 0.191148
vt 0.770812 0.296825
vt 0.936440 0.912281
vt 0.989884 0.199744
vt 0.989879 0.191115
vt 0.408856 0.753699
vt 0.413709 0.754115
vt 0.411299 0.762935
vt 0.131310 0.960703
vt 0.994667 0.199776
vt 0.992213 0.208354
vt 0.992272 0.199802
vt 0.133593 0.950248
vt 0.133830 0.960608
vt 0.412044 0.746768
vt 0.408556 0.746118
vt 0.768459 0.306522
vt 0.989842 0.216209
vt 0.989661 0.208559
vt 0.409193 0.738519
vt 0.414040 0.744153
vt 0.769618 0.323150
vt 0.994770 0.208593
vt 0.993031 0.215969
vt 0.725747 0.325516
vt 0.728251 0.330384
vt 0.723172 0.331306
vt 0.735483 0.330343
vt 0.730649 0.330678
vt 0.732509 0.325516
vt 0.943739 0.612482
vt 0.930615 0.628852
vt 0.947312 0.615521
vt 0.072084 0.933953
vt 0.341502 0.982085
vt 0.344245 0.944644
vt 0.464985 0.646450
vt 0.463021 0.653472
vt 0.463021 0.641224
vt 0.339636 0.960684
vt 0.950149 0.597403
vt 0.953402 0.598340
vt 0.951774 0.597698
vt 0.954653 0.598725
vt 0.825628 0.929255
vt 0.827271 0.928711
vt 0.053212 0.899583
vt 0.054794 0.898816
vt 0.339728 0.944566
vt 0.995555 0.838288
vt 0.992765 0.831345
vt 0.994426 0.831389
vt 0.950516 0.586195
vt 0.954962 0.587717
vt 0.952146 0.586193
vt 0.823198 0.920363
vt 0.988505 0.472662
vt 0.990197 0.472715
vt 0.826186 0.918435
vt 0.050472 0.888029
vt 0.051666 0.899953
vt 0.052068 0.885707
vt 0.053878 0.886088
vt 0.056155 0.898340
vt 0.344122 0.936978
vt 0.992548 0.847321
vt 0.993153 0.839323
vt 0.822940 0.915803
vt 0.345542 0.934612
vt 0.342168 0.934951
vt 0.991818 0.838688
vt 0.954548 0.581338
vt 0.059670 0.880117
vt 0.995062 0.851578
vt 0.997543 0.838521
vt 0.947551 0.579633
vt 0.944137 0.577336
vt 0.857840 0.001850
vt 0.938752 0.576413
vt 0.939113 0.572715
vt 0.945452 0.571872
vt 0.988161 0.439241
vt 0.989987 0.632763
vt 0.986153 0.628889
vt 0.989028 0.629107
vt 0.069335 0.875594
vt 0.069952 0.874361
vt 0.996800 0.854774
vt 0.997543 0.851920
vt 0.933474 0.574017
vt 0.938350 0.571423
vt 0.856778 0.005168
vt 0.987639 0.635437
vt 0.990102 0.638005
vt 0.858109 0.012027
vt 0.858109 0.004617
vt 0.851689 0.011975
vt 0.852225 0.004439
vt 0.986153 0.643171
vt 0.989605 0.643354
vt 0.991828 0.643599
vt 0.076170 0.879329
vt 0.533309 0.206716
vt 0.536385 0.202637
vt 0.539498 0.208187
vt 0.192319 0.953480
vt 0.562070 0.209178
vt 0.558972 0.205249
vt 0.563498 0.202723
vt 0.281016 0.957256
vt 0.789682 0.972585
vt 0.789657 0.967817
vt 0.284084 0.960320
vt 0.793263 0.975459
vt 0.290620 0.941533
vt 0.035229 0.970415
vt 0.174854 0.944142
vt 0.124126 0.943835
vt 0.793392 0.962022
vt 0.296472 0.944472
vt 0.293260 0.946306
vt 0.297321 0.959245
vt 0.293713 0.960483
vt 0.298217 0.952081
vt 0.021134 0.965790
vt 0.020735 0.970136
vt 0.116487 0.943556
vt 0.119844 0.941571
vt 0.401850 0.942444
vt 0.398112 0.947009
vt 0.401475 0.953866
vt 0.397919 0.954940
vt 0.036271 0.966076
vt 0.108061 0.954919
vt 0.413493 0.957369
vt 0.968212 0.735260
vt 0.965300 0.797014
vt 0.965389 0.735309
vt 0.111117 0.943473
vt 0.410132 0.943491
vt 0.954074 0.905012
vt 0.949501 0.966712
vt 0.948863 0.905012
vt 0.895277 0.974020
vt 0.891672 0.912281
vt 0.895690 0.912327
vt 0.888618 0.974020
vt 0.886784 0.912341
vt 0.470849 0.964502
vt 0.681047 0.972390
vt 0.684841 0.978158
vt 0.681065 0.977485
vt 0.227914 0.973692
vt 0.224212 0.969644
vt 0.684712 0.966626
vt 0.680816 0.966286
vt 0.684958 0.972772
vt 0.689219 0.978723
vt 0.232297 0.961559
vt 0.232287 0.974027
vt 0.232297 0.977730
vt 0.227663 0.978544
vt 0.096727 0.978620
vt 0.096339 0.975244
vt 0.689055 0.962554
vt 0.684707 0.961641
vt 0.689079 0.966242
vt 0.693332 0.972687
vt 0.689142 0.972863
vt 0.485758 0.976120
vt 0.486196 0.972434
vt 0.474387 0.977871
vt 0.480526 0.977871
vt 0.104068 0.967483
vt 0.693721 0.964495
vt 0.697260 0.972225
vt 0.693591 0.978069
vt 0.007271 0.976960
vt 0.001183 0.973740
vt 0.004297 0.962488
vt 0.236797 0.978736
vt 0.011149 0.962479
vt 0.011196 0.978720
vt 0.015427 0.977787
vt 0.097521 0.961747
vt 0.091862 0.962583
vt 0.016641 0.964452
vt 0.101476 0.963822
vt 0.878556 0.912316
vt 0.392036 0.910580
vt 0.388278 0.972322
vt 0.388278 0.910615
vt 0.394226 0.972287
vt 0.395537 0.910624
vt 0.789658 0.935917
vt 0.811443 0.931601
vt 0.811386 0.938470
vt 0.374640 0.910629
vt 0.918847 0.912350
vt 0.699688 0.937530
vt 0.690411 0.959210
vt 0.689869 0.937464
vt 0.789717 0.928884
vt 0.680816 0.937534
vt 0.648307 0.946540
vt 0.670059 0.945516
vt 0.669977 0.936726
vt 0.556728 0.944823
vt 0.551205 0.957686
vt 0.538059 0.952226
vt 0.494456 0.928904
vt 0.502280 0.933114
vt 0.507892 0.928857
vt 0.507087 0.917936
vt 0.513345 0.919827
vt 0.501314 0.926009
vt 0.513345 0.906410
vt 0.506654 0.907564
vt 0.484789 0.891573
vt 0.485942 0.898264
vt 0.475522 0.913603
vt 0.469489 0.917250
vt 0.047924 0.963809
vt 0.040625 0.956774
vt 0.047918 0.953265
vt 0.040602 0.967259
vt 0.047877 0.970402
vt 0.047803 0.944102
vt 0.040583 0.949984
vt 0.040450 0.941570
vt 0.978827 0.707938
vt 0.978894 0.727603
vt 0.986251 0.730136
vt 0.727072 0.965741
vt 0.727145 0.984870
vt 0.734510 0.987200
vt 0.674343 0.974050
vt 0.667034 0.974045
vt 0.674337 0.981093
vt 0.040450 0.977917
vt 0.697846 0.422403
vt 0.719668 0.418088
vt 0.719612 0.424957
vt 0.464578 0.690214
vt 0.455302 0.711930
vt 0.454758 0.690149
vt 0.697907 0.415371
vt 0.445705 0.690220
vt 0.310994 0.945345
vt 0.332781 0.944322
vt 0.332700 0.935532
vt 0.564508 0.957749
vt 0.559134 0.944088
vt 0.572692 0.939120
vt 0.718562 0.929644
vt 0.709892 0.927699
vt 0.715717 0.923063
vt 0.713607 0.893556
vt 0.719219 0.897813
vt 0.690521 0.894355
vt 0.693435 0.900488
vt 0.687535 0.918067
vt 0.681277 0.919959
vt 0.987295 0.204365
vt 0.979958 0.197352
vt 0.979966 0.207837
vt 0.987267 0.210959
vt 0.969133 0.171896
vt 0.961677 0.179462
vt 0.961849 0.168742
vt 0.969185 0.165283
vt 0.969057 0.145618
vt 0.961677 0.143108
vt 0.329806 0.973052
vt 0.329916 0.992181
vt 0.337242 0.992201
vt 0.973669 0.637442
vt 0.966254 0.643201
vt 0.966373 0.634217
vt 0.973712 0.630717
vt 0.966379 0.623683
vt 0.979845 0.218495
vt 0.695480 0.418088
vt 0.673710 0.412233
vt 0.695472 0.410645
vt 0.673707 0.418418
vt 0.695421 0.424957
vt 0.673639 0.407107
vt 0.695358 0.402290
vt 0.901486 0.704805
vt 0.892170 0.726503
vt 0.891667 0.704721
vt 0.882614 0.704775
vt 0.224215 0.945904
vt 0.246001 0.944879
vt 0.245921 0.936090
vt 0.853221 0.938997
vt 0.863395 0.955973
vt 0.851873 0.957054
vt 0.673639 0.423111
vt 0.660583 0.918104
vt 0.658282 0.901534
vt 0.663281 0.897321
vt 0.652037 0.890002
vt 0.649353 0.896239
vt 0.640838 0.890002
vt 0.624023 0.905839
vt 0.630260 0.908523
vt 0.624023 0.917038
vt 0.626675 0.923563
vt 0.637430 0.925624
vt 0.633977 0.931175
vt 0.631135 0.917952
vt 0.644033 0.934360
vt 0.972727 0.869281
vt 0.965433 0.871960
vt 0.647099 0.927878
vt 0.972746 0.892379
vt 0.761489 0.186674
vt 0.965300 0.863547
vt 0.761558 0.206339
vt 0.768929 0.208872
vt 0.985723 0.917701
vt 0.985830 0.936829
vt 0.993156 0.936850
vt 0.986244 0.986392
vt 0.978829 0.992151
vt 0.978947 0.983167
vt 0.986287 0.979666
vt 0.978953 0.972633
vt 0.965300 0.899893
vt 0.869291 0.936631
vt 0.847610 0.928425
vt 0.869371 0.930576
vt 0.416480 0.928006
vt 0.438266 0.931669
vt 0.869376 0.920652
vt 0.847543 0.917114
vt 0.869261 0.912295
vt 0.156205 0.936891
vt 0.146892 0.958590
vt 0.146387 0.936808
vt 0.137334 0.936864
vt 0.624081 0.946569
vt 0.645869 0.945517
vt 0.624023 0.940459
vt 0.645776 0.936726
vt 0.416406 0.935014
vt 0.503736 0.938300
vt 0.500774 0.957867
vt 0.491201 0.951366
vt 0.540373 0.924622
vt 0.544092 0.914323
vt 0.547478 0.923656
vt 0.538059 0.917970
vt 0.538520 0.907432
vt 0.553300 0.928288
vt 0.560685 0.936651
vt 0.547765 0.933035
vt 0.560550 0.930115
vt 0.575657 0.918655
vt 0.581915 0.920547
vt 0.581915 0.907130
vt 0.575223 0.908283
vt 0.575805 0.897745
vt 0.553358 0.892292
vt 0.554511 0.898984
vt 0.543973 0.898402
vt 0.547087 0.904862
vt 0.993140 0.502981
vt 0.985814 0.502976
vt 0.993134 0.510024
vt 0.308029 0.970363
vt 0.300584 0.977878
vt 0.300736 0.967221
vt 0.308076 0.963770
vt 0.300759 0.956736
vt 0.308071 0.953227
vt 0.307954 0.944063
vt 0.300717 0.949946
vt 0.300584 0.941533
vt 0.975203 0.875698
vt 0.975272 0.895363
vt 0.982644 0.897896
vt 0.979687 0.322421
vt 0.979760 0.341550
vt 0.987141 0.343881
vt 0.797468 0.202323
vt 0.775673 0.204092
vt 0.797528 0.207240
vt 0.775768 0.212125
vt 0.716712 0.959280
vt 0.711232 0.937464
vt 0.720568 0.937542
vt 0.702055 0.937504
vt 0.710943 0.959229
vt 0.703649 0.959280
vt 0.050527 0.945953
vt 0.072308 0.945372
vt 0.050472 0.939685
vt 0.072222 0.936319
vt 0.930766 0.710319
vt 0.952392 0.720230
vt 0.930613 0.718536
vt 0.930586 0.726013
vt 0.952381 0.726421
vt 0.930638 0.732797
vt 0.952488 0.732111
vt 0.469489 0.951748
vt 0.486536 0.941513
vt 0.486473 0.954637
vt 0.915710 0.289630
vt 0.926008 0.293349
vt 0.916675 0.296736
vt 0.922362 0.287316
vt 0.932900 0.287778
vt 0.910098 0.293887
vt 0.910903 0.304808
vt 0.904645 0.302917
vt 0.904184 0.313455
vt 0.906498 0.320107
vt 0.916802 0.322387
vt 0.910755 0.325719
vt 0.911238 0.314728
vt 0.924181 0.325211
vt 0.933201 0.331172
vt 0.919784 0.331172
vt 0.932048 0.324481
vt 0.941930 0.293231
vt 0.940343 0.301973
vt 0.935469 0.296344
vt 0.983652 0.611089
vt 0.976325 0.611058
vt 0.983620 0.618133
vt 0.976295 0.621572
vt 0.976408 0.630420
vt 0.983650 0.624804
vt 0.983786 0.632837
vt 0.777286 0.980411
vt 0.784587 0.977751
vt 0.929809 0.818304
vt 0.784697 0.986165
vt 0.929876 0.837970
vt 0.937249 0.840502
vt 0.978964 0.280567
vt 0.986346 0.282897
vt 0.979091 0.248763
vt 0.951063 0.108387
vt 0.940031 0.123004
vt 0.941202 0.108243
vt 0.928565 0.122957
vt 0.928831 0.108193
vt 0.505109 0.863401
vt 0.493089 0.877816
vt 0.493344 0.863344
vt 0.935993 0.137431
vt 0.501720 0.877857
vt 0.492745 0.889185
vt 0.206718 0.927892
vt 0.199204 0.913390
vt 0.210698 0.913444
vt 0.484347 0.877857
vt 0.481427 0.863400
vt 0.927582 0.137397
vt 0.916517 0.123004
vt 0.548130 0.997398
vt 0.538954 0.988738
vt 0.549858 0.988707
vt 0.942179 0.977773
vt 0.954074 0.982302
vt 0.943908 0.986463
vt 0.476825 0.877974
vt 0.471173 0.863560
vt 0.918744 0.137432
vt 0.905723 0.123137
vt 0.954074 0.973303
vt 0.943908 0.969082
vt 0.387554 0.896980
vt 0.384157 0.882404
vt 0.393736 0.882565
vt 0.359706 0.867636
vt 0.350050 0.882565
vt 0.348415 0.867810
vt 0.211851 0.898678
vt 0.199448 0.898621
vt 0.371970 0.896821
vt 0.380527 0.896862
vt 0.197047 0.939210
vt 0.198286 0.927853
vt 0.371264 0.908192
vt 0.910645 0.985061
vt 0.922462 0.989608
vt 0.912374 0.993751
vt 0.372491 0.882348
vt 0.363184 0.896862
vt 0.360515 0.882404
vt 0.192474 0.939230
vt 0.189454 0.927892
vt 0.176411 0.913595
vt 0.187164 0.913444
vt 0.355507 0.896980
vt 0.989007 0.302645
vt 0.979753 0.294002
vt 0.990736 0.293954
vt 0.921682 0.148742
vt 0.514931 0.863560
vt 0.949169 0.123137
vt 0.922462 0.980609
vt 0.912374 0.976370
vt 0.213466 0.928003
vt 0.219897 0.913595
vt 0.989007 0.285264
vt 0.538059 0.984238
vt 0.548129 0.980016
vt 0.505088 0.835072
vt 0.493412 0.848572
vt 0.493323 0.835016
vt 0.384112 0.854076
vt 0.371883 0.842434
vt 0.380440 0.842475
vt 0.393690 0.854237
vt 0.385217 0.867636
vt 0.927449 0.083005
vt 0.916448 0.094673
vt 0.918611 0.083039
vt 0.350004 0.854237
vt 0.360469 0.854076
vt 0.189311 0.873503
vt 0.176336 0.885266
vt 0.181423 0.873614
vt 0.904184 0.108387
vt 0.905653 0.094806
vt 0.484306 0.823469
vt 0.493048 0.823429
vt 0.942563 0.083137
vt 0.939961 0.094673
vt 0.935860 0.083039
vt 0.213323 0.873614
vt 0.210624 0.885115
vt 0.206576 0.873503
vt 0.187089 0.885115
vt 0.199130 0.885061
vt 0.025777 0.898595
vt 0.013418 0.885089
vt 0.025459 0.885035
vt 0.039652 0.873588
vt 0.036953 0.885089
vt 0.032905 0.873477
vt 0.949100 0.026702
vt 0.935860 0.014935
vt 0.942563 0.015033
vt 0.647857 0.833445
vt 0.638840 0.821898
vt 0.647582 0.821857
vt 0.916448 0.026569
vt 0.904184 0.040283
vt 0.905653 0.026702
vt 0.015640 0.873477
vt 0.002665 0.885240
vt 0.007752 0.873588
vt 0.549350 0.849348
vt 0.539649 0.835948
vt 0.550114 0.835788
vt 0.927449 0.014901
vt 0.918611 0.014936
vt 0.583335 0.835949
vt 0.574861 0.849348
vt 0.573756 0.835788
vt 0.561528 0.824145
vt 0.570085 0.824187
vt 0.659622 0.833501
vt 0.647946 0.847001
vt 0.995408 0.785955
vt 0.983609 0.781487
vt 0.993680 0.777265
vt 0.025533 0.913364
vt 0.015782 0.927866
vt 0.013493 0.913418
vt 0.980549 0.354985
vt 0.989803 0.346247
vt 0.991532 0.354938
vt 0.039795 0.927977
vt 0.037027 0.913418
vt 0.046226 0.913569
vt 0.949169 0.055033
vt 0.935993 0.069328
vt 0.940031 0.054900
vt 0.577198 0.878692
vt 0.573801 0.864116
vt 0.583380 0.864277
vt 0.669465 0.861989
vt 0.656254 0.876286
vt 0.659643 0.861829
vt 0.927582 0.069293
vt 0.921682 0.080638
vt 0.918744 0.069328
vt 0.834835 0.974155
vt 0.822940 0.978624
vt 0.824669 0.969933
vt 0.979654 0.359485
vt 0.989804 0.363628
vt 0.905723 0.055033
vt 0.916517 0.054900
vt 0.550159 0.864116
vt 0.545151 0.878692
vt 0.539694 0.864276
vt 0.635961 0.861829
vt 0.631359 0.876403
vt 0.625707 0.861988
vt 0.002740 0.913569
vt 0.834835 0.983153
vt 0.824669 0.987315
vt 0.993680 0.794646
vt 0.984504 0.785986
vt 0.024615 0.927827
vt 0.018803 0.939204
vt 0.928565 0.054853
vt 0.562136 0.864059
vt 0.552828 0.878574
vt 0.647878 0.861773
vt 0.638881 0.876286
vt 0.979845 0.229552
vt 0.991661 0.234100
vt 0.981573 0.238243
vt 0.033047 0.927866
vt 0.570171 0.878574
vt 0.560908 0.889904
vt 0.561614 0.878532
vt 0.647279 0.887614
vt 0.647623 0.876245
vt 0.023376 0.939184
vt 0.991661 0.225101
vt 0.981574 0.220862
vt 0.048105 0.898816
vt 0.038180 0.898652
vt 0.941202 0.040139
vt 0.928831 0.040089
vt 0.951063 0.040283
vt 0.538059 0.849521
vt 0.562274 0.849287
vt 0.585196 0.849521
vt 0.624023 0.847233
vt 0.635087 0.847061
vt 0.660640 0.847062
vt 0.671238 0.847234
vt 0.012786 0.898652
vt 0.001183 0.898816
vt 0.915832 0.040140
vt 0.046152 0.885241
vt 0.562091 0.835731
vt 0.635940 0.833501
vt 0.625685 0.833660
vt 0.669444 0.833661
vt 0.910692 0.015033
vt 0.545065 0.824305
vt 0.552742 0.824187
vt 0.577112 0.824305
vt 0.656212 0.821898
vt 0.024473 0.873438
vt 0.789657 0.839818
vt 0.928496 0.026522
vt 0.939961 0.026569
vt 0.930612 0.080638
vt 0.631318 0.822015
vt 0.663417 0.822015
vt 0.886784 0.985077
vt 0.898600 0.989624
vt 0.888513 0.993768
vt 0.888512 0.976387
vt 0.897705 0.985125
vt 0.804678 0.176042
vt 0.796281 0.164713
vt 0.805023 0.164672
vt 0.938247 0.980168
vt 0.926369 0.975717
vt 0.936518 0.971478
vt 0.110238 0.939185
vt 0.102645 0.927867
vt 0.111477 0.927828
vt 0.348916 0.988775
vt 0.358091 0.980054
vt 0.359820 0.988745
vt 0.927582 0.273605
vt 0.921682 0.284950
vt 0.918744 0.273639
vt 0.942696 0.273737
vt 0.940031 0.259211
vt 0.949169 0.259344
vt 0.860834 0.898536
vt 0.849379 0.884119
vt 0.861356 0.884063
vt 0.882601 0.884280
vt 0.869392 0.898577
vt 0.873022 0.884119
vt 0.805278 0.150201
vt 0.793361 0.150257
vt 0.820858 0.164830
vt 0.817043 0.150257
vt 0.826865 0.150416
vt 0.112395 0.913365
vt 0.100354 0.913418
vt 0.126657 0.927978
vt 0.123889 0.913418
vt 0.133088 0.913570
vt 0.928565 0.259164
vt 0.916517 0.259211
vt 0.938419 0.342229
vt 0.950314 0.346760
vt 0.940147 0.350920
vt 0.855580 0.909929
vt 0.852048 0.898577
vt 0.813653 0.164714
vt 0.926369 0.984716
vt 0.936519 0.988859
vt 0.119909 0.927867
vt 0.358092 0.997435
vt 0.935992 0.273639
vt 0.926257 0.284932
vt 0.838915 0.884280
vt 0.788758 0.164830
vt 0.783106 0.150416
vt 0.094756 0.927978
vt 0.089601 0.913570
vt 0.905722 0.259344
vt 0.950314 0.337761
vt 0.940148 0.333539
vt 0.951063 0.244595
vt 0.941202 0.244451
vt 0.837280 0.869525
vt 0.848571 0.869351
vt 0.874082 0.869351
vt 0.861495 0.869290
vt 0.884417 0.869525
vt 0.792487 0.135489
vt 0.781422 0.135661
vt 0.805346 0.135429
vt 0.818040 0.135489
vt 0.828638 0.135661
vt 0.088045 0.898817
vt 0.099648 0.898653
vt 0.112640 0.898596
vt 0.125042 0.898653
vt 0.134967 0.898817
vt 0.915832 0.244451
vt 0.904184 0.244594
vt 0.928830 0.244401
vt 0.939961 0.230881
vt 0.949100 0.231014
vt 0.849334 0.855791
vt 0.838870 0.855952
vt 0.872977 0.855791
vt 0.861312 0.855734
vt 0.882556 0.855952
vt 0.783085 0.122088
vt 0.793340 0.121929
vt 0.805257 0.121873
vt 0.817021 0.121929
vt 0.826844 0.122088
vt 0.100280 0.885090
vt 0.089527 0.885241
vt 0.112320 0.885036
vt 0.123815 0.885090
vt 0.133014 0.885241
vt 0.905653 0.231013
vt 0.916448 0.230880
vt 0.928496 0.230834
vt 0.935860 0.219247
vt 0.942563 0.219345
vt 0.851962 0.844190
vt 0.844286 0.844308
vt 0.860748 0.844149
vt 0.869306 0.844190
vt 0.876332 0.844308
vt 0.788717 0.110443
vt 0.796240 0.110326
vt 0.804982 0.110285
vt 0.813612 0.110326
vt 0.820818 0.110443
vt 0.094614 0.873589
vt 0.102502 0.873478
vt 0.111334 0.873439
vt 0.119766 0.873478
vt 0.126514 0.873589
vt 0.918611 0.219247
vt 0.910693 0.219344
vt 0.927449 0.219213
vt 0.221776 0.898842
vt 0.864559 0.909929
vt 0.716415 0.834238
vt 0.704375 0.822594
vt 0.713005 0.822635
vt 0.704649 0.834182
vt 0.695632 0.822635
vt 0.682478 0.834397
vt 0.688110 0.822752
vt 0.916620 0.747063
vt 0.903370 0.735301
vt 0.910397 0.735419
vt 0.895376 0.746846
vt 0.907042 0.746902
vt 0.886027 0.735301
vt 0.894813 0.735260
vt 0.883399 0.746902
vt 0.878350 0.735419
vt 0.783937 0.895505
vt 0.770696 0.883738
vt 0.777401 0.883835
vt 0.774798 0.895371
vt 0.762286 0.883704
vt 0.763332 0.895325
vt 0.753448 0.883738
vt 0.751285 0.895371
vt 0.745529 0.883835
vt 0.306601 0.885203
vt 0.293354 0.873439
vt 0.300102 0.873551
vt 0.297403 0.885051
vt 0.284922 0.873400
vt 0.273867 0.885051
vt 0.276089 0.873439
vt 0.263114 0.885203
vt 0.268201 0.873551
vt 0.720210 0.822752
vt 0.717433 0.847798
vt 0.704739 0.847738
vt 0.692733 0.834238
vt 0.691881 0.847798
vt 0.918482 0.760635
vt 0.895559 0.760401
vt 0.882636 0.760462
vt 0.871345 0.760635
vt 0.872934 0.747063
vt 0.776039 0.908942
vt 0.763667 0.908891
vt 0.750668 0.908942
vt 0.740490 0.895504
vt 0.298629 0.898614
vt 0.285908 0.884998
vt 0.273235 0.898614
vt 0.261633 0.898778
vt 0.728031 0.847970
vt 0.726237 0.834397
vt 0.704671 0.862510
vt 0.692754 0.862566
vt 0.682500 0.862726
vt 0.680816 0.847970
vt 0.907087 0.775230
vt 0.908147 0.760462
vt 0.895421 0.775174
vt 0.883444 0.775230
vt 0.784006 0.923835
vt 0.785900 0.909086
vt 0.774867 0.923702
vt 0.751354 0.923702
vt 0.740559 0.923835
vt 0.739020 0.909085
vt 0.306675 0.913532
vt 0.308555 0.898778
vt 0.285982 0.913327
vt 0.286227 0.898557
vt 0.273942 0.913380
vt 0.716437 0.862566
vt 0.713047 0.877023
vt 0.695675 0.877023
vt 0.910483 0.789806
vt 0.916665 0.775391
vt 0.894899 0.789647
vt 0.886113 0.789688
vt 0.878436 0.789806
vt 0.777533 0.938228
vt 0.762418 0.938096
vt 0.763401 0.923655
vt 0.753581 0.938130
vt 0.745662 0.938227
vt 0.293496 0.927828
vt 0.297477 0.913380
vt 0.285064 0.927789
vt 0.276232 0.927828
vt 0.263189 0.913531
vt 0.720252 0.877139
vt 0.726258 0.862725
vt 0.704072 0.888351
vt 0.704417 0.876981
vt 0.699546 0.888372
vt 0.439657 0.970434
vt 0.448929 0.979155
vt 0.437929 0.979124
vt 0.439658 0.987815
vt 0.903457 0.789688
vt 0.894194 0.801018
vt 0.820574 0.980036
vt 0.808757 0.984488
vt 0.810486 0.975797
vt 0.820574 0.989035
vt 0.810486 0.993178
vt 0.770829 0.938130
vt 0.761094 0.949423
vt 0.584281 0.990104
vt 0.596081 0.985574
vt 0.594352 0.994265
vt 0.584281 0.981105
vt 0.594352 0.976883
vt 0.288190 0.939166
vt 0.279252 0.939166
vt 0.768804 0.990185
vt 0.759550 0.981542
vt 0.770533 0.981494
vt 0.758655 0.977042
vt 0.768804 0.972803
vt 0.452104 0.859003
vt 0.439875 0.847360
vt 0.448432 0.847402
vt 0.949099 0.162910
vt 0.935859 0.151143
vt 0.942563 0.151241
vt 0.916448 0.162777
vt 0.910692 0.151241
vt 0.918611 0.151143
vt 0.911059 0.855746
vt 0.901241 0.844188
vt 0.910073 0.844149
vt 0.771210 0.815600
vt 0.762854 0.827147
vt 0.762579 0.815559
vt 0.750085 0.840763
vt 0.750937 0.827203
vt 0.427698 0.872563
vt 0.417997 0.859164
vt 0.428461 0.859003
vt 0.928495 0.162730
vt 0.915831 0.176347
vt 0.922554 0.855799
vt 0.911378 0.869305
vt 0.784441 0.827362
vt 0.775638 0.840763
vt 0.774619 0.827202
vt 0.766745 0.881337
vt 0.762621 0.869946
vt 0.771252 0.869987
vt 0.820218 0.347236
vt 0.440438 0.858946
vt 0.431089 0.847402
vt 0.939961 0.162777
vt 0.925253 0.844299
vt 0.918505 0.844188
vt 0.899019 0.855799
vt 0.893353 0.844299
vt 0.753837 0.815600
vt 0.740682 0.827362
vt 0.746315 0.815717
vt 0.453208 0.872563
vt 0.951062 0.176491
vt 0.904184 0.176491
vt 0.905653 0.162910
vt 0.898387 0.869363
vt 0.463543 0.872736
vt 0.461682 0.859164
vt 0.762876 0.855475
vt 0.762943 0.840703
vt 0.440621 0.872502
vt 0.428506 0.887331
vt 0.418041 0.887492
vt 0.416406 0.872736
vt 0.940031 0.191108
vt 0.941202 0.176347
vt 0.928830 0.176297
vt 0.928565 0.191061
vt 0.916517 0.191108
vt 0.931827 0.884280
vt 0.923781 0.869363
vt 0.933706 0.869527
vt 0.922628 0.884128
vt 0.899093 0.884128
vt 0.888340 0.884280
vt 0.886784 0.869527
vt 0.786236 0.840935
vt 0.774641 0.855531
vt 0.750959 0.855531
vt 0.739020 0.840935
vt 0.440483 0.887274
vt 0.452149 0.887331
vt 0.739020 0.985115
vt 0.750898 0.980568
vt 0.749169 0.989258
vt 0.431175 0.901789
vt 0.935993 0.205535
vt 0.910825 0.205633
vt 0.905722 0.191241
vt 0.910216 0.898538
vt 0.911134 0.884075
vt 0.893495 0.898688
vt 0.753879 0.869987
vt 0.740704 0.855690
vt 0.448518 0.901789
vt 0.439255 0.913119
vt 0.439961 0.901747
vt 0.873470 0.976402
vt 0.882663 0.985141
vt 0.871742 0.985093
vt 0.926258 0.216828
vt 0.927582 0.205501
vt 0.514389 0.990709
vt 0.526188 0.986179
vt 0.524460 0.994870
vt 0.918647 0.898577
vt 0.908976 0.909895
vt 0.757751 0.881337
vt 0.739020 0.976116
vt 0.749170 0.971877
vt 0.949169 0.191240
vt 0.918744 0.205535
vt 0.925395 0.898688
vt 0.901383 0.898577
vt 0.784463 0.855690
vt 0.455545 0.901907
vt 0.461727 0.887492
vt 0.434707 0.913141
vt 0.873471 0.993783
vt 0.514389 0.981711
vt 0.524459 0.977488
vt 0.453919 0.970428
vt 0.463190 0.979148
vt 0.452191 0.979118
vt 0.464085 0.983648
vt 0.453919 0.987809
vt 0.931753 0.855951
vt 0.888266 0.855951
vt 0.423412 0.847520
vt 0.927448 0.151109
vt 0.778415 0.815717
vt 0.455459 0.847520
vt 0.372629 0.867575
vt 0.395552 0.867809
vt 0.469489 0.848805
vt 0.480553 0.848633
vt 0.506107 0.848633
vt 0.516704 0.848805
vt 0.186457 0.898678
vt 0.174854 0.898842
vt 0.915832 0.108244
vt 0.219823 0.885266
vt 0.372446 0.854020
vt 0.481406 0.835072
vt 0.471151 0.835231
vt 0.514910 0.835232
vt 0.910692 0.083137
vt 0.355420 0.842593
vt 0.363097 0.842475
vt 0.387467 0.842593
vt 0.501678 0.823470
vt 0.198144 0.873464
vt 0.789657 0.886732
vt 0.928496 0.094626
vt 0.930612 0.148742
vt 0.476784 0.823586
vt 0.508884 0.823587
vt 0.949100 0.094806
vt 0.479373 0.570244
vt 0.944592 0.421364
vt 0.604255 0.582543
vt 0.673605 0.821912
vt 0.843371 0.214539
vt 0.623567 0.001191
vt 0.831005 0.110524
vt 0.868661 0.238582
vt 0.753093 0.325770
vt 0.820184 0.001400
vt 0.625934 0.168505
vt 0.778700 0.596117
vt 0.779056 0.169349
vt 0.701789 0.428795
vt 0.961524 0.184659
vt 0.730398 0.713483
vt 0.078536 0.873438
vt 0.946497 0.964771
vt 0.968082 0.357740
vt 0.960321 0.375074
vt 0.171686 0.958796
vt 0.954839 0.902646
vt 0.252051 0.873464
vt 0.953429 0.014901
vt 0.741034 0.334891
vt 0.959157 0.352057
vt 0.963888 0.632600
vt 0.957205 0.735260
vt 0.849323 0.086541
vt 0.957954 0.542465
vt 0.906336 0.646486
vt 0.906337 0.571437
vt 0.928262 0.569057
vt 0.928264 0.494031
vt 0.927946 0.641620
vt 0.906657 0.498658
vt 0.906659 0.423660
vt 0.976099 0.735264
vt 0.975984 0.799384
vt 0.978446 0.138956
vt 0.978448 0.074888
vt 0.276793 0.870987
vt 0.103333 0.871028
vt 0.191469 0.871097
vt 0.017276 0.871071
vt 0.727326 0.208704
vt 0.652706 0.201858
vt 0.650339 0.178799
vt 0.682378 0.171775
vt 0.261633 0.006393
vt 0.088045 0.006441
vt 0.174854 0.006547
vt 0.001183 0.006509
vt 0.348415 0.910593
vt 0.587563 0.824158
vt 0.837533 0.367055
vt 0.460654 0.687782
vt 0.921315 0.333552
vt 0.912657 0.803419
vt 0.918949 0.370015
vt 0.910290 0.839907
vt 0.485179 0.158218
vt 0.868978 0.841782
vt 0.825699 0.596112
vt 0.809642 0.596179
vt 0.803127 0.596117
vt 0.783318 0.596117
vt 0.875664 0.235900
vt 0.601888 0.714896
vt 0.834913 0.386758
vt 0.806350 0.375273
vt 0.831923 0.598762
vt 0.409863 0.940077
vt 0.397919 0.940077
vt 0.880247 0.732887
vt 0.901721 0.335582
vt 0.837280 0.375074
vt 0.611575 0.583616
vt 0.966684 0.982435
vt 0.961111 0.982435
vt 0.957205 0.973228
vt 0.959569 0.969159
vt 0.963658 0.967387
vt 0.971138 0.974473
vt 0.987668 0.120922
vt 0.991681 0.122649
vt 0.994160 0.131473
vt 0.990751 0.135954
vt 0.985558 0.135925
vt 0.980812 0.128482
vt 0.971664 0.722273
vt 0.730365 0.421566
vt 0.416752 0.957033
vt 0.954855 0.726807
vt 0.155607 0.976087
vt 0.024053 0.942551
vt 0.088045 0.957797
vt 0.033014 0.941570
vt 0.358754 0.977688
vt 0.300584 0.994061
vt 0.659575 0.738075
vt 0.880996 0.011382
vt 0.520276 0.777996
vt 0.996361 0.799381
vt 0.996805 0.822198
vt 0.994385 0.828647
vt 0.456937 0.954974
vt 0.979225 0.481026
vt 0.461015 0.967362
vt 0.978784 0.463464
vt 0.469489 0.787538
vt 0.978167 0.439267
vt 0.981857 0.056959
vt 0.983342 0.911177
vt 0.345678 0.881916
vt 0.522479 0.746061
vt 0.989364 0.104109
vt 0.990685 0.878775
vt 0.989146 0.086652
vt 0.526998 0.719731
vt 0.611876 0.208991
vt 0.609169 0.203213
vt 0.614552 0.205444
vt 0.599032 0.205263
vt 0.593201 0.207937
vt 0.930585 0.704243
vt 0.224232 0.899598
vt 0.949828 0.672595
vt 0.980820 0.646472
vt 0.970449 0.309746
vt 0.843370 0.358376
vt 0.841650 0.977722
vt 0.515922 0.966899
vt 0.555898 0.207899
vt 0.550418 0.207870
vt 0.554364 0.202637
vt 0.567651 0.204507
vt 0.573692 0.204319
vt 0.571147 0.209356
vt 0.777957 0.172050
vt 0.571716 0.754414
vt 0.843144 0.106906
vt 0.994714 0.973944
vt 0.991981 0.602724
vt 0.598196 0.744445
vt 0.983609 0.764219
vt 0.799684 0.786940
vt 0.998785 0.381790
vt 0.984778 0.774898
vt 0.996365 0.375406
vt 0.579718 0.717819
vt 0.926432 0.964966
vt 0.744394 0.781255
vt 0.970680 0.961138
vt 0.759119 0.762509
vt 0.982547 0.543286
vt 0.983021 0.517436
vt 0.609114 0.830366
vt 0.796883 0.709867
vt 0.802394 0.707316
vt 0.220381 0.941980
vt 0.710496 0.325516
vt 0.713044 0.330373
vt 0.707875 0.331302
vt 0.718299 0.325516
vt 0.720597 0.330809
vt 0.715410 0.329730
vt 0.142345 0.934442
vt 0.521801 0.975122
vt 0.523815 0.926378
vt 0.316462 0.886267
vt 0.366487 0.995436
vt 0.994440 0.857397
vt 0.369042 0.997941
vt 0.137334 0.878630
vt 0.524752 0.204082
vt 0.530234 0.204049
vt 0.528699 0.209314
vt 0.577605 0.202637
vt 0.576519 0.207629
vt 0.264905 0.941533
vt 0.640370 0.976465
vt 0.327426 0.964791
vt 0.640591 0.965272
vt 0.965300 0.861099
vt 0.973929 0.608989
vt 0.296234 0.964615
vt 0.714822 0.978662
vt 0.211110 0.976533
vt 0.718374 0.974284
vt 0.377007 0.972350
vt 0.903970 0.686069
vt 0.853685 0.375074
vt 0.383364 0.974717
vt 0.388575 0.976609
vt 0.389666 0.986694
vt 0.386324 0.989764
vt 0.380840 0.989764
vt 0.377007 0.980558
vt 0.980847 0.069080
vt 0.980815 0.064505
vt 0.987368 0.059326
vt 0.991398 0.061053
vt 0.993889 0.065081
vt 0.990464 0.074355
vt 0.450520 0.820352
vt 0.507648 0.961468
vt 0.559094 0.975882
vt 0.851494 0.978512
vt 0.798622 0.940837
vt 0.806898 0.943032
vt 0.756289 0.954016
vt 0.571587 0.960115
vt 0.863872 0.971155
vt 0.477652 0.994057
vt 0.811240 0.239176
vt 0.873617 0.011360
vt 0.789806 0.660264
vt 0.994365 0.764198
vt 0.445464 0.954975
vt 0.977773 0.589103
vt 0.449824 0.967357
vt 0.739020 0.670129
vt 0.976719 0.547349
vt 0.792412 0.268840
vt 0.623135 0.161914
vt 0.976491 0.257228
vt 0.792007 0.627038
vt 0.989726 0.334832
vt 0.974750 0.524736
vt 0.989507 0.317378
vt 0.974984 0.543223
vt 0.796528 0.599408
vt 0.601398 0.207207
vt 0.604845 0.202637
vt 0.606184 0.207933
vt 0.737784 0.201773
vt 0.734327 0.207638
vt 0.584281 0.950563
vt 0.920975 0.760929
vt 0.604003 0.919142
vt 0.980066 0.375074
vt 0.985708 0.942050
vt 0.939818 0.736446
vt 0.447398 0.714362
vt 0.541865 0.204080
vt 0.547344 0.204051
vt 0.545810 0.209313
vt 0.589327 0.208994
vt 0.584692 0.208361
vt 0.385840 0.807119
vt 0.866211 0.001578
vt 0.737435 0.243446
vt 0.898748 0.346424
vt 0.768180 0.242431
vt 0.409168 0.814265
vt 0.998111 0.553974
vt 0.902211 0.964899
vt 0.908279 0.964085
vt 0.970681 0.702589
vt 0.820009 0.968899
vt 0.368199 0.790952
vt 0.937560 0.918508
vt 0.405324 0.739407
vt 0.133830 0.941945
vt 0.723172 0.327111
vt 0.728218 0.326973
vt 0.726276 0.332096
vt 0.735483 0.326178
vt 0.733015 0.332027
vt 0.730617 0.327292
vt 0.935736 0.632601
vt 0.825660 0.967566
vt 0.055416 0.886777
vt 0.992612 0.852064
vt 0.939254 0.577649
vt 0.990731 0.439167
vt 0.995136 0.854567
vt 0.856491 0.012243
vt 0.535551 0.209314
vt 0.534017 0.204050
vt 0.539498 0.204082
vt 0.565285 0.204147
vt 0.565285 0.207592
vt 0.559628 0.207962
vt 0.561216 0.202637
vt 0.177945 0.958928
vt 0.192319 0.946558
vt 0.178502 0.941596
vt 0.805890 0.962584
vt 0.953972 0.966715
vt 0.892350 0.973990
vt 0.472915 0.960603
vt 0.151893 0.964668
vt 0.224196 0.973989
vt 0.469489 0.976838
vt 0.697384 0.977320
vt 0.004461 0.978819
vt 0.240462 0.965142
vt 0.697384 0.966118
vt 0.879320 0.974036
vt 0.697185 0.959274
vt 0.683116 0.959274
vt 0.648236 0.939457
vt 0.538099 0.944087
vt 0.543802 0.939017
vt 0.551657 0.939121
vt 0.556728 0.952273
vt 0.543473 0.957749
vt 0.047796 0.975908
vt 0.462075 0.711995
vt 0.448006 0.711995
vt 0.310922 0.938262
vt 0.577763 0.944823
vt 0.577763 0.952272
vt 0.572241 0.957686
vt 0.559094 0.952226
vt 0.564837 0.939017
vt 0.969040 0.177435
vt 0.973581 0.643192
vt 0.987202 0.216464
vt 0.897673 0.726555
vt 0.884875 0.726555
vt 0.224143 0.938821
vt 0.847543 0.952234
vt 0.847543 0.944096
vt 0.861077 0.939062
vt 0.866175 0.944739
vt 0.866541 0.950636
vt 0.857650 0.958291
vt 0.986156 0.992141
vt 0.972664 0.897885
vt 0.847543 0.933118
vt 0.847612 0.922241
vt 0.152395 0.958641
vt 0.139597 0.958641
vt 0.438154 0.939695
vt 0.491201 0.943735
vt 0.497256 0.938298
vt 0.509753 0.943351
vt 0.510070 0.950974
vt 0.506598 0.955754
vt 0.494868 0.955998
vt 0.307947 0.975869
vt 0.952488 0.715011
vt 0.479520 0.958023
vt 0.473531 0.956442
vt 0.469489 0.944015
vt 0.475057 0.938647
vt 0.481241 0.938298
vt 0.488834 0.947571
vt 0.497213 0.889206
vt 0.538059 0.993237
vt 0.953179 0.977803
vt 0.910826 0.137529
vt 0.488219 0.889206
vt 0.201412 0.939230
vt 0.375695 0.908214
vt 0.921567 0.985109
vt 0.181566 0.928003
vt 0.978858 0.298502
vt 0.926258 0.148724
vt 0.508925 0.877974
vt 0.942697 0.137529
vt 0.978858 0.289503
vt 0.799314 0.910045
vt 0.799314 0.863132
vt 0.824546 0.825367
vt 0.979654 0.350486
vt 0.942697 0.069425
vt 0.663459 0.876403
vt 0.926258 0.080621
vt 0.833940 0.978654
vt 0.910826 0.069425
vt 0.007895 0.927977
vt 0.983609 0.790486
vt 0.990767 0.229600
vt 0.565339 0.889925
vt 0.651747 0.887635
vt 0.027741 0.939204
vt 0.642753 0.887635
vt 0.834203 0.848680
vt 0.898600 0.980626
vt 0.800152 0.176063
vt 0.927264 0.980216
vt 0.105665 0.939205
vt 0.348021 0.984276
vt 0.876419 0.898695
vt 0.949419 0.342260
vt 0.860129 0.909907
vt 0.809147 0.176063
vt 0.114603 0.939205
vt 0.348021 0.993275
vt 0.930612 0.284950
vt 0.844372 0.898695
vt 0.910825 0.273736
vt 0.581319 0.196879
vt 0.616208 0.182428
vt 0.556359 0.889925
vt 0.559640 0.159114
vt 0.569296 0.182427
vt 0.551454 0.200270
vt 0.524752 0.173566
vt 0.872979 0.775391
vt 0.688152 0.877140
vt 0.300244 0.927939
vt 0.268344 0.927939
vt 0.708541 0.888372
vt 0.449824 0.974655
vt 0.449824 0.983654
vt 0.898624 0.801040
vt 0.889645 0.801040
vt 0.819679 0.984535
vt 0.765449 0.949441
vt 0.756518 0.949441
vt 0.585176 0.985605
vt 0.283825 0.939146
vt 0.758655 0.986041
vt 0.775673 0.338374
vt 0.802376 0.365078
vt 0.810562 0.323922
vt 0.762277 0.881316
vt 0.739915 0.980615
vt 0.423499 0.901907
vt 0.746357 0.870104
vt 0.443686 0.913141
vt 0.883558 0.980641
vt 0.930612 0.216846
vt 0.515284 0.986210
vt 0.913342 0.909915
vt 0.942696 0.205633
vt 0.778457 0.870104
vt 0.883558 0.989640
vt 0.921682 0.216846
vt 0.904403 0.909915
vt 0.464085 0.974649
vt 0.834203 0.895594
vt 0.807500 0.868890
vt 0.366715 0.908214
s 1
usemtl KhabarovskNaberLamp
f 301/1/1 321/2/2 302/3/2
f 304/4/1 322/5/2 303/6/2
f 306/7/3 323/8/3 305/9/3
f 308/10/1 324/11/3 307/12/3
f 317/13/4 329/14/4 316/15/4
f 320/16/1 331/17/1 319/18/1
f 326/19/5 337/20/6 325/21/7
f 330/22/8 342/23/9 329/24/10
f 321/25/11 333/26/12 331/27/13
f 338/28/14 349/29/15 337/30/16
f 340/31/17 352/32/18 351/33/19
f 341/34/20 352/32/18 340/31/17
f 343/35/21 354/36/22 342/37/23
f 348/38/24 360/39/25 347/40/26
f 350/41/27 362/42/28 349/43/29
f 354/44/30 365/45/31 353/46/32
f 355/47/33 366/48/34 354/44/30
f 357/49/35 369/50/36 368/51/37
f 359/52/38 371/53/39 358/54/40
f 362/42/28 374/55/41 361/56/42
f 369/50/36 382/57/43 368/51/37
f 373/58/44 385/59/45 372/60/46
f 376/61/47 387/62/48 375/63/49
f 377/64/50 388/65/51 376/61/47
f 379/66/52 389/67/53 378/68/54
f 382/57/43 394/69/55 392/70/56
f 390/71/57 401/72/58 389/67/53
f 381/73/59 393/74/60 391/75/61
f 395/76/62 405/77/63 394/78/55
f 395/76/62 406/79/64 405/77/63
f 397/80/65 407/81/66 396/82/67
f 399/83/68 409/84/69 408/85/70
f 400/86/71 409/84/69 399/83/68
f 402/87/72 410/88/73 401/89/58
f 403/90/74 411/91/75 404/92/76
f 405/93/77 412/94/78 403/90/74
f 408/95/79 416/96/80 407/97/81
f 409/98/82 417/99/83 408/95/84
f 410/100/85 418/101/86 409/102/82
f 404/103/76 419/104/87 410/100/88
f 438/105/89 439/106/90 440/107/91
f 438/105/89 440/107/91 441/108/92
f 438/105/89 441/108/92 442/109/93
f 438/105/89 442/109/93 443/110/94
f 438/105/89 443/110/94 444/111/95
f 438/105/89 444/111/95 439/106/90
f 445/112/96 439/106/90 446/113/97
f 441/114/92 448/115/98 449/116/99
f 451/117/100 442/109/93 450/118/101
f 452/119/102 443/110/94 451/117/100
f 444/111/95 453/120/103 446/113/97
f 460/121/104 451/117/100 459/122/105
f 455/123/106 446/124/97 462/125/107
f 454/126/108 463/127/109 465/128/110
f 467/129/111 456/130/112 466/131/113
f 469/132/114 457/133/115 468/134/116
f 471/135/117 458/136/118 470/137/119
f 459/138/105 472/139/120 473/140/121
f 461/141/122 475/142/123 476/143/124
f 478/144/125 462/125/107 477/145/126
f 490/146/127 479/147/128 489/148/129
f 495/149/130 485/150/131 494/151/132
f 497/152/133 487/153/134 496/154/135
f 488/155/136 497/152/133 498/156/137
f 505/157/138 500/158/139 499/159/140
f 505/157/138 501/160/141 500/158/139
f 505/157/138 502/161/142 501/160/141
f 505/157/138 503/162/143 502/161/142
f 505/157/138 504/163/144 503/162/143
f 505/157/138 499/159/140 504/163/144
f 506/164/145 507/165/146 508/166/147
f 506/164/145 508/166/147 509/167/148
f 506/164/145 509/167/148 510/168/149
f 506/164/145 510/168/149 511/169/150
f 506/164/145 511/169/150 507/165/146
f 512/170/151 507/171/146 513/172/152
f 516/173/153 509/174/148 515/175/154
f 517/176/155 509/167/148 516/177/153
f 518/178/156 510/168/149 517/176/155
f 510/168/149 518/178/156 519/179/157
f 511/169/150 519/179/157 520/180/158
f 514/181/159 523/182/160 524/183/161
f 515/175/154 524/183/161 525/184/162
f 517/185/155 526/186/163 527/187/164
f 528/188/165 518/178/156 527/189/164
f 529/190/166 519/179/157 528/188/165
f 522/191/167 513/172/152 530/192/168
f 521/193/169 531/194/170 533/195/171
f 535/196/172 524/183/161 534/197/173
f 537/198/174 525/199/162 536/200/175
f 527/187/164 539/201/176 540/202/177
f 528/203/165 541/204/178 542/205/179
f 545/206/180 530/192/168 544/207/181
f 548/208/182 533/209/171 546/210/183
f 546/210/183 555/211/184 557/212/185
f 558/213/186 548/208/182 557/212/185
f 560/214/187 550/215/188 559/216/189
f 562/217/190 552/218/191 561/219/192
f 570/220/193 565/221/194 569/222/195
f 570/220/193 566/223/196 565/221/194
f 570/220/193 567/224/197 566/223/196
f 570/220/193 568/225/198 567/224/197
f 570/220/193 569/222/195 568/225/198
f 582/226/199 583/227/200 572/228/201
f 586/229/202 577/230/203 579/231/204
f 582/232/199 572/233/201 585/234/205
f 592/235/206 586/236/202 593/237/207
f 596/238/208 595/239/209 588/240/210
f 597/241/211 587/242/212 589/243/213
f 600/244/214 591/245/215 592/246/216
f 601/247/217 594/248/218 602/249/219
f 605/250/220 599/251/221 606/252/222
f 607/253/223 600/254/224 608/255/225
f 608/255/225 600/254/224 601/256/226
f 611/257/227 603/258/228 605/259/229
f 607/260/223 608/261/225 612/262/230
f 613/263/231 610/264/232 604/265/233
f 615/266/234 611/267/235 614/268/236
f 616/269/237 605/250/220 617/270/238
f 621/271/239 609/272/240 610/264/241
f 615/266/242 613/273/243 611/267/244
f 623/274/245 622/275/246 615/266/247
f 628/276/248 619/277/249 620/278/250
f 631/279/251 625/280/252 624/281/253
f 630/282/254 625/280/255 631/279/256
f 633/283/257 631/279/258 632/284/259
f 633/283/260 630/282/254 631/279/256
f 640/285/261 639/286/262 633/287/260
f 643/288/263 635/289/264 644/290/265
f 646/291/266 637/292/267 638/293/268
f 647/294/269 638/293/268 639/295/270
f 648/296/271 641/297/272 643/288/273
f 654/298/274 647/294/275 655/299/276
f 650/300/277 651/301/278 658/302/279
f 657/303/280 655/304/276 649/305/281
f 663/306/282 664/307/283 671/308/284
f 672/309/285 665/310/286 666/311/287
f 674/312/288 667/313/289 668/314/290
f 674/312/288 668/314/290 662/315/291
f 679/316/292 672/317/285 680/318/293
f 682/319/294 674/320/288 676/321/295
f 677/322/296 678/323/297 685/324/298
f 686/325/299 679/316/292 680/318/293
f 684/326/300 682/319/294 676/321/295
f 690/327/301 683/328/302 677/322/303
f 692/329/304 686/325/299 693/330/305
f 695/331/306 690/327/301 697/332/307
f 699/333/308 692/329/304 693/330/305
f 697/332/309 698/334/310 705/335/311
f 704/336/312 702/337/313 696/338/314
f 710/339/315 705/335/311 711/340/316
f 715/341/317 702/342/313 704/343/312
f 710/339/315 711/340/316 718/344/318
f 720/345/319 714/346/320 715/341/321
f 721/347/322 716/348/323 723/349/324
f 726/350/325 727/351/326 732/352/327
f 733/353/328 721/347/322 723/349/324
f 735/354/329 724/355/330 725/356/331
f 735/354/329 725/356/331 726/357/325
f 736/358/332 732/352/333 737/359/334
f 729/360/335 730/361/336 738/362/337
f 741/363/338 742/364/339 749/365/340
f 751/366/341 745/367/342 746/368/343
f 754/369/344 741/363/338 749/365/340
f 755/370/345 750/371/346 756/372/347
f 758/373/348 759/374/349 757/375/350
f 760/376/351 761/377/352 762/378/353
f 763/379/354 764/380/355 765/381/356
f 766/382/357 767/383/358 768/384/359
f 765/385/356 766/382/360 774/386/361
f 773/387/362 772/388/363 758/389/364
f 792/390/365 781/391/366 782/392/367
f 788/393/368 786/394/369 776/395/370
f 796/396/371 795/397/372 788/398/368
f 799/399/373 787/400/374 789/401/375
f 803/402/376 798/403/377 804/404/378
f 806/405/379 796/406/371 800/407/380
f 801/408/381 802/409/382 809/410/383
f 809/411/383 802/412/382 810/413/384
f 811/414/385 803/402/376 804/404/378
f 813/415/386 805/416/387 806/417/388
f 810/413/384 811/414/389 814/418/390
f 824/419/391 813/420/386 825/421/392
f 826/422/393 820/423/394 821/424/395
f 824/419/391 825/421/392 828/425/396
f 829/426/397 818/427/398 819/428/399
f 830/429/400 820/423/394 826/422/393
f 830/429/400 826/422/393 831/430/401
f 834/431/402 833/432/403 837/433/404
f 836/434/405 837/435/406 833/436/407
f 839/437/408 838/438/409 836/439/405
f 845/440/410 844/441/411 835/442/412
f 836/434/405 833/436/407 846/443/413
f 835/442/412 844/441/411 847/444/414
f 851/445/415 846/443/416 849/446/417
f 848/447/418 854/448/419 855/449/420
f 856/450/421 863/451/422 864/452/423
f 862/453/424 868/454/425 869/455/426
f 870/456/427 863/451/428 869/457/426
f 871/458/429 864/452/423 870/456/430
f 869/455/426 868/454/425 874/459/431
f 870/456/427 869/457/426 874/460/431
f 872/461/432 875/462/433 877/463/434
f 881/464/435 874/465/431 880/466/436
f 885/467/437 886/468/438 893/469/439
f 886/468/440 892/470/441 893/469/442
f 897/471/443 905/472/444 906/473/445
f 908/474/446 899/475/447 907/476/448
f 909/477/449 900/478/450 908/479/446
f 912/480/451 905/481/452 910/482/453
f 909/477/454 916/483/455 917/484/456
f 913/485/457 912/486/458 920/487/459
f 916/488/460 915/489/461 922/490/462
f 926/491/463 925/492/464 933/493/465
f 935/494/466 928/495/467 934/496/468
f 929/497/469 928/498/470 935/499/466
f 932/500/471 924/501/472 936/502/473
f 934/503/468 941/504/474 942/505/475
f 936/506/473 944/507/476 938/508/477
f 940/509/478 939/510/479 947/511/480
f 949/512/481 942/505/475 948/513/482
f 943/514/483 942/515/475 949/516/484
f 952/517/485 945/518/486 950/519/487
f 948/513/482 954/520/488 955/521/489
f 952/517/485 957/522/490 959/523/491
f 962/524/492 955/521/489 961/525/493
f 964/526/494 956/527/495 963/528/496
f 960/529/497 959/523/498 967/530/499
f 962/531/492 961/532/493 968/533/500
f 967/534/499 972/535/501 973/536/502
f 973/536/502 972/535/501 980/537/503
f 975/538/504 974/539/505 981/540/506
f 979/541/507 970/542/508 982/543/509
f 978/544/510 983/545/511 985/546/512
f 993/547/513 982/543/509 992/548/514
f 989/549/515 988/550/516 994/551/517
f 990/552/518 989/553/519 994/554/520
f 986/555/521 985/546/512 995/556/522
f 994/551/520 998/557/523 999/558/524
f 992/559/514 991/560/525 1000/561/526
f 1004/562/527 1003/563/528 1011/564/529
f 1007/565/530 1006/566/531 1012/567/532
f 1013/568/533 1019/569/534 1015/570/535
f 1021/571/536 1022/572/537 1020/573/538
f 1024/574/539 1023/575/540 1025/576/541
f 1027/577/542 1026/578/543 1028/579/544
f 1032/580/545 1031/581/546 1029/582/547
f 1035/583/548 1034/584/549 1033/585/550
f 1029/586/551 1028/579/544 1037/587/552
f 1032/580/545 1029/582/547 1037/588/553
f 1045/589/554 1037/587/552 1044/590/555
f 1039/591/556 1036/592/557 1049/593/558
f 1056/594/559 1055/595/560 1061/596/561
f 1061/596/561 1066/597/562 1067/598/563
f 1059/599/564 1069/600/565 1063/601/566
f 1065/602/567 1064/603/568 1072/604/569
f 1065/605/567 1072/606/569 1073/607/570
f 1075/608/571 1067/598/563 1074/609/572
f 1068/610/573 1067/611/563 1075/612/571
f 1074/609/574 1073/607/570 1077/613/575
f 1075/608/571 1074/609/572 1077/613/576
f 1080/614/577 1070/615/578 1078/616/579
f 1076/617/580 1087/618/581 1088/619/582
f 1080/614/577 1078/616/579 1090/620/583
f 1088/619/582 1087/618/581 1091/621/584
f 1089/622/585 1094/623/586 1095/624/587
f 1092/625/588 1090/626/589 1091/627/590
f 1097/628/591 1098/629/592 1099/630/593
f 1097/628/591 1099/630/593 1100/631/594
f 1097/628/591 1100/631/594 1101/632/595
f 1097/628/591 1101/632/595 1102/633/596
f 1097/628/591 1102/633/596 1098/629/592
f 1103/634/597 1098/629/592 1104/635/598
f 1106/636/599 1099/637/593 1105/638/600
f 1108/639/601 1100/631/594 1107/640/602
f 1110/641/603 1101/632/595 1109/642/604
f 1111/643/605 1102/633/596 1110/641/603
f 1103/644/597 1112/645/606 1113/646/607
f 1105/638/600 1113/647/607 1114/648/608
f 1122/649/609 1113/647/607 1121/650/610
f 1124/651/611 1114/648/608 1123/652/612
f 1116/653/613 1126/654/614 1127/655/615
f 1129/656/616 1117/657/617 1128/658/618
f 1118/659/619 1130/660/620 1131/661/621
f 1119/662/622 1132/663/623 1133/664/624
f 1138/665/625 1125/666/626 1137/667/627
f 1145/668/628 1136/669/629 1144/670/630
f 1137/671/627 1145/668/628 1146/672/631
f 1139/673/632 1147/674/633 1148/675/634
f 1149/676/635 1140/677/636 1148/678/634
f 1144/670/630 1152/679/637 1153/680/638
f 1155/681/639 1148/682/634 1154/683/640
f 1156/684/641 1150/685/642 1155/686/639
f 1157/687/643 1153/680/638 1152/679/637
f 1157/687/643 1154/683/640 1153/680/638
f 1157/687/643 1155/681/639 1154/683/640
f 1157/687/643 1156/688/641 1155/681/639
f 1157/687/643 1152/679/637 1156/688/641
f 1163/689/644 1162/690/645 1161/691/646
f 1165/692/647 1164/693/648 1163/694/649
f 1170/695/650 1171/696/651 1172/697/652
f 1170/695/650 1172/697/652 1173/698/653
f 1170/695/650 1173/698/653 1174/699/654
f 1170/695/650 1174/699/654 1175/700/655
f 1170/695/650 1175/700/655 1171/696/651
f 1172/701/652 1176/702/656 1178/703/657
f 1179/704/658 1173/705/653 1178/703/657
f 1173/705/653 1179/704/658 1180/706/659
f 1174/699/654 1180/707/659 1181/708/660
f 1174/699/654 1181/708/660 1182/709/661
f 1183/710/662 1175/700/655 1182/709/661
f 1184/711/663 1175/700/655 1183/710/662
f 1171/696/651 1185/712/664 1177/713/665
f 1182/714/661 1191/715/666 1192/716/667
f 1183/710/662 1192/717/667 1193/718/668
f 1185/719/664 1194/720/669 1187/721/670
f 1196/722/671 1186/723/672 1195/724/673
f 1198/725/674 1188/726/675 1197/727/676
f 1190/728/677 1200/729/678 1201/730/679
f 1192/731/667 1203/732/680 1204/733/681
f 1193/734/668 1205/735/620 1206/736/682
f 1187/721/670 1208/737/683 1195/724/673
f 1214/738/684 1202/739/685 1213/740/686
f 1222/741/687 1213/740/686 1221/742/688
f 1224/743/689 1215/744/690 1223/745/691
f 1216/746/692 1224/743/689 1225/747/693
f 1226/748/694 1217/749/695 1225/747/693
f 1218/750/696 1228/751/697 1227/752/698
f 1221/753/688 1229/754/699 1230/755/700
f 1232/756/701 1227/752/698 1228/751/697
f 1232/756/701 1229/754/699 1227/752/698
f 1232/756/701 1230/755/700 1229/754/699
f 1232/756/701 1231/757/702 1230/755/700
f 1232/756/701 1228/751/697 1231/757/702
f 1236/758/703 1235/759/704 1234/760/705
f 1238/761/706 1237/762/707 1236/763/708
f 1240/764/647 1239/765/648 1238/766/649
f 1244/767/709 1243/768/710 1242/769/711
f 1248/770/712 1246/771/713 1245/772/714
f 1248/773/712 1249/774/715 1246/775/713
f 1262/776/716 1261/777/717 1260/778/718
f 1245/772/714 1247/779/719 1262/780/716
f 1263/781/720 1264/782/721 1265/783/722
f 1263/781/720 1265/783/722 1266/784/723
f 1263/781/720 1266/784/723 1267/785/724
f 1263/781/720 1267/785/724 1268/786/725
f 1263/781/720 1268/786/725 1264/782/721
f 1270/787/726 1264/788/721 1269/789/727
f 1265/790/722 1270/787/726 1271/791/728
f 1266/792/723 1272/793/729 1273/794/730
f 1274/795/731 1266/784/723 1273/796/730
f 1275/797/732 1267/785/724 1274/795/731
f 1276/798/733 1267/785/724 1275/797/732
f 1277/799/734 1268/786/725 1276/798/733
f 1278/800/735 1268/786/725 1277/799/734
f 1269/801/727 1280/802/736 1279/803/737
f 1281/804/738 1270/787/726 1279/805/737
f 1272/793/729 1282/806/739 1283/807/740
f 1274/808/731 1284/809/741 1285/810/742
f 1287/811/743 1276/798/733 1286/812/744
f 1277/799/734 1287/811/743 1288/813/745
f 1279/803/737 1289/814/746 1291/815/747
f 1282/806/739 1292/816/748 1293/817/749
f 1295/818/750 1284/809/741 1294/819/751
f 1285/810/742 1296/820/752 1297/821/753
f 1299/822/754 1287/823/743 1298/824/755
f 1290/825/756 1280/802/736 1301/826/757
f 1304/827/758 1291/815/747 1302/828/759
f 1293/829/749 1305/830/760 1306/831/761
f 1298/824/755 1309/832/762 1310/833/763
f 1302/834/759 1312/835/764 1313/836/765
f 1315/837/766 1305/830/760 1314/838/767
f 1306/831/761 1315/837/766 1316/839/768
f 1310/833/763 1318/840/769 1319/841/770
f 1303/842/771 1320/843/772 1312/844/764
f 1325/845/773 1318/840/769 1324/846/774
f 1326/847/775 1322/848/776 1321/849/777
f 1326/847/775 1323/850/778 1322/848/776
f 1326/847/775 1324/851/774 1323/850/778
f 1326/847/775 1325/852/773 1324/851/774
f 1326/847/775 1321/849/777 1325/852/773
f 1327/853/779 1328/854/780 1329/855/781
f 1327/853/779 1329/855/781 1330/856/782
f 1327/853/779 1330/856/782 1331/857/783
f 1327/853/779 1331/857/783 1332/858/784
f 1327/853/779 1332/858/784 1328/854/780
f 1334/859/785 1328/860/780 1333/861/786
f 1329/862/781 1334/859/785 1335/863/787
f 1330/864/782 1336/865/788 1337/866/789
f 1339/867/790 1331/857/783 1338/868/791
f 1332/858/784 1340/869/792 1341/870/793
f 1333/871/786 1328/854/780 1341/870/793
f 1334/859/785 1343/872/794 1344/873/795
f 1338/868/791 1347/874/796 1348/875/797
f 1342/876/798 1352/877/799 1351/878/800
f 1344/873/795 1354/879/801 1355/880/802
f 1356/881/803 1345/882/804 1355/880/802
f 1358/883/805 1346/884/806 1357/885/807
f 1348/886/797 1360/887/808 1361/888/809
f 1349/889/810 1362/890/811 1363/891/812
f 1350/892/813 1364/893/814 1365/894/815
f 1375/895/816 1366/896/817 1376/897/818
f 1377/898/819 1367/899/820 1375/900/816
f 1368/901/821 1377/898/819 1378/902/822
f 1369/903/823 1378/902/822 1379/904/824
f 1371/905/825 1381/906/826 1382/907/827
f 1385/908/828 1377/898/819 1384/909/829
f 1386/910/830 1378/902/822 1385/908/828
f 1387/911/831 1380/912/832 1386/910/830
f 1384/909/829 1376/913/818 1388/914/833
f 1389/915/834 1385/908/828 1384/909/829
f 1389/915/834 1386/910/830 1385/908/828
f 1389/915/834 1387/911/831 1386/910/830
f 1389/915/834 1388/914/833 1387/911/831
f 1389/915/834 1384/909/829 1388/914/833
f 1401/916/835 1402/917/836 1391/918/837
f 1405/919/838 1396/920/839 1398/921/840
f 1401/922/835 1391/923/837 1404/924/841
f 1411/925/842 1405/926/838 1412/927/843
f 1415/928/844 1414/929/845 1407/930/846
f 1416/931/847 1406/932/848 1408/933/849
f 1425/934/850 1418/935/851 1426/936/852
f 1428/937/853 1420/938/854 1421/939/855
f 1429/940/856 1421/941/855 1422/942/857
f 1430/943/858 1423/944/859 1425/945/860
f 1426/936/852 1427/946/861 1431/947/862
f 1431/948/862 1427/949/863 1432/950/864
f 1432/950/865 1427/949/866 1428/951/867
f 1433/952/868 1429/940/869 1424/953/870
f 1435/954/871 1430/955/872 1434/956/873
f 1436/957/874 1425/934/850 1437/958/875
f 1441/959/876 1428/960/853 1429/940/856
f 1435/954/877 1433/961/878 1430/955/879
f 1443/962/880 1442/963/881 1435/954/882
f 1448/964/883 1439/965/884 1440/966/885
f 1451/967/886 1445/968/887 1444/969/888
f 1450/970/889 1445/968/890 1451/967/891
f 1453/971/892 1451/967/893 1452/972/894
f 1453/971/895 1450/970/889 1451/967/891
f 1460/973/896 1459/974/897 1453/975/895
f 1463/976/898 1455/977/899 1464/978/900
f 1466/979/901 1457/980/902 1458/981/903
f 1467/982/904 1458/981/903 1459/983/905
f 1468/984/906 1461/985/907 1463/976/908
f 1474/986/909 1467/982/910 1475/987/911
f 1470/988/912 1471/989/913 1478/990/914
f 1477/991/915 1475/992/911 1469/993/916
f 1483/994/917 1484/995/918 1491/996/919
f 1492/997/920 1485/998/921 1486/999/922
f 1494/1000/923 1487/1001/924 1488/1002/925
f 1494/1000/923 1488/1002/925 1482/1003/926
f 1499/1004/927 1492/1005/920 1500/1006/928
f 1502/1007/929 1494/1008/923 1496/1009/930
f 1497/1010/931 1498/1011/932 1505/1012/933
f 1506/1013/934 1499/1004/927 1500/1006/928
f 1504/1014/935 1502/1007/929 1496/1009/930
f 1510/1015/936 1503/1016/937 1497/1010/938
f 1512/1017/939 1506/1013/934 1513/1018/940
f 1515/1019/941 1510/1015/936 1517/1020/942
f 1519/1021/943 1512/1017/939 1513/1018/940
f 1517/1020/944 1518/1022/945 1525/1023/946
f 1524/1024/947 1522/1025/948 1516/1026/949
f 1530/1027/950 1525/1023/951 1531/1028/952
f 1535/1029/953 1522/1030/948 1524/1031/947
f 1530/1027/950 1531/1028/952 1538/1032/954
f 1538/1033/955 1531/1034/952 1539/1035/956
f 1539/1035/956 1531/1034/952 1532/1036/957
f 1540/1037/958 1534/1038/959 1535/1029/960
f 1541/1039/961 1536/1040/962 1543/1041/963
f 1546/1042/964 1547/1043/965 1552/1044/966
f 1553/1045/967 1541/1039/961 1543/1041/963
f 1555/1046/968 1544/1047/969 1545/1048/970
f 1555/1046/968 1545/1048/970 1546/1049/964
f 1556/1050/971 1552/1044/972 1557/1051/973
f 1549/1052/974 1550/1053/975 1558/1054/976
f 1561/1055/977 1562/1056/978 1569/1057/979
f 1571/1058/980 1565/1059/981 1566/1060/982
f 1578/1061/983 1579/1062/984 1577/1063/985
f 1580/1064/986 1581/1065/987 1582/1066/988
f 1583/1067/989 1584/1068/990 1585/1069/991
f 1586/1070/992 1587/1071/993 1588/1072/994
f 1585/1073/991 1586/1070/995 1594/1074/996
f 1593/1075/997 1592/1076/998 1578/1077/999
f 1613/1078/1000 1601/1079/1001 1602/1080/1002
f 1614/1081/1003 1603/1082/1004 1604/1083/1005
f 1608/1084/1006 1606/1085/1007 1596/1086/1008
f 1611/1087/1009 1612/1088/1010 1617/1089/1011
f 1618/1090/1012 1613/1078/1000 1614/1091/1013
f 1616/1092/1014 1615/1093/1015 1608/1094/1006
f 1619/1095/1016 1607/1096/1017 1609/1097/1018
f 1622/1098/1019 1611/1087/1009 1617/1089/1011
f 1626/1099/1020 1616/1100/1014 1620/1101/1021
f 1621/1102/1022 1622/1103/1019 1629/1104/1023
f 1629/1105/1023 1622/1098/1019 1630/1106/1024
f 1631/1107/1025 1623/1108/1026 1624/1109/1027
f 1633/1110/1028 1625/1111/1029 1626/1112/1030
f 1630/1106/1024 1631/1107/1031 1634/1113/1032
f 1640/1114/1033 1630/1106/1024 1634/1113/1032
f 1640/1114/1033 1634/1113/1032 1641/1115/1034
f 1644/1116/1035 1633/1117/1028 1645/1118/1036
f 1646/1119/1037 1639/1120/1038 1640/1121/1033
f 1648/1122/1039 1636/1123/1040 1635/1124/1041
f 1644/1116/1035 1645/1118/1036 1649/1125/1042
f 1650/1126/1043 1648/1127/1044 1637/1128/1045
f 1650/1126/1046 1637/1128/1045 1638/1129/1047
f 1651/1130/1048 1639/1120/1038 1646/1119/1037
f 1646/1119/1049 1647/1131/1050 1652/1132/1051
f 1649/1133/1052 1648/1134/1053 1653/1135/1054
f 1656/1136/1055 1657/1137/1056 1654/1138/1057
f 1660/1139/1058 1659/1140/1059 1658/1141/1060
f 1664/1142/1061 1663/1143/1062 1665/1144/1063
f 1668/1145/1064 1654/1146/1065 1669/1147/1066
f 1666/1148/1067 1665/1149/1068 1669/1150/1069
f 1673/1151/1070 1668/1152/1064 1671/1153/1071
f 1670/1154/1072 1676/1155/1073 1677/1156/1074
f 1665/1144/1063 1678/1157/1075 1679/1158/1076
f 1684/1159/1077 1674/1160/1078 1683/1161/1079
f 1678/1157/1075 1686/1162/1080 1687/1163/1081
f 1683/1161/1079 1688/1164/1082 1690/1165/1083
f 1684/1166/1077 1690/1167/1083 1691/1168/1084
f 1693/1169/1085 1686/1162/1080 1692/1170/1086
f 1694/1171/1087 1687/1163/1081 1693/1169/1088
f 1692/1172/1089 1691/1168/1090 1697/1173/1091
f 1693/1169/1085 1692/1170/1086 1697/1174/1091
f 1703/1175/1092 1697/1176/1091 1702/1177/1093
f 1706/1178/1094 1699/1179/1095 1705/1180/1096
f 1713/1181/1097 1707/1182/1098 1714/1183/1099
f 1713/1184/1097 1715/1185/1100 1716/1186/1101
f 1715/1187/1102 1714/1183/1103 1722/1188/1104
f 1723/1189/1105 1725/1190/1106 1724/1191/1107
f 1717/1192/1108 1726/1193/1109 1727/1194/1110
f 1729/1195/1111 1719/1196/1112 1728/1197/1113
f 1730/1198/1114 1720/1199/1115 1729/1200/1111
f 1733/1201/1116 1726/1202/1117 1731/1203/1118
f 1730/1198/1119 1737/1204/1120 1738/1205/1121
f 1734/1206/1122 1733/1207/1123 1741/1208/1124
f 1737/1209/1125 1736/1210/1126 1743/1211/1127
f 1745/1212/1128 1739/1213/1129 1744/1214/1130
f 1740/1215/1131 1751/1216/1132 1744/1214/1130
f 1744/1214/1130 1753/1217/1133 1752/1218/1134
f 1747/1219/1135 1746/1220/1136 1754/1221/1137
f 1747/1219/1138 1754/1221/1137 1755/1222/1139
f 1750/1223/1140 1749/1224/1141 1756/1225/1142
f 1762/1226/1143 1755/1227/1139 1761/1228/1144
f 1757/1229/1145 1765/1230/1146 1759/1231/1147
f 1761/1232/1144 1760/1233/1148 1768/1234/1149
f 1770/1235/1150 1763/1236/1151 1769/1237/1152
f 1764/1238/1153 1763/1239/1154 1770/1240/1155
f 1773/1241/1156 1766/1242/1157 1771/1243/1158
f 1769/1237/1152 1775/1244/1159 1776/1245/1160
f 1773/1241/1156 1778/1246/1161 1780/1247/1162
f 1774/1248/1163 1780/1249/1164 1781/1250/1165
f 1784/1251/1166 1777/1252/1167 1783/1253/1168
f 1781/1250/1169 1787/1254/1170 1788/1255/1171
f 1789/1256/1172 1782/1257/1173 1788/1255/1174
f 1783/1253/1175 1782/1258/1176 1789/1259/1177
f 1787/1260/1170 1793/1261/1178 1794/1262/1179
f 1789/1259/1172 1788/1263/1174 1795/1264/1180
f 1791/1265/1181 1786/1266/1182 1797/1267/1183
f 1794/1262/1179 1793/1261/1178 1800/1268/1184
f 1801/1269/1185 1795/1270/1180 1800/1268/1186
f 1796/1271/1187 1789/1259/1177 1801/1272/1188
f 1798/1273/1189 1803/1274/1190 1805/1275/1191
f 1800/1268/1186 1808/1276/1192 1809/1277/1193
f 1810/1278/1194 1801/1272/1185 1809/1279/1193
f 1813/1280/1195 1802/1281/1196 1812/1282/1197
f 1809/1283/1193 1808/1284/1192 1814/1285/1198
f 1810/1278/1194 1809/1279/1193 1814/1286/1199
f 1806/1287/1200 1805/1275/1191 1815/1288/1201
f 1814/1285/1199 1818/1289/1202 1819/1290/1203
f 1812/1291/1197 1811/1292/1204 1820/1293/1205
f 1824/1294/1206 1823/1295/1207 1831/1296/1208
f 1827/1297/1209 1826/1298/1210 1832/1299/1211
f 1837/1300/1212 1831/1296/1208 1836/1301/1213
f 1833/1302/1214 1839/1303/1215 1835/1304/1216
f 1841/1305/1217 1842/1306/1218 1840/1307/1219
f 1844/1308/1220 1843/1309/1221 1845/1310/1222
f 1847/1311/1223 1846/1312/1224 1848/1313/1225
f 1852/1314/1226 1851/1315/1227 1849/1316/1228
f 1855/1317/1229 1854/1318/1230 1853/1319/1231
f 1849/1320/1232 1848/1313/1225 1857/1321/1233
f 1852/1314/1226 1849/1316/1228 1857/1322/1234
f 1865/1323/1235 1857/1321/1233 1864/1324/1236
f 1859/1325/1237 1856/1326/1238 1869/1327/1239
f 1874/1328/1240 1880/1329/1241 1881/1330/1242
f 1876/1331/1243 1875/1332/1244 1881/1330/1242
f 1881/1330/1242 1886/1333/1245 1887/1334/1246
f 1879/1335/1247 1889/1336/1248 1883/1337/1249
f 1885/1338/1250 1884/1339/1251 1892/1340/1252
f 1885/1341/1250 1892/1342/1252 1893/1343/1253
f 1895/1344/1254 1887/1334/1246 1894/1345/1255
f 1888/1346/1256 1887/1347/1246 1895/1348/1254
f 1894/1345/1257 1893/1343/1253 1897/1349/1258
f 1895/1344/1254 1894/1345/1255 1897/1349/1259
f 1900/1350/1260 1890/1351/1261 1898/1352/1262
f 1896/1353/1263 1907/1354/1264 1908/1355/1265
f 1900/1350/1260 1898/1352/1262 1911/1356/1266
f 1908/1355/1265 1907/1354/1264 1916/1357/1267
f 1909/1358/1268 1902/1359/1269 1913/1360/1270
f 1917/1361/1271 1918/1362/1272 1919/1363/1273
f 1917/1361/1271 1919/1363/1273 1920/1364/1274
f 1917/1361/1271 1920/1364/1274 1921/1365/1275
f 1917/1361/1271 1921/1365/1275 1922/1366/1276
f 1917/1361/1271 1922/1366/1276 1923/1367/1277
f 1917/1361/1271 1923/1367/1277 1918/1362/1272
f 1919/1368/1273 1924/1369/1278 1926/1370/1279
f 1928/1371/1280 1920/1372/1274 1927/1373/1281
f 1931/1374/1282 1922/1366/1276 1930/1375/1283
f 1932/1376/1284 1923/1367/1277 1931/1374/1282
f 1925/1377/1285 1918/1362/1272 1932/1376/1284
f 1926/1370/1279 1933/1378/1286 1935/1379/1287
f 1937/1380/1288 1928/1371/1280 1936/1381/1289
f 1929/1382/1290 1937/1383/1288 1938/1384/1291
f 1930/1385/1283 1938/1384/1291 1939/1386/1292
f 1931/1374/1282 1939/1387/1292 1940/1388/1293
f 1932/1376/1284 1940/1388/1293 1941/1389/1294
f 1936/1381/1289 1945/1390/1295 1946/1391/1296
f 1938/1384/1291 1948/1392/1297 1949/1393/1298
f 1939/1394/1292 1950/1395/1299 1951/1396/1300
f 1940/1397/1293 1952/1398/1301 1953/1399/1302
f 1943/1400/1303 1934/1401/1304 1954/1402/1305
f 1942/1403/1306 1955/1404/1307 1957/1405/1308
f 1954/1402/1305 1963/1406/1309 1956/1407/1310
f 1959/1408/1311 1967/1409/1312 1968/1410/1313
f 1960/1411/1314 1968/1412/1313 1969/1413/1315
f 1970/1414/1316 1961/1415/1317 1969/1416/1315
f 1971/1417/1318 1962/1418/1319 1970/1414/1316
f 1956/1407/1310 1972/1419/1320 1964/1420/1321
f 1964/1421/1321 1974/1422/1322 1973/1423/1323
f 1965/1424/1324 1973/1423/1323 1975/1425/1325
f 1968/1410/1313 1976/1426/1326 1977/1427/1327
f 1971/1417/1318 1978/1428/1328 1974/1429/1322
f 1979/1430/1329 1973/1423/1323 1974/1422/1322
f 1979/1430/1329 1975/1425/1325 1973/1423/1323
f 1979/1430/1329 1976/1426/1326 1975/1425/1325
f 1979/1430/1329 1977/1427/1327 1976/1426/1326
f 1979/1430/1329 1978/1431/1328 1977/1427/1327
f 1979/1430/1329 1974/1422/1322 1978/1431/1328
f 1987/1432/1330 1984/1433/1331 1985/1434/1332
f 1988/1435/1333 1986/1436/1334 1987/1432/1330
f 1981/1437/1335 1991/1438/1336 1992/1439/1337
f 1993/1440/1338 1994/1441/1339 1995/1442/1340
f 1993/1440/1338 1995/1442/1340 1996/1443/1341
f 1993/1440/1338 1996/1443/1341 1997/1444/1342
f 1993/1440/1338 1997/1444/1342 1998/1445/1343
f 1993/1440/1338 1998/1445/1343 1994/1441/1339
f 1994/1446/1339 1999/1447/1344 2000/1448/1345
f 2001/1449/1346 1995/1450/1340 2000/1448/1345
f 2003/1451/1347 1996/1443/1341 2002/1452/1348
f 1996/1443/1341 2003/1451/1347 2004/1453/1349
f 2005/1454/1350 1997/1444/1342 2004/1453/1349
f 2007/1455/1351 1998/1445/1343 2006/1456/1352
f 2000/1448/1345 2009/1457/1353 2010/1458/1354
f 2001/1449/1346 2010/1458/1354 2011/1459/1355
f 2002/1460/1348 2011/1461/1355 2012/1462/1356
f 2004/1453/1349 2013/1463/1357 2014/1464/1358
f 2005/1454/1350 2014/1464/1358 2015/1465/1359
f 2017/1466/1360 2007/1455/1351 2016/1467/1361
f 2021/1468/1362 2010/1458/1354 2020/1469/1363
f 2023/1470/1364 2011/1459/1355 2022/1471/1365
f 2027/1472/1366 2014/1473/1358 2026/1474/1367
f 2016/1475/1361 2029/1476/1368 2030/1477/1369
f 2037/1478/1370 2024/1479/1371 2036/1480/1372
f 2043/1481/1373 2034/1482/1374 2042/1483/1375
f 2037/1478/1370 2045/1484/1376 2046/1485/1377
f 2047/1486/1378 2038/1487/1379 2046/1488/1377
f 2048/1489/1380 2039/1490/1381 2047/1486/1378
f 2042/1483/1375 2050/1491/1382 2051/1492/1383
f 2055/1493/1384 2051/1492/1383 2050/1491/1382
f 2055/1493/1384 2052/1494/1385 2051/1492/1383
f 2055/1493/1384 2053/1495/1386 2052/1494/1385
f 2055/1493/1384 2054/1496/1387 2053/1495/1386
f 2055/1493/1384 2050/1491/1382 2054/1496/1387
f 2060/1497/1388 2057/1498/1389 2058/1499/1390
f 2065/1500/1391 2063/1501/1392 2062/1502/1393
f 2067/1503/1394 2064/1504/1395 2065/1500/1396
f 2056/1505/1397 2066/1506/1398 2067/1507/1399
f 2056/1505/1397 2068/1508/1400 2066/1506/1398
f 2073/1509/1401 2074/1510/1402 2072/1511/1403
f 2077/1512/1404 2079/1513/1405 2078/1514/1406
f 2082/1515/1407 2084/1516/1408 2083/1517/1409
f 2085/1518/1410 2084/1516/1408 2082/1515/1407
f 2087/1519/1411 2071/1520/1412 2086/1521/1413
f 2078/1522/1414 2094/1523/1415 2093/1524/1416
f 2079/1525/1417 2094/1523/1415 2078/1522/1414
f 2083/1526/1418 2097/1527/1419 2096/1528/1420
f 2086/1529/1421 2100/1530/1422 2099/1531/1423
f 2071/1532/1424 2088/1533/1425 2100/1530/1422
f 2091/1534/1426 2105/1535/1427 2104/1536/1428
f 2093/1537/1429 2107/1538/1430 2092/1539/1431
f 2094/1540/1432 2109/1541/1433 2108/1542/1434
f 2096/1543/1435 2111/1544/1436 2095/1545/1437
f 2097/1546/1438 2113/1547/1439 2112/1548/1440
f 2100/1549/1441 2116/1550/1442 2115/1551/1443
f 2121/1552/1444 2122/1553/1445 2120/1554/1446
f 2125/1555/1447 2127/1556/1448 2126/1557/1449
f 2130/1558/1450 2132/1559/1451 2131/1560/1452
f 2133/1561/1453 2132/1559/1451 2130/1558/1450
f 2135/1562/1454 2119/1563/1455 2134/1564/1456
f 2122/1565/1457 2139/1566/1458 2138/1567/1459
f 2124/1568/1460 2139/1566/1458 2122/1565/1457
f 2127/1569/1461 2142/1570/1462 2126/1571/1463
f 2131/1572/1464 2145/1573/1465 2144/1574/1466
f 2134/1575/1467 2148/1576/1468 2147/1577/1469
f 2119/1578/1470 2136/1579/1471 2148/1576/1468
f 2138/1580/1472 2152/1581/1473 2151/1582/1474
f 2141/1583/1475 2155/1584/1476 2140/1585/1477
f 2142/1586/1432 2157/1587/1478 2156/1588/1479
f 2144/1589/1480 2159/1590/1481 2143/1591/1482
f 2148/1592/1483 2164/1593/1484 2163/1594/1443
f 2174/1595/1447 2176/1596/1485 2175/1597/1449
f 2179/1598/1450 2181/1599/1451 2180/1600/1452
f 2182/1601/1486 2181/1599/1451 2179/1598/1450
f 2184/1602/1487 2167/1603/1488 2183/1604/1489
f 2169/1605/1490 2187/1606/1491 2186/1607/1492
f 2176/1608/1493 2191/1609/1494 2175/1610/1495
f 2167/1611/1496 2185/1612/1497 2197/1613/1498
f 2186/1614/1499 2198/1615/1500 2185/1616/1501
f 2188/1617/1502 2201/1618/1503 2200/1619/1504
f 2190/1620/1505 2203/1621/1506 2189/1622/1507
f 2191/1623/1432 2205/1624/1478 2204/1625/1479
f 2193/1626/1480 2207/1627/1508 2192/1628/1482
f 2197/1629/1509 2212/1630/1442 2211/1631/1510
f 2216/1632/1511 2217/1633/1512 2215/1634/1513
f 2226/1635/1447 2228/1636/1485 2227/1637/1514
f 2221/1638/1515 2239/1639/1516 2238/1640/1517
f 2228/1641/1518 2243/1642/1519 2227/1643/1520
f 2236/1644/1483 2249/1645/1442 2248/1646/1510
f 2240/1647/1426 2254/1648/1521 2253/1649/1428
f 2242/1650/1505 2256/1651/1506 2241/1652/1522
f 2243/1653/1432 2258/1654/1523 2257/1655/1479
f 2245/1656/1524 2260/1657/1508 2244/1658/1437
f 2234/1659/1438 2247/1660/1439 2261/1661/1525
f 2270/1662/1526 2272/1663/1527 2271/1664/1528
f 2262/1665/1529 2263/1666/1530 2281/1667/1531
f 2276/1668/1532 2293/1669/1533 2292/1670/1534
f 2278/1671/1535 2293/1669/1533 2276/1668/1532
f 2278/1671/1535 2294/1672/1536 2293/1669/1533
f 2286/1673/1537 2300/1674/1538 2299/1675/1539
f 2288/1676/1540 2301/1677/1541 2287/1678/1542
f 2290/1679/1543 2303/1680/1503 2302/1681/1504
f 2292/1682/1505 2305/1683/1544 2291/1684/1507
f 2294/1685/1545 2307/1686/1546 2293/1687/1547
f 2295/1688/1524 2308/1689/1548 2294/1685/1545
f 2283/1690/1549 2297/1691/1439 2309/1692/1525
f 2326/1693/1550 2413/1694/1551 2323/1695/1552
f 2841/1696/1553 2842/1697/1554 2413/1694/1551
f 2413/1694/1551 2316/1698/1555 2318/1699/1556
f 2413/1694/1551 2328/1700/1557 2331/1701/1558
f 2413/1694/1551 2313/1702/1559 2316/1698/1555
f 2413/1694/1551 2321/1703/1560 2323/1695/1552
f 2413/1694/1551 2318/1699/1556 2321/1703/1560
f 2331/1701/1558 2841/1696/1553 2413/1694/1551
f 2413/1694/1551 2326/1693/1550 2328/1700/1557
f 2842/1697/1554 2313/1702/1559 2413/1694/1551
f 2314/1704/1561 2313/1702/1559 2312/1705/1562
f 2324/1706/1563 2323/1695/1552 2322/1707/1564
f 2328/1700/1557 2327/1708/1565 2329/1709/1566
f 2503/1710/1567 2504/1711/1568 2505/1712/1564
f 2513/1713/1561 2514/1714/1559 2515/1715/1562
f 2519/1716/1554 2514/1714/1559 2414/1717/1569
f 2496/1718/1570 2518/1719/1553 2414/1717/1569
f 2414/1717/1569 2509/1720/1556 2506/1721/1560
f 2414/1717/1569 2506/1721/1560 2504/1711/1568
f 2414/1717/1569 2501/1722/1571 2498/1723/1572
f 2414/1717/1569 2514/1714/1559 2511/1724/1555
f 2414/1717/1569 2498/1723/1572 2496/1718/1570
f 2414/1717/1569 2511/1724/1555 2509/1720/1556
f 2518/1719/1553 2519/1716/1554 2414/1717/1569
f 2501/1722/1571 2414/1717/1569 2504/1711/1568
f 2508/1725/1573 2509/1720/1556 2510/1726/1574
f 2500/1727/1575 2501/1722/1571 2502/1728/1576
f 2519/1716/1554 2520/1729/1577 2516/1730/1578
f 2495/1731/1579 2496/1718/1570 2497/1732/1580
f 2625/1733/1581 2620/1734/1582 2521/1735/1583
f 2521/1735/1583 2608/1736/1584 2606/1737/1585
f 2603/1738/1586 2624/1739/1587 2521/1735/1583
f 2614/1740/1588 2521/1735/1583 2617/1741/1589
f 2521/1735/1583 2614/1740/1588 2611/1742/1590
f 2521/1735/1583 2620/1734/1582 2617/1741/1589
f 2521/1735/1583 2606/1737/1585 2603/1738/1586
f 2624/1739/1587 2625/1733/1581 2521/1735/1583
f 2608/1736/1584 2521/1735/1583 2611/1742/1590
f 2603/1738/1586 2604/1743/1591 2602/1744/1592
f 2606/1737/1585 2607/1745/1593 2605/1746/1594
f 2610/1747/1595 2611/1742/1590 2612/1748/1596
f 2613/1749/1597 2614/1740/1588 2615/1750/1598
f 2616/1751/1599 2617/1741/1589 2618/1752/1600
f 2619/1753/1601 2620/1734/1582 2621/1754/1602
f 2625/1733/1581 2626/1755/1603 2622/1756/1604
f 2628/1757/1605 2627/1758/1606 2631/1759/1607
f 2635/1760/1608 2634/1761/1593 2636/1762/1609
f 2640/1763/1610 2639/1764/1611 2641/1765/1612
f 2643/1766/1613 2642/1767/1614 2644/1768/1615
f 2648/1769/1616 2647/1770/1617 2649/1771/1618
f 2651/1772/1619 2650/1773/1620 2652/1774/1621
f 2733/1775/1622 2633/1776/1623 2635/1760/1608
f 2733/1775/1622 2646/1777/1624 2648/1769/1616
f 2628/1757/1605 2633/1776/1623 2733/1775/1622
f 2733/1775/1622 2648/1769/1616 2651/1772/1619
f 2733/1775/1622 2635/1760/1608 2638/1778/1625
f 2640/1763/1610 2733/1775/1622 2638/1778/1625
f 2733/1775/1622 2640/1763/1610 2643/1766/1613
f 2651/1772/1619 2629/1779/1626 2733/1775/1622
f 2629/1779/1626 2628/1757/1605 2733/1775/1622
f 2646/1777/1624 2733/1775/1622 2643/1766/1613
f 2759/1780/1573 2758/1781/1627 2757/1782/1628
f 2735/1783/1629 2734/1784/1630 2738/1785/1631
f 2746/1786/1579 2745/1787/1570 2744/1788/1580
f 2736/1789/1632 2735/1783/1629 2840/1790/1633
f 2840/1790/1633 2743/1791/1572 2745/1787/1570
f 2840/1790/1633 2755/1792/1634 2758/1781/1627
f 2840/1790/1633 2740/1793/1635 2743/1791/1572
f 2840/1790/1633 2748/1794/1636 2750/1795/1637
f 2840/1790/1633 2745/1787/1570 2748/1794/1636
f 2758/1781/1627 2736/1789/1632 2840/1790/1633
f 2840/1790/1633 2753/1796/1638 2755/1792/1634
f 2735/1783/1629 2740/1793/1635 2840/1790/1633
f 2753/1796/1638 2840/1790/1633 2750/1795/1637
f 2755/1792/1634 2754/1797/1639 2756/1798/1640
f 2751/1799/1641 2750/1795/1637 2749/1800/1642
f 2741/1801/1575 2740/1793/1635 2739/1802/1576
f 2319/1803/1573 2318/1699/1556 2317/1804/1574
f 2842/1697/1554 2843/1805/1577 2311/1806/1578
f 2332/1807/1579 2331/1701/1558 2330/1808/1643
f 5/1809/1644 7/1810/1645 8/1811/1646
f 9/1812/1647 11/1813/1647 12/1814/1647
f 11/1813/1647 13/1815/1647 14/1816/1647
f 13/1815/1647 16/1817/1647 14/1816/1647
f 12/1814/1647 15/1818/1647 9/1812/1647
f 12/1819/1648 17/1820/1648 18/1821/1648
f 11/1822/1649 19/1823/1649 17/1824/1649
f 14/1825/1650 20/1826/1650 19/1827/1650
f 16/1828/1651 18/1829/1651 20/1830/1651
f 21/1831/1 18/1832/1 17/1833/1
f 17/1833/1 23/1834/1 21/1831/1
f 23/1834/1 20/1835/1 24/1836/1
f 22/1837/1 20/1835/1 18/1832/1
f 22/1838/1648 25/1839/1648 26/1840/1648
f 21/1841/1649 27/1842/1649 25/1843/1649
f 23/1844/1650 28/1845/1650 27/1846/1650
f 24/1847/1651 26/1848/1651 28/1849/1651
f 5/1809/1644 25/1850/1652 6/1851/1653
f 6/1851/1653 27/1852/1654 7/1810/1645
f 8/1811/1646 27/1852/1655 28/1853/1655
f 8/1811/1646 26/1854/1656 5/1809/1644
f 9/1855/1648 29/1856/1648 30/1857/1648
f 31/1858/1648 33/1859/1648 34/1860/1648
f 38/1861/1650 36/1862/1650 37/1863/1650
f 10/1864/1649 39/1865/1649 40/1866/1649
f 44/1867/1649 42/1868/1649 43/1869/1649
f 47/1870/1651 45/1871/1651 46/1872/1651
f 29/1873/1 32/1874/1 31/1875/1
f 49/1876/1651 33/1877/1651 32/1878/1651
f 50/1879/1647 34/1880/1647 33/1881/1647
f 30/1882/1649 31/1883/1649 34/1884/1649
f 51/1885/1 36/1886/1 35/1887/1
f 52/1888/1649 37/1889/1649 36/1890/1649
f 53/1891/1647 38/1892/1647 37/1893/1647
f 54/1894/1651 35/1895/1651 38/1896/1651
f 39/1897/1 42/1898/1 41/1899/1
f 55/1900/1648 43/1901/1648 42/1902/1648
f 56/1903/1647 44/1904/1647 43/1905/1647
f 40/1906/1650 41/1907/1650 44/1908/1650
f 57/1909/1 46/1910/1 45/1911/1
f 58/1912/1650 47/1913/1650 46/1914/1650
f 59/1915/1647 48/1916/1647 47/1917/1647
f 60/1918/1648 45/1919/1648 48/1920/1648
f 10/1921/1648 49/1922/1648 4/1923/1648
f 1/1924/1648 49/1922/1648 29/1856/1648
f 2/1925/1650 51/1926/1650 3/1927/1650
f 13/1928/1650 51/1926/1650 54/1929/1650
f 15/1930/1650 54/1929/1650 53/1931/1650
f 13/1932/1649 55/1933/1649 3/1934/1649
f 4/1935/1649 55/1933/1649 39/1865/1649
f 1/1936/1651 57/1937/1651 2/1938/1651
f 15/1939/1651 57/1937/1651 60/1940/1651
f 9/1941/1651 60/1940/1651 59/1942/1651
f 9/1855/1648 50/1943/1648 10/1921/1648
f 10/1864/1649 56/1944/1649 13/1932/1649
f 15/1930/1650 52/1945/1650 2/1925/1650
f 9/1941/1651 58/1946/1651 1/1936/1651
f 61/1947/1649 63/1948/1657 64/1949/1649
f 62/1950/1657 66/1951/1658 63/1948/1657
f 65/1952/1658 68/1953/1659 66/1951/1658
f 67/1954/1659 70/1955/1660 68/1953/1659
f 69/1956/1660 72/1957/1650 70/1958/1660
f 71/1959/1650 74/1960/1661 72/1957/1650
f 73/1961/1661 76/1962/1662 74/1960/1661
f 75/1963/1662 78/1964/1663 76/1962/1662
f 77/1965/1663 80/1966/1664 78/1964/1663
f 79/1967/1664 82/1968/1651 80/1969/1664
f 81/1970/1651 84/1971/1665 82/1968/1651
f 83/1972/1665 86/1973/1666 84/1971/1665
f 85/1974/1666 88/1975/1667 86/1973/1666
f 87/1976/1667 90/1977/1668 88/1975/1667
f 89/1978/1668 92/1979/1648 90/1980/1668
f 91/1981/1648 94/1982/1669 92/1979/1648
f 93/1983/1669 96/1984/1670 94/1982/1669
f 95/1985/1670 98/1986/1671 96/1984/1670
f 97/1987/1671 100/1988/1672 98/1986/1671
f 99/1989/1672 64/1949/1649 100/1990/1672
f 102/1991/1673 63/1948/1674 101/1992/1674
f 103/1993/1675 63/1948/1674 66/1951/1675
f 104/1994/1676 66/1951/1675 68/1953/1676
f 105/1995/1677 68/1953/1676 70/1955/1677
f 106/1996/1678 70/1958/1677 72/1957/1678
f 106/1996/1678 74/1960/1679 107/1997/1680
f 107/1997/1680 76/1962/1681 108/1998/1681
f 108/1998/1681 78/1964/1682 109/1999/1682
f 109/1999/1682 80/1966/1683 110/2000/1683
f 111/2001/1684 80/1969/1683 82/1968/1684
f 111/2001/1684 84/1971/1685 112/2002/1685
f 112/2002/1685 86/1973/1686 113/2003/1686
f 113/2003/1686 88/1975/1687 114/2004/1687
f 114/2004/1687 90/1977/1688 115/2005/1688
f 116/2006/1689 90/1980/1688 92/1979/1689
f 116/2006/1689 94/1982/1690 117/2007/1690
f 117/2007/1690 96/1984/1691 118/2008/1691
f 118/2008/1691 98/1986/1692 119/2009/1692
f 119/2009/1692 100/1988/1693 120/2010/1694
f 120/2011/1694 64/1949/1673 102/1991/1673
f 121/2012/1 102/2013/1 101/2014/1
f 121/2012/1 103/2015/1 123/2016/1
f 123/2016/1 104/2017/1 124/2018/1
f 124/2018/1 105/2019/1 125/2020/1
f 125/2020/1 106/2021/1 126/2022/1
f 127/2023/1 106/2021/1 107/2024/1
f 128/2025/1 107/2024/1 108/2026/1
f 129/2027/1 108/2026/1 109/2028/1
f 130/2029/1 109/2028/1 110/2030/1
f 130/2029/1 111/2031/1 131/2032/1
f 132/2033/1 111/2031/1 112/2034/1
f 133/2035/1 112/2034/1 113/2036/1
f 133/2035/1 114/2037/1 134/2038/1
f 134/2038/1 115/2039/1 135/2040/1
f 135/2040/1 116/2041/1 136/2042/1
f 136/2042/1 117/2043/1 137/2044/1
f 138/2045/1 117/2043/1 118/2046/1
f 139/2047/1 118/2046/1 119/2048/1
f 140/2049/1 119/2048/1 120/2050/1
f 122/2051/1 120/2050/1 102/2013/1
f 122/2052/1649 141/2053/1657 142/2054/1649
f 121/2055/1657 143/2056/1658 141/2053/1657
f 123/2057/1658 144/2058/1659 143/2056/1658
f 124/2059/1659 145/2060/1660 144/2058/1659
f 125/2061/1660 146/2062/1650 145/2063/1660
f 126/2064/1650 147/2065/1661 146/2062/1650
f 127/2066/1661 148/2067/1662 147/2065/1661
f 128/2068/1662 149/2069/1663 148/2067/1662
f 129/2070/1663 150/2071/1664 149/2069/1663
f 130/2072/1664 151/2073/1651 150/2074/1664
f 131/2075/1651 152/2076/1665 151/2073/1651
f 132/2077/1665 153/2078/1666 152/2076/1665
f 133/2079/1666 154/2080/1667 153/2078/1666
f 134/2081/1667 155/2082/1668 154/2080/1667
f 135/2083/1668 156/2084/1648 155/2085/1668
f 136/2086/1648 157/2087/1669 156/2084/1648
f 137/2088/1669 158/2089/1670 157/2087/1669
f 138/2090/1670 159/2091/1671 158/2089/1670
f 139/2092/1671 160/2093/1672 159/2091/1671
f 140/2094/1672 142/2054/1649 160/2095/1672
f 161/2096/1695 142/2097/1696 141/2098/1695
f 161/2096/1695 143/2099/1697 163/2100/1697
f 163/2100/1697 144/2101/1698 164/2102/1698
f 165/2103/1699 144/2101/1698 145/2104/1699
f 165/2103/1699 146/2105/1700 166/2106/1700
f 167/2107/1701 146/2105/1700 147/2108/1701
f 168/2109/1702 147/2108/1701 148/2110/1702
f 169/2111/1703 148/2110/1702 149/2112/1703
f 170/2113/1704 149/2112/1703 150/2114/1704
f 170/2113/1704 151/2115/1705 171/2116/1705
f 171/2116/1705 152/2117/1706 172/2118/1707
f 173/2119/1708 152/2117/1706 153/2120/1708
f 174/2121/1709 153/2120/1708 154/2122/1709
f 175/2123/1710 154/2122/1709 155/2124/1710
f 175/2123/1710 156/2125/1711 176/2126/1712
f 176/2126/1712 157/2127/1713 177/2128/1713
f 177/2128/1713 158/2129/1714 178/2130/1714
f 178/2130/1714 159/2131/1715 179/2132/1715
f 180/2133/1716 159/2131/1715 160/2134/1716
f 162/2135/1696 160/2134/1716 142/2097/1696
f 162/2136/1649 181/2137/1657 182/2138/1649
f 161/2139/1657 183/2140/1658 181/2137/1657
f 163/2141/1658 184/2142/1659 183/2140/1658
f 164/2143/1659 185/2144/1660 184/2142/1659
f 165/2145/1660 186/2146/1650 185/2147/1660
f 166/2148/1650 187/2149/1661 186/2146/1650
f 167/2150/1661 188/2151/1662 187/2149/1661
f 168/2152/1662 189/2153/1663 188/2151/1662
f 169/2154/1663 190/2155/1664 189/2153/1663
f 170/2156/1664 191/2157/1651 190/2158/1664
f 171/2159/1651 192/2160/1665 191/2157/1651
f 193/2161/1666 172/2162/1665 173/2163/1666
f 173/2163/1666 194/2164/1667 193/2161/1666
f 174/2165/1667 195/2166/1668 194/2164/1667
f 175/2167/1668 196/2168/1648 195/2169/1668
f 176/2170/1648 197/2171/1669 196/2168/1648
f 177/2172/1669 198/2173/1670 197/2171/1669
f 178/2174/1670 199/2175/1671 198/2173/1670
f 179/2176/1671 200/2177/1672 199/2175/1671
f 180/2178/1672 182/2138/1649 200/2179/1672
f 202/2180/1717 181/2137/1718 201/2181/1718
f 203/2182/1719 181/2137/1718 183/2140/1719
f 204/2183/1720 183/2140/1719 184/2142/1720
f 205/2184/1721 184/2185/1720 185/2186/1721
f 205/2184/1721 186/2187/1722 206/2188/1722
f 207/2189/1723 186/2146/1722 187/2149/1723
f 187/2149/1723 208/2190/1724 207/2189/1723
f 208/2190/1724 189/2153/1725 209/2191/1725
f 209/2192/1725 190/2193/1726 210/2194/1726
f 211/2195/1727 190/2193/1726 191/2196/1727
f 212/2197/1728 191/2157/1727 192/2160/1728
f 213/2198/1729 192/2160/1728 193/2161/1729
f 214/2199/1730 193/2161/1729 194/2164/1730
f 214/2200/1730 195/2201/1731 215/2202/1731
f 216/2203/1732 195/2201/1731 196/2204/1732
f 217/2205/1733 196/2168/1732 197/2171/1733
f 218/2206/1734 197/2171/1733 198/2173/1734
f 219/2207/1735 198/2173/1734 199/2175/1735
f 220/2208/1736 199/2209/1735 200/2210/1736
f 220/2208/1736 182/2211/1717 202/2212/1717
f 202/2180/1649 221/2213/1657 222/2214/1649
f 201/2181/1657 223/2215/1658 221/2213/1657
f 203/2182/1658 224/2216/1659 223/2215/1658
f 204/2183/1659 225/2217/1660 224/2216/1659
f 205/2218/1660 226/2219/1650 225/2220/1660
f 206/2221/1650 227/2222/1661 226/2219/1650
f 207/2189/1661 228/2223/1662 227/2222/1661
f 208/2190/1662 229/2224/1663 228/2223/1662
f 209/2191/1663 230/2225/1664 229/2224/1663
f 210/2226/1664 231/2227/1651 230/2228/1664
f 211/2229/1651 232/2230/1665 231/2227/1651
f 212/2197/1665 233/2231/1666 232/2230/1665
f 213/2198/1666 234/2232/1667 233/2231/1666
f 214/2199/1667 235/2233/1668 234/2232/1667
f 215/2234/1668 236/2235/1648 235/2236/1668
f 216/2237/1648 237/2238/1669 236/2235/1648
f 217/2205/1669 238/2239/1670 237/2238/1669
f 218/2206/1670 239/2240/1671 238/2239/1670
f 219/2207/1671 240/2241/1672 239/2240/1671
f 220/2242/1672 222/2214/1649 240/2243/1672
f 242/2244/1737 221/2245/1738 241/2246/1738
f 241/2246/1738 223/2247/1739 243/2248/1739
f 243/2248/1739 224/2249/1740 244/2250/1740
f 245/2251/1741 224/2249/1740 225/2252/1741
f 246/2253/1742 225/2252/1741 226/2254/1742
f 246/2253/1742 227/2255/1743 247/2256/1743
f 247/2256/1743 228/2257/1744 248/2258/1744
f 249/2259/1745 228/2257/1744 229/2260/1745
f 250/2261/1746 229/2260/1745 230/2262/1746
f 251/2263/1747 230/2262/1746 231/2264/1747
f 251/2263/1747 232/2265/1748 252/2266/1748
f 252/2266/1748 233/2267/1749 253/2268/1749
f 253/2268/1749 234/2269/1750 254/2270/1750
f 255/2271/1751 234/2269/1750 235/2272/1751
f 256/2273/1752 235/2272/1751 236/2274/1752
f 256/2273/1752 237/2275/1753 257/2276/1753
f 257/2276/1753 238/2277/1754 258/2278/1754
f 259/2279/1755 238/2277/1754 239/2280/1755
f 259/2279/1755 240/2281/1756 260/2282/1756
f 242/2244/1737 240/2281/1756 222/2283/1737
f 242/2284/1649 261/2285/1657 262/2286/1649
f 241/2287/1657 263/2288/1658 261/2285/1657
f 243/2289/1658 264/2290/1659 263/2288/1658
f 244/2291/1659 265/2292/1660 264/2290/1659
f 245/2293/1660 266/2294/1650 265/2295/1660
f 246/2296/1650 267/2297/1661 266/2294/1650
f 247/2298/1661 268/2299/1662 267/2297/1661
f 248/2300/1662 269/2301/1663 268/2299/1662
f 249/2302/1663 270/2303/1664 269/2301/1663
f 250/2304/1664 271/2305/1651 270/2306/1664
f 251/2307/1651 272/2308/1665 271/2305/1651
f 252/2309/1665 273/2310/1666 272/2308/1665
f 253/2311/1666 274/2312/1667 273/2310/1666
f 254/2313/1667 275/2314/1668 274/2312/1667
f 255/2315/1668 276/2316/1648 275/2317/1668
f 256/2318/1648 277/2319/1669 276/2316/1648
f 257/2320/1669 278/2321/1670 277/2319/1669
f 258/2322/1670 279/2323/1671 278/2321/1670
f 259/2324/1671 280/2325/1672 279/2323/1671
f 260/2326/1672 262/2286/1649 280/2327/1672
f 282/2328/1757 261/2329/1758 281/2330/1758
f 281/2330/1758 263/2331/1759 283/2332/1759
f 283/2332/1759 264/2333/1760 284/2334/1760
f 284/2334/1760 265/2335/1761 285/2336/1761
f 285/2336/1761 266/2337/1762 286/2338/1762
f 287/2339/1763 266/2337/1762 267/2340/1763
f 288/2341/1764 267/2340/1763 268/2342/1764
f 289/2343/1765 268/2342/1764 269/2344/1765
f 290/2345/1766 269/2344/1765 270/2346/1766
f 291/2347/1767 270/2346/1766 271/2348/1767
f 291/2347/1767 272/2349/1768 292/2350/1768
f 292/2350/1768 273/2351/1769 293/2352/1769
f 293/2352/1769 274/2353/1770 294/2354/1770
f 294/2354/1770 275/2355/1771 295/2356/1771
f 295/2356/1771 276/2357/1772 296/2358/1772
f 296/2358/1772 277/2359/1773 297/2360/1773
f 297/2360/1773 278/2361/1774 298/2362/1774
f 298/2362/1774 279/2363/1775 299/2364/1775
f 300/2365/1776 279/2363/1775 280/2366/1776
f 282/2328/1757 280/2366/1776 262/2367/1757
f 282/2368/1649 301/2369/1657 302/2370/1649
f 281/2371/1657 303/2372/1658 301/2369/1657
f 283/2373/1658 304/2374/1659 303/2372/1658
f 284/2375/1659 305/2376/1660 304/2374/1659
f 285/2377/1660 306/2378/1650 305/2379/1660
f 286/2380/1650 307/2381/1661 306/2378/1650
f 287/2382/1661 308/2383/1662 307/2381/1661
f 288/2384/1662 309/2385/1663 308/2383/1662
f 289/2386/1663 310/2387/1664 309/2385/1663
f 290/2388/1664 311/2389/1651 310/2390/1664
f 291/2391/1651 312/2392/1665 311/2389/1651
f 292/2393/1665 313/2394/1666 312/2392/1665
f 293/2395/1666 314/2396/1667 313/2394/1666
f 294/2397/1667 315/2398/1668 314/2396/1667
f 295/2399/1668 316/2400/1648 315/2401/1668
f 296/2402/1648 317/2403/1669 316/2400/1648
f 297/2404/1669 318/2405/1670 317/2403/1669
f 298/2406/1670 319/2407/1671 318/2405/1670
f 299/2408/1671 320/2409/1672 319/2407/1671
f 300/2410/1672 302/2370/1649 320/2411/1672
f 301/1/1 322/5/2 321/2/2
f 323/8/3 304/4/1 305/9/3
f 324/11/3 306/7/3 307/12/3
f 325/2412/1569 308/10/1 309/2413/1569
f 325/2412/1569 310/2414/1569 326/2415/1569
f 327/2416/1569 311/2417/1 312/2418/1569
f 310/2414/1569 311/2417/1 326/2415/1569
f 328/2419/4 313/2420/1 314/2421/1
f 312/2418/1569 313/2420/1 327/2416/1569
f 329/14/4 315/2422/4 316/15/4
f 314/2421/1 315/2422/4 328/2419/4
f 317/13/4 330/2423/1 329/14/4
f 330/2423/1 319/18/1 331/17/1
f 320/16/1 321/2/2 331/17/1
f 332/2424/1777 322/2425/1778 334/2426/1779
f 321/25/11 332/2424/1777 333/26/12
f 334/2426/1780 323/2427/1781 335/2428/1782
f 335/2429/1783 324/2430/1784 336/2431/1785
f 336/2431/1786 325/21/7 337/20/6
f 338/2432/1787 327/2433/1788 339/2434/1789
f 326/2435/5 338/2432/1787 337/2436/6
f 339/2434/1790 328/2437/1791 340/2438/1792
f 328/2439/1793 341/2440/1794 340/2441/1795
f 330/22/8 343/2442/1796 342/23/9
f 329/24/10 342/23/9 341/2440/1794
f 345/2443/1797 332/2444/1798 334/2445/1799
f 331/2446/13 333/2447/12 343/2442/1796
f 333/2448/1800 332/2444/1798 344/2449/1801
f 334/2445/1799 346/2450/1802 345/2443/1797
f 347/2451/1803 335/2452/1804 336/2453/1805
f 348/2454/1806 336/2453/1805 337/30/16
f 350/2455/1807 338/28/14 339/2456/1808
f 337/30/16 349/29/15 348/2454/1806
f 353/2457/1809 341/34/20 342/37/23
f 339/2456/1808 351/33/19 350/2455/1807
f 339/2456/1808 340/31/17 351/33/19
f 355/2458/1810 343/35/21 333/2448/1800
f 342/37/23 354/36/22 353/2457/1809
f 356/2459/1811 345/2460/1812 357/49/35
f 333/2448/1800 344/2449/1801 355/2458/1810
f 345/2460/1813 358/2461/40 357/49/35
f 358/54/40 347/40/26 359/52/38
f 348/38/24 361/2462/42 360/39/25
f 347/40/26 360/39/25 359/52/38
f 350/41/27 363/2463/1814 362/42/28
f 349/43/29 362/42/28 361/56/42
f 363/2463/1815 352/2464/1816 364/2465/1817
f 352/2466/1818 365/45/31 364/2467/1817
f 355/2468/33 356/2459/1819 366/2469/34
f 354/44/30 366/48/34 365/45/31
f 368/51/37 356/2459/1811 357/49/35
f 357/49/35 370/2470/1820 369/50/36
f 372/60/46 359/52/38 360/39/25
f 358/54/40 371/53/39 370/2471/1820
f 373/58/44 361/2462/42 374/2472/41
f 360/39/25 373/58/44 372/60/46
f 375/63/49 363/2463/1814 376/61/47
f 1/2473/1647 3/2474/1647 4/2475/1647
f 362/42/28 375/63/49 374/55/41
f 377/64/50 363/2463/1815 364/2465/1817
f 378/68/54 365/45/31 379/66/52
f 364/2467/1817 378/68/54 377/2476/50
f 380/2477/1821 365/45/31 366/48/34
f 367/2478/1822 366/2469/34 356/2459/1819
f 381/73/59 368/51/37 382/57/43
f 369/50/36 383/2479/1823 382/57/43
f 383/2480/1823 371/53/39 384/2481/1824
f 384/2481/1825 372/60/46 385/59/45
f 373/58/44 386/2482/1826 385/59/45
f 386/2483/1827 375/63/49 387/62/48
f 388/2484/51 378/68/54 389/67/53
f 376/61/47 388/65/51 387/62/48
f 390/71/57 380/2477/1821 391/2485/1828
f 379/66/52 390/71/57 389/67/53
f 391/75/61 367/2478/1822 381/73/59
f 395/2486/62 383/2480/1823 384/2481/1825
f 381/73/59 392/70/56 393/74/60
f 381/73/59 382/57/43 392/70/56
f 382/57/43 383/2479/1823 394/69/55
f 384/2481/1825 396/2487/67 395/2486/62
f 397/2488/65 385/59/45 386/2482/1826
f 386/2483/1827 398/2489/1829 397/2490/1830
f 398/2489/1831 388/65/51 399/2491/1832
f 400/2492/71 388/2484/51 389/67/53
f 402/2493/72 390/71/57 391/2485/61
f 389/67/53 401/72/58 400/2492/71
f 403/2494/1833 393/2495/60 392/2496/56
f 391/2485/61 393/2497/60 402/2493/72
f 403/2494/1833 394/78/55 405/77/63
f 397/80/65 408/85/70 407/81/66
f 395/76/62 396/82/67 406/79/64
f 396/82/67 407/81/66 406/79/64
f 410/88/73 400/86/71 401/89/58
f 398/2498/1834 399/83/68 408/85/70
f 404/2499/1835 402/87/72 393/2495/60
f 413/2500/1836 406/2501/1837 414/2502/1838
f 403/90/74 412/94/78 411/91/75
f 405/93/77 413/2503/1839 412/94/78
f 406/2501/1840 415/2504/1841 414/2502/1842
f 421/2505/1843 422/2506/1844 423/2507/1845
f 407/97/81 416/96/80 415/2508/1846
f 408/95/84 417/99/83 416/96/1847
f 409/102/82 418/101/86 417/2509/83
f 410/100/88 419/104/87 418/101/1848
f 404/92/76 411/91/75 419/2510/87
f 423/2511/1849 424/2512/1850 425/2513/1851
f 425/2513/1852 426/2514/1853 427/2515/1854
f 427/2516/1855 428/2517/1856 429/2518/1857
f 429/2518/1858 430/2519/1859 431/2520/1860
f 431/2521/1861 432/2522/1862 433/2523/1863
f 433/2523/1864 434/2524/1865 435/2525/1866
f 435/2525/1867 436/2526/1868 437/2527/1869
f 437/2528/1870 420/2529/1871 421/2505/1872
f 445/2530/96 440/2531/91 439/2532/90
f 430/2533/1651 422/2534/1651 436/2535/1651
f 429/2536/1649 437/2537/1649 423/2538/1649
f 440/2531/91 448/115/98 441/114/92
f 449/2539/99 442/109/93 441/108/92
f 443/110/94 453/120/103 444/111/95
f 451/117/100 443/110/94 442/109/93
f 455/123/106 445/2540/96 446/124/97
f 446/113/97 439/106/90 444/111/95
f 454/2541/108 447/2542/1873 445/2530/96
f 456/130/112 448/115/98 447/2542/1873
f 457/2543/115 449/2544/99 448/2545/98
f 458/136/118 450/2546/101 449/2544/99
f 460/121/104 452/119/102 451/117/100
f 459/122/105 451/117/100 450/118/101
f 461/2547/122 453/120/103 452/119/102
f 455/123/106 463/127/109 454/126/108
f 446/113/97 453/120/103 462/2548/107
f 454/2541/108 466/131/113 456/130/112
f 456/130/112 468/134/116 457/133/115
f 457/2543/115 470/137/119 458/136/118
f 458/136/118 472/139/120 459/138/105
f 473/140/121 460/2549/104 459/138/105
f 475/142/123 460/2550/104 474/2551/1874
f 476/2552/124 462/2548/107 461/2547/122
f 478/144/125 455/123/106 462/125/107
f 480/2553/1875 463/127/109 464/2554/1
f 465/2555/110 481/2556/1876 466/2557/113
f 479/2558/128 465/128/110 463/127/109
f 467/129/111 482/2559/1877 468/134/116
f 481/2560/1876 467/129/111 466/131/113
f 482/2559/1877 469/132/114 468/134/116
f 484/2561/1878 470/137/119 483/2562/1879
f 470/137/119 469/2563/114 483/2562/1879
f 484/2561/1878 472/139/120 471/135/117
f 473/2564/121 486/2565/1880 474/2551/1874
f 485/150/131 473/140/121 472/139/120
f 486/2565/1880 475/142/123 474/2551/1874
f 476/143/124 488/155/136 477/2566/126
f 476/143/124 475/142/123 487/153/134
f 478/144/125 480/2553/1875 464/2554/1
f 478/144/125 477/145/126 488/2567/136
f 490/146/127 481/2556/1876 479/147/128
f 489/2568/129 479/2558/128 480/2553/1875
f 491/2569/1881 482/2570/1877 481/2556/1876
f 492/2571/1882 483/2572/1879 482/2570/1877
f 493/2573/1883 484/2561/1878 483/2562/1879
f 495/2574/130 486/2565/1880 485/2575/131
f 494/151/132 485/150/131 484/2561/1878
f 498/2576/137 480/2553/1875 488/2567/136
f 496/154/135 487/153/134 486/2565/1880
f 497/152/133 488/155/136 487/153/134
f 499/159/140 490/146/127 489/148/129
f 500/158/139 492/2571/1882 491/2569/1881
f 500/158/139 491/2569/1881 490/146/127
f 501/160/141 494/2577/132 493/2578/1883
f 501/160/141 493/2578/1883 492/2571/1882
f 503/2579/143 495/2574/130 502/2580/142
f 495/2574/130 494/2581/132 502/2580/142
f 503/2579/143 497/152/133 496/154/135
f 498/2582/137 499/159/140 489/148/129
f 504/2583/144 498/156/137 497/152/133
f 512/2584/151 508/2585/147 507/2586/146
f 508/2585/147 515/175/154 509/174/148
f 511/169/150 513/2587/152 507/165/146
f 510/168/149 509/167/148 517/176/155
f 511/169/150 510/168/149 519/179/157
f 522/191/167 512/170/151 513/172/152
f 512/2584/151 523/182/160 514/181/159
f 516/2588/153 526/186/163 517/185/155
f 515/175/154 514/181/159 524/183/161
f 516/173/153 515/175/154 525/184/162
f 529/190/166 520/180/158 519/179/157
f 518/178/156 517/176/155 527/189/164
f 528/188/165 519/179/157 518/178/156
f 522/191/167 531/194/170 521/193/169
f 530/2589/168 513/2587/152 520/180/158
f 523/182/160 534/197/173 524/183/161
f 523/182/160 521/2590/169 533/2591/171
f 524/183/161 536/2592/175 525/184/162
f 537/198/174 526/186/163 525/199/162
f 526/186/163 539/201/176 527/187/164
f 540/2593/177 528/188/165 527/189/164
f 542/205/179 529/2594/166 528/203/165
f 529/2595/166 544/207/181 530/192/168
f 545/206/180 522/191/167 530/192/168
f 532/2596/1884 546/2597/183 531/194/170
f 534/197/173 549/2598/1885 535/196/172
f 546/2597/183 533/195/171 531/194/170
f 534/197/173 533/2591/171 548/2599/182
f 549/2598/1885 536/2592/175 535/196/172
f 551/2600/1886 537/198/174 550/2601/188
f 537/198/174 536/200/175 550/2601/188
f 551/2600/1886 539/201/176 538/2602/1647
f 540/2603/177 553/2604/1887 541/204/178
f 552/218/191 540/202/177 539/201/176
f 542/205/179 554/2605/1888 543/2606/1889
f 542/205/179 541/204/178 553/2604/1887
f 554/2607/1888 545/206/180 544/207/181
f 544/2608/181 543/2606/1889 554/2605/1888
f 547/2609/1890 555/2610/184 546/2597/183
f 547/2609/1890 532/2596/1884 545/206/180
f 558/213/186 549/2611/1885 548/208/182
f 548/208/182 546/210/183 557/212/185
f 560/2612/187 551/2600/1886 550/2601/188
f 559/216/189 550/215/188 549/2611/1885
f 562/2613/190 553/2604/1887 552/2614/191
f 561/219/192 552/218/191 551/2600/1886
f 563/2615/1891 554/2605/1888 553/2604/1887
f 554/2607/1888 556/2616/1892 547/2609/1890
f 569/222/195 555/211/184 556/2617/1892
f 566/223/196 558/213/186 565/221/194
f 557/212/185 555/211/184 565/221/194
f 565/221/194 558/213/186 557/212/185
f 567/224/197 560/214/187 566/223/196
f 566/223/196 560/214/187 559/216/189
f 567/2618/197 562/2613/190 561/2619/192
f 568/2620/198 564/2621/1893 563/2615/1891
f 563/2615/1891 562/2613/190 568/2620/198
f 573/2622/1894 571/2623/1895 572/233/1896
f 556/2624/1892 564/2621/1893 569/2625/195
f 576/2626/1897 571/2627/1898 574/2628/1899
f 576/2626/1900 577/2629/1901 575/2630/1902
f 581/2631/1903 579/231/1904 578/2632/1905
f 579/231/204 577/230/203 578/2632/1906
f 583/227/1907 580/2633/1908 581/2634/1909
f 572/233/1896 584/2635/1910 585/234/1911
f 572/233/201 583/2636/200 573/2622/1912
f 584/2637/1910 588/2638/1913 585/2639/1911
f 575/2630/1914 584/2640/1915 571/2627/1898
f 586/236/1916 579/2641/1904 580/2642/1917
f 584/2640/1915 590/2643/1918 589/2644/213
f 589/243/213 587/242/212 584/2637/1910
f 577/2629/1901 590/2643/1919 575/2630/1902
f 586/236/202 591/2645/1920 577/2646/203
f 594/2647/218 586/236/1916 580/2642/1917
f 595/239/1921 580/2633/1908 582/226/1922
f 585/2648/205 595/239/209 582/226/199
f 596/2649/1923 597/241/1924 598/2650/1925
f 596/2649/1923 588/2638/1913 587/242/212
f 589/2644/213 599/251/1926 597/2651/211
f 591/245/215 599/251/221 590/2643/1919
f 593/237/1927 600/254/1928 592/235/1929
f 596/238/208 602/249/1930 595/239/209
f 601/256/217 593/237/1931 594/2647/218
f 602/249/219 594/248/218 595/239/1921
f 597/241/1924 604/2652/1932 598/2650/1925
f 599/251/1926 603/2653/1933 597/2651/211
f 600/244/214 606/252/222 599/251/221
f 601/247/217 610/264/241 609/272/240
f 609/2654/1934 608/255/225 601/256/226
f 602/249/1930 604/265/233 610/264/232
f 605/2655/229 614/268/236 611/267/227
f 611/257/1935 604/2652/1932 603/258/1936
f 609/2654/1934 612/2656/230 608/255/225
f 611/267/244 613/273/243 604/2657/1937
f 618/2658/1938 606/252/222 607/2659/1939
f 617/270/238 605/250/220 606/252/222
f 612/262/230 618/2660/1940 607/260/223
f 612/262/230 621/2661/1941 620/278/1942
f 620/278/1942 619/277/249 612/262/230
f 613/263/1943 621/271/1944 610/264/1945
f 624/281/253 623/274/1946 614/268/236
f 615/2662/247 622/2663/246 613/263/1947
f 623/274/1946 615/266/234 614/268/236
f 617/270/238 624/2664/1948 616/269/237
f 624/281/253 614/268/236 616/2665/1949
f 627/2666/1950 617/270/1951 618/2658/1938
f 619/277/249 627/2667/1952 618/2660/1940
f 621/2661/1941 628/276/1953 620/278/1942
f 622/2663/1954 629/2668/1955 621/271/1944
f 622/275/246 625/280/1956 630/282/1957
f 634/2669/1958 631/2670/258 624/2664/1959
f 626/2671/1960 634/2669/1961 624/2664/1948
f 636/2672/1962 626/2673/1963 627/2674/1950
f 628/276/1964 636/2675/1965 627/2667/1966
f 629/2668/1967 637/292/267 628/2676/1953
f 630/2677/1968 638/293/268 629/2668/1955
f 641/2678/1969 640/285/1970 632/2679/259
f 633/287/260 639/286/262 630/2680/254
f 640/285/1970 633/287/257 632/2679/259
f 634/2669/1958 641/297/272 632/2681/259
f 645/2682/1971 636/2672/1972 637/2683/1973
f 643/288/263 634/2669/1961 635/289/264
f 644/2684/265 635/2685/264 636/2672/1962
f 640/285/261 647/2686/275 639/286/262
f 646/291/266 645/2687/1974 637/292/267
f 647/294/269 646/291/266 638/293/268
f 641/2678/1969 649/305/1975 642/2688/1976
f 643/288/263 651/301/278 650/300/277
f 650/300/1977 648/296/271 643/288/273
f 644/2684/1978 652/2689/1979 651/2690/1980
f 646/291/266 652/2691/1981 645/2687/1974
f 647/294/269 653/2692/1982 646/291/266
f 649/305/281 647/2686/275 642/2688/1983
f 656/2693/1984 649/305/1975 648/2694/1985
f 652/2689/1979 658/2695/1986 651/2690/1980
f 656/2696/1987 648/296/271 650/300/1977
f 652/2691/1981 660/2697/1988 659/2698/1989
f 657/303/1990 661/2699/1991 662/315/1992
f 654/298/1993 660/2697/1994 653/2692/1982
f 650/300/1977 661/2700/1995 656/2696/1987
f 650/2701/277 664/2702/283 663/2703/282
f 658/2695/1986 665/2704/1996 664/2702/1997
f 660/2697/1988 665/2705/286 659/2698/1989
f 654/298/1993 666/2706/1998 660/2697/1994
f 668/2707/290 654/298/274 655/299/276
f 657/303/280 668/314/290 655/304/276
f 661/2708/1991 670/2709/1999 662/2710/1992
f 665/2704/1996 671/2711/2000 664/2702/1997
f 669/2712/2001 661/2700/1995 663/306/2002
f 670/2709/1999 675/2713/2003 676/321/2004
f 673/2714/2005 672/2715/285 666/2706/287
f 667/2716/2006 673/2714/2005 666/2706/1998
f 670/2717/2007 674/312/288 662/315/291
f 663/306/2002 675/2718/2008 669/2712/2001
f 663/306/282 678/323/297 677/322/296
f 671/2719/2000 679/316/2009 678/2720/2010
f 681/2721/2011 673/2714/2005 667/2716/2006
f 680/318/293 672/317/285 673/2722/2005
f 674/2723/288 681/2721/2011 667/2716/289
f 675/2713/2003 684/326/2012 676/321/2004
f 676/321/295 674/320/288 670/2709/2007
f 679/316/2009 685/2724/2013 678/2720/2010
f 683/328/302 675/2718/2008 677/322/303
f 684/326/2012 688/2725/2014 689/2726/2015
f 687/2727/2016 686/325/299 680/318/293
f 681/2721/2011 687/2728/2017 680/2729/293
f 685/324/298 690/327/2018 677/322/296
f 690/327/301 688/2730/2019 683/328/302
f 685/2724/2013 692/329/2020 691/2731/2021
f 694/2732/2022 687/2728/2017 681/2721/2011
f 693/330/305 686/325/299 687/2727/2016
f 684/326/300 694/2733/2022 682/319/294
f 694/2732/2022 681/2721/2011 682/2734/294
f 688/2725/2014 696/338/2023 689/2726/2015
f 698/334/310 690/327/2018 691/2735/2024
f 695/2736/306 688/2725/2019 690/2737/301
f 699/333/2025 691/2731/2021 692/329/2020
f 694/2732/2022 700/2738/2026 693/2739/2027
f 700/2740/2028 699/333/308 693/330/305
f 694/2732/2022 696/2741/314 702/342/313
f 702/342/313 701/2742/2029 694/2732/2022
f 695/2736/2030 704/336/2031 696/338/2023
f 706/2743/2032 698/2744/2033 699/333/2025
f 703/2745/2034 695/331/306 697/332/307
f 703/2746/2035 708/2747/2036 704/2748/2031
f 700/2749/2028 706/2750/2037 699/2751/308
f 709/2752/2038 703/2745/2034 697/332/307
f 705/335/311 709/2752/2039 697/332/309
f 712/2753/2040 705/2754/311 706/2743/2032
f 706/2750/2037 713/2755/2041 712/2756/2042
f 701/2742/2029 713/2757/2041 700/2738/2026
f 702/342/313 714/346/320 701/2742/2029
f 707/2758/2043 717/2759/2044 708/2747/2036
f 708/2760/2045 715/341/317 704/343/312
f 712/2756/2040 718/2761/2046 711/2762/316
f 716/2763/323 707/2764/2047 709/2752/2038
f 715/341/317 717/2765/2048 720/345/319
f 713/2755/2041 719/2766/2049 712/2756/2042
f 721/347/322 717/2759/2044 716/348/323
f 724/2767/2050 716/348/323 709/2768/2038
f 725/356/331 709/2752/2039 710/339/315
f 718/344/318 725/356/331 710/339/315
f 727/2769/326 718/2761/2046 719/2766/2051
f 719/2766/2049 728/2770/2052 727/2769/2053
f 714/346/2054 728/2771/2052 713/2757/2041
f 720/345/319 729/360/335 714/346/320
f 717/2765/2048 731/2772/2055 720/345/319
f 731/2772/2055 730/361/336 720/345/319
f 721/2773/322 734/2774/2056 722/2775/2057
f 728/2770/2052 732/2776/333 727/2769/2053
f 732/352/327 735/2777/329 726/350/325
f 724/355/2050 733/2778/2058 723/2779/324
f 734/2774/2059 731/2780/2055 722/2775/2060
f 737/2781/334 732/2776/333 728/2770/2052
f 737/2781/334 728/2770/2052 729/2782/2061
f 738/362/2062 730/361/336 731/2772/2055
f 734/2774/2056 739/2783/2063 740/2784/2064
f 724/355/2050 739/2785/2065 733/2778/2058
f 724/355/330 742/2786/2066 741/2787/2067
f 735/2777/329 743/2788/2068 742/364/339
f 737/359/334 743/2788/2069 736/358/332
f 729/360/2061 744/2789/2070 737/2790/334
f 738/362/337 745/367/342 729/360/335
f 734/2774/2059 746/2791/2071 738/2792/2062
f 739/2783/2063 748/2793/2072 740/2784/2064
f 743/2788/2069 750/2794/2073 749/365/2074
f 747/2795/2075 739/2785/2065 741/2787/2076
f 749/365/340 742/364/339 743/2788/2068
f 746/2791/2071 748/2793/2077 751/2796/2078
f 745/367/2079 750/371/346 744/2789/2070
f 748/2793/2072 752/2797/2080 753/2798/2081
f 747/2795/2075 754/2799/2082 752/2800/2083
f 751/366/341 756/372/2084 745/367/342
f 755/2801/2085 754/369/344 749/365/340
f 755/2801/2086 749/365/2074 750/2794/2073
f 756/372/347 750/371/346 745/367/2079
f 753/2798/2087 751/2796/2078 748/2793/2077
f 581/2802/2088 576/2803/2088 573/2804/2088
f 753/2805/2089 754/2806/2090 755/2807/2090
f 761/2808/2091 757/375/2092 759/374/2093
f 763/379/354 761/377/352 764/380/2094
f 766/2809/360 764/380/355 767/2810/2095
f 771/2811/2096 769/2812/2097 768/2813/2098
f 769/2814/2097 766/382/357 768/384/359
f 771/2811/2099 758/389/364 772/388/363
f 772/388/2100 770/2815/2101 771/2811/2096
f 775/2816/2102 773/2817/362 757/375/350
f 773/2817/362 758/373/348 757/375/350
f 769/2814/2097 774/386/2103 766/382/357
f 760/2818/2104 775/2816/2105 757/375/2092
f 778/2819/2106 760/376/351 762/378/353
f 779/2820/2107 762/378/353 763/379/354
f 765/381/356 779/2820/2107 763/379/354
f 774/2821/361 780/2822/2108 765/381/356
f 774/386/2103 783/2823/2109 782/392/367
f 782/392/367 781/391/366 774/386/361
f 770/2815/2101 783/2824/2109 769/2812/2097
f 772/388/2100 784/2825/2110 770/2815/2101
f 773/387/362 785/2826/2111 772/388/363
f 775/2816/2102 788/2827/368 776/2828/370
f 776/2828/370 786/2829/369 773/2817/362
f 777/2830/2112 787/2831/374 775/2816/2105
f 790/2832/2113 777/2833/2114 778/2819/2106
f 780/2822/2108 790/2832/2113 779/2820/2107
f 790/2832/2113 778/2819/2106 779/2820/2107
f 781/2834/366 791/2835/2115 780/2836/2108
f 783/2823/2109 792/390/365 782/392/367
f 784/2825/2116 793/2837/2117 783/2824/2109
f 785/2826/2118 794/2838/2119 784/2825/2110
f 785/2826/2111 788/398/368 795/397/372
f 792/2839/2120 797/2840/2121 791/2835/2115
f 796/406/2122 788/2841/368 787/400/2123
f 797/2842/2124 790/2832/2113 791/2843/2125
f 796/406/2122 799/399/2126 800/407/2127
f 793/2844/2128 798/403/377 792/2839/365
f 789/2845/375 801/408/2129 799/2846/373
f 797/2842/2124 801/408/381 790/2832/2113
f 797/2840/2121 803/402/2130 802/412/382
f 794/2838/2131 804/2847/378 793/2837/2117
f 804/404/378 798/403/377 793/2844/2128
f 806/417/388 794/2838/2119 795/397/2132
f 799/399/2126 808/2848/2133 800/407/2127
f 806/405/379 795/2849/372 796/406/371
f 811/414/389 802/412/382 803/402/2130
f 807/2850/2134 799/2846/373 801/408/2129
f 806/405/379 808/2848/2135 813/2851/2136
f 812/2852/2137 811/414/385 804/404/378
f 805/416/2138 812/2853/2137 804/2847/378
f 808/2848/2139 815/2854/2140 816/2855/2141
f 812/2852/2137 814/418/2142 811/414/385
f 807/2850/2134 818/427/2143 817/2856/2144
f 817/2856/2144 815/2857/2140 807/2850/2134
f 809/410/383 818/427/398 801/408/381
f 809/2858/383 820/423/394 819/2859/399
f 810/2860/384 821/424/395 820/423/394
f 812/2853/2137 821/2861/2145 814/2862/2142
f 823/2863/2146 812/2853/2137 805/416/2138
f 813/420/386 823/2864/2146 805/2865/387
f 808/2866/2147 825/421/392 813/420/386
f 816/2867/2141 827/2868/2148 828/425/2149
f 826/2869/393 821/2861/2145 822/2870/2150
f 817/2856/2144 829/426/2151 827/2871/2152
f 817/2856/2144 827/2871/2152 815/2857/2140
f 828/425/2149 825/421/392 816/2867/2141
f 819/2859/399 830/429/2153 829/2872/397
f 823/2863/2146 831/2873/2154 822/2870/2155
f 831/2873/401 826/2869/393 822/2870/2150
f 832/2874/2156 823/2863/2146 824/2875/391
f 832/2876/2157 824/419/391 828/425/396
f 764/2877/2158 759/2878/2159 768/2879/2158
f 831/2880/2160 828/2881/2161 829/2882/2162
f 838/438/2163 840/2883/2164 841/2884/2165
f 836/434/405 838/2885/409 837/435/406
f 840/2883/2166 843/2886/2167 841/2884/2168
f 842/2887/2169 845/2888/2170 843/2889/2171
f 835/442/2172 846/2890/416 833/432/403
f 834/431/2173 845/440/410 835/442/412
f 850/2891/2174 846/2890/416 847/444/2175
f 848/2892/418 840/2883/2164 839/437/2176
f 842/2887/2177 840/2893/2166 848/2894/2178
f 846/443/413 852/2895/2179 836/434/405
f 852/2896/2180 839/2897/408 836/2898/405
f 853/2899/2181 848/2900/418 839/2897/2176
f 856/450/421 848/2894/2178 855/2901/2182
f 857/2902/2183 842/2887/2169 856/450/421
f 857/2903/2184 847/2904/414 844/2905/411
f 858/2906/2185 859/2907/2186 849/2908/417
f 849/2908/417 850/2909/2174 858/2906/2185
f 858/2906/2187 850/2909/2188 857/2903/2184
f 851/445/415 861/2910/2189 852/2895/2179
f 859/2911/2190 851/445/415 849/446/417
f 861/2912/2191 853/2899/2192 852/2896/2180
f 862/453/2193 855/2913/2194 854/2914/2195
f 862/453/2196 854/2914/2197 853/2899/2192
f 864/2915/2198 858/2906/2187 857/2903/2184
f 856/450/421 855/2901/2182 863/451/422
f 857/2902/2183 856/450/421 864/452/423
f 866/2916/2199 859/2907/2186 860/2917/2200
f 865/2918/2201 861/2910/2189 859/2911/2190
f 868/454/2202 861/2912/2191 867/2919/2203
f 864/2915/2198 866/2916/2204 860/2917/2205
f 869/457/426 863/451/428 862/2920/424
f 870/456/430 864/452/423 863/451/422
f 873/2921/2206 865/2922/2207 866/2923/2199
f 876/2924/2208 872/2925/2209 873/2921/2206
f 867/2926/2210 865/2918/2201 872/461/2211
f 873/2927/2212 866/2916/2204 871/2928/2213
f 878/2929/2214 872/461/2211 877/463/2215
f 879/2930/2216 867/2919/2203 878/2931/2217
f 879/2932/2218 874/465/431 868/2933/425
f 874/460/431 882/2934/2219 870/456/427
f 882/2934/2220 871/458/429 870/456/430
f 871/2935/2213 876/2924/2221 873/2921/2212
f 886/468/438 875/2936/433 884/2937/2222
f 875/2936/433 876/2924/2208 884/2937/2222
f 884/2937/2223 876/2924/2221 883/2938/2224
f 885/467/437 877/2939/434 875/2936/433
f 888/2940/2225 877/463/2215 887/2941/2226
f 889/2942/2227 878/2929/2217 888/2940/2228
f 889/2943/2229 880/466/436 879/2932/2218
f 890/2944/2230 882/2945/2219 881/464/435
f 890/2944/2231 881/464/2232 880/466/436
f 891/2946/2233 883/2947/2234 882/2934/2220
f 883/2938/2224 886/468/440 884/2937/2223
f 895/2948/2235 885/467/437 893/469/439
f 894/2949/2236 887/2950/2237 885/2951/437
f 896/2952/2238 888/2940/2225 887/2941/2226
f 898/2953/2239 888/2940/2228 897/471/443
f 898/2954/2240 890/2944/2241 889/2943/2242
f 899/475/447 891/2955/2243 890/2956/2230
f 891/2946/2233 901/2957/2244 892/2958/2245
f 892/2958/441 895/2959/2246 893/2960/442
f 903/2961/2247 902/2962/2248 904/2963/2249
f 894/2949/2236 895/2964/2235 902/2962/2248
f 902/2965/2250 895/2959/2246 901/2957/2251
f 903/2961/2252 896/2966/2253 894/2949/2236
f 907/476/2254 898/2967/2255 906/2968/2256
f 897/471/443 896/2952/2238 905/472/444
f 898/2953/2239 897/471/443 906/473/445
f 909/477/454 902/2965/2250 901/2957/2251
f 908/474/446 900/2969/450 899/475/447
f 909/477/449 901/2957/2244 900/478/450
f 911/2970/2257 903/2961/2247 904/2963/2249
f 905/472/444 913/485/457 906/473/445
f 910/482/453 905/481/452 903/2961/2252
f 906/473/2256 914/2971/2258 907/2972/2254
f 914/2973/2259 908/474/446 907/476/448
f 915/489/461 909/2974/449 908/474/446
f 911/2975/2260 909/477/454 917/484/456
f 918/2976/2261 911/2970/2257 919/2977/2262
f 920/487/2263 914/2971/2258 913/485/2264
f 912/480/451 910/482/453 918/2976/2265
f 914/2973/2259 922/490/2266 915/489/2267
f 919/2977/2262 923/2978/2268 918/2976/2261
f 919/2979/2269 911/2975/2260 917/484/456
f 923/2980/2270 912/486/451 918/2981/2265
f 912/486/458 926/491/463 920/487/459
f 920/487/2263 927/2982/2271 921/2983/2272
f 927/2984/2273 922/490/2266 921/2985/2274
f 928/495/470 916/488/460 922/490/462
f 930/2986/2275 916/483/455 929/497/2276
f 930/2986/2275 919/2979/2269 917/484/456
f 932/2987/2277 923/2978/2268 924/2988/2278
f 933/2989/2279 927/2990/2271 926/2991/2280
f 925/2992/2281 923/2978/2270 931/2993/2282
f 932/500/2277 937/2994/2283 931/2995/2284
f 934/496/468 928/495/467 927/2984/2273
f 936/506/473 930/2986/2275 929/497/2276
f 936/506/473 924/2996/472 930/2986/2275
f 937/2997/2285 925/492/2281 931/2998/2282
f 925/492/464 940/509/478 933/493/465
f 933/2989/2279 941/504/2286 934/503/2287
f 943/514/483 935/499/466 942/515/475
f 935/2999/466 934/503/468 942/505/475
f 943/514/483 936/506/473 929/497/2276
f 946/3000/2288 937/2994/2283 938/3001/2289
f 932/500/471 936/502/473 938/3001/477
f 947/3002/2290 941/504/2286 940/3003/2291
f 939/510/2292 937/2997/2285 945/518/486
f 946/3000/2288 950/3004/2293 945/3005/2294
f 948/513/482 942/505/475 941/504/474
f 946/3000/2295 938/3001/477 944/3006/476
f 952/517/2296 947/511/480 939/510/479
f 952/517/485 939/510/2292 945/518/486
f 947/3002/2290 954/520/2297 948/513/2298
f 956/527/495 949/516/484 955/3007/2299
f 949/512/481 948/513/482 955/521/489
f 956/3008/495 946/3000/2295 944/3006/476
f 944/507/476 943/514/483 956/527/495
f 958/3009/2300 950/3004/2293 951/3010/2301
f 960/529/497 952/517/2296 959/523/498
f 952/517/485 950/519/487 957/522/490
f 961/525/2302 953/3011/2303 960/3012/2304
f 962/531/2305 956/527/495 955/3007/2299
f 961/525/493 955/521/489 954/520/488
f 956/3008/495 958/3009/2306 951/3010/2307
f 966/3013/2308 957/3014/2309 958/3009/2300
f 968/3015/2310 960/3012/2304 967/3016/499
f 959/523/491 957/522/490 965/3017/2311
f 970/3018/2312 965/3019/2313 966/3013/2308
f 966/3013/2314 958/3009/2306 964/3020/494
f 971/3021/2315 965/3017/2311 969/3022/2316
f 971/3021/2317 967/530/499 959/523/498
f 974/3023/2318 967/534/499 973/536/502
f 968/533/500 975/538/504 962/531/492
f 975/538/504 963/528/496 962/531/2305
f 963/528/496 977/3024/2319 964/526/494
f 977/3025/2320 966/3026/2314 964/3027/494
f 979/3028/2321 969/3022/2322 970/3029/2312
f 980/537/2323 974/3023/2318 973/536/502
f 971/3021/2315 969/3022/2316 978/544/510
f 983/545/511 979/3028/2321 984/3030/2324
f 982/3031/509 977/3024/2319 976/3032/2325
f 982/543/509 970/542/508 977/3025/2320
f 986/555/521 978/544/510 985/546/512
f 987/3033/2326 971/3021/2317 986/555/2327
f 987/3034/2326 980/537/503 972/535/501
f 989/3035/515 980/537/2323 988/3036/516
f 981/540/506 990/552/518 975/538/504
f 990/552/518 976/3032/2325 975/538/504
f 991/3037/525 982/543/509 976/3038/2325
f 993/547/513 979/541/507 982/543/509
f 996/3039/2328 983/3040/511 984/3041/2324
f 997/3042/2329 994/551/517 988/550/516
f 995/556/2330 985/546/512 983/545/511
f 997/3043/2329 987/3034/2326 986/3044/2327
f 997/3043/2329 988/3036/516 987/3034/2326
f 996/3039/2331 993/3045/513 1000/3046/2332
f 990/552/518 994/554/520 999/3047/524
f 991/560/2333 990/552/518 999/3047/524
f 993/547/513 992/548/514 1000/3048/2332
f 996/3039/2328 1001/3049/2334 995/3050/2330
f 1001/3051/2335 986/555/521 995/556/522
f 986/555/2327 1004/3052/2336 997/3053/2329
f 997/3042/2329 1005/3054/2337 998/557/2338
f 1005/3054/2339 999/558/524 998/557/523
f 1006/566/531 991/560/2333 999/3047/524
f 1007/565/2340 1000/561/526 991/560/525
f 1008/3055/2341 996/3039/2331 1000/3046/2332
f 1010/3056/2342 1001/3049/2334 1002/3057/2343
f 1005/3054/2339 1012/3058/2344 1006/3059/2345
f 1003/3060/2346 1001/3051/2335 1009/3061/2347
f 1005/3054/2337 1004/562/527 1011/564/529
f 1008/3055/2341 1010/3056/2348 1002/3057/2349
f 1013/568/533 1008/3062/2350 1007/565/2340
f 1010/3056/2342 1014/3063/2351 1009/3064/2352
f 1009/3061/2347 1016/3065/2353 1003/3060/2346
f 1016/3065/2354 1011/3066/529 1003/3060/528
f 1017/3067/2355 1012/3058/2344 1011/564/2356
f 1019/569/2357 1012/567/532 1018/3068/2358
f 1013/568/533 1007/565/2340 1019/569/534
f 1010/3056/2348 1013/3069/533 1015/3070/535
f 843/3071/2359 834/3072/2359 838/3073/2359
f 1014/3074/2360 1019/3075/2360 1017/3076/2360
f 1020/3077/2361 1024/574/2362 1021/3078/2363
f 1026/3079/543 1024/574/539 1025/576/541
f 1029/586/551 1027/577/542 1028/579/544
f 1032/580/545 1034/584/549 1031/581/2364
f 1029/582/547 1031/581/546 1030/3080/2365
f 1034/3081/2366 1022/572/2367 1021/571/2368
f 1038/3082/2369 1036/592/557 1039/591/556
f 1020/3083/538 1022/3084/537 1036/3085/557
f 1036/592/557 1022/572/2367 1035/3086/2370
f 1038/3087/2371 1023/575/2372 1020/3077/2361
f 1041/3088/2373 1023/575/540 1040/3089/2374
f 1042/3090/2375 1025/576/541 1041/3088/2373
f 1042/3091/2375 1028/579/544 1026/578/543
f 1043/3092/2376 1037/587/552 1028/579/544
f 1037/588/553 1046/3093/2377 1032/580/545
f 1046/3093/2377 1033/585/550 1032/580/545
f 1047/3094/2378 1035/583/548 1033/585/550
f 1048/3095/2379 1036/592/557 1035/3086/2370
f 1051/3096/2380 1038/3097/2369 1039/3098/556
f 1050/3099/2381 1040/3089/2382 1038/3087/2371
f 1053/3100/2383 1040/3089/2374 1052/3101/2384
f 1053/3102/2383 1043/3092/2376 1042/3091/2375
f 1042/3090/2375 1041/3088/2373 1053/3100/2383
f 1054/3103/2385 1044/590/555 1043/3092/2376
f 1055/3104/560 1046/3093/2377 1045/3105/554
f 1055/3106/560 1045/3107/554 1044/3108/555
f 1056/3109/2386 1047/3094/2387 1046/3093/2377
f 1057/3110/2388 1048/3111/2389 1047/3094/2378
f 1048/3095/2379 1051/3112/2380 1049/593/558
f 1060/3113/2390 1055/595/2391 1054/3114/2385
f 1051/3112/2380 1039/591/556 1049/593/558
f 1050/3115/2392 1051/3096/2380 1059/599/2393
f 1054/3103/2394 1053/3102/2383 1060/3116/2395
f 1059/599/2393 1062/3117/2396 1050/3115/2392
f 1059/3118/564 1051/3112/2380 1058/3119/2397
f 1052/3101/2384 1064/603/2398 1053/3100/2383
f 1062/3117/2399 1052/3120/2384 1050/3115/2381
f 1064/603/568 1060/3121/2395 1053/3100/2383
f 1060/3113/2390 1066/597/2400 1061/596/2401
f 1067/611/563 1057/3110/2402 1056/3109/2386
f 1056/594/559 1061/596/561 1067/598/563
f 1069/3122/2403 1057/3110/2388 1068/610/2404
f 1071/3123/2405 1062/3117/2396 1063/601/2406
f 1059/599/564 1058/3124/2397 1069/600/565
f 1074/609/574 1065/605/567 1073/607/570
f 1064/603/2398 1062/3125/2399 1070/3126/578
f 1069/600/565 1071/3123/2407 1063/601/566
f 1074/609/572 1067/598/563 1066/597/562
f 1076/617/580 1069/3122/2403 1068/610/2404
f 1071/3127/2408 1078/616/579 1070/615/578
f 1070/3126/578 1081/3128/2409 1064/603/2398
f 1081/3128/2409 1072/604/569 1064/603/568
f 1072/604/569 1083/3129/2410 1073/3130/570
f 1073/607/570 1084/3131/2411 1077/613/575
f 1084/3132/2412 1075/3133/571 1077/3134/576
f 1086/3135/2413 1075/612/571 1085/3136/2414
f 1086/3135/2413 1076/617/580 1068/610/2404
f 1088/3137/582 1071/3123/2415 1076/3138/580
f 1079/3139/2416 1090/620/2417 1078/616/579
f 1089/622/2418 1084/3132/2411 1083/3140/2410
f 1085/3141/2419 1084/3132/2412 1089/622/585
f 1081/3128/2409 1093/3142/2420 1082/3143/2421
f 1079/3139/2416 1088/3144/582 1091/3145/2422
f 1092/3146/2423 1080/614/577 1090/620/583
f 1092/3147/2423 1081/3128/2409 1080/3148/577
f 1093/3142/2424 1089/3149/2418 1083/3129/2410
f 1093/3142/2424 1083/3129/2410 1082/3143/2425
f 1095/3150/2426 1086/3135/2413 1085/3136/2414
f 1085/3141/2419 1089/622/585 1095/624/587
f 1087/618/581 1086/3135/2413 1096/3151/2427
f 1091/621/584 1087/618/581 1096/3151/2428
f 1027/3152/2429 1031/3153/2429 1021/3154/2429
f 1092/625/588 1096/3155/2430 1094/3156/2431
f 1098/3157/592 1105/638/600 1099/637/593
f 1106/636/599 1100/3158/594 1099/637/593
f 1108/639/601 1101/632/595 1100/631/594
f 1104/635/598 1102/633/596 1111/643/605
f 1102/633/596 1101/632/595 1110/641/603
f 1106/636/599 1115/3159/2432 1107/3160/602
f 1112/645/606 1103/644/597 1104/3161/598
f 1105/638/600 1103/3162/597 1113/647/607
f 1106/636/599 1105/638/600 1114/648/608
f 1115/3163/2433 1108/3164/601 1107/3165/602
f 1116/3166/613 1109/642/604 1108/639/601
f 1117/3167/617 1110/641/603 1109/642/604
f 1110/641/603 1119/3168/622 1111/643/605
f 1119/662/622 1104/3161/598 1111/3169/605
f 1112/645/606 1121/3170/610 1113/646/607
f 1113/647/607 1123/652/612 1114/648/608
f 1124/651/611 1115/3159/2432 1114/648/608
f 1115/3163/2433 1126/654/614 1116/653/613
f 1116/653/613 1128/3171/618 1117/3172/617
f 1117/657/617 1130/660/620 1118/659/619
f 1131/3173/621 1119/3168/622 1118/3174/619
f 1133/664/624 1112/645/606 1119/662/622
f 1134/3175/2434 1121/3170/610 1120/3176/2435
f 1135/3177/2436 1122/649/609 1121/650/610
f 1136/3178/629 1124/651/611 1123/652/612
f 1123/652/612 1122/649/609 1136/3178/629
f 1138/665/625 1126/654/614 1125/666/626
f 1137/3179/627 1125/3180/626 1124/651/611
f 1139/673/632 1128/3171/618 1127/655/615
f 1127/655/615 1126/654/614 1139/673/632
f 1129/656/616 1141/3181/2437 1130/660/620
f 1140/677/636 1129/656/616 1128/658/618
f 1131/661/621 1142/3182/2438 1132/3183/623
f 1141/3181/2437 1131/661/621 1130/660/620
f 1133/664/624 1134/3175/2439 1120/3176/2440
f 1142/3184/2438 1133/664/624 1132/663/623
f 1143/3185/2441 1135/3186/2436 1134/3175/2434
f 1138/665/625 1147/674/633 1139/673/632
f 1144/670/630 1136/669/629 1135/3187/2436
f 1145/668/628 1137/671/627 1136/669/629
f 1138/3188/625 1137/671/627 1146/672/631
f 1149/676/635 1141/3181/2437 1140/677/636
f 1148/675/634 1140/3189/636 1139/673/632
f 1150/685/642 1142/3182/2438 1141/3181/2437
f 1142/3184/2438 1143/3185/2441 1134/3175/2439
f 1153/680/638 1146/672/631 1145/668/628
f 1152/679/637 1144/670/630 1143/3190/2441
f 1145/668/628 1144/670/630 1153/680/638
f 1151/3191/2442 1152/679/637 1143/3190/2441
f 1147/3192/633 1146/672/631 1154/683/640
f 1154/683/640 1148/682/634 1147/3192/633
f 1149/676/635 1148/678/634 1155/686/639
f 1150/685/642 1149/676/635 1155/686/639
f 1151/3193/2442 1150/685/642 1156/684/641
f 1159/3194/2443 1161/3195/2444 1160/3196/2445
f 1165/692/2446 1166/3197/2447 1164/693/2448
f 1161/691/646 1162/690/645 1160/3198/2449
f 1163/689/649 1164/3199/648 1162/690/2450
f 1166/3200/2451 1169/3201/2452 1168/3202/2453
f 1177/713/665 1172/697/652 1171/696/651
f 1169/3201/2454 1158/3203/2455 1168/3202/2456
f 1158/3204/2455 1159/3194/2457 1168/3205/2456
f 1184/711/663 1171/696/651 1175/700/655
f 1178/703/657 1173/705/653 1172/701/652
f 1180/707/659 1174/699/654 1173/698/653
f 1182/709/661 1175/700/655 1174/699/654
f 1177/3206/665 1186/723/672 1176/3207/656
f 1186/3208/672 1178/703/657 1176/702/656
f 1178/703/657 1189/3209/2458 1179/704/658
f 1179/704/658 1190/3210/677 1180/706/659
f 1190/728/677 1181/3211/660 1180/3212/659
f 1184/711/663 1194/3213/669 1185/712/664
f 1191/715/666 1182/714/661 1181/3211/660
f 1183/710/662 1182/709/661 1192/717/667
f 1184/711/663 1183/710/662 1193/718/668
f 1186/3208/672 1197/727/676 1188/726/675
f 1177/3206/665 1185/719/664 1187/721/670
f 1195/724/673 1186/723/672 1187/721/670
f 1198/725/674 1189/3209/2458 1188/726/675
f 1189/3209/2458 1200/3214/678 1190/3210/677
f 1201/730/679 1191/715/666 1190/728/677
f 1191/715/666 1203/3215/680 1192/716/667
f 1192/731/667 1205/735/620 1193/734/668
f 1206/736/682 1194/3216/669 1193/734/668
f 1208/737/683 1194/720/669 1207/3217/2459
f 1209/3218/2460 1196/722/671 1195/724/673
f 1210/3219/2461 1198/725/674 1197/727/676
f 1197/727/676 1196/3220/671 1210/3219/2461
f 1199/3221/2462 1212/3222/2463 1200/3214/678
f 1199/3221/2462 1198/725/674 1211/3223/2464
f 1212/3224/2463 1201/730/679 1200/729/678
f 1214/738/684 1203/3215/680 1202/739/685
f 1213/740/686 1202/739/685 1201/730/679
f 1204/733/681 1216/746/692 1205/735/620
f 1215/744/690 1204/733/681 1203/732/680
f 1206/736/682 1217/749/695 1207/3225/2459
f 1216/746/692 1206/736/682 1205/735/620
f 1208/737/683 1209/3218/2465 1195/724/673
f 1217/3226/695 1208/737/683 1207/3217/2459
f 1218/3227/696 1210/3228/2461 1209/3218/2460
f 1210/3229/2461 1220/3230/2466 1211/3231/2464
f 1220/3230/2466 1212/3232/2463 1211/3231/2464
f 1222/741/687 1214/738/684 1213/740/686
f 1213/740/686 1212/3224/2463 1221/742/688
f 1226/3233/694 1209/3218/2465 1217/3226/695
f 1223/745/691 1215/744/690 1214/3234/684
f 1224/743/689 1216/746/692 1215/744/690
f 1217/749/695 1216/746/692 1225/747/693
f 1227/752/698 1220/3230/2466 1219/3235/2467
f 1227/752/698 1219/3235/2467 1218/750/696
f 1231/3236/702 1223/745/691 1230/3237/700
f 1229/754/699 1221/753/688 1220/3230/2466
f 1230/755/700 1222/3238/687 1221/753/688
f 1230/755/700 1223/3239/691 1222/3238/687
f 1231/3236/702 1225/747/693 1224/743/689
f 1240/764/2468 1241/3240/2469 1239/765/2470
f 1226/748/694 1225/747/693 1228/3241/697
f 1228/751/697 1218/750/696 1226/3242/694
f 1234/760/705 1235/759/704 1233/3243/2471
f 1236/763/708 1237/762/707 1235/3244/2472
f 1238/761/649 1239/3245/648 1237/762/2473
f 1249/774/2474 1250/3246/2475 1251/3247/2476
f 1242/769/711 1243/768/710 1241/3248/2477
f 1244/767/2478 1234/3249/2479 1243/768/2480
f 1234/760/2479 1233/3243/2481 1243/3250/2480
f 1245/772/714 1246/771/713 1247/779/719
f 1251/3247/2482 1252/3251/2483 1253/3252/2484
f 1253/3253/2485 1254/3254/2486 1255/3255/2487
f 1255/3255/2488 1256/3256/2489 1257/3257/2490
f 1257/3258/2491 1258/3259/2492 1259/3260/2493
f 1259/3260/2494 1260/778/2495 1261/777/2496
f 1262/780/716 1247/779/719 1261/3261/717
f 1245/3262/1648 1256/3263/1648 1252/3264/1648
f 1249/3265/1650 1257/3266/1650 1261/3267/1650
f 1265/790/722 1272/793/729 1266/792/723
f 1265/790/722 1264/788/721 1270/787/726
f 1278/800/735 1264/782/721 1268/786/725
f 1267/785/724 1266/784/723 1274/795/731
f 1268/786/725 1267/785/724 1276/798/733
f 1281/804/738 1271/791/728 1270/787/726
f 1279/805/737 1270/787/726 1269/789/727
f 1283/3268/740 1273/3269/730 1272/3270/729
f 1282/806/739 1272/793/729 1271/791/728
f 1275/797/732 1286/812/744 1276/798/733
f 1284/809/741 1274/808/731 1273/3269/730
f 1275/797/732 1274/795/731 1285/3271/742
f 1288/3272/745 1278/3273/735 1277/3274/734
f 1287/811/743 1277/799/734 1276/798/733
f 1290/825/756 1279/803/737 1280/802/736
f 1280/802/736 1269/801/727 1278/3273/735
f 1281/804/738 1292/816/748 1282/806/739
f 1281/804/738 1279/805/737 1291/3275/747
f 1283/3268/740 1294/819/751 1284/809/741
f 1293/817/749 1283/807/740 1282/806/739
f 1295/818/750 1285/810/742 1284/809/741
f 1297/3276/753 1286/3277/744 1285/3278/742
f 1299/822/754 1288/3279/745 1287/823/743
f 1298/3280/755 1287/811/743 1286/812/744
f 1288/3272/745 1301/826/757 1280/802/736
f 1290/825/756 1302/828/759 1289/814/746
f 1304/3281/758 1292/816/748 1291/3275/747
f 1302/828/759 1291/815/747 1289/814/746
f 1294/819/751 1307/3282/2497 1295/818/750
f 1305/3283/760 1293/817/749 1292/816/748
f 1294/819/751 1293/3284/749 1306/3285/761
f 1307/3282/2497 1296/820/752 1295/818/750
f 1297/3276/753 1309/832/762 1298/824/755
f 1308/3286/2498 1297/821/753 1296/820/752
f 1299/822/754 1311/3287/2499 1300/3288/2500
f 1299/822/754 1298/824/755 1310/833/763
f 1311/3289/2499 1301/826/757 1300/3290/2500
f 1313/836/765 1304/3291/758 1302/834/759
f 1290/825/756 1301/826/757 1303/842/771
f 1312/844/764 1302/828/759 1303/842/771
f 1307/3282/2497 1317/3292/2501 1308/3286/2498
f 1305/830/760 1304/3291/758 1314/838/767
f 1306/831/761 1305/830/760 1315/837/766
f 1307/3282/2497 1306/3285/761 1316/3293/768
f 1317/3294/2501 1309/832/762 1308/3295/2498
f 1311/3289/2499 1320/843/772 1303/842/771
f 1310/833/763 1309/832/762 1318/840/769
f 1319/841/770 1311/3287/2499 1310/833/763
f 1313/836/765 1322/848/776 1314/838/767
f 1313/836/765 1312/835/764 1321/849/777
f 1322/848/776 1315/837/766 1314/838/767
f 1316/839/768 1324/851/774 1317/3296/2501
f 1323/850/778 1316/839/768 1315/837/766
f 1320/3297/772 1321/849/777 1312/835/764
f 1318/840/769 1317/3294/2501 1324/846/774
f 1319/841/770 1318/840/769 1325/845/773
f 1320/3298/772 1319/841/770 1325/845/773
f 1329/862/781 1336/865/788 1330/864/782
f 1329/862/781 1328/860/780 1334/859/785
f 1337/3299/789 1331/857/783 1330/856/782
f 1339/867/790 1332/858/784 1331/857/783
f 1343/3300/794 1333/3301/786 1342/876/798
f 1341/870/793 1328/854/780 1332/858/784
f 1335/863/787 1345/882/804 1336/865/788
f 1335/863/787 1334/859/785 1344/873/795
f 1336/3302/788 1346/884/806 1337/3303/789
f 1337/3303/789 1347/3304/796 1338/3305/791
f 1339/867/790 1349/3306/810 1340/869/792
f 1339/867/790 1338/868/791 1348/875/797
f 1340/869/792 1350/3307/813 1341/870/793
f 1350/892/813 1333/3301/786 1341/3308/793
f 1351/878/800 1343/3300/794 1342/876/798
f 1343/872/794 1354/879/801 1344/873/795
f 1356/3309/803 1346/884/806 1345/3310/804
f 1355/880/802 1345/882/804 1344/873/795
f 1358/883/805 1347/3304/796 1346/884/806
f 1360/3311/808 1347/3304/796 1359/3312/2502
f 1361/3313/809 1349/3306/810 1348/875/797
f 1363/3314/812 1350/3307/813 1349/3306/810
f 1365/894/815 1342/876/798 1350/892/813
f 1366/896/817 1353/3315/2503 1351/878/800
f 1366/896/817 1351/878/800 1352/877/799
f 1354/879/801 1368/3316/821 1355/880/802
f 1367/3317/820 1354/879/801 1353/3318/2503
f 1368/3316/821 1356/881/803 1355/880/802
f 1369/3319/823 1358/883/805 1357/885/807
f 1357/885/807 1356/3309/803 1369/3319/823
f 1370/3320/2504 1360/3311/808 1359/3312/2502
f 1370/3320/2504 1359/3312/2502 1358/883/805
f 1361/888/809 1372/3321/2505 1362/890/811
f 1371/905/825 1361/888/809 1360/887/808
f 1372/3321/2505 1363/891/812 1362/890/811
f 1364/893/814 1374/3322/2506 1365/894/815
f 1373/3323/2507 1364/3324/814 1363/891/812
f 1374/3322/2506 1352/877/799 1365/894/815
f 1379/3325/824 1370/3320/2504 1369/3319/823
f 1375/895/816 1367/3326/820 1366/896/817
f 1377/898/819 1368/901/821 1367/899/820
f 1378/902/822 1369/903/823 1368/901/821
f 1370/3320/2504 1381/3327/826 1371/3328/825
f 1372/3321/2505 1383/3329/2508 1373/3323/2507
f 1372/3321/2505 1371/905/825 1382/907/827
f 1383/3329/2508 1374/3330/2506 1373/3323/2507
f 1382/907/827 1388/3331/833 1383/3329/2508
f 1376/897/818 1366/896/817 1374/3322/2506
f 1375/900/816 1376/913/818 1384/909/829
f 1384/909/829 1377/898/819 1375/900/816
f 1378/902/822 1377/898/819 1385/908/828
f 1379/904/824 1378/902/822 1386/910/830
f 1386/910/830 1380/912/832 1379/904/824
f 1381/906/826 1380/3332/832 1387/3333/831
f 1382/907/827 1381/906/826 1387/3333/831
f 1392/3334/2509 1390/3335/2510 1391/923/2511
f 1376/3336/818 1383/3329/2508 1388/3331/833
f 1395/3337/2512 1390/3338/2513 1393/3339/2514
f 1395/3337/2515 1396/3340/2516 1394/3341/2517
f 1400/3342/2518 1398/921/2519 1397/3343/2520
f 1398/921/840 1396/920/839 1397/3343/2521
f 1402/917/2522 1399/3344/2523 1400/3345/2524
f 1391/923/2511 1403/3346/2525 1404/924/2526
f 1391/923/837 1402/3347/836 1392/3334/2527
f 1403/3348/2525 1407/3349/2528 1404/3350/2526
f 1394/3341/2529 1403/3351/2530 1390/3338/2513
f 1405/926/2531 1398/3352/2519 1399/3353/2532
f 1403/3351/2530 1409/3354/2533 1408/3355/849
f 1408/933/849 1406/932/848 1403/3348/2525
f 1396/3340/2516 1409/3354/2534 1394/3341/2517
f 1405/926/838 1410/3356/2535 1396/3357/839
f 1413/3358/2536 1405/926/2531 1399/3353/2532
f 1414/929/2537 1399/3344/2523 1401/916/2538
f 1404/3359/841 1414/929/845 1401/916/835
f 1415/3360/2539 1416/931/2540 1417/3361/2541
f 1415/3360/2539 1407/3349/2528 1406/932/848
f 1408/3355/849 1418/935/2542 1416/3362/847
f 1410/3363/2543 1418/935/851 1409/3354/2534
f 1410/3356/2544 1420/938/2545 1419/3364/2546
f 1421/939/855 1412/927/2547 1413/3358/2536
f 1420/938/854 1411/925/2548 1412/927/2547
f 1422/942/857 1413/3365/2549 1414/929/2537
f 1415/928/844 1422/942/2550 1414/929/845
f 1416/931/2540 1424/3366/2551 1417/3361/2541
f 1418/935/2542 1423/3367/2552 1416/3362/847
f 1427/946/861 1418/935/851 1419/3368/2553
f 1422/942/2550 1424/953/870 1429/940/869
f 1427/3369/2554 1419/3364/2555 1420/938/2556
f 1428/937/2557 1427/3369/2554 1420/938/2556
f 1429/940/856 1428/960/853 1421/941/855
f 1425/3370/860 1434/956/873 1430/955/858
f 1430/943/2558 1424/3366/2551 1423/944/2559
f 1430/955/879 1433/961/878 1424/3371/2560
f 1431/947/862 1437/958/2561 1426/936/852
f 1437/958/875 1425/934/850 1426/936/852
f 1432/950/864 1438/3372/2562 1431/948/862
f 1432/950/865 1441/3373/2563 1440/966/2564
f 1440/966/2564 1439/965/2565 1432/950/865
f 1433/952/2566 1441/959/2567 1429/940/2568
f 1444/969/888 1443/962/2569 1434/956/873
f 1435/3374/882 1442/3375/881 1433/952/2570
f 1443/962/2569 1435/954/871 1434/956/873
f 1437/958/875 1444/3376/2571 1436/957/874
f 1444/969/888 1434/956/873 1436/3377/2572
f 1447/3378/2573 1437/958/2561 1438/3379/2562
f 1439/965/884 1447/3380/2574 1438/3372/2562
f 1441/959/2563 1448/3381/2575 1440/3382/2564
f 1442/3375/2576 1449/3383/2577 1441/959/2567
f 1442/963/881 1445/968/2578 1450/970/2579
f 1454/3384/2580 1451/3385/893 1444/3376/2581
f 1446/3386/2582 1454/3384/2583 1444/3376/2571
f 1456/3387/2584 1446/3388/2585 1447/3389/2573
f 1448/964/2586 1456/3390/2587 1447/3380/2588
f 1449/3383/2589 1457/980/902 1448/3381/2575
f 1450/3391/2590 1458/981/903 1449/3383/2577
f 1461/3392/2591 1460/973/2592 1452/3393/894
f 1453/975/895 1459/974/897 1450/3394/889
f 1460/973/2592 1453/975/892 1452/3393/894
f 1454/3384/2580 1461/985/907 1452/3395/894
f 1465/3396/2593 1456/3387/2594 1457/3397/2595
f 1463/976/898 1454/3384/2583 1455/977/899
f 1464/3398/900 1455/3399/899 1456/3387/2584
f 1460/973/896 1467/3400/910 1459/974/897
f 1466/979/901 1465/3401/2596 1457/980/902
f 1467/982/904 1466/979/901 1458/981/903
f 1461/3392/2591 1469/993/2597 1462/3402/2598
f 1463/3403/898 1471/989/913 1470/988/912
f 1470/3404/2599 1468/984/906 1463/976/908
f 1464/3398/2600 1472/3405/2601 1471/989/2602
f 1466/979/901 1472/3406/2603 1465/3401/2596
f 1467/982/904 1473/3407/2604 1466/979/901
f 1469/993/916 1467/3400/910 1462/3402/2605
f 1476/3408/2606 1469/993/2597 1468/3409/2607
f 1472/3405/2601 1478/990/2608 1471/989/2602
f 1476/3410/2609 1468/984/906 1470/3404/2599
f 1472/3406/2603 1480/3411/2610 1479/3412/2611
f 1477/3413/2612 1481/3414/2613 1482/3415/2614
f 1474/986/2615 1480/3411/2616 1473/3407/2604
f 1470/3404/2599 1481/3414/2617 1476/3410/2609
f 1470/988/912 1484/3416/918 1483/3417/917
f 1478/990/2608 1485/3418/2618 1484/3416/2619
f 1480/3411/2610 1485/3419/921 1479/3412/2611
f 1474/986/2615 1486/3420/2620 1480/3411/2616
f 1488/3421/925 1474/986/909 1475/987/911
f 1477/991/915 1488/1002/925 1475/992/911
f 1481/3422/2613 1490/3423/2621 1482/3424/2614
f 1485/3418/2618 1491/3425/2622 1484/3416/2619
f 1489/3426/2623 1481/3414/2617 1483/994/2624
f 1490/3423/2621 1495/3427/2625 1496/1009/2626
f 1493/3428/2627 1492/3429/920 1486/3420/922
f 1487/3430/2628 1493/3428/2627 1486/3420/2620
f 1490/3431/2629 1494/1000/923 1482/1003/926
f 1483/994/2624 1495/3432/2630 1489/3426/2623
f 1483/994/917 1498/1011/932 1497/1010/931
f 1491/3433/2622 1499/1004/2631 1498/3434/2632
f 1501/3435/2633 1493/3428/2627 1487/3430/2628
f 1500/1006/928 1492/1005/920 1493/3436/2627
f 1494/3437/923 1501/3435/2633 1487/3430/924
f 1495/3427/2625 1504/1014/2634 1496/1009/2626
f 1496/1009/930 1494/1008/923 1490/3423/2629
f 1499/1004/2631 1505/3438/2635 1498/3434/2632
f 1503/1016/937 1495/3432/2630 1497/1010/938
f 1504/1014/2634 1508/3439/2636 1509/3440/2637
f 1507/3441/2638 1506/1013/934 1500/1006/928
f 1501/3435/2633 1507/3442/2639 1500/3443/928
f 1505/1012/933 1510/1015/2640 1497/1010/931
f 1510/3444/936 1508/3439/2641 1503/3445/937
f 1505/3438/2635 1512/1017/2642 1511/3446/2643
f 1514/3447/2644 1507/3442/2639 1501/3435/2633
f 1513/1018/940 1506/1013/934 1507/3441/2638
f 1504/1014/935 1514/3448/2644 1502/1007/929
f 1514/3447/2644 1501/3435/2633 1502/3449/929
f 1508/3439/2636 1516/1026/2645 1509/3440/2637
f 1518/1022/945 1510/1015/2640 1511/3450/2646
f 1515/3451/941 1508/3439/2641 1510/3444/936
f 1519/1021/2647 1511/3446/2643 1512/1017/2642
f 1514/3447/2644 1520/3452/2648 1513/3453/2649
f 1520/3454/2650 1519/1021/943 1513/1018/940
f 1514/3447/2644 1516/3455/949 1522/1030/948
f 1522/1030/948 1521/3456/2651 1514/3447/2644
f 1515/3451/2652 1524/1024/2653 1516/1026/2645
f 1526/3457/2654 1518/3458/2655 1519/1021/2647
f 1523/3459/2656 1515/1019/941 1517/1020/942
f 1523/3460/2657 1528/3461/2658 1524/3462/2653
f 1520/3463/2650 1526/3464/2654 1519/3465/943
f 1529/3466/2659 1523/3459/2656 1517/1020/942
f 1525/1023/946 1529/3466/2660 1517/1020/944
f 1526/3464/2654 1533/3467/2661 1532/1036/957
f 1531/3468/952 1525/3469/951 1526/3457/2654
f 1532/3470/957 1531/3468/952 1526/3457/2654
f 1521/3456/2651 1533/3471/2661 1520/3452/2648
f 1522/1030/948 1534/1038/959 1521/3456/2651
f 1527/3472/2662 1537/3473/2663 1528/3461/2658
f 1528/3474/2664 1535/1029/953 1524/1031/947
f 1535/1029/953 1537/3475/2665 1540/1037/958
f 1536/1040/962 1527/3472/2666 1529/3476/2659
f 1533/3467/2661 1539/1035/2667 1532/1036/957
f 1541/1039/961 1537/3473/2663 1536/1040/962
f 1544/3477/2668 1536/1040/962 1529/3476/2659
f 1545/1048/970 1529/3466/2660 1530/1027/950
f 1538/1032/954 1545/1048/970 1530/1027/950
f 1547/3478/965 1538/1033/955 1539/1035/956
f 1539/1035/2667 1548/3479/2669 1547/3478/2670
f 1534/1038/2671 1548/3480/2669 1533/3471/2661
f 1540/1037/958 1549/1052/974 1534/1038/959
f 1537/3475/2665 1551/3481/2672 1540/1037/958
f 1551/3481/2672 1550/1053/975 1540/1037/958
f 1541/3482/961 1554/3483/2673 1542/3484/2674
f 1548/3479/2669 1552/3485/972 1547/3478/2670
f 1552/1044/966 1555/3486/968 1546/1042/964
f 1544/1047/2668 1553/3487/2675 1543/3488/963
f 1554/3483/2676 1551/3489/2672 1542/3484/2677
f 1557/3490/973 1552/3485/972 1548/3479/2669
f 1557/3490/973 1548/3479/2669 1549/3491/2678
f 1558/1054/2679 1550/1053/975 1551/3481/2672
f 1554/3483/2673 1559/3492/2680 1560/3493/2681
f 1544/1047/2668 1559/3494/2682 1553/3487/2675
f 1544/1047/969 1562/3495/2683 1561/3496/2684
f 1555/3486/968 1563/3497/2685 1562/1056/978
f 1557/1051/973 1563/3497/2686 1556/1050/971
f 1549/1052/2678 1564/3498/2687 1557/3499/973
f 1558/1054/976 1565/1059/981 1549/1052/974
f 1554/3483/2676 1566/3500/2688 1558/3501/2679
f 1559/3492/2680 1568/3502/2689 1560/3493/2681
f 1563/3497/2686 1570/3503/2690 1569/1057/2691
f 1567/3504/2692 1559/3494/2682 1561/3496/2693
f 1569/1057/979 1562/1056/978 1563/3497/2685
f 1566/3500/2688 1568/3502/2694 1571/3505/2695
f 1565/1059/2696 1570/3506/2697 1564/3498/2687
f 1568/3502/2689 1572/3507/2698 1573/3508/2699
f 1567/3504/2692 1574/3509/2700 1572/3510/2701
f 1569/1057/979 1574/3511/2702 1561/1055/977
f 1570/3503/2690 1575/3512/2703 1569/1057/2691
f 1571/1058/980 1576/3513/2704 1565/1059/981
f 1576/3513/2705 1570/3506/2697 1565/1059/2696
f 1573/3508/2706 1571/3505/2695 1568/3502/2694
f 1397/3514/2707 1393/3515/2707 1402/3516/2707
f 1573/3517/2708 1574/3518/2708 1575/3519/2708
f 1581/3520/2709 1577/1063/2710 1579/1062/2711
f 1583/1067/989 1581/1065/987 1584/1068/2712
f 1586/3521/995 1584/1068/990 1587/3522/2713
f 1591/3523/2714 1589/3524/2715 1588/3525/2716
f 1589/3526/2715 1586/1070/992 1588/1072/994
f 1591/3523/2717 1578/1077/999 1592/1076/998
f 1592/1076/2718 1590/3527/2719 1591/3523/2714
f 1595/3528/2720 1593/3529/997 1577/1063/985
f 1593/3529/997 1578/1061/983 1577/1063/985
f 1589/3526/2715 1594/1074/2721 1586/1070/992
f 1580/3530/2722 1595/3528/2723 1577/1063/2710
f 1598/3531/2724 1580/1064/986 1582/1066/988
f 1599/3532/2725 1582/1066/988 1583/1067/989
f 1585/1069/991 1599/3532/2725 1583/1067/989
f 1594/3533/996 1600/3534/2726 1585/1069/991
f 1594/1074/2721 1603/3535/1004 1602/1080/1002
f 1602/1080/1002 1601/1079/1001 1594/1074/996
f 1590/3527/2719 1603/1082/1004 1589/3524/2715
f 1592/1076/2718 1604/1083/1005 1590/3527/2719
f 1593/1075/997 1605/3536/2727 1592/1076/998
f 1595/3528/2720 1608/3537/1006 1596/3538/1008
f 1596/3538/1008 1606/3539/1007 1593/3529/997
f 1597/3540/2728 1607/3541/1017 1595/3528/2723
f 1610/3542/2729 1597/3543/2730 1598/3531/2724
f 1611/3544/1009 1598/3531/2731 1599/3532/2725
f 1612/3545/1010 1599/3532/2725 1600/3534/2726
f 1601/3546/1001 1612/1088/1010 1600/3547/2726
f 1602/1080/1002 1614/1091/1013 1613/1078/1000
f 1605/3536/2732 1614/1081/1003 1604/1083/1005
f 1605/3536/2727 1608/1094/1006 1615/1093/1015
f 1616/1100/2733 1619/1095/2734 1620/1101/2735
f 1616/1100/2733 1608/3548/1006 1607/1096/2736
f 1617/1089/1011 1612/1088/1010 1613/3549/2737
f 1618/3550/2738 1617/1089/1011 1613/3549/2737
f 1610/3542/2729 1619/3551/1016 1609/3552/1018
f 1610/3542/2739 1622/1103/1019 1621/1102/1022
f 1618/3550/2738 1623/1108/1026 1617/1089/1011
f 1623/1108/2740 1622/1098/1019 1617/1089/1011
f 1625/1111/2741 1618/3553/1012 1614/1081/1013
f 1615/1093/2742 1625/1111/1029 1614/1081/1003
f 1619/1095/2734 1628/3554/2743 1620/1101/2735
f 1626/1099/1020 1615/3555/1015 1616/1100/1014
f 1631/1107/1031 1622/1098/1019 1623/1108/2740
f 1627/3556/2744 1619/3551/1016 1621/1102/2745
f 1626/1099/1020 1628/3554/2746 1633/3557/2747
f 1632/3558/2748 1631/1107/1025 1624/1109/1027
f 1625/1111/2741 1632/3559/2748 1624/3560/1027
f 1628/3554/2749 1635/3561/1041 1636/3562/1040
f 1632/3558/2748 1634/1113/2750 1631/1107/1025
f 1627/3556/2744 1638/1129/1047 1637/1128/1045
f 1637/1128/1045 1635/3563/1041 1627/3556/2744
f 1629/1104/1023 1638/1129/1047 1621/1102/1022
f 1629/3564/1023 1640/1121/1033 1639/1120/1038
f 1632/3559/2748 1641/3565/1034 1634/3566/2750
f 1643/3567/2751 1632/3559/2748 1625/1111/2741
f 1633/1110/1028 1643/3567/2751 1625/1111/1029
f 1628/3568/2752 1645/1118/1036 1633/1117/1028
f 1636/1123/1040 1649/1125/2753 1645/1118/1036
f 1647/1131/1050 1646/1119/1037 1640/1121/1033
f 1647/1131/1050 1640/1121/1033 1641/3569/1034
f 1647/3570/1050 1641/3565/1034 1642/3571/2754
f 1637/1128/1045 1648/1127/1044 1635/3563/1041
f 1638/1129/1047 1651/3572/2755 1650/1126/1046
f 1643/3567/2751 1652/3573/2756 1642/3571/2754
f 1652/3573/1051 1647/3570/1050 1642/3571/2754
f 1653/3574/2757 1643/3567/2751 1644/3575/1035
f 1653/3576/2757 1644/1116/1035 1649/1125/1042
f 1588/3577/2758 1584/3578/2758 1579/3579/2758
f 1648/1134/1053 1651/3580/2759 1652/3581/2760
f 1656/1136/2761 1659/3582/2762 1657/1137/2763
f 1654/1146/1057 1657/3583/1056 1655/3584/2764
f 1659/1140/2765 1661/3585/2766 1662/3586/2767
f 1661/3585/2768 1664/3587/2769 1662/3586/2770
f 1666/3588/2771 1664/1142/1061 1665/1144/1063
f 1666/3589/2772 1655/3584/2773 1667/3590/2774
f 1672/3591/2775 1668/1152/1064 1669/3592/1066
f 1668/1152/2776 1656/1136/1055 1654/1138/1057
f 1670/3593/1072 1661/3585/2766 1660/1139/2777
f 1663/1143/2778 1661/3594/2768 1670/3595/2779
f 1654/1146/2780 1666/3589/2772 1669/1147/2781
f 1668/1152/2782 1674/1160/1078 1656/1136/2783
f 1658/3596/1060 1675/3597/2784 1660/3598/1058
f 1674/3599/1078 1658/3596/1060 1656/3600/2761
f 1675/3597/2785 1670/3601/1072 1660/3598/2777
f 1678/1157/1075 1670/3595/2779 1677/3602/2786
f 1672/3603/2787 1665/1149/1068 1679/3604/2788
f 1665/1144/1063 1663/1143/1062 1678/1157/1075
f 1680/3605/2789 1681/3606/2790 1671/3607/1071
f 1671/3607/1071 1672/3603/2775 1680/3605/2789
f 1680/3605/2791 1672/3603/2787 1679/3604/2788
f 1671/1153/1071 1683/1161/1079 1673/1151/1070
f 1675/3597/2784 1685/3608/2792 1676/3609/2793
f 1683/1161/1079 1674/1160/1078 1673/1151/2794
f 1684/1166/1077 1675/3597/2784 1674/3599/1078
f 1685/3610/2795 1677/3602/2786 1676/3611/2796
f 1687/3612/2797 1680/3605/2791 1679/3604/2788
f 1678/1157/1075 1677/3602/2786 1686/1162/1080
f 1679/1158/1076 1678/1157/1075 1687/1163/1081
f 1689/3613/2798 1681/3606/2790 1682/3614/2799
f 1692/1172/1089 1684/1166/2800 1691/1168/1090
f 1683/1161/1079 1681/3615/2801 1688/1164/1082
f 1684/1159/1077 1683/1161/1079 1690/1165/1083
f 1687/3612/2797 1689/3613/2802 1682/3614/2803
f 1692/1170/1086 1686/1162/1080 1685/3610/2795
f 1693/1169/1088 1687/1163/1081 1686/1162/1080
f 1696/3616/2804 1688/3617/2805 1689/3618/2798
f 1699/1179/2806 1695/3619/2807 1696/3616/2804
f 1690/1165/1083 1688/1164/1082 1695/3620/2808
f 1696/3621/2809 1689/3613/2802 1694/3622/2810
f 1700/3623/2811 1695/3620/2808 1698/3624/2812
f 1701/3625/2813 1690/1167/1083 1700/3626/2814
f 1701/3627/2815 1697/1176/1091 1691/3628/1090
f 1697/1174/1091 1704/3629/2816 1693/1169/1085
f 1704/3629/2817 1694/1171/1087 1693/1169/1088
f 1694/3630/2810 1699/1179/2818 1696/3616/2809
f 1707/1182/2819 1698/3631/2820 1706/1178/2821
f 1698/3631/2822 1699/1179/2806 1706/1178/2823
f 1713/3632/2824 1700/3623/2811 1698/3624/2812
f 1709/3633/2825 1700/3623/2814 1708/3634/2826
f 1709/3635/2827 1702/1177/1093 1701/3627/2815
f 1710/3636/2828 1704/3637/2816 1703/1175/1092
f 1703/1175/1092 1702/1177/1093 1710/3636/2828
f 1704/3629/2817 1712/3638/2829 1705/3639/2830
f 1712/3640/2831 1706/1178/1094 1705/1180/1096
f 1717/1192/1108 1713/3632/2824 1716/3641/2832
f 1707/1182/2833 1712/3640/2831 1714/1183/2834
f 1713/1181/1097 1714/1183/1099 1715/1187/1100
f 1718/3642/2835 1708/3634/2826 1717/1192/1108
f 1719/3643/2836 1709/3635/2837 1718/3644/2838
f 1719/1196/1112 1711/3645/2839 1710/3646/2828
f 1711/3647/2840 1721/3648/2841 1712/3638/2829
f 1721/3648/2842 1714/3649/2843 1712/3638/2844
f 1726/1202/1117 1723/1189/2845 1724/1191/2846
f 1716/1186/1101 1715/1185/1100 1723/1189/2845
f 1723/1189/1105 1715/1185/1102 1722/3650/1104
f 1728/1197/2847 1718/3651/2848 1727/3652/2849
f 1717/1192/1108 1716/3641/2832 1726/1193/1109
f 1718/3642/2835 1717/1192/1108 1727/1194/1110
f 1721/3648/2842 1725/3653/2850 1722/3654/2851
f 1729/1195/1111 1720/3655/1115 1719/1196/1112
f 1730/1198/1114 1721/3648/2841 1720/1199/1115
f 1732/3656/2852 1724/1191/1107 1725/1190/1106
f 1725/1190/1106 1723/1189/1105 1722/3650/1104
f 1726/1193/1109 1734/1206/1122 1727/1194/1110
f 1731/1203/1118 1726/1202/1117 1724/1191/2846
f 1727/1194/2849 1735/3657/2853 1728/3658/2847
f 1735/3659/2854 1729/1195/1111 1728/1197/1113
f 1736/3660/1126 1730/3661/1114 1729/1195/1111
f 1732/3662/2855 1730/1198/1119 1738/1205/1121
f 1739/1213/1129 1732/3656/2852 1740/1215/1131
f 1741/1208/2856 1735/3657/2853 1734/1206/2857
f 1733/1201/1116 1731/1203/1118 1739/1213/2858
f 1735/3659/2854 1743/3663/2859 1736/3660/2860
f 1745/3664/1128 1733/1207/1116 1739/3665/2858
f 1740/3666/2861 1732/3662/2855 1738/1205/1121
f 1744/1214/1130 1739/1213/1129 1740/1215/1131
f 1733/1207/1123 1747/1219/1135 1741/1208/1124
f 1741/1208/2856 1748/3667/2862 1742/3668/2863
f 1748/3669/2864 1743/3663/2859 1742/3670/2865
f 1749/3671/1141 1737/3672/1125 1743/3663/1127
f 1751/3673/2866 1737/1204/1120 1750/1223/2867
f 1748/3669/2864 1756/3674/2868 1749/3671/2869
f 1740/3666/2861 1738/1205/1121 1751/3673/2866
f 1745/1212/1128 1744/1214/1130 1752/1218/1134
f 1746/3675/2870 1745/1212/1128 1752/1218/1134
f 1748/3676/2862 1747/3677/1138 1755/3678/1139
f 1751/3679/1132 1753/3680/2871 1744/3681/1130
f 1757/1229/2872 1751/3673/2866 1750/1223/2867
f 1753/3680/1133 1758/3682/2873 1752/3683/1134
f 1758/3684/2874 1746/1220/2870 1752/3685/1134
f 1760/1233/1148 1754/1221/1137 1746/1220/1136
f 1762/1226/2875 1756/3686/2868 1755/1227/2876
f 1761/1228/1144 1755/1227/1139 1754/3687/1137
f 1763/1239/1154 1750/1223/1140 1756/1225/1142
f 1764/1238/1153 1757/1229/2872 1750/1223/2867
f 1767/3688/2877 1758/3682/2873 1759/3689/2878
f 1753/3680/2871 1757/3690/1145 1759/3689/1147
f 1768/3691/2879 1762/1226/1143 1761/1228/1144
f 1760/1233/2880 1758/3684/2874 1766/1242/1157
f 1767/3688/2877 1771/3692/2881 1766/3693/2882
f 1769/1237/1152 1763/1236/1151 1762/1226/2875
f 1767/3688/2883 1759/3689/1147 1765/3694/1146
f 1773/1241/2884 1768/1234/1149 1760/1233/1148
f 1773/1241/1156 1760/1233/2880 1766/1242/1157
f 1768/3691/2879 1775/1244/2885 1769/1237/2886
f 1777/1252/1167 1770/1240/1155 1776/3695/2887
f 1770/1235/1150 1769/1237/1152 1776/1245/1160
f 1777/3696/1167 1767/3688/2883 1765/3694/1146
f 1765/1230/1146 1764/1238/1153 1777/1252/1167
f 1779/3697/2888 1771/3692/2881 1772/3698/2889
f 1781/1250/2890 1776/1245/1160 1775/1244/1159
f 1773/1241/1156 1771/1243/1158 1778/1246/1161
f 1774/3699/2891 1773/1241/2884 1780/1247/2892
f 1775/1244/2885 1774/1248/1163 1781/1250/1165
f 1782/1258/1176 1777/1252/1167 1776/3695/2887
f 1777/3696/1167 1779/3697/2893 1772/3698/2894
f 1786/3700/2895 1778/3701/2896 1779/3697/2888
f 1791/3702/2897 1785/3703/2898 1786/3700/2895
f 1780/1247/1162 1778/1246/1161 1785/3704/2899
f 1781/3705/1165 1780/3706/1164 1787/1260/1170
f 1788/1255/1174 1782/1257/1173 1781/1250/2890
f 1786/3700/1182 1779/3697/2893 1784/3707/1166
f 1792/3708/2900 1785/3704/2899 1790/3709/2901
f 1792/3710/2902 1787/1260/1170 1780/3706/1164
f 1795/1270/1180 1787/1260/1170 1794/1262/1179
f 1796/1271/2903 1784/1251/1166 1783/1253/1168
f 1796/1271/1187 1783/1253/1175 1789/1259/1177
f 1799/3711/2904 1790/3709/2905 1791/3712/2897
f 1797/1267/1183 1786/1266/1182 1784/3713/1166
f 1797/1267/1183 1799/3714/2906 1791/1265/1181
f 1792/3708/2900 1790/3709/2901 1798/1273/1189
f 1795/1270/1180 1794/1262/1179 1800/1268/1186
f 1801/1272/1185 1789/1259/1172 1795/1264/1180
f 1802/3715/1196 1797/3716/2907 1796/1271/2903
f 1803/1274/1190 1799/3711/2904 1804/3717/2908
f 1806/1287/1200 1798/1273/1189 1805/1275/1191
f 1807/3718/2909 1792/3708/2902 1806/1287/2910
f 1807/3719/2909 1800/1268/1184 1793/1261/1178
f 1801/1272/1188 1811/1292/2911 1796/1271/1187
f 1809/1277/1193 1801/1269/1185 1800/1268/1186
f 1811/3720/1204 1802/1281/1196 1796/3721/2903
f 1813/1280/1195 1799/3714/2906 1802/1281/1196
f 1816/3722/2912 1803/3723/1190 1804/3724/2908
f 1817/3725/2913 1814/1285/1198 1808/1284/1192
f 1815/1288/2914 1805/1275/1191 1803/1274/1190
f 1817/3726/2913 1807/3719/2909 1806/3727/2910
f 1817/3726/2913 1808/1276/1192 1807/3719/2909
f 1816/3722/2915 1813/3728/1195 1820/3729/2916
f 1810/1278/1194 1814/1286/1199 1819/3730/1203
f 1811/1292/2911 1810/1278/1194 1819/3730/1203
f 1813/1280/1195 1812/1282/1197 1820/3731/2916
f 1816/3722/2912 1821/3732/2917 1815/3733/2914
f 1821/3734/2918 1806/1287/1200 1815/1288/1201
f 1806/1287/2910 1824/3735/2919 1817/3736/2913
f 1817/3725/2913 1825/3737/2920 1818/1289/2921
f 1825/3737/2922 1819/1290/1203 1818/1289/1202
f 1826/1298/1210 1811/1292/2911 1819/3730/1203
f 1827/1297/2923 1820/1293/1205 1811/1292/1204
f 1828/3738/2924 1816/3722/2915 1820/3729/2916
f 1830/3739/2925 1821/3732/2917 1822/3740/2926
f 1825/3737/2922 1832/3741/2927 1826/3742/2928
f 1823/3743/2929 1821/3734/2918 1829/3744/2930
f 1825/3737/2920 1824/1294/1206 1831/1296/1208
f 1828/3738/2924 1830/3739/2931 1822/3740/2932
f 1833/1302/1214 1828/3745/2933 1827/1297/2923
f 1830/3739/2925 1834/3746/2934 1829/3747/2935
f 1829/3744/2930 1836/3748/2936 1823/3743/2929
f 1837/1300/2937 1832/3741/2927 1831/1296/2938
f 1836/3748/1213 1831/3749/1208 1823/3743/1207
f 1839/1303/2939 1832/1299/1211 1838/3750/2940
f 1833/1302/1214 1827/1297/2923 1839/1303/1215
f 1830/3739/2931 1833/3751/1214 1835/3752/1216
f 1662/3753/2941 1667/3754/2942 1657/3755/2942
f 1834/3756/2943 1839/3757/2943 1837/3758/2943
f 1840/3759/2944 1844/1308/2945 1841/3760/2946
f 1846/3761/1224 1844/1308/1220 1845/1310/1222
f 1849/1320/1232 1847/1311/1223 1848/1313/1225
f 1852/1314/1226 1854/1318/1230 1851/1315/2947
f 1849/1316/1228 1851/1315/1227 1850/3762/2948
f 1854/3763/2949 1842/1306/2950 1841/1305/2951
f 1858/3764/2952 1856/1326/1238 1859/1325/1237
f 1840/3765/1219 1842/3766/1218 1856/3767/1238
f 1856/1326/1238 1842/1306/2950 1855/3768/2953
f 1858/3769/2954 1843/1309/2955 1840/3759/2944
f 1861/3770/2956 1843/1309/1221 1860/3771/2957
f 1862/3772/2958 1845/1310/1222 1861/3770/2956
f 1862/3773/2958 1848/1313/1225 1846/1312/1224
f 1863/3774/2959 1857/1321/1233 1848/1313/1225
f 1857/1322/1234 1866/3775/2960 1852/1314/1226
f 1866/3775/2960 1853/1319/1231 1852/1314/1226
f 1867/3776/2961 1855/1317/1229 1853/1319/1231
f 1868/3777/2962 1856/1326/1238 1855/3768/2953
f 1871/3778/2963 1858/3779/2952 1859/3780/1237
f 1870/3781/2964 1860/3771/2965 1858/3769/2954
f 1873/3782/2966 1860/3771/2957 1872/3783/2967
f 1873/3784/2968 1863/3774/2959 1862/3773/2958
f 1862/3772/2958 1861/3770/2956 1873/3782/2966
f 1864/3785/1236 1875/1332/1244 1865/3786/1235
f 1864/1324/1236 1863/3774/2959 1874/3787/2969
f 1875/3788/1244 1866/3775/2960 1865/3789/2970
f 1876/3790/1243 1867/3776/2971 1866/3775/2960
f 1877/3791/2972 1868/3792/2973 1867/3776/2961
f 1868/3777/2962 1871/3793/2963 1869/1327/1239
f 1879/1335/2974 1882/3794/2975 1870/3795/2976
f 1871/3793/2963 1859/1325/1237 1869/1327/1239
f 1870/3795/2976 1871/3778/2963 1879/1335/2974
f 1874/3787/2969 1873/3784/2968 1880/3796/2977
f 1881/1330/1242 1875/1332/1244 1874/1328/1240
f 1879/3797/1247 1871/3793/2963 1878/3798/2978
f 1872/3783/2967 1884/1339/2979 1873/3782/2966
f 1882/3794/2980 1872/3799/2967 1870/3795/2964
f 1884/1339/1251 1880/3800/2977 1873/3782/2968
f 1880/1329/1241 1886/1333/2981 1881/1330/1242
f 1887/1347/1246 1877/3791/2982 1876/3790/1243
f 1876/1331/1243 1881/1330/1242 1887/1334/1246
f 1889/3801/2983 1877/3791/2972 1888/1346/2984
f 1891/3802/2985 1882/3794/2975 1883/1337/2986
f 1879/1335/1247 1878/3803/2978 1889/1336/1248
f 1894/1345/1257 1885/1341/1250 1893/1343/1253
f 1884/1339/2979 1882/3804/2980 1890/3805/1261
f 1889/1336/1248 1891/3802/2987 1883/1337/1249
f 1894/1345/1255 1887/1334/1246 1886/1333/1245
f 1896/1353/1263 1889/3801/2983 1888/1346/2984
f 1891/3806/2988 1898/1352/1262 1890/1351/1261
f 1890/3805/1261 1901/3807/2989 1884/1339/2979
f 1901/3807/2990 1892/1340/1252 1884/1339/1251
f 1892/1340/1252 1903/3808/2991 1893/3809/1253
f 1903/3810/2991 1897/1349/1258 1893/1343/1253
f 1904/3811/2992 1895/3812/1254 1897/3813/1259
f 1906/3814/2993 1895/1348/1254 1905/3815/2994
f 1906/3814/2995 1896/1353/1263 1888/1346/2984
f 1908/3816/1265 1891/3802/2996 1896/3817/1263
f 1903/3808/2991 1910/3818/2997 1904/3819/2998
f 1909/1358/1268 1903/3808/2991 1902/1359/1269
f 1899/3820/2999 1911/1356/3000 1898/1352/1262
f 1905/3821/3001 1904/3811/2992 1910/3822/3002
f 1916/3823/3003 1899/3820/3004 1908/3824/1265
f 1900/1350/1260 1913/3825/3005 1901/3826/2989
f 1915/3827/3006 1910/3822/3002 1914/3828/3007
f 1913/1360/1270 1902/1359/1269 1901/3807/2990
f 1914/3828/3008 1910/3822/2997 1909/3829/1268
f 1915/3830/3009 1907/1354/1264 1906/3814/2995
f 1906/3814/2993 1905/3815/2994 1915/3830/3010
f 1847/3831/3011 1851/3832/3012 1841/3833/3012
f 1918/1362/1272 1924/3834/1278 1919/1363/1273
f 1914/3835/3013 1913/3836/3014 1912/3837/3015
f 1919/1368/1273 1927/1373/1281 1920/1372/1274
f 1928/1371/1280 1921/3838/1275 1920/1372/1274
f 1921/1365/1275 1930/1375/1283 1922/1366/1276
f 1934/1401/1304 1924/3839/1278 1925/3840/1285
f 1923/1367/1277 1922/1366/1276 1931/1374/1282
f 1918/1362/1272 1923/1367/1277 1932/1376/1284
f 1935/1379/1287 1927/1373/1281 1926/1370/1279
f 1933/1378/1286 1926/1370/1279 1924/1369/1278
f 1941/1389/1294 1925/1377/1285 1932/1376/1284
f 1928/1371/1280 1927/1373/1281 1936/1381/1289
f 1937/1380/1288 1929/3841/1290 1928/1371/1280
f 1930/1385/1283 1929/1382/1290 1938/1384/1291
f 1939/1387/1292 1931/1374/1282 1930/1375/1283
f 1932/1376/1284 1931/1374/1282 1940/1388/1293
f 1943/1400/1303 1933/3842/1286 1934/1401/1304
f 1942/3843/1306 1935/1379/1287 1933/1378/1286
f 1935/1379/1287 1945/1390/1295 1936/1381/1289
f 1946/1391/1296 1937/1380/1288 1936/1381/1289
f 1937/1383/1288 1948/1392/1297 1938/1384/1291
f 1950/3844/1299 1938/1384/1291 1949/1393/1298
f 1951/3845/1300 1940/1388/1293 1939/1387/1292
f 1953/1399/1302 1941/3846/1294 1940/1397/1293
f 1943/1400/1303 1955/1404/1307 1942/1403/1306
f 1954/1402/1305 1934/1401/1304 1941/3847/1294
f 1957/3848/1308 1945/1390/1295 1944/3849/3016
f 1944/3849/3016 1942/3843/1306 1957/3848/1308
f 1946/1391/1296 1959/3850/1311 1947/3851/3017
f 1958/3852/3018 1946/1391/1296 1945/1390/1295
f 1959/3853/1311 1948/1392/1297 1947/3854/3019
f 1960/1411/1314 1950/3844/1299 1949/1393/1298
f 1960/1411/1314 1949/1393/1298 1948/1392/1297
f 1961/1415/1317 1952/1398/1301 1951/1396/1300
f 1961/1415/1317 1951/1396/1300 1950/1395/1299
f 1953/1399/1302 1963/3855/1309 1954/3856/1305
f 1962/1418/1319 1953/1399/1302 1952/1398/1301
f 1965/1424/1324 1955/3857/1307 1964/1421/1321
f 1943/1400/1303 1954/1402/1305 1956/1407/1310
f 1955/1404/1307 1956/1407/1310 1964/1420/1321
f 1957/3858/1308 1966/3859/3020 1958/3860/3018
f 1967/1409/1312 1958/3860/3018 1966/3859/3020
f 1963/1406/1309 1972/1419/1320 1956/1407/1310
f 1960/1411/1314 1959/3853/1311 1968/1412/1313
f 1969/1413/1315 1961/3861/1317 1960/1411/1314
f 1970/1414/1316 1962/1418/1319 1961/1415/1317
f 1963/3855/1309 1962/1418/1319 1971/1417/1318
f 1975/1425/1325 1967/1409/1312 1966/3859/3020
f 1973/1423/1323 1965/1424/1324 1964/1421/1321
f 1966/3859/3020 1965/1424/1324 1975/1425/1325
f 1977/3862/1327 1970/1414/1316 1969/1416/1315
f 1976/1426/1326 1968/1410/1313 1967/1409/1312
f 1969/3863/1315 1968/1410/1313 1977/1427/1327
f 1980/3864/3021 1983/3865/3022 1982/3866/3023
f 1978/1428/1328 1971/1417/1318 1970/1414/1316
f 1972/3867/1320 1971/1417/1318 1974/1429/1322
f 1974/1422/1322 1964/1421/1321 1972/3868/1320
f 1981/1437/1335 1980/3864/3024 1991/1438/1336
f 1982/3869/3025 1985/3870/3026 1984/3871/3027
f 1988/3872/3028 1989/3873/3029 1986/3874/3030
f 1987/1432/1330 1986/1436/1334 1984/1433/1331
f 1989/3873/3031 1992/3875/3032 1991/3876/3033
f 2002/3877/1348 1995/1450/1340 2001/1449/1346
f 2000/1448/1345 1995/1450/1340 1994/1446/1339
f 2006/1456/1352 1997/1444/1342 2005/1454/1350
f 1997/1444/1342 1996/1443/1341 2004/1453/1349
f 2007/1455/1351 1994/1441/1339 1998/1445/1343
f 1999/3878/1344 2009/3879/1353 2000/3880/1345
f 2013/3881/1357 2003/3882/1347 2012/1462/1356
f 2001/1449/1346 2000/1448/1345 2010/1458/1354
f 2011/1459/1355 2002/3877/1348 2001/1449/1346
f 2003/3882/1347 2002/1460/1348 2012/1462/1356
f 2015/1465/1359 2006/1456/1352 2005/1454/1350
f 2005/1454/1350 2004/1453/1349 2014/1464/1358
f 2017/3883/1360 1999/3878/1344 2007/3884/1351
f 2016/1467/1361 2007/1455/1351 2006/1456/1352
f 2008/3885/3034 2019/3886/3035 2009/3879/1353
f 2009/1457/1353 2020/1469/1363 2010/1458/1354
f 2010/1458/1354 2022/1471/1365 2011/1459/1355
f 2023/3887/1364 2012/1462/1356 2011/1461/1355
f 2012/1462/1356 2025/3888/3036 2013/3881/1357
f 2013/3881/1357 2026/3889/1367 2014/3890/1358
f 2027/1472/1366 2015/3891/1359 2014/1473/1358
f 2029/1476/1368 2015/3891/1359 2028/3892/3037
f 2030/3893/1369 2017/3883/1360 2016/3894/1361
f 2031/3895/3038 2008/3885/3039 2017/3883/1360
f 2032/3896/3040 2019/3886/3035 2018/3897/3041
f 2033/3898/3042 2020/1469/1363 2019/3899/3035
f 2021/1468/1362 2035/3900/3043 2022/1471/1365
f 2021/1468/1362 2020/1469/1363 2034/3901/1374
f 2035/3900/3043 2023/1470/1364 2022/1471/1365
f 2037/1478/1370 2026/3889/1367 2025/3888/3044
f 2036/1480/1372 2024/1479/1371 2023/3887/1364
f 2025/3888/3036 2024/1479/1371 2037/1478/1370
f 2038/1487/1379 2028/3892/3037 2027/1472/1366
f 2027/1472/1366 2026/1474/1367 2038/1487/1379
f 2029/1476/1368 2040/3902/3045 2030/1477/1369
f 2039/1490/1381 2029/1476/1368 2028/3892/3037
f 2031/3895/3038 2032/3896/3046 2018/3897/3047
f 2040/3903/3045 2031/3895/3038 2030/3893/1369
f 2041/3904/3048 2033/3905/3042 2032/3896/3040
f 2044/3906/3049 2035/3907/3043 2043/1481/1373
f 2042/1483/1375 2034/1482/1374 2033/3908/3042
f 2035/3907/3043 2034/1482/1374 2043/1481/1373
f 2036/1480/1372 2045/1484/1376 2037/1478/1370
f 2048/1489/1380 2040/3902/3045 2039/1490/1381
f 2046/1485/1377 2038/3909/1379 2037/1478/1370
f 2047/1486/1378 2039/1490/1381 2038/1487/1379
f 2040/3903/3045 2041/3904/3048 2032/3896/3046
f 2043/1481/1373 2052/1494/1385 2044/3906/3049
f 2050/1491/1382 2042/1483/1375 2041/3910/3048
f 2043/1481/1373 2042/1483/1375 2051/1492/1383
f 2045/3911/1376 2053/1495/1386 2046/3912/1377
f 2045/3911/1376 2044/3906/3049 2052/1494/1385
f 2047/1486/1378 2054/3913/1387 2048/1489/1380
f 2047/1486/1378 2046/1488/1377 2053/3914/1386
f 2049/3915/3050 2050/1491/1382 2041/3910/3048
f 2049/3916/3050 2048/1489/1380 2054/3913/1387
f 2068/3917/3051 2058/1499/3052 2057/1498/3053
f 2059/3918/3054 2062/3919/3055 2061/3920/3056
f 2060/3921/1388 2059/3918/3057 2057/3922/1389
f 2087/3923/3058 2070/3924/3059 2071/3925/3060
f 2062/1502/1393 2063/1501/1392 2061/3926/3061
f 2065/1500/1391 2064/1504/3062 2063/1501/1392
f 2067/1507/1394 2066/1506/3063 2064/3927/1395
f 2074/3928/3064 2075/3929/3065 2076/3930/3066
f 2069/3931/3067 2072/1511/1403 2070/3924/3059
f 2069/3931/3067 2073/1509/1401 2072/1511/1403
f 2075/3929/3068 2078/3932/3069 2076/3930/3070
f 2079/1513/1405 2080/3933/3071 2081/3934/3072
f 2080/3933/3073 2083/3935/3074 2081/3934/3075
f 2075/3936/3076 2069/3937/3077 2085/3938/3078
f 2085/1518/1410 2086/1521/1413 2084/1516/1408
f 2085/1518/1410 2087/1519/1411 2086/1521/1413
f 2070/3939/3079 2089/3940/3080 2088/1533/1425
f 2071/1532/1424 2070/3939/3079 2088/1533/1425
f 2090/3941/3081 2074/3942/3082 2091/3943/3083
f 2072/3944/3084 2090/3941/3081 2089/3940/3080
f 2074/3942/3082 2092/3945/3085 2091/3943/3083
f 2093/1524/1416 2076/3946/3086 2078/1522/1414
f 2079/1525/1417 2095/3947/3087 2094/1523/1415
f 2096/1528/1420 2081/3948/3088 2083/1526/1418
f 2084/3949/3089 2099/1531/1423 2098/3950/3090
f 2083/1526/1418 2084/3949/3089 2097/1527/1419
f 2084/3949/3089 2098/3950/3090 2097/1527/1419
f 2101/3951/3091 2089/3952/3092 2103/3953/3093
f 2086/1529/1421 2071/1532/1424 2100/1530/1422
f 2088/3954/3094 2101/3951/3091 2102/3955/3095
f 2104/3956/1428 2090/3957/3096 2091/3958/1426
f 2089/3952/3092 2090/3957/3096 2103/3953/3093
f 2105/1535/1427 2092/1539/1431 2106/3959/3097
f 2108/3960/1434 2093/1537/1429 2094/3961/1432
f 2092/1539/1431 2107/1538/1430 2106/3959/3097
f 2109/1541/1433 2095/1545/1437 2110/3962/3098
f 2112/3963/1440 2096/1543/1435 2097/3964/1438
f 2095/1545/1437 2111/1544/1436 2110/3962/3098
f 2113/1547/1439 2098/3965/3099 2114/3966/3100
f 2114/3966/3100 2099/3967/3101 2115/1551/1443
f 2102/3955/3095 2100/3968/1441 2088/3954/3094
f 2099/3967/3101 2100/1549/1441 2115/1551/1443
f 2135/3969/3102 2118/3970/3103 2119/3971/3104
f 2122/3972/3105 2123/3973/3106 2124/3974/3107
f 2117/3975/3108 2120/1554/1446 2118/3970/3103
f 2117/3975/3108 2121/1552/1444 2120/1554/1446
f 2123/3973/3109 2126/3976/3110 2124/3974/3111
f 2127/1556/1448 2128/3977/3112 2129/3978/3113
f 2128/3977/3114 2131/3979/3115 2129/3978/3115
f 2135/3980/3116 2130/3981/3117 2125/3982/3118
f 2133/1561/1453 2134/1564/1456 2132/1559/1451
f 2133/1561/1453 2135/1562/1454 2134/1564/1456
f 2137/3983/3119 2118/3984/3079 2120/3985/3120
f 2119/1578/1470 2118/3984/3079 2136/1579/1471
f 2141/3986/3121 2124/1568/1460 2126/1571/1463
f 2120/3985/3120 2138/1567/1459 2137/3983/3119
f 2120/3985/3120 2122/1565/1457 2138/1567/1459
f 2124/1568/1460 2140/3987/3122 2139/1566/1458
f 2127/1569/1461 2143/3988/3123 2142/1570/1462
f 2126/1571/1463 2142/1570/1462 2141/3986/3121
f 2129/3989/3124 2144/1574/1466 2143/3988/3123
f 2145/1573/1465 2132/3990/3125 2146/3991/3126
f 2132/3990/3125 2147/1577/1469 2146/3991/3126
f 2149/3992/3127 2137/3993/3128 2151/1582/1474
f 2134/1575/1467 2119/1578/1470 2148/1576/1468
f 2136/3994/3094 2149/3992/3127 2150/3995/3129
f 2153/3996/3130 2138/3997/1472 2139/3998/3131
f 2137/3993/3128 2138/1580/1472 2151/1582/1474
f 2154/3999/3132 2140/1585/1477 2155/1584/1476
f 2139/3998/3131 2154/3999/3132 2153/3996/3130
f 2156/4000/1479 2141/1583/1475 2142/4001/1432
f 2157/1587/1478 2143/1591/1482 2158/4002/3133
f 2160/4003/3134 2144/1589/1480 2145/4004/3135
f 2143/1591/1482 2159/1590/1481 2158/4002/3133
f 2161/4005/3136 2145/4006/3135 2146/4007/3137
f 2162/4008/3138 2147/4009/3139 2163/1594/1443
f 2146/4007/3137 2162/4008/3138 2161/4005/3136
f 2150/3995/3129 2148/4010/1483 2136/3994/3094
f 2147/4009/3139 2148/1592/1483 2163/1594/1443
f 2166/4011/3140 2168/4012/3141 2169/4013/3142
f 2165/4014/3143 2166/4011/3140 2167/4015/1488
f 2169/4013/3144 2170/4016/3145 2171/4017/3146
f 2171/4018/3147 2172/4019/3148 2173/4020/3107
f 2172/4019/3109 2175/4021/3110 2173/4020/3110
f 2176/1596/1485 2177/4022/3112 2178/4023/3149
f 2177/4022/3115 2180/4024/3115 2178/4023/3150
f 2177/4025/3151 2168/4026/1647 2184/4027/1647
f 2182/1601/1486 2183/1604/1489 2181/1599/1451
f 2182/1601/1486 2184/1602/1487 2183/1604/1489
f 2184/4028/1487 2165/4014/3143 2167/4015/1488
f 2186/1607/1492 2166/4029/3152 2169/1605/1490
f 2167/1611/1496 2166/4029/3152 2185/1612/1497
f 2187/1606/1491 2171/4030/3153 2188/4031/3154
f 2171/4030/3153 2189/4032/3155 2188/4031/3154
f 2173/4033/3156 2190/4034/3157 2189/4032/3155
f 2176/1608/1493 2192/4035/3158 2191/1609/1494
f 2175/1610/1495 2191/1609/1494 2190/4034/3157
f 2178/4036/3159 2193/4037/3160 2192/4035/3158
f 2194/4038/3161 2181/4039/3162 2195/4040/3089
f 2180/4041/3163 2194/4038/3161 2193/4037/3160
f 2181/4039/3162 2196/4042/3164 2195/4040/3089
f 2200/4043/1504 2186/1614/1499 2187/4044/3165
f 2183/4045/3166 2197/1613/1498 2196/4042/3164
f 2183/4045/3166 2167/1611/1496 2197/1613/1498
f 2185/1616/1501 2198/1615/1500 2199/4046/3167
f 2201/1618/1503 2189/1622/1507 2202/4047/3168
f 2187/4044/3165 2188/4048/1502 2200/4043/1504
f 2204/4049/1479 2190/1620/1505 2191/4050/1432
f 2189/1622/1507 2203/1621/1506 2202/4047/3168
f 2205/1624/1478 2192/1628/1482 2206/4051/3133
f 2208/4052/3134 2193/1626/1480 2194/4053/3135
f 2192/1628/1482 2207/1627/1508 2206/4051/3133
f 2209/4054/3136 2194/4055/3135 2195/4056/3169
f 2210/4057/3138 2196/4058/3139 2211/1631/1510
f 2195/4056/3169 2210/4057/3138 2209/4054/3136
f 2199/4046/3167 2197/4059/1509 2185/1616/1501
f 2196/4058/3139 2197/1629/1509 2211/1631/1510
f 2217/4060/1512 2218/4061/3170 2219/4062/3171
f 2214/4063/3172 2215/1634/1513 2213/4064/3173
f 2214/4063/3172 2216/1632/1511 2215/1634/1513
f 2218/4061/3174 2221/4065/3175 2219/4062/3176
f 2221/4065/3144 2222/4066/3145 2223/4067/3146
f 2223/4068/3147 2224/4069/3148 2225/4070/3177
f 2224/4069/3109 2227/4071/3109 2225/4070/3178
f 2228/1636/1485 2229/4072/3112 2230/4073/3149
f 2230/4073/3179 2231/4074/3180 2232/4075/3181
f 2213/4064/3182 2231/4076/3183 2214/4063/3184
f 2229/4077/3185 2220/4078/1647 2216/4079/3186
f 2235/4080/3187 2213/4081/3188 2215/4082/3189
f 2213/4081/3188 2233/4083/3190 2234/4084/3191
f 2217/4085/3192 2237/4086/3193 2236/4087/3194
f 2215/4082/3189 2236/4087/3194 2235/4080/3187
f 2215/4082/3189 2217/4085/3192 2236/4087/3194
f 2219/4088/3195 2238/1640/1517 2237/4086/3193
f 2239/1639/1516 2223/4089/3083 2240/4090/3196
f 2241/4091/3197 2223/4089/3083 2225/4092/3198
f 2225/4092/3198 2242/4093/3199 2241/4091/3197
f 2244/4094/3200 2228/1641/1518 2230/4095/1536
f 2227/1643/1520 2243/1642/1519 2242/4093/3199
f 2245/4096/3201 2230/4095/1536 2232/4097/3163
f 2247/1660/1439 2233/4098/3099 2246/4099/3100
f 2232/4097/3163 2234/4084/3191 2245/4096/3201
f 2232/4097/3163 2213/4081/3188 2234/4084/3191
f 2246/4099/3100 2235/4100/3202 2248/1646/1510
f 2250/4101/3129 2236/4102/1483 2237/4103/3094
f 2235/4100/3202 2236/1644/1483 2248/1646/1510
f 2251/4104/3127 2238/4105/3203 2252/4106/3093
f 2237/4103/3094 2251/4104/3127 2250/4101/3129
f 2253/4107/1428 2239/4108/3204 2240/4109/1426
f 2238/4105/3203 2239/4108/3204 2252/4106/3093
f 2254/1648/1521 2241/1652/1522 2255/4110/3205
f 2257/4111/1479 2242/1650/1505 2243/4112/1432
f 2241/1652/1522 2256/1651/1506 2255/4110/3205
f 2258/1654/1523 2244/1658/1437 2259/4113/3133
f 2261/4114/1525 2245/1656/1524 2234/4115/1438
f 2244/1658/1437 2260/1657/1508 2259/4113/3133
f 2263/1666/3206 2264/4116/3207 2265/4117/3208
f 2265/4117/3209 2266/4118/3210 2267/4119/3211
f 2266/4120/3212 2269/4121/3213 2267/4122/3214
f 2271/4123/1528 2268/4124/3215 2270/4125/1526
f 2272/1663/1527 2273/4126/3216 2274/4127/3217
f 2274/4127/3218 2275/4128/3219 2276/4129/3220
f 2276/4130/3221 2277/4131/3222 2278/4132/3223
f 2277/4131/3224 2280/4133/3225 2278/4132/3226
f 2279/4134/3227 2281/4135/1531 2280/4133/3225
f 2279/4134/3227 2262/4136/1529 2281/4135/1531
f 2264/4137/3185 2275/4138/3228 2270/4139/3229
f 2284/4140/3230 2263/4141/3089 2265/4142/3231
f 2263/4141/3089 2282/4143/3232 2283/4144/1419
f 2285/4145/3233 2267/4146/3234 2286/4147/3235
f 2265/4142/3231 2285/4145/3233 2284/4140/3230
f 2267/4146/3234 2287/4148/3236 2286/4147/3235
f 2288/4149/3119 2271/4150/3237 2289/4151/3238
f 2269/4152/3239 2288/4149/3119 2287/4148/3236
f 2272/4153/3240 2291/4154/3241 2290/4155/3242
f 2271/4150/3237 2290/4155/3242 2289/4151/3238
f 2271/4150/3237 2272/4153/3240 2290/4155/3242
f 2292/1670/1534 2274/4156/3156 2276/1668/1532
f 2295/4157/3243 2280/4158/3244 2281/4159/3245
f 2278/1671/1535 2280/4158/3244 2294/1672/1536
f 2297/1691/1439 2282/4160/3099 2296/4161/3100
f 2281/4159/3245 2283/4144/1419 2295/4157/3243
f 2281/4159/3245 2263/4141/3089 2283/4144/1419
f 2296/4161/3100 2284/4162/3246 2298/4163/3247
f 2299/4164/1539 2285/4165/3248 2286/4166/1537
f 2284/4162/3246 2285/4165/3248 2298/4163/3247
f 2300/1674/1538 2287/1678/1542 2301/1677/1541
f 2302/4167/1504 2288/1676/1540 2289/4168/3165
f 2303/1680/1503 2291/1684/1507 2304/4169/3205
f 2289/4168/3165 2290/4170/1543 2302/4167/1504
f 2306/4171/3249 2292/1682/1505 2293/4172/1547
f 2291/1684/1507 2305/1683/1544 2304/4169/3205
f 2309/4173/1525 2295/1688/1524 2283/4174/1549
f 2293/1687/1547 2307/1686/1546 2306/4175/3249
f 2294/1685/1545 2308/1689/1548 2307/1686/1546
f 2360/4176/3250 2377/4177/3251 2361/4178/3252
f 2361/4178/3252 2378/4179/3253 2362/4180/3254
f 2369/4181/3255 2386/4182/3256 2370/4183/3257
f 2393/4184/3258 2378/4179/3253 2377/4177/3251
f 2385/4185/3259 2402/4186/3260 2386/4182/3256
f 2382/4187/3261 2365/4188/3262 2366/4189/3263
f 2370/4183/3257 2387/4190/3264 2371/4191/3265
f 2394/4192/3266 2379/4193/3267 2378/4179/3253
f 2395/4194/3268 2412/4195/3269 2396/4196/3270
f 2388/4197/3271 2405/4198/3272 2389/4199/3273
f 2371/4191/3265 2388/4200/3271 2372/4201/3274
f 2395/4202/3268 2380/4203/3275 2379/4193/3267
f 2403/4204/3276 2388/4197/3271 2387/4205/3264
f 2388/4206/3271 2373/4207/3277 2372/4208/3274
f 2402/4186/3260 2387/4190/3264 2386/4182/3256
f 2359/4209/3278 2376/4210/3279 2360/4211/3250
f 2350/4212/3280 2365/4188/3262 2349/4213/3281
f 2390/4214/3282 2373/4207/3277 2389/4215/3273
f 2382/4187/3261 2397/4216/3283 2381/4217/3284
f 2389/4215/3273 2406/4218/3285 2390/4214/3282
f 2392/4219/3286 2409/4220/3287 2393/4221/3258
f 2374/4222/3288 2391/4223/3289 2375/4224/3290
f 2381/4217/3284 2399/4225/3291 2383/4226/3292
f 2383/4226/3292 2368/4227/3293 2367/4228/3294
f 2375/4224/3290 2392/4229/3286 2376/4210/3279
f 2383/4230/3292 2400/4231/3295 2384/4232/3296
f 2394/4192/3266 2411/4233/3297 2395/4202/3268
f 2368/4234/3293 2385/4185/3259 2369/4181/3255
f 2376/4235/3279 2393/4184/3258 2377/4177/3251
f 2407/4236/3298 2392/4219/3286 2391/4237/3289
f 2396/4238/3270 2366/4189/3263 2380/4239/3275
f 2400/4231/3295 2385/4240/3259 2384/4232/3296
f 2396/4196/3270 2398/4241/3299 2382/4242/3261
f 2365/4188/3262 2383/4226/3292 2367/4228/3294
f 2337/4243/3300 2354/4244/3301 2338/4245/3302
f 2341/4246/3303 2322/4247/1564 2320/4248/3304
f 2340/4249/3305 2357/4250/3306 2341/4246/3303
f 2329/4251/1566 2347/4252/3307 2330/4253/1643
f 2359/4209/3278 2344/4254/3308 2343/4255/3309
f 2311/4256/1578 2336/4257/3310 2312/4258/1562
f 2347/4252/3307 2364/4259/3311 2348/4260/3312
f 2338/4245/3302 2317/4261/1574 2315/4262/3313
f 2325/4263/3314 2345/4264/3315 2327/4265/1565
f 2316/1698/1555 2317/1804/1574 2318/1699/1556
f 2332/4266/1579 2334/4267/3316 2310/4268/3317
f 2311/1806/1578 2313/1702/1559 2842/1697/1554
f 2349/4213/3281 2335/4269/3318 2333/4270/3319
f 2478/4271/3281 2492/4272/3320 2494/4273/3319
f 2516/1730/1578 2514/1714/1559 2519/1716/1554
f 2495/4274/1579 2493/4275/3316 2517/4276/3317
f 2511/1724/1555 2510/1726/1574 2509/1720/1556
f 2483/4277/3308 2500/4278/1575 2502/4279/1576
f 2489/4280/3302 2510/4281/1574 2512/4282/3313
f 2480/4283/3307 2463/4284/3311 2479/4285/3312
f 2516/4286/1578 2491/4287/3310 2515/4288/1562
f 2468/4289/3278 2483/4290/3308 2484/4291/3309
f 2499/4292/3321 2480/4283/3307 2497/4293/1580
f 2487/4294/3305 2470/4295/3306 2486/4296/3303
f 2486/4296/3303 2505/4297/1564 2507/4298/3304
f 2490/4299/3300 2473/4300/3301 2489/4280/3302
f 2500/1727/1575 2498/1723/1572 2501/1722/1571
f 2431/4301/3270 2429/4302/3299 2445/4303/3261
f 2462/4304/3262 2444/4305/3292 2460/4306/3294
f 2427/4307/3322 2442/4308/3259 2443/4309/3296
f 2431/4310/3270 2461/4311/3263 2447/4312/3275
f 2451/4313/3279 2434/4314/3258 2450/4315/3251
f 2439/4316/3271 2454/4317/3277 2455/4318/3274
f 2459/4319/3293 2442/4320/3259 2458/4321/3255
f 2433/4322/3266 2416/4323/3297 2432/4324/3268
f 2424/4325/3276 2439/4326/3271 2440/4327/3264
f 2428/4328/3323 2443/4309/3296 2444/4329/3292
f 2432/4324/3268 2447/4330/3275 2448/4331/3267
f 2452/4332/3290 2435/4333/3286 2451/4334/3279
f 2456/4335/3265 2439/4336/3271 2455/4337/3274
f 2444/4305/3292 2459/4338/3293 2460/4306/3294
f 2439/4326/3271 2422/4339/3272 2438/4340/3324
f 2432/4341/3268 2415/4342/3269 2431/4301/3270
f 2446/4343/3284 2428/4344/3323 2444/4305/3292
f 2433/4322/3266 2448/4331/3267 2449/4345/3253
f 2453/4346/3288 2436/4347/3289 2452/4332/3290
f 2457/4348/3257 2440/4349/3264 2456/4335/3265
f 2435/4350/3286 2418/4351/3287 2434/4352/3258
f 2445/4353/3261 2462/4304/3262 2461/4311/3263
f 2438/4354/3324 2421/4355/3285 2437/4356/3282
f 2442/4320/3259 2425/4357/3260 2441/4358/3256
f 2445/4353/3261 2430/4359/3283 2446/4343/3284
f 2434/4314/3258 2449/4345/3253 2450/4315/3251
f 2454/4317/3277 2437/4356/3282 2453/4346/3288
f 2442/4320/3259 2457/4348/3257 2458/4321/3255
f 2420/4360/3298 2435/4350/3286 2436/4361/3289
f 2425/4357/3260 2440/4349/3264 2441/4358/3256
f 2463/4362/3311 2461/4311/3263 2477/4363/3280
f 2477/4363/3280 2462/4304/3262 2478/4271/3281
f 2466/4364/3252 2449/4345/3253 2465/4365/3254
f 2451/4313/3279 2466/4364/3252 2467/4366/3250
f 2468/4289/3278 2451/4334/3279 2467/4367/3250
f 2469/4368/3325 2452/4332/3290 2468/4289/3278
f 2454/4317/3277 2469/4368/3325 2470/4295/3306
f 2455/4318/3274 2470/4295/3306 2471/4369/3326
f 2456/4335/3265 2471/4370/3326 2472/4371/3327
f 2457/4348/3257 2472/4371/3327 2473/4300/3301
f 2458/4321/3255 2473/4300/3301 2474/4372/3328
f 2475/4373/3329 2458/4321/3255 2474/4372/3328
f 2476/4374/3330 2459/4338/3293 2475/4375/3329
f 2478/4271/3281 2460/4306/3294 2476/4374/3330
f 2449/4345/3253 2464/4376/3331 2465/4365/3254
f 2448/4331/3267 2463/4284/3311 2464/4376/3331
f 2463/4362/3311 2493/4275/3316 2479/4377/3312
f 2469/4368/3325 2484/4291/3309 2485/4378/3332
f 2488/4379/3333 2471/4370/3326 2487/4380/3305
f 2475/4373/3329 2490/4299/3300 2491/4381/3310
f 2477/4363/3280 2494/4273/3319 2493/4275/3316
f 2497/4293/1580 2479/4285/3312 2495/4382/1579
f 2484/4291/3309 2502/4383/1576 2503/4384/1567
f 2487/4294/3305 2507/4298/3304 2508/4385/1573
f 2513/4386/1561 2489/4280/3302 2512/4282/3313
f 2494/4273/3319 2516/4286/1578 2520/4387/1577
f 2495/1731/1579 2518/1719/1553 2496/1718/1570
f 2505/1712/1564 2506/1721/1560 2507/4388/3304
f 2466/4364/3252 2481/4389/3334 2482/4390/3315
f 2418/4391/3287 2433/4322/3266 2434/4314/3258
f 2513/1713/1561 2511/1724/1555 2514/1714/1559
f 2486/4296/3303 2469/4368/3325 2485/4378/3332
f 2489/4280/3302 2472/4371/3327 2488/4379/3333
f 2476/4374/3330 2491/4287/3310 2492/4272/3320
f 2481/4389/3334 2464/4376/3331 2480/4283/3307
f 2500/4278/1575 2481/4389/3334 2499/4292/3321
f 2485/4378/3332 2503/4384/1567 2505/4297/1564
f 2488/4379/3333 2508/4392/1573 2510/4281/1574
f 2491/4381/3310 2513/4386/1561 2515/4393/1562
f 2493/4275/3316 2520/4387/1577 2517/4276/3317
f 2503/1710/1567 2501/1722/1571 2504/1711/1568
f 2508/1725/1573 2506/1721/1560 2509/1720/1556
f 2518/1719/1553 2520/1729/1577 2519/1716/1554
f 2483/4277/3308 2466/4364/3252 2482/4390/3315
f 2498/1723/1572 2497/1732/1580 2496/1718/1570
f 2538/4394/3286 2536/4395/3335 2552/4396/3336
f 2539/4397/3289 2522/4398/3337 2538/4394/3286
f 2528/4399/3260 2543/4400/3264 2544/4401/3256
f 2546/4402/3296 2529/4403/3338 2545/4404/3259
f 2532/4405/3339 2547/4406/3292 2548/4407/3284
f 2534/4408/3340 2549/4409/3261 2550/4410/3270
f 2553/4411/3266 2535/4412/3297 2551/4413/3268
f 2538/4414/3286 2568/4415/3251 2554/4416/3279
f 2540/4417/3282 2555/4418/3341 2556/4419/3288
f 2558/4420/3274 2541/4421/3273 2557/4422/3277
f 2560/4423/3257 2543/4400/3264 2559/4424/3265
f 2546/4425/3296 2561/4426/3255 2562/4427/3293
f 2564/4428/3262 2547/4406/3292 2563/4429/3294
f 2550/4430/3270 2565/4431/3263 2566/4432/3275
f 2569/4433/3253 2551/4413/3268 2567/4434/3342
f 2542/4435/3271 2525/4436/3272 2541/4437/3273
f 2540/4417/3282 2523/4438/3298 2539/4439/3289
f 2545/4440/3259 2528/4399/3260 2544/4401/3256
f 2531/4441/3291 2546/4402/3296 2547/4442/3292
f 2549/4443/3261 2532/4405/3339 2548/4407/3284
f 2551/4444/3268 2534/4408/3340 2550/4410/3270
f 2552/4445/3336 2537/4446/3343 2553/4411/3266
f 2539/4439/3289 2554/4447/3279 2555/4418/3341
f 2557/4422/3277 2540/4417/3282 2556/4419/3288
f 2559/4424/3265 2542/4448/3271 2558/4449/3274
f 2561/4426/3255 2544/4401/3256 2560/4423/3257
f 2563/4429/3294 2546/4450/3296 2562/4451/3293
f 2549/4443/3261 2564/4428/3262 2565/4431/3263
f 2551/4413/3268 2566/4452/3275 2567/4434/3342
f 2552/4445/3336 2569/4433/3253 2568/4415/3251
f 2527/4453/3276 2542/4435/3271 2543/4454/3264
f 2570/4455/3250 2568/4415/3251 2584/4456/3252
f 2555/4418/3341 2570/4457/3250 2571/4458/3278
f 2573/4459/3306 2556/4419/3288 2572/4460/3325
f 2558/4420/3274 2573/4459/3306 2574/4461/3326
f 2575/4462/3327 2558/4449/3274 2574/4463/3326
f 2576/4464/3301 2559/4424/3265 2575/4462/3327
f 2561/4426/3255 2576/4464/3301 2577/4465/3328
f 2562/4427/3293 2577/4465/3328 2578/4466/3329
f 2563/4429/3294 2578/4467/3329 2579/4468/3330
f 2564/4428/3262 2579/4468/3330 2580/4469/3281
f 2565/4431/3263 2580/4469/3281 2581/4470/3280
f 2582/4471/3311 2565/4431/3263 2581/4470/3280
f 2583/4472/3331 2566/4452/3275 2582/4473/3311
f 2585/4474/3254 2567/4434/3342 2583/4472/3331
f 2584/4456/3252 2569/4433/3253 2585/4474/3254
f 2556/4419/3288 2571/4458/3278 2572/4460/3325
f 2570/4455/3250 2600/4475/3315 2586/4476/3308
f 2587/4477/3344 2570/4457/3250 2586/4478/3308
f 2589/4479/3303 2572/4460/3325 2588/4480/3332
f 2590/4481/3305 2573/4459/3306 2589/4479/3303
f 2575/4462/3327 2590/4482/3305 2591/4483/3345
f 2576/4464/3301 2591/4483/3345 2592/4484/3302
f 2593/4485/3300 2576/4464/3301 2592/4484/3302
f 2594/4486/3310 2577/4465/3328 2593/4485/3300
f 2595/4487/3346 2578/4467/3329 2594/4488/3310
f 2596/4489/3319 2579/4468/3330 2595/4487/3346
f 2597/4490/3316 2580/4469/3281 2596/4489/3319
f 2582/4471/3311 2597/4490/3316 2598/4491/3312
f 2583/4472/3331 2598/4492/3312 2599/4493/3307
f 2585/4474/3254 2599/4493/3307 2601/4494/3334
f 2584/4456/3252 2601/4494/3334 2600/4475/3315
f 2588/4480/3332 2571/4458/3278 2587/4477/3344
f 2586/4476/3308 2623/4495/3347 2602/4496/1592
f 2604/4497/1591 2586/4478/3308 2602/4498/1592
f 2589/4479/3303 2605/4499/1594 2607/4500/1593
f 2609/4501/3348 2589/4479/3303 2607/4500/1593
f 2591/4483/3345 2609/4502/3348 2610/4503/1595
f 2592/4484/3302 2610/4503/1595 2612/4504/1596
f 2593/4485/3300 2612/4504/1596 2613/4505/1597
f 2594/4486/3310 2613/4505/1597 2615/4506/1598
f 2595/4487/3346 2615/4507/1598 2616/4508/1599
f 2596/4489/3319 2616/4508/1599 2618/4509/1600
f 2619/4510/1601 2596/4489/3319 2618/4509/1600
f 2598/4491/3312 2619/4510/1601 2621/4511/1602
f 2622/4512/1604 2598/4492/3312 2621/4513/1602
f 2626/4514/1603 2599/4493/3307 2622/4512/1604
f 2600/4475/3315 2626/4514/1603 2623/4495/3347
f 2605/4499/1594 2587/4477/3344 2604/4497/1591
f 2602/1744/1592 2624/1739/1587 2603/1738/1586
f 2608/1736/1584 2607/1745/1593 2606/1737/1585
f 2610/1747/1595 2608/1736/1584 2611/1742/1590
f 2613/1749/1597 2611/1742/1590 2614/1740/1588
f 2617/1741/1589 2615/1750/1598 2614/1740/1588
f 2619/1753/1601 2617/1741/1589 2620/1734/1582
f 2622/1756/1604 2620/1734/1582 2625/1733/1581
f 2624/1739/1587 2626/1755/1603 2625/1733/1581
f 2606/1737/1585 2604/1743/1591 2603/1738/1586
f 2421/4355/3285 2436/4347/3289 2437/4356/3282
f 2364/4515/3311 2366/4189/3263 2350/4212/3280
f 2525/4516/3272 2540/4417/3282 2541/4421/3273
f 2629/1779/1626 2627/1758/1606 2628/1757/1605
f 2631/1759/1607 2633/1776/1623 2628/1757/1605
f 2633/1776/1623 2634/1761/1593 2635/1760/1608
f 2636/1762/1609 2638/1778/1625 2635/1760/1608
f 2638/1778/1625 2639/1764/1611 2640/1763/1610
f 2641/1765/1612 2643/1766/1613 2640/1763/1610
f 2644/1768/1615 2646/1777/1624 2643/1766/1613
f 2646/1777/1624 2647/1770/1617 2648/1769/1616
f 2648/1769/1616 2650/1773/1620 2651/1772/1619
f 2652/1774/1621 2629/1779/1626 2651/1772/1619
f 2654/4517/3300 2627/4518/1606 2630/4519/3349
f 2653/4520/3302 2631/4521/1607 2627/4518/1606
f 2631/4521/1607 2656/4522/3305 2632/4523/3348
f 2656/4524/3305 2634/4525/1593 2632/4526/3348
f 2658/4527/3332 2634/4525/1593 2657/4528/3303
f 2658/4527/3332 2637/4529/3350 2636/4530/1609
f 2659/4531/3351 2639/4532/1611 2637/4529/3350
f 2660/4533/3308 2641/4534/1612 2639/4535/1611
f 2661/4536/3315 2642/4537/1614 2641/4534/1612
f 2662/4538/3334 2644/4539/1615 2642/4537/1614
f 2663/4540/3352 2645/4541/3353 2644/4539/1615
f 2664/4542/3312 2647/4543/1617 2645/4544/3353
f 2665/4545/3316 2649/4546/1618 2647/4543/1617
f 2649/4546/1618 2667/4547/3354 2650/4548/1620
f 2650/4548/1620 2668/4549/3310 2652/4550/1621
f 2652/4551/1621 2654/4517/3300 2630/4519/3349
f 2670/4552/3328 2653/4520/3302 2654/4517/3300
f 2669/4553/3301 2655/4554/3333 2653/4520/3302
f 2671/4555/3327 2656/4522/3305 2655/4554/3333
f 2672/4556/3326 2657/4528/3303 2656/4524/3305
f 2657/4528/3303 2674/4557/3325 2658/4527/3332
f 2658/4527/3332 2675/4558/3278 2659/4531/3351
f 2659/4531/3351 2676/4559/3250 2660/4560/3308
f 2660/4533/3308 2677/4561/3252 2661/4536/3315
f 2661/4536/3315 2678/4562/3254 2662/4538/3334
f 2662/4538/3334 2679/4563/3331 2663/4540/3352
f 2679/4563/3331 2664/4564/3312 2663/4540/3352
f 2664/4542/3312 2681/4565/3280 2665/4545/3316
f 2681/4565/3280 2666/4566/3319 2665/4545/3316
f 2666/4566/3319 2683/4567/3330 2667/4547/3354
f 2667/4547/3354 2684/4568/3329 2668/4549/3310
f 2684/4569/3329 2654/4517/3300 2668/4570/3310
f 2670/4552/3328 2685/4571/3257 2669/4553/3301
f 2669/4553/3301 2687/4572/3265 2671/4555/3327
f 2671/4555/3327 2688/4573/3274 2672/4574/3326
f 2672/4556/3326 2689/4575/3277 2673/4576/3306
f 2689/4575/3277 2674/4557/3325 2673/4576/3306
f 2690/4577/3288 2675/4558/3278 2674/4557/3325
f 2691/4578/3290 2676/4559/3250 2675/4558/3278
f 2692/4579/3279 2677/4561/3252 2676/4580/3250
f 2693/4581/3251 2678/4562/3254 2677/4561/3252
f 2678/4562/3254 2695/4582/3355 2679/4563/3331
f 2679/4563/3331 2696/4583/3275 2680/4584/3311
f 2696/4585/3275 2681/4565/3280 2680/4586/3311
f 2681/4565/3280 2698/4587/3262 2682/4588/3281
f 2698/4587/3262 2683/4567/3330 2682/4588/3281
f 2699/4589/3356 2684/4568/3329 2683/4567/3330
f 2684/4569/3329 2686/4590/3255 2670/4552/3328
f 2702/4591/3259 2685/4571/3257 2686/4590/3255
f 2685/4571/3257 2703/4592/3264 2687/4572/3265
f 2703/4592/3264 2688/4573/3274 2687/4572/3265
f 2704/4593/3271 2689/4575/3277 2688/4594/3274
f 2689/4575/3277 2706/4595/3282 2690/4577/3288
f 2690/4577/3288 2707/4596/3289 2691/4578/3290
f 2708/4597/3286 2691/4578/3290 2707/4596/3289
f 2708/4598/3286 2693/4581/3251 2692/4579/3279
f 2693/4581/3251 2710/4599/3266 2694/4600/3253
f 2694/4600/3253 2711/4601/3268 2695/4582/3355
f 2695/4582/3355 2712/4602/3270 2696/4583/3275
f 2696/4585/3275 2713/4603/3357 2697/4604/3263
f 2697/4604/3263 2714/4605/3284 2698/4587/3262
f 2714/4605/3284 2699/4589/3356 2698/4587/3262
f 2715/4606/3292 2700/4607/3293 2699/4589/3356
f 2716/4608/3296 2686/4590/3255 2700/4609/3293
f 2702/4591/3259 2717/4610/3260 2701/4611/3256
f 2701/4611/3256 2719/4612/3276 2703/4592/3264
f 2703/4613/3264 2720/4614/3358 2704/4615/3271
f 2720/4614/3358 2705/4616/3324 2704/4615/3271
f 2705/4617/3324 2722/4618/3285 2706/4595/3282
f 2722/4618/3285 2707/4596/3289 2706/4595/3282
f 2723/4619/3298 2708/4620/3286 2707/4621/3289
f 2708/4620/3286 2725/4622/3287 2709/4623/3258
f 2709/4624/3258 2726/4625/3343 2710/4599/3266
f 2726/4625/3343 2711/4601/3268 2710/4599/3266
f 2727/4626/3297 2712/4627/3270 2711/4628/3268
f 2712/4627/3270 2729/4629/3299 2713/4630/3357
f 2729/4631/3299 2714/4605/3284 2713/4603/3357
f 2714/4605/3284 2731/4632/3291 2715/4606/3292
f 2715/4633/3292 2732/4634/3295 2716/4635/3296
f 2716/4635/3296 2718/4636/3338 2702/4637/3259
f 2755/1792/1634 2757/1782/1628 2758/1781/1627
f 2736/1789/1632 2734/1784/1630 2735/1783/1629
f 2746/1786/1579 2748/1794/1636 2745/1787/1570
f 2751/1799/1641 2753/1796/1638 2750/1795/1637
f 2761/4638/3303 2734/4639/1630 2737/4640/3304
f 2763/4641/3308 2741/4642/1575 2739/4643/1576
f 2766/4644/3359 2746/4645/1579 2744/4646/1580
f 2769/4647/3319 2751/4648/1641 2749/4649/1642
f 2754/4650/1639 2773/4651/3302 2756/4652/1640
f 2773/4651/3302 2790/4653/3327 2774/4654/3360
f 2778/4655/3278 2763/4656/3308 2762/4657/3351
f 2765/4658/3334 2782/4659/3331 2766/4644/3359
f 2768/4660/3316 2785/4661/3281 2769/4647/3319
f 2771/4662/3310 2788/4663/3328 2772/4664/3300
f 2741/1801/1575 2743/1791/1572 2740/1793/1635
f 2836/4665/3338 2821/4666/3256 2820/4667/3361
f 2749/1800/1642 2748/1794/1636 2747/4668/3317
f 2753/1796/1638 2754/1797/1639 2755/1792/1634
f 2759/1780/1573 2736/1789/1632 2758/1781/1627
f 2760/4669/3332 2738/4670/1631 2734/4639/1630
f 2765/4658/3334 2741/4642/1575 2764/4671/3315
f 2746/4672/1579 2768/4660/3316 2747/4673/3317
f 2770/4674/3346 2752/4675/3362 2751/4648/1641
f 2757/4676/1628 2775/4677/3305 2759/4678/1573
f 2777/4679/3306 2760/4669/3332 2761/4638/3303
f 2779/4680/3250 2764/4671/3315 2763/4641/3308
f 2766/4644/3359 2783/4681/3311 2767/4682/3312
f 2769/4647/3319 2786/4683/3330 2770/4674/3346
f 2788/4663/3328 2773/4651/3302 2772/4664/3300
f 2791/4684/3326 2761/4638/3303 2775/4685/3305
f 2805/4686/3257 2790/4653/3327 2789/4687/3301
f 2776/4688/3325 2794/4689/3290 2778/4655/3278
f 2778/4655/3278 2795/4690/3279 2779/4691/3250
f 2779/4680/3250 2796/4692/3251 2780/4693/3252
f 2796/4692/3251 2781/4694/3254 2780/4693/3252
f 2797/4695/3253 2782/4659/3331 2781/4694/3254
f 2798/4696/3342 2783/4681/3311 2782/4659/3331
f 2799/4697/3275 2784/4698/3280 2783/4699/3311
f 2800/4700/3263 2785/4661/3281 2784/4698/3280
f 2785/4661/3281 2802/4701/3294 2786/4683/3330
f 2786/4683/3330 2803/4702/3293 2787/4703/3329
f 2787/4704/3329 2804/4705/3255 2788/4663/3328
f 2788/4663/3328 2805/4686/3257 2789/4687/3301
f 2806/4706/3363 2791/4707/3326 2790/4653/3327
f 2777/4679/3306 2792/4708/3288 2776/4688/3325
f 2791/4684/3326 2793/4709/3277 2777/4679/3306
f 2834/4710/3291 2819/4711/3296 2818/4712/3292
f 2810/4713/3289 2795/4690/3279 2794/4689/3290
f 2812/4714/3336 2797/4695/3253 2796/4692/3251
f 2798/4696/3342 2815/4715/3270 2799/4716/3275
f 2800/4700/3263 2817/4717/3284 2801/4718/3262
f 2802/4701/3294 2819/4719/3296 2803/4702/3293
f 2820/4667/3361 2805/4686/3257 2804/4705/3255
f 2822/4720/3264 2807/4721/3274 2806/4706/3363
f 2809/4722/3324 2824/4723/3285 2808/4724/3282
f 2810/4725/3289 2827/4726/3337 2811/4727/3286
f 2812/4714/3336 2829/4728/3343 2813/4729/3266
f 2830/4730/3297 2815/4731/3270 2814/4732/3268
f 2816/4733/3261 2833/4734/3283 2817/4717/3284
f 2821/4666/3256 2838/4735/3276 2822/4720/3264
f 2809/4722/3324 2792/4708/3288 2793/4709/3277
f 2819/4711/3296 2836/4736/3338 2820/4737/3361
f 2795/4738/3279 2812/4714/3336 2796/4692/3251
f 2797/4695/3253 2814/4739/3268 2798/4696/3342
f 2815/4740/3270 2800/4700/3263 2799/4697/3275
f 2801/4718/3262 2818/4741/3292 2802/4701/3294
f 2803/4742/3293 2820/4667/3361 2804/4705/3255
f 2821/4666/3256 2806/4706/3363 2805/4686/3257
f 2823/4743/3271 2793/4709/3277 2807/4744/3274
f 2808/4724/3282 2826/4745/3298 2810/4713/3289
f 2827/4726/3337 2812/4746/3336 2811/4727/3286
f 2829/4728/3343 2814/4739/3268 2813/4729/3266
f 2815/4731/3270 2832/4747/3299 2816/4748/3261
f 2833/4734/3283 2818/4741/3292 2817/4717/3284
f 2822/4749/3264 2839/4750/3358 2823/4751/3271
f 2792/4708/3288 2810/4713/3289 2794/4689/3290
f 2823/4751/3271 2825/4752/3272 2809/4753/3324
f 2764/4671/3315 2781/4694/3254 2765/4658/3334
f 2768/4660/3316 2749/4649/1642 2747/4673/3317
f 2767/4754/3312 2784/4698/3280 2768/4660/3316
f 2756/4652/1640 2774/4654/3360 2757/4676/1628
f 2786/4683/3330 2771/4755/3310 2770/4674/3346
f 2738/4670/1631 2763/4656/3308 2739/4756/1576
f 2774/4654/3360 2791/4707/3326 2775/4677/3305
f 2765/4658/3334 2744/4646/1580 2742/4757/3321
f 2771/4662/3310 2754/4650/1639 2752/4758/3362
f 2743/1791/1572 2744/1788/1580 2745/1787/1570
f 2759/4759/1573 2761/4638/3303 2737/4640/3304
f 2738/1785/1631 2740/1793/1635 2735/1783/1629
f 2776/4688/3325 2762/4657/3351 2760/4669/3332
f 2374/4222/3288 2359/4209/3278 2358/4760/3325
f 2373/4207/3277 2358/4760/3325 2357/4250/3306
f 2372/4208/3274 2357/4250/3306 2356/4761/3326
f 2371/4191/3265 2356/4762/3326 2355/4763/3327
f 2370/4183/3257 2355/4763/3327 2354/4244/3301
f 2369/4181/3255 2354/4244/3301 2353/4764/3328
f 2352/4765/3329 2369/4181/3255 2353/4764/3328
f 2351/4766/3330 2368/4227/3293 2352/4767/3329
f 2349/4213/3281 2367/4228/3294 2351/4766/3330
f 2378/4179/3253 2363/4768/3331 2362/4180/3254
f 2379/4193/3267 2364/4259/3311 2363/4768/3331
f 2364/4515/3311 2334/4267/3316 2348/4769/3312
f 2358/4760/3325 2343/4255/3309 2342/4770/3332
f 2339/4771/3345 2356/4762/3326 2340/4772/3305
f 2352/4765/3329 2337/4243/3300 2336/4773/3310
f 2350/4212/3280 2333/4270/3319 2334/4267/3316
f 2330/4253/1643 2348/4260/3312 2332/4774/1579
f 2343/4255/3309 2325/4775/3314 2324/4776/1563
f 2340/4249/3305 2320/4248/3304 2319/4777/1573
f 2314/4778/1561 2338/4245/3302 2315/4262/3313
f 2335/4269/3318 2843/4779/1577 2333/4270/3319
f 2332/1807/1579 2841/1696/1553 2331/1701/1558
f 2326/1693/1550 2327/1708/1565 2328/1700/1557
f 2322/1707/1564 2321/1703/1560 2320/4780/3304
f 2361/4178/3252 2346/4781/3334 2345/4264/3315
f 2409/4782/3287 2394/4192/3266 2393/4184/3258
f 2314/1704/1561 2316/1698/1555 2313/1702/1559
f 2341/4246/3303 2358/4760/3325 2342/4770/3332
f 2338/4245/3302 2355/4763/3327 2339/4771/3345
f 2351/4766/3330 2336/4257/3310 2335/4269/3318
f 2346/4781/3334 2363/4768/3331 2347/4252/3307
f 2345/4264/3315 2329/4251/1566 2327/4265/1565
f 2342/4770/3332 2324/4776/1563 2322/4247/1564
f 2339/4771/3345 2319/4783/1573 2317/4261/1574
f 2336/4773/3310 2314/4778/1561 2312/4784/1562
f 2334/4267/3316 2843/4779/1577 2310/4268/3317
f 2324/1706/1563 2326/1693/1550 2323/1695/1552
f 2319/1803/1573 2321/1703/1560 2318/1699/1556
f 2841/1696/1553 2843/1805/1577 2842/1697/1554
f 2344/4785/3308 2361/4178/3252 2345/4264/3315
f 2328/1700/1557 2330/1808/1643 2331/1701/1558
f 2406/4218/3285 2391/4223/3289 2390/4214/3282
f 834/431/402 835/442/2172 833/432/403
f 5/1809/1644 6/1851/1653 7/1810/1645
f 9/1812/1647 10/4786/1647 11/1813/1647
f 11/1813/1647 10/4786/1647 13/1815/1647
f 13/1815/1647 15/1818/1647 16/1817/1647
f 12/1814/1647 16/1817/1647 15/1818/1647
f 12/1819/1648 11/4787/1648 17/1820/1648
f 11/1822/1649 14/4788/1649 19/1823/1649
f 14/1825/1650 16/4789/1650 20/1826/1650
f 16/1828/1651 12/4790/1651 18/1829/1651
f 21/1831/1 22/1837/1 18/1832/1
f 17/1833/1 19/4791/1 23/1834/1
f 23/1834/1 19/4791/1 20/1835/1
f 22/1837/1 24/1836/1 20/1835/1
f 22/1838/1648 21/4792/1648 25/1839/1648
f 21/1841/1649 23/4793/1649 27/1842/1649
f 23/1844/1650 24/4794/1650 28/1845/1650
f 24/1847/1651 22/4795/1651 26/1848/1651
f 5/1809/1644 26/1854/1652 25/1850/1652
f 6/1851/1653 25/1850/1654 27/1852/1654
f 8/1811/1646 7/1810/1645 27/1852/1655
f 8/1811/1646 28/1853/1656 26/1854/1656
f 9/1855/1648 1/1924/1648 29/1856/1648
f 31/1858/1648 32/4796/1648 33/1859/1648
f 38/1861/1650 35/4797/1650 36/1862/1650
f 10/1864/1649 4/1935/1649 39/1865/1649
f 44/1867/1649 41/4798/1649 42/1868/1649
f 47/1870/1651 48/4799/1651 45/1871/1651
f 29/1873/1 49/4800/1 32/1874/1
f 49/1876/1651 50/4801/1651 33/1877/1651
f 50/1879/1647 30/4802/1647 34/1880/1647
f 30/1882/1649 29/4803/1649 31/1883/1649
f 51/1885/1 52/4804/1 36/1886/1
f 52/1888/1649 53/4805/1649 37/1889/1649
f 53/1891/1647 54/4806/1647 38/1892/1647
f 54/1894/1651 51/4807/1651 35/1895/1651
f 39/1897/1 55/4808/1 42/1898/1
f 55/1900/1648 56/4809/1648 43/1901/1648
f 56/1903/1647 40/4810/1647 44/1904/1647
f 40/1906/1650 39/4811/1650 41/1907/1650
f 57/1909/1 58/4812/1 46/1910/1
f 58/1912/1650 59/4813/1650 47/1913/1650
f 59/1915/1647 60/4814/1647 48/1916/1647
f 60/1918/1648 57/4815/1648 45/1919/1648
f 10/1921/1648 50/1943/1648 49/1922/1648
f 1/1924/1648 4/1923/1648 49/1922/1648
f 2/1925/1650 52/1945/1650 51/1926/1650
f 13/1928/1650 3/1927/1650 51/1926/1650
f 15/1930/1650 13/1928/1650 54/1929/1650
f 13/1932/1649 56/1944/1649 55/1933/1649
f 4/1935/1649 3/1934/1649 55/1933/1649
f 1/1936/1651 58/1946/1651 57/1937/1651
f 15/1939/1651 2/1938/1651 57/1937/1651
f 9/1941/1651 15/1939/1651 60/1940/1651
f 9/1855/1648 30/1857/1648 50/1943/1648
f 10/1864/1649 40/1866/1649 56/1944/1649
f 15/1930/1650 53/1931/1650 52/1945/1650
f 9/1941/1651 59/1942/1651 58/1946/1651
f 61/1947/1649 62/1950/1657 63/1948/1657
f 62/1950/1657 65/1952/1658 66/1951/1658
f 65/1952/1658 67/1954/1659 68/1953/1659
f 67/1954/1659 69/4816/1660 70/1955/1660
f 69/1956/1660 71/1959/1650 72/1957/1650
f 71/1959/1650 73/1961/1661 74/1960/1661
f 73/1961/1661 75/1963/1662 76/1962/1662
f 75/1963/1662 77/1965/1663 78/1964/1663
f 77/1965/1663 79/4817/1664 80/1966/1664
f 79/1967/1664 81/1970/1651 82/1968/1651
f 81/1970/1651 83/1972/1665 84/1971/1665
f 83/1972/1665 85/1974/1666 86/1973/1666
f 85/1974/1666 87/1976/1667 88/1975/1667
f 87/1976/1667 89/4818/1668 90/1977/1668
f 89/1978/1668 91/1981/1648 92/1979/1648
f 91/1981/1648 93/1983/1669 94/1982/1669
f 93/1983/1669 95/1985/1670 96/1984/1670
f 95/1985/1670 97/1987/1671 98/1986/1671
f 97/1987/1671 99/4819/1672 100/1988/1672
f 99/1989/1672 61/1947/1649 64/1949/1649
f 102/1991/1673 64/1949/1673 63/1948/1674
f 103/1993/1675 101/1992/1674 63/1948/1674
f 104/1994/1676 103/1993/1675 66/1951/1675
f 105/1995/1677 104/1994/1676 68/1953/1676
f 106/1996/1678 105/4820/1677 70/1958/1677
f 106/1996/1678 72/1957/1678 74/1960/1679
f 107/1997/1680 74/1960/1679 76/1962/1681
f 108/1998/1681 76/1962/1681 78/1964/1682
f 109/1999/1682 78/1964/1682 80/1966/1683
f 111/2001/1684 110/4821/1683 80/1969/1683
f 111/2001/1684 82/1968/1684 84/1971/1685
f 112/2002/1685 84/1971/1685 86/1973/1686
f 113/2003/1686 86/1973/1686 88/1975/1687
f 114/2004/1687 88/1975/1687 90/1977/1688
f 116/2006/1689 115/4822/1688 90/1980/1688
f 116/2006/1689 92/1979/1689 94/1982/1690
f 117/2007/1690 94/1982/1690 96/1984/1691
f 118/2008/1691 96/1984/1691 98/1986/1692
f 119/2009/1692 98/1986/1692 100/1988/1693
f 120/2011/1694 100/1990/1693 64/1949/1673
f 121/2012/1 122/2051/1 102/2013/1
f 121/2012/1 101/2014/1 103/2015/1
f 123/2016/1 103/2015/1 104/2017/1
f 124/2018/1 104/2017/1 105/2019/1
f 125/2020/1 105/2019/1 106/2021/1
f 127/2023/1 126/2022/1 106/2021/1
f 128/2025/1 127/2023/1 107/2024/1
f 129/2027/1 128/2025/1 108/2026/1
f 130/2029/1 129/2027/1 109/2028/1
f 130/2029/1 110/2030/1 111/2031/1
f 132/2033/1 131/2032/1 111/2031/1
f 133/2035/1 132/2033/1 112/2034/1
f 133/2035/1 113/2036/1 114/2037/1
f 134/2038/1 114/2037/1 115/2039/1
f 135/2040/1 115/2039/1 116/2041/1
f 136/2042/1 116/2041/1 117/2043/1
f 138/2045/1 137/2044/1 117/2043/1
f 139/2047/1 138/2045/1 118/2046/1
f 140/2049/1 139/2047/1 119/2048/1
f 122/2051/1 140/2049/1 120/2050/1
f 122/2052/1649 121/2055/1657 141/2053/1657
f 121/2055/1657 123/2057/1658 143/2056/1658
f 123/2057/1658 124/2059/1659 144/2058/1659
f 124/2059/1659 125/4823/1660 145/2060/1660
f 125/2061/1660 126/2064/1650 146/2062/1650
f 126/2064/1650 127/2066/1661 147/2065/1661
f 127/2066/1661 128/2068/1662 148/2067/1662
f 128/2068/1662 129/2070/1663 149/2069/1663
f 129/2070/1663 130/4824/1664 150/2071/1664
f 130/2072/1664 131/2075/1651 151/2073/1651
f 131/2075/1651 132/2077/1665 152/2076/1665
f 132/2077/1665 133/2079/1666 153/2078/1666
f 133/2079/1666 134/2081/1667 154/2080/1667
f 134/2081/1667 135/4825/1668 155/2082/1668
f 135/2083/1668 136/2086/1648 156/2084/1648
f 136/2086/1648 137/2088/1669 157/2087/1669
f 137/2088/1669 138/2090/1670 158/2089/1670
f 138/2090/1670 139/2092/1671 159/2091/1671
f 139/2092/1671 140/4826/1672 160/2093/1672
f 140/2094/1672 122/2052/1649 142/2054/1649
f 161/2096/1695 162/2135/1696 142/2097/1696
f 161/2096/1695 141/2098/1695 143/2099/1697
f 163/2100/1697 143/2099/1697 144/2101/1698
f 165/2103/1699 164/2102/1698 144/2101/1698
f 165/2103/1699 145/2104/1699 146/2105/1700
f 167/2107/1701 166/2106/1700 146/2105/1700
f 168/2109/1702 167/2107/1701 147/2108/1701
f 169/2111/1703 168/2109/1702 148/2110/1702
f 170/2113/1704 169/2111/1703 149/2112/1703
f 170/2113/1704 150/2114/1704 151/2115/1705
f 171/2116/1705 151/2115/1705 152/2117/1706
f 173/2119/1708 172/2118/1707 152/2117/1706
f 174/2121/1709 173/2119/1708 153/2120/1708
f 175/2123/1710 174/2121/1709 154/2122/1709
f 175/2123/1710 155/2124/1710 156/2125/1711
f 176/2126/1712 156/2125/1711 157/2127/1713
f 177/2128/1713 157/2127/1713 158/2129/1714
f 178/2130/1714 158/2129/1714 159/2131/1715
f 180/2133/1716 179/2132/1715 159/2131/1715
f 162/2135/1696 180/2133/1716 160/2134/1716
f 162/2136/1649 161/2139/1657 181/2137/1657
f 161/2139/1657 163/2141/1658 183/2140/1658
f 163/2141/1658 164/2143/1659 184/2142/1659
f 164/2143/1659 165/4827/1660 185/2144/1660
f 165/2145/1660 166/2148/1650 186/2146/1650
f 166/2148/1650 167/2150/1661 187/2149/1661
f 167/2150/1661 168/2152/1662 188/2151/1662
f 168/2152/1662 169/2154/1663 189/2153/1663
f 169/2154/1663 170/4828/1664 190/2155/1664
f 170/2156/1664 171/2159/1651 191/2157/1651
f 171/2159/1651 172/2162/1665 192/2160/1665
f 193/2161/1666 192/2160/1665 172/2162/1665
f 173/2163/1666 174/2165/1667 194/2164/1667
f 174/2165/1667 175/4829/1668 195/2166/1668
f 175/2167/1668 176/2170/1648 196/2168/1648
f 176/2170/1648 177/2172/1669 197/2171/1669
f 177/2172/1669 178/2174/1670 198/2173/1670
f 178/2174/1670 179/2176/1671 199/2175/1671
f 179/2176/1671 180/4830/1672 200/2177/1672
f 180/2178/1672 162/2136/1649 182/2138/1649
f 202/2180/1717 182/2138/1717 181/2137/1718
f 203/2182/1719 201/2181/1718 181/2137/1718
f 204/2183/1720 203/2182/1719 183/2140/1719
f 205/2184/1721 204/4831/1720 184/2185/1720
f 205/2184/1721 185/2186/1721 186/2187/1722
f 207/2189/1723 206/2221/1722 186/2146/1722
f 187/2149/1723 188/2151/1724 208/2190/1724
f 208/2190/1724 188/2151/1724 189/2153/1725
f 209/2192/1725 189/4832/1725 190/2193/1726
f 211/2195/1727 210/2194/1726 190/2193/1726
f 212/2197/1728 211/2229/1727 191/2157/1727
f 213/2198/1729 212/2197/1728 192/2160/1728
f 214/2199/1730 213/2198/1729 193/2161/1729
f 214/2200/1730 194/4833/1730 195/2201/1731
f 216/2203/1732 215/2202/1731 195/2201/1731
f 217/2205/1733 216/2237/1732 196/2168/1732
f 218/2206/1734 217/2205/1733 197/2171/1733
f 219/2207/1735 218/2206/1734 198/2173/1734
f 220/2208/1736 219/4834/1735 199/2209/1735
f 220/2208/1736 200/2210/1736 182/2211/1717
f 202/2180/1649 201/2181/1657 221/2213/1657
f 201/2181/1657 203/2182/1658 223/2215/1658
f 203/2182/1658 204/2183/1659 224/2216/1659
f 204/2183/1659 205/4835/1660 225/2217/1660
f 205/2218/1660 206/2221/1650 226/2219/1650
f 206/2221/1650 207/2189/1661 227/2222/1661
f 207/2189/1661 208/2190/1662 228/2223/1662
f 208/2190/1662 209/2191/1663 229/2224/1663
f 209/2191/1663 210/4836/1664 230/2225/1664
f 210/2226/1664 211/2229/1651 231/2227/1651
f 211/2229/1651 212/2197/1665 232/2230/1665
f 212/2197/1665 213/2198/1666 233/2231/1666
f 213/2198/1666 214/2199/1667 234/2232/1667
f 214/2199/1667 215/4837/1668 235/2233/1668
f 215/2234/1668 216/2237/1648 236/2235/1648
f 216/2237/1648 217/2205/1669 237/2238/1669
f 217/2205/1669 218/2206/1670 238/2239/1670
f 218/2206/1670 219/2207/1671 239/2240/1671
f 219/2207/1671 220/4838/1672 240/2241/1672
f 220/2242/1672 202/2180/1649 222/2214/1649
f 242/2244/1737 222/2283/1737 221/2245/1738
f 241/2246/1738 221/2245/1738 223/2247/1739
f 243/2248/1739 223/2247/1739 224/2249/1740
f 245/2251/1741 244/2250/1740 224/2249/1740
f 246/2253/1742 245/2251/1741 225/2252/1741
f 246/2253/1742 226/2254/1742 227/2255/1743
f 247/2256/1743 227/2255/1743 228/2257/1744
f 249/2259/1745 248/2258/1744 228/2257/1744
f 250/2261/1746 249/2259/1745 229/2260/1745
f 251/2263/1747 250/2261/1746 230/2262/1746
f 251/2263/1747 231/2264/1747 232/2265/1748
f 252/2266/1748 232/2265/1748 233/2267/1749
f 253/2268/1749 233/2267/1749 234/2269/1750
f 255/2271/1751 254/2270/1750 234/2269/1750
f 256/2273/1752 255/2271/1751 235/2272/1751
f 256/2273/1752 236/2274/1752 237/2275/1753
f 257/2276/1753 237/2275/1753 238/2277/1754
f 259/2279/1755 258/2278/1754 238/2277/1754
f 259/2279/1755 239/2280/1755 240/2281/1756
f 242/2244/1737 260/2282/1756 240/2281/1756
f 242/2284/1649 241/2287/1657 261/2285/1657
f 241/2287/1657 243/2289/1658 263/2288/1658
f 243/2289/1658 244/2291/1659 264/2290/1659
f 244/2291/1659 245/4839/1660 265/2292/1660
f 245/2293/1660 246/2296/1650 266/2294/1650
f 246/2296/1650 247/2298/1661 267/2297/1661
f 247/2298/1661 248/2300/1662 268/2299/1662
f 248/2300/1662 249/2302/1663 269/2301/1663
f 249/2302/1663 250/4840/1664 270/2303/1664
f 250/2304/1664 251/2307/1651 271/2305/1651
f 251/2307/1651 252/2309/1665 272/2308/1665
f 252/2309/1665 253/2311/1666 273/2310/1666
f 253/2311/1666 254/2313/1667 274/2312/1667
f 254/2313/1667 255/4841/1668 275/2314/1668
f 255/2315/1668 256/2318/1648 276/2316/1648
f 256/2318/1648 257/2320/1669 277/2319/1669
f 257/2320/1669 258/2322/1670 278/2321/1670
f 258/2322/1670 259/2324/1671 279/2323/1671
f 259/2324/1671 260/4842/1672 280/2325/1672
f 260/2326/1672 242/2284/1649 262/2286/1649
f 282/2328/1757 262/2367/1757 261/2329/1758
f 281/2330/1758 261/2329/1758 263/2331/1759
f 283/2332/1759 263/2331/1759 264/2333/1760
f 284/2334/1760 264/2333/1760 265/2335/1761
f 285/2336/1761 265/2335/1761 266/2337/1762
f 287/2339/1763 286/2338/1762 266/2337/1762
f 288/2341/1764 287/2339/1763 267/2340/1763
f 289/2343/1765 288/2341/1764 268/2342/1764
f 290/2345/1766 289/2343/1765 269/2344/1765
f 291/2347/1767 290/2345/1766 270/2346/1766
f 291/2347/1767 271/2348/1767 272/2349/1768
f 292/2350/1768 272/2349/1768 273/2351/1769
f 293/2352/1769 273/2351/1769 274/2353/1770
f 294/2354/1770 274/2353/1770 275/2355/1771
f 295/2356/1771 275/2355/1771 276/2357/1772
f 296/2358/1772 276/2357/1772 277/2359/1773
f 297/2360/1773 277/2359/1773 278/2361/1774
f 298/2362/1774 278/2361/1774 279/2363/1775
f 300/2365/1776 299/2364/1775 279/2363/1775
f 282/2328/1757 300/2365/1776 280/2366/1776
f 282/2368/1649 281/2371/1657 301/2369/1657
f 281/2371/1657 283/2373/1658 303/2372/1658
f 283/2373/1658 284/2375/1659 304/2374/1659
f 284/2375/1659 285/4843/1660 305/2376/1660
f 285/2377/1660 286/2380/1650 306/2378/1650
f 286/2380/1650 287/2382/1661 307/2381/1661
f 287/2382/1661 288/2384/1662 308/2383/1662
f 288/2384/1662 289/2386/1663 309/2385/1663
f 289/2386/1663 290/4844/1664 310/2387/1664
f 290/2388/1664 291/2391/1651 311/2389/1651
f 291/2391/1651 292/2393/1665 312/2392/1665
f 292/2393/1665 293/2395/1666 313/2394/1666
f 293/2395/1666 294/2397/1667 314/2396/1667
f 294/2397/1667 295/4845/1668 315/2398/1668
f 295/2399/1668 296/2402/1648 316/2400/1648
f 296/2402/1648 297/2404/1669 317/2403/1669
f 297/2404/1669 298/2406/1670 318/2405/1670
f 298/2406/1670 299/2408/1671 319/2407/1671
f 299/2408/1671 300/4846/1672 320/2409/1672
f 300/2410/1672 282/2368/1649 302/2370/1649
f 301/1/1 303/6/2 322/5/2
f 323/8/3 322/5/2 304/4/1
f 324/11/3 323/8/3 306/7/3
f 325/2412/1569 324/11/3 308/10/1
f 325/2412/1569 309/2413/1569 310/2414/1569
f 327/2416/1569 326/2415/1569 311/2417/1
f 328/2419/4 327/2416/1569 313/2420/1
f 329/14/4 328/2419/4 315/2422/4
f 317/13/4 318/4847/3364 330/2423/1
f 330/2423/1 318/4847/3364 319/18/1
f 320/16/1 302/3/2 321/2/2
f 332/2424/1777 321/25/11 322/2425/1778
f 334/2426/1780 322/2425/3365 323/2427/1781
f 335/2429/1783 323/4848/3366 324/2430/1784
f 336/2431/1786 324/2430/3367 325/21/7
f 338/2432/1787 326/2435/5 327/2433/1788
f 339/2434/1790 327/2433/3368 328/2437/1791
f 328/2439/1793 329/24/10 341/2440/1794
f 330/22/8 331/2446/13 343/2442/1796
f 345/2443/1797 344/2449/1801 332/2444/1798
f 334/2445/1799 335/2452/1804 346/2450/1802
f 347/2451/1803 346/2450/1802 335/2452/1804
f 348/2454/1806 347/2451/1803 336/2453/1805
f 350/2455/1807 349/29/15 338/28/14
f 353/2457/1809 352/32/18 341/34/20
f 355/2458/1810 354/36/22 343/35/21
f 356/2459/1811 344/4849/3369 345/2460/1812
f 345/2460/1813 346/4850/3370 358/2461/40
f 358/54/40 346/4851/3371 347/40/26
f 348/38/24 349/4852/29 361/2462/42
f 350/41/27 351/4853/3372 363/2463/1814
f 363/2463/1815 351/4853/3373 352/2464/1816
f 352/2466/1818 353/46/32 365/45/31
f 355/2468/33 344/4849/3374 356/2459/1819
f 368/51/37 367/2478/3375 356/2459/1811
f 357/49/35 358/2461/40 370/2470/1820
f 372/60/46 371/53/39 359/52/38
f 373/58/44 360/39/25 361/2462/42
f 375/63/49 362/42/28 363/2463/1814
f 1/2473/1647 2/4854/1647 3/2474/1647
f 377/64/50 376/61/47 363/2463/1815
f 378/68/54 364/2467/1817 365/45/31
f 380/2477/1821 379/66/52 365/45/31
f 367/2478/1822 380/4855/3376 366/2469/34
f 381/73/59 367/2478/3375 368/51/37
f 369/50/36 370/2470/1820 383/2479/1823
f 383/2480/1823 370/2471/1820 371/53/39
f 384/2481/1825 371/53/39 372/60/46
f 373/58/44 374/2472/41 386/2482/1826
f 386/2483/1827 374/55/41 375/63/49
f 388/2484/51 377/2476/50 378/68/54
f 390/71/57 379/66/52 380/2477/1821
f 391/75/61 380/4855/3376 367/2478/1822
f 395/2486/62 394/4856/55 383/2480/1823
f 384/2481/1825 385/59/45 396/2487/67
f 397/2488/65 396/2487/67 385/59/45
f 386/2483/1827 387/62/48 398/2489/1829
f 398/2489/1831 387/62/48 388/65/51
f 400/2492/71 399/4857/3377 388/2484/51
f 402/2493/72 401/72/58 390/71/57
f 403/2494/1833 404/2499/1835 393/2495/60
f 403/2494/1833 392/2496/56 394/78/55
f 397/80/65 398/2498/1834 408/85/70
f 410/88/73 409/84/69 400/86/71
f 404/2499/1835 410/88/73 402/87/72
f 413/2500/1836 405/4858/3378 406/2501/1837
f 406/2501/1840 407/4859/3379 415/2504/1841
f 421/2505/1843 420/2529/3380 422/2506/1844
f 423/2511/1849 422/4860/3381 424/2512/1850
f 425/2513/1852 424/2512/3382 426/2514/1853
f 427/2516/1855 426/4861/3383 428/2517/1856
f 429/2518/1858 428/2517/3384 430/2519/1859
f 431/2521/1861 430/4862/3385 432/2522/1862
f 433/2523/1864 432/2522/3386 434/2524/1865
f 435/2525/1867 434/2524/3387 436/2526/1868
f 437/2528/1870 436/4863/3388 420/2529/1871
f 445/2530/96 447/2542/1873 440/2531/91
f 434/4864/1651 432/4865/1651 430/2533/1651
f 430/2533/1651 428/4866/1651 426/4867/1651
f 426/4867/1651 424/4868/1651 422/2534/1651
f 422/2534/1651 420/4869/1651 436/2535/1651
f 436/2535/1651 434/4864/1651 430/2533/1651
f 430/2533/1651 426/4867/1651 422/2534/1651
f 425/4870/1649 427/4871/1649 429/2536/1649
f 429/2536/1649 431/4872/1649 433/4873/1649
f 433/4873/1649 435/4874/1649 437/2537/1649
f 437/2537/1649 421/4875/1649 423/2538/1649
f 423/2538/1649 425/4870/1649 429/2536/1649
f 429/2536/1649 433/4873/1649 437/2537/1649
f 440/2531/91 447/2542/1873 448/115/98
f 449/2539/99 450/118/101 442/109/93
f 443/110/94 452/119/102 453/120/103
f 455/123/106 454/126/108 445/2540/96
f 454/2541/108 456/130/112 447/2542/1873
f 456/130/112 457/133/115 448/115/98
f 457/2543/115 458/136/118 449/2544/99
f 458/136/118 459/138/105 450/2546/101
f 460/121/104 461/2547/122 452/119/102
f 461/2547/122 462/2548/107 453/120/103
f 455/123/106 464/2554/1 463/127/109
f 454/2541/108 465/4876/110 466/131/113
f 456/130/112 467/129/111 468/134/116
f 457/2543/115 469/2563/114 470/137/119
f 458/136/118 471/135/117 472/139/120
f 473/140/121 474/4877/1874 460/2549/104
f 475/142/123 461/141/122 460/2550/104
f 476/2552/124 477/4878/126 462/2548/107
f 478/144/125 464/2554/1 455/123/106
f 480/2553/1875 479/2558/128 463/127/109
f 465/2555/110 479/147/128 481/2556/1876
f 467/129/111 481/2560/1876 482/2559/1877
f 482/2559/1877 483/4879/1879 469/132/114
f 484/2561/1878 471/135/117 470/137/119
f 484/2561/1878 485/150/131 472/139/120
f 473/2564/121 485/2575/131 486/2565/1880
f 486/2565/1880 487/153/134 475/142/123
f 476/143/124 487/153/134 488/155/136
f 478/144/125 488/2567/136 480/2553/1875
f 490/146/127 491/2569/1881 481/2556/1876
f 491/2569/1881 492/2571/1882 482/2570/1877
f 492/2571/1882 493/2578/1883 483/2572/1879
f 493/2573/1883 494/151/132 484/2561/1878
f 495/2574/130 496/154/135 486/2565/1880
f 498/2576/137 489/2568/129 480/2553/1875
f 499/159/140 500/158/139 490/146/127
f 500/158/139 501/160/141 492/2571/1882
f 501/160/141 502/161/142 494/2577/132
f 503/2579/143 496/154/135 495/2574/130
f 503/2579/143 504/2583/144 497/152/133
f 498/2582/137 504/163/144 499/159/140
f 512/2584/151 514/181/159 508/2585/147
f 508/2585/147 514/181/159 515/175/154
f 511/169/150 520/180/158 513/2587/152
f 522/191/167 521/193/169 512/170/151
f 512/2584/151 521/2590/169 523/182/160
f 516/2588/153 525/199/162 526/186/163
f 529/190/166 530/2589/168 520/180/158
f 522/191/167 532/2596/1884 531/194/170
f 523/182/160 533/2591/171 534/197/173
f 524/183/161 535/196/172 536/2592/175
f 537/198/174 538/2602/1647 526/186/163
f 526/186/163 538/2602/1647 539/201/176
f 540/2593/177 541/4880/178 528/188/165
f 542/205/179 543/2606/1889 529/2594/166
f 529/2595/166 543/4881/1889 544/207/181
f 545/206/180 532/2596/1884 522/191/167
f 532/2596/1884 547/2609/1890 546/2597/183
f 534/197/173 548/2599/182 549/2598/1885
f 549/2598/1885 550/4882/188 536/2592/175
f 551/2600/1886 538/2602/1647 537/198/174
f 551/2600/1886 552/218/191 539/201/176
f 540/2603/177 552/2614/191 553/2604/1887
f 542/205/179 553/2604/1887 554/2605/1888
f 554/2607/1888 547/2609/1890 545/206/180
f 547/2609/1890 556/2616/1892 555/2610/184
f 558/213/186 559/216/189 549/2611/1885
f 560/2612/187 561/219/192 551/2600/1886
f 562/2613/190 563/2615/1891 553/2604/1887
f 563/2615/1891 564/2621/1893 554/2605/1888
f 554/2607/1888 564/4883/1893 556/2616/1892
f 569/222/195 565/221/194 555/211/184
f 566/223/196 559/216/189 558/213/186
f 567/224/197 561/4884/192 560/214/187
f 567/2618/197 568/2620/198 562/2613/190
f 568/2620/198 569/2625/195 564/2621/1893
f 573/2622/1894 574/4885/3389 571/2623/1895
f 576/2626/1897 575/2630/1914 571/2627/1898
f 576/2626/1900 578/4886/3390 577/2629/1901
f 581/2631/1903 580/4887/1917 579/231/1904
f 583/227/1907 582/226/1922 580/2633/1908
f 572/233/1896 571/2623/1895 584/2635/1910
f 584/2637/1910 587/242/212 588/2638/1913
f 584/2640/1915 575/2630/1914 590/2643/1918
f 577/2629/1901 591/245/215 590/2643/1919
f 586/236/202 592/235/206 591/2645/1920
f 594/2647/218 593/237/1931 586/236/1916
f 595/239/1921 594/248/218 580/2633/1908
f 585/2648/205 588/240/210 595/239/209
f 596/2649/1923 587/242/212 597/241/1924
f 589/2644/213 590/2643/1918 599/251/1926
f 591/245/215 600/244/214 599/251/221
f 593/237/1927 601/256/3391 600/254/1928
f 596/238/208 598/4888/3392 602/249/1930
f 597/241/1924 603/258/1936 604/2652/1932
f 599/251/1926 605/250/3393 603/2653/1933
f 600/244/214 607/2659/1939 606/252/222
f 601/247/217 602/249/219 610/264/241
f 602/249/1930 598/4888/3392 604/265/233
f 605/2655/229 616/2665/1949 614/268/236
f 618/2658/1938 617/270/1951 606/252/222
f 612/262/230 619/277/249 618/2660/1940
f 612/262/230 609/4889/1934 621/2661/1941
f 613/263/1943 622/2663/1954 621/271/1944
f 624/281/253 625/280/252 623/274/1946
f 617/270/238 626/2671/1960 624/2664/1948
f 627/2666/1950 626/2671/1963 617/270/1951
f 619/277/249 628/276/248 627/2667/1952
f 621/2661/1941 629/4890/1967 628/276/1953
f 622/2663/1954 630/2677/1968 629/2668/1955
f 622/275/246 623/274/245 625/280/1956
f 634/2669/1958 632/2681/259 631/2670/258
f 626/2671/1960 635/289/264 634/2669/1961
f 636/2672/1962 635/2685/264 626/2673/1963
f 628/276/1964 637/4891/3394 636/2675/1965
f 629/2668/1967 638/293/268 637/292/267
f 630/2677/1968 639/295/270 638/293/268
f 641/2678/1969 642/2688/1976 640/285/1970
f 634/2669/1958 643/288/273 641/297/272
f 645/2682/1971 644/2684/1978 636/2672/1972
f 640/285/261 642/2688/1983 647/2686/275
f 641/2678/1969 648/2694/1985 649/305/1975
f 643/288/263 644/290/265 651/301/278
f 644/2684/1978 645/2682/1971 652/2689/1979
f 646/291/266 653/2692/3395 652/2691/1981
f 647/294/269 654/298/1993 653/2692/1982
f 649/305/281 655/304/276 647/2686/275
f 656/2693/1984 657/303/1990 649/305/1975
f 652/2689/1979 659/4892/3396 658/2695/1986
f 652/2691/1981 653/2692/3395 660/2697/1988
f 657/303/1990 656/2693/1984 661/2699/1991
f 650/300/1977 663/306/2002 661/2700/1995
f 650/2701/277 658/2695/279 664/2702/283
f 658/2695/1986 659/4892/3396 665/2704/1996
f 660/2697/1988 666/2706/287 665/2705/286
f 654/298/1993 667/2716/2006 666/2706/1998
f 668/2707/290 667/2716/289 654/298/274
f 657/303/280 662/315/291 668/314/290
f 661/2708/1991 669/4893/3397 670/2709/1999
f 665/2704/1996 672/4894/3398 671/2711/2000
f 670/2709/1999 669/4893/3397 675/2713/2003
f 663/306/2002 677/322/303 675/2718/2008
f 663/306/282 671/308/284 678/323/297
f 671/2719/2000 672/317/3398 679/316/2009
f 681/2721/2011 680/2729/293 673/2714/2005
f 674/2723/288 682/2734/294 681/2721/2011
f 675/2713/2003 683/4895/3399 684/326/2012
f 679/316/2009 686/325/3400 685/2724/2013
f 684/326/2012 683/4895/3399 688/2725/2014
f 685/324/298 691/2735/2024 690/327/2018
f 685/2724/2013 686/325/3400 692/329/2020
f 694/2732/2022 693/2739/2027 687/2728/2017
f 684/326/300 689/2726/3401 694/2733/2022
f 688/2725/2014 695/2736/2030 696/338/2023
f 698/334/310 697/332/309 690/327/2018
f 699/333/2025 698/2744/2033 691/2731/2021
f 694/2732/2022 701/2742/2029 700/2738/2026
f 694/2732/2022 689/4896/3401 696/2741/314
f 695/2736/2030 703/4897/2035 704/336/2031
f 706/2743/2032 705/2754/311 698/2744/2033
f 703/2746/2035 707/2758/2043 708/2747/2036
f 709/2752/2038 707/2764/2047 703/2745/2034
f 705/335/311 710/339/315 709/2752/2039
f 712/2753/2040 711/4898/316 705/2754/311
f 706/2750/2037 700/2749/2028 713/2755/2041
f 701/2742/2029 714/346/2054 713/2757/2041
f 702/342/313 715/341/321 714/346/320
f 707/2758/2043 716/348/323 717/2759/2044
f 712/2756/2040 719/2766/2051 718/2761/2046
f 715/341/317 708/2760/2045 717/2765/2048
f 721/347/322 722/4899/2057 717/2759/2044
f 724/2767/2050 723/349/324 716/348/323
f 725/356/331 724/355/330 709/2752/2039
f 718/344/318 726/357/325 725/356/331
f 727/2769/326 726/4900/325 718/2761/2046
f 719/2766/2049 713/2755/2041 728/2770/2052
f 714/346/2054 729/360/2061 728/2771/2052
f 720/345/319 730/361/336 729/360/335
f 717/2765/2048 722/4901/2060 731/2772/2055
f 721/2773/322 733/4902/328 734/2774/2056
f 732/352/327 736/358/3402 735/2777/329
f 734/2774/2059 738/2792/2062 731/2780/2055
f 734/2774/2056 733/4902/328 739/2783/2063
f 724/355/2050 741/2787/2076 739/2785/2065
f 724/355/330 735/354/329 742/2786/2066
f 735/2777/329 736/358/3402 743/2788/2068
f 737/359/334 744/4903/3403 743/2788/2069
f 729/360/2061 745/367/2079 744/2789/2070
f 738/362/337 746/368/343 745/367/342
f 734/2774/2059 740/2784/3404 746/2791/2071
f 739/2783/2063 747/4904/3405 748/2793/2072
f 743/2788/2069 744/4903/3403 750/2794/2073
f 746/2791/2071 740/2784/3404 748/2793/2077
f 748/2793/2072 747/4904/3405 752/2797/2080
f 747/2795/2075 741/2787/2076 754/2799/2082
f 751/366/341 753/4905/3406 756/372/2084
f 573/2804/2088 583/4906/2088 581/2802/2088
f 581/2802/2088 578/4907/2088 576/2803/2088
f 576/2803/2088 574/4908/3407 573/2804/2088
f 755/2807/2090 756/4909/3408 753/2805/2089
f 753/2805/2089 752/4910/2090 754/2806/2090
f 761/2808/2091 760/2818/2104 757/375/2092
f 763/379/354 762/378/353 761/377/352
f 766/2809/360 765/381/356 764/380/355
f 771/2811/2096 770/2815/2101 769/2812/2097
f 771/2811/2099 759/4911/3409 758/389/364
f 775/2816/2102 776/2828/370 773/2817/362
f 760/2818/2104 777/2830/2112 775/2816/2105
f 778/2819/2106 777/2833/2114 760/376/351
f 779/2820/2107 778/2819/2106 762/378/353
f 765/381/356 780/2822/2108 779/2820/2107
f 774/2821/361 781/4912/366 780/2822/2108
f 774/386/2103 769/2814/2097 783/2823/2109
f 770/2815/2101 784/2825/2116 783/2824/2109
f 772/388/2100 785/2826/2118 784/2825/2110
f 773/387/362 786/4913/369 785/2826/2111
f 775/2816/2102 787/2831/2123 788/2827/368
f 777/2830/2112 789/4914/375 787/2831/374
f 790/2832/2113 789/2845/375 777/2833/2114
f 780/2822/2108 791/2843/2125 790/2832/2113
f 781/2834/366 792/2839/2120 791/2835/2115
f 783/2823/2109 793/4915/2128 792/390/365
f 784/2825/2116 794/2838/2131 793/2837/2117
f 785/2826/2118 795/397/2132 794/2838/2119
f 785/2826/2111 786/4913/369 788/398/368
f 792/2839/2120 798/403/3410 797/2840/2121
f 796/406/2122 787/400/2123 799/399/2126
f 789/2845/375 790/2832/2113 801/408/2129
f 797/2842/2124 802/409/382 801/408/381
f 797/2840/2121 798/403/3410 803/402/2130
f 794/2838/2131 805/416/2138 804/2847/378
f 806/417/388 805/416/387 794/2838/2119
f 799/399/2126 807/4916/3411 808/2848/2133
f 811/414/389 810/413/384 802/412/382
f 806/405/379 800/407/380 808/2848/2135
f 808/2848/2139 807/4916/2134 815/2854/2140
f 807/2850/2134 801/408/2129 818/427/2143
f 809/410/383 819/428/399 818/427/398
f 809/2858/383 810/2860/384 820/423/394
f 810/2860/384 814/4917/390 821/424/395
f 812/2853/2137 822/2870/2150 821/2861/2145
f 823/2863/2146 822/2870/2155 812/2853/2137
f 813/420/386 824/419/391 823/2864/2146
f 808/2866/2147 816/2867/2141 825/421/392
f 816/2867/2141 815/4918/2140 827/2868/2148
f 817/2856/2144 818/427/2143 829/426/2151
f 819/2859/399 820/423/394 830/429/2153
f 823/2863/2146 832/2874/2156 831/2873/2154
f 768/2879/2158 767/4919/3412 764/2877/2158
f 764/2877/2158 761/4920/2159 759/2878/2159
f 759/2878/2159 771/4921/2158 768/2879/2158
f 829/2882/2162 830/4922/3413 831/2880/2160
f 831/2880/2160 832/4923/3414 828/2881/2161
f 828/2881/2161 827/4924/3415 829/2882/2162
f 838/438/2163 839/437/2176 840/2883/2164
f 840/2883/2166 842/4925/2177 843/2886/2167
f 842/2887/2169 844/4926/3416 845/2888/2170
f 835/442/2172 847/444/2175 846/2890/416
f 850/2891/2174 849/4927/417 846/2890/416
f 846/443/413 851/445/415 852/2895/2179
f 852/2896/2180 853/2899/2192 839/2897/408
f 853/2899/2181 854/2914/419 848/2900/418
f 856/450/421 842/2887/2177 848/2894/2178
f 857/2902/2183 844/4926/3416 842/2887/2169
f 857/2903/2184 850/2909/2188 847/2904/414
f 858/2906/2185 860/2917/2200 859/2907/2186
f 851/445/415 859/2911/2190 861/2910/2189
f 861/2912/2191 862/453/2196 853/2899/2192
f 862/453/2193 863/4928/3417 855/2913/2194
f 864/2915/2198 860/2917/2205 858/2906/2187
f 866/2916/2199 865/4929/2207 859/2907/2186
f 865/2918/2201 867/2926/2210 861/2910/2189
f 868/454/2202 862/453/2196 861/2912/2191
f 864/2915/2198 871/2928/2213 866/2916/2204
f 873/2921/2206 872/2925/2209 865/2922/2207
f 876/2924/2208 875/2936/433 872/2925/2209
f 878/2929/2214 867/2926/2210 872/461/2211
f 879/2930/2216 868/454/2202 867/2919/2203
f 879/2932/2218 880/466/436 874/465/431
f 874/460/431 881/4930/435 882/2934/2219
f 882/2934/2220 883/2947/2234 871/458/429
f 871/2935/2213 883/2938/2224 876/2924/2221
f 886/468/438 885/467/437 875/2936/433
f 885/467/437 887/4931/2237 877/2939/434
f 888/2940/2225 878/2929/2214 877/463/2215
f 889/2942/2227 879/4932/2216 878/2929/2217
f 889/2943/2229 890/2944/2231 880/466/436
f 890/2944/2230 891/4933/2243 882/2945/2219
f 891/2946/2233 892/2958/2245 883/2947/2234
f 883/2938/2224 892/470/441 886/468/440
f 895/2948/2235 894/4934/2236 885/467/437
f 894/2949/2236 896/2966/2253 887/2950/2237
f 896/2952/2238 897/471/443 888/2940/2225
f 898/2953/2239 889/2942/2227 888/2940/2228
f 898/2954/2240 899/4935/3418 890/2944/2241
f 899/475/447 900/2969/450 891/2955/2243
f 891/2946/2233 900/478/450 901/2957/2244
f 892/2958/441 901/2957/2251 895/2959/2246
f 903/2961/2247 894/2949/2236 902/2962/2248
f 903/2961/2252 905/481/452 896/2966/2253
f 907/476/2254 899/475/3419 898/2967/2255
f 909/477/454 904/4936/3420 902/2965/2250
f 911/2970/2257 910/482/3421 903/2961/2247
f 905/472/444 912/486/458 913/485/457
f 906/473/2256 913/485/2264 914/2971/2258
f 914/2973/2259 915/489/2267 908/474/446
f 915/489/461 916/488/460 909/2974/449
f 911/2975/2260 904/4936/3420 909/477/454
f 918/2976/2261 910/482/3421 911/2970/2257
f 920/487/2263 921/2983/2272 914/2971/2258
f 914/2973/2259 921/2985/2274 922/490/2266
f 919/2977/2262 924/2988/2278 923/2978/2268
f 923/2980/2270 925/492/2281 912/486/451
f 912/486/458 925/492/464 926/491/463
f 920/487/2263 926/491/2280 927/2982/2271
f 927/2984/2273 928/495/467 922/490/2266
f 928/495/470 929/4937/469 916/488/460
f 930/2986/2275 917/484/456 916/483/455
f 930/2986/2275 924/2996/472 919/2979/2269
f 932/2987/2277 931/2993/2284 923/2978/2268
f 933/2989/2279 934/503/2287 927/2990/2271
f 932/500/2277 938/3001/2289 937/2994/2283
f 937/2997/2285 939/510/2292 925/492/2281
f 925/492/464 939/510/479 940/509/478
f 933/2989/2279 940/3003/2291 941/504/2286
f 943/514/483 929/497/469 935/499/466
f 943/514/483 944/507/476 936/506/473
f 946/3000/2288 945/3005/2294 937/2994/2283
f 947/3002/2290 948/513/2298 941/504/2286
f 946/3000/2288 951/3010/2301 950/3004/2293
f 952/517/2296 953/4938/3422 947/511/480
f 947/3002/2290 953/3011/2303 954/520/2297
f 956/527/495 943/514/483 949/516/484
f 956/3008/495 951/3010/2307 946/3000/2295
f 958/3009/2300 957/3014/2309 950/3004/2293
f 960/529/497 953/4938/3422 952/517/2296
f 961/525/2302 954/520/2297 953/3011/2303
f 962/531/2305 963/528/496 956/527/495
f 956/3008/495 964/3020/494 958/3009/2306
f 966/3013/2308 965/3019/2313 957/3014/2309
f 968/3015/2310 961/525/2302 960/3012/2304
f 970/3018/2312 969/4939/2322 965/3019/2313
f 971/3021/2315 959/523/491 965/3017/2311
f 971/3021/2317 972/4940/501 967/530/499
f 974/3023/2318 968/4941/2310 967/534/499
f 968/533/500 974/539/505 975/538/504
f 975/538/504 976/3032/2325 963/528/496
f 963/528/496 976/3032/2325 977/3024/2319
f 977/3025/2320 970/542/508 966/3026/2314
f 979/3028/2321 978/544/510 969/3022/2322
f 980/537/2323 981/4942/3423 974/3023/2318
f 983/545/511 978/544/510 979/3028/2321
f 986/555/521 971/3021/2315 978/544/510
f 987/3033/2326 972/4940/501 971/3021/2317
f 987/3034/2326 988/3036/516 980/537/503
f 989/3035/515 981/4942/3423 980/537/2323
f 981/540/506 989/553/519 990/552/518
f 990/552/518 991/560/2333 976/3032/2325
f 991/3037/525 992/548/514 982/543/509
f 993/547/513 984/4943/3424 979/541/507
f 996/3039/2328 995/3050/2330 983/3040/511
f 997/3042/2329 998/557/2338 994/551/517
f 996/3039/2331 984/3041/3424 993/3045/513
f 996/3039/2328 1002/3057/2343 1001/3049/2334
f 1001/3051/2335 1003/3060/2346 986/555/521
f 986/555/2327 1003/3060/3425 1004/3052/2336
f 997/3042/2329 1004/562/527 1005/3054/2337
f 1005/3054/2339 1006/3059/2345 999/558/524
f 1006/566/531 1007/565/530 991/560/2333
f 1007/565/2340 1008/3062/2350 1000/561/526
f 1008/3055/2341 1002/3057/2349 996/3039/2331
f 1010/3056/2342 1009/3064/2352 1001/3049/2334
f 1005/3054/2339 1011/564/2356 1012/3058/2344
f 1008/3055/2341 1013/3069/533 1010/3056/2348
f 1010/3056/2342 1015/3070/3426 1014/3063/2351
f 1009/3061/2347 1014/4944/3427 1016/3065/2353
f 1016/3065/2354 1017/4945/3428 1011/3066/529
f 1017/3067/2355 1018/4946/3429 1012/3058/2344
f 1019/569/2357 1007/565/530 1012/567/532
f 838/3073/2359 841/4947/3430 843/3071/2359
f 843/3071/2359 845/4948/3430 834/3072/2359
f 834/3072/2359 837/4949/2359 838/3073/2359
f 1017/3076/2360 1016/4950/3431 1014/3074/2360
f 1014/3074/2360 1015/4951/3432 1019/3075/2360
f 1019/3075/2360 1018/4952/3431 1017/3076/2360
f 1020/3077/2361 1023/575/2372 1024/574/2362
f 1026/3079/543 1027/4953/3433 1024/574/539
f 1029/586/551 1030/4954/3434 1027/577/542
f 1032/580/545 1033/585/550 1034/584/549
f 1034/3081/2366 1035/3086/2370 1022/572/2367
f 1038/3082/2369 1020/573/538 1036/592/557
f 1038/3087/2371 1040/3089/2382 1023/575/2372
f 1041/3088/2373 1025/576/541 1023/575/540
f 1042/3090/2375 1026/3079/543 1025/576/541
f 1042/3091/2375 1043/3092/2376 1028/579/544
f 1043/3092/2376 1044/590/555 1037/587/552
f 1037/588/553 1045/3105/554 1046/3093/2377
f 1046/3093/2377 1047/3094/2387 1033/585/550
f 1047/3094/2378 1048/3111/2389 1035/583/548
f 1048/3095/2379 1049/593/558 1036/592/557
f 1051/3096/2380 1050/3115/2392 1038/3097/2369
f 1050/3099/2381 1052/3101/2384 1040/3089/2382
f 1053/3100/2383 1041/3088/2373 1040/3089/2374
f 1053/3102/2383 1054/3103/2394 1043/3092/2376
f 1054/3103/2385 1055/4955/2391 1044/590/555
f 1055/3104/560 1056/3109/559 1046/3093/2377
f 1056/3109/2386 1057/3110/2402 1047/3094/2387
f 1057/3110/2388 1058/4956/3435 1048/3111/2389
f 1048/3095/2379 1058/3119/2397 1051/3112/2380
f 1060/3113/2390 1061/596/2401 1055/595/2391
f 1059/599/2393 1063/601/2406 1062/3117/2396
f 1052/3101/2384 1062/3125/2399 1064/603/2398
f 1064/603/568 1065/602/567 1060/3121/2395
f 1060/3113/2390 1065/605/567 1066/597/2400
f 1067/611/563 1068/610/573 1057/3110/2402
f 1069/3122/2403 1058/4956/3435 1057/3110/2388
f 1071/3123/2405 1070/4957/3436 1062/3117/2396
f 1074/609/574 1066/597/2400 1065/605/567
f 1069/600/565 1076/3138/3437 1071/3123/2407
f 1071/3127/2408 1079/3139/2416 1078/616/579
f 1070/3126/578 1080/3148/577 1081/3128/2409
f 1081/3128/2409 1082/3143/2421 1072/604/569
f 1072/604/569 1082/3143/2425 1083/3129/2410
f 1073/607/570 1083/4958/2410 1084/3131/2411
f 1084/3132/2412 1085/3141/2419 1075/3133/571
f 1086/3135/2413 1068/610/573 1075/612/571
f 1086/3135/2413 1087/618/581 1076/617/580
f 1088/3137/582 1079/4959/2416 1071/3123/2415
f 1079/3139/2416 1091/3145/2422 1090/620/2417
f 1081/3128/2409 1092/3147/2423 1093/3142/2420
f 1093/3142/2424 1094/4960/3438 1089/3149/2418
f 1095/3150/2426 1096/3151/2427 1086/3135/2413
f 1021/3154/2429 1024/4961/3439 1027/3152/2429
f 1027/3152/2429 1030/4962/3440 1031/3153/2429
f 1031/3153/2429 1034/4963/3441 1021/3154/2429
f 1094/3156/2431 1093/4964/3442 1092/625/588
f 1092/625/588 1091/627/590 1096/3155/2430
f 1096/3155/2430 1095/4965/3443 1094/3156/2431
f 1098/3157/592 1103/3162/597 1105/638/600
f 1106/636/599 1107/3160/602 1100/3158/594
f 1108/639/601 1109/642/604 1101/632/595
f 1104/635/598 1098/629/592 1102/633/596
f 1106/636/599 1114/648/608 1115/3159/2432
f 1115/3163/2433 1116/653/613 1108/3164/601
f 1116/3166/613 1117/3167/617 1109/642/604
f 1117/3167/617 1118/3174/619 1110/641/603
f 1110/641/603 1118/3174/619 1119/3168/622
f 1119/662/622 1112/645/606 1104/3161/598
f 1112/645/606 1120/3176/2435 1121/3170/610
f 1113/647/607 1122/649/609 1123/652/612
f 1124/651/611 1125/3180/626 1115/3159/2432
f 1115/3163/2433 1125/666/626 1126/654/614
f 1116/653/613 1127/655/615 1128/3171/618
f 1117/657/617 1129/656/616 1130/660/620
f 1131/3173/621 1132/4966/623 1119/3168/622
f 1133/664/624 1120/3176/2440 1112/645/606
f 1134/3175/2434 1135/3186/2436 1121/3170/610
f 1135/3177/2436 1136/3178/629 1122/649/609
f 1136/3178/629 1137/3179/627 1124/651/611
f 1138/665/625 1139/673/632 1126/654/614
f 1139/673/632 1140/3189/636 1128/3171/618
f 1129/656/616 1140/677/636 1141/3181/2437
f 1131/661/621 1141/3181/2437 1142/3182/2438
f 1133/664/624 1142/3184/2438 1134/3175/2439
f 1143/3185/2441 1144/4967/630 1135/3186/2436
f 1138/665/625 1146/4968/631 1147/674/633
f 1149/676/635 1150/685/642 1141/3181/2437
f 1150/685/642 1151/3193/2442 1142/3182/2438
f 1142/3184/2438 1151/4969/2442 1143/3185/2441
f 1153/680/638 1154/683/640 1146/672/631
f 1151/3191/2442 1156/688/641 1152/679/637
f 1159/3194/2443 1158/3204/3444 1161/3195/2444
f 1165/692/2446 1167/4970/3445 1166/3197/2447
f 1166/3200/2451 1167/4971/3446 1169/3201/2452
f 1177/713/665 1176/4972/656 1172/697/652
f 1184/711/663 1185/712/664 1171/696/651
f 1177/3206/665 1187/721/670 1186/723/672
f 1186/3208/672 1188/726/675 1178/703/657
f 1178/703/657 1188/726/675 1189/3209/2458
f 1179/704/658 1189/3209/2458 1190/3210/677
f 1190/728/677 1191/715/666 1181/3211/660
f 1184/711/663 1193/718/668 1194/3213/669
f 1186/3208/672 1196/3220/671 1197/727/676
f 1198/725/674 1199/3221/2462 1189/3209/2458
f 1189/3209/2458 1199/3221/2462 1200/3214/678
f 1201/730/679 1202/739/685 1191/715/666
f 1191/715/666 1202/739/685 1203/3215/680
f 1192/731/667 1204/733/681 1205/735/620
f 1206/736/682 1207/3225/2459 1194/3216/669
f 1208/737/683 1187/721/670 1194/720/669
f 1209/3218/2460 1210/3228/2461 1196/722/671
f 1210/3219/2461 1211/3223/2464 1198/725/674
f 1199/3221/2462 1211/3223/2464 1212/3222/2463
f 1212/3224/2463 1213/740/686 1201/730/679
f 1214/738/684 1215/4973/690 1203/3215/680
f 1204/733/681 1215/744/690 1216/746/692
f 1206/736/682 1216/746/692 1217/749/695
f 1208/737/683 1217/3226/695 1209/3218/2465
f 1218/3227/696 1219/4974/2467 1210/3228/2461
f 1210/3229/2461 1219/3235/2467 1220/3230/2466
f 1220/3230/2466 1221/753/688 1212/3232/2463
f 1222/741/687 1223/4975/691 1214/738/684
f 1226/3233/694 1218/3227/696 1209/3218/2465
f 1227/752/698 1229/754/699 1220/3230/2466
f 1231/3236/702 1224/743/689 1223/745/691
f 1231/3236/702 1228/3241/697 1225/747/693
f 1240/764/2468 1242/4976/3447 1241/3240/2469
f 1249/774/2474 1248/773/3448 1250/3246/2475
f 1251/3247/2482 1250/3246/3449 1252/3251/2483
f 1253/3253/2485 1252/4977/3450 1254/3254/2486
f 1255/3255/2488 1254/3254/3451 1256/3256/2489
f 1257/3258/2491 1256/4978/3452 1258/3259/2492
f 1259/3260/2494 1258/3259/3453 1260/778/2495
f 1250/4979/1648 1248/4980/1648 1245/3262/1648
f 1245/3262/1648 1262/4981/1648 1260/4982/1648
f 1260/4982/1648 1258/4983/1648 1256/3263/1648
f 1256/3263/1648 1254/4984/1648 1252/3264/1648
f 1252/3264/1648 1250/4979/1648 1245/3262/1648
f 1245/3262/1648 1260/4982/1648 1256/3263/1648
f 1247/4985/1650 1246/4986/1650 1249/3265/1650
f 1249/3265/1650 1251/4987/1650 1253/4988/1650
f 1253/4988/1650 1255/4989/1650 1257/3266/1650
f 1257/3266/1650 1259/4990/1650 1261/3267/1650
f 1261/3267/1650 1247/4985/1650 1249/3265/1650
f 1249/3265/1650 1253/4988/1650 1257/3266/1650
f 1265/790/722 1271/791/728 1272/793/729
f 1278/800/735 1269/4991/727 1264/782/721
f 1281/804/738 1282/806/739 1271/791/728
f 1283/3268/740 1284/809/741 1273/3269/730
f 1275/797/732 1285/3271/742 1286/812/744
f 1288/3272/745 1280/802/736 1278/3273/735
f 1290/825/756 1289/814/746 1279/803/737
f 1281/804/738 1291/3275/747 1292/816/748
f 1283/3268/740 1293/3284/749 1294/819/751
f 1295/818/750 1296/820/752 1285/810/742
f 1297/3276/753 1298/824/755 1286/3277/744
f 1299/822/754 1300/3288/2500 1288/3279/745
f 1288/3272/745 1300/3290/2500 1301/826/757
f 1290/825/756 1303/842/771 1302/828/759
f 1304/3281/758 1305/3283/760 1292/816/748
f 1294/819/751 1306/3285/761 1307/3282/2497
f 1307/3282/2497 1308/3286/2498 1296/820/752
f 1297/3276/753 1308/3295/2498 1309/832/762
f 1299/822/754 1310/833/763 1311/3287/2499
f 1311/3289/2499 1303/842/771 1301/826/757
f 1313/836/765 1314/838/767 1304/3291/758
f 1307/3282/2497 1316/3293/768 1317/3292/2501
f 1317/3294/2501 1318/840/769 1309/832/762
f 1311/3289/2499 1319/4992/770 1320/843/772
f 1313/836/765 1321/849/777 1322/848/776
f 1322/848/776 1323/850/778 1315/837/766
f 1316/839/768 1323/850/778 1324/851/774
f 1320/3297/772 1325/852/773 1321/849/777
f 1329/862/781 1335/863/787 1336/865/788
f 1337/3299/789 1338/868/791 1331/857/783
f 1339/867/790 1340/869/792 1332/858/784
f 1343/3300/794 1334/4993/785 1333/3301/786
f 1335/863/787 1344/873/795 1345/882/804
f 1336/3302/788 1345/3310/804 1346/884/806
f 1337/3303/789 1346/884/806 1347/3304/796
f 1339/867/790 1348/875/797 1349/3306/810
f 1340/869/792 1349/3306/810 1350/3307/813
f 1350/892/813 1342/876/798 1333/3301/786
f 1351/878/800 1353/3315/2503 1343/3300/794
f 1343/872/794 1353/3318/2503 1354/879/801
f 1356/3309/803 1357/885/807 1346/884/806
f 1358/883/805 1359/3312/2502 1347/3304/796
f 1360/3311/808 1348/4994/797 1347/3304/796
f 1361/3313/809 1362/4995/811 1349/3306/810
f 1363/3314/812 1364/4996/814 1350/3307/813
f 1365/894/815 1352/877/799 1342/876/798
f 1366/896/817 1367/3326/820 1353/3315/2503
f 1354/879/801 1367/3317/820 1368/3316/821
f 1368/3316/821 1369/4997/823 1356/881/803
f 1369/3319/823 1370/3320/2504 1358/883/805
f 1370/3320/2504 1371/3328/825 1360/3311/808
f 1361/888/809 1371/905/825 1372/3321/2505
f 1372/3321/2505 1373/3323/2507 1363/891/812
f 1364/893/814 1373/4998/2507 1374/3322/2506
f 1374/3322/2506 1366/896/817 1352/877/799
f 1379/3325/824 1380/4999/832 1370/3320/2504
f 1370/3320/2504 1380/4999/832 1381/3327/826
f 1372/3321/2505 1382/907/827 1383/3329/2508
f 1383/3329/2508 1376/3336/818 1374/3330/2506
f 1382/907/827 1387/3333/831 1388/3331/833
f 1392/3334/2509 1393/5000/3454 1390/3335/2510
f 1395/3337/2512 1394/3341/2529 1390/3338/2513
f 1395/3337/2515 1397/5001/3455 1396/3340/2516
f 1400/3342/2518 1399/5002/2532 1398/921/2519
f 1402/917/2522 1401/916/2538 1399/3344/2523
f 1391/923/2511 1390/3335/2510 1403/3346/2525
f 1403/3348/2525 1406/932/848 1407/3349/2528
f 1403/3351/2530 1394/3341/2529 1409/3354/2533
f 1396/3340/2516 1410/3363/2543 1409/3354/2534
f 1405/926/838 1411/925/842 1410/3356/2535
f 1413/3358/2536 1412/927/2547 1405/926/2531
f 1414/929/2537 1413/3365/2549 1399/3344/2523
f 1404/3359/841 1407/930/846 1414/929/845
f 1415/3360/2539 1406/932/848 1416/931/2540
f 1408/3355/849 1409/3354/2533 1418/935/2542
f 1410/3363/2543 1419/3368/2553 1418/935/851
f 1410/3356/2544 1411/925/3456 1420/938/2545
f 1421/939/855 1420/938/854 1412/927/2547
f 1422/942/857 1421/941/855 1413/3365/2549
f 1415/928/844 1417/5003/3457 1422/942/2550
f 1416/931/2540 1423/944/2559 1424/3366/2551
f 1418/935/2542 1425/934/3458 1423/3367/2552
f 1427/946/861 1426/936/852 1418/935/851
f 1422/942/2550 1417/5003/3457 1424/953/870
f 1425/3370/860 1436/3377/2572 1434/956/873
f 1431/947/862 1438/3379/2562 1437/958/2561
f 1432/950/864 1439/965/884 1438/3372/2562
f 1432/950/865 1428/951/867 1441/3373/2563
f 1433/952/2566 1442/3375/2576 1441/959/2567
f 1444/969/888 1445/968/887 1443/962/2569
f 1437/958/875 1446/3386/2582 1444/3376/2571
f 1447/3378/2573 1446/3386/2585 1437/958/2561
f 1439/965/884 1448/964/883 1447/3380/2574
f 1441/959/2563 1449/3383/2589 1448/3381/2575
f 1442/3375/2576 1450/3391/2590 1449/3383/2577
f 1442/963/881 1443/962/880 1445/968/2578
f 1454/3384/2580 1452/3395/894 1451/3385/893
f 1446/3386/2582 1455/977/899 1454/3384/2583
f 1456/3387/2584 1455/3399/899 1446/3388/2585
f 1448/964/2586 1457/5004/3459 1456/3390/2587
f 1449/3383/2589 1458/981/903 1457/980/902
f 1450/3391/2590 1459/983/905 1458/981/903
f 1461/3392/2591 1462/3402/2598 1460/973/2592
f 1454/3384/2580 1463/976/908 1461/985/907
f 1465/3396/2593 1464/3398/2600 1456/3387/2594
f 1460/973/896 1462/3402/2605 1467/3400/910
f 1461/3392/2591 1468/3409/2607 1469/993/2597
f 1463/3403/898 1464/3398/900 1471/989/913
f 1464/3398/2600 1465/3396/2593 1472/3405/2601
f 1466/979/901 1473/3407/3460 1472/3406/2603
f 1467/982/904 1474/986/2615 1473/3407/2604
f 1469/993/916 1475/992/911 1467/3400/910
f 1476/3408/2606 1477/991/2612 1469/993/2597
f 1472/3405/2601 1479/5005/3461 1478/990/2608
f 1472/3406/2603 1473/3407/3460 1480/3411/2610
f 1477/3413/2612 1476/3410/2606 1481/3414/2613
f 1470/3404/2599 1483/994/2624 1481/3414/2617
f 1470/988/912 1478/990/914 1484/3416/918
f 1478/990/2608 1479/5005/3461 1485/3418/2618
f 1480/3411/2610 1486/3420/922 1485/3419/921
f 1474/986/2615 1487/3430/2628 1486/3420/2620
f 1488/3421/925 1487/3430/924 1474/986/909
f 1477/991/915 1482/1003/926 1488/1002/925
f 1481/3422/2613 1489/5006/3462 1490/3423/2621
f 1485/3418/2618 1492/5007/3463 1491/3425/2622
f 1490/3423/2621 1489/5006/3462 1495/3427/2625
f 1483/994/2624 1497/1010/938 1495/3432/2630
f 1483/994/917 1491/996/919 1498/1011/932
f 1491/3433/2622 1492/1005/3463 1499/1004/2631
f 1501/3435/2633 1500/3443/928 1493/3428/2627
f 1494/3437/923 1502/3449/929 1501/3435/2633
f 1495/3427/2625 1503/3445/3464 1504/1014/2634
f 1499/1004/2631 1506/1013/3465 1505/3438/2635
f 1504/1014/2634 1503/3445/3464 1508/3439/2636
f 1505/1012/933 1511/3450/2646 1510/1015/2640
f 1505/3438/2635 1506/1013/3465 1512/1017/2642
f 1514/3447/2644 1513/3453/2649 1507/3442/2639
f 1504/1014/935 1509/3440/3466 1514/3448/2644
f 1508/3439/2636 1515/3451/2652 1516/1026/2645
f 1518/1022/945 1517/1020/944 1510/1015/2640
f 1519/1021/2647 1518/3458/2655 1511/3446/2643
f 1514/3447/2644 1521/3456/2651 1520/3452/2648
f 1514/3447/2644 1509/5008/3466 1516/3455/949
f 1515/3451/2652 1523/5009/2657 1524/1024/2653
f 1526/3457/2654 1525/3469/951 1518/3458/2655
f 1523/3460/2657 1527/3472/2662 1528/3461/2658
f 1529/3466/2659 1527/5010/2666 1523/3459/2656
f 1525/1023/946 1530/1027/950 1529/3466/2660
f 1526/3464/2654 1520/3463/2650 1533/3467/2661
f 1521/3456/2651 1534/1038/2671 1533/3471/2661
f 1522/1030/948 1535/1029/960 1534/1038/959
f 1527/3472/2662 1536/1040/962 1537/3473/2663
f 1535/1029/953 1528/3474/2664 1537/3475/2665
f 1541/1039/961 1542/5011/2674 1537/3473/2663
f 1544/3477/2668 1543/1041/963 1536/1040/962
f 1545/1048/970 1544/1047/969 1529/3466/2660
f 1538/1032/954 1546/1049/964 1545/1048/970
f 1547/3478/965 1546/5012/964 1538/1033/955
f 1539/1035/2667 1533/3467/2661 1548/3479/2669
f 1534/1038/2671 1549/1052/2678 1548/3480/2669
f 1540/1037/958 1550/1053/975 1549/1052/974
f 1537/3475/2665 1542/5013/2677 1551/3481/2672
f 1541/3482/961 1553/5014/967 1554/3483/2673
f 1552/1044/966 1556/1050/3467 1555/3486/968
f 1554/3483/2676 1558/3501/2679 1551/3489/2672
f 1554/3483/2673 1553/5014/967 1559/3492/2680
f 1544/1047/2668 1561/3496/2693 1559/3494/2682
f 1544/1047/969 1555/1046/968 1562/3495/2683
f 1555/3486/968 1556/1050/3467 1563/3497/2685
f 1557/1051/973 1564/5015/3468 1563/3497/2686
f 1549/1052/2678 1565/1059/2696 1564/3498/2687
f 1558/1054/976 1566/1060/982 1565/1059/981
f 1554/3483/2676 1560/3493/3469 1566/3500/2688
f 1559/3492/2680 1567/5016/3470 1568/3502/2689
f 1563/3497/2686 1564/5015/3468 1570/3503/2690
f 1566/3500/2688 1560/3493/3469 1568/3502/2694
f 1568/3502/2689 1567/5016/3470 1572/3507/2698
f 1567/3504/2692 1561/3496/2693 1574/3509/2700
f 1569/1057/979 1575/3512/3471 1574/3511/2702
f 1570/3503/2690 1576/5017/3472 1575/3512/2703
f 1571/1058/980 1573/5018/3473 1576/3513/2704
f 1402/3516/2707 1400/5019/2707 1397/3514/2707
f 1397/3514/2707 1395/5020/3474 1393/3515/2707
f 1393/3515/2707 1392/5021/2707 1402/3516/2707
f 1575/3519/2708 1576/5022/2708 1573/3517/2708
f 1573/3517/2708 1572/5023/2708 1574/3518/2708
f 1581/3520/2709 1580/3530/2722 1577/1063/2710
f 1583/1067/989 1582/1066/988 1581/1065/987
f 1586/3521/995 1585/1069/991 1584/1068/990
f 1591/3523/2714 1590/3527/2719 1589/3524/2715
f 1591/3523/2717 1579/5024/3475 1578/1077/999
f 1595/3528/2720 1596/3538/1008 1593/3529/997
f 1580/3530/2722 1597/3540/2728 1595/3528/2723
f 1598/3531/2724 1597/3543/2730 1580/1064/986
f 1599/3532/2725 1598/3531/2731 1582/1066/988
f 1585/1069/991 1600/3534/2726 1599/3532/2725
f 1594/3533/996 1601/5025/1001 1600/3534/2726
f 1594/1074/2721 1589/3526/2715 1603/3535/1004
f 1590/3527/2719 1604/1083/1005 1603/1082/1004
f 1592/1076/2718 1605/3536/2732 1604/1083/1005
f 1593/1075/997 1606/5026/1007 1605/3536/2727
f 1595/3528/2720 1607/3541/2736 1608/3537/1006
f 1597/3540/2728 1609/5027/1018 1607/3541/1017
f 1610/3542/2729 1609/3552/1018 1597/3543/2730
f 1611/3544/1009 1610/3542/2739 1598/3531/2731
f 1612/3545/1010 1611/3544/1009 1599/3532/2725
f 1601/3546/1001 1613/3549/2737 1612/1088/1010
f 1602/1080/1002 1603/3535/1004 1614/1091/1013
f 1605/3536/2732 1615/1093/2742 1614/1081/1003
f 1605/3536/2727 1606/5026/1007 1608/1094/1006
f 1616/1100/2733 1607/1096/2736 1619/1095/2734
f 1610/3542/2729 1621/1102/2745 1619/3551/1016
f 1610/3542/2739 1611/3544/1009 1622/1103/1019
f 1618/3550/2738 1624/1109/1027 1623/1108/1026
f 1625/1111/2741 1624/3560/1027 1618/3553/1012
f 1615/1093/2742 1626/1112/1030 1625/1111/1029
f 1619/1095/2734 1627/5028/3476 1628/3554/2743
f 1631/1107/1031 1630/1106/1024 1622/1098/1019
f 1626/1099/1020 1620/1101/1021 1628/3554/2746
f 1628/3554/2749 1627/5028/2744 1635/3561/1041
f 1627/3556/2744 1621/1102/2745 1638/1129/1047
f 1629/1104/1023 1639/5029/3477 1638/1129/1047
f 1629/3564/1023 1630/5030/1024 1640/1121/1033
f 1632/3559/2748 1642/3571/2754 1641/3565/1034
f 1643/3567/2751 1642/3571/2754 1632/3559/2748
f 1633/1110/1028 1644/3575/1035 1643/3567/2751
f 1628/3568/2752 1636/1123/1040 1645/1118/1036
f 1636/1123/1040 1648/1122/1039 1649/1125/2753
f 1638/1129/1047 1639/5029/3477 1651/3572/2755
f 1643/3567/2751 1653/3574/2757 1652/3573/2756
f 1579/3579/2758 1591/5031/3478 1588/3577/2758
f 1588/3577/2758 1587/5032/3479 1584/3578/2758
f 1584/3578/2758 1581/5033/3480 1579/3579/2758
f 1652/3581/2760 1653/1135/1054 1648/1134/1053
f 1648/1134/1053 1650/5034/3481 1651/3580/2759
f 1651/3580/2759 1646/5035/3482 1652/3581/2760
f 1656/1136/2761 1658/5036/1060 1659/3582/2762
f 1659/1140/2765 1660/1139/2777 1661/3585/2766
f 1661/3585/2768 1663/5037/2778 1664/3587/2769
f 1666/3588/2771 1667/5038/3483 1664/1142/1061
f 1666/3589/2772 1654/1146/2780 1655/3584/2773
f 1672/3591/2775 1671/1153/1071 1668/1152/1064
f 1668/1152/2782 1673/1151/2794 1674/1160/1078
f 1658/3596/1060 1674/3599/1078 1675/3597/2784
f 1675/3597/2785 1676/3609/1073 1670/3601/1072
f 1678/1157/1075 1663/1143/2778 1670/3595/2779
f 1672/3603/2787 1669/1150/1069 1665/1149/1068
f 1680/3605/2789 1682/3614/2799 1681/3606/2790
f 1671/1153/1071 1681/3615/2801 1683/1161/1079
f 1675/3597/2784 1684/1166/1077 1685/3608/2792
f 1685/3610/2795 1686/1162/1080 1677/3602/2786
f 1687/3612/2797 1682/3614/2803 1680/3605/2791
f 1689/3613/2798 1688/5039/2805 1681/3606/2790
f 1692/1172/1089 1685/3608/3484 1684/1166/2800
f 1687/3612/2797 1694/3622/2810 1689/3613/2802
f 1696/3616/2804 1695/3619/2807 1688/3617/2805
f 1699/1179/2806 1698/3631/2822 1695/3619/2807
f 1700/3623/2811 1690/1165/1083 1695/3620/2808
f 1701/3625/2813 1691/1168/1084 1690/1167/1083
f 1701/3627/2815 1702/1177/1093 1697/1176/1091
f 1697/1174/1091 1703/5040/1092 1704/3629/2816
f 1704/3629/2817 1705/3639/2830 1694/1171/1087
f 1694/3630/2810 1705/1180/3485 1699/1179/2818
f 1707/1182/2819 1713/1181/3486 1698/3631/2820
f 1713/3632/2824 1708/3634/3487 1700/3623/2811
f 1709/3633/2825 1701/5041/2813 1700/3623/2814
f 1709/3635/2827 1710/3636/2828 1702/1177/1093
f 1710/3636/2828 1711/5042/2839 1704/3637/2816
f 1704/3629/2817 1711/3647/2840 1712/3638/2829
f 1712/3640/2831 1707/1182/2833 1706/1178/1094
f 1717/1192/1108 1708/3634/3487 1713/3632/2824
f 1718/3642/2835 1709/3633/2825 1708/3634/2826
f 1719/3643/2836 1710/3636/3488 1709/3635/2837
f 1719/1196/1112 1720/3655/1115 1711/3645/2839
f 1711/3647/2840 1720/1199/1115 1721/3648/2841
f 1721/3648/2842 1722/3654/2851 1714/3649/2843
f 1726/1202/1117 1716/1186/1101 1723/1189/2845
f 1728/1197/2847 1719/1196/3489 1718/3651/2848
f 1721/3648/2842 1730/1198/1119 1725/3653/2850
f 1732/3656/2852 1731/1203/3490 1724/1191/1107
f 1726/1193/1109 1733/1207/1123 1734/1206/1122
f 1727/1194/2849 1734/1206/2857 1735/3657/2853
f 1735/3659/2854 1736/3660/2860 1729/1195/1111
f 1736/3660/1126 1737/3672/1125 1730/3661/1114
f 1732/3662/2855 1725/3653/2850 1730/1198/1119
f 1739/1213/1129 1731/1203/3490 1732/3656/2852
f 1741/1208/2856 1742/3668/2863 1735/3657/2853
f 1735/3659/2854 1742/3670/2865 1743/3663/2859
f 1745/3664/1128 1746/1220/2870 1733/1207/1116
f 1733/1207/1123 1746/1220/1136 1747/1219/1135
f 1741/1208/2856 1747/1219/1138 1748/3667/2862
f 1748/3669/2864 1749/3671/2869 1743/3663/2859
f 1749/3671/1141 1750/5043/1140 1737/3672/1125
f 1751/3673/2866 1738/1205/1121 1737/1204/1120
f 1748/3669/2864 1755/5044/2876 1756/3674/2868
f 1751/3679/1132 1757/3690/1145 1753/3680/2871
f 1753/3680/1133 1759/3689/2878 1758/3682/2873
f 1758/3684/2874 1760/1233/2880 1746/1220/2870
f 1760/1233/1148 1761/1232/1144 1754/1221/1137
f 1762/1226/2875 1763/1236/1151 1756/3686/2868
f 1763/1239/1154 1764/1238/1153 1750/1223/1140
f 1764/1238/1153 1765/1230/1146 1757/1229/2872
f 1767/3688/2877 1766/3693/2882 1758/3682/2873
f 1768/3691/2879 1769/1237/2886 1762/1226/1143
f 1767/3688/2877 1772/3698/2889 1771/3692/2881
f 1773/1241/2884 1774/3699/2891 1768/1234/1149
f 1768/3691/2879 1774/1248/1163 1775/1244/2885
f 1777/1252/1167 1764/1238/1153 1770/1240/1155
f 1777/3696/1167 1772/3698/2894 1767/3688/2883
f 1779/3697/2888 1778/3701/2896 1771/3692/2881
f 1781/1250/2890 1782/1257/1173 1776/1245/1160
f 1782/1258/1176 1783/1253/1175 1777/1252/1167
f 1777/3696/1167 1784/3707/1166 1779/3697/2893
f 1786/3700/2895 1785/3703/2898 1778/3701/2896
f 1791/3702/2897 1790/5045/2905 1785/3703/2898
f 1792/3708/2900 1780/1247/1162 1785/3704/2899
f 1792/3710/2902 1793/1261/1178 1787/1260/1170
f 1795/1270/1180 1788/5046/1171 1787/1260/1170
f 1796/1271/2903 1797/3716/2907 1784/1251/1166
f 1799/3711/2904 1798/1273/1189 1790/3709/2905
f 1797/1267/1183 1802/1281/1196 1799/3714/2906
f 1803/1274/1190 1798/1273/1189 1799/3711/2904
f 1806/1287/1200 1792/3708/2900 1798/1273/1189
f 1807/3718/2909 1793/5047/1178 1792/3708/2902
f 1807/3719/2909 1808/1276/1192 1800/1268/1184
f 1801/1272/1188 1810/1278/1194 1811/1292/2911
f 1811/3720/1204 1812/1282/1197 1802/1281/1196
f 1813/1280/1195 1804/5048/3491 1799/3714/2906
f 1816/3722/2912 1815/3733/2914 1803/3723/1190
f 1817/3725/2913 1818/1289/2921 1814/1285/1198
f 1816/3722/2915 1804/3724/3491 1813/3728/1195
f 1816/3722/2912 1822/3740/2926 1821/3732/2917
f 1821/3734/2918 1823/3743/2929 1806/1287/1200
f 1806/1287/2910 1823/3743/3492 1824/3735/2919
f 1817/3725/2913 1824/1294/1206 1825/3737/2920
f 1825/3737/2922 1826/3742/2928 1819/1290/1203
f 1826/1298/1210 1827/1297/1209 1811/1292/2911
f 1827/1297/2923 1828/3745/2933 1820/1293/1205
f 1828/3738/2924 1822/3740/2932 1816/3722/2915
f 1830/3739/2925 1829/3747/2935 1821/3732/2917
f 1825/3737/2922 1831/1296/2938 1832/3741/2927
f 1828/3738/2924 1833/3751/1214 1830/3739/2931
f 1830/3739/2925 1835/3752/3493 1834/3746/2934
f 1829/3744/2930 1834/5049/3494 1836/3748/2936
f 1837/1300/2937 1838/5050/3495 1832/3741/2927
f 1839/1303/2939 1827/1297/1209 1832/1299/1211
f 1657/3755/2942 1659/5051/2941 1662/3753/2941
f 1662/3753/2941 1664/5052/3496 1667/3754/2942
f 1667/3754/2942 1655/5053/3497 1657/3755/2942
f 1837/3758/2943 1836/5054/3498 1834/3756/2943
f 1834/3756/2943 1835/5055/3499 1839/3757/2943
f 1839/3757/2943 1838/5056/3500 1837/3758/2943
f 1840/3759/2944 1843/1309/2955 1844/1308/2945
f 1846/3761/1224 1847/5057/3501 1844/1308/1220
f 1849/1320/1232 1850/5058/3502 1847/1311/1223
f 1852/1314/1226 1853/1319/1231 1854/1318/1230
f 1854/3763/2949 1855/3768/2953 1842/1306/2950
f 1858/3764/2952 1840/1307/1219 1856/1326/1238
f 1858/3769/2954 1860/3771/2965 1843/1309/2955
f 1861/3770/2956 1845/1310/1222 1843/1309/1221
f 1862/3772/2958 1846/3761/1224 1845/1310/1222
f 1862/3773/2958 1863/3774/2959 1848/1313/1225
f 1863/3774/2959 1864/1324/1236 1857/1321/1233
f 1857/1322/1234 1865/3789/2970 1866/3775/2960
f 1866/3775/2960 1867/3776/2971 1853/1319/1231
f 1867/3776/2961 1868/3792/2973 1855/1317/1229
f 1868/3777/2962 1869/1327/1239 1856/1326/1238
f 1871/3778/2963 1870/3795/2976 1858/3779/2952
f 1870/3781/2964 1872/3783/2967 1860/3771/2965
f 1873/3782/2966 1861/3770/2956 1860/3771/2957
f 1873/3784/2968 1874/3787/2969 1863/3774/2959
f 1864/3785/1236 1874/1328/1240 1875/1332/1244
f 1875/3788/1244 1876/3790/1243 1866/3775/2960
f 1876/3790/1243 1877/3791/2982 1867/3776/2971
f 1877/3791/2972 1878/5059/3503 1868/3792/2973
f 1868/3777/2962 1878/3798/2978 1871/3793/2963
f 1879/1335/2974 1883/1337/2986 1882/3794/2975
f 1872/3783/2967 1882/3804/2980 1884/1339/2979
f 1884/1339/1251 1885/1338/1250 1880/3800/2977
f 1880/1329/1241 1885/1341/1250 1886/1333/2981
f 1887/1347/1246 1888/1346/1256 1877/3791/2982
f 1889/3801/2983 1878/5059/3503 1877/3791/2972
f 1891/3802/2985 1890/5060/3504 1882/3794/2975
f 1894/1345/1257 1886/1333/2981 1885/1341/1250
f 1889/1336/1248 1896/3817/3505 1891/3802/2987
f 1891/3806/2988 1899/3820/2999 1898/1352/1262
f 1890/3805/1261 1900/5061/1260 1901/3807/2989
f 1901/3807/2990 1902/1359/1269 1892/1340/1252
f 1892/1340/1252 1902/1359/1269 1903/3808/2991
f 1903/3810/2991 1904/5062/2998 1897/1349/1258
f 1904/3811/2992 1905/3821/3001 1895/3812/1254
f 1906/3814/2993 1888/1346/1256 1895/1348/1254
f 1906/3814/2995 1907/1354/1264 1896/1353/1263
f 1908/3816/1265 1899/5063/3004 1891/3802/2996
f 1903/3808/2991 1909/1358/1268 1910/3818/2997
f 1899/3820/2999 1912/5064/3506 1911/1356/3000
f 1916/3823/3003 1912/5064/3507 1899/3820/3004
f 1900/1350/1260 1911/1356/1266 1913/3825/3005
f 1915/3827/3006 1905/3821/3001 1910/3822/3002
f 1915/3830/3009 1916/1357/1267 1907/1354/1264
f 1841/3833/3012 1844/5065/3508 1847/3831/3011
f 1847/3831/3011 1850/5066/3509 1851/3832/3012
f 1851/3832/3012 1854/5067/3510 1841/3833/3012
f 1918/1362/1272 1925/1377/1285 1924/3834/1278
f 1916/5068/3511 1915/5069/3512 1914/3835/3013
f 1914/3835/3013 1909/5070/3513 1913/3836/3014
f 1913/3836/3014 1911/5071/3514 1912/3837/3015
f 1912/3837/3015 1916/5068/3511 1914/3835/3013
f 1919/1368/1273 1926/1370/1279 1927/1373/1281
f 1928/1371/1280 1929/3841/1290 1921/3838/1275
f 1921/1365/1275 1929/5072/1290 1930/1375/1283
f 1934/1401/1304 1933/3842/1286 1924/3839/1278
f 1935/1379/1287 1936/1381/1289 1927/1373/1281
f 1941/1389/1294 1934/5073/1304 1925/1377/1285
f 1943/1400/1303 1942/1403/1306 1933/3842/1286
f 1942/3843/1306 1944/3849/3016 1935/1379/1287
f 1935/1379/1287 1944/3849/3016 1945/1390/1295
f 1946/1391/1296 1947/3851/3017 1937/1380/1288
f 1937/1383/1288 1947/3854/3019 1948/1392/1297
f 1950/3844/1299 1939/1386/1292 1938/1384/1291
f 1951/3845/1300 1952/5074/1301 1940/1388/1293
f 1953/1399/1302 1954/3856/1305 1941/3846/1294
f 1943/1400/1303 1956/1407/1310 1955/1404/1307
f 1957/3848/1308 1958/3852/3018 1945/1390/1295
f 1946/1391/1296 1958/3852/3018 1959/3850/1311
f 1959/3853/1311 1960/1411/1314 1948/1392/1297
f 1960/1411/1314 1961/3861/1317 1950/3844/1299
f 1961/1415/1317 1962/1418/1319 1952/1398/1301
f 1953/1399/1302 1962/1418/1319 1963/3855/1309
f 1965/1424/1324 1957/3858/1308 1955/3857/1307
f 1957/3858/1308 1965/1424/1324 1966/3859/3020
f 1967/1409/1312 1959/1408/1311 1958/3860/3018
f 1963/1406/1309 1971/5075/1318 1972/1419/1320
f 1975/1425/1325 1976/1426/1326 1967/1409/1312
f 1977/3862/1327 1978/1428/1328 1970/1414/1316
f 1980/3864/3021 1981/1437/3515 1983/3865/3022
f 1982/3869/3025 1983/5076/3516 1985/3870/3026
f 1988/3872/3028 1990/5077/3517 1989/3873/3029
f 1989/3873/3031 1990/5077/3518 1992/3875/3032
f 2002/3877/1348 1996/5078/1341 1995/1450/1340
f 2006/1456/1352 1998/1445/1343 1997/1444/1342
f 2007/1455/1351 1999/5079/1344 1994/1441/1339
f 1999/3878/1344 2008/3885/3034 2009/3879/1353
f 2013/3881/1357 2004/5080/1349 2003/3882/1347
f 2015/1465/1359 2016/1467/1361 2006/1456/1352
f 2017/3883/1360 2008/3885/3039 1999/3878/1344
f 2008/3885/3034 2018/3897/3041 2019/3886/3035
f 2009/1457/1353 2019/3899/3035 2020/1469/1363
f 2010/1458/1354 2021/1468/1362 2022/1471/1365
f 2023/3887/1364 2024/1479/1371 2012/1462/1356
f 2012/1462/1356 2024/1479/1371 2025/3888/3036
f 2013/3881/1357 2025/3888/3036 2026/3889/1367
f 2027/1472/1366 2028/3892/3037 2015/3891/1359
f 2029/1476/1368 2016/1475/1361 2015/3891/1359
f 2030/3893/1369 2031/3895/3038 2017/3883/1360
f 2031/3895/3038 2018/3897/3047 2008/3885/3039
f 2032/3896/3040 2033/3905/3042 2019/3886/3035
f 2033/3898/3042 2034/3901/1374 2020/1469/1363
f 2021/1468/1362 2034/3901/1374 2035/3900/3043
f 2035/3900/3043 2036/5081/1372 2023/1470/1364
f 2037/1478/1370 2038/3909/1379 2026/3889/1367
f 2038/1487/1379 2039/1490/1381 2028/3892/3037
f 2029/1476/1368 2039/1490/1381 2040/3902/3045
f 2031/3895/3038 2040/3903/3045 2032/3896/3046
f 2041/3904/3048 2042/5082/1375 2033/3905/3042
f 2044/3906/3049 2036/5083/1372 2035/3907/3043
f 2036/1480/1372 2044/5084/3049 2045/1484/1376
f 2048/1489/1380 2049/3916/3050 2040/3902/3045
f 2040/3903/3045 2049/5085/3050 2041/3904/3048
f 2043/1481/1373 2051/1492/1383 2052/1494/1385
f 2045/3911/1376 2052/1494/1385 2053/1495/1386
f 2047/1486/1378 2053/3914/1386 2054/3913/1387
f 2049/3915/3050 2054/1496/1387 2050/1491/1382
f 2068/3917/3051 2056/5086/3519 2058/1499/3052
f 2059/3918/3054 2060/3921/3520 2062/3919/3055
f 2087/3923/3058 2069/3931/3067 2070/3924/3059
f 2074/3928/3064 2073/5087/3521 2075/3929/3065
f 2075/3929/3068 2077/5088/3522 2078/3932/3069
f 2079/1513/1405 2077/1512/1404 2080/3933/3071
f 2080/3933/3073 2082/5089/3523 2083/3935/3074
f 2085/3938/3078 2082/5090/3524 2080/5091/3525
f 2080/5091/3525 2077/5092/3526 2075/3936/3076
f 2075/3936/3076 2073/5093/3527 2069/3937/3077
f 2069/3937/3077 2087/5094/3528 2085/3938/3078
f 2085/3938/3078 2080/5091/3525 2075/3936/3076
f 2070/3939/3079 2072/3944/3084 2089/3940/3080
f 2090/3941/3081 2072/3944/3084 2074/3942/3082
f 2074/3942/3082 2076/3946/3086 2092/3945/3085
f 2093/1524/1416 2092/3945/3085 2076/3946/3086
f 2079/1525/1417 2081/3948/3088 2095/3947/3087
f 2096/1528/1420 2095/3947/3087 2081/3948/3088
f 2084/3949/3089 2086/1529/1421 2099/1531/1423
f 2101/3951/3091 2088/3954/3094 2089/3952/3092
f 2104/3956/1428 2103/3953/3093 2090/3957/3096
f 2105/1535/1427 2091/1534/1426 2092/1539/1431
f 2108/3960/1434 2107/1538/1430 2093/1537/1429
f 2109/1541/1433 2094/1540/1432 2095/1545/1437
f 2112/3963/1440 2111/1544/1436 2096/1543/1435
f 2113/1547/1439 2097/1546/1438 2098/3965/3099
f 2114/3966/3100 2098/3965/3099 2099/3967/3101
f 2102/3955/3095 2116/5095/1442 2100/3968/1441
f 2135/3969/3102 2117/3975/3108 2118/3970/3103
f 2122/3972/3105 2121/5096/3529 2123/3973/3106
f 2123/3973/3109 2125/5097/3109 2126/3976/3110
f 2127/1556/1448 2125/1555/1447 2128/3977/3112
f 2128/3977/3114 2130/5098/3114 2131/3979/3115
f 2125/3982/3118 2123/5099/3530 2121/5100/3531
f 2121/5100/3531 2117/5101/3532 2135/3980/3116
f 2135/3980/3116 2133/5102/3533 2130/3981/3117
f 2130/3981/3117 2128/5103/3534 2125/3982/3118
f 2125/3982/3118 2121/5100/3531 2135/3980/3116
f 2137/3983/3119 2136/1579/1471 2118/3984/3079
f 2141/3986/3121 2140/3987/3122 2124/1568/1460
f 2127/1569/1461 2129/3989/3124 2143/3988/3123
f 2129/3989/3124 2131/1572/1464 2144/1574/1466
f 2145/1573/1465 2131/1572/1464 2132/3990/3125
f 2132/3990/3125 2134/1575/1467 2147/1577/1469
f 2149/3992/3127 2136/3994/3094 2137/3993/3128
f 2153/3996/3130 2152/5104/1473 2138/3997/1472
f 2154/3999/3132 2139/3998/3131 2140/1585/1477
f 2156/4000/1479 2155/1584/1476 2141/1583/1475
f 2157/1587/1478 2142/1586/1432 2143/1591/1482
f 2160/4003/3134 2159/1590/1481 2144/1589/1480
f 2161/4005/3136 2160/5105/3134 2145/4006/3135
f 2162/4008/3138 2146/4007/3137 2147/4009/3139
f 2150/3995/3129 2164/5106/1484 2148/4010/1483
f 2166/4011/3140 2165/4014/3143 2168/4012/3141
f 2169/4013/3144 2168/4012/3535 2170/4016/3145
f 2171/4018/3147 2170/5107/3536 2172/4019/3148
f 2172/4019/3109 2174/5108/3109 2175/4021/3110
f 2176/1596/1485 2174/1595/1447 2177/4022/3112
f 2177/4022/3115 2179/5109/3114 2180/4024/3115
f 2182/5110/3537 2179/5111/3524 2177/4025/3151
f 2177/4025/3151 2174/5112/3538 2172/5113/3116
f 2172/5113/3116 2170/5114/3539 2168/4026/1647
f 2168/4026/1647 2165/5115/3229 2184/4027/1647
f 2184/4027/1647 2182/5110/3537 2177/4025/3151
f 2177/4025/3151 2172/5113/3116 2168/4026/1647
f 2186/1607/1492 2185/1612/1497 2166/4029/3152
f 2187/1606/1491 2169/1605/1490 2171/4030/3153
f 2171/4030/3153 2173/4033/3156 2189/4032/3155
f 2173/4033/3156 2175/1610/1495 2190/4034/3157
f 2176/1608/1493 2178/4036/3159 2192/4035/3158
f 2178/4036/3159 2180/4041/3163 2193/4037/3160
f 2194/4038/3161 2180/4041/3163 2181/4039/3162
f 2181/4039/3162 2183/4045/3166 2196/4042/3164
f 2200/4043/1504 2198/1615/1500 2186/1614/1499
f 2201/1618/1503 2188/1617/1502 2189/1622/1507
f 2204/4049/1479 2203/1621/1506 2190/1620/1505
f 2205/1624/1478 2191/1623/1432 2192/1628/1482
f 2208/4052/3134 2207/1627/1508 2193/1626/1480
f 2209/4054/3136 2208/5116/3134 2194/4055/3135
f 2210/4057/3138 2195/4056/3169 2196/4058/3139
f 2199/4046/3167 2212/5117/1442 2197/4059/1509
f 2217/4060/1512 2216/5118/1511 2218/4061/3170
f 2218/4061/3174 2220/5119/3540 2221/4065/3175
f 2221/4065/3144 2220/5119/3535 2222/4066/3145
f 2223/4068/3147 2222/5120/3541 2224/4069/3148
f 2224/4069/3109 2226/5121/3109 2227/4071/3109
f 2228/1636/1485 2226/1635/1447 2229/4072/3112
f 2230/4073/3179 2229/4072/3542 2231/4074/3180
f 2213/4064/3182 2232/5122/3543 2231/4076/3183
f 2214/5123/3544 2231/5124/3545 2229/4077/3185
f 2229/4077/3185 2226/5125/3546 2224/5126/3547
f 2224/5126/3547 2222/5127/3548 2220/4078/1647
f 2220/4078/1647 2218/5128/3549 2216/4079/3186
f 2216/4079/3186 2214/5123/3544 2229/4077/3185
f 2229/4077/3185 2224/5126/3547 2220/4078/1647
f 2235/4080/3187 2233/4083/3190 2213/4081/3188
f 2217/4085/3192 2219/4088/3195 2237/4086/3193
f 2219/4088/3195 2221/1638/1515 2238/1640/1517
f 2239/1639/1516 2221/1638/1515 2223/4089/3083
f 2241/4091/3197 2240/4090/3196 2223/4089/3083
f 2225/4092/3198 2227/1643/1520 2242/4093/3199
f 2244/4094/3200 2243/1642/1519 2228/1641/1518
f 2245/4096/3201 2244/4094/3200 2230/4095/1536
f 2247/1660/1439 2234/1659/1438 2233/4098/3099
f 2246/4099/3100 2233/4098/3099 2235/4100/3202
f 2250/4101/3129 2249/5129/1442 2236/4102/1483
f 2251/4104/3127 2237/4103/3094 2238/4105/3203
f 2253/4107/1428 2252/4106/3093 2239/4108/3204
f 2254/1648/1521 2240/1647/1426 2241/1652/1522
f 2257/4111/1479 2256/1651/1506 2242/1650/1505
f 2258/1654/1523 2243/1653/1432 2244/1658/1437
f 2261/4114/1525 2260/1657/1508 2245/1656/1524
f 2263/1666/3206 2262/1665/3550 2264/4116/3207
f 2265/4117/3209 2264/4116/3551 2266/4118/3210
f 2266/4120/3212 2268/4124/3552 2269/4121/3213
f 2271/4123/1528 2269/4121/3553 2268/4124/3215
f 2272/1663/1527 2270/1662/1526 2273/4126/3216
f 2274/4127/3218 2273/4126/3554 2275/4128/3219
f 2276/4130/3221 2275/5130/3555 2277/4131/3222
f 2277/4131/3224 2279/4134/3227 2280/4133/3225
f 2268/5131/3556 2266/5132/3557 2264/4137/3185
f 2264/4137/3185 2262/5133/3558 2279/5134/3559
f 2279/5134/3559 2277/5135/3560 2275/4138/3228
f 2275/4138/3228 2273/5136/3561 2270/4139/3229
f 2270/4139/3229 2268/5131/3556 2264/4137/3185
f 2264/4137/3185 2279/5134/3559 2275/4138/3228
f 2284/4140/3230 2282/4143/3232 2263/4141/3089
f 2285/4145/3233 2265/4142/3231 2267/4146/3234
f 2267/4146/3234 2269/4152/3239 2287/4148/3236
f 2288/4149/3119 2269/4152/3239 2271/4150/3237
f 2272/4153/3240 2274/4156/3156 2291/4154/3241
f 2292/1670/1534 2291/4154/3241 2274/4156/3156
f 2295/4157/3243 2294/1672/1536 2280/4158/3244
f 2297/1691/1439 2283/1690/1549 2282/4160/3099
f 2296/4161/3100 2282/4160/3099 2284/4162/3246
f 2299/4164/1539 2298/4163/3247 2285/4165/3248
f 2300/1674/1538 2286/1673/1537 2287/1678/1542
f 2302/4167/1504 2301/1677/1541 2288/1676/1540
f 2303/1680/1503 2290/1679/1543 2291/1684/1507
f 2306/4171/3249 2305/1683/1544 2292/1682/1505
f 2309/4173/1525 2308/1689/1548 2295/1688/1524
f 2360/4176/3250 2376/4235/3279 2377/4177/3251
f 2361/4178/3252 2377/4177/3251 2378/4179/3253
f 2369/4181/3255 2385/4185/3259 2386/4182/3256
f 2393/4184/3258 2394/4192/3266 2378/4179/3253
f 2385/4185/3259 2401/5137/3562 2402/4186/3260
f 2382/4187/3261 2381/4217/3284 2365/4188/3262
f 2370/4183/3257 2386/4182/3256 2387/4190/3264
f 2394/4192/3266 2395/4202/3268 2379/4193/3267
f 2395/4194/3268 2411/5138/3297 2412/4195/3269
f 2388/4197/3271 2404/5139/3358 2405/4198/3272
f 2371/4191/3265 2387/4190/3264 2388/4200/3271
f 2395/4202/3268 2396/5140/3270 2380/4203/3275
f 2403/4204/3276 2404/5139/3358 2388/4197/3271
f 2388/4206/3271 2389/4215/3273 2373/4207/3277
f 2402/4186/3260 2403/5141/3276 2387/4190/3264
f 2359/4209/3278 2375/4224/3290 2376/4210/3279
f 2350/4212/3280 2366/4189/3263 2365/4188/3262
f 2390/4214/3282 2374/4222/3288 2373/4207/3277
f 2382/4187/3261 2398/5142/3299 2397/4216/3283
f 2389/4215/3273 2405/5143/3272 2406/4218/3285
f 2392/4219/3286 2408/5144/3563 2409/4220/3287
f 2374/4222/3288 2390/4214/3282 2391/4223/3289
f 2381/4217/3284 2397/4216/3283 2399/4225/3291
f 2383/4226/3292 2384/5145/3296 2368/4227/3293
f 2375/4224/3290 2391/4223/3289 2392/4229/3286
f 2383/4230/3292 2399/5146/3291 2400/4231/3295
f 2394/4192/3266 2410/5147/3564 2411/4233/3297
f 2368/4234/3293 2384/5148/3296 2385/4185/3259
f 2376/4235/3279 2392/5149/3286 2393/4184/3258
f 2407/4236/3298 2408/5144/3563 2392/4219/3286
f 2396/4238/3270 2382/4187/3261 2366/4189/3263
f 2400/4231/3295 2401/5150/3562 2385/4240/3259
f 2396/4196/3270 2412/4195/3269 2398/4241/3299
f 2365/4188/3262 2381/4217/3284 2383/4226/3292
f 2337/4243/3300 2353/4764/3328 2354/4244/3301
f 2341/4246/3303 2342/4770/3332 2322/4247/1564
f 2340/4249/3305 2356/4761/3326 2357/4250/3306
f 2329/4251/1566 2346/4781/3334 2347/4252/3307
f 2359/4209/3278 2360/4211/3250 2344/4254/3308
f 2311/4256/1578 2335/4269/3318 2336/4257/3310
f 2347/4252/3307 2363/4768/3331 2364/4259/3311
f 2338/4245/3302 2339/4771/3345 2317/4261/1574
f 2325/4263/3314 2344/4785/3308 2345/4264/3315
f 2316/1698/1555 2315/5151/3313 2317/1804/1574
f 2332/4266/1579 2348/4769/3312 2334/4267/3316
f 2311/1806/1578 2312/1705/1562 2313/1702/1559
f 2349/4213/3281 2351/4766/3330 2335/4269/3318
f 2478/4271/3281 2476/4374/3330 2492/4272/3320
f 2516/1730/1578 2515/1715/1562 2514/1714/1559
f 2495/4274/1579 2479/4377/3312 2493/4275/3316
f 2511/1724/1555 2512/5152/3313 2510/1726/1574
f 2483/4277/3308 2482/4390/3315 2500/4278/1575
f 2489/4280/3302 2488/4379/3333 2510/4281/1574
f 2480/4283/3307 2464/4376/3331 2463/4284/3311
f 2516/4286/1578 2492/4272/3320 2491/4287/3310
f 2468/4289/3278 2467/4367/3250 2483/4290/3308
f 2499/4292/3321 2481/4389/3334 2480/4283/3307
f 2487/4294/3305 2471/4369/3326 2470/4295/3306
f 2486/4296/3303 2485/4378/3332 2505/4297/1564
f 2490/4299/3300 2474/4372/3328 2473/4300/3301
f 2500/1727/1575 2499/5153/3321 2498/1723/1572
f 2431/4301/3270 2415/4342/3269 2429/4302/3299
f 2462/4304/3262 2446/4343/3284 2444/4305/3292
f 2427/4307/3322 2426/5154/3562 2442/4308/3259
f 2431/4310/3270 2445/4353/3261 2461/4311/3263
f 2451/4313/3279 2435/5155/3286 2434/4314/3258
f 2439/4316/3271 2438/4354/3324 2454/4317/3277
f 2459/4319/3293 2443/5156/3296 2442/4320/3259
f 2433/4322/3266 2417/5157/3564 2416/4323/3297
f 2424/4325/3276 2423/5158/3358 2439/4326/3271
f 2428/4328/3323 2427/4307/3322 2443/4309/3296
f 2432/4324/3268 2431/5159/3270 2447/4330/3275
f 2452/4332/3290 2436/4347/3289 2435/4333/3286
f 2456/4335/3265 2440/4349/3264 2439/4336/3271
f 2444/4305/3292 2443/5160/3296 2459/4338/3293
f 2439/4326/3271 2423/5158/3358 2422/4339/3272
f 2432/4341/3268 2416/5161/3297 2415/4342/3269
f 2446/4343/3284 2430/4359/3283 2428/4344/3323
f 2433/4322/3266 2432/4324/3268 2448/4331/3267
f 2453/4346/3288 2437/4356/3282 2436/4347/3289
f 2457/4348/3257 2441/4358/3256 2440/4349/3264
f 2435/4350/3286 2419/5162/3563 2418/4351/3287
f 2445/4353/3261 2446/4343/3284 2462/4304/3262
f 2438/4354/3324 2422/5163/3272 2421/4355/3285
f 2442/4320/3259 2426/5164/3562 2425/4357/3260
f 2445/4353/3261 2429/5165/3299 2430/4359/3283
f 2434/4314/3258 2433/4322/3266 2449/4345/3253
f 2454/4317/3277 2438/4354/3324 2437/4356/3282
f 2442/4320/3259 2441/4358/3256 2457/4348/3257
f 2420/4360/3298 2419/5162/3563 2435/4350/3286
f 2425/4357/3260 2424/5166/3276 2440/4349/3264
f 2463/4362/3311 2447/4312/3275 2461/4311/3263
f 2477/4363/3280 2461/4311/3263 2462/4304/3262
f 2466/4364/3252 2450/4315/3251 2449/4345/3253
f 2451/4313/3279 2450/4315/3251 2466/4364/3252
f 2468/4289/3278 2452/4332/3290 2451/4334/3279
f 2469/4368/3325 2453/4346/3288 2452/4332/3290
f 2454/4317/3277 2453/4346/3288 2469/4368/3325
f 2455/4318/3274 2454/4317/3277 2470/4295/3306
f 2456/4335/3265 2455/4337/3274 2471/4370/3326
f 2457/4348/3257 2456/4335/3265 2472/4371/3327
f 2458/4321/3255 2457/4348/3257 2473/4300/3301
f 2475/4373/3329 2459/4319/3293 2458/4321/3255
f 2476/4374/3330 2460/4306/3294 2459/4338/3293
f 2478/4271/3281 2462/4304/3262 2460/4306/3294
f 2449/4345/3253 2448/4331/3267 2464/4376/3331
f 2448/4331/3267 2447/4330/3275 2463/4284/3311
f 2463/4362/3311 2477/4363/3280 2493/4275/3316
f 2469/4368/3325 2468/4289/3278 2484/4291/3309
f 2488/4379/3333 2472/4371/3327 2471/4370/3326
f 2475/4373/3329 2474/4372/3328 2490/4299/3300
f 2477/4363/3280 2478/4271/3281 2494/4273/3319
f 2497/4293/1580 2480/4283/3307 2479/4285/3312
f 2484/4291/3309 2483/4290/3308 2502/4383/1576
f 2487/4294/3305 2486/4296/3303 2507/4298/3304
f 2513/4386/1561 2490/4299/3300 2489/4280/3302
f 2494/4273/3319 2492/4272/3320 2516/4286/1578
f 2495/1731/1579 2517/5167/3317 2518/1719/1553
f 2505/1712/1564 2504/1711/1568 2506/1721/1560
f 2466/4364/3252 2465/4365/3254 2481/4389/3334
f 2418/4391/3287 2417/5157/3564 2433/4322/3266
f 2513/1713/1561 2512/5152/3313 2511/1724/1555
f 2486/4296/3303 2470/4295/3306 2469/4368/3325
f 2489/4280/3302 2473/4300/3301 2472/4371/3327
f 2476/4374/3330 2475/4375/3329 2491/4287/3310
f 2481/4389/3334 2465/4365/3254 2464/4376/3331
f 2500/4278/1575 2482/4390/3315 2481/4389/3334
f 2485/4378/3332 2484/4291/3309 2503/4384/1567
f 2488/4379/3333 2487/4380/3305 2508/4392/1573
f 2491/4381/3310 2490/4299/3300 2513/4386/1561
f 2493/4275/3316 2494/4273/3319 2520/4387/1577
f 2503/1710/1567 2502/1728/1576 2501/1722/1571
f 2508/1725/1573 2507/4388/3304 2506/1721/1560
f 2518/1719/1553 2517/5167/3317 2520/1729/1577
f 2483/4277/3308 2467/4366/3250 2466/4364/3252
f 2498/1723/1572 2499/5153/3321 2497/1732/1580
f 2538/4394/3286 2522/4398/3337 2536/4395/3335
f 2539/4397/3289 2523/5168/3298 2522/4398/3337
f 2528/4399/3260 2527/5169/3276 2543/4400/3264
f 2546/4402/3296 2530/5170/3295 2529/4403/3338
f 2532/4405/3339 2531/5171/3291 2547/4406/3292
f 2534/4408/3340 2533/5172/3565 2549/4409/3261
f 2553/4411/3266 2537/4446/3343 2535/4412/3297
f 2538/4414/3286 2552/4445/3336 2568/4415/3251
f 2540/4417/3282 2539/4439/3289 2555/4418/3341
f 2558/4420/3274 2542/5173/3271 2541/4421/3273
f 2560/4423/3257 2544/4401/3256 2543/4400/3264
f 2546/4425/3296 2545/4440/3259 2561/4426/3255
f 2564/4428/3262 2548/4407/3284 2547/4406/3292
f 2550/4430/3270 2549/4443/3261 2565/4431/3263
f 2569/4433/3253 2553/4411/3266 2551/4413/3268
f 2542/4435/3271 2526/5174/3358 2525/4436/3272
f 2540/4417/3282 2524/5175/3285 2523/4438/3298
f 2545/4440/3259 2529/5176/3338 2528/4399/3260
f 2531/4441/3291 2530/5170/3295 2546/4402/3296
f 2549/4443/3261 2533/5177/3565 2532/4405/3339
f 2551/4444/3268 2535/5178/3297 2534/4408/3340
f 2552/4445/3336 2536/5179/3335 2537/4446/3343
f 2539/4439/3289 2538/5180/3286 2554/4447/3279
f 2557/4422/3277 2541/4421/3273 2540/4417/3282
f 2559/4424/3265 2543/4400/3264 2542/4448/3271
f 2561/4426/3255 2545/4440/3259 2544/4401/3256
f 2563/4429/3294 2547/4406/3292 2546/4450/3296
f 2549/4443/3261 2548/4407/3284 2564/4428/3262
f 2551/4413/3268 2550/5181/3270 2566/4452/3275
f 2552/4445/3336 2553/4411/3266 2569/4433/3253
f 2527/4453/3276 2526/5174/3358 2542/4435/3271
f 2570/4455/3250 2554/4416/3279 2568/4415/3251
f 2555/4418/3341 2554/4447/3279 2570/4457/3250
f 2573/4459/3306 2557/4422/3277 2556/4419/3288
f 2558/4420/3274 2557/4422/3277 2573/4459/3306
f 2575/4462/3327 2559/4424/3265 2558/4449/3274
f 2576/4464/3301 2560/4423/3257 2559/4424/3265
f 2561/4426/3255 2560/4423/3257 2576/4464/3301
f 2562/4427/3293 2561/4426/3255 2577/4465/3328
f 2563/4429/3294 2562/4451/3293 2578/4467/3329
f 2564/4428/3262 2563/4429/3294 2579/4468/3330
f 2565/4431/3263 2564/4428/3262 2580/4469/3281
f 2582/4471/3311 2566/4432/3275 2565/4431/3263
f 2583/4472/3331 2567/4434/3342 2566/4452/3275
f 2585/4474/3254 2569/4433/3253 2567/4434/3342
f 2584/4456/3252 2568/4415/3251 2569/4433/3253
f 2556/4419/3288 2555/4418/3341 2571/4458/3278
f 2570/4455/3250 2584/4456/3252 2600/4475/3315
f 2587/4477/3344 2571/4458/3278 2570/4457/3250
f 2589/4479/3303 2573/4459/3306 2572/4460/3325
f 2590/4481/3305 2574/4461/3326 2573/4459/3306
f 2575/4462/3327 2574/4463/3326 2590/4482/3305
f 2576/4464/3301 2575/4462/3327 2591/4483/3345
f 2593/4485/3300 2577/4465/3328 2576/4464/3301
f 2594/4486/3310 2578/4466/3329 2577/4465/3328
f 2595/4487/3346 2579/4468/3330 2578/4467/3329
f 2596/4489/3319 2580/4469/3281 2579/4468/3330
f 2597/4490/3316 2581/4470/3280 2580/4469/3281
f 2582/4471/3311 2581/4470/3280 2597/4490/3316
f 2583/4472/3331 2582/4473/3311 2598/4492/3312
f 2585/4474/3254 2583/4472/3331 2599/4493/3307
f 2584/4456/3252 2585/4474/3254 2601/4494/3334
f 2588/4480/3332 2572/4460/3325 2571/4458/3278
f 2586/4476/3308 2600/4475/3315 2623/4495/3347
f 2604/4497/1591 2587/4477/3344 2586/4478/3308
f 2589/4479/3303 2588/4480/3332 2605/4499/1594
f 2609/4501/3348 2590/4481/3305 2589/4479/3303
f 2591/4483/3345 2590/4482/3305 2609/4502/3348
f 2592/4484/3302 2591/4483/3345 2610/4503/1595
f 2593/4485/3300 2592/4484/3302 2612/4504/1596
f 2594/4486/3310 2593/4485/3300 2613/4505/1597
f 2595/4487/3346 2594/4488/3310 2615/4507/1598
f 2596/4489/3319 2595/4487/3346 2616/4508/1599
f 2619/4510/1601 2597/4490/3316 2596/4489/3319
f 2598/4491/3312 2597/4490/3316 2619/4510/1601
f 2622/4512/1604 2599/4493/3307 2598/4492/3312
f 2626/4514/1603 2601/4494/3334 2599/4493/3307
f 2600/4475/3315 2601/4494/3334 2626/4514/1603
f 2605/4499/1594 2588/4480/3332 2587/4477/3344
f 2602/1744/1592 2623/5182/3347 2624/1739/1587
f 2608/1736/1584 2609/5183/3348 2607/1745/1593
f 2610/1747/1595 2609/5183/3348 2608/1736/1584
f 2613/1749/1597 2612/1748/1596 2611/1742/1590
f 2617/1741/1589 2616/1751/1599 2615/1750/1598
f 2619/1753/1601 2618/1752/1600 2617/1741/1589
f 2622/1756/1604 2621/1754/1602 2620/1734/1582
f 2624/1739/1587 2623/5182/3347 2626/1755/1603
f 2606/1737/1585 2605/1746/1594 2604/1743/1591
f 2421/4355/3285 2420/5184/3298 2436/4347/3289
f 2364/4515/3311 2380/4239/3275 2366/4189/3263
f 2525/4516/3272 2524/5175/3285 2540/4417/3282
f 2629/1779/1626 2630/5185/3349 2627/1758/1606
f 2631/1759/1607 2632/5186/3348 2633/1776/1623
f 2633/1776/1623 2632/5186/3348 2634/1761/1593
f 2636/1762/1609 2637/5187/3350 2638/1778/1625
f 2638/1778/1625 2637/5187/3350 2639/1764/1611
f 2641/1765/1612 2642/1767/1614 2643/1766/1613
f 2644/1768/1615 2645/5188/3353 2646/1777/1624
f 2646/1777/1624 2645/5188/3353 2647/1770/1617
f 2648/1769/1616 2649/1771/1618 2650/1773/1620
f 2652/1774/1621 2630/5185/3349 2629/1779/1626
f 2654/4517/3300 2653/4520/3302 2627/4518/1606
f 2653/4520/3302 2655/4554/3333 2631/4521/1607
f 2631/4521/1607 2655/4554/3333 2656/4522/3305
f 2656/4524/3305 2657/4528/3303 2634/4525/1593
f 2658/4527/3332 2636/4530/1609 2634/4525/1593
f 2658/4527/3332 2659/4531/3351 2637/4529/3350
f 2659/4531/3351 2660/4560/3308 2639/4532/1611
f 2660/4533/3308 2661/4536/3315 2641/4534/1612
f 2661/4536/3315 2662/4538/3334 2642/4537/1614
f 2662/4538/3334 2663/4540/3352 2644/4539/1615
f 2663/4540/3352 2664/4564/3312 2645/4541/3353
f 2664/4542/3312 2665/4545/3316 2647/4543/1617
f 2665/4545/3316 2666/4566/3319 2649/4546/1618
f 2649/4546/1618 2666/4566/3319 2667/4547/3354
f 2650/4548/1620 2667/4547/3354 2668/4549/3310
f 2652/4551/1621 2668/4570/3310 2654/4517/3300
f 2670/4552/3328 2669/4553/3301 2653/4520/3302
f 2669/4553/3301 2671/4555/3327 2655/4554/3333
f 2671/4555/3327 2672/4574/3326 2656/4522/3305
f 2672/4556/3326 2673/4576/3306 2657/4528/3303
f 2657/4528/3303 2673/4576/3306 2674/4557/3325
f 2658/4527/3332 2674/4557/3325 2675/4558/3278
f 2659/4531/3351 2675/4558/3278 2676/4559/3250
f 2660/4533/3308 2676/4580/3250 2677/4561/3252
f 2661/4536/3315 2677/4561/3252 2678/4562/3254
f 2662/4538/3334 2678/4562/3254 2679/4563/3331
f 2679/4563/3331 2680/4584/3311 2664/4564/3312
f 2664/4542/3312 2680/4586/3311 2681/4565/3280
f 2681/4565/3280 2682/4588/3281 2666/4566/3319
f 2666/4566/3319 2682/4588/3281 2683/4567/3330
f 2667/4547/3354 2683/4567/3330 2684/4568/3329
f 2684/4569/3329 2670/4552/3328 2654/4517/3300
f 2670/4552/3328 2686/4590/3255 2685/4571/3257
f 2669/4553/3301 2685/4571/3257 2687/4572/3265
f 2671/4555/3327 2687/4572/3265 2688/4573/3274
f 2672/4556/3326 2688/4594/3274 2689/4575/3277
f 2689/4575/3277 2690/4577/3288 2674/4557/3325
f 2690/4577/3288 2691/4578/3290 2675/4558/3278
f 2691/4578/3290 2692/5189/3279 2676/4559/3250
f 2692/4579/3279 2693/4581/3251 2677/4561/3252
f 2693/4581/3251 2694/4600/3253 2678/4562/3254
f 2678/4562/3254 2694/4600/3253 2695/4582/3355
f 2679/4563/3331 2695/4582/3355 2696/4583/3275
f 2696/4585/3275 2697/4604/3263 2681/4565/3280
f 2681/4565/3280 2697/4604/3263 2698/4587/3262
f 2698/4587/3262 2699/4589/3356 2683/4567/3330
f 2699/4589/3356 2700/4607/3293 2684/4568/3329
f 2684/4569/3329 2700/4609/3293 2686/4590/3255
f 2702/4591/3259 2701/4611/3256 2685/4571/3257
f 2685/4571/3257 2701/4611/3256 2703/4592/3264
f 2703/4592/3264 2704/5190/3271 2688/4573/3274
f 2704/4593/3271 2705/4617/3324 2689/4575/3277
f 2689/4575/3277 2705/4617/3324 2706/4595/3282
f 2690/4577/3288 2706/4595/3282 2707/4596/3289
f 2708/4597/3286 2692/5189/3279 2691/4578/3290
f 2708/4598/3286 2709/4624/3258 2693/4581/3251
f 2693/4581/3251 2709/4624/3258 2710/4599/3266
f 2694/4600/3253 2710/4599/3266 2711/4601/3268
f 2695/4582/3355 2711/4601/3268 2712/4602/3270
f 2696/4585/3275 2712/5191/3270 2713/4603/3357
f 2697/4604/3263 2713/4603/3357 2714/4605/3284
f 2714/4605/3284 2715/4606/3292 2699/4589/3356
f 2715/4606/3292 2716/5192/3296 2700/4607/3293
f 2716/4608/3296 2702/4591/3259 2686/4590/3255
f 2702/4591/3259 2718/5193/3338 2717/4610/3260
f 2701/4611/3256 2717/4610/3260 2719/4612/3276
f 2703/4613/3264 2719/5194/3276 2720/4614/3358
f 2720/4614/3358 2721/5195/3566 2705/4616/3324
f 2705/4617/3324 2721/5196/3566 2722/4618/3285
f 2722/4618/3285 2723/5197/3298 2707/4596/3289
f 2723/4619/3298 2724/5198/3337 2708/4620/3286
f 2708/4620/3286 2724/5198/3337 2725/4622/3287
f 2709/4624/3258 2725/5199/3287 2726/4625/3343
f 2726/4625/3343 2727/5200/3297 2711/4601/3268
f 2727/4626/3297 2728/5201/3340 2712/4627/3270
f 2712/4627/3270 2728/5201/3340 2729/4629/3299
f 2729/4631/3299 2730/5202/3339 2714/4605/3284
f 2714/4605/3284 2730/5202/3339 2731/4632/3291
f 2715/4633/3292 2731/5203/3291 2732/4634/3295
f 2716/4635/3296 2732/4634/3295 2718/4636/3338
f 2755/1792/1634 2756/1798/1640 2757/1782/1628
f 2736/1789/1632 2737/5204/3304 2734/1784/1630
f 2746/1786/1579 2747/4668/3317 2748/1794/1636
f 2751/1799/1641 2752/5205/3362 2753/1796/1638
f 2761/4638/3303 2760/4669/3332 2734/4639/1630
f 2763/4641/3308 2764/4671/3315 2741/4642/1575
f 2766/4644/3359 2767/4682/3312 2746/4645/1579
f 2769/4647/3319 2770/4674/3346 2751/4648/1641
f 2754/4650/1639 2772/4664/3300 2773/4651/3302
f 2773/4651/3302 2789/4687/3301 2790/4653/3327
f 2778/4655/3278 2779/4691/3250 2763/4656/3308
f 2765/4658/3334 2781/4694/3254 2782/4659/3331
f 2768/4660/3316 2784/4698/3280 2785/4661/3281
f 2771/4662/3310 2787/4704/3329 2788/4663/3328
f 2741/1801/1575 2742/5206/3321 2743/1791/1572
f 2836/4665/3338 2837/5207/3567 2821/4666/3256
f 2749/1800/1642 2750/1795/1637 2748/1794/1636
f 2753/1796/1638 2752/5205/3362 2754/1797/1639
f 2759/1780/1573 2737/5204/3304 2736/1789/1632
f 2760/4669/3332 2762/4657/3351 2738/4670/1631
f 2765/4658/3334 2742/4757/3321 2741/4642/1575
f 2746/4672/1579 2767/4754/3312 2768/4660/3316
f 2770/4674/3346 2771/4755/3310 2752/4675/3362
f 2757/4676/1628 2774/4654/3360 2775/4677/3305
f 2777/4679/3306 2776/4688/3325 2760/4669/3332
f 2779/4680/3250 2780/4693/3252 2764/4671/3315
f 2766/4644/3359 2782/4659/3331 2783/4681/3311
f 2769/4647/3319 2785/4661/3281 2786/4683/3330
f 2788/4663/3328 2789/4687/3301 2773/4651/3302
f 2791/4684/3326 2777/4679/3306 2761/4638/3303
f 2805/4686/3257 2806/4706/3363 2790/4653/3327
f 2776/4688/3325 2792/4708/3288 2794/4689/3290
f 2778/4655/3278 2794/4689/3290 2795/4690/3279
f 2779/4680/3250 2795/4738/3279 2796/4692/3251
f 2796/4692/3251 2797/4695/3253 2781/4694/3254
f 2797/4695/3253 2798/4696/3342 2782/4659/3331
f 2798/4696/3342 2799/4716/3275 2783/4681/3311
f 2799/4697/3275 2800/4700/3263 2784/4698/3280
f 2800/4700/3263 2801/4718/3262 2785/4661/3281
f 2785/4661/3281 2801/4718/3262 2802/4701/3294
f 2786/4683/3330 2802/4701/3294 2803/4702/3293
f 2787/4704/3329 2803/4742/3293 2804/4705/3255
f 2788/4663/3328 2804/4705/3255 2805/4686/3257
f 2806/4706/3363 2807/4721/3274 2791/4707/3326
f 2777/4679/3306 2793/4709/3277 2792/4708/3288
f 2791/4684/3326 2807/4744/3274 2793/4709/3277
f 2834/4710/3291 2835/5208/3568 2819/4711/3296
f 2810/4713/3289 2811/5209/3286 2795/4690/3279
f 2812/4714/3336 2813/4729/3266 2797/4695/3253
f 2798/4696/3342 2814/4739/3268 2815/4715/3270
f 2800/4700/3263 2816/4733/3261 2817/4717/3284
f 2802/4701/3294 2818/4741/3292 2819/4719/3296
f 2820/4667/3361 2821/4666/3256 2805/4686/3257
f 2822/4720/3264 2823/5210/3271 2807/4721/3274
f 2809/4722/3324 2825/5211/3272 2824/4723/3285
f 2810/4725/3289 2826/5212/3298 2827/4726/3337
f 2812/4714/3336 2828/5213/3335 2829/4728/3343
f 2830/4730/3297 2831/5214/3269 2815/4731/3270
f 2816/4733/3261 2832/5215/3299 2833/4734/3283
f 2821/4666/3256 2837/5207/3567 2838/4735/3276
f 2809/4722/3324 2808/4724/3282 2792/4708/3288
f 2819/4711/3296 2835/5208/3568 2836/4736/3338
f 2795/4738/3279 2811/5216/3286 2812/4714/3336
f 2797/4695/3253 2813/4729/3266 2814/4739/3268
f 2815/4740/3270 2816/4733/3261 2800/4700/3263
f 2801/4718/3262 2817/4717/3284 2818/4741/3292
f 2803/4742/3293 2819/5217/3296 2820/4667/3361
f 2821/4666/3256 2822/4720/3264 2806/4706/3363
f 2823/4743/3271 2809/4722/3324 2793/4709/3277
f 2808/4724/3282 2824/4723/3285 2826/4745/3298
f 2827/4726/3337 2828/5218/3335 2812/4746/3336
f 2829/4728/3343 2830/5219/3297 2814/4739/3268
f 2815/4731/3270 2831/5214/3269 2832/4747/3299
f 2833/4734/3283 2834/5220/3291 2818/4741/3292
f 2822/4749/3264 2838/5221/3276 2839/4750/3358
f 2792/4708/3288 2808/4724/3282 2810/4713/3289
f 2823/4751/3271 2839/4750/3358 2825/4752/3272
f 2764/4671/3315 2780/4693/3252 2781/4694/3254
f 2768/4660/3316 2769/4647/3319 2749/4649/1642
f 2767/4754/3312 2783/4699/3311 2784/4698/3280
f 2756/4652/1640 2773/4651/3302 2774/4654/3360
f 2786/4683/3330 2787/4703/3329 2771/4755/3310
f 2738/4670/1631 2762/4657/3351 2763/4656/3308
f 2774/4654/3360 2790/4653/3327 2791/4707/3326
f 2765/4658/3334 2766/4644/3359 2744/4646/1580
f 2771/4662/3310 2772/4664/3300 2754/4650/1639
f 2743/1791/1572 2742/5206/3321 2744/1788/1580
f 2759/4759/1573 2775/4685/3305 2761/4638/3303
f 2738/1785/1631 2739/1802/1576 2740/1793/1635
f 2776/4688/3325 2778/4655/3278 2762/4657/3351
f 2374/4222/3288 2375/4224/3290 2359/4209/3278
f 2373/4207/3277 2374/4222/3288 2358/4760/3325
f 2372/4208/3274 2373/4207/3277 2357/4250/3306
f 2371/4191/3265 2372/4201/3274 2356/4762/3326
f 2370/4183/3257 2371/4191/3265 2355/4763/3327
f 2369/4181/3255 2370/4183/3257 2354/4244/3301
f 2352/4765/3329 2368/4234/3293 2369/4181/3255
f 2351/4766/3330 2367/4228/3294 2368/4227/3293
f 2349/4213/3281 2365/4188/3262 2367/4228/3294
f 2378/4179/3253 2379/4193/3267 2363/4768/3331
f 2379/4193/3267 2380/4203/3275 2364/4259/3311
f 2364/4515/3311 2350/4212/3280 2334/4267/3316
f 2358/4760/3325 2359/4209/3278 2343/4255/3309
f 2339/4771/3345 2355/4763/3327 2356/4762/3326
f 2352/4765/3329 2353/4764/3328 2337/4243/3300
f 2350/4212/3280 2349/4213/3281 2333/4270/3319
f 2330/4253/1643 2347/4252/3307 2348/4260/3312
f 2343/4255/3309 2344/4254/3308 2325/4775/3314
f 2340/4249/3305 2341/4246/3303 2320/4248/3304
f 2314/4778/1561 2337/4243/3300 2338/4245/3302
f 2335/4269/3318 2311/4256/1578 2843/4779/1577
f 2332/1807/1579 2310/5222/3317 2841/1696/1553
f 2326/1693/1550 2325/5223/3314 2327/1708/1565
f 2322/1707/1564 2323/1695/1552 2321/1703/1560
f 2361/4178/3252 2362/4180/3254 2346/4781/3334
f 2409/4782/3287 2410/5147/3564 2394/4192/3266
f 2314/1704/1561 2315/5151/3313 2316/1698/1555
f 2341/4246/3303 2357/4250/3306 2358/4760/3325
f 2338/4245/3302 2354/4244/3301 2355/4763/3327
f 2351/4766/3330 2352/4767/3329 2336/4257/3310
f 2346/4781/3334 2362/4180/3254 2363/4768/3331
f 2345/4264/3315 2346/4781/3334 2329/4251/1566
f 2342/4770/3332 2343/4255/3309 2324/4776/1563
f 2339/4771/3345 2340/4772/3305 2319/4783/1573
f 2336/4773/3310 2337/4243/3300 2314/4778/1561
f 2334/4267/3316 2333/4270/3319 2843/4779/1577
f 2324/1706/1563 2325/5223/3314 2326/1693/1550
f 2319/1803/1573 2320/4780/3304 2321/1703/1560
f 2841/1696/1553 2310/5222/3317 2843/1805/1577
f 2344/4785/3308 2360/4176/3250 2361/4178/3252
f 2328/1700/1557 2329/1709/1566 2330/1808/1643
f 2406/4218/3285 2407/5224/3298 2391/4223/3289
