# Blender 5.1.1
# www.blender.org
mtllib Banch.mtl
o Bench_Main_0
v -2.064178 0.626213 0.576541
v -2.064178 0.622666 0.574058
v -2.067239 0.623198 0.577073
v -2.064178 0.531624 0.590125
v -2.064178 0.529141 0.593672
v -2.067239 0.532156 0.593140
v -2.064178 0.633213 0.616207
v -2.067239 0.630198 0.616739
v -2.064178 0.630730 0.619754
v -2.064178 0.536141 0.633338
v -2.064178 0.539688 0.635821
v -2.067239 0.539156 0.632806
v 2.064178 0.626213 0.576541
v 2.067240 0.623198 0.577073
v 2.064178 0.622666 0.574058
v 2.064178 0.529141 0.593672
v 2.064178 0.531624 0.590125
v 2.067240 0.532156 0.593140
v 2.064178 0.633213 0.616207
v 2.064178 0.630730 0.619754
v 2.067240 0.630198 0.616739
v 2.064178 0.536141 0.633338
v 2.067240 0.539156 0.632806
v 2.064178 0.539688 0.635821
v -2.064178 1.496235 -0.726394
v -2.064178 1.493648 -0.722922
v -2.067239 1.496677 -0.723364
v -2.064178 1.507000 -0.631442
v -2.064178 1.510472 -0.628855
v -2.067239 1.510030 -0.631884
v -2.064178 1.536092 -0.732211
v -2.067239 1.536534 -0.729181
v -2.064178 1.539564 -0.729624
v -2.064178 1.550329 -0.634672
v -2.064178 1.552916 -0.638144
v -2.067239 1.549886 -0.637702
v 2.064178 1.496235 -0.726394
v 2.067240 1.496677 -0.723364
v 2.064178 1.493648 -0.722922
v 2.064178 1.510472 -0.628855
v 2.064178 1.507000 -0.631442
v 2.067240 1.510030 -0.631884
v 2.064178 1.536092 -0.732211
v 2.064178 1.539564 -0.729624
v 2.067240 1.536534 -0.729181
v 2.064178 1.550329 -0.634672
v 2.067240 1.549886 -0.637702
v 2.064178 1.552916 -0.638144
v -2.064178 1.509814 -0.606673
v -2.064178 1.505740 -0.605206
v -2.067239 1.508510 -0.603902
v -2.064178 1.466374 -0.521557
v -2.064178 1.467841 -0.517483
v -2.067239 1.469145 -0.520253
v -2.064178 1.546259 -0.589522
v -2.067239 1.544955 -0.586751
v -2.064178 1.547725 -0.585448
v -2.064178 1.504286 -0.500332
v -2.064178 1.508360 -0.501798
v -2.067239 1.505590 -0.503102
v 2.064178 1.509814 -0.606673
v 2.067240 1.508510 -0.603902
v 2.064178 1.505740 -0.605206
v 2.064178 1.467841 -0.517483
v 2.064178 1.466374 -0.521557
v 2.067240 1.469145 -0.520253
v 2.064178 1.546259 -0.589522
v 2.064178 1.547725 -0.585448
v 2.067240 1.544955 -0.586751
v 2.064178 1.504286 -0.500332
v 2.067240 1.505590 -0.503102
v 2.064178 1.508360 -0.501798
v -2.064178 1.452229 -0.501399
v -2.064178 1.447964 -0.502143
v -2.067239 1.449724 -0.499639
v -2.064178 1.372332 -0.448976
v -2.064178 1.371588 -0.444710
v -2.067239 1.374093 -0.446471
v -2.064178 1.475394 -0.468448
v -2.067239 1.472889 -0.466687
v -2.064178 1.474650 -0.464182
v -2.064178 1.394753 -0.411759
v -2.064178 1.399018 -0.411015
v -2.067239 1.397258 -0.413520
v 2.064178 1.452229 -0.501399
v 2.067240 1.449724 -0.499639
v 2.064178 1.447964 -0.502143
v 2.064178 1.371588 -0.444710
v 2.064178 1.372332 -0.448976
v 2.067240 1.374093 -0.446471
v 2.064178 1.475394 -0.468448
v 2.064178 1.474650 -0.464182
v 2.067240 1.472889 -0.466687
v 2.064178 1.394753 -0.411759
v 2.067240 1.397258 -0.413520
v 2.064178 1.399018 -0.411015
v -2.064178 1.348624 -0.432811
v -2.064178 1.344700 -0.434640
v -2.067239 1.345747 -0.431763
v -2.064178 1.257833 -0.403000
v -2.064178 1.256004 -0.399076
v -2.067239 1.258881 -0.400123
v -2.064178 1.362409 -0.394964
v -2.067239 1.359533 -0.393916
v -2.064178 1.360580 -0.391040
v -2.064178 1.269789 -0.361229
v -2.064178 1.273714 -0.359400
v -2.067239 1.272666 -0.362277
v 2.064178 1.348624 -0.432811
v 2.067240 1.345747 -0.431763
v 2.064178 1.344700 -0.434640
v 2.064178 1.256004 -0.399076
v 2.064178 1.257833 -0.403000
v 2.067240 1.258881 -0.400123
v 2.064178 1.362409 -0.394964
v 2.064178 1.360580 -0.391040
v 2.067240 1.359533 -0.393916
v 2.064178 1.269789 -0.361229
v 2.067240 1.272666 -0.362277
v 2.064178 1.273714 -0.359400
v -2.064178 1.229094 -0.391212
v -2.064178 1.225346 -0.393379
v -2.067239 1.226136 -0.390422
v -2.064178 1.136033 -0.369504
v -2.064178 1.133865 -0.365756
v -2.067239 1.136823 -0.366546
v -2.064178 1.239496 -0.352299
v -2.067239 1.236539 -0.351509
v -2.064178 1.237329 -0.348551
v -2.064178 1.144268 -0.326843
v -2.064178 1.148016 -0.324676
v -2.067239 1.147225 -0.327633
v 2.064178 1.229094 -0.391212
v 2.067240 1.226136 -0.390422
v 2.064178 1.225346 -0.393379
v 2.064178 1.133865 -0.365756
v 2.064178 1.136033 -0.369504
v 2.067240 1.136823 -0.366546
v 2.064178 1.239496 -0.352299
v 2.064178 1.237329 -0.348551
v 2.067240 1.236539 -0.351509
v 2.064178 1.144268 -0.326843
v 2.067240 1.147225 -0.327633
v 2.064178 1.148016 -0.324676
v -2.064178 1.105829 -0.358658
v -2.064178 1.102116 -0.360885
v -2.067239 1.102859 -0.357915
v -2.064178 1.012432 -0.338445
v -2.064178 1.010205 -0.334732
v -2.067239 1.013175 -0.335475
v -2.064178 1.115606 -0.319583
v -2.067239 1.112636 -0.318840
v -2.064178 1.113379 -0.315870
v -2.064178 1.019981 -0.295657
v -2.064178 1.023695 -0.293430
v -2.067239 1.022951 -0.296400
v 2.064178 1.105829 -0.358658
v 2.067240 1.102859 -0.357915
v 2.064178 1.102116 -0.360885
v 2.064178 1.010205 -0.334732
v 2.064178 1.012432 -0.338445
v 2.067240 1.013175 -0.335475
v 2.064178 1.115606 -0.319583
v 2.064178 1.113379 -0.315870
v 2.067240 1.112636 -0.318840
v 2.064178 1.019981 -0.295657
v 2.067240 1.022951 -0.296400
v 2.064178 1.023695 -0.293430
v -2.064178 0.981682 -0.327458
v -2.064178 0.977904 -0.329573
v -2.067239 0.978736 -0.326627
v -2.064178 0.888931 -0.304463
v -2.064178 0.886815 -0.300685
v -2.067239 0.889762 -0.301516
v -2.064178 0.992623 -0.288693
v -2.067239 0.989676 -0.287862
v -2.064178 0.990508 -0.284915
v -2.064178 0.897756 -0.261920
v -2.064178 0.901534 -0.259805
v -2.067239 0.900702 -0.262751
v 2.064178 0.981682 -0.327458
v 2.067240 0.978736 -0.326627
v 2.064178 0.977904 -0.329573
v 2.064178 0.886815 -0.300685
v 2.064178 0.888931 -0.304463
v 2.067240 0.889762 -0.301516
v 2.064178 0.992623 -0.288693
v 2.064178 0.990508 -0.284915
v 2.067240 0.989676 -0.287862
v 2.064178 0.897756 -0.261920
v 2.067240 0.900702 -0.262751
v 2.064178 0.901534 -0.259805
v -2.064178 0.857445 -0.290078
v -2.064178 0.853321 -0.291398
v -2.067239 0.854723 -0.288676
v -2.064178 0.771133 -0.249066
v -2.064178 0.769813 -0.244942
v -2.067239 0.772535 -0.246344
v -2.064178 0.875888 -0.254269
v -2.067239 0.873166 -0.252867
v -2.064178 0.874568 -0.250145
v -2.064178 0.788256 -0.209134
v -2.064178 0.792380 -0.207814
v -2.067239 0.790978 -0.210536
v 2.064178 0.857445 -0.290078
v 2.067240 0.854723 -0.288676
v 2.064178 0.853321 -0.291398
v 2.064178 0.769813 -0.244942
v 2.064178 0.771133 -0.249066
v 2.067240 0.772535 -0.246344
v 2.064178 0.875888 -0.254269
v 2.064178 0.874568 -0.250145
v 2.067240 0.873166 -0.252867
v 2.064178 0.788256 -0.209134
v 2.067240 0.790978 -0.210536
v 2.064178 0.792380 -0.207814
v -2.064178 0.742976 -0.223484
v -2.064178 0.738773 -0.222442
v -2.067239 0.741395 -0.220862
v -2.064178 0.691047 -0.143265
v -2.064178 0.692088 -0.139063
v -2.067239 0.693669 -0.141685
v -2.064178 0.777473 -0.202690
v -2.067239 0.775892 -0.200068
v -2.064178 0.778514 -0.198487
v -2.064178 0.726585 -0.118269
v -2.064178 0.730788 -0.119310
v -2.067239 0.728166 -0.120891
v 2.064178 0.742976 -0.223484
v 2.067240 0.741395 -0.220862
v 2.064178 0.738773 -0.222442
v 2.064178 0.692088 -0.139062
v 2.064178 0.691046 -0.143265
v 2.067240 0.693669 -0.141685
v 2.064178 0.777473 -0.202690
v 2.064178 0.778514 -0.198487
v 2.067240 0.775892 -0.200068
v 2.064178 0.726585 -0.118268
v 2.067240 0.728166 -0.120891
v 2.064178 0.730788 -0.119310
v -2.064178 0.683656 -0.107431
v -2.064178 0.680191 -0.104835
v -2.067239 0.683222 -0.104400
v -2.064178 0.667073 -0.013321
v -2.064178 0.669670 -0.009856
v -2.067239 0.670104 -0.012886
v -2.064178 0.723528 -0.101716
v -2.067239 0.723094 -0.098685
v -2.064178 0.726124 -0.098250
v -2.064178 0.709541 -0.004140
v -2.064178 0.713006 -0.006737
v -2.067239 0.709976 -0.007171
v 2.064178 0.683656 -0.107431
v 2.067240 0.683222 -0.104400
v 2.064178 0.680191 -0.104835
v 2.064178 0.669670 -0.009856
v 2.064178 0.667073 -0.013321
v 2.067240 0.670104 -0.012886
v 2.064178 0.723528 -0.101716
v 2.064178 0.726124 -0.098250
v 2.067240 0.723094 -0.098685
v 2.064178 0.709541 -0.004140
v 2.067240 0.709976 -0.007171
v 2.064178 0.713006 -0.006737
v -2.064178 0.669296 0.022083
v -2.064178 0.666638 0.025501
v -2.067239 0.669676 0.025121
v -2.064178 0.678099 0.117237
v -2.064178 0.681517 0.119895
v -2.067239 0.681137 0.116857
v -2.064178 0.709265 0.017089
v -2.067239 0.709644 0.020128
v -2.064178 0.712682 0.019748
v -2.064178 0.721485 0.114902
v -2.064178 0.724144 0.111484
v -2.067239 0.721106 0.111863
v 2.064178 0.669296 0.022083
v 2.067240 0.669676 0.025121
v 2.064178 0.666638 0.025501
v 2.064178 0.681517 0.119895
v 2.064178 0.678099 0.117237
v 2.067240 0.681137 0.116857
v 2.064178 0.709265 0.017089
v 2.064178 0.712682 0.019748
v 2.067240 0.709644 0.020128
v 2.064178 0.721485 0.114902
v 2.067240 0.721106 0.111863
v 2.064178 0.724144 0.111484
v -2.064178 0.688817 0.149838
v -2.064178 0.686738 0.153636
v -2.067239 0.689676 0.152777
v -2.064178 0.712682 0.242370
v -2.064178 0.716480 0.244450
v -2.067239 0.715621 0.241511
v -2.064178 0.727478 0.138534
v -2.067239 0.728337 0.141473
v -2.064178 0.731276 0.140614
v -2.064178 0.755141 0.233146
v -2.064178 0.757220 0.229348
v -2.067239 0.754282 0.230207
v 2.064178 0.688817 0.149838
v 2.067240 0.689676 0.152777
v 2.064178 0.686738 0.153636
v 2.064178 0.716480 0.244450
v 2.064178 0.712682 0.242370
v 2.067240 0.715621 0.241511
v 2.064178 0.727478 0.138534
v 2.064178 0.731276 0.140614
v 2.067240 0.728337 0.141473
v 2.064178 0.755141 0.233146
v 2.067240 0.754282 0.230207
v 2.064178 0.757220 0.229348
v -2.064178 0.724028 0.271740
v -2.064178 0.721702 0.275392
v -2.067239 0.724691 0.274730
v -2.064178 0.741705 0.365651
v -2.064178 0.745356 0.367978
v -2.067239 0.744694 0.364989
v -2.064178 0.763353 0.263025
v -2.067239 0.764016 0.266014
v -2.064178 0.767005 0.265352
v -2.064178 0.784681 0.359263
v -2.064178 0.787008 0.355611
v -2.067239 0.784019 0.356274
v 2.064178 0.724028 0.271740
v 2.067240 0.724691 0.274730
v 2.064178 0.721702 0.275392
v 2.064178 0.745356 0.367978
v 2.064178 0.741705 0.365651
v 2.067240 0.744694 0.364989
v 2.064178 0.763353 0.263025
v 2.064178 0.767005 0.265352
v 2.067240 0.764016 0.266014
v 2.064178 0.784681 0.359263
v 2.067240 0.784019 0.356274
v 2.064178 0.787008 0.355611
v -2.064178 0.748964 0.392074
v -2.064178 0.745562 0.394752
v -2.067239 0.748602 0.395114
v -2.064178 0.734633 0.486553
v -2.064178 0.737311 0.489955
v -2.067239 0.737673 0.486915
v -2.064178 0.788960 0.396836
v -2.067239 0.788598 0.399876
v -2.064178 0.791639 0.400238
v -2.064178 0.777308 0.494717
v -2.064178 0.780710 0.492039
v -2.067239 0.777670 0.491677
v 2.064178 0.748964 0.392074
v 2.067240 0.748602 0.395114
v 2.064178 0.745562 0.394752
v 2.064178 0.737311 0.489955
v 2.064178 0.734633 0.486553
v 2.067240 0.737673 0.486915
v 2.064178 0.788960 0.396836
v 2.064178 0.791639 0.400238
v 2.067240 0.788598 0.399876
v 2.064178 0.777308 0.494717
v 2.067240 0.777670 0.491677
v 2.064178 0.780710 0.492039
v -2.064178 0.723220 0.503981
v -2.064178 0.718907 0.503593
v -2.067239 0.720869 0.505943
v -2.064178 0.647934 0.562835
v -2.064178 0.647545 0.567147
v -2.067239 0.649896 0.565185
v -2.064178 0.749031 0.534904
v -2.067239 0.746681 0.536866
v -2.064178 0.748642 0.539216
v -2.064178 0.673357 0.598070
v -2.064178 0.677669 0.598458
v -2.067239 0.675707 0.596108
v 2.064178 0.723220 0.503981
v 2.067240 0.720869 0.505943
v 2.064178 0.718907 0.503593
v 2.064178 0.647545 0.567147
v 2.064178 0.647934 0.562835
v 2.067240 0.649896 0.565185
v 2.064178 0.749031 0.534904
v 2.064178 0.748642 0.539216
v 2.067240 0.746681 0.536866
v 2.064178 0.673357 0.598070
v 2.067240 0.675707 0.596108
v 2.064178 0.677669 0.598458
v -2.047505 1.422976 -0.701141
v -1.942908 1.426994 -0.681250
v -2.047505 1.426994 -0.681250
v -2.051587 1.486958 -0.715902
v -2.051587 1.431020 -0.681932
v -2.051587 1.491735 -0.692217
v -2.047505 1.490937 -0.716822
v -1.942908 1.495762 -0.692900
v -1.942907 1.490937 -0.716822
v -1.938825 1.491735 -0.692217
v -1.938825 1.433905 -0.661026
v -1.938825 1.431020 -0.681932
v -1.942908 1.429842 -0.660616
v -2.047505 1.429842 -0.660616
v -2.051587 1.433905 -0.661026
v -2.051587 1.495172 -0.667217
v -2.047505 1.495762 -0.692900
v -1.942908 1.499236 -0.667627
v -1.938825 1.495172 -0.667217
v -1.938825 1.435074 -0.643223
v -1.942908 1.430990 -0.643125
v -2.047505 1.430990 -0.643125
v -2.051587 1.435074 -0.643223
v -2.051587 1.496633 -0.644699
v -2.047505 1.499236 -0.667627
v -1.942908 1.500718 -0.644797
v -1.938825 1.496633 -0.644699
v -1.938825 1.434837 -0.628288
v -2.047505 1.430758 -0.628543
v -2.051587 1.434837 -0.628288
v -2.051587 1.496292 -0.624453
v -2.047505 1.500718 -0.644797
v -1.942908 1.500371 -0.624198
v -1.938825 1.496292 -0.624453
v -1.938825 1.433508 -0.615892
v -1.942908 1.430758 -0.628543
v -2.047505 1.429470 -0.616532
v -2.051587 1.433508 -0.615892
v -2.051587 1.494323 -0.606260
v -2.047505 1.498360 -0.605621
v -1.942908 1.498360 -0.605620
v -1.938825 1.494323 -0.606260
v -1.938825 1.431360 -0.605593
v -1.942908 1.427406 -0.606635
v -2.047505 1.427406 -0.606635
v -2.051587 1.431360 -0.605593
v -2.051587 1.490897 -0.589896
v -1.942908 1.494850 -0.588854
v -1.938825 1.486181 -0.575131
v -1.938825 1.428566 -0.596846
v -2.047505 1.424739 -0.598288
v -2.051587 1.486181 -0.575131
v -2.047505 1.494850 -0.588854
v -1.942908 1.490006 -0.573690
v -1.938825 1.480330 -0.561732
v -1.938825 1.425160 -0.589072
v -1.942908 1.421497 -0.590887
v -2.047505 1.421497 -0.590887
v -2.051587 1.428566 -0.596847
v -2.051587 1.480330 -0.561732
v -2.047505 1.483992 -0.559917
v -1.942908 1.483992 -0.559917
v -1.938825 1.473494 -0.549467
v -1.938825 1.421049 -0.581733
v -2.047505 1.417569 -0.583874
v -2.051587 1.425160 -0.589072
v -2.051587 1.473494 -0.549467
v -1.942908 1.476974 -0.547326
v -1.938825 1.465818 -0.538115
v -1.938825 1.416071 -0.574408
v -1.942908 1.417569 -0.583874
v -2.047505 1.412771 -0.576815
v -2.051587 1.421049 -0.581733
v -2.051587 1.465818 -0.538115
v -2.047505 1.476974 -0.547326
v -1.942908 1.469118 -0.535707
v -1.938825 1.457445 -0.527460
v -1.938825 1.410070 -0.566802
v -1.942908 1.412771 -0.576815
v -2.047505 1.406929 -0.569410
v -2.051587 1.416071 -0.574408
v -2.051587 1.457445 -0.527460
v -2.047505 1.460587 -0.524851
v -1.942908 1.460587 -0.524851
v -1.938825 1.448526 -0.517291
v -1.938825 1.402946 -0.558703
v -1.942908 1.399925 -0.561448
v -2.047505 1.399925 -0.561448
v -2.051587 1.410070 -0.566802
v -2.051587 1.448526 -0.517291
v -1.942908 1.451548 -0.514546
v -1.938825 1.439621 -0.507827
v -1.938825 1.395454 -0.550743
v -2.047505 1.392526 -0.553588
v -2.051587 1.402946 -0.558703
v -2.051587 1.439621 -0.507827
v -2.047505 1.442549 -0.504982
v -1.942908 1.442549 -0.504982
v -1.938825 1.388459 -0.543767
v -1.942908 1.392526 -0.553588
v -2.047505 1.385631 -0.546711
v -2.051587 1.388459 -0.543767
v -2.051587 1.431115 -0.499350
v -2.047505 1.433943 -0.496405
v -1.942908 1.433943 -0.496405
v -1.938825 1.431115 -0.499350
v -1.938825 1.382007 -0.537792
v -1.942908 1.385631 -0.546711
v -2.047505 1.379296 -0.540846
v -2.051587 1.382007 -0.537792
v -2.051587 1.422890 -0.491739
v -2.047505 1.425601 -0.488686
v -1.942908 1.425601 -0.488686
v -1.938825 1.422890 -0.491739
v -1.938825 1.375925 -0.532611
v -1.942908 1.379296 -0.540846
v -2.047505 1.373346 -0.535777
v -2.051587 1.375925 -0.532611
v -2.051587 1.414814 -0.484862
v -1.942908 1.417392 -0.481696
v -1.938825 1.414814 -0.484862
v -1.938825 1.369998 -0.527995
v -1.942908 1.373346 -0.535777
v -2.047505 1.367560 -0.531271
v -2.051587 1.369998 -0.527995
v -2.051587 1.406752 -0.478585
v -2.047505 1.417392 -0.481696
v -1.942908 1.409189 -0.475308
v -1.938825 1.398567 -0.472772
v -1.938825 1.363970 -0.523717
v -1.942908 1.367560 -0.531271
v -2.047505 1.361677 -0.527095
v -2.051587 1.398567 -0.472772
v -2.047505 1.409189 -0.475308
v -1.942908 1.400861 -0.469394
v -1.938825 1.390122 -0.467292
v -1.938825 1.357572 -0.519569
v -1.942908 1.361677 -0.527095
v -2.047505 1.355414 -0.523035
v -2.051587 1.363970 -0.523717
v -2.051587 1.390121 -0.467292
v -2.047505 1.400861 -0.469394
v -1.942908 1.392280 -0.463825
v -1.938825 1.381278 -0.462012
v -1.938825 1.350544 -0.515378
v -1.942908 1.355414 -0.523035
v -2.047505 1.348506 -0.518915
v -2.051587 1.357572 -0.519569
v -2.051587 1.381278 -0.462012
v -2.047505 1.392280 -0.463826
v -1.942908 1.383315 -0.458474
v -1.938825 1.371900 -0.456805
v -1.938825 1.342661 -0.511004
v -1.942908 1.340722 -0.514597
v -2.047505 1.340722 -0.514597
v -2.051587 1.350544 -0.515378
v -2.051587 1.371900 -0.456805
v -2.047505 1.383315 -0.458474
v -1.942908 1.373838 -0.453212
v -1.938825 1.361857 -0.451544
v -1.938825 1.333748 -0.506338
v -2.047505 1.331884 -0.509970
v -2.051587 1.342660 -0.511004
v -2.051587 1.361857 -0.451544
v -2.047505 1.373838 -0.453212
v -1.942908 1.363720 -0.447911
v -1.938825 1.351019 -0.446101
v -1.938825 1.323676 -0.501281
v -1.942908 1.331884 -0.509970
v -2.047505 1.321863 -0.504939
v -2.051587 1.333748 -0.506338
v -2.051587 1.351019 -0.446101
v -2.047505 1.363720 -0.447911
v -1.942908 1.352831 -0.442443
v -1.938825 1.313548 -0.496311
v -1.942908 1.321863 -0.504939
v -2.047505 1.311838 -0.500019
v -2.051587 1.313548 -0.496311
v -2.051587 1.339331 -0.440387
v -2.047505 1.341040 -0.436678
v -1.942908 1.341040 -0.436678
v -1.938825 1.339331 -0.440387
v -1.938825 1.293049 -0.487407
v -1.942908 1.291533 -0.491200
v -2.047505 1.291533 -0.491200
v -2.051587 1.293049 -0.487407
v -2.051587 1.315904 -0.430226
v -1.942908 1.317419 -0.426433
v -1.938825 1.287511 -0.419822
v -1.938825 1.267392 -0.478025
v -1.942908 1.266058 -0.481884
v -2.047505 1.266058 -0.481884
v -2.051587 1.287511 -0.419822
v -2.047505 1.317419 -0.426433
v -1.942908 1.288844 -0.415963
v -1.938825 1.254994 -0.409249
v -1.938825 1.236676 -0.468044
v -1.942908 1.235461 -0.471942
v -2.047505 1.235461 -0.471942
v -2.051587 1.267392 -0.478025
v -2.051587 1.254994 -0.409249
v -2.047505 1.256209 -0.405351
v -1.942908 1.256209 -0.405351
v -1.938825 1.219272 -0.398601
v -1.938825 1.202182 -0.457765
v -1.942908 1.201049 -0.461687
v -2.047505 1.201049 -0.461687
v -2.051587 1.236676 -0.468044
v -2.051587 1.219272 -0.398601
v -2.047505 1.220405 -0.394679
v -1.942908 1.220405 -0.394678
v -1.938825 1.181248 -0.387966
v -1.938825 1.165005 -0.447369
v -1.942908 1.163929 -0.451307
v -2.047505 1.163929 -0.451307
v -2.051587 1.202182 -0.457765
v -2.051587 1.181248 -0.387966
v -2.047505 1.182325 -0.384029
v -1.942908 1.182325 -0.384029
v -1.938825 1.141822 -0.377431
v -1.938825 1.126145 -0.436986
v -1.942908 1.125106 -0.440934
v -2.047505 1.125106 -0.440934
v -2.051587 1.165005 -0.447369
v -2.051587 1.141822 -0.377431
v -1.942908 1.142861 -0.373483
v -1.938825 1.101890 -0.367079
v -1.938825 1.086552 -0.426722
v -2.047505 1.085535 -0.430675
v -2.051587 1.126145 -0.436986
v -2.051587 1.101890 -0.367079
v -2.047505 1.102906 -0.363125
v -1.942908 1.102906 -0.363125
v -1.938825 1.062345 -0.356992
v -1.938825 1.047141 -0.416669
v -1.942908 1.085535 -0.430675
v -2.047505 1.046133 -0.420625
v -2.051587 1.086552 -0.426722
v -2.051587 1.062345 -0.356993
v -1.942908 1.063353 -0.353036
v -1.938825 1.024081 -0.347255
v -1.938825 1.008798 -0.406911
v -1.942908 1.007784 -0.410866
v -2.047505 1.007784 -0.410866
v -2.051587 1.047141 -0.416669
v -2.051587 1.024081 -0.347255
v -2.047505 1.063353 -0.353036
v -1.942908 1.025094 -0.343300
v -1.938825 0.987987 -0.337947
v -1.938825 0.972374 -0.397518
v -2.047505 0.971340 -0.401467
v -2.051587 1.008798 -0.406911
v -2.051587 0.987987 -0.337947
v -2.047505 1.025094 -0.343300
v -1.942908 0.989022 -0.333997
v -1.938825 0.954949 -0.329150
v -1.938825 0.938667 -0.388541
v -1.942908 0.971340 -0.401467
v -2.047505 0.937587 -0.392478
v -2.051587 0.972374 -0.397518
v -2.051587 0.954949 -0.329150
v -2.047505 0.956029 -0.325212
v -1.942908 0.956029 -0.325212
v -1.938825 0.925861 -0.320945
v -1.938825 0.908563 -0.380048
v -1.942908 0.937587 -0.392478
v -2.047505 0.907417 -0.383966
v -2.051587 0.938667 -0.388541
v -2.051587 0.925861 -0.320945
v -2.047505 0.927008 -0.317026
v -1.942908 0.927008 -0.317026
v -1.938825 0.900391 -0.313219
v -1.938825 0.881824 -0.371935
v -1.942908 0.880593 -0.375828
v -2.047505 0.880593 -0.375828
v -2.051587 0.908563 -0.380048
v -2.051587 0.900391 -0.313219
v -2.047505 0.901622 -0.309326
v -1.942908 0.901622 -0.309326
v -1.938825 0.875233 -0.304938
v -1.938825 0.855005 -0.363101
v -1.942908 0.853664 -0.366958
v -2.047505 0.853664 -0.366958
v -2.051587 0.881824 -0.371935
v -2.051587 0.875233 -0.304938
v -1.942908 0.876575 -0.301080
v -1.938825 0.850587 -0.295904
v -1.938825 0.828130 -0.353242
v -2.047505 0.826640 -0.357044
v -2.051587 0.855005 -0.363101
v -2.051587 0.850587 -0.295904
v -2.047505 0.876575 -0.301080
v -1.942908 0.852077 -0.292100
v -1.938825 0.826662 -0.285923
v -1.938825 0.801387 -0.342074
v -1.942908 0.826640 -0.357044
v -2.047505 0.799711 -0.345798
v -2.051587 0.828130 -0.353242
v -2.051587 0.826662 -0.285923
v -2.047505 0.852077 -0.292100
v -1.942908 0.828340 -0.282196
v -1.938825 0.803669 -0.274798
v -1.938825 0.774984 -0.329283
v -1.942908 0.799711 -0.345798
v -2.047505 0.773081 -0.332897
v -2.051587 0.801387 -0.342074
v -2.051587 0.803669 -0.274798
v -2.047505 0.805574 -0.271180
v -1.942908 0.805574 -0.271180
v -1.938825 0.781819 -0.262331
v -1.938825 0.749157 -0.314525
v -1.942908 0.746989 -0.317988
v -2.047505 0.746989 -0.317988
v -2.051587 0.774984 -0.329283
v -2.051587 0.781819 -0.262331
v -1.942908 0.783990 -0.258863
v -1.938825 0.730471 -0.301729
v -2.047505 0.728164 -0.305097
v -2.051587 0.730471 -0.301729
v -2.051587 0.761509 -0.248445
v -2.047505 0.783990 -0.258863
v -1.942908 0.763798 -0.245056
v -1.938825 0.676396 -0.255742
v -1.938825 0.719027 -0.302792
v -1.938825 0.724568 -0.300293
v -2.051587 0.719027 -0.302792
v -2.051587 0.644003 -0.290964
v -2.051587 0.673904 -0.261340
v -1.938825 0.674717 -0.249851
v -1.938825 0.710274 -0.195070
v -1.938825 0.659013 -0.229165
v -2.047505 0.641337 -0.287866
v -1.942908 0.671034 -0.258444
v -2.047505 0.671034 -0.258444
v -2.051587 0.674717 -0.249851
v -2.051587 0.710274 -0.195070
v -2.051587 0.725235 -0.214760
v -1.942908 0.728434 -0.212215
v -2.047505 0.713683 -0.192803
v -1.942908 0.713683 -0.192803
v -1.938825 0.697498 -0.172962
v -1.938825 0.642332 -0.200294
v -2.047505 0.655607 -0.231430
v -1.942908 0.638668 -0.202110
v -2.047505 0.638668 -0.202110
v -2.051587 0.659013 -0.229165
v -2.051587 0.697498 -0.172962
v -2.047505 0.701165 -0.171145
v -1.942908 0.701165 -0.171145
v -1.938825 0.629360 -0.169421
v -2.047505 0.625517 -0.170814
v -2.051587 0.629360 -0.169421
v -2.051587 0.687248 -0.148442
v -2.047505 0.691092 -0.147049
v -1.942908 0.691092 -0.147049
v -1.938825 0.687248 -0.148442
v -1.938825 0.619136 -0.136452
v -1.942908 0.615196 -0.137532
v -2.047505 0.615196 -0.137532
v -2.051587 0.619135 -0.136452
v -2.051587 0.678523 -0.120175
v -1.942908 0.682463 -0.119095
v -1.938825 0.678523 -0.120175
v -1.938825 0.611511 -0.104719
v -2.047505 0.607513 -0.105556
v -2.051587 0.611511 -0.104719
v -2.051587 0.671782 -0.092095
v -2.047505 0.675780 -0.091258
v -1.942908 0.675780 -0.091258
v -1.938825 0.671782 -0.092095
v -1.938825 0.605940 -0.073656
v -1.942908 0.607513 -0.105556
v -2.047505 0.601903 -0.074269
v -2.051587 0.605940 -0.073656
v -2.051587 0.666823 -0.064420
v -1.942908 0.670862 -0.063808
v -1.938825 0.666823 -0.064420
v -1.938825 0.602185 -0.043513
v -1.942908 0.598122 -0.043917
v -2.047505 0.598122 -0.043917
v -2.051587 0.602185 -0.043513
v -2.051587 0.663463 -0.037417
v -2.047505 0.670862 -0.063808
v -1.942908 0.667527 -0.037012
v -1.938825 0.663463 -0.037417
v -1.938825 0.600019 -0.014529
v -2.047505 0.595941 -0.014739
v -2.051587 0.600019 -0.014529
v -2.051587 0.661518 -0.011351
v -2.047505 0.665596 -0.011140
v -1.942908 0.665596 -0.011140
v -1.938825 0.661518 -0.011351
v -1.938825 0.599223 0.013066
v -1.942908 0.595941 -0.014739
v -2.047505 0.595140 0.013036
v -2.051587 0.599223 0.013066
v -2.051587 0.660803 0.013511
v -1.942908 0.664886 0.013541
v -1.938825 0.660803 0.013511
v -1.938825 0.599593 0.039048
v -1.942908 0.595140 0.013036
v -2.047505 0.595512 0.039190
v -2.051587 0.599593 0.039048
v -2.051587 0.661137 0.036904
v -2.047505 0.664886 0.013541
v -1.942908 0.665218 0.036762
v -1.938825 0.661137 0.036904
v -1.938825 0.600931 0.063208
v -1.942908 0.595512 0.039190
v -2.047505 0.596860 0.063516
v -2.051587 0.600931 0.063208
v -2.051587 0.662337 0.058563
v -2.047505 0.665218 0.036762
v -1.942908 0.666409 0.058255
v -1.938825 0.664223 0.078225
v -1.938825 0.603056 0.085358
v -1.942908 0.596860 0.063516
v -2.047505 0.599001 0.085831
v -2.051587 0.664223 0.078225
v -2.047505 0.666409 0.058255
v -1.942908 0.668279 0.077752
v -1.938825 0.666615 0.095629
v -1.938825 0.605807 0.105355
v -1.942908 0.599001 0.085831
v -2.047505 0.601775 0.106000
v -2.051587 0.603056 0.085358
v -2.051587 0.666615 0.095629
v -2.047505 0.668279 0.077752
v -1.942908 0.670647 0.094984
v -1.938825 0.669335 0.110521
v -1.938825 0.609065 0.123159
v -1.942908 0.601775 0.106000
v -2.047505 0.605069 0.123997
v -2.051587 0.605807 0.105355
v -2.051587 0.669335 0.110521
v -2.047505 0.670647 0.094984
v -1.942908 0.673332 0.109683
v -1.938825 0.612559 0.137946
v -1.942908 0.605069 0.123997
v -2.047505 0.608605 0.138963
v -2.051587 0.612559 0.137946
v -2.051587 0.672198 0.122598
v -2.047505 0.673332 0.109683
v -1.942908 0.676152 0.121580
v -1.938825 0.672198 0.122598
v -1.938825 0.621989 0.171931
v -1.942908 0.608605 0.138963
v -2.047505 0.618059 0.173036
v -2.051587 0.621989 0.171931
v -2.051587 0.681272 0.155256
v -2.047505 0.676152 0.121580
v -1.942908 0.685202 0.154150
v -1.938825 0.681272 0.155256
v -1.938825 0.631343 0.204785
v -1.942908 0.627416 0.205901
v -2.047505 0.627416 0.205901
v -2.051587 0.631343 0.204785
v -2.051587 0.690581 0.187951
v -2.047505 0.685202 0.154150
v -1.942908 0.694507 0.186835
v -1.938825 0.690581 0.187951
v -1.938825 0.640490 0.237031
v -2.047505 0.636558 0.238129
v -2.051587 0.640490 0.237031
v -2.051587 0.699807 0.220479
v -2.047505 0.694507 0.186835
v -1.942908 0.703739 0.219381
v -1.938825 0.699807 0.220479
v -1.938825 0.649100 0.268394
v -1.942908 0.636558 0.238129
v -2.047505 0.645154 0.269442
v -2.051587 0.649100 0.268394
v -2.051587 0.708620 0.252587
v -2.047505 0.712566 0.251539
v -1.942908 0.712566 0.251539
v -1.938825 0.708620 0.252587
v -1.938825 0.656848 0.298563
v -1.942908 0.645154 0.269442
v -2.047505 0.652881 0.299527
v -2.051587 0.656848 0.298563
v -2.051587 0.716690 0.284022
v -1.942908 0.720657 0.283058
v -1.938825 0.716690 0.284022
v -1.938825 0.663419 0.327183
v -1.942908 0.659423 0.328022
v -2.047505 0.659423 0.328022
v -2.051587 0.663419 0.327183
v -2.051587 0.723686 0.314525
v -2.047505 0.720657 0.283058
v -1.942908 0.727682 0.313686
v -1.938825 0.723686 0.314525
v -1.938825 0.668518 0.353845
v -1.942908 0.664489 0.354509
v -2.047505 0.664489 0.354509
v -2.051587 0.668518 0.353845
v -2.051587 0.729280 0.343836
v -2.047505 0.727682 0.313686
v -1.942908 0.733309 0.343172
v -1.938825 0.729280 0.343836
v -1.938825 0.671899 0.378065
v -2.047505 0.667836 0.378488
v -2.051587 0.671899 0.378065
v -2.051587 0.733147 0.371690
v -2.047505 0.737209 0.371267
v -1.942908 0.737209 0.371267
v -1.938825 0.733147 0.371690
v -1.938825 0.673408 0.399267
v -1.942908 0.667836 0.378488
v -2.047505 0.669322 0.399364
v -2.051587 0.673408 0.399267
v -2.051587 0.734965 0.397815
v -2.047505 0.739051 0.397719
v -1.942908 0.739051 0.397719
v -1.938825 0.734965 0.397815
v -1.938825 0.673076 0.416796
v -1.942908 0.669322 0.399364
v -2.047505 0.668998 0.416454
v -2.051587 0.673076 0.416796
v -2.051587 0.734427 0.421936
v -2.047505 0.738502 0.422277
v -1.942908 0.738502 0.422278
v -1.938825 0.734427 0.421936
v -1.938825 0.671247 0.430022
v -1.942908 0.668998 0.416454
v -2.047505 0.667248 0.429105
v -2.051587 0.671247 0.430022
v -2.051587 0.731240 0.443777
v -2.047505 0.735232 0.444693
v -1.942908 0.735232 0.444693
v -1.938825 0.725096 0.463233
v -1.938825 0.667684 0.441006
v -1.942908 0.667248 0.429105
v -2.047505 0.663867 0.439528
v -2.051587 0.725096 0.463233
v -1.942908 0.728910 0.464710
v -1.938825 0.720053 0.474146
v -1.938825 0.664986 0.446579
v -1.942908 0.661336 0.444752
v -2.047505 0.661336 0.444752
v -2.051587 0.667684 0.441006
v -2.051587 0.720053 0.474146
v -2.047505 0.728910 0.464710
v -1.942908 0.723706 0.475974
v -1.938825 0.661099 0.453774
v -2.047505 0.657570 0.451722
v -2.051587 0.661099 0.453774
v -2.051587 0.714329 0.484739
v -2.047505 0.717859 0.486793
v -1.942908 0.717860 0.486793
v -1.938825 0.714329 0.484739
v -1.938825 0.656826 0.460616
v -1.942908 0.653434 0.458345
v -2.047505 0.653434 0.458345
v -2.051587 0.656826 0.460616
v -2.051587 0.707998 0.494875
v -1.942908 0.711392 0.497147
v -1.938825 0.707999 0.494875
v -1.938825 0.652183 0.467100
v -1.942908 0.648941 0.464618
v -2.047505 0.648941 0.464618
v -2.051587 0.652183 0.467100
v -2.051587 0.701083 0.504530
v -2.047505 0.711392 0.497147
v -1.942908 0.704326 0.507012
v -1.938825 0.701083 0.504530
v -1.938825 0.647185 0.473218
v -2.047505 0.644107 0.470535
v -2.051587 0.647185 0.473218
v -2.051587 0.693604 0.513683
v -2.047505 0.696683 0.516367
v -1.942908 0.696683 0.516367
v -1.938825 0.693604 0.513683
v -1.938825 0.641844 0.478965
v -1.942908 0.638943 0.476090
v -2.047505 0.638943 0.476090
v -2.051587 0.641844 0.478965
v -2.051587 0.685583 0.522313
v -2.047505 0.688484 0.525188
v -1.942908 0.688484 0.525187
v -1.938825 0.685583 0.522312
v -1.938825 0.636172 0.484333
v -2.047505 0.633462 0.481279
v -2.051587 0.636172 0.484333
v -2.051587 0.677041 0.530397
v -1.942908 0.679751 0.533452
v -1.938825 0.677041 0.530397
v -1.938825 0.630180 0.489316
v -1.942908 0.633462 0.481279
v -2.047505 0.627671 0.486093
v -2.051587 0.630180 0.489316
v -2.051587 0.667998 0.537914
v -2.047505 0.679751 0.533452
v -1.942908 0.670507 0.541137
v -1.938825 0.667999 0.537914
v -1.938825 0.623875 0.493903
v -1.942908 0.627671 0.486093
v -2.047505 0.621580 0.490525
v -2.051587 0.623875 0.493904
v -2.051587 0.658477 0.544842
v -2.047505 0.660773 0.548220
v -1.942908 0.660773 0.548220
v -1.938825 0.658478 0.544842
v -1.938825 0.617265 0.498088
v -1.942908 0.615193 0.494568
v -2.047505 0.615193 0.494568
v -2.051587 0.617265 0.498088
v -2.051587 0.648498 0.551159
v -2.047505 0.650570 0.554679
v -1.942908 0.650570 0.554679
v -1.938825 0.648498 0.551159
v -1.938825 0.610354 0.501860
v -2.047505 0.608515 0.498213
v -2.051587 0.610354 0.501860
v -2.051587 0.638082 0.556843
v -1.942908 0.639921 0.560490
v -1.938825 0.638082 0.556843
v -1.938825 0.603230 0.505171
v -1.942908 0.601637 0.501410
v -2.047505 0.601637 0.501410
v -2.051587 0.603230 0.505171
v -2.051587 0.627254 0.561870
v -2.047505 0.639921 0.560490
v -1.942908 0.628848 0.565631
v -1.938825 0.627254 0.561870
v -1.938825 0.594680 0.508458
v -2.047505 0.593348 0.504597
v -2.051587 0.594680 0.508458
v -2.051587 0.614766 0.566669
v -2.047505 0.628848 0.565631
v -1.942908 0.616099 0.570530
v -1.938825 0.601802 0.570646
v -1.938825 0.585714 0.511205
v -1.942908 0.584647 0.507263
v -2.047505 0.584647 0.507263
v -2.051587 0.601802 0.570646
v -2.047505 0.602869 0.574588
v -1.942908 0.602869 0.574588
v -1.938825 0.588323 0.573816
v -1.938825 0.576119 0.513458
v -2.047505 0.575310 0.509455
v -2.051587 0.585714 0.511205
v -2.051587 0.588323 0.573816
v -2.047505 0.589132 0.577820
v -1.942908 0.589132 0.577820
v -1.938825 0.574299 0.576194
v -1.938825 0.565798 0.515204
v -1.942908 0.565235 0.511159
v -2.047505 0.565235 0.511159
v -2.051587 0.576119 0.513458
v -2.051587 0.574299 0.576194
v -1.942908 0.574862 0.580239
v -1.938825 0.559699 0.577792
v -1.938825 0.554671 0.516417
v -1.942908 0.554337 0.512347
v -2.047505 0.554337 0.512347
v -2.051587 0.565798 0.515204
v -2.051587 0.559699 0.577792
v -2.047505 0.574862 0.580239
v -1.942908 0.560032 0.581862
v -1.938825 0.544495 0.578621
v -1.938825 0.542676 0.517067
v -1.942908 0.542555 0.512985
v -2.047505 0.542555 0.512985
v -2.051587 0.554671 0.516417
v -2.051587 0.544495 0.578621
v -2.047505 0.560032 0.581862
v -1.942908 0.544616 0.582703
v -1.938825 0.528661 0.578695
v -1.938825 0.529771 0.517123
v -2.047505 0.529844 0.513040
v -2.051587 0.542676 0.517067
v -2.051587 0.528661 0.578695
v -2.047505 0.528587 0.582777
v -1.942908 0.528587 0.582777
v -1.938825 0.512169 0.578024
v -1.938825 0.515927 0.516556
v -1.942908 0.529844 0.513040
v -2.047505 0.516176 0.512481
v -2.051587 0.529771 0.517123
v -2.051587 0.512169 0.578024
v -2.047505 0.511919 0.582099
v -1.942908 0.511919 0.582099
v -1.938825 0.494992 0.576621
v -1.938825 0.501126 0.515345
v -1.942908 0.501532 0.511282
v -2.047505 0.501532 0.511282
v -2.051587 0.515927 0.516556
v -2.051587 0.494993 0.576621
v -2.047505 0.494586 0.580683
v -1.942908 0.494586 0.580683
v -1.938825 0.477107 0.574500
v -1.938825 0.485356 0.513472
v -1.942908 0.485903 0.509426
v -2.047505 0.485903 0.509426
v -2.051587 0.501126 0.515345
v -2.051587 0.477107 0.574500
v -1.942908 0.476561 0.578546
v -1.938825 0.458488 0.571674
v -1.938825 0.468610 0.510928
v -2.047505 0.469281 0.506901
v -2.051587 0.485356 0.513472
v -2.051587 0.458488 0.571674
v -2.047505 0.476561 0.578546
v -1.942908 0.457817 0.575701
v -1.938825 0.451893 0.507915
v -1.942908 0.452737 0.503919
v -2.047505 0.452737 0.503919
v -2.051587 0.451893 0.507915
v -2.051587 0.439171 0.568168
v -2.047505 0.457817 0.575701
v -1.942908 0.438327 0.572163
v -1.938825 0.439171 0.568168
v -1.938825 0.430022 0.502675
v -1.942908 0.431144 0.498746
v -2.047505 0.431144 0.498746
v -2.051587 0.430022 0.502675
v -2.051587 0.413106 0.561883
v -2.047505 0.411983 0.565810
v -1.942908 0.411983 0.565810
v -1.938825 0.388878 0.553855
v -1.938825 0.410352 0.496141
v -1.942908 0.411776 0.492312
v -2.047505 0.411776 0.492312
v -2.051587 0.388878 0.553855
v -2.047505 0.387454 0.557682
v -1.942908 0.387454 0.557682
v -1.938825 0.366095 0.544425
v -1.938825 0.391287 0.488232
v -2.047505 0.392958 0.484505
v -2.051587 0.410352 0.496141
v -2.051587 0.366095 0.544425
v -2.047505 0.364425 0.548150
v -1.942908 0.364425 0.548150
v -1.938825 0.344434 0.533950
v -1.938825 0.372377 0.479070
v -1.942908 0.392958 0.484505
v -2.047505 0.374230 0.475431
v -2.051587 0.391287 0.488232
v -2.051587 0.344434 0.533950
v -2.047505 0.342582 0.537586
v -1.942908 0.342582 0.537586
v -1.938825 0.323577 0.522788
v -1.938825 0.353236 0.468813
v -1.942908 0.374230 0.475431
v -2.047505 0.355202 0.465235
v -2.051587 0.372377 0.479070
v -2.051587 0.323576 0.522788
v -2.047505 0.321612 0.526362
v -1.942908 0.321612 0.526362
v -1.938825 0.303206 0.511301
v -1.938825 0.333514 0.457686
v -1.942908 0.355202 0.465235
v -2.047505 0.335523 0.454132
v -2.051587 0.353236 0.468813
v -2.051587 0.303206 0.511301
v -1.942908 0.301199 0.514850
v -1.938825 0.283006 0.499857
v -1.938825 0.312866 0.445990
v -1.942908 0.314845 0.442419
v -2.047505 0.314845 0.442419
v -2.051587 0.333514 0.457686
v -2.051587 0.283006 0.499857
v -2.047505 0.301199 0.514850
v -1.942908 0.281030 0.503422
v -1.938825 0.262659 0.488828
v -1.938825 0.290935 0.434112
v -2.047505 0.292810 0.430485
v -2.051587 0.312866 0.445990
v -2.051587 0.262659 0.488828
v -2.047505 0.281030 0.503422
v -1.942908 0.260789 0.492448
v -1.938825 0.241849 0.478593
v -1.938825 0.267370 0.422539
v -1.942908 0.292810 0.430485
v -2.047505 0.269062 0.418822
v -2.051587 0.290935 0.434112
v -2.051587 0.241849 0.478593
v -2.047505 0.240161 0.482301
v -1.942908 0.240161 0.482301
v -1.938825 0.220260 0.469538
v -1.938825 0.241852 0.411855
v -1.942908 0.243284 0.408029
v -2.047505 0.243284 0.408029
v -2.051587 0.267370 0.422539
v -2.051587 0.220260 0.469538
v -2.047505 0.218833 0.473351
v -1.942908 0.218833 0.473351
v -1.938825 0.197584 0.462052
v -1.938825 0.214160 0.402731
v -1.942908 0.215260 0.398795
v -2.047505 0.215260 0.398795
v -2.051587 0.241852 0.411855
v -2.051587 0.197584 0.462052
v -1.942908 0.196490 0.465970
v -1.938825 0.185336 0.396070
v -2.047505 0.186115 0.392061
v -2.051587 0.185336 0.396071
v -2.051587 0.173588 0.456544
v -2.047505 0.196490 0.465970
v -1.942908 0.172814 0.460529
v -1.938825 0.173588 0.456544
v -1.938825 0.160833 0.392146
v -1.942908 0.161479 0.388115
v -2.047505 0.161479 0.388115
v -2.051587 0.160833 0.392146
v -2.051587 0.148326 0.452531
v -2.047505 0.172814 0.460529
v -1.942908 0.147764 0.456542
v -1.938825 0.095603 0.351086
v -1.938825 0.158270 0.381753
v -1.938825 0.154467 0.388202
v -2.051587 0.141940 0.319527
v -2.051587 0.215749 0.338774
v -2.051587 0.178397 0.289691
v -1.942907 0.094465 0.346937
v -2.047505 0.140959 0.315227
v -1.942907 0.140959 0.315227
v -2.047505 0.057962 0.450688
v -1.942908 0.123713 0.453624
v -2.047505 0.123713 0.453624
v -2.051587 0.009058 0.386869
v -2.051587 0.057665 0.446527
v -2.051587 0.052379 0.372420
v -2.047505 0.010011 0.454830
v -1.942908 0.057962 0.450688
v -2.051587 0.095603 0.351086
v -1.938825 0.057665 0.446527
v -1.938825 0.052379 0.372420
v -1.938825 0.009058 0.386868
v -2.051587 0.684165 -0.337636
v -2.051587 0.616114 -0.312966
v -1.942908 0.008993 0.382276
v -2.047505 0.052057 0.367901
v -1.942908 0.052057 0.367901
v -2.047505 0.498770 -0.444366
v -1.942907 0.422620 -0.467470
v -2.047504 0.422620 -0.467470
v -2.047504 0.331749 -0.487561
v -1.942907 0.331749 -0.487561
v -2.047504 0.224621 -0.503691
v -2.051587 0.115895 -0.508930
v -2.051587 0.059620 -0.438136
v -2.051587 0.099949 -0.419276
v -2.047505 0.728434 -0.212215
v -2.047505 0.763798 -0.245056
v -1.942908 0.721909 -0.305676
v -2.047505 0.686832 -0.340734
v -2.047505 0.721909 -0.305676
v -2.051587 0.724568 -0.300293
v -2.051587 0.676396 -0.255742
v -1.938825 0.684165 -0.337636
v -1.938825 0.616114 -0.312966
v -1.938825 0.651856 -0.363102
v -2.047505 0.613741 -0.309637
v -1.942907 0.578240 -0.332453
v -1.942907 0.613741 -0.309637
v -1.942907 0.641337 -0.287866
v -2.051587 0.651855 -0.363102
v -2.051587 0.580280 -0.335996
v -1.942907 0.654229 -0.366431
v -2.047505 0.654229 -0.366431
v -2.047505 0.578240 -0.332453
v -1.942907 0.532849 -0.355706
v -1.938825 0.580280 -0.335996
v -1.938825 0.611000 -0.389357
v -2.051587 0.560039 -0.415473
v -2.051587 0.534542 -0.359427
v -1.942907 0.613040 -0.392900
v -2.047505 0.613040 -0.392900
v -2.047505 0.532849 -0.355706
v -1.942907 0.475677 -0.378551
v -1.938825 0.560039 -0.415473
v -2.051587 0.497417 -0.440509
v -2.051587 0.477030 -0.382407
v -1.942907 0.561732 -0.419193
v -2.047505 0.561732 -0.419193
v -2.047505 0.475677 -0.378551
v -1.942907 0.404954 -0.399997
v -1.938825 0.534542 -0.359427
v -1.938825 0.497417 -0.440509
v -2.051587 0.421585 -0.463518
v -2.051587 0.405988 -0.403949
v -2.047504 0.319020 -0.418984
v -1.942907 0.319020 -0.418984
v -1.938825 0.477030 -0.382407
v -1.938825 0.421585 -0.463518
v -2.051587 0.331003 -0.483544
v -2.051587 0.319766 -0.423000
v -2.047504 0.216304 -0.434440
v -1.942907 0.216304 -0.434440
v -1.938825 0.405988 -0.403949
v -1.938825 0.331003 -0.483544
v -2.051587 0.224133 -0.499635
v -2.051587 0.216791 -0.438496
v -2.047504 0.194478 -0.436400
v -1.942907 0.194478 -0.436400
v -1.938825 0.319766 -0.423000
v -1.938825 0.224133 -0.499635
v -1.942907 0.116615 -0.512975
v -2.047504 0.069791 -0.515810
v -2.047504 0.116615 -0.512975
v -2.047505 0.175985 0.286521
v -1.942907 0.175985 0.286521
v -2.051587 0.221636 0.253519
v -2.051587 0.154467 0.388202
v -2.051587 0.158270 0.381753
v -1.938825 0.141940 0.319527
v -1.938825 0.215749 0.338773
v -1.942907 0.218896 0.250591
v -1.938825 0.221635 0.253519
v -1.938825 0.263756 0.298538
v -2.047505 0.218223 0.342025
v -1.942907 0.266549 0.301523
v -2.047505 0.266549 0.301523
v -2.051587 0.263756 0.298538
v -2.051587 0.261077 0.212437
v -2.047505 0.218896 0.250591
v -1.942907 0.257995 0.209838
v -1.938825 0.261077 0.212436
v -1.938825 0.308195 0.252158
v -2.047504 0.311322 0.254794
v -2.051587 0.308195 0.252158
v -2.051587 0.295040 0.166620
v -2.047505 0.291618 0.164458
v -1.942907 0.291618 0.164458
v -1.938825 0.295040 0.166620
v -1.938825 0.347121 0.199528
v -1.942907 0.311322 0.254794
v -2.047504 0.350581 0.201715
v -2.051587 0.347121 0.199528
v -2.051587 0.322068 0.116098
v -2.047505 0.318340 0.114487
v -1.942907 0.318339 0.114487
v -1.938825 0.322068 0.116098
v -1.938825 0.378604 0.140533
v -1.942907 0.382364 0.142157
v -2.047504 0.382364 0.142158
v -2.051587 0.378604 0.140533
v -2.051587 0.340872 0.060556
v -1.942907 0.336914 0.059599
v -1.938825 0.340872 0.060556
v -1.938825 0.400724 0.075035
v -1.942907 0.404707 0.075998
v -2.047504 0.404707 0.075998
v -2.051587 0.411560 0.002851
v -2.051587 0.350111 -0.001086
v -2.047505 0.346043 -0.001347
v -1.942907 0.346043 -0.001347
v -1.938825 0.411560 0.002851
v -2.047505 0.415649 0.003113
v -2.051587 0.410089 -0.066975
v -2.051587 0.348818 -0.060854
v -1.942907 0.344761 -0.060449
v -1.938825 0.350110 -0.001086
v -1.938825 0.410089 -0.066975
v -1.942907 0.415648 0.003113
v -2.047505 0.414164 -0.067382
v -2.051587 0.398031 -0.133978
v -2.051587 0.338378 -0.118703
v -2.047505 0.334429 -0.117692
v -1.942907 0.334428 -0.117692
v -1.938825 0.348818 -0.060854
v -1.938825 0.398031 -0.133978
v -1.942907 0.414164 -0.067382
v -2.047505 0.401997 -0.134994
v -2.051587 0.376727 -0.197560
v -2.051587 0.319762 -0.174169
v -2.047505 0.315992 -0.172621
v -1.942907 0.315992 -0.172621
v -1.938825 0.338378 -0.118703
v -1.938825 0.376727 -0.197560
v -1.942907 0.401996 -0.134994
v -2.047505 0.380512 -0.199114
v -2.051587 0.347521 -0.257113
v -2.051587 0.293974 -0.226695
v -2.047505 0.290432 -0.224683
v -1.942907 0.290432 -0.224683
v -1.938825 0.319762 -0.174169
v -1.938825 0.347521 -0.257113
v -1.942907 0.380512 -0.199114
v -2.047504 0.351078 -0.259133
v -2.051587 0.311764 -0.312021
v -2.051587 0.262127 -0.275563
v -2.047505 0.258846 -0.273154
v -1.942907 0.258845 -0.273153
v -1.938825 0.293974 -0.226695
v -1.938825 0.311764 -0.312020
v -1.942907 0.351078 -0.259133
v -2.047504 0.315060 -0.314442
v -2.051587 0.270814 -0.361663
v -2.051587 0.225469 -0.319981
v -2.047505 0.222475 -0.317228
v -1.942907 0.222475 -0.317228
v -1.938825 0.262126 -0.275563
v -1.938825 0.270814 -0.361662
v -1.942907 0.315060 -0.314441
v -2.047504 0.273825 -0.364430
v -2.051587 0.226038 -0.405417
v -2.051587 0.185384 -0.359143
v -2.047505 0.182703 -0.356091
v -1.942907 0.182703 -0.356091
v -1.938825 0.225469 -0.319981
v -1.938825 0.226038 -0.405417
v -1.942907 0.228738 -0.408489
v -2.047504 0.228738 -0.408489
v -2.051587 0.191278 -0.431062
v -2.051587 0.143986 -0.391795
v -1.942907 0.141051 -0.388952
v -1.938825 0.185384 -0.359143
v -1.938825 0.191278 -0.431062
v -1.942907 0.193697 -0.434341
v -2.047504 0.193697 -0.434341
v -2.047505 0.141051 -0.388952
v -1.942907 0.099203 -0.415081
v -2.047505 0.099203 -0.415081
v -1.942907 0.059061 -0.433871
v -2.047505 0.094465 0.346937
v -2.047504 0.010636 -0.446193
v -1.942907 0.010636 -0.446193
v -1.942907 0.069791 -0.515810
v -2.047504 0.012499 -0.518123
v -1.942907 0.178092 -0.507871
v -2.047504 0.178092 -0.507871
v -1.938825 0.069260 -0.511753
v -1.938825 0.010749 -0.450563
v -1.938825 0.012394 -0.514048
v -1.938825 0.059620 -0.438136
v -1.938825 0.115895 -0.508930
v -1.938825 0.099949 -0.419275
v -1.938825 0.644003 -0.290964
v -1.938825 0.673904 -0.261340
v -1.942908 0.160717 0.385025
v -2.047505 0.160717 0.385025
v -1.938825 0.194843 -0.440466
v -1.938825 0.216791 -0.438495
v -1.938825 0.178814 -0.503707
v -1.938825 0.186106 -0.438402
v -2.051587 0.194843 -0.440466
v -1.942907 0.224621 -0.503691
v -2.051587 0.069260 -0.511753
v -2.051587 0.010749 -0.450564
v -2.051587 0.186106 -0.438402
v -1.938825 1.486958 -0.715902
v -1.938825 1.426955 -0.702057
v -2.047505 0.671466 -0.252319
v -1.942908 0.655607 -0.231430
v -1.942907 1.426146 -0.706060
v -1.940551 1.424191 -0.703838
v -1.942907 1.423569 -0.704239
v -1.940021 1.426383 -0.704887
v -1.942908 1.422976 -0.701141
v -1.940021 1.424142 -0.701409
v -2.047505 1.426146 -0.706060
v -2.049862 1.424191 -0.703838
v -2.050391 1.426383 -0.704887
v -2.047505 1.422976 -0.701141
v -2.047505 1.423569 -0.704239
v -2.051587 1.426955 -0.702057
v -2.050391 1.424142 -0.701409
v -2.047505 1.486153 -0.719906
v -2.049862 1.488790 -0.718744
v -2.047505 1.489202 -0.719383
v -2.050391 1.486388 -0.718733
v -2.047505 1.490937 -0.716822
v -2.050391 1.489772 -0.716552
v -1.942907 1.486153 -0.719906
v -1.940551 1.488790 -0.718744
v -1.940021 1.486388 -0.718733
v -1.942907 1.490937 -0.716822
v -1.942907 1.489202 -0.719383
v -1.940021 1.489772 -0.716552
v -1.942908 0.728164 -0.305097
v -1.940013 0.724842 -0.303280
v -1.942908 0.724937 -0.304311
v -1.940021 0.728840 -0.304110
v -1.940021 0.721065 -0.304831
v -1.942908 0.721909 -0.305676
v -2.047505 0.728164 -0.305097
v -2.050399 0.724842 -0.303280
v -2.050391 0.728840 -0.304110
v -2.047505 0.721909 -0.305676
v -2.047505 0.724937 -0.304311
v -2.050391 0.721065 -0.304831
v -1.942908 0.671034 -0.258444
v -1.940013 0.673384 -0.255531
v -1.942908 0.672362 -0.255460
v -1.940021 0.671875 -0.259292
v -1.940021 0.672418 -0.251596
v -1.942908 0.671466 -0.252319
v -2.047505 0.671034 -0.258444
v -2.050399 0.673384 -0.255531
v -2.050391 0.671875 -0.259292
v -2.047505 0.671466 -0.252319
v -2.047505 0.672362 -0.255460
v -2.050391 0.672418 -0.251596
v -1.940021 0.161290 0.389296
v -1.942908 0.159586 0.386942
v -1.942908 0.161479 0.388115
v -1.940013 0.158676 0.387166
v -1.940021 0.160001 0.384067
v -1.942908 0.160717 0.385025
v -2.047505 0.159586 0.386942
v -2.050391 0.161290 0.389296
v -2.047505 0.161479 0.388115
v -2.050391 0.160001 0.384066
v -2.047505 0.160717 0.385025
v -2.050399 0.158676 0.387166
v -1.940021 0.192989 -0.433381
v -1.942907 0.192565 -0.435948
v -1.942907 0.193697 -0.434341
v -1.940013 0.191574 -0.436325
v -1.940021 0.194585 -0.437591
v -1.942907 0.194478 -0.436400
v -2.047504 0.192565 -0.435948
v -2.050391 0.192989 -0.433381
v -2.047504 0.193697 -0.434341
v -2.050391 0.194585 -0.437591
v -2.047504 0.194478 -0.436400
v -2.050399 0.191574 -0.436326
v -1.940021 1.428173 -0.681450
v -1.942908 1.426994 -0.681250
v -1.940021 1.494583 -0.692700
v -1.942907 1.423569 -0.704239
v -1.942908 1.422976 -0.701141
v -2.047505 1.423569 -0.704239
v -1.942907 1.426146 -0.706060
v -2.047505 1.426994 -0.681250
v -2.050391 1.428173 -0.681450
v -2.050391 1.494583 -0.692700
v -1.942907 1.489202 -0.719383
v -2.047505 1.489202 -0.719383
v -2.047505 1.486153 -0.719906
v -1.940021 1.431032 -0.660736
v -1.942908 1.429842 -0.660616
v -1.942908 1.495762 -0.692900
v -1.940021 1.498046 -0.667507
v -2.047505 1.429842 -0.660616
v -2.050391 1.431032 -0.660736
v -2.050391 1.498046 -0.667507
v -2.047505 1.495762 -0.692900
v -1.940021 1.432186 -0.643154
v -1.942908 1.430990 -0.643125
v -1.942908 1.499236 -0.667627
v -1.940021 1.499521 -0.644768
v -2.047505 1.430990 -0.643125
v -2.050391 1.432186 -0.643154
v -2.050391 1.499521 -0.644768
v -2.047505 1.499236 -0.667627
v -1.940021 1.431952 -0.628468
v -1.942908 1.430758 -0.628543
v -1.942908 1.500718 -0.644797
v -1.940021 1.499176 -0.624273
v -2.047505 1.430758 -0.628543
v -2.050391 1.431952 -0.628468
v -2.050391 1.499176 -0.624273
v -2.047505 1.500718 -0.644797
v -1.940021 1.430653 -0.616345
v -1.942908 1.429470 -0.616532
v -1.942908 1.500371 -0.624198
v -1.940021 1.497177 -0.605808
v -2.047505 1.429470 -0.616532
v -2.050391 1.430653 -0.616345
v -2.050391 1.497177 -0.605808
v -2.047505 1.500371 -0.624198
v -1.940021 1.428564 -0.606330
v -1.942908 1.427406 -0.606635
v -1.942908 1.498360 -0.605620
v -1.940021 1.493692 -0.589159
v -1.938825 1.490897 -0.589896
v -2.047505 1.427406 -0.606635
v -2.050391 1.428564 -0.606330
v -2.050391 1.493692 -0.589160
v -2.047505 1.498360 -0.605621
v -1.940021 1.425860 -0.597866
v -1.942908 1.490006 -0.573690
v -1.942908 1.494850 -0.588854
v -1.940021 1.488885 -0.574112
v -2.050391 1.425860 -0.597866
v -2.050391 1.488885 -0.574112
v -2.047505 1.490006 -0.573690
v -2.047505 1.494850 -0.588854
v -1.940021 1.422570 -0.590355
v -1.942908 1.424739 -0.598288
v -1.942908 1.483992 -0.559917
v -1.940021 1.482919 -0.560448
v -2.047505 1.424739 -0.598288
v -2.050391 1.422570 -0.590355
v -2.050391 1.482919 -0.560448
v -2.047505 1.483992 -0.559917
v -1.940021 1.418588 -0.583247
v -1.942908 1.421497 -0.590887
v -1.942908 1.476974 -0.547326
v -1.940021 1.475955 -0.547953
v -2.047505 1.421497 -0.590887
v -2.050391 1.418588 -0.583247
v -2.050391 1.475955 -0.547953
v -2.047505 1.476974 -0.547326
v -1.940021 1.413738 -0.576110
v -1.942908 1.417569 -0.583874
v -1.942908 1.469118 -0.535707
v -1.940021 1.468151 -0.536413
v -2.047505 1.417569 -0.583874
v -2.050391 1.413738 -0.576110
v -2.050391 1.468151 -0.536413
v -2.047505 1.469118 -0.535707
v -1.940021 1.407849 -0.568646
v -1.942908 1.412771 -0.576815
v -1.942908 1.460587 -0.524851
v -1.940021 1.459667 -0.525615
v -2.047505 1.412771 -0.576815
v -2.050391 1.407848 -0.568646
v -2.050391 1.459667 -0.525615
v -2.047505 1.460587 -0.524851
v -1.940021 1.400810 -0.560644
v -1.942908 1.406929 -0.569410
v -1.942908 1.451548 -0.514546
v -1.940021 1.450662 -0.515350
v -2.047505 1.406929 -0.569410
v -2.050391 1.400810 -0.560644
v -2.050391 1.450662 -0.515350
v -2.047505 1.451548 -0.514546
v -1.940021 1.393384 -0.552754
v -1.942908 1.399925 -0.561448
v -1.942908 1.442549 -0.504982
v -1.940021 1.441691 -0.505815
v -2.047505 1.399925 -0.561448
v -2.050391 1.393383 -0.552754
v -2.051587 1.395454 -0.550743
v -2.050391 1.441691 -0.505815
v -2.047505 1.442549 -0.504982
v -1.940021 1.386459 -0.545849
v -1.942908 1.385631 -0.546711
v -1.942908 1.392526 -0.553588
v -1.940021 1.433115 -0.497267
v -2.047505 1.385631 -0.546711
v -2.047505 1.392526 -0.553588
v -2.050391 1.386459 -0.545849
v -2.050391 1.433115 -0.497268
v -1.940021 1.380090 -0.539951
v -1.942908 1.379296 -0.540846
v -1.942908 1.433943 -0.496405
v -1.940021 1.424807 -0.489580
v -2.047505 1.379296 -0.540846
v -2.050391 1.380090 -0.539951
v -2.050391 1.424807 -0.489580
v -2.047505 1.433943 -0.496405
v -1.940021 1.374102 -0.534850
v -1.942908 1.373346 -0.535777
v -1.942908 1.425601 -0.488686
v -1.940021 1.416637 -0.482623
v -2.047505 1.373346 -0.535777
v -2.050391 1.374102 -0.534850
v -2.050391 1.416637 -0.482623
v -2.047505 1.425601 -0.488686
v -1.940021 1.368274 -0.530312
v -1.942908 1.367560 -0.531271
v -1.942908 1.417392 -0.481696
v -1.940021 1.408475 -0.476268
v -1.938825 1.406752 -0.478585
v -2.047505 1.367560 -0.531271
v -2.050391 1.368274 -0.530312
v -2.050391 1.408475 -0.476268
v -2.047505 1.417392 -0.481696
v -1.940021 1.362348 -0.526105
v -1.942908 1.400861 -0.469394
v -1.942908 1.409189 -0.475308
v -1.940021 1.400189 -0.470383
v -2.050391 1.362348 -0.526105
v -2.050391 1.400189 -0.470383
v -2.047505 1.400861 -0.469394
v -2.047505 1.409189 -0.475308
v -1.940021 1.356047 -0.522020
v -1.942908 1.361677 -0.527095
v -1.942908 1.392280 -0.463825
v -1.940021 1.391647 -0.464841
v -2.047505 1.361677 -0.527095
v -2.050391 1.356047 -0.522020
v -2.050391 1.391647 -0.464841
v -2.047505 1.392280 -0.463826
v -1.940021 1.349103 -0.517879
v -1.942908 1.355414 -0.523035
v -1.942908 1.383315 -0.458474
v -1.940021 1.382718 -0.459511
v -2.047505 1.355414 -0.523035
v -2.050391 1.349103 -0.517879
v -2.050391 1.382718 -0.459511
v -2.047505 1.383315 -0.458474
v -1.940021 1.341290 -0.513545
v -1.942908 1.348506 -0.518915
v -1.942908 1.373838 -0.453212
v -1.940021 1.373271 -0.454265
v -2.047505 1.348506 -0.518915
v -2.050391 1.341290 -0.513545
v -2.050391 1.373271 -0.454265
v -2.047505 1.373838 -0.453212
v -1.940021 1.332430 -0.508906
v -1.942908 1.340722 -0.514597
v -1.942908 1.363720 -0.447911
v -1.940021 1.363175 -0.448975
v -2.047505 1.340722 -0.514597
v -2.050391 1.332430 -0.508906
v -2.050391 1.363175 -0.448975
v -2.047505 1.363720 -0.447911
v -1.940021 1.322394 -0.503868
v -1.942908 1.331884 -0.509970
v -1.942908 1.352831 -0.442443
v -1.940021 1.352300 -0.443514
v -2.047505 1.331884 -0.509970
v -2.050391 1.322394 -0.503868
v -2.051587 1.323676 -0.501281
v -2.050391 1.352300 -0.443514
v -2.047505 1.352831 -0.442443
v -1.940021 1.312339 -0.498933
v -1.942908 1.311838 -0.500019
v -1.942908 1.321863 -0.504939
v -1.940021 1.340539 -0.437764
v -2.047505 1.311838 -0.500019
v -2.047505 1.321863 -0.504939
v -2.050391 1.312339 -0.498933
v -2.050391 1.340539 -0.437764
v -1.940021 1.291977 -0.490089
v -1.942908 1.291533 -0.491200
v -1.942908 1.341040 -0.436678
v -1.940021 1.316975 -0.427544
v -1.938825 1.315904 -0.430225
v -2.047505 1.291533 -0.491200
v -2.050391 1.291977 -0.490089
v -2.050391 1.316975 -0.427544
v -2.047505 1.341040 -0.436678
v -1.940021 1.266449 -0.480754
v -1.942908 1.288844 -0.415963
v -1.942908 1.317419 -0.426433
v -1.940021 1.288454 -0.417093
v -2.050391 1.266449 -0.480754
v -2.050391 1.288454 -0.417093
v -2.047505 1.288844 -0.415963
v -2.047505 1.317419 -0.426433
v -1.940021 1.235817 -0.470800
v -1.942908 1.266058 -0.481884
v -1.942908 1.256209 -0.405351
v -1.940021 1.255853 -0.406492
v -2.047505 1.266058 -0.481884
v -2.050391 1.235817 -0.470800
v -2.050391 1.255853 -0.406492
v -2.047505 1.256209 -0.405351
v -1.940021 1.201381 -0.460538
v -1.942908 1.235461 -0.471942
v -1.942908 1.220405 -0.394678
v -1.940021 1.220073 -0.395827
v -2.047505 1.235461 -0.471942
v -2.050391 1.201381 -0.460538
v -2.050391 1.220073 -0.395827
v -2.047505 1.220405 -0.394679
v -1.940021 1.164244 -0.450153
v -1.942908 1.201049 -0.461687
v -1.942908 1.182325 -0.384029
v -1.940021 1.182010 -0.385182
v -2.047505 1.201049 -0.461687
v -2.050391 1.164244 -0.450153
v -2.050391 1.182010 -0.385182
v -2.047505 1.182325 -0.384029
v -1.940021 1.125411 -0.439777
v -1.942908 1.163929 -0.451307
v -1.942908 1.142861 -0.373483
v -1.940021 1.142557 -0.374640
v -2.047505 1.163929 -0.451307
v -2.050391 1.125411 -0.439777
v -2.050391 1.142557 -0.374640
v -2.047505 1.142861 -0.373483
v -1.940021 1.085833 -0.429517
v -1.942908 1.125106 -0.440934
v -1.942908 1.102906 -0.363125
v -1.940021 1.102609 -0.364283
v -2.047505 1.125106 -0.440934
v -2.050391 1.085833 -0.429517
v -2.050391 1.102609 -0.364283
v -2.047505 1.102906 -0.363125
v -1.940021 1.046428 -0.419466
v -1.942908 1.085535 -0.430675
v -1.942908 1.063353 -0.353036
v -1.940021 1.063058 -0.354195
v -2.047505 1.085535 -0.430675
v -2.050391 1.046428 -0.419466
v -2.050391 1.063058 -0.354195
v -2.047505 1.063353 -0.353036
v -1.940021 1.008081 -0.409707
v -1.942908 1.046133 -0.420625
v -1.942908 1.025094 -0.343300
v -1.940021 1.024797 -0.344458
v -2.047505 1.046133 -0.420625
v -2.050391 1.008081 -0.409707
v -2.050391 1.024797 -0.344458
v -2.047505 1.025094 -0.343300
v -1.940021 0.971643 -0.400310
v -1.942908 1.007784 -0.410866
v -1.942908 0.989022 -0.333997
v -1.940021 0.988719 -0.335154
v -2.047505 1.007784 -0.410866
v -2.050391 0.971643 -0.400310
v -2.050391 0.988719 -0.335154
v -2.047505 0.989022 -0.333997
v -1.940021 0.937903 -0.391325
v -1.942908 0.971340 -0.401467
v -1.942908 0.956029 -0.325212
v -1.940021 0.955713 -0.326365
v -2.047505 0.971340 -0.401467
v -2.050391 0.937903 -0.391325
v -2.050391 0.955713 -0.326365
v -2.047505 0.956029 -0.325212
v -1.940021 0.907753 -0.382818
v -1.942908 0.937587 -0.392478
v -1.942908 0.927008 -0.317026
v -1.940021 0.926672 -0.318174
v -2.047505 0.937587 -0.392478
v -2.050391 0.907753 -0.382818
v -2.050391 0.926672 -0.318174
v -2.047505 0.927008 -0.317026
v -1.940021 0.880953 -0.374688
v -1.942908 0.907417 -0.383966
v -1.942908 0.901622 -0.309326
v -1.940021 0.901262 -0.310466
v -2.047505 0.907417 -0.383966
v -2.050391 0.880953 -0.374688
v -2.050391 0.901262 -0.310466
v -2.047505 0.901622 -0.309326
v -1.940021 0.854057 -0.365828
v -1.942908 0.880593 -0.375828
v -1.942908 0.876575 -0.301080
v -1.940021 0.876182 -0.302210
v -2.047505 0.880593 -0.375828
v -2.050391 0.854057 -0.365828
v -2.050391 0.876182 -0.302210
v -2.047505 0.876575 -0.301080
v -1.940021 0.827076 -0.355930
v -1.942908 0.853664 -0.366958
v -1.942908 0.852077 -0.292100
v -1.940021 0.851641 -0.293214
v -2.047505 0.853664 -0.366958
v -2.050391 0.827076 -0.355930
v -2.050391 0.851641 -0.293214
v -2.047505 0.852077 -0.292100
v -1.940021 0.800202 -0.344707
v -1.942908 0.826640 -0.357044
v -1.942908 0.828340 -0.282196
v -1.940021 0.827849 -0.283288
v -2.047505 0.826640 -0.357044
v -2.050391 0.800202 -0.344707
v -2.050391 0.827849 -0.283288
v -2.047505 0.828340 -0.282196
v -1.940021 0.773638 -0.331839
v -1.942908 0.799711 -0.345798
v -1.942908 0.805574 -0.271180
v -1.940021 0.805016 -0.272240
v -2.047505 0.799711 -0.345798
v -2.050391 0.773638 -0.331839
v -2.050391 0.805016 -0.272240
v -2.047505 0.805574 -0.271180
v -1.940021 0.747624 -0.316974
v -1.942908 0.773081 -0.332897
v -1.942908 0.783990 -0.258863
v -1.940021 0.783354 -0.259879
v -2.047505 0.773081 -0.332897
v -2.050391 0.747624 -0.316974
v -2.051587 0.749157 -0.314525
v -2.050391 0.783354 -0.259879
v -2.047505 0.783990 -0.258863
v -1.942908 0.746989 -0.317988
v -1.940021 0.763127 -0.246048
v -1.938825 0.761509 -0.248444
v -2.047505 0.746989 -0.317988
v -1.942908 0.724937 -0.304311
v -2.047505 0.724937 -0.304311
v -1.942908 0.728164 -0.305097
v -2.050391 0.763127 -0.246048
v -1.942908 0.763798 -0.245056
v -1.940021 0.727497 -0.212960
v -1.938825 0.725235 -0.214760
v -1.942908 0.671466 -0.252319
v -2.047505 0.672362 -0.255460
v -1.942908 0.672362 -0.255460
v -1.942908 0.672362 -0.255460
v -2.050391 0.727497 -0.212960
v -2.047505 0.763798 -0.245056
v -1.940021 0.656605 -0.230767
v -1.942908 0.713683 -0.192803
v -1.942908 0.728434 -0.212215
v -1.940021 0.712684 -0.193467
v -2.050391 0.656605 -0.230767
v -2.050391 0.712684 -0.193467
v -2.047505 0.713683 -0.192803
v -2.047505 0.728434 -0.212215
v -1.940021 0.639741 -0.201578
v -1.942908 0.655607 -0.231430
v -1.942908 0.701165 -0.171145
v -1.940021 0.700091 -0.171677
v -2.047505 0.655607 -0.231430
v -2.050391 0.639741 -0.201578
v -2.051587 0.642332 -0.200294
v -2.050391 0.700091 -0.171677
v -2.047505 0.701165 -0.171145
v -1.940021 0.626643 -0.170406
v -1.942908 0.625518 -0.170814
v -1.942908 0.638668 -0.202110
v -1.940021 0.689966 -0.147457
v -2.047505 0.625517 -0.170814
v -2.047505 0.638668 -0.202110
v -2.050391 0.626643 -0.170406
v -2.050391 0.689966 -0.147457
v -1.940021 0.616350 -0.137216
v -1.942908 0.615196 -0.137532
v -1.942908 0.691092 -0.147049
v -1.940021 0.681309 -0.119411
v -2.047505 0.615196 -0.137532
v -2.050391 0.616350 -0.137216
v -2.050391 0.681309 -0.119411
v -2.047505 0.691092 -0.147049
v -1.940021 0.608684 -0.105311
v -1.942908 0.607513 -0.105556
v -1.942908 0.682463 -0.119095
v -1.940021 0.674609 -0.091503
v -2.047505 0.607513 -0.105556
v -2.050391 0.608684 -0.105311
v -2.050391 0.674609 -0.091503
v -2.047505 0.682463 -0.119095
v -1.940021 0.603085 -0.074089
v -1.942908 0.601903 -0.074269
v -1.942908 0.675780 -0.091258
v -1.940021 0.669679 -0.063987
v -2.047505 0.601903 -0.074269
v -2.050391 0.603085 -0.074089
v -2.050391 0.669679 -0.063987
v -2.047505 0.675780 -0.091258
v -1.940021 0.599312 -0.043799
v -1.942908 0.598122 -0.043917
v -1.942908 0.670862 -0.063808
v -1.940021 0.666337 -0.037131
v -2.047505 0.598122 -0.043917
v -2.050391 0.599312 -0.043799
v -2.050391 0.666337 -0.037131
v -2.047505 0.670862 -0.063808
v -1.940021 0.597135 -0.014678
v -1.942908 0.595941 -0.014739
v -1.942908 0.667527 -0.037012
v -1.940021 0.664401 -0.011202
v -2.047505 0.595941 -0.014739
v -2.050391 0.597135 -0.014678
v -2.050391 0.664401 -0.011202
v -2.047505 0.667527 -0.037012
v -1.940021 0.596336 0.013045
v -1.942908 0.595140 0.013036
v -1.942908 0.665596 -0.011140
v -1.940021 0.663690 0.013532
v -2.047505 0.595140 0.013036
v -2.050391 0.596336 0.013045
v -2.050391 0.663690 0.013532
v -2.047505 0.665596 -0.011140
v -1.940021 0.596707 0.039149
v -1.942908 0.595512 0.039190
v -1.942908 0.664886 0.013541
v -1.940021 0.664023 0.036804
v -2.047505 0.595512 0.039190
v -2.050391 0.596707 0.039149
v -2.050391 0.664023 0.036804
v -2.047505 0.664886 0.013541
v -1.940021 0.598052 0.063426
v -1.942908 0.596860 0.063516
v -1.942908 0.665218 0.036762
v -1.940021 0.665217 0.058345
v -1.938825 0.662338 0.058563
v -2.047505 0.596860 0.063516
v -2.050391 0.598052 0.063426
v -2.050391 0.665217 0.058345
v -2.047505 0.665218 0.036762
v -1.940021 0.600189 0.085693
v -1.942908 0.668279 0.077752
v -1.942908 0.666409 0.058255
v -1.940021 0.667091 0.077890
v -2.050391 0.600189 0.085693
v -2.050391 0.667091 0.077890
v -2.047505 0.668279 0.077752
v -2.047505 0.666409 0.058255
v -1.940021 0.602956 0.105811
v -1.942908 0.599001 0.085831
v -1.942908 0.670647 0.094984
v -1.940021 0.669466 0.095173
v -2.047505 0.599001 0.085831
v -2.050391 0.602956 0.105811
v -2.050391 0.669466 0.095173
v -2.047505 0.670647 0.094984
v -1.940021 0.606239 0.123751
v -1.942908 0.601775 0.106000
v -1.942908 0.673332 0.109683
v -1.940021 0.672161 0.109928
v -2.047505 0.601775 0.106000
v -2.050391 0.606239 0.123752
v -2.051587 0.609065 0.123159
v -2.050391 0.672161 0.109928
v -2.047505 0.673332 0.109683
v -1.940021 0.609763 0.138665
v -1.942908 0.608605 0.138963
v -1.942908 0.605069 0.123997
v -1.940021 0.674994 0.121878
v -2.047505 0.608605 0.138963
v -2.047505 0.605069 0.123997
v -2.050391 0.609763 0.138665
v -2.050391 0.674994 0.121879
v -1.940021 0.619210 0.172712
v -1.942908 0.618059 0.173036
v -1.942908 0.676152 0.121580
v -1.940021 0.684051 0.154474
v -2.047505 0.618059 0.173036
v -2.050391 0.619210 0.172712
v -2.050391 0.684051 0.154474
v -2.047505 0.676152 0.121580
v -1.940021 0.628566 0.205574
v -1.942908 0.627416 0.205901
v -1.942908 0.685202 0.154150
v -1.940021 0.693357 0.187162
v -2.047505 0.627416 0.205901
v -2.050391 0.628566 0.205574
v -2.050391 0.693357 0.187162
v -2.047505 0.685202 0.154150
v -1.940021 0.637709 0.237807
v -1.942908 0.636558 0.238129
v -1.942908 0.694507 0.186835
v -1.940021 0.702587 0.219703
v -2.047505 0.636558 0.238129
v -2.050391 0.637709 0.237807
v -2.050391 0.702587 0.219703
v -2.047505 0.694507 0.186835
v -1.940021 0.646310 0.269135
v -1.942908 0.645154 0.269442
v -1.942908 0.703739 0.219381
v -1.940021 0.711410 0.251846
v -2.047505 0.645154 0.269442
v -2.050391 0.646310 0.269135
v -2.050391 0.711410 0.251846
v -2.047505 0.703739 0.219381
v -1.940021 0.654043 0.299244
v -1.942908 0.652881 0.299527
v -1.942908 0.712566 0.251539
v -1.940021 0.719495 0.283340
v -2.047505 0.652881 0.299527
v -2.050391 0.654043 0.299244
v -2.050391 0.719495 0.283340
v -2.047505 0.712566 0.251539
v -1.940021 0.660593 0.327777
v -1.942908 0.659423 0.328022
v -1.942908 0.720657 0.283058
v -1.940021 0.726511 0.313931
v -2.047505 0.659423 0.328022
v -2.050391 0.660593 0.327777
v -2.050391 0.726511 0.313931
v -2.047505 0.720657 0.283058
v -1.940021 0.665669 0.354315
v -1.942908 0.664489 0.354509
v -1.942908 0.727682 0.313686
v -1.940021 0.732129 0.343367
v -2.047505 0.664489 0.354509
v -2.050391 0.665669 0.354315
v -2.050391 0.732129 0.343367
v -2.047505 0.727682 0.313686
v -1.940021 0.669026 0.378364
v -1.942908 0.667836 0.378488
v -1.942908 0.733309 0.343172
v -1.940021 0.736019 0.371391
v -2.047505 0.667836 0.378488
v -2.050391 0.669026 0.378364
v -2.050391 0.736019 0.371391
v -2.047505 0.733309 0.343172
v -1.940021 0.670519 0.399336
v -1.942908 0.669322 0.399364
v -1.942908 0.737209 0.371267
v -1.940021 0.737854 0.397747
v -2.047505 0.669322 0.399364
v -2.050391 0.670519 0.399336
v -2.050391 0.737854 0.397747
v -2.047505 0.737209 0.371267
v -1.940021 0.670192 0.416554
v -1.942908 0.668998 0.416454
v -1.942908 0.739051 0.397719
v -1.940021 0.737309 0.422178
v -2.047505 0.668998 0.416454
v -2.050391 0.670192 0.416554
v -2.050391 0.737308 0.422177
v -2.047505 0.739051 0.397719
v -1.940021 0.668420 0.429374
v -1.942908 0.667248 0.429105
v -1.942908 0.738502 0.422278
v -1.940021 0.734063 0.444425
v -1.938825 0.731240 0.443777
v -2.047505 0.667248 0.429105
v -2.050391 0.668420 0.429374
v -2.050391 0.734063 0.444425
v -2.047505 0.738502 0.422277
v -1.940021 0.664985 0.439961
v -1.942908 0.728910 0.464710
v -1.942908 0.735232 0.444693
v -1.940021 0.727793 0.464277
v -2.050391 0.664985 0.439961
v -2.050391 0.727793 0.464277
v -2.047505 0.728910 0.464710
v -2.047505 0.735232 0.444693
v -1.940021 0.662405 0.445287
v -1.942908 0.663867 0.439528
v -1.942908 0.723706 0.475974
v -1.940021 0.722636 0.475439
v -2.047505 0.663867 0.439528
v -2.050391 0.662405 0.445287
v -2.051587 0.664986 0.446579
v -2.050391 0.722636 0.475439
v -2.047505 0.723706 0.475974
v -1.940021 0.658604 0.452323
v -1.942908 0.657570 0.451722
v -1.942908 0.661336 0.444752
v -1.940021 0.716825 0.486192
v -2.047505 0.657570 0.451722
v -2.047505 0.661336 0.444752
v -2.050391 0.658604 0.452323
v -2.050391 0.716825 0.486192
v -1.940021 0.654427 0.459010
v -1.942908 0.653434 0.458345
v -1.942908 0.717860 0.486793
v -1.940021 0.710398 0.496481
v -2.047505 0.653434 0.458345
v -2.050391 0.654427 0.459010
v -2.050391 0.710398 0.496481
v -2.047505 0.717859 0.486793
v -1.940021 0.649891 0.465345
v -1.942908 0.648941 0.464618
v -1.942908 0.711392 0.497147
v -1.940021 0.703376 0.506285
v -2.047505 0.648941 0.464618
v -2.050391 0.649891 0.465345
v -2.050391 0.703376 0.506285
v -2.047505 0.711392 0.497147
v -1.940021 0.645008 0.471321
v -1.942908 0.644107 0.470535
v -1.942908 0.704326 0.507012
v -1.940021 0.695781 0.515581
v -2.047505 0.644107 0.470535
v -2.050391 0.645008 0.471321
v -2.050391 0.695781 0.515581
v -2.047505 0.704326 0.507012
v -1.940021 0.639793 0.476932
v -1.942908 0.638943 0.476090
v -1.942908 0.696683 0.516367
v -1.940021 0.687634 0.524345
v -2.047505 0.638943 0.476090
v -2.050391 0.639793 0.476932
v -2.050391 0.687634 0.524346
v -2.047505 0.696683 0.516367
v -1.940021 0.634256 0.482173
v -1.942908 0.633462 0.481279
v -1.942908 0.688484 0.525187
v -1.940021 0.678957 0.532557
v -2.047505 0.633462 0.481279
v -2.050391 0.634256 0.482173
v -2.050391 0.678957 0.532557
v -2.047505 0.688484 0.525188
v -1.940021 0.628406 0.487037
v -1.942908 0.627671 0.486093
v -1.942908 0.679751 0.533452
v -1.940021 0.669772 0.540193
v -2.047505 0.627671 0.486093
v -2.050391 0.628406 0.487037
v -2.050391 0.669772 0.540193
v -2.047505 0.679751 0.533452
v -1.940021 0.622252 0.491515
v -1.942908 0.621580 0.490525
v -1.942908 0.670507 0.541137
v -1.940021 0.660100 0.547231
v -2.047505 0.621580 0.490525
v -2.050391 0.622252 0.491515
v -2.050391 0.660100 0.547231
v -2.047505 0.670507 0.541137
v -1.940021 0.615800 0.495599
v -1.942908 0.615193 0.494568
v -1.942908 0.660773 0.548220
v -1.940021 0.649963 0.553648
v -2.047505 0.615193 0.494568
v -2.050391 0.615800 0.495599
v -2.050391 0.649963 0.553648
v -2.047505 0.660773 0.548220
v -1.940021 0.609053 0.499281
v -1.942908 0.608515 0.498213
v -1.942908 0.650570 0.554679
v -1.940021 0.639382 0.559422
v -2.047505 0.608515 0.498213
v -2.050391 0.609053 0.499281
v -2.050391 0.639382 0.559422
v -2.047505 0.650570 0.554679
v -1.940021 0.602104 0.502511
v -1.942908 0.601637 0.501410
v -1.942908 0.639921 0.560490
v -1.940021 0.628381 0.564529
v -2.047505 0.601637 0.501410
v -2.050391 0.602104 0.502511
v -2.050391 0.628381 0.564529
v -2.047505 0.639921 0.560490
v -1.940021 0.593738 0.505728
v -1.942908 0.593348 0.504597
v -1.942908 0.628848 0.565631
v -1.940021 0.615709 0.569399
v -1.938825 0.614766 0.566669
v -2.047505 0.593348 0.504597
v -2.050391 0.593738 0.505728
v -2.050391 0.615709 0.569399
v -2.047505 0.628848 0.565631
v -1.940021 0.584959 0.508417
v -1.942908 0.602869 0.574588
v -1.942908 0.616099 0.570530
v -1.940021 0.602557 0.573434
v -2.050391 0.584959 0.508417
v -2.050391 0.602557 0.573434
v -2.047505 0.602869 0.574588
v -2.047505 0.616099 0.570530
v -1.940021 0.575547 0.510627
v -1.942908 0.584647 0.507263
v -1.942908 0.589132 0.577820
v -1.940021 0.588895 0.576647
v -2.047505 0.584647 0.507263
v -2.050391 0.575547 0.510628
v -2.050391 0.588895 0.576647
v -2.047505 0.589132 0.577820
v -1.940021 0.565400 0.512344
v -1.942908 0.575310 0.509455
v -1.942908 0.574862 0.580239
v -1.940021 0.574697 0.579055
v -2.047505 0.575310 0.509455
v -2.050391 0.565400 0.512344
v -2.050391 0.574697 0.579055
v -2.047505 0.574862 0.580239
v -1.940021 0.554435 0.513539
v -1.942908 0.565235 0.511159
v -1.942908 0.560032 0.581862
v -1.940021 0.559935 0.580670
v -2.047505 0.565235 0.511159
v -2.050391 0.554435 0.513539
v -2.050391 0.559935 0.580670
v -2.047505 0.560032 0.581862
v -1.940021 0.542590 0.514181
v -1.942908 0.554337 0.512347
v -1.942908 0.544616 0.582703
v -1.940021 0.544581 0.581508
v -2.047505 0.554337 0.512347
v -2.050391 0.542590 0.514181
v -2.050391 0.544581 0.581508
v -2.047505 0.544616 0.582703
v -1.940021 0.529823 0.514236
v -1.942908 0.542555 0.512985
v -1.942908 0.528587 0.582777
v -1.940021 0.528609 0.581581
v -2.047505 0.542555 0.512985
v -2.050391 0.529823 0.514236
v -2.050391 0.528609 0.581581
v -2.047505 0.528587 0.582777
v -1.940021 0.516103 0.513674
v -1.942908 0.529844 0.513040
v -1.942908 0.511919 0.582099
v -1.940021 0.511992 0.580905
v -2.047505 0.529844 0.513040
v -2.050391 0.516103 0.513674
v -2.050391 0.511992 0.580905
v -2.047505 0.511919 0.582099
v -1.940021 0.501413 0.512472
v -1.942908 0.516176 0.512481
v -1.942908 0.494586 0.580683
v -1.940021 0.494705 0.579494
v -2.047505 0.516176 0.512481
v -2.050391 0.501413 0.512472
v -2.050391 0.494705 0.579494
v -2.047505 0.494586 0.580683
v -1.940021 0.485742 0.510611
v -1.942908 0.501532 0.511282
v -1.942908 0.476561 0.578546
v -1.940021 0.476721 0.577361
v -2.047505 0.501532 0.511282
v -2.050391 0.485742 0.510611
v -2.050391 0.476721 0.577361
v -2.047505 0.476561 0.578546
v -1.940021 0.469084 0.508081
v -1.942908 0.485903 0.509426
v -1.942908 0.457817 0.575701
v -1.940021 0.458013 0.574521
v -2.047505 0.485903 0.509426
v -2.050391 0.469084 0.508081
v -2.051587 0.468610 0.510928
v -2.050391 0.458013 0.574521
v -2.047505 0.457817 0.575701
v -1.940021 0.452490 0.505090
v -1.942908 0.452737 0.503919
v -1.942908 0.469281 0.506901
v -1.940021 0.438574 0.570992
v -2.047505 0.452737 0.503919
v -2.047505 0.469281 0.506901
v -2.050391 0.452490 0.505090
v -2.050391 0.438574 0.570992
v -1.940021 0.430815 0.499896
v -1.942908 0.431144 0.498746
v -1.942908 0.438327 0.572163
v -1.940021 0.412312 0.564660
v -1.938825 0.413106 0.561883
v -2.047505 0.431144 0.498746
v -2.050391 0.430815 0.499896
v -2.050391 0.412312 0.564660
v -2.047505 0.438327 0.572163
v -1.940021 0.411359 0.493434
v -1.942908 0.387454 0.557682
v -1.942908 0.411983 0.565810
v -1.940021 0.387871 0.556561
v -2.050391 0.411359 0.493434
v -2.050391 0.387871 0.556561
v -2.047505 0.387454 0.557682
v -2.047505 0.411983 0.565810
v -1.940021 0.392469 0.485597
v -1.942908 0.411776 0.492312
v -1.942908 0.364425 0.548150
v -1.940021 0.364914 0.547059
v -2.047505 0.411776 0.492312
v -2.050391 0.392469 0.485597
v -2.050391 0.364914 0.547059
v -2.047505 0.364425 0.548150
v -1.940021 0.373687 0.476497
v -1.942908 0.392958 0.484505
v -1.942908 0.342582 0.537586
v -1.940021 0.343125 0.536521
v -2.047505 0.392958 0.484505
v -2.050391 0.373687 0.476497
v -2.050391 0.343125 0.536521
v -2.047505 0.342582 0.537586
v -1.940021 0.354626 0.466283
v -1.942908 0.374230 0.475431
v -1.942908 0.321612 0.526362
v -1.940021 0.322187 0.525315
v -2.047505 0.374230 0.475431
v -2.050391 0.354626 0.466283
v -2.050391 0.322187 0.525315
v -2.047505 0.321612 0.526362
v -1.940021 0.334935 0.455173
v -1.942908 0.355202 0.465235
v -1.942908 0.301199 0.514850
v -1.940021 0.301787 0.513811
v -2.047505 0.355202 0.465235
v -2.050391 0.334935 0.455173
v -2.050391 0.301787 0.513811
v -2.047505 0.301199 0.514850
v -1.940021 0.314265 0.443465
v -1.942908 0.335523 0.454132
v -1.942908 0.281030 0.503422
v -1.940021 0.281609 0.502377
v -2.047505 0.335523 0.454132
v -2.050391 0.314265 0.443465
v -2.050391 0.281609 0.502377
v -2.047505 0.281030 0.503422
v -1.940021 0.292261 0.431547
v -1.942908 0.314845 0.442419
v -1.942908 0.260789 0.492448
v -1.940021 0.261337 0.491388
v -2.047505 0.314845 0.442419
v -2.050391 0.292261 0.431547
v -2.050391 0.261337 0.491388
v -2.047505 0.260789 0.492448
v -1.940021 0.268566 0.419911
v -1.942908 0.292810 0.430485
v -1.942908 0.240161 0.482301
v -1.940021 0.240656 0.481215
v -2.047505 0.292810 0.430485
v -2.050391 0.268566 0.419911
v -2.050391 0.240656 0.481215
v -2.047505 0.240161 0.482301
v -1.940021 0.242865 0.409150
v -1.942908 0.269062 0.418822
v -1.942908 0.218833 0.473351
v -1.940021 0.219251 0.472234
v -2.047505 0.269062 0.418822
v -2.050391 0.242865 0.409150
v -2.050391 0.219251 0.472234
v -2.047505 0.218833 0.473351
v -1.940021 0.214938 0.399948
v -1.942908 0.243284 0.408029
v -1.942908 0.196490 0.465970
v -1.940021 0.196810 0.464823
v -2.047505 0.243284 0.408029
v -2.050391 0.214938 0.399948
v -2.051587 0.214160 0.402731
v -2.050391 0.196810 0.464823
v -2.047505 0.196490 0.465970
v -1.940021 0.185887 0.393235
v -1.942908 0.186115 0.392061
v -1.942908 0.215260 0.398795
v -1.940021 0.173041 0.459362
v -2.047505 0.186115 0.392061
v -2.047505 0.215260 0.398795
v -2.050391 0.185887 0.393235
v -2.050391 0.173041 0.459362
v -1.942908 0.172814 0.460529
v -1.940021 0.147929 0.455367
v -1.938825 0.148326 0.452531
v -1.942908 0.159586 0.386942
v -2.047505 0.159586 0.386942
v -2.050391 0.147929 0.455367
v -2.047505 0.172814 0.460529
v -1.942908 0.123713 0.453624
v -1.942908 0.147764 0.456542
v -1.940021 0.123375 0.452391
v -2.050391 0.123375 0.452391
v -2.047505 0.123713 0.453624
v -2.047505 0.147764 0.456542
v -1.942908 0.057962 0.450688
v -1.940021 0.057875 0.449469
v -1.938825 0.122559 0.449416
v -2.051587 0.122559 0.449416
v -2.050391 0.057875 0.449469
v -2.047505 0.057962 0.450688
v -1.940021 0.009012 0.383621
v -1.940021 0.052151 0.369224
v -1.942908 0.008993 0.382276
v -1.942908 0.052057 0.367901
v -1.940021 0.009993 0.453606
v -1.938825 0.009952 0.450652
v -2.047505 0.008993 0.382276
v -2.050391 0.052151 0.369224
v -2.047505 0.052057 0.367901
v -2.050391 0.009012 0.383621
v -2.051587 0.009952 0.450653
v -2.050391 0.009993 0.453606
v -2.050391 0.642118 -0.288773
v -2.047505 0.641337 -0.287866
v -2.050391 0.686051 -0.339827
v -1.942907 0.641337 -0.287866
v -1.940021 0.642118 -0.288773
v -1.940021 0.686051 -0.339827
v -2.050391 0.614436 -0.310612
v -2.047505 0.613741 -0.309637
v -2.047505 0.686832 -0.340734
v -2.050391 0.653534 -0.365456
v -1.942907 0.613741 -0.309637
v -1.940021 0.614436 -0.310612
v -1.940021 0.653534 -0.365456
v -1.942907 0.686832 -0.340734
v -2.050391 0.578838 -0.333491
v -2.047505 0.578240 -0.332453
v -2.047505 0.654229 -0.366431
v -2.050391 0.612443 -0.391862
v -2.051587 0.611000 -0.389357
v -1.942907 0.578240 -0.332453
v -1.940021 0.578838 -0.333491
v -1.940021 0.612443 -0.391862
v -1.942907 0.654229 -0.366431
v -2.050391 0.533345 -0.356796
v -2.047505 0.561732 -0.419193
v -2.047505 0.613040 -0.392900
v -2.050391 0.561236 -0.418104
v -1.940021 0.533345 -0.356796
v -1.940021 0.561236 -0.418104
v -1.942907 0.561732 -0.419193
v -1.942907 0.613040 -0.392900
v -2.050391 0.476073 -0.379681
v -2.047505 0.532849 -0.355706
v -2.047505 0.498770 -0.444366
v -2.050391 0.498374 -0.443236
v -1.942907 0.532849 -0.355706
v -1.940021 0.476073 -0.379681
v -1.940021 0.498374 -0.443236
v -1.942907 0.498770 -0.444366
v -2.050391 0.405257 -0.401154
v -2.047505 0.475677 -0.378551
v -2.047504 0.422620 -0.467470
v -2.050391 0.422317 -0.466312
v -1.942907 0.475677 -0.378551
v -1.940021 0.405257 -0.401154
v -1.940021 0.422317 -0.466312
v -1.942907 0.422620 -0.467470
v -2.050391 0.319239 -0.420160
v -2.047504 0.404953 -0.399997
v -2.047504 0.331749 -0.487561
v -2.050391 0.331530 -0.486384
v -1.942907 0.404954 -0.399997
v -1.940021 0.319239 -0.420160
v -1.940021 0.331530 -0.486384
v -1.942907 0.331749 -0.487561
v -2.050391 0.216446 -0.435628
v -2.047504 0.319020 -0.418984
v -2.047504 0.224621 -0.503691
v -2.050391 0.224478 -0.502503
v -1.942907 0.319020 -0.418984
v -1.940021 0.216446 -0.435628
v -1.940021 0.224478 -0.502503
v -1.942907 0.224621 -0.503691
v -2.047504 0.178092 -0.507871
v -2.050391 0.116404 -0.511790
v -2.050391 0.178304 -0.506652
v -2.051587 0.178814 -0.503707
v -1.940021 0.178304 -0.506652
v -1.940021 0.116404 -0.511790
v -1.942907 0.178092 -0.507871
v -2.050391 0.094799 0.348152
v -2.050391 0.141246 0.316487
v -2.047505 0.094465 0.346937
v -1.942907 0.094465 0.346937
v -1.940021 0.141246 0.316487
v -1.940021 0.094798 0.348152
v -2.050391 0.176692 0.287449
v -2.047505 0.140959 0.315227
v -1.940021 0.217498 0.341073
v -1.942907 0.140959 0.315227
v -1.940021 0.176691 0.287449
v -1.938825 0.178397 0.289690
v -2.050391 0.219698 0.251449
v -2.047505 0.218896 0.250591
v -2.047505 0.175985 0.286521
v -2.047505 0.218223 0.342025
v -2.050391 0.265731 0.300648
v -2.050391 0.217499 0.341073
v -1.942907 0.218896 0.250591
v -1.942907 0.175985 0.286521
v -1.940021 0.219698 0.251449
v -1.940021 0.265731 0.300648
v -1.942907 0.218223 0.342025
v -2.050391 0.258898 0.210599
v -2.047505 0.257996 0.209838
v -2.047505 0.266549 0.301523
v -2.050391 0.310406 0.254022
v -1.942907 0.257995 0.209838
v -1.940021 0.258898 0.210599
v -1.940021 0.310406 0.254022
v -1.942907 0.266549 0.301523
v -2.050391 0.292620 0.165091
v -2.047505 0.291618 0.164458
v -2.047504 0.311322 0.254794
v -2.050391 0.349568 0.201074
v -1.942907 0.291618 0.164458
v -1.940021 0.292620 0.165091
v -1.940021 0.349568 0.201074
v -1.942907 0.311322 0.254794
v -2.050391 0.319431 0.114959
v -2.047505 0.318340 0.114487
v -2.047504 0.350581 0.201715
v -2.050391 0.381263 0.141682
v -1.942907 0.318339 0.114487
v -1.940021 0.319431 0.114959
v -1.940021 0.381262 0.141682
v -1.942907 0.350581 0.201714
v -2.050391 0.338074 0.059879
v -2.047505 0.336914 0.059599
v -2.047504 0.382364 0.142158
v -2.050391 0.403540 0.075716
v -2.051587 0.400724 0.075035
v -1.942907 0.336914 0.059599
v -1.940021 0.338073 0.059879
v -1.940021 0.403540 0.075716
v -1.942907 0.382364 0.142157
v -2.050391 0.347235 -0.001270
v -2.047505 0.415649 0.003113
v -2.047504 0.404707 0.075998
v -2.050391 0.414451 0.003036
v -1.940021 0.347234 -0.001270
v -1.940021 0.414451 0.003036
v -1.942907 0.415648 0.003113
v -1.942907 0.404707 0.075998
v -2.050391 0.345950 -0.060568
v -2.047505 0.346043 -0.001347
v -2.047505 0.414164 -0.067382
v -2.050391 0.412971 -0.067262
v -1.942907 0.346043 -0.001347
v -1.940021 0.345949 -0.060568
v -1.940021 0.412971 -0.067262
v -1.942907 0.414164 -0.067382
v -2.050391 0.335585 -0.117988
v -2.047505 0.344761 -0.060449
v -2.047505 0.401997 -0.134994
v -2.050391 0.400835 -0.134696
v -1.942907 0.344761 -0.060449
v -1.940021 0.335585 -0.117988
v -1.940021 0.400835 -0.134696
v -1.942907 0.401996 -0.134994
v -2.050391 0.317096 -0.173074
v -2.047505 0.334429 -0.117692
v -2.047505 0.380512 -0.199114
v -2.050391 0.379404 -0.198659
v -1.942907 0.334428 -0.117692
v -1.940021 0.317096 -0.173074
v -1.940021 0.379404 -0.198659
v -1.942907 0.380512 -0.199114
v -2.050391 0.291469 -0.225273
v -2.047505 0.315992 -0.172621
v -2.047504 0.351078 -0.259133
v -2.050391 0.350037 -0.258541
v -1.942907 0.315992 -0.172621
v -1.940021 0.291469 -0.225272
v -1.940021 0.350036 -0.258541
v -1.942907 0.351078 -0.259133
v -2.050391 0.259807 -0.273859
v -2.047505 0.290432 -0.224683
v -2.047504 0.315060 -0.314442
v -2.050391 0.314095 -0.313733
v -1.942907 0.290432 -0.224683
v -1.940021 0.259806 -0.273859
v -1.940021 0.314095 -0.313732
v -1.942907 0.315060 -0.314441
v -2.050391 0.223352 -0.318035
v -2.047505 0.258846 -0.273154
v -2.047504 0.273825 -0.364430
v -2.050391 0.272943 -0.363620
v -1.942907 0.258845 -0.273153
v -1.940021 0.223352 -0.318034
v -1.940021 0.272943 -0.363619
v -1.942907 0.273825 -0.364430
v -2.050391 0.183488 -0.356985
v -2.047505 0.222475 -0.317228
v -2.047504 0.228738 -0.408489
v -2.050391 0.227947 -0.407589
v -1.942907 0.222475 -0.317228
v -1.940021 0.183488 -0.356985
v -1.940021 0.227947 -0.407589
v -1.942907 0.228738 -0.408489
v -2.050391 0.141910 -0.389785
v -2.047505 0.182703 -0.356091
v -1.942907 0.182703 -0.356091
v -1.940021 0.141910 -0.389785
v -1.938825 0.143986 -0.391795
v -1.942907 0.192565 -0.435948
v -2.050391 0.099422 -0.416310
v -2.047505 0.099203 -0.415081
v -2.047505 0.141051 -0.388952
v -1.940021 0.069635 -0.514622
v -1.942907 0.069791 -0.515810
v -1.942907 0.116615 -0.512975
v -1.942907 0.099203 -0.415081
v -1.942907 0.141051 -0.388952
v -1.940021 0.099422 -0.416309
v -1.940021 0.012468 -0.516929
v -1.942907 0.012499 -0.518123
v -2.047504 0.069791 -0.515810
v -2.047504 0.116615 -0.512975
v -2.050391 0.069635 -0.514622
v -2.047504 0.012499 -0.518123
v -2.050391 0.012468 -0.516929
v -2.050391 0.059225 -0.435120
v -2.047505 0.059061 -0.433871
v -1.942907 0.059061 -0.433871
v -1.940021 0.059225 -0.435120
v -2.050391 0.010669 -0.447473
v -2.047504 0.010636 -0.446193
v -1.942907 0.010636 -0.446193
v -1.940021 0.010669 -0.447473
v -1.942907 0.216304 -0.434440
v -2.047504 0.216304 -0.434440
v -1.942907 1.426146 -0.706060
v -2.047505 1.486153 -0.719906
v -1.942907 1.486153 -0.719906
v -2.047505 1.500371 -0.624198
v -1.942908 1.429470 -0.616532
v -1.942908 1.424739 -0.598288
v -2.047505 1.490006 -0.573690
v -2.047505 1.469118 -0.535707
v -1.942908 1.406929 -0.569410
v -2.047505 1.451548 -0.514546
v -1.942908 1.348506 -0.518915
v -2.047505 1.352831 -0.442443
v -1.942908 1.311838 -0.500019
v -2.047505 1.288844 -0.415963
v -2.047505 1.142861 -0.373483
v -1.942908 1.046133 -0.420625
v -2.047505 0.989022 -0.333997
v -1.942908 0.907417 -0.383966
v -2.047505 0.828340 -0.282196
v -1.942908 0.773081 -0.332897
v -1.942908 0.625518 -0.170814
v -2.047505 0.682463 -0.119095
v -1.942908 0.601903 -0.074269
v -2.047505 0.667527 -0.037012
v -1.942908 0.618059 0.173036
v -2.047505 0.703739 0.219381
v -1.942908 0.652881 0.299527
v -2.047505 0.733309 0.343172
v -1.942908 0.663867 0.439528
v -2.047505 0.723706 0.475974
v -1.942908 0.657570 0.451722
v -2.047505 0.704326 0.507012
v -1.942908 0.644107 0.470535
v -2.047505 0.670507 0.541137
v -1.942908 0.621580 0.490525
v -1.942908 0.608515 0.498213
v -1.942908 0.593348 0.504597
v -2.047505 0.616099 0.570530
v -1.942908 0.575310 0.509455
v -2.047505 0.544616 0.582703
v -1.942908 0.516176 0.512481
v -1.942908 0.469281 0.506901
v -2.047505 0.438327 0.572163
v -1.942908 0.335523 0.454132
v -2.047505 0.260789 0.492448
v -1.942908 0.269062 0.418822
v -1.942908 0.186115 0.392061
v -2.047505 0.147764 0.456542
v -1.942908 0.010011 0.454830
v -2.047505 0.008993 0.382276
v -1.942907 0.498770 -0.444366
v -1.942907 0.686832 -0.340734
v -2.047504 0.404953 -0.399997
v -1.942907 0.218223 0.342025
v -2.047505 0.257996 0.209838
v -1.942907 0.350581 0.201714
v -2.047505 0.336914 0.059599
v -2.047505 0.344761 -0.060449
v -1.942907 0.273825 -0.364430
v -2.047505 0.059061 -0.433871
v -1.942907 0.012499 -0.518123
v -2.051587 0.012394 -0.514048
v -2.047505 1.426146 -0.706060
v -1.942907 1.486153 -0.719906
v -2.047505 0.672362 -0.255460
v -1.942908 0.010011 0.454830
v -2.047505 0.010011 0.454830
v -2.047504 0.192565 -0.435948
v -2.047505 1.426146 -0.706060
v 2.047505 1.422976 -0.701141
v 2.047505 1.426994 -0.681250
v 1.942907 1.426994 -0.681250
v 2.051587 1.486958 -0.715902
v 2.051587 1.491735 -0.692217
v 2.051587 1.431020 -0.681932
v 2.047505 1.490937 -0.716822
v 1.942907 1.490937 -0.716822
v 1.942907 1.495762 -0.692900
v 1.938825 1.491735 -0.692217
v 1.938825 1.431020 -0.681932
v 1.938825 1.433905 -0.661026
v 2.047505 1.429842 -0.660616
v 1.942907 1.429842 -0.660616
v 2.051587 1.495172 -0.667217
v 2.051587 1.433905 -0.661026
v 2.047505 1.495762 -0.692900
v 1.942907 1.499236 -0.667627
v 1.938825 1.495172 -0.667217
v 1.938825 1.435074 -0.643223
v 2.047505 1.430990 -0.643125
v 1.942907 1.430990 -0.643125
v 2.051587 1.496633 -0.644699
v 2.051587 1.435074 -0.643223
v 2.047505 1.499236 -0.667627
v 1.942907 1.500718 -0.644797
v 1.938825 1.496633 -0.644699
v 1.938825 1.434837 -0.628288
v 2.047505 1.430758 -0.628543
v 2.051587 1.496292 -0.624453
v 2.051587 1.434837 -0.628288
v 2.047505 1.500718 -0.644797
v 1.942907 1.500371 -0.624198
v 1.938825 1.496292 -0.624453
v 1.938825 1.433508 -0.615892
v 1.942907 1.430758 -0.628543
v 2.047505 1.429470 -0.616532
v 2.051587 1.494323 -0.606260
v 2.051587 1.433508 -0.615892
v 1.942907 1.498360 -0.605620
v 2.047505 1.498360 -0.605621
v 1.938825 1.494323 -0.606260
v 1.938825 1.431360 -0.605593
v 2.047505 1.427406 -0.606635
v 1.942907 1.427406 -0.606635
v 2.051587 1.490897 -0.589896
v 2.051587 1.431360 -0.605593
v 1.942907 1.494850 -0.588854
v 1.938825 1.428566 -0.596846
v 1.938825 1.486181 -0.575131
v 2.047505 1.424739 -0.598288
v 2.051587 1.486181 -0.575131
v 2.047505 1.494850 -0.588854
v 1.942907 1.490006 -0.573690
v 1.938825 1.425160 -0.589072
v 1.938825 1.480330 -0.561732
v 2.047505 1.421497 -0.590887
v 1.942907 1.421497 -0.590887
v 2.051587 1.428566 -0.596847
v 2.051587 1.480330 -0.561732
v 1.942907 1.483992 -0.559917
v 2.047505 1.483992 -0.559917
v 1.938825 1.421049 -0.581733
v 1.938825 1.473494 -0.549467
v 2.047505 1.417569 -0.583874
v 2.051587 1.425160 -0.589072
v 2.051587 1.473494 -0.549467
v 1.942908 1.476974 -0.547326
v 1.938825 1.416071 -0.574408
v 1.938825 1.465818 -0.538115
v 1.942907 1.417569 -0.583874
v 2.047505 1.412771 -0.576815
v 2.051587 1.421049 -0.581733
v 2.051587 1.465818 -0.538115
v 2.047505 1.476974 -0.547326
v 1.942907 1.469118 -0.535707
v 1.938825 1.410070 -0.566802
v 1.938825 1.457445 -0.527460
v 1.942907 1.412771 -0.576815
v 2.047505 1.406929 -0.569410
v 2.051587 1.416071 -0.574408
v 2.051587 1.457445 -0.527460
v 1.942907 1.460587 -0.524851
v 2.047505 1.460587 -0.524851
v 1.938825 1.402946 -0.558703
v 1.938825 1.448526 -0.517291
v 2.047505 1.399925 -0.561448
v 1.942907 1.399925 -0.561448
v 2.051587 1.410070 -0.566802
v 2.051587 1.448526 -0.517291
v 1.942908 1.451548 -0.514546
v 1.938825 1.395454 -0.550743
v 1.938825 1.439621 -0.507827
v 2.047505 1.392526 -0.553588
v 2.051587 1.402946 -0.558703
v 2.051587 1.439621 -0.507827
v 1.942907 1.442549 -0.504982
v 2.047505 1.442549 -0.504982
v 1.938825 1.388459 -0.543767
v 1.942907 1.392526 -0.553588
v 2.047505 1.385631 -0.546711
v 2.051587 1.431115 -0.499350
v 2.051587 1.388459 -0.543767
v 1.942907 1.433943 -0.496405
v 2.047505 1.433943 -0.496405
v 1.938825 1.431115 -0.499350
v 1.938825 1.382007 -0.537792
v 1.942907 1.385631 -0.546711
v 2.047505 1.379296 -0.540846
v 2.051587 1.422890 -0.491739
v 2.051587 1.382007 -0.537792
v 1.942908 1.425601 -0.488686
v 2.047505 1.425601 -0.488686
v 1.938825 1.422890 -0.491739
v 1.938825 1.375925 -0.532611
v 1.942907 1.379296 -0.540846
v 2.047505 1.373346 -0.535777
v 2.051587 1.414814 -0.484862
v 2.051587 1.375925 -0.532611
v 1.942908 1.417392 -0.481696
v 1.938825 1.414814 -0.484862
v 1.938825 1.369998 -0.527995
v 1.942907 1.373346 -0.535777
v 2.047505 1.367560 -0.531271
v 2.051587 1.406752 -0.478585
v 2.051587 1.369998 -0.527995
v 2.047505 1.417392 -0.481696
v 1.942908 1.409189 -0.475308
v 1.938825 1.363970 -0.523717
v 1.938825 1.398567 -0.472772
v 1.942907 1.367560 -0.531271
v 2.047505 1.361677 -0.527095
v 2.051587 1.398567 -0.472772
v 2.047505 1.409189 -0.475308
v 1.942908 1.400861 -0.469394
v 1.938825 1.357572 -0.519569
v 1.938825 1.390122 -0.467292
v 1.942907 1.361677 -0.527095
v 2.047505 1.355414 -0.523035
v 2.051587 1.363970 -0.523717
v 2.051587 1.390121 -0.467292
v 2.047505 1.400861 -0.469394
v 1.942908 1.392280 -0.463825
v 1.938825 1.350544 -0.515378
v 1.938825 1.381278 -0.462012
v 1.942907 1.355414 -0.523035
v 2.047505 1.348506 -0.518915
v 2.051587 1.357572 -0.519569
v 2.051587 1.381278 -0.462012
v 2.047505 1.392280 -0.463826
v 1.942908 1.383315 -0.458474
v 1.938825 1.342661 -0.511004
v 1.938825 1.371900 -0.456805
v 2.047505 1.340722 -0.514597
v 1.942907 1.340722 -0.514597
v 2.051587 1.350544 -0.515378
v 2.051587 1.371900 -0.456805
v 2.047505 1.383315 -0.458474
v 1.942908 1.373838 -0.453212
v 1.938825 1.333748 -0.506338
v 1.938825 1.361857 -0.451544
v 2.047505 1.331884 -0.509970
v 2.051587 1.342660 -0.511004
v 2.051587 1.361857 -0.451544
v 2.047505 1.373838 -0.453212
v 1.942908 1.363720 -0.447911
v 1.938825 1.323676 -0.501281
v 1.938825 1.351019 -0.446101
v 1.942907 1.331884 -0.509970
v 2.047505 1.321863 -0.504939
v 2.051587 1.333748 -0.506338
v 2.051587 1.351019 -0.446101
v 2.047505 1.363720 -0.447911
v 1.942908 1.352831 -0.442443
v 1.938825 1.313548 -0.496311
v 1.942907 1.321863 -0.504939
v 2.047505 1.311838 -0.500019
v 2.051587 1.339331 -0.440387
v 2.051587 1.313548 -0.496311
v 1.942907 1.341040 -0.436678
v 2.047505 1.341040 -0.436678
v 1.938825 1.339331 -0.440387
v 1.938825 1.293049 -0.487407
v 2.047505 1.291533 -0.491200
v 1.942907 1.291533 -0.491200
v 2.051587 1.315904 -0.430226
v 2.051587 1.293049 -0.487407
v 1.942907 1.317419 -0.426433
v 1.938825 1.267392 -0.478025
v 1.938825 1.287511 -0.419822
v 2.047505 1.266058 -0.481884
v 1.942907 1.266058 -0.481884
v 2.051587 1.287511 -0.419822
v 2.047505 1.317419 -0.426433
v 1.942908 1.288844 -0.415963
v 1.938825 1.236676 -0.468044
v 1.938825 1.254994 -0.409249
v 2.047505 1.235461 -0.471942
v 1.942907 1.235461 -0.471942
v 2.051587 1.267392 -0.478025
v 2.051587 1.254994 -0.409249
v 1.942907 1.256209 -0.405351
v 2.047505 1.256209 -0.405351
v 1.938825 1.202182 -0.457765
v 1.938825 1.219272 -0.398601
v 2.047505 1.201049 -0.461687
v 1.942907 1.201049 -0.461687
v 2.051587 1.236676 -0.468044
v 2.051587 1.219272 -0.398601
v 1.942908 1.220405 -0.394678
v 2.047505 1.220405 -0.394679
v 1.938825 1.165005 -0.447369
v 1.938825 1.181248 -0.387966
v 2.047505 1.163929 -0.451307
v 1.942907 1.163929 -0.451307
v 2.051587 1.202182 -0.457765
v 2.051587 1.181248 -0.387966
v 1.942908 1.182325 -0.384029
v 2.047505 1.182325 -0.384029
v 1.938825 1.126145 -0.436986
v 1.938825 1.141822 -0.377431
v 2.047505 1.125106 -0.440934
v 1.942907 1.125106 -0.440934
v 2.051587 1.165005 -0.447369
v 2.051587 1.141822 -0.377431
v 1.942907 1.142861 -0.373483
v 1.938825 1.086552 -0.426722
v 1.938825 1.101890 -0.367079
v 2.047505 1.085535 -0.430675
v 2.051587 1.126145 -0.436986
v 2.051587 1.101890 -0.367079
v 1.942907 1.102906 -0.363125
v 2.047505 1.102906 -0.363125
v 1.938825 1.047141 -0.416669
v 1.938825 1.062345 -0.356992
v 1.942907 1.085535 -0.430675
v 2.047505 1.046133 -0.420625
v 2.051587 1.086552 -0.426722
v 2.051587 1.062345 -0.356993
v 1.942908 1.063353 -0.353036
v 1.938825 1.008798 -0.406911
v 1.938825 1.024081 -0.347255
v 2.047505 1.007784 -0.410866
v 1.942907 1.007784 -0.410866
v 2.051587 1.047141 -0.416669
v 2.051587 1.024081 -0.347255
v 2.047505 1.063353 -0.353036
v 1.942908 1.025094 -0.343300
v 1.938825 0.972374 -0.397518
v 1.938825 0.987987 -0.337947
v 2.047505 0.971340 -0.401467
v 2.051587 1.008798 -0.406911
v 2.051587 0.987987 -0.337947
v 2.047505 1.025094 -0.343300
v 1.942907 0.989022 -0.333997
v 1.938825 0.938667 -0.388541
v 1.938825 0.954949 -0.329150
v 1.942907 0.971340 -0.401467
v 2.047505 0.937587 -0.392478
v 2.051587 0.972374 -0.397518
v 2.051587 0.954949 -0.329150
v 1.942908 0.956029 -0.325212
v 2.047505 0.956029 -0.325212
v 1.938825 0.908563 -0.380048
v 1.938825 0.925861 -0.320945
v 1.942907 0.937587 -0.392478
v 2.047505 0.907417 -0.383966
v 2.051587 0.938667 -0.388541
v 2.051587 0.925861 -0.320945
v 1.942908 0.927008 -0.317026
v 2.047505 0.927008 -0.317026
v 1.938825 0.881824 -0.371935
v 1.938825 0.900391 -0.313219
v 2.047505 0.880593 -0.375828
v 1.942907 0.880593 -0.375828
v 2.051587 0.908563 -0.380048
v 2.051587 0.900391 -0.313219
v 1.942908 0.901622 -0.309326
v 2.047505 0.901622 -0.309326
v 1.938825 0.855005 -0.363101
v 1.938825 0.875233 -0.304938
v 2.047505 0.853664 -0.366958
v 1.942907 0.853664 -0.366958
v 2.051587 0.881824 -0.371935
v 2.051587 0.875233 -0.304938
v 1.942908 0.876575 -0.301080
v 1.938825 0.828130 -0.353242
v 1.938825 0.850587 -0.295904
v 2.047505 0.826640 -0.357044
v 2.051587 0.855005 -0.363101
v 2.051587 0.850587 -0.295904
v 2.047505 0.876575 -0.301080
v 1.942908 0.852077 -0.292100
v 1.938825 0.801387 -0.342074
v 1.938825 0.826662 -0.285923
v 1.942907 0.826640 -0.357044
v 2.047505 0.799711 -0.345798
v 2.051587 0.828130 -0.353242
v 2.051587 0.826662 -0.285923
v 2.047505 0.852077 -0.292100
v 1.942908 0.828340 -0.282196
v 1.938825 0.774984 -0.329283
v 1.938825 0.803669 -0.274798
v 1.942907 0.799711 -0.345798
v 2.047505 0.773081 -0.332897
v 2.051587 0.801387 -0.342074
v 2.051587 0.803669 -0.274798
v 1.942908 0.805574 -0.271180
v 2.047505 0.805574 -0.271180
v 1.938825 0.749157 -0.314525
v 1.938825 0.781819 -0.262331
v 2.047505 0.746989 -0.317988
v 1.942907 0.746989 -0.317988
v 2.051587 0.774984 -0.329283
v 2.051587 0.781819 -0.262331
v 1.942908 0.783990 -0.258863
v 1.938825 0.730471 -0.301729
v 2.047505 0.728164 -0.305097
v 2.051587 0.761509 -0.248445
v 2.051587 0.730471 -0.301729
v 2.047505 0.783990 -0.258863
v 1.942908 0.763798 -0.245056
v 1.938825 0.676396 -0.255742
v 1.938825 0.724568 -0.300293
v 1.938825 0.719027 -0.302792
v 2.051587 0.719027 -0.302792
v 2.051587 0.673904 -0.261340
v 2.051587 0.644003 -0.290964
v 1.938825 0.674717 -0.249851
v 1.938825 0.659013 -0.229165
v 1.938825 0.710274 -0.195070
v 2.047505 0.641337 -0.287866
v 2.047505 0.671034 -0.258444
v 1.942907 0.671034 -0.258444
v 2.051587 0.674717 -0.249851
v 2.051587 0.725235 -0.214760
v 2.051587 0.710274 -0.195070
v 1.942908 0.728434 -0.212215
v 1.942908 0.713683 -0.192803
v 2.047505 0.713683 -0.192803
v 1.938825 0.642332 -0.200294
v 1.938825 0.697498 -0.172962
v 2.047505 0.655607 -0.231430
v 2.047505 0.638668 -0.202110
v 1.942907 0.638668 -0.202110
v 2.051587 0.659013 -0.229165
v 2.051587 0.697498 -0.172962
v 1.942907 0.701165 -0.171145
v 2.047505 0.701165 -0.171145
v 1.938825 0.629360 -0.169421
v 2.047505 0.625517 -0.170814
v 2.051587 0.687248 -0.148442
v 2.051587 0.629360 -0.169421
v 1.942907 0.691092 -0.147049
v 2.047505 0.691092 -0.147049
v 1.938825 0.687248 -0.148442
v 1.938825 0.619136 -0.136452
v 2.047505 0.615196 -0.137532
v 1.942907 0.615196 -0.137532
v 2.051587 0.678523 -0.120175
v 2.051587 0.619135 -0.136452
v 1.942907 0.682463 -0.119095
v 1.938825 0.678523 -0.120175
v 1.938825 0.611511 -0.104719
v 2.047505 0.607513 -0.105556
v 2.051587 0.671782 -0.092095
v 2.051587 0.611511 -0.104719
v 1.942908 0.675780 -0.091258
v 2.047505 0.675780 -0.091258
v 1.938825 0.671782 -0.092095
v 1.938825 0.605940 -0.073656
v 1.942907 0.607513 -0.105556
v 2.047505 0.601903 -0.074269
v 2.051587 0.666823 -0.064420
v 2.051587 0.605940 -0.073656
v 1.942908 0.670862 -0.063808
v 1.938825 0.666823 -0.064420
v 1.938825 0.602185 -0.043513
v 2.047505 0.598122 -0.043917
v 1.942907 0.598122 -0.043917
v 2.051587 0.663463 -0.037417
v 2.051587 0.602185 -0.043513
v 2.047505 0.670862 -0.063808
v 1.942908 0.667527 -0.037012
v 1.938825 0.663463 -0.037417
v 1.938825 0.600019 -0.014529
v 2.047505 0.595941 -0.014739
v 2.051587 0.661518 -0.011351
v 2.051587 0.600019 -0.014529
v 1.942908 0.665596 -0.011140
v 2.047505 0.665596 -0.011140
v 1.938825 0.661518 -0.011351
v 1.938825 0.599223 0.013066
v 1.942907 0.595941 -0.014739
v 2.047505 0.595140 0.013036
v 2.051587 0.660803 0.013511
v 2.051587 0.599223 0.013066
v 1.942908 0.664886 0.013541
v 1.938825 0.660803 0.013511
v 1.938825 0.599593 0.039048
v 1.942907 0.595140 0.013036
v 2.047505 0.595512 0.039190
v 2.051587 0.661137 0.036904
v 2.051587 0.599593 0.039048
v 2.047505 0.664886 0.013541
v 1.942908 0.665218 0.036762
v 1.938825 0.661137 0.036904
v 1.938825 0.600931 0.063208
v 1.942907 0.595512 0.039190
v 2.047505 0.596860 0.063516
v 2.051587 0.662337 0.058563
v 2.051587 0.600931 0.063208
v 2.047505 0.665218 0.036762
v 1.942908 0.666409 0.058255
v 1.938825 0.603056 0.085358
v 1.938825 0.664223 0.078225
v 1.942907 0.596860 0.063516
v 2.047505 0.599001 0.085831
v 2.051587 0.664223 0.078225
v 2.047505 0.666409 0.058255
v 1.942908 0.668279 0.077752
v 1.938825 0.605807 0.105355
v 1.938825 0.666615 0.095629
v 1.942907 0.599001 0.085831
v 2.047505 0.601775 0.106000
v 2.051587 0.603056 0.085358
v 2.051587 0.666615 0.095629
v 2.047505 0.668279 0.077752
v 1.942908 0.670647 0.094984
v 1.938825 0.609065 0.123159
v 1.938825 0.669335 0.110521
v 1.942907 0.601775 0.106000
v 2.047505 0.605069 0.123997
v 2.051587 0.605807 0.105355
v 2.051587 0.669335 0.110521
v 2.047505 0.670647 0.094984
v 1.942908 0.673332 0.109683
v 1.938825 0.612559 0.137946
v 1.942907 0.605069 0.123997
v 2.047505 0.608605 0.138963
v 2.051587 0.672198 0.122598
v 2.051587 0.612559 0.137946
v 2.047505 0.673332 0.109683
v 1.942907 0.676152 0.121580
v 1.938825 0.672198 0.122598
v 1.938825 0.621989 0.171931
v 1.942907 0.608605 0.138963
v 2.047505 0.618059 0.173036
v 2.051587 0.681272 0.155256
v 2.051587 0.621989 0.171931
v 2.047505 0.676152 0.121580
v 1.942908 0.685202 0.154150
v 1.938825 0.681272 0.155256
v 1.938825 0.631343 0.204785
v 2.047505 0.627416 0.205901
v 1.942907 0.627416 0.205901
v 2.051587 0.690581 0.187951
v 2.051587 0.631343 0.204785
v 2.047505 0.685202 0.154150
v 1.942908 0.694507 0.186835
v 1.938825 0.690581 0.187951
v 1.938825 0.640490 0.237031
v 2.047505 0.636558 0.238129
v 2.051587 0.699807 0.220479
v 2.051587 0.640490 0.237031
v 2.047505 0.694507 0.186835
v 1.942908 0.703739 0.219381
v 1.938825 0.699807 0.220479
v 1.938825 0.649100 0.268394
v 1.942907 0.636558 0.238129
v 2.047505 0.645154 0.269442
v 2.051587 0.708620 0.252587
v 2.051587 0.649100 0.268394
v 1.942908 0.712566 0.251539
v 2.047505 0.712566 0.251539
v 1.938825 0.708620 0.252587
v 1.938825 0.656848 0.298563
v 1.942907 0.645154 0.269442
v 2.047505 0.652881 0.299527
v 2.051587 0.716690 0.284022
v 2.051587 0.656848 0.298563
v 1.942908 0.720657 0.283058
v 1.938825 0.716690 0.284022
v 1.938825 0.663419 0.327183
v 2.047505 0.659423 0.328022
v 1.942908 0.659423 0.328022
v 2.051587 0.723686 0.314525
v 2.051587 0.663419 0.327183
v 2.047505 0.720657 0.283058
v 1.942908 0.727682 0.313686
v 1.938825 0.723686 0.314525
v 1.938825 0.668518 0.353845
v 2.047505 0.664489 0.354509
v 1.942908 0.664489 0.354509
v 2.051587 0.729280 0.343836
v 2.051587 0.668518 0.353845
v 2.047505 0.727682 0.313686
v 1.942908 0.733309 0.343172
v 1.938825 0.729280 0.343836
v 1.938825 0.671899 0.378065
v 2.047505 0.667836 0.378488
v 2.051587 0.733147 0.371690
v 2.051587 0.671899 0.378065
v 1.942908 0.737209 0.371267
v 2.047505 0.737209 0.371267
v 1.938825 0.733147 0.371690
v 1.938825 0.673408 0.399267
v 1.942908 0.667836 0.378488
v 2.047505 0.669322 0.399364
v 2.051587 0.734965 0.397815
v 2.051587 0.673408 0.399267
v 1.942908 0.739051 0.397719
v 2.047505 0.739051 0.397719
v 1.938825 0.734965 0.397815
v 1.938825 0.673076 0.416796
v 1.942908 0.669322 0.399364
v 2.047505 0.668998 0.416454
v 2.051587 0.734427 0.421936
v 2.051587 0.673076 0.416796
v 1.942908 0.738502 0.422278
v 2.047505 0.738502 0.422277
v 1.938825 0.734427 0.421936
v 1.938825 0.671247 0.430022
v 1.942908 0.668998 0.416454
v 2.047505 0.667248 0.429105
v 2.051587 0.731240 0.443777
v 2.051587 0.671247 0.430022
v 1.942908 0.735232 0.444693
v 2.047505 0.735232 0.444693
v 1.938825 0.667684 0.441006
v 1.938825 0.725096 0.463233
v 1.942908 0.667248 0.429105
v 2.047505 0.663867 0.439528
v 2.051587 0.725096 0.463233
v 1.942908 0.728910 0.464710
v 1.938825 0.664986 0.446579
v 1.938825 0.720053 0.474146
v 2.047505 0.661336 0.444752
v 1.942908 0.661336 0.444752
v 2.051587 0.667684 0.441006
v 2.051587 0.720053 0.474146
v 2.047505 0.728910 0.464710
v 1.942908 0.723706 0.475974
v 1.938825 0.661099 0.453774
v 2.047505 0.657570 0.451722
v 2.051587 0.714329 0.484739
v 2.051587 0.661099 0.453774
v 1.942908 0.717860 0.486793
v 2.047505 0.717859 0.486793
v 1.938825 0.714329 0.484739
v 1.938825 0.656826 0.460616
v 2.047505 0.653434 0.458345
v 1.942908 0.653434 0.458345
v 2.051587 0.707998 0.494875
v 2.051587 0.656826 0.460616
v 1.942908 0.711392 0.497147
v 1.938825 0.707999 0.494875
v 1.938825 0.652183 0.467100
v 2.047505 0.648941 0.464618
v 1.942908 0.648941 0.464618
v 2.051587 0.701083 0.504530
v 2.051587 0.652183 0.467100
v 2.047505 0.711392 0.497147
v 1.942908 0.704326 0.507012
v 1.938825 0.701083 0.504530
v 1.938825 0.647185 0.473218
v 2.047505 0.644107 0.470535
v 2.051587 0.693604 0.513683
v 2.051587 0.647185 0.473218
v 1.942908 0.696683 0.516367
v 2.047505 0.696683 0.516367
v 1.938825 0.693604 0.513683
v 1.938825 0.641844 0.478965
v 2.047505 0.638943 0.476090
v 1.942908 0.638943 0.476090
v 2.051587 0.685583 0.522313
v 2.051587 0.641844 0.478965
v 1.942908 0.688484 0.525187
v 2.047505 0.688484 0.525188
v 1.938825 0.685583 0.522312
v 1.938825 0.636172 0.484333
v 2.047505 0.633462 0.481279
v 2.051587 0.677041 0.530397
v 2.051587 0.636172 0.484333
v 1.942908 0.679751 0.533452
v 1.938825 0.677041 0.530397
v 1.938825 0.630180 0.489316
v 1.942908 0.633462 0.481279
v 2.047505 0.627671 0.486093
v 2.051587 0.667998 0.537914
v 2.051587 0.630180 0.489316
v 2.047505 0.679751 0.533452
v 1.942907 0.670507 0.541137
v 1.938825 0.667999 0.537914
v 1.938825 0.623875 0.493903
v 1.942907 0.627671 0.486093
v 2.047505 0.621580 0.490525
v 2.051587 0.658477 0.544842
v 2.051587 0.623875 0.493904
v 1.942907 0.660773 0.548220
v 2.047505 0.660773 0.548220
v 1.938825 0.658478 0.544842
v 1.938825 0.617265 0.498088
v 2.047505 0.615193 0.494568
v 1.942907 0.615193 0.494568
v 2.051587 0.648498 0.551159
v 2.051587 0.617265 0.498088
v 1.942907 0.650570 0.554679
v 2.047505 0.650570 0.554679
v 1.938825 0.648498 0.551159
v 1.938825 0.610354 0.501860
v 2.047505 0.608515 0.498213
v 2.051587 0.638082 0.556843
v 2.051587 0.610354 0.501860
v 1.942907 0.639921 0.560490
v 1.938825 0.638082 0.556843
v 1.938825 0.603230 0.505171
v 2.047505 0.601637 0.501410
v 1.942907 0.601637 0.501410
v 2.051587 0.627254 0.561870
v 2.051587 0.603230 0.505171
v 2.047505 0.639921 0.560490
v 1.942907 0.628848 0.565631
v 1.938825 0.627254 0.561870
v 1.938825 0.594680 0.508458
v 2.047505 0.593348 0.504597
v 2.051587 0.614766 0.566669
v 2.051587 0.594680 0.508458
v 2.047505 0.628848 0.565631
v 1.942907 0.616099 0.570530
v 1.938825 0.585714 0.511205
v 1.938825 0.601802 0.570646
v 2.047505 0.584647 0.507263
v 1.942907 0.584647 0.507263
v 2.051587 0.601802 0.570646
v 1.942907 0.602869 0.574588
v 2.047505 0.602869 0.574588
v 1.938825 0.576119 0.513458
v 1.938825 0.588323 0.573816
v 2.047505 0.575310 0.509455
v 2.051587 0.585714 0.511205
v 2.051587 0.588323 0.573816
v 1.942907 0.589132 0.577820
v 2.047505 0.589132 0.577820
v 1.938825 0.565798 0.515204
v 1.938825 0.574299 0.576194
v 2.047505 0.565235 0.511159
v 1.942907 0.565235 0.511159
v 2.051587 0.576119 0.513458
v 2.051587 0.574299 0.576194
v 1.942907 0.574862 0.580239
v 1.938825 0.554671 0.516417
v 1.938825 0.559699 0.577792
v 2.047505 0.554337 0.512347
v 1.942907 0.554337 0.512347
v 2.051587 0.565798 0.515204
v 2.051587 0.559699 0.577792
v 2.047505 0.574862 0.580239
v 1.942907 0.560032 0.581862
v 1.938825 0.542676 0.517067
v 1.938825 0.544495 0.578621
v 2.047505 0.542555 0.512985
v 1.942907 0.542555 0.512985
v 2.051587 0.554671 0.516417
v 2.051587 0.544495 0.578621
v 2.047505 0.560032 0.581862
v 1.942907 0.544616 0.582703
v 1.938825 0.529771 0.517123
v 1.938825 0.528661 0.578695
v 2.047505 0.529844 0.513040
v 2.051587 0.542676 0.517067
v 2.051587 0.528661 0.578695
v 1.942907 0.528587 0.582777
v 2.047505 0.528587 0.582777
v 1.938825 0.515927 0.516556
v 1.938825 0.512169 0.578024
v 1.942907 0.529844 0.513040
v 2.047505 0.516176 0.512481
v 2.051587 0.529771 0.517123
v 2.051587 0.512169 0.578024
v 1.942907 0.511919 0.582099
v 2.047505 0.511919 0.582099
v 1.938825 0.501126 0.515345
v 1.938825 0.494992 0.576621
v 2.047505 0.501532 0.511282
v 1.942907 0.501532 0.511282
v 2.051587 0.515927 0.516556
v 2.051587 0.494993 0.576621
v 1.942907 0.494586 0.580683
v 2.047505 0.494586 0.580683
v 1.938825 0.485356 0.513472
v 1.938825 0.477107 0.574500
v 2.047505 0.485903 0.509426
v 1.942907 0.485903 0.509426
v 2.051587 0.501126 0.515345
v 2.051587 0.477107 0.574500
v 1.942907 0.476561 0.578546
v 1.938825 0.468610 0.510928
v 1.938825 0.458488 0.571674
v 2.047505 0.469281 0.506901
v 2.051587 0.485356 0.513472
v 2.051587 0.458488 0.571674
v 2.047505 0.476561 0.578546
v 1.942907 0.457817 0.575701
v 1.938825 0.451893 0.507915
v 2.047505 0.452737 0.503919
v 1.942907 0.452737 0.503919
v 2.051587 0.439171 0.568168
v 2.051587 0.451893 0.507915
v 2.047505 0.457817 0.575701
v 1.942907 0.438327 0.572163
v 1.938825 0.439171 0.568168
v 1.938825 0.430022 0.502675
v 2.047505 0.431144 0.498746
v 1.942907 0.431144 0.498746
v 2.051587 0.413106 0.561883
v 2.051587 0.430022 0.502675
v 1.942907 0.411983 0.565810
v 2.047505 0.411983 0.565810
v 1.938825 0.410352 0.496141
v 1.938825 0.388878 0.553855
v 2.047505 0.411776 0.492312
v 1.942907 0.411776 0.492312
v 2.051587 0.388878 0.553855
v 1.942907 0.387454 0.557682
v 2.047505 0.387454 0.557682
v 1.938825 0.391287 0.488232
v 1.938825 0.366095 0.544425
v 2.047505 0.392958 0.484505
v 2.051587 0.410352 0.496141
v 2.051587 0.366095 0.544425
v 1.942907 0.364425 0.548150
v 2.047505 0.364425 0.548150
v 1.938825 0.372377 0.479070
v 1.938825 0.344434 0.533950
v 1.942907 0.392958 0.484505
v 2.047505 0.374230 0.475431
v 2.051587 0.391287 0.488232
v 2.051587 0.344434 0.533950
v 1.942907 0.342582 0.537586
v 2.047505 0.342582 0.537586
v 1.938825 0.353236 0.468813
v 1.938825 0.323577 0.522788
v 1.942907 0.374230 0.475431
v 2.047505 0.355202 0.465235
v 2.051587 0.372377 0.479070
v 2.051587 0.323576 0.522788
v 1.942907 0.321612 0.526362
v 2.047505 0.321612 0.526362
v 1.938825 0.333514 0.457686
v 1.938825 0.303206 0.511301
v 1.942907 0.355202 0.465235
v 2.047505 0.335523 0.454132
v 2.051587 0.353236 0.468813
v 2.051587 0.303206 0.511301
v 1.942907 0.301199 0.514850
v 1.938825 0.312866 0.445990
v 1.938825 0.283006 0.499857
v 2.047505 0.314845 0.442419
v 1.942907 0.314845 0.442419
v 2.051587 0.333514 0.457686
v 2.051587 0.283006 0.499857
v 2.047505 0.301199 0.514850
v 1.942907 0.281030 0.503422
v 1.938825 0.290935 0.434112
v 1.938825 0.262659 0.488828
v 2.047505 0.292810 0.430485
v 2.051587 0.312866 0.445990
v 2.051587 0.262659 0.488828
v 2.047505 0.281030 0.503422
v 1.942907 0.260789 0.492448
v 1.938825 0.267370 0.422539
v 1.938825 0.241849 0.478593
v 1.942907 0.292810 0.430485
v 2.047505 0.269062 0.418822
v 2.051587 0.290935 0.434112
v 2.051587 0.241849 0.478593
v 1.942907 0.240161 0.482301
v 2.047505 0.240161 0.482301
v 1.938825 0.241852 0.411855
v 1.938825 0.220260 0.469538
v 2.047505 0.243284 0.408029
v 1.942907 0.243284 0.408029
v 2.051587 0.267370 0.422539
v 2.051587 0.220260 0.469538
v 1.942907 0.218833 0.473351
v 2.047505 0.218833 0.473351
v 1.938825 0.214160 0.402731
v 1.938825 0.197584 0.462052
v 2.047505 0.215260 0.398795
v 1.942907 0.215260 0.398795
v 2.051587 0.241852 0.411855
v 2.051587 0.197584 0.462052
v 1.942907 0.196490 0.465970
v 1.938825 0.185336 0.396070
v 2.047505 0.186115 0.392061
v 2.051587 0.173588 0.456544
v 2.051587 0.185336 0.396071
v 2.047505 0.196490 0.465970
v 1.942907 0.172814 0.460529
v 1.938825 0.173588 0.456544
v 1.938825 0.160833 0.392146
v 2.047505 0.161479 0.388115
v 1.942907 0.161479 0.388115
v 2.051587 0.148326 0.452531
v 2.051587 0.160833 0.392146
v 2.047505 0.172814 0.460529
v 1.942907 0.147764 0.456542
v 1.938825 0.095603 0.351086
v 1.938825 0.154467 0.388202
v 1.938825 0.158270 0.381753
v 2.051587 0.141940 0.319527
v 2.051587 0.178397 0.289691
v 2.051587 0.215749 0.338774
v 1.942907 0.094465 0.346937
v 1.942907 0.140959 0.315227
v 2.047505 0.140959 0.315227
v 2.047505 0.057962 0.450688
v 2.047505 0.123713 0.453624
v 1.942907 0.123713 0.453624
v 2.051587 0.009058 0.386869
v 2.051587 0.052379 0.372420
v 2.051587 0.057665 0.446527
v 2.047505 0.010011 0.454830
v 1.942907 0.057962 0.450688
v 2.051587 0.095603 0.351086
v 1.938825 0.052379 0.372420
v 1.938825 0.057665 0.446527
v 1.938825 0.009058 0.386868
v 2.051587 0.684165 -0.337636
v 2.051587 0.616114 -0.312966
v 1.942907 0.008993 0.382276
v 1.942907 0.052057 0.367901
v 2.047505 0.052057 0.367901
v 2.047505 0.498770 -0.444366
v 2.047505 0.422620 -0.467470
v 1.942907 0.422620 -0.467470
v 2.047505 0.331749 -0.487561
v 1.942907 0.331749 -0.487561
v 2.047505 0.224621 -0.503691
v 2.051587 0.115895 -0.508930
v 2.051587 0.099949 -0.419276
v 2.051587 0.059620 -0.438136
v 2.047505 0.728434 -0.212215
v 2.047505 0.763798 -0.245056
v 1.942907 0.721909 -0.305676
v 2.047505 0.721909 -0.305676
v 2.047505 0.686832 -0.340734
v 2.051587 0.676396 -0.255742
v 2.051587 0.724568 -0.300293
v 1.938825 0.684165 -0.337636
v 1.938825 0.651856 -0.363102
v 1.938825 0.616114 -0.312966
v 2.047505 0.613741 -0.309637
v 1.942907 0.613741 -0.309637
v 1.942907 0.578240 -0.332453
v 1.942907 0.641337 -0.287866
v 2.051587 0.651855 -0.363102
v 2.051587 0.580280 -0.335996
v 2.047505 0.654229 -0.366431
v 1.942907 0.654229 -0.366431
v 2.047505 0.578240 -0.332453
v 1.942907 0.532849 -0.355706
v 1.938825 0.611000 -0.389357
v 1.938825 0.580280 -0.335996
v 2.051587 0.534542 -0.359427
v 2.051587 0.560039 -0.415473
v 2.047505 0.613040 -0.392900
v 1.942907 0.613040 -0.392900
v 2.047505 0.532849 -0.355706
v 1.942907 0.475677 -0.378551
v 1.938825 0.560039 -0.415473
v 2.051587 0.477030 -0.382407
v 2.051587 0.497417 -0.440509
v 2.047505 0.561732 -0.419193
v 1.942907 0.561732 -0.419193
v 2.047505 0.475677 -0.378551
v 1.942907 0.404954 -0.399997
v 1.938825 0.534542 -0.359427
v 1.938825 0.497417 -0.440509
v 2.051587 0.405988 -0.403949
v 2.051587 0.421585 -0.463518
v 1.942907 0.319020 -0.418984
v 2.047505 0.319020 -0.418984
v 1.938825 0.477030 -0.382407
v 1.938825 0.421585 -0.463518
v 2.051587 0.319766 -0.423000
v 2.051587 0.331003 -0.483544
v 1.942907 0.216304 -0.434440
v 2.047505 0.216304 -0.434440
v 1.938825 0.405988 -0.403949
v 1.938825 0.331003 -0.483544
v 2.051587 0.216791 -0.438496
v 2.051587 0.224133 -0.499635
v 1.942907 0.194478 -0.436400
v 2.047505 0.194478 -0.436400
v 1.938825 0.319766 -0.423000
v 1.938825 0.224133 -0.499635
v 1.942907 0.116615 -0.512975
v 2.047505 0.116615 -0.512975
v 2.047505 0.069791 -0.515810
v 1.942907 0.175985 0.286521
v 2.047505 0.175985 0.286521
v 2.051587 0.221636 0.253519
v 2.051587 0.154467 0.388202
v 2.051587 0.158270 0.381753
v 1.938825 0.141940 0.319527
v 1.938825 0.215749 0.338773
v 1.942907 0.218896 0.250591
v 1.938825 0.263756 0.298538
v 1.938825 0.221635 0.253519
v 2.047505 0.218223 0.342025
v 2.047505 0.266549 0.301523
v 1.942907 0.266549 0.301523
v 2.051587 0.263756 0.298538
v 2.051587 0.261077 0.212437
v 2.047505 0.218896 0.250591
v 1.942907 0.257995 0.209838
v 1.938825 0.308195 0.252158
v 1.938825 0.261077 0.212436
v 2.047505 0.311322 0.254794
v 2.051587 0.308195 0.252158
v 2.051587 0.295040 0.166620
v 1.942907 0.291618 0.164458
v 2.047505 0.291618 0.164458
v 1.938825 0.347121 0.199528
v 1.938825 0.295040 0.166620
v 1.942907 0.311322 0.254794
v 2.047505 0.350581 0.201715
v 2.051587 0.347121 0.199528
v 2.051587 0.322068 0.116098
v 1.942907 0.318339 0.114487
v 2.047505 0.318340 0.114487
v 1.938825 0.378604 0.140533
v 1.938825 0.322068 0.116098
v 2.047505 0.382364 0.142158
v 1.942907 0.382364 0.142157
v 2.051587 0.378604 0.140533
v 2.051587 0.340872 0.060556
v 1.942907 0.336914 0.059599
v 1.938825 0.400724 0.075035
v 1.938825 0.340872 0.060556
v 2.047505 0.404707 0.075998
v 1.942907 0.404707 0.075998
v 2.051587 0.350111 -0.001086
v 2.051587 0.411560 0.002851
v 1.942907 0.346043 -0.001347
v 2.047505 0.346043 -0.001347
v 1.938825 0.411560 0.002851
v 2.047505 0.415649 0.003113
v 2.051587 0.348818 -0.060854
v 2.051587 0.410089 -0.066975
v 1.942907 0.344761 -0.060449
v 1.938825 0.350110 -0.001086
v 1.938825 0.410089 -0.066975
v 1.942907 0.415648 0.003113
v 2.047505 0.414164 -0.067382
v 2.051587 0.338378 -0.118703
v 2.051587 0.398031 -0.133978
v 1.942907 0.334428 -0.117692
v 2.047505 0.334429 -0.117692
v 1.938825 0.348818 -0.060854
v 1.938825 0.398031 -0.133978
v 1.942907 0.414164 -0.067382
v 2.047505 0.401997 -0.134994
v 2.051587 0.319762 -0.174169
v 2.051587 0.376727 -0.197560
v 1.942907 0.315992 -0.172621
v 2.047505 0.315992 -0.172621
v 1.938825 0.338378 -0.118703
v 1.938825 0.376727 -0.197560
v 1.942907 0.401996 -0.134994
v 2.047505 0.380512 -0.199114
v 2.051587 0.293974 -0.226695
v 2.051587 0.347521 -0.257113
v 1.942907 0.290432 -0.224683
v 2.047505 0.290432 -0.224683
v 1.938825 0.319762 -0.174169
v 1.938825 0.347521 -0.257113
v 1.942907 0.380512 -0.199114
v 2.047505 0.351078 -0.259133
v 2.051587 0.262127 -0.275563
v 2.051587 0.311764 -0.312021
v 1.942907 0.258845 -0.273153
v 2.047505 0.258846 -0.273154
v 1.938825 0.293974 -0.226695
v 1.938825 0.311764 -0.312020
v 1.942907 0.351078 -0.259133
v 2.047505 0.315060 -0.314442
v 2.051587 0.225469 -0.319981
v 2.051587 0.270814 -0.361663
v 1.942907 0.222475 -0.317228
v 2.047505 0.222475 -0.317228
v 1.938825 0.262126 -0.275563
v 1.938825 0.270814 -0.361662
v 1.942907 0.315060 -0.314441
v 2.047505 0.273825 -0.364430
v 2.051587 0.185384 -0.359143
v 2.051587 0.226038 -0.405417
v 1.942907 0.182703 -0.356091
v 2.047505 0.182703 -0.356091
v 1.938825 0.225469 -0.319981
v 1.938825 0.226038 -0.405417
v 2.047505 0.228738 -0.408489
v 1.942907 0.228738 -0.408489
v 2.051587 0.143986 -0.391795
v 2.051587 0.191278 -0.431062
v 1.942907 0.141051 -0.388952
v 1.938825 0.185384 -0.359143
v 1.938825 0.191278 -0.431062
v 2.047505 0.193697 -0.434341
v 1.942907 0.193697 -0.434341
v 2.047505 0.141051 -0.388952
v 1.942907 0.099203 -0.415081
v 2.047505 0.099203 -0.415081
v 1.942907 0.059061 -0.433871
v 2.047505 0.094465 0.346937
v 1.942907 0.010636 -0.446193
v 2.047505 0.010636 -0.446193
v 1.942907 0.069791 -0.515810
v 2.047505 0.012499 -0.518123
v 1.942907 0.178092 -0.507871
v 2.047505 0.178092 -0.507871
v 1.938825 0.069260 -0.511753
v 1.938825 0.012394 -0.514048
v 1.938825 0.010749 -0.450563
v 1.938825 0.059620 -0.438136
v 1.938825 0.099949 -0.419275
v 1.938825 0.115895 -0.508930
v 1.938825 0.644003 -0.290964
v 1.938825 0.673904 -0.261340
v 1.942907 0.160717 0.385025
v 2.047505 0.160717 0.385025
v 1.938825 0.194843 -0.440466
v 1.938825 0.216791 -0.438495
v 1.938825 0.186106 -0.438402
v 1.938825 0.178814 -0.503707
v 2.051587 0.194843 -0.440466
v 1.942907 0.224621 -0.503691
v 2.051587 0.069260 -0.511753
v 2.051587 0.010749 -0.450564
v 2.051587 0.186106 -0.438402
v 1.938825 1.486958 -0.715902
v 1.938825 1.426955 -0.702057
v 2.047505 0.671466 -0.252319
v 1.942907 0.655607 -0.231430
v 1.942907 1.426146 -0.706060
v 1.942907 1.423569 -0.704239
v 1.940551 1.424191 -0.703838
v 1.940021 1.426383 -0.704887
v 1.942907 1.422976 -0.701141
v 1.940021 1.424142 -0.701409
v 2.047505 1.426146 -0.706060
v 2.050391 1.426383 -0.704887
v 2.049862 1.424191 -0.703838
v 2.047505 1.422976 -0.701141
v 2.047505 1.423569 -0.704239
v 2.051587 1.426955 -0.702057
v 2.050391 1.424142 -0.701409
v 2.047505 1.486153 -0.719906
v 2.047505 1.489202 -0.719383
v 2.049862 1.488790 -0.718744
v 2.050391 1.486388 -0.718733
v 2.047505 1.490937 -0.716822
v 2.050391 1.489772 -0.716552
v 1.942907 1.486153 -0.719906
v 1.940021 1.486388 -0.718733
v 1.940551 1.488790 -0.718744
v 1.942907 1.490937 -0.716822
v 1.942907 1.489202 -0.719383
v 1.940021 1.489772 -0.716552
v 1.942907 0.728164 -0.305097
v 1.942907 0.724937 -0.304311
v 1.940013 0.724842 -0.303280
v 1.940021 0.728840 -0.304110
v 1.940021 0.721065 -0.304831
v 1.942907 0.721909 -0.305676
v 2.047505 0.728164 -0.305097
v 2.050391 0.728840 -0.304110
v 2.050399 0.724842 -0.303280
v 2.047505 0.721909 -0.305676
v 2.047505 0.724937 -0.304311
v 2.050391 0.721065 -0.304831
v 1.942907 0.671034 -0.258444
v 1.942907 0.672362 -0.255460
v 1.940013 0.673384 -0.255531
v 1.940021 0.671875 -0.259292
v 1.940021 0.672418 -0.251596
v 1.942907 0.671466 -0.252319
v 2.047505 0.671034 -0.258444
v 2.050391 0.671875 -0.259292
v 2.050399 0.673384 -0.255531
v 2.047505 0.671466 -0.252319
v 2.047505 0.672362 -0.255460
v 2.050391 0.672418 -0.251596
v 1.940021 0.161290 0.389296
v 1.942907 0.161479 0.388115
v 1.942907 0.159586 0.386942
v 1.940013 0.158676 0.387166
v 1.942907 0.160717 0.385025
v 1.940021 0.160001 0.384067
v 2.047505 0.159586 0.386942
v 2.047505 0.161479 0.388115
v 2.050391 0.161290 0.389296
v 2.050391 0.160001 0.384066
v 2.047505 0.160717 0.385025
v 2.050399 0.158676 0.387166
v 1.940020 0.192989 -0.433381
v 1.942907 0.193697 -0.434341
v 1.942907 0.192565 -0.435948
v 1.940013 0.191574 -0.436325
v 1.942907 0.194478 -0.436400
v 1.940021 0.194585 -0.437591
v 2.047505 0.192565 -0.435948
v 2.047505 0.193697 -0.434341
v 2.050391 0.192989 -0.433381
v 2.050391 0.194585 -0.437591
v 2.047505 0.194478 -0.436400
v 2.050399 0.191574 -0.436326
v 1.940021 1.428173 -0.681450
v 1.942907 1.426994 -0.681250
v 1.940021 1.494583 -0.692700
v 1.942907 1.422976 -0.701141
v 1.942907 1.423569 -0.704239
v 2.047505 1.423569 -0.704239
v 1.942907 1.426146 -0.706060
v 2.047505 1.426994 -0.681250
v 2.050391 1.428173 -0.681450
v 2.050391 1.494583 -0.692700
v 2.047505 1.489202 -0.719383
v 1.942907 1.489202 -0.719383
v 2.047505 1.486153 -0.719906
v 1.940021 1.431032 -0.660736
v 1.942907 1.429842 -0.660616
v 1.942907 1.495762 -0.692900
v 1.940021 1.498046 -0.667507
v 2.047505 1.429842 -0.660616
v 2.050391 1.431032 -0.660736
v 2.050391 1.498046 -0.667507
v 2.047505 1.495762 -0.692900
v 1.940021 1.432186 -0.643154
v 1.942907 1.430990 -0.643125
v 1.942907 1.499236 -0.667627
v 1.940021 1.499521 -0.644768
v 2.047505 1.430990 -0.643125
v 2.050391 1.432186 -0.643154
v 2.050391 1.499521 -0.644768
v 2.047505 1.499236 -0.667627
v 1.940021 1.431952 -0.628468
v 1.942907 1.430758 -0.628543
v 1.942907 1.500718 -0.644797
v 1.940021 1.499176 -0.624273
v 2.047505 1.430758 -0.628543
v 2.050391 1.431952 -0.628468
v 2.050391 1.499176 -0.624273
v 2.047505 1.500718 -0.644797
v 1.940021 1.430653 -0.616345
v 1.942907 1.429470 -0.616532
v 1.942907 1.500371 -0.624198
v 1.940021 1.497177 -0.605808
v 2.047505 1.429470 -0.616532
v 2.050391 1.430653 -0.616345
v 2.050391 1.497177 -0.605808
v 2.047505 1.500371 -0.624198
v 1.940021 1.428564 -0.606330
v 1.942907 1.427406 -0.606635
v 1.942907 1.498360 -0.605620
v 1.940021 1.493692 -0.589159
v 1.938825 1.490897 -0.589896
v 2.047505 1.427406 -0.606635
v 2.050391 1.428564 -0.606330
v 2.050391 1.493692 -0.589160
v 2.047505 1.498360 -0.605621
v 1.940021 1.425860 -0.597866
v 1.942907 1.490006 -0.573690
v 1.942907 1.494850 -0.588854
v 1.940021 1.488885 -0.574112
v 2.050391 1.425860 -0.597866
v 2.050391 1.488885 -0.574112
v 2.047505 1.494850 -0.588854
v 2.047505 1.490006 -0.573690
v 1.940021 1.422570 -0.590355
v 1.942907 1.424739 -0.598288
v 1.942907 1.483992 -0.559917
v 1.940021 1.482919 -0.560448
v 2.047505 1.424739 -0.598288
v 2.050391 1.422570 -0.590355
v 2.050391 1.482919 -0.560448
v 2.047505 1.483992 -0.559917
v 1.940021 1.418588 -0.583247
v 1.942907 1.421497 -0.590887
v 1.942908 1.476974 -0.547326
v 1.940021 1.475955 -0.547953
v 2.047505 1.421497 -0.590887
v 2.050391 1.418588 -0.583247
v 2.050391 1.475955 -0.547953
v 2.047505 1.476974 -0.547326
v 1.940021 1.413738 -0.576110
v 1.942907 1.417569 -0.583874
v 1.942907 1.469118 -0.535707
v 1.940021 1.468151 -0.536413
v 2.047505 1.417569 -0.583874
v 2.050391 1.413738 -0.576110
v 2.050391 1.468151 -0.536413
v 2.047505 1.469118 -0.535707
v 1.940021 1.407849 -0.568646
v 1.942907 1.412771 -0.576815
v 1.942907 1.460587 -0.524851
v 1.940021 1.459667 -0.525615
v 2.047505 1.412771 -0.576815
v 2.050391 1.407848 -0.568646
v 2.050391 1.459667 -0.525615
v 2.047505 1.460587 -0.524851
v 1.940021 1.400810 -0.560644
v 1.942907 1.406929 -0.569410
v 1.942908 1.451548 -0.514546
v 1.940021 1.450662 -0.515350
v 2.047505 1.406929 -0.569410
v 2.050391 1.400810 -0.560644
v 2.050391 1.450662 -0.515350
v 2.047505 1.451548 -0.514546
v 1.940021 1.393384 -0.552754
v 1.942907 1.399925 -0.561448
v 1.942907 1.442549 -0.504982
v 1.940021 1.441691 -0.505815
v 2.047505 1.399925 -0.561448
v 2.050391 1.393383 -0.552754
v 2.051587 1.395454 -0.550743
v 2.050391 1.441691 -0.505815
v 2.047505 1.442549 -0.504982
v 1.940021 1.386459 -0.545849
v 1.942907 1.392526 -0.553588
v 1.942907 1.385631 -0.546711
v 1.940021 1.433115 -0.497267
v 2.047505 1.385631 -0.546711
v 2.047505 1.392526 -0.553588
v 2.050391 1.386459 -0.545849
v 2.050391 1.433115 -0.497268
v 1.940021 1.380090 -0.539951
v 1.942907 1.379296 -0.540846
v 1.942907 1.433943 -0.496405
v 1.940021 1.424807 -0.489580
v 2.047505 1.379296 -0.540846
v 2.050391 1.380090 -0.539951
v 2.050391 1.424807 -0.489580
v 2.047505 1.433943 -0.496405
v 1.940021 1.374102 -0.534850
v 1.942907 1.373346 -0.535777
v 1.942908 1.425601 -0.488686
v 1.940021 1.416637 -0.482623
v 2.047505 1.373346 -0.535777
v 2.050391 1.374102 -0.534850
v 2.050391 1.416637 -0.482623
v 2.047505 1.425601 -0.488686
v 1.940021 1.368274 -0.530312
v 1.942907 1.367560 -0.531271
v 1.942908 1.417392 -0.481696
v 1.940021 1.408475 -0.476268
v 1.938825 1.406752 -0.478585
v 2.047505 1.367560 -0.531271
v 2.050391 1.368274 -0.530312
v 2.050391 1.408475 -0.476268
v 2.047505 1.417392 -0.481696
v 1.940021 1.362348 -0.526105
v 1.942908 1.400861 -0.469394
v 1.942908 1.409189 -0.475308
v 1.940021 1.400189 -0.470383
v 2.050391 1.362348 -0.526105
v 2.050391 1.400189 -0.470383
v 2.047505 1.409189 -0.475308
v 2.047505 1.400861 -0.469394
v 1.940021 1.356047 -0.522020
v 1.942907 1.361677 -0.527095
v 1.942908 1.392280 -0.463825
v 1.940021 1.391647 -0.464841
v 2.047505 1.361677 -0.527095
v 2.050391 1.356047 -0.522020
v 2.050391 1.391647 -0.464841
v 2.047505 1.392280 -0.463826
v 1.940021 1.349103 -0.517879
v 1.942907 1.355414 -0.523035
v 1.942908 1.383315 -0.458474
v 1.940021 1.382718 -0.459511
v 2.047505 1.355414 -0.523035
v 2.050391 1.349103 -0.517879
v 2.050391 1.382718 -0.459511
v 2.047505 1.383315 -0.458474
v 1.940021 1.341290 -0.513545
v 1.942907 1.348506 -0.518915
v 1.942908 1.373838 -0.453212
v 1.940021 1.373271 -0.454265
v 2.047505 1.348506 -0.518915
v 2.050391 1.341290 -0.513545
v 2.050391 1.373271 -0.454265
v 2.047505 1.373838 -0.453212
v 1.940021 1.332430 -0.508906
v 1.942907 1.340722 -0.514597
v 1.942908 1.363720 -0.447911
v 1.940021 1.363175 -0.448975
v 2.047505 1.340722 -0.514597
v 2.050391 1.332430 -0.508906
v 2.050391 1.363175 -0.448975
v 2.047505 1.363720 -0.447911
v 1.940021 1.322394 -0.503868
v 1.942907 1.331884 -0.509970
v 1.942908 1.352831 -0.442443
v 1.940021 1.352300 -0.443514
v 2.047505 1.331884 -0.509970
v 2.050391 1.322394 -0.503868
v 2.051587 1.323676 -0.501281
v 2.050391 1.352300 -0.443514
v 2.047505 1.352831 -0.442443
v 1.940021 1.312339 -0.498933
v 1.942907 1.321863 -0.504939
v 1.942907 1.311838 -0.500019
v 1.940021 1.340539 -0.437764
v 2.047505 1.311838 -0.500019
v 2.047505 1.321863 -0.504939
v 2.050391 1.312339 -0.498933
v 2.050391 1.340539 -0.437764
v 1.940021 1.291977 -0.490089
v 1.942907 1.291533 -0.491200
v 1.942907 1.341040 -0.436678
v 1.940021 1.316975 -0.427544
v 1.938825 1.315904 -0.430225
v 2.047505 1.291533 -0.491200
v 2.050391 1.291977 -0.490089
v 2.050391 1.316975 -0.427544
v 2.047505 1.341040 -0.436678
v 1.940021 1.266449 -0.480754
v 1.942908 1.288844 -0.415963
v 1.942907 1.317419 -0.426433
v 1.940021 1.288454 -0.417093
v 2.050391 1.266449 -0.480754
v 2.050391 1.288454 -0.417093
v 2.047505 1.317419 -0.426433
v 2.047505 1.288844 -0.415963
v 1.940021 1.235817 -0.470800
v 1.942907 1.266058 -0.481884
v 1.942907 1.256209 -0.405351
v 1.940021 1.255853 -0.406492
v 2.047505 1.266058 -0.481884
v 2.050391 1.235817 -0.470800
v 2.050391 1.255853 -0.406492
v 2.047505 1.256209 -0.405351
v 1.940021 1.201381 -0.460538
v 1.942907 1.235461 -0.471942
v 1.942908 1.220405 -0.394678
v 1.940021 1.220073 -0.395827
v 2.047505 1.235461 -0.471942
v 2.050391 1.201381 -0.460538
v 2.050391 1.220073 -0.395827
v 2.047505 1.220405 -0.394679
v 1.940021 1.164244 -0.450153
v 1.942907 1.201049 -0.461687
v 1.942908 1.182325 -0.384029
v 1.940021 1.182010 -0.385182
v 2.047505 1.201049 -0.461687
v 2.050391 1.164244 -0.450153
v 2.050391 1.182010 -0.385182
v 2.047505 1.182325 -0.384029
v 1.940021 1.125411 -0.439777
v 1.942907 1.163929 -0.451307
v 1.942907 1.142861 -0.373483
v 1.940021 1.142557 -0.374640
v 2.047505 1.163929 -0.451307
v 2.050391 1.125411 -0.439777
v 2.050391 1.142557 -0.374640
v 2.047505 1.142861 -0.373483
v 1.940021 1.085833 -0.429517
v 1.942907 1.125106 -0.440934
v 1.942907 1.102906 -0.363125
v 1.940021 1.102609 -0.364283
v 2.047505 1.125106 -0.440934
v 2.050391 1.085833 -0.429517
v 2.050391 1.102609 -0.364283
v 2.047505 1.102906 -0.363125
v 1.940021 1.046428 -0.419466
v 1.942907 1.085535 -0.430675
v 1.942908 1.063353 -0.353036
v 1.940021 1.063058 -0.354195
v 2.047505 1.085535 -0.430675
v 2.050391 1.046428 -0.419466
v 2.050391 1.063058 -0.354195
v 2.047505 1.063353 -0.353036
v 1.940021 1.008081 -0.409707
v 1.942907 1.046133 -0.420625
v 1.942908 1.025094 -0.343300
v 1.940021 1.024797 -0.344458
v 2.047505 1.046133 -0.420625
v 2.050391 1.008081 -0.409707
v 2.050391 1.024797 -0.344458
v 2.047505 1.025094 -0.343300
v 1.940021 0.971643 -0.400310
v 1.942907 1.007784 -0.410866
v 1.942907 0.989022 -0.333997
v 1.940021 0.988719 -0.335154
v 2.047505 1.007784 -0.410866
v 2.050391 0.971643 -0.400310
v 2.050391 0.988719 -0.335154
v 2.047505 0.989022 -0.333997
v 1.940021 0.937903 -0.391325
v 1.942907 0.971340 -0.401467
v 1.942908 0.956029 -0.325212
v 1.940021 0.955713 -0.326365
v 2.047505 0.971340 -0.401467
v 2.050391 0.937903 -0.391325
v 2.050391 0.955713 -0.326365
v 2.047505 0.956029 -0.325212
v 1.940021 0.907753 -0.382818
v 1.942907 0.937587 -0.392478
v 1.942908 0.927008 -0.317026
v 1.940021 0.926672 -0.318174
v 2.047505 0.937587 -0.392478
v 2.050391 0.907753 -0.382818
v 2.050391 0.926672 -0.318174
v 2.047505 0.927008 -0.317026
v 1.940021 0.880953 -0.374688
v 1.942907 0.907417 -0.383966
v 1.942908 0.901622 -0.309326
v 1.940021 0.901262 -0.310466
v 2.047505 0.907417 -0.383966
v 2.050391 0.880953 -0.374688
v 2.050391 0.901262 -0.310466
v 2.047505 0.901622 -0.309326
v 1.940021 0.854057 -0.365828
v 1.942907 0.880593 -0.375828
v 1.942908 0.876575 -0.301080
v 1.940021 0.876182 -0.302210
v 2.047505 0.880593 -0.375828
v 2.050391 0.854057 -0.365828
v 2.050391 0.876182 -0.302210
v 2.047505 0.876575 -0.301080
v 1.940021 0.827076 -0.355930
v 1.942907 0.853664 -0.366958
v 1.942908 0.852077 -0.292100
v 1.940021 0.851641 -0.293214
v 2.047505 0.853664 -0.366958
v 2.050391 0.827076 -0.355930
v 2.050391 0.851641 -0.293214
v 2.047505 0.852077 -0.292100
v 1.940021 0.800202 -0.344707
v 1.942907 0.826640 -0.357044
v 1.942908 0.828340 -0.282196
v 1.940021 0.827849 -0.283288
v 2.047505 0.826640 -0.357044
v 2.050391 0.800202 -0.344707
v 2.050391 0.827849 -0.283288
v 2.047505 0.828340 -0.282196
v 1.940021 0.773638 -0.331839
v 1.942907 0.799711 -0.345798
v 1.942908 0.805574 -0.271180
v 1.940021 0.805016 -0.272240
v 2.047505 0.799711 -0.345798
v 2.050391 0.773638 -0.331839
v 2.050391 0.805016 -0.272240
v 2.047505 0.805574 -0.271180
v 1.940021 0.747624 -0.316974
v 1.942907 0.773081 -0.332897
v 1.942908 0.783990 -0.258863
v 1.940021 0.783354 -0.259879
v 2.047505 0.773081 -0.332897
v 2.050391 0.747624 -0.316974
v 2.051587 0.749157 -0.314525
v 2.050391 0.783354 -0.259879
v 2.047505 0.783990 -0.258863
v 1.942907 0.746989 -0.317988
v 1.940021 0.763127 -0.246048
v 1.938825 0.761509 -0.248444
v 2.047505 0.746989 -0.317988
v 1.942907 0.724937 -0.304311
v 2.047505 0.724937 -0.304311
v 1.942907 0.728164 -0.305097
v 2.050391 0.763127 -0.246048
v 1.942908 0.763798 -0.245056
v 1.940021 0.727497 -0.212960
v 1.938825 0.725235 -0.214760
v 1.942907 0.671466 -0.252319
v 1.942907 0.672362 -0.255460
v 2.047505 0.672362 -0.255460
v 1.942907 0.672362 -0.255460
v 2.050391 0.727497 -0.212960
v 2.047505 0.763798 -0.245056
v 1.940021 0.656605 -0.230767
v 1.942908 0.713683 -0.192803
v 1.942908 0.728434 -0.212215
v 1.940021 0.712684 -0.193467
v 2.050391 0.656605 -0.230767
v 2.050391 0.712684 -0.193467
v 2.047505 0.728434 -0.212215
v 2.047505 0.713683 -0.192803
v 1.940021 0.639741 -0.201578
v 1.942907 0.655607 -0.231430
v 1.942907 0.701165 -0.171145
v 1.940021 0.700091 -0.171677
v 2.047505 0.655607 -0.231430
v 2.050391 0.639741 -0.201578
v 2.051587 0.642332 -0.200294
v 2.050391 0.700091 -0.171677
v 2.047505 0.701165 -0.171145
v 1.940021 0.626643 -0.170406
v 1.942907 0.638668 -0.202110
v 1.942907 0.625518 -0.170814
v 1.940021 0.689966 -0.147457
v 2.047505 0.625517 -0.170814
v 2.047505 0.638668 -0.202110
v 2.050391 0.626643 -0.170406
v 2.050391 0.689966 -0.147457
v 1.940021 0.616350 -0.137216
v 1.942907 0.615196 -0.137532
v 1.942907 0.691092 -0.147049
v 1.940021 0.681309 -0.119411
v 2.047505 0.615196 -0.137532
v 2.050391 0.616350 -0.137216
v 2.050391 0.681309 -0.119411
v 2.047505 0.691092 -0.147049
v 1.940021 0.608684 -0.105311
v 1.942907 0.607513 -0.105556
v 1.942907 0.682463 -0.119095
v 1.940021 0.674609 -0.091503
v 2.047505 0.607513 -0.105556
v 2.050391 0.608684 -0.105311
v 2.050391 0.674609 -0.091503
v 2.047505 0.682463 -0.119095
v 1.940021 0.603085 -0.074089
v 1.942907 0.601903 -0.074269
v 1.942908 0.675780 -0.091258
v 1.940021 0.669679 -0.063987
v 2.047505 0.601903 -0.074269
v 2.050391 0.603085 -0.074089
v 2.050391 0.669679 -0.063987
v 2.047505 0.675780 -0.091258
v 1.940021 0.599312 -0.043799
v 1.942907 0.598122 -0.043917
v 1.942908 0.670862 -0.063808
v 1.940021 0.666337 -0.037131
v 2.047505 0.598122 -0.043917
v 2.050391 0.599312 -0.043799
v 2.050391 0.666337 -0.037131
v 2.047505 0.670862 -0.063808
v 1.940021 0.597135 -0.014678
v 1.942907 0.595941 -0.014739
v 1.942908 0.667527 -0.037012
v 1.940021 0.664401 -0.011202
v 2.047505 0.595941 -0.014739
v 2.050391 0.597135 -0.014678
v 2.050391 0.664401 -0.011202
v 2.047505 0.667527 -0.037012
v 1.940021 0.596336 0.013045
v 1.942907 0.595140 0.013036
v 1.942908 0.665596 -0.011140
v 1.940021 0.663690 0.013532
v 2.047505 0.595140 0.013036
v 2.050391 0.596336 0.013045
v 2.050391 0.663690 0.013532
v 2.047505 0.665596 -0.011140
v 1.940021 0.596707 0.039149
v 1.942907 0.595512 0.039190
v 1.942908 0.664886 0.013541
v 1.940021 0.664023 0.036804
v 2.047505 0.595512 0.039190
v 2.050391 0.596707 0.039149
v 2.050391 0.664023 0.036804
v 2.047505 0.664886 0.013541
v 1.940021 0.598052 0.063426
v 1.942907 0.596860 0.063516
v 1.942908 0.665218 0.036762
v 1.940021 0.665217 0.058345
v 1.938825 0.662338 0.058563
v 2.047505 0.596860 0.063516
v 2.050391 0.598052 0.063426
v 2.050391 0.665217 0.058345
v 2.047505 0.665218 0.036762
v 1.940021 0.600189 0.085693
v 1.942908 0.668279 0.077752
v 1.942908 0.666409 0.058255
v 1.940021 0.667091 0.077890
v 2.050391 0.600189 0.085693
v 2.050391 0.667091 0.077890
v 2.047505 0.666409 0.058255
v 2.047505 0.668279 0.077752
v 1.940021 0.602956 0.105811
v 1.942907 0.599001 0.085831
v 1.942908 0.670647 0.094984
v 1.940021 0.669466 0.095173
v 2.047505 0.599001 0.085831
v 2.050391 0.602956 0.105811
v 2.050391 0.669466 0.095173
v 2.047505 0.670647 0.094984
v 1.940021 0.606239 0.123751
v 1.942907 0.601775 0.106000
v 1.942908 0.673332 0.109683
v 1.940021 0.672161 0.109928
v 2.047505 0.601775 0.106000
v 2.050391 0.606239 0.123752
v 2.051587 0.609065 0.123159
v 2.050391 0.672161 0.109928
v 2.047505 0.673332 0.109683
v 1.940021 0.609763 0.138665
v 1.942907 0.605069 0.123997
v 1.942907 0.608605 0.138963
v 1.940021 0.674994 0.121878
v 2.047505 0.608605 0.138963
v 2.047505 0.605069 0.123997
v 2.050391 0.609763 0.138665
v 2.050391 0.674994 0.121879
v 1.940021 0.619210 0.172712
v 1.942907 0.618059 0.173036
v 1.942907 0.676152 0.121580
v 1.940021 0.684051 0.154474
v 2.047505 0.618059 0.173036
v 2.050391 0.619210 0.172712
v 2.050391 0.684051 0.154474
v 2.047505 0.676152 0.121580
v 1.940021 0.628566 0.205574
v 1.942907 0.627416 0.205901
v 1.942908 0.685202 0.154150
v 1.940021 0.693357 0.187162
v 2.047505 0.627416 0.205901
v 2.050391 0.628566 0.205574
v 2.050391 0.693357 0.187162
v 2.047505 0.685202 0.154150
v 1.940021 0.637709 0.237807
v 1.942907 0.636558 0.238129
v 1.942908 0.694507 0.186835
v 1.940021 0.702587 0.219703
v 2.047505 0.636558 0.238129
v 2.050391 0.637709 0.237807
v 2.050391 0.702587 0.219703
v 2.047505 0.694507 0.186835
v 1.940021 0.646310 0.269135
v 1.942907 0.645154 0.269442
v 1.942908 0.703739 0.219381
v 1.940021 0.711410 0.251846
v 2.047505 0.645154 0.269442
v 2.050391 0.646310 0.269135
v 2.050391 0.711410 0.251846
v 2.047505 0.703739 0.219381
v 1.940021 0.654043 0.299244
v 1.942908 0.652881 0.299527
v 1.942908 0.712566 0.251539
v 1.940021 0.719495 0.283340
v 2.047505 0.652881 0.299527
v 2.050391 0.654043 0.299244
v 2.050391 0.719495 0.283340
v 2.047505 0.712566 0.251539
v 1.940021 0.660593 0.327777
v 1.942908 0.659423 0.328022
v 1.942908 0.720657 0.283058
v 1.940021 0.726511 0.313931
v 2.047505 0.659423 0.328022
v 2.050391 0.660593 0.327777
v 2.050391 0.726511 0.313931
v 2.047505 0.720657 0.283058
v 1.940021 0.665669 0.354315
v 1.942908 0.664489 0.354509
v 1.942908 0.727682 0.313686
v 1.940021 0.732129 0.343367
v 2.047505 0.664489 0.354509
v 2.050391 0.665669 0.354315
v 2.050391 0.732129 0.343367
v 2.047505 0.727682 0.313686
v 1.940021 0.669026 0.378364
v 1.942908 0.667836 0.378488
v 1.942908 0.733309 0.343172
v 1.940021 0.736019 0.371391
v 2.047505 0.667836 0.378488
v 2.050391 0.669026 0.378364
v 2.050391 0.736019 0.371391
v 2.047505 0.733309 0.343172
v 1.940021 0.670519 0.399336
v 1.942908 0.669322 0.399364
v 1.942908 0.737209 0.371267
v 1.940021 0.737854 0.397747
v 2.047505 0.669322 0.399364
v 2.050391 0.670519 0.399336
v 2.050391 0.737854 0.397747
v 2.047505 0.737209 0.371267
v 1.940021 0.670192 0.416554
v 1.942908 0.668998 0.416454
v 1.942908 0.739051 0.397719
v 1.940021 0.737309 0.422178
v 2.047505 0.668998 0.416454
v 2.050391 0.670192 0.416554
v 2.050391 0.737308 0.422177
v 2.047505 0.739051 0.397719
v 1.940021 0.668420 0.429374
v 1.942908 0.667248 0.429105
v 1.942908 0.738502 0.422278
v 1.940021 0.734063 0.444425
v 1.938825 0.731240 0.443777
v 2.047505 0.667248 0.429105
v 2.050391 0.668420 0.429374
v 2.050391 0.734063 0.444425
v 2.047505 0.738502 0.422277
v 1.940021 0.664985 0.439961
v 1.942908 0.728910 0.464710
v 1.942908 0.735232 0.444693
v 1.940021 0.727793 0.464277
v 2.050391 0.664985 0.439961
v 2.050391 0.727793 0.464277
v 2.047505 0.735232 0.444693
v 2.047505 0.728910 0.464710
v 1.940021 0.662405 0.445287
v 1.942908 0.663867 0.439528
v 1.942908 0.723706 0.475974
v 1.940021 0.722636 0.475439
v 2.047505 0.663867 0.439528
v 2.050391 0.662405 0.445287
v 2.051587 0.664986 0.446579
v 2.050391 0.722636 0.475439
v 2.047505 0.723706 0.475974
v 1.940021 0.658604 0.452323
v 1.942908 0.661336 0.444752
v 1.942908 0.657570 0.451722
v 1.940021 0.716825 0.486192
v 2.047505 0.657570 0.451722
v 2.047505 0.661336 0.444752
v 2.050391 0.658604 0.452323
v 2.050391 0.716825 0.486192
v 1.940021 0.654427 0.459010
v 1.942908 0.653434 0.458345
v 1.942908 0.717860 0.486793
v 1.940021 0.710398 0.496481
v 2.047505 0.653434 0.458345
v 2.050391 0.654427 0.459010
v 2.050391 0.710398 0.496481
v 2.047505 0.717859 0.486793
v 1.940021 0.649891 0.465345
v 1.942908 0.648941 0.464618
v 1.942908 0.711392 0.497147
v 1.940021 0.703376 0.506285
v 2.047505 0.648941 0.464618
v 2.050391 0.649891 0.465345
v 2.050391 0.703376 0.506285
v 2.047505 0.711392 0.497147
v 1.940021 0.645008 0.471321
v 1.942908 0.644107 0.470535
v 1.942908 0.704326 0.507012
v 1.940021 0.695781 0.515581
v 2.047505 0.644107 0.470535
v 2.050391 0.645008 0.471321
v 2.050391 0.695781 0.515581
v 2.047505 0.704326 0.507012
v 1.940021 0.639793 0.476932
v 1.942908 0.638943 0.476090
v 1.942908 0.696683 0.516367
v 1.940021 0.687634 0.524345
v 2.047505 0.638943 0.476090
v 2.050391 0.639793 0.476932
v 2.050391 0.687634 0.524346
v 2.047505 0.696683 0.516367
v 1.940021 0.634256 0.482173
v 1.942908 0.633462 0.481279
v 1.942908 0.688484 0.525187
v 1.940021 0.678957 0.532557
v 2.047505 0.633462 0.481279
v 2.050391 0.634256 0.482173
v 2.050391 0.678957 0.532557
v 2.047505 0.688484 0.525188
v 1.940021 0.628406 0.487037
v 1.942907 0.627671 0.486093
v 1.942908 0.679751 0.533452
v 1.940021 0.669772 0.540193
v 2.047505 0.627671 0.486093
v 2.050391 0.628406 0.487037
v 2.050391 0.669772 0.540193
v 2.047505 0.679751 0.533452
v 1.940021 0.622252 0.491515
v 1.942907 0.621580 0.490525
v 1.942907 0.670507 0.541137
v 1.940021 0.660100 0.547231
v 2.047505 0.621580 0.490525
v 2.050391 0.622252 0.491515
v 2.050391 0.660100 0.547231
v 2.047505 0.670507 0.541137
v 1.940021 0.615800 0.495599
v 1.942907 0.615193 0.494568
v 1.942907 0.660773 0.548220
v 1.940021 0.649963 0.553648
v 2.047505 0.615193 0.494568
v 2.050391 0.615800 0.495599
v 2.050391 0.649963 0.553648
v 2.047505 0.660773 0.548220
v 1.940021 0.609053 0.499281
v 1.942907 0.608515 0.498213
v 1.942907 0.650570 0.554679
v 1.940021 0.639382 0.559422
v 2.047505 0.608515 0.498213
v 2.050391 0.609053 0.499281
v 2.050391 0.639382 0.559422
v 2.047505 0.650570 0.554679
v 1.940021 0.602104 0.502511
v 1.942907 0.601637 0.501410
v 1.942907 0.639921 0.560490
v 1.940021 0.628381 0.564529
v 2.047505 0.601637 0.501410
v 2.050391 0.602104 0.502511
v 2.050391 0.628381 0.564529
v 2.047505 0.639921 0.560490
v 1.940021 0.593738 0.505728
v 1.942907 0.593348 0.504597
v 1.942907 0.628848 0.565631
v 1.940021 0.615709 0.569399
v 1.938825 0.614766 0.566669
v 2.047505 0.593348 0.504597
v 2.050391 0.593738 0.505728
v 2.050391 0.615709 0.569399
v 2.047505 0.628848 0.565631
v 1.940021 0.584959 0.508417
v 1.942907 0.602869 0.574588
v 1.942907 0.616099 0.570530
v 1.940021 0.602557 0.573434
v 2.050391 0.584959 0.508417
v 2.050391 0.602557 0.573434
v 2.047505 0.616099 0.570530
v 2.047505 0.602869 0.574588
v 1.940021 0.575547 0.510627
v 1.942907 0.584647 0.507263
v 1.942907 0.589132 0.577820
v 1.940021 0.588895 0.576647
v 2.047505 0.584647 0.507263
v 2.050391 0.575547 0.510628
v 2.050391 0.588895 0.576647
v 2.047505 0.589132 0.577820
v 1.940021 0.565400 0.512344
v 1.942907 0.575310 0.509455
v 1.942907 0.574862 0.580239
v 1.940021 0.574697 0.579055
v 2.047505 0.575310 0.509455
v 2.050391 0.565400 0.512344
v 2.050391 0.574697 0.579055
v 2.047505 0.574862 0.580239
v 1.940021 0.554435 0.513539
v 1.942907 0.565235 0.511159
v 1.942907 0.560032 0.581862
v 1.940021 0.559935 0.580670
v 2.047505 0.565235 0.511159
v 2.050391 0.554435 0.513539
v 2.050391 0.559935 0.580670
v 2.047505 0.560032 0.581862
v 1.940021 0.542590 0.514181
v 1.942907 0.554337 0.512347
v 1.942907 0.544616 0.582703
v 1.940021 0.544581 0.581508
v 2.047505 0.554337 0.512347
v 2.050391 0.542590 0.514181
v 2.050391 0.544581 0.581508
v 2.047505 0.544616 0.582703
v 1.940021 0.529823 0.514236
v 1.942907 0.542555 0.512985
v 1.942907 0.528587 0.582777
v 1.940021 0.528609 0.581581
v 2.047505 0.542555 0.512985
v 2.050391 0.529823 0.514236
v 2.050391 0.528609 0.581581
v 2.047505 0.528587 0.582777
v 1.940021 0.516103 0.513674
v 1.942907 0.529844 0.513040
v 1.942907 0.511919 0.582099
v 1.940021 0.511992 0.580905
v 2.047505 0.529844 0.513040
v 2.050391 0.516103 0.513674
v 2.050391 0.511992 0.580905
v 2.047505 0.511919 0.582099
v 1.940021 0.501413 0.512472
v 1.942907 0.516176 0.512481
v 1.942907 0.494586 0.580683
v 1.940021 0.494705 0.579494
v 2.047505 0.516176 0.512481
v 2.050391 0.501413 0.512472
v 2.050391 0.494705 0.579494
v 2.047505 0.494586 0.580683
v 1.940021 0.485742 0.510611
v 1.942907 0.501532 0.511282
v 1.942907 0.476561 0.578546
v 1.940021 0.476721 0.577361
v 2.047505 0.501532 0.511282
v 2.050391 0.485742 0.510611
v 2.050391 0.476721 0.577361
v 2.047505 0.476561 0.578546
v 1.940021 0.469084 0.508081
v 1.942907 0.485903 0.509426
v 1.942907 0.457817 0.575701
v 1.940021 0.458013 0.574521
v 2.047505 0.485903 0.509426
v 2.050391 0.469084 0.508081
v 2.051587 0.468610 0.510928
v 2.050391 0.458013 0.574521
v 2.047505 0.457817 0.575701
v 1.940021 0.452490 0.505090
v 1.942907 0.469281 0.506901
v 1.942907 0.452737 0.503919
v 1.940021 0.438574 0.570992
v 2.047505 0.452737 0.503919
v 2.047505 0.469281 0.506901
v 2.050391 0.452490 0.505090
v 2.050391 0.438574 0.570992
v 1.940021 0.430815 0.499896
v 1.942907 0.431144 0.498746
v 1.942907 0.438327 0.572163
v 1.940021 0.412312 0.564660
v 1.938825 0.413106 0.561883
v 2.047505 0.431144 0.498746
v 2.050391 0.430815 0.499896
v 2.050391 0.412312 0.564660
v 2.047505 0.438327 0.572163
v 1.940021 0.411359 0.493434
v 1.942907 0.387454 0.557682
v 1.942907 0.411983 0.565810
v 1.940021 0.387871 0.556561
v 2.050391 0.411359 0.493434
v 2.050391 0.387871 0.556561
v 2.047505 0.411983 0.565810
v 2.047505 0.387454 0.557682
v 1.940021 0.392469 0.485597
v 1.942907 0.411776 0.492312
v 1.942907 0.364425 0.548150
v 1.940021 0.364914 0.547059
v 2.047505 0.411776 0.492312
v 2.050391 0.392469 0.485597
v 2.050391 0.364914 0.547059
v 2.047505 0.364425 0.548150
v 1.940021 0.373687 0.476497
v 1.942907 0.392958 0.484505
v 1.942907 0.342582 0.537586
v 1.940021 0.343125 0.536521
v 2.047505 0.392958 0.484505
v 2.050391 0.373687 0.476497
v 2.050391 0.343125 0.536521
v 2.047505 0.342582 0.537586
v 1.940021 0.354626 0.466283
v 1.942907 0.374230 0.475431
v 1.942907 0.321612 0.526362
v 1.940021 0.322187 0.525315
v 2.047505 0.374230 0.475431
v 2.050391 0.354626 0.466283
v 2.050391 0.322187 0.525315
v 2.047505 0.321612 0.526362
v 1.940021 0.334935 0.455173
v 1.942907 0.355202 0.465235
v 1.942907 0.301199 0.514850
v 1.940021 0.301787 0.513811
v 2.047505 0.355202 0.465235
v 2.050391 0.334935 0.455173
v 2.050391 0.301787 0.513811
v 2.047505 0.301199 0.514850
v 1.940021 0.314265 0.443465
v 1.942907 0.335523 0.454132
v 1.942907 0.281030 0.503422
v 1.940021 0.281609 0.502377
v 2.047505 0.335523 0.454132
v 2.050391 0.314265 0.443465
v 2.050391 0.281609 0.502377
v 2.047505 0.281030 0.503422
v 1.940021 0.292261 0.431547
v 1.942907 0.314845 0.442419
v 1.942907 0.260789 0.492448
v 1.940021 0.261337 0.491388
v 2.047505 0.314845 0.442419
v 2.050391 0.292261 0.431547
v 2.050391 0.261337 0.491388
v 2.047505 0.260789 0.492448
v 1.940021 0.268566 0.419911
v 1.942907 0.292810 0.430485
v 1.942907 0.240161 0.482301
v 1.940021 0.240656 0.481215
v 2.047505 0.292810 0.430485
v 2.050391 0.268566 0.419911
v 2.050391 0.240656 0.481215
v 2.047505 0.240161 0.482301
v 1.940021 0.242865 0.409150
v 1.942907 0.269062 0.418822
v 1.942907 0.218833 0.473351
v 1.940021 0.219251 0.472234
v 2.047505 0.269062 0.418822
v 2.050391 0.242865 0.409150
v 2.050391 0.219251 0.472234
v 2.047505 0.218833 0.473351
v 1.940021 0.214938 0.399948
v 1.942907 0.243284 0.408029
v 1.942907 0.196490 0.465970
v 1.940021 0.196810 0.464823
v 2.047505 0.243284 0.408029
v 2.050391 0.214938 0.399948
v 2.051587 0.214160 0.402731
v 2.050391 0.196810 0.464823
v 2.047505 0.196490 0.465970
v 1.940021 0.185887 0.393235
v 1.942907 0.215260 0.398795
v 1.942907 0.186115 0.392061
v 1.940021 0.173041 0.459362
v 2.047505 0.186115 0.392061
v 2.047505 0.215260 0.398795
v 2.050391 0.185887 0.393235
v 2.050391 0.173041 0.459362
v 1.942907 0.172814 0.460529
v 1.940021 0.147929 0.455367
v 1.938825 0.148326 0.452531
v 1.942907 0.159586 0.386942
v 2.047505 0.159586 0.386942
v 2.050391 0.147929 0.455367
v 2.047505 0.172814 0.460529
v 1.942907 0.123713 0.453624
v 1.942907 0.147764 0.456542
v 1.940021 0.123375 0.452391
v 2.050391 0.123375 0.452391
v 2.047505 0.147764 0.456542
v 2.047505 0.123713 0.453624
v 1.942907 0.057962 0.450688
v 1.940021 0.057875 0.449469
v 1.938825 0.122559 0.449416
v 2.051587 0.122559 0.449416
v 2.050391 0.057875 0.449469
v 2.047505 0.057962 0.450688
v 1.940021 0.052151 0.369224
v 1.940021 0.009012 0.383621
v 1.942907 0.052057 0.367901
v 1.942907 0.008993 0.382276
v 1.940021 0.009993 0.453606
v 1.938825 0.009952 0.450652
v 2.047505 0.008993 0.382276
v 2.047505 0.052057 0.367901
v 2.050391 0.052151 0.369224
v 2.050391 0.009012 0.383621
v 2.051587 0.009952 0.450653
v 2.050391 0.009993 0.453606
v 2.050391 0.642118 -0.288773
v 2.047505 0.641337 -0.287866
v 2.050391 0.686051 -0.339827
v 1.942907 0.641337 -0.287866
v 1.940021 0.642118 -0.288773
v 1.940021 0.686051 -0.339827
v 2.050391 0.614436 -0.310612
v 2.047505 0.613741 -0.309637
v 2.047505 0.686832 -0.340734
v 2.050391 0.653534 -0.365456
v 1.942907 0.613741 -0.309637
v 1.940021 0.614436 -0.310612
v 1.940021 0.653534 -0.365456
v 1.942907 0.686832 -0.340734
v 2.050391 0.578838 -0.333491
v 2.047505 0.578240 -0.332453
v 2.047505 0.654229 -0.366431
v 2.050391 0.612443 -0.391862
v 2.051587 0.611000 -0.389357
v 1.942907 0.578240 -0.332453
v 1.940021 0.578838 -0.333491
v 1.940021 0.612443 -0.391862
v 1.942907 0.654229 -0.366431
v 2.050391 0.533345 -0.356796
v 2.047505 0.561732 -0.419193
v 2.047505 0.613040 -0.392900
v 2.050391 0.561236 -0.418104
v 1.940021 0.533345 -0.356796
v 1.940021 0.561236 -0.418104
v 1.942907 0.613040 -0.392900
v 1.942907 0.561732 -0.419193
v 2.050391 0.476073 -0.379681
v 2.047505 0.532849 -0.355706
v 2.047505 0.498770 -0.444366
v 2.050391 0.498374 -0.443236
v 1.942907 0.532849 -0.355706
v 1.940021 0.476073 -0.379681
v 1.940021 0.498374 -0.443236
v 1.942907 0.498770 -0.444366
v 2.050391 0.405257 -0.401154
v 2.047505 0.475677 -0.378551
v 2.047505 0.422620 -0.467470
v 2.050391 0.422317 -0.466312
v 1.942907 0.475677 -0.378551
v 1.940021 0.405257 -0.401154
v 1.940021 0.422317 -0.466312
v 1.942907 0.422620 -0.467470
v 2.050391 0.319239 -0.420160
v 2.047505 0.404953 -0.399997
v 2.047505 0.331749 -0.487561
v 2.050391 0.331530 -0.486384
v 1.942907 0.404954 -0.399997
v 1.940021 0.319239 -0.420160
v 1.940021 0.331530 -0.486384
v 1.942907 0.331749 -0.487561
v 2.050391 0.216446 -0.435628
v 2.047505 0.319020 -0.418984
v 2.047505 0.224621 -0.503691
v 2.050391 0.224478 -0.502503
v 1.942907 0.319020 -0.418984
v 1.940021 0.216446 -0.435628
v 1.940021 0.224478 -0.502503
v 1.942907 0.224621 -0.503691
v 2.047505 0.178092 -0.507871
v 2.050391 0.178304 -0.506652
v 2.050391 0.116404 -0.511790
v 2.051587 0.178814 -0.503707
v 1.940021 0.178304 -0.506652
v 1.940021 0.116404 -0.511790
v 1.942907 0.178092 -0.507871
v 2.050391 0.094799 0.348152
v 2.050391 0.141246 0.316487
v 2.047505 0.094465 0.346937
v 1.942907 0.094465 0.346937
v 1.940021 0.094798 0.348152
v 1.940021 0.141246 0.316487
v 2.050391 0.176692 0.287449
v 2.047505 0.140959 0.315227
v 1.940021 0.217498 0.341073
v 1.942907 0.140959 0.315227
v 1.940021 0.176691 0.287449
v 1.938825 0.178397 0.289690
v 2.050391 0.219698 0.251449
v 2.047505 0.175985 0.286521
v 2.047505 0.218896 0.250591
v 2.047505 0.218223 0.342025
v 2.050391 0.217499 0.341073
v 2.050391 0.265731 0.300648
v 1.942907 0.218896 0.250591
v 1.942907 0.175985 0.286521
v 1.940021 0.219698 0.251449
v 1.940021 0.265731 0.300648
v 1.942907 0.218223 0.342025
v 2.050391 0.258898 0.210599
v 2.047505 0.257996 0.209838
v 2.047505 0.266549 0.301523
v 2.050391 0.310406 0.254022
v 1.942907 0.257995 0.209838
v 1.940021 0.258898 0.210599
v 1.940021 0.310406 0.254022
v 1.942907 0.266549 0.301523
v 2.050391 0.292620 0.165091
v 2.047505 0.291618 0.164458
v 2.047505 0.311322 0.254794
v 2.050391 0.349568 0.201074
v 1.942907 0.291618 0.164458
v 1.940021 0.292620 0.165091
v 1.940021 0.349568 0.201074
v 1.942907 0.311322 0.254794
v 2.050391 0.319431 0.114959
v 2.047505 0.318340 0.114487
v 2.047505 0.350581 0.201715
v 2.050391 0.381263 0.141682
v 1.942907 0.318339 0.114487
v 1.940021 0.319431 0.114959
v 1.940021 0.381262 0.141682
v 1.942907 0.350581 0.201714
v 2.050391 0.338074 0.059879
v 2.047505 0.336914 0.059599
v 2.047505 0.382364 0.142158
v 2.050391 0.403540 0.075716
v 2.051587 0.400724 0.075035
v 1.942907 0.336914 0.059599
v 1.940021 0.338073 0.059879
v 1.940021 0.403540 0.075716
v 1.942907 0.382364 0.142157
v 2.050391 0.347235 -0.001270
v 2.047505 0.415649 0.003113
v 2.047505 0.404707 0.075998
v 2.050391 0.414451 0.003036
v 1.940021 0.347234 -0.001270
v 1.940021 0.414451 0.003036
v 1.942907 0.404707 0.075998
v 1.942907 0.415648 0.003113
v 2.050391 0.345950 -0.060568
v 2.047505 0.346043 -0.001347
v 2.047505 0.414164 -0.067382
v 2.050391 0.412971 -0.067262
v 1.942907 0.346043 -0.001347
v 1.940021 0.345949 -0.060568
v 1.940021 0.412971 -0.067262
v 1.942907 0.414164 -0.067382
v 2.050391 0.335585 -0.117988
v 2.047505 0.344761 -0.060449
v 2.047505 0.401997 -0.134994
v 2.050391 0.400835 -0.134696
v 1.942907 0.344761 -0.060449
v 1.940021 0.335585 -0.117988
v 1.940021 0.400835 -0.134696
v 1.942907 0.401996 -0.134994
v 2.050391 0.317096 -0.173074
v 2.047505 0.334429 -0.117692
v 2.047505 0.380512 -0.199114
v 2.050391 0.379404 -0.198659
v 1.942907 0.334428 -0.117692
v 1.940021 0.317096 -0.173074
v 1.940021 0.379404 -0.198659
v 1.942907 0.380512 -0.199114
v 2.050391 0.291469 -0.225273
v 2.047505 0.315992 -0.172621
v 2.047505 0.351078 -0.259133
v 2.050391 0.350037 -0.258541
v 1.942907 0.315992 -0.172621
v 1.940021 0.291469 -0.225272
v 1.940021 0.350036 -0.258541
v 1.942907 0.351078 -0.259133
v 2.050391 0.259807 -0.273859
v 2.047505 0.290432 -0.224683
v 2.047505 0.315060 -0.314442
v 2.050391 0.314095 -0.313733
v 1.942907 0.290432 -0.224683
v 1.940021 0.259806 -0.273859
v 1.940021 0.314095 -0.313732
v 1.942907 0.315060 -0.314441
v 2.050391 0.223352 -0.318035
v 2.047505 0.258846 -0.273154
v 2.047505 0.273825 -0.364430
v 2.050391 0.272943 -0.363620
v 1.942907 0.258845 -0.273153
v 1.940021 0.223352 -0.318034
v 1.940021 0.272943 -0.363619
v 1.942907 0.273825 -0.364430
v 2.050391 0.183488 -0.356985
v 2.047505 0.222475 -0.317228
v 2.047505 0.228738 -0.408489
v 2.050391 0.227947 -0.407589
v 1.942907 0.222475 -0.317228
v 1.940021 0.183488 -0.356985
v 1.940021 0.227947 -0.407589
v 1.942907 0.228738 -0.408489
v 2.050391 0.141910 -0.389785
v 2.047505 0.182703 -0.356091
v 1.942907 0.182703 -0.356091
v 1.940021 0.141910 -0.389785
v 1.938825 0.143986 -0.391795
v 1.942907 0.192565 -0.435948
v 2.050391 0.099422 -0.416310
v 2.047505 0.141051 -0.388952
v 2.047505 0.099203 -0.415081
v 1.940021 0.069635 -0.514622
v 1.942907 0.116615 -0.512975
v 1.942907 0.069791 -0.515810
v 1.942907 0.099203 -0.415081
v 1.942907 0.141051 -0.388952
v 1.940021 0.099422 -0.416309
v 1.940021 0.012468 -0.516929
v 1.942907 0.012499 -0.518123
v 2.047505 0.069791 -0.515810
v 2.047505 0.116615 -0.512975
v 2.050391 0.069635 -0.514622
v 2.047505 0.012499 -0.518123
v 2.050391 0.012468 -0.516929
v 2.050391 0.059225 -0.435120
v 2.047505 0.059061 -0.433871
v 1.942907 0.059061 -0.433871
v 1.940021 0.059225 -0.435120
v 2.050391 0.010669 -0.447473
v 2.047505 0.010636 -0.446193
v 1.942907 0.010636 -0.446193
v 1.940021 0.010669 -0.447473
v 1.942907 0.216304 -0.434440
v 2.047505 0.216304 -0.434440
v 1.942907 1.426146 -0.706060
v 1.942907 1.486153 -0.719906
v 2.047505 1.486153 -0.719906
v 2.047505 1.500371 -0.624198
v 1.942907 1.429470 -0.616532
v 1.942907 1.424739 -0.598288
v 2.047505 1.490006 -0.573690
v 2.047505 1.469118 -0.535707
v 1.942907 1.406929 -0.569410
v 2.047505 1.451548 -0.514546
v 1.942907 1.348506 -0.518915
v 2.047505 1.352831 -0.442443
v 1.942907 1.311838 -0.500019
v 2.047505 1.288844 -0.415963
v 2.047505 1.142861 -0.373483
v 1.942907 1.046133 -0.420625
v 2.047505 0.989022 -0.333997
v 1.942907 0.907417 -0.383966
v 2.047505 0.828340 -0.282196
v 1.942907 0.773081 -0.332897
v 1.942907 0.625518 -0.170814
v 2.047505 0.682463 -0.119095
v 1.942907 0.601903 -0.074269
v 2.047505 0.667527 -0.037012
v 1.942907 0.618059 0.173036
v 2.047505 0.703739 0.219381
v 1.942908 0.652881 0.299527
v 2.047505 0.733309 0.343172
v 1.942908 0.663867 0.439528
v 2.047505 0.723706 0.475974
v 1.942908 0.657570 0.451722
v 2.047505 0.704326 0.507012
v 1.942908 0.644107 0.470535
v 2.047505 0.670507 0.541137
v 1.942907 0.621580 0.490525
v 1.942907 0.608515 0.498213
v 1.942907 0.593348 0.504597
v 2.047505 0.616099 0.570530
v 1.942907 0.575310 0.509455
v 2.047505 0.544616 0.582703
v 1.942907 0.516176 0.512481
v 1.942907 0.469281 0.506901
v 2.047505 0.438327 0.572163
v 1.942907 0.335523 0.454132
v 2.047505 0.260789 0.492448
v 1.942907 0.269062 0.418822
v 1.942907 0.186115 0.392061
v 2.047505 0.147764 0.456542
v 1.942907 0.010011 0.454830
v 2.047505 0.008993 0.382276
v 1.942907 0.498770 -0.444366
v 1.942907 0.686832 -0.340734
v 2.047505 0.404953 -0.399997
v 1.942907 0.218223 0.342025
v 2.047505 0.257996 0.209838
v 1.942907 0.350581 0.201714
v 2.047505 0.336914 0.059599
v 2.047505 0.344761 -0.060449
v 1.942907 0.273825 -0.364430
v 2.047505 0.059061 -0.433871
v 1.942907 0.012499 -0.518123
v 2.051587 0.012394 -0.514048
v 2.047505 1.426146 -0.706060
v 1.942907 1.486153 -0.719906
v 2.047505 0.672362 -0.255460
v 1.942907 0.010011 0.454830
v 2.047505 0.010011 0.454830
v 2.047505 0.192565 -0.435948
v 2.047505 1.426146 -0.706060
v 0.035865 1.474216 -0.703443
v 0.037906 1.474582 -0.701434
v 0.035865 1.472585 -0.701006
v -0.035865 1.474216 -0.703443
v -0.035865 1.472585 -0.701006
v -0.037906 1.474582 -0.701434
v -0.035865 1.492720 -0.707412
v -0.037906 1.493084 -0.705403
v -0.035865 1.495081 -0.705832
v 0.035865 1.492720 -0.707412
v 0.035865 1.495081 -0.705832
v 0.037906 1.493084 -0.705403
v 0.035865 0.542837 0.564449
v 0.037906 0.543039 0.566480
v 0.035865 0.541022 0.566830
v -0.037906 0.543039 0.566480
v -0.035865 0.542837 0.564449
v -0.035865 0.541022 0.566830
v -0.035865 0.545051 0.587348
v -0.037906 0.544860 0.585315
v -0.035865 0.542844 0.585668
v 0.035865 0.542844 0.585668
v 0.037906 0.544860 0.585315
v 0.035865 0.545051 0.587348
v 2.064178 0.622666 0.574058
v -2.064178 0.622666 0.574058
v 2.067240 0.630198 0.616739
v 2.067240 0.539156 0.632806
v 2.067240 0.532156 0.593140
v 2.067240 0.623198 0.577073
v -2.067239 0.623198 0.577073
v -2.067239 0.532156 0.593140
v -2.067239 0.539156 0.632806
v -2.067239 0.630198 0.616739
v -2.067239 0.623198 0.577073
v 2.067240 0.623198 0.577073
v 2.064178 1.493648 -0.722922
v -2.064178 1.493648 -0.722922
v 2.067240 1.536534 -0.729181
v 2.067240 1.549886 -0.637702
v 2.067240 1.510030 -0.631884
v 2.067240 1.496677 -0.723364
v -2.067239 1.496677 -0.723364
v -2.067239 1.510030 -0.631884
v -2.067239 1.549886 -0.637702
v -2.067239 1.536534 -0.729181
v -2.067239 1.496677 -0.723364
v 2.067240 1.496677 -0.723364
v 2.064178 1.505740 -0.605206
v -2.064178 1.505740 -0.605206
v 2.067240 1.544955 -0.586751
v 2.067240 1.505590 -0.503102
v 2.067240 1.469145 -0.520253
v 2.067240 1.508510 -0.603902
v -2.067239 1.508510 -0.603902
v -2.067239 1.469145 -0.520253
v -2.067239 1.505590 -0.503102
v -2.067239 1.544955 -0.586751
v -2.067239 1.508510 -0.603902
v 2.067240 1.508510 -0.603902
v 2.064178 1.447964 -0.502143
v -2.064178 1.447964 -0.502143
v 2.067240 1.472889 -0.466687
v 2.067240 1.397258 -0.413520
v 2.067240 1.374093 -0.446471
v 2.067240 1.449724 -0.499639
v -2.067239 1.449724 -0.499639
v -2.067239 1.374093 -0.446471
v -2.067239 1.397258 -0.413520
v -2.067239 1.472889 -0.466687
v -2.067239 1.449724 -0.499639
v 2.067240 1.449724 -0.499639
v 2.064178 1.344700 -0.434640
v -2.064178 1.344700 -0.434640
v 2.067240 1.359533 -0.393916
v 2.067240 1.272666 -0.362277
v 2.067240 1.258881 -0.400123
v 2.067240 1.345747 -0.431763
v -2.067239 1.345747 -0.431763
v -2.067239 1.258881 -0.400123
v -2.067239 1.272666 -0.362277
v -2.067239 1.359533 -0.393916
v -2.067239 1.345747 -0.431763
v 2.067240 1.345747 -0.431763
v 2.064178 1.225346 -0.393379
v -2.064178 1.225346 -0.393379
v 2.067240 1.236539 -0.351509
v 2.067240 1.147225 -0.327633
v 2.067240 1.136823 -0.366546
v 2.067240 1.226136 -0.390422
v -2.067239 1.226136 -0.390422
v -2.067239 1.136823 -0.366546
v -2.067239 1.147225 -0.327633
v -2.067239 1.236539 -0.351509
v -2.067239 1.226136 -0.390422
v 2.067240 1.226136 -0.390422
v 2.064178 1.102116 -0.360885
v -2.064178 1.102116 -0.360885
v 2.067240 1.112636 -0.318840
v 2.067240 1.022951 -0.296400
v 2.067240 1.013175 -0.335475
v 2.067240 1.102859 -0.357915
v -2.067239 1.102859 -0.357915
v -2.067239 1.013175 -0.335475
v -2.067239 1.022951 -0.296400
v -2.067239 1.112636 -0.318840
v -2.067239 1.102859 -0.357915
v 2.067240 1.102859 -0.357915
v 2.064178 0.977904 -0.329573
v -2.064178 0.977904 -0.329573
v 2.067240 0.989676 -0.287862
v 2.067240 0.900702 -0.262751
v 2.067240 0.889762 -0.301516
v 2.067240 0.978736 -0.326627
v -2.067239 0.978736 -0.326627
v -2.067239 0.889762 -0.301516
v -2.067239 0.900702 -0.262751
v -2.067239 0.989676 -0.287862
v -2.067239 0.978736 -0.326627
v 2.067240 0.978736 -0.326627
v 2.064178 0.853321 -0.291398
v -2.064178 0.853321 -0.291398
v 2.067240 0.873166 -0.252867
v 2.067240 0.790978 -0.210536
v 2.067240 0.772535 -0.246344
v 2.067240 0.854723 -0.288676
v -2.067239 0.854723 -0.288676
v -2.067239 0.772535 -0.246344
v -2.067239 0.790978 -0.210536
v -2.067239 0.873166 -0.252867
v -2.067239 0.854723 -0.288676
v 2.067240 0.854723 -0.288676
v 2.064178 0.738773 -0.222442
v -2.064178 0.738773 -0.222442
v 2.067240 0.775892 -0.200068
v 2.067240 0.728166 -0.120891
v 2.067240 0.693669 -0.141685
v 2.067240 0.741395 -0.220862
v -2.067239 0.741395 -0.220862
v -2.067239 0.693669 -0.141685
v -2.067239 0.728166 -0.120891
v -2.067239 0.775892 -0.200068
v -2.067239 0.741395 -0.220862
v 2.067240 0.741395 -0.220862
v 2.064178 0.680191 -0.104835
v -2.064178 0.680191 -0.104835
v 2.067240 0.723094 -0.098685
v 2.067240 0.709976 -0.007171
v 2.067240 0.670104 -0.012886
v 2.067240 0.683222 -0.104400
v -2.067239 0.683222 -0.104400
v -2.067239 0.670104 -0.012886
v -2.067239 0.709976 -0.007171
v -2.067239 0.723094 -0.098685
v -2.067239 0.683222 -0.104400
v 2.067240 0.683222 -0.104400
v 2.064178 0.666638 0.025501
v -2.064178 0.666638 0.025501
v 2.067240 0.709644 0.020128
v 2.067240 0.721106 0.111863
v 2.067240 0.681137 0.116857
v 2.067240 0.669676 0.025121
v -2.067239 0.669676 0.025121
v -2.067239 0.681137 0.116857
v -2.067239 0.721106 0.111863
v -2.067239 0.709644 0.020128
v -2.067239 0.669676 0.025121
v 2.067240 0.669676 0.025121
v 2.064178 0.686738 0.153636
v -2.064178 0.686738 0.153636
v 2.067240 0.728337 0.141473
v 2.067240 0.754282 0.230207
v 2.067240 0.715621 0.241511
v 2.067240 0.689676 0.152777
v -2.067239 0.689676 0.152777
v -2.067239 0.715621 0.241511
v -2.067239 0.754282 0.230207
v -2.067239 0.728337 0.141473
v -2.067239 0.689676 0.152777
v 2.067240 0.689676 0.152777
v 2.064178 0.721702 0.275392
v -2.064178 0.721702 0.275392
v 2.067240 0.764016 0.266014
v 2.067240 0.784019 0.356274
v 2.067240 0.744694 0.364989
v 2.067240 0.724691 0.274730
v -2.067239 0.724691 0.274730
v -2.067239 0.744694 0.364989
v -2.067239 0.784019 0.356274
v -2.067239 0.764016 0.266014
v -2.067239 0.724691 0.274730
v 2.067240 0.724691 0.274730
v 2.064178 0.745562 0.394752
v -2.064178 0.745562 0.394752
v 2.067240 0.788598 0.399876
v 2.067240 0.777670 0.491677
v 2.067240 0.737673 0.486915
v 2.067240 0.748602 0.395114
v -2.067239 0.748602 0.395114
v -2.067239 0.737673 0.486915
v -2.067239 0.777670 0.491677
v -2.067239 0.788598 0.399876
v -2.067239 0.748602 0.395114
v 2.067240 0.748602 0.395114
v 2.064178 0.718907 0.503593
v -2.064178 0.718907 0.503593
v 2.067240 0.746681 0.536866
v 2.067240 0.675707 0.596108
v 2.067240 0.649896 0.565185
v 2.067240 0.720869 0.505943
v -2.067239 0.720869 0.505943
v -2.067239 0.649896 0.565185
v -2.067239 0.675707 0.596108
v -2.067239 0.746681 0.536866
v -2.067239 0.720869 0.505943
v 2.067240 0.720869 0.505943
v 0.035865 1.476255 -0.680815
v -0.035865 1.476255 -0.680815
v -0.037906 1.478276 -0.681111
v -0.037906 1.496999 -0.683852
v -0.035865 1.495081 -0.705832
v -0.035865 1.499020 -0.684148
v 0.035865 1.499020 -0.684148
v 0.037906 1.478276 -0.681111
v 0.037906 1.496999 -0.683852
v 0.037906 1.499433 -0.662011
v 0.037906 1.480563 -0.660625
v 0.035865 1.478525 -0.660475
v -0.035865 1.478525 -0.660475
v -0.037906 1.480563 -0.660625
v -0.037906 1.499433 -0.662011
v -0.035865 1.501471 -0.662160
v 0.035865 1.501471 -0.662160
v 0.037906 1.500153 -0.641787
v 0.037906 1.481232 -0.641888
v 0.035865 1.479189 -0.641899
v -0.035865 1.479189 -0.641899
v -0.037906 1.481232 -0.641888
v -0.037906 1.500153 -0.641787
v -0.035865 1.502196 -0.641776
v 0.035865 1.502196 -0.641776
v 0.037906 1.499287 -0.623078
v 0.037906 1.480443 -0.624775
v 0.035865 1.478408 -0.624958
v -0.035865 1.478408 -0.624958
v -0.037906 1.480443 -0.624775
v -0.037906 1.499287 -0.623078
v -0.035865 1.501323 -0.622895
v 0.035865 1.501323 -0.622894
v 0.037906 1.496966 -0.605779
v 0.037906 1.478348 -0.609144
v 0.035865 1.476336 -0.609507
v -0.035865 1.476336 -0.609507
v -0.037906 1.478348 -0.609144
v -0.037906 1.496966 -0.605779
v -0.035865 1.498977 -0.605415
v 0.035865 1.498977 -0.605415
v 0.037906 1.493317 -0.589785
v 0.037906 1.475086 -0.594839
v 0.035865 1.473116 -0.595385
v -0.035865 1.473116 -0.595385
v -0.037906 1.475086 -0.594839
v -0.037906 1.493317 -0.589785
v -0.035865 1.495287 -0.589239
v 0.035865 1.495287 -0.589239
v 0.037906 1.488470 -0.574991
v 0.037906 1.470779 -0.581694
v 0.035865 1.468867 -0.582419
v -0.035865 1.468867 -0.582419
v -0.037906 1.470779 -0.581694
v -0.037906 1.488470 -0.574991
v -0.035865 1.490382 -0.574266
v 0.035865 1.490382 -0.574266
v 0.037906 1.475685 -0.548580
v 0.037906 1.459417 -0.558240
v -0.037906 1.459417 -0.558240
v -0.037906 1.475685 -0.548580
v -0.035865 1.477443 -0.547537
v 0.035865 1.477443 -0.547537
v 0.037906 1.467998 -0.536755
v 0.037906 1.452522 -0.547639
v -0.035865 1.457660 -0.559284
v 0.035865 1.457660 -0.559284
v 0.035865 1.450850 -0.548815
v -0.035865 1.450850 -0.548815
v -0.037906 1.452522 -0.547639
v -0.037906 1.467998 -0.536756
v -0.035865 1.469670 -0.535580
v 0.035865 1.469670 -0.535580
v 0.037906 1.459615 -0.525714
v 0.037906 1.444915 -0.537626
v 0.035865 1.443328 -0.538913
v -0.035865 1.443328 -0.538913
v -0.037906 1.444915 -0.537626
v -0.037906 1.459615 -0.525714
v -0.035865 1.461203 -0.524427
v 0.035865 1.461203 -0.524427
v 0.037906 1.450658 -0.515349
v 0.037906 1.436607 -0.528021
v 0.035865 1.435089 -0.529389
v -0.035865 1.435089 -0.529389
v -0.037906 1.436607 -0.528021
v -0.037906 1.450658 -0.515349
v -0.035865 1.452175 -0.513980
v 0.035865 1.452175 -0.513980
v 0.037906 1.441689 -0.505818
v 0.037906 1.428119 -0.519003
v 0.035865 1.426654 -0.520427
v -0.035865 1.426653 -0.520427
v -0.037906 1.428119 -0.519003
v -0.037906 1.441689 -0.505818
v -0.035865 1.443154 -0.504394
v 0.035865 1.443154 -0.504394
v 0.037906 1.433112 -0.497270
v 0.037906 1.420007 -0.510916
v 0.035865 1.418591 -0.512390
v -0.035865 1.418591 -0.512390
v -0.037906 1.420007 -0.510916
v -0.037906 1.433112 -0.497270
v -0.035865 1.434528 -0.495796
v 0.035865 1.434528 -0.495796
v 0.037906 1.424804 -0.489584
v 0.037906 1.412244 -0.503731
v 0.035865 1.410887 -0.505260
v -0.035865 1.410887 -0.505260
v -0.037906 1.412244 -0.503731
v -0.037906 1.424804 -0.489584
v -0.035865 1.426161 -0.488054
v 0.035865 1.426161 -0.488054
v 0.037906 1.382716 -0.459514
v 0.037906 1.373274 -0.475909
v 0.035865 1.372254 -0.477680
v -0.035865 1.372254 -0.477680
v -0.037906 1.373274 -0.475909
v -0.037906 1.382716 -0.459514
v -0.035865 1.383736 -0.457743
v 0.035865 1.383736 -0.457743
v 0.037906 1.340538 -0.437768
v 0.037906 1.332617 -0.454949
v 0.035865 1.331761 -0.456806
v -0.035865 1.331761 -0.456806
v -0.037906 1.332617 -0.454949
v -0.037906 1.340538 -0.437768
v -0.035865 1.341393 -0.435912
v 0.035865 1.341393 -0.435912
v 0.037906 1.255853 -0.406493
v 0.037906 1.250223 -0.424562
v 0.035865 1.249616 -0.426511
v -0.035865 1.249616 -0.426511
v -0.037906 1.250223 -0.424562
v -0.037906 1.255853 -0.406493
v -0.035865 1.256460 -0.404545
v 0.035865 1.256460 -0.404545
v 0.037906 1.102609 -0.364283
v 0.037906 1.097895 -0.382614
v 0.035865 1.097386 -0.384590
v -0.035865 1.097386 -0.384590
v -0.037906 1.097895 -0.382614
v -0.037906 1.102609 -0.364283
v -0.035865 1.103117 -0.362307
v 0.035865 1.103117 -0.362307
v 0.037906 0.926672 -0.318175
v 0.037906 0.921356 -0.336338
v 0.035865 0.920783 -0.338297
v -0.035865 0.920783 -0.338297
v -0.037906 0.921356 -0.336338
v -0.037906 0.926672 -0.318175
v -0.035865 0.927246 -0.316216
v 0.035865 0.927246 -0.316216
v 0.037906 0.876182 -0.302211
v 0.037906 0.869965 -0.320085
v 0.035865 0.869295 -0.322013
v -0.035865 0.869295 -0.322013
v -0.037906 0.869965 -0.320085
v -0.037906 0.876182 -0.302211
v -0.035865 0.876852 -0.300282
v 0.035865 0.876852 -0.300282
v 0.037906 0.827848 -0.283289
v 0.037906 0.820081 -0.300544
v 0.035865 0.819243 -0.302406
v -0.035865 0.819243 -0.302406
v -0.037906 0.820081 -0.300544
v -0.037906 0.827848 -0.283289
v -0.035865 0.828687 -0.281426
v 0.035865 0.828687 -0.281426
v 0.037906 0.783353 -0.259880
v 0.037906 0.773317 -0.275918
v 0.035865 0.772232 -0.277651
v -0.035865 0.772232 -0.277651
v -0.037906 0.773317 -0.275918
v -0.037906 0.783353 -0.259880
v -0.035865 0.784437 -0.258147
v 0.035865 0.784437 -0.258147
v 0.037906 0.763074 -0.246013
v 0.037906 0.751667 -0.261106
v 0.035865 0.750435 -0.262737
v -0.035865 0.750435 -0.262737
v -0.037906 0.751667 -0.261106
v -0.037906 0.763074 -0.246013
v -0.035865 0.764307 -0.244382
v 0.035865 0.764307 -0.244382
v 0.037906 0.744392 -0.230449
v 0.037906 0.731518 -0.244311
v 0.035865 0.730126 -0.245809
v -0.035865 0.730126 -0.245809
v -0.037906 0.731518 -0.244311
v -0.037906 0.744392 -0.230449
v -0.035865 0.745784 -0.228951
v 0.035865 0.745784 -0.228951
v 0.037906 0.727523 -0.212997
v 0.037906 0.713166 -0.225315
v 0.035865 0.711614 -0.226647
v -0.035865 0.711614 -0.226647
v -0.037906 0.713166 -0.225315
v -0.037906 0.727523 -0.212997
v -0.035865 0.729075 -0.211665
v 0.035865 0.729075 -0.211665
v 0.037906 0.712682 -0.193469
v 0.037906 0.696932 -0.203945
v 0.035865 0.695229 -0.205078
v -0.035865 0.695229 -0.205078
v -0.037906 0.696932 -0.203945
v -0.037906 0.712682 -0.193469
v -0.035865 0.714386 -0.192336
v 0.035865 0.714386 -0.192336
v 0.037906 0.700089 -0.171678
v 0.037906 0.683139 -0.180076
v 0.035865 0.681306 -0.180984
v -0.035865 0.681306 -0.180984
v -0.037906 0.683139 -0.180076
v -0.037906 0.700089 -0.171678
v -0.035865 0.701922 -0.170770
v 0.035865 0.701922 -0.170770
v 0.037906 0.689964 -0.147458
v 0.037906 0.672176 -0.153904
v 0.035865 0.670255 -0.154601
v -0.035865 0.670255 -0.154601
v -0.037906 0.672176 -0.153904
v -0.037906 0.689964 -0.147458
v -0.035865 0.691886 -0.146761
v 0.035865 0.691886 -0.146761
v 0.037906 0.681308 -0.119412
v 0.037906 0.663058 -0.124414
v 0.035865 0.661088 -0.124953
v -0.035865 0.661088 -0.124953
v -0.037906 0.663058 -0.124414
v -0.037906 0.681308 -0.119412
v -0.035865 0.683278 -0.118872
v 0.035865 0.683278 -0.118872
v 0.037906 0.674608 -0.091504
v 0.037906 0.656086 -0.095383
v 0.035865 0.654087 -0.095801
v -0.035865 0.654087 -0.095801
v -0.037906 0.656086 -0.095383
v -0.037906 0.674608 -0.091504
v -0.035865 0.676606 -0.091085
v 0.035865 0.676606 -0.091085
v 0.037906 0.669678 -0.063987
v 0.037906 0.650968 -0.066826
v 0.035865 0.648949 -0.067132
v -0.035865 0.648949 -0.067132
v -0.037906 0.650968 -0.066826
v -0.037906 0.669678 -0.063987
v -0.035865 0.671696 -0.063681
v 0.035865 0.671696 -0.063681
v 0.037906 0.666336 -0.037131
v 0.037906 0.647505 -0.039004
v 0.035865 0.645473 -0.039206
v -0.035865 0.645473 -0.039206
v -0.037906 0.647505 -0.039004
v -0.037906 0.666336 -0.037131
v -0.035865 0.668367 -0.036929
v 0.035865 0.668367 -0.036929
v 0.037906 0.664400 -0.011202
v 0.037906 0.645501 -0.012178
v 0.035865 0.643462 -0.012284
v -0.035865 0.643462 -0.012284
v -0.037906 0.645501 -0.012178
v -0.037906 0.664400 -0.011202
v -0.035865 0.666439 -0.011096
v 0.035865 0.666439 -0.011096
v 0.037906 0.663689 0.013532
v 0.037906 0.644765 0.013395
v 0.035865 0.642724 0.013381
v -0.035865 0.642724 0.013381
v -0.037906 0.644765 0.013395
v -0.037906 0.663689 0.013532
v -0.035865 0.665731 0.013547
v 0.035865 0.665731 0.013547
v 0.037906 0.664021 0.036804
v 0.037906 0.645108 0.037463
v 0.035865 0.643068 0.037534
v -0.035865 0.643068 0.037534
v -0.037906 0.645108 0.037463
v -0.037906 0.664021 0.036804
v -0.035865 0.666062 0.036733
v 0.035865 0.666062 0.036733
v 0.037906 0.665215 0.058345
v 0.037906 0.646345 0.059773
v 0.035865 0.644309 0.059927
v -0.035865 0.644309 0.059927
v -0.037906 0.646345 0.059773
v -0.037906 0.665215 0.058345
v -0.035865 0.667251 0.058191
v 0.035865 0.667251 0.058191
v 0.037906 0.669465 0.095173
v 0.037906 0.650778 0.098162
v -0.037906 0.650778 0.098162
v -0.037906 0.669465 0.095173
v -0.035865 0.671481 0.094851
v 0.035865 0.671481 0.094850
v 0.037906 0.674992 0.121880
v 0.037906 0.656669 0.126608
v -0.037906 0.656669 0.126608
v -0.037906 0.674992 0.121880
v -0.035865 0.676970 0.121369
v 0.035865 0.676970 0.121369
v 0.037906 0.684103 0.154499
v 0.037906 0.665898 0.159669
v 0.035865 0.648762 0.098484
v -0.035865 0.648762 0.098484
v -0.035865 0.654692 0.127118
v 0.035865 0.654692 0.127118
v 0.035865 0.663934 0.160226
v -0.035865 0.663934 0.160226
v -0.037906 0.665898 0.159669
v -0.037906 0.684103 0.154499
v -0.035865 0.686067 0.153941
v 0.035865 0.686067 0.153941
v 0.037906 0.712113 0.252136
v 0.037906 0.693860 0.257135
v 0.035865 0.691891 0.257675
v -0.035865 0.691891 0.257675
v -0.037906 0.693860 0.257135
v -0.037906 0.712113 0.252136
v -0.035865 0.714082 0.251596
v 0.035865 0.714082 0.251596
v 0.037906 0.733817 0.344054
v 0.037906 0.715180 0.347320
v -0.037906 0.715180 0.347320
v -0.037906 0.733817 0.344054
v -0.035865 0.735830 0.343701
v 0.035865 0.735830 0.343701
v 0.037906 0.740133 0.398671
v 0.037906 0.721229 0.399300
v 0.035865 0.719184 0.399367
v 0.035865 0.716260 0.440904
v -0.035865 0.716260 0.440904
v -0.035865 0.719184 0.399367
v 0.035865 0.713167 0.347673
v -0.035865 0.713167 0.347673
v -0.037906 0.721229 0.399300
v -0.037906 0.740133 0.398671
v -0.035865 0.742179 0.398603
v 0.035865 0.742179 0.398603
v 0.037906 0.736703 0.445489
v 0.037906 0.718268 0.441354
v -0.037906 0.718268 0.441354
v -0.037906 0.736703 0.445488
v -0.035865 0.738710 0.445939
v 0.035865 0.738710 0.445939
v 0.037906 0.730490 0.465355
v 0.037906 0.712872 0.458515
v 0.035865 0.710956 0.457771
v 0.035865 0.701389 0.476347
v -0.035865 0.701389 0.476347
v -0.035865 0.710956 0.457771
v -0.037906 0.712872 0.458515
v -0.037906 0.730490 0.465355
v -0.035865 0.732404 0.466098
v 0.035865 0.732404 0.466098
v 0.037906 0.719335 0.487175
v 0.037906 0.703142 0.477405
v -0.037906 0.703142 0.477405
v -0.037906 0.719335 0.487175
v -0.035865 0.721088 0.488233
v 0.035865 0.721088 0.488233
v 0.037906 0.705393 0.507060
v 0.037906 0.690671 0.495189
v 0.035865 0.689077 0.493904
v -0.035865 0.689077 0.493904
v -0.037906 0.690671 0.495189
v -0.037906 0.705393 0.507060
v -0.035865 0.706987 0.508346
v 0.035865 0.706987 0.508346
v 0.037906 0.697484 0.516228
v 0.037906 0.683572 0.503419
v 0.035865 0.682065 0.502032
v -0.035865 0.682065 0.502032
v -0.037906 0.683572 0.503419
v -0.037906 0.697484 0.516229
v -0.035865 0.698991 0.517616
v 0.035865 0.698991 0.517616
v 0.037906 0.660537 0.547383
v 0.037906 0.650198 0.531545
v 0.035865 0.649079 0.529831
v -0.035865 0.649079 0.529831
v -0.037906 0.650198 0.531545
v -0.037906 0.660537 0.547383
v -0.035865 0.661656 0.549097
v 0.035865 0.661656 0.549097
v 0.037906 0.639439 0.559434
v 0.037906 0.631036 0.542490
v 0.035865 0.630127 0.540656
v -0.035865 0.630127 0.540656
v -0.037906 0.631036 0.542490
v -0.037906 0.639439 0.559434
v -0.035865 0.640349 0.561268
v 0.035865 0.640349 0.561268
v 0.037906 0.616318 0.569373
v 0.037906 0.609623 0.551682
v 0.035865 0.608898 0.549769
v -0.035865 0.608899 0.549769
v -0.037906 0.609623 0.551682
v -0.037906 0.616318 0.569373
v -0.035865 0.617043 0.571287
v 0.035865 0.617043 0.571286
v 0.037906 0.594632 0.576601
v 0.037906 0.589404 0.558424
v 0.035865 0.588839 0.556457
v -0.035865 0.588839 0.556457
v -0.037906 0.589404 0.558424
v -0.037906 0.594632 0.576601
v -0.035865 0.595198 0.578568
v 0.035865 0.595198 0.578568
v -0.035865 0.545051 0.587348
v 0.035865 0.542844 0.585668
v -0.035865 0.542844 0.585668
v -0.035865 0.541022 0.566830
v 0.035865 0.541022 0.566830
v -0.035865 1.499020 -0.684148
v -0.035865 1.492720 -0.707412
v -0.035865 1.501471 -0.662160
v -0.035865 1.502196 -0.641776
v -0.035865 1.501323 -0.622895
v -0.035865 1.498977 -0.605415
v -0.035865 1.495287 -0.589239
v -0.035865 1.490382 -0.574266
v -0.035865 1.477443 -0.547537
v -0.035865 1.469670 -0.535580
v -0.035865 1.461203 -0.524427
v -0.035865 1.452175 -0.513980
v -0.035865 1.443154 -0.504394
v -0.035865 1.434528 -0.495796
v -0.035865 1.426161 -0.488054
v -0.035865 1.383736 -0.457743
v -0.035865 1.341393 -0.435912
v -0.035865 1.256460 -0.404545
v -0.035865 1.103117 -0.362307
v -0.035865 0.927246 -0.316216
v -0.035865 0.876852 -0.300282
v -0.035865 0.828687 -0.281426
v -0.035865 0.784437 -0.258147
v -0.035865 0.764307 -0.244382
v -0.035865 0.745784 -0.228951
v -0.035865 0.729075 -0.211665
v -0.035865 0.714386 -0.192336
v -0.035865 0.701922 -0.170770
v -0.035865 0.691886 -0.146761
v -0.035865 0.683278 -0.118872
v -0.035865 0.676606 -0.091085
v -0.035865 0.671696 -0.063681
v -0.035865 0.668367 -0.036929
v -0.035865 0.666439 -0.011096
v -0.035865 0.665731 0.013547
v -0.035865 0.666062 0.036733
v -0.035865 0.667251 0.058191
v -0.035865 0.671481 0.094851
v -0.035865 0.676970 0.121369
v -0.035865 0.686067 0.153941
v -0.035865 0.714082 0.251596
v -0.035865 0.735830 0.343701
v -0.035865 0.742179 0.398603
v -0.035865 0.738710 0.445939
v -0.035865 0.732404 0.466098
v -0.035865 0.721088 0.488233
v -0.035865 0.706987 0.508346
v -0.035865 0.698991 0.517616
v -0.035865 0.661656 0.549097
v -0.035865 0.640349 0.561268
v -0.035865 0.617043 0.571287
v -0.035865 0.595198 0.578568
v -0.035865 0.542844 0.585668
v 0.035865 1.492720 -0.707412
v 0.035865 1.474216 -0.703443
v -0.035865 1.474216 -0.703443
v -0.035865 1.492720 -0.707412
v -1.918587 0.000215 0.492284
v -1.918587 0.028823 0.492284
v -2.075274 0.028823 0.492284
v -2.075274 0.000215 0.492284
v -2.053452 0.045970 0.357971
v -1.940409 0.045970 0.357971
v -1.921928 0.034511 0.331185
v -2.071933 0.034511 0.331185
v -1.934695 0.045425 0.363172
v -1.934695 0.045425 0.456544
v -1.917974 0.035057 0.480779
v -1.917974 0.035057 0.338937
v -2.059166 0.045425 0.456544
v -2.059166 0.045425 0.363172
v -2.075887 0.035057 0.338937
v -2.075887 0.035057 0.480779
v -2.079356 0.000215 0.488202
v -2.079356 0.028823 0.488202
v -2.079356 0.028823 0.331514
v -2.079356 0.000215 0.331514
v -1.940409 0.045970 0.461745
v -2.053452 0.045970 0.461745
v -2.071933 0.034511 0.488531
v -1.921928 0.034511 0.488531
v -1.942247 0.047576 0.365806
v -2.051615 0.047576 0.365806
v -2.051615 0.047576 0.453910
v -1.942247 0.047576 0.453910
v -1.914505 0.000215 0.331514
v -1.914505 0.028823 0.331514
v -1.914505 0.028823 0.488202
v -1.914505 0.000215 0.488202
v -2.075274 0.000215 0.327432
v -2.075274 0.028823 0.327432
v -1.918587 0.028823 0.327432
v -1.918587 0.000215 0.327432
v -2.056465 0.046221 0.459261
v -2.055029 0.046891 0.457578
v -2.055517 0.046946 0.455227
v -2.052533 0.047106 0.457896
v -2.055517 0.046946 0.364489
v -2.055029 0.046891 0.362138
v -2.056465 0.046221 0.360455
v -2.052533 0.047105 0.361820
v -1.938344 0.046946 0.455227
v -1.938832 0.046891 0.457578
v -1.937396 0.046221 0.459261
v -1.941328 0.047106 0.457896
v -1.941328 0.047105 0.361820
v -1.938832 0.046891 0.362138
v -1.937396 0.046221 0.360455
v -1.938344 0.046946 0.364489
v -2.073604 0.032180 0.491185
v -2.077005 0.032330 0.489187
v -2.078161 0.028823 0.491088
v -2.074066 0.035308 0.484771
v -2.078341 0.032340 0.484490
v -2.074066 0.035308 0.334945
v -2.077005 0.032330 0.330529
v -2.078341 0.032340 0.335226
v -2.073604 0.032180 0.328531
v -2.078161 0.028823 0.328628
v -1.919795 0.035308 0.334945
v -1.916856 0.032330 0.330529
v -1.920258 0.032180 0.328531
v -1.915521 0.032340 0.335226
v -1.915700 0.028823 0.328628
v -1.919795 0.035308 0.484771
v -1.916856 0.032330 0.489187
v -1.915521 0.032340 0.484490
v -1.920258 0.032180 0.491185
v -1.915700 0.028823 0.491088
v -2.078161 0.000215 0.491088
v -2.078161 0.000215 0.328628
v -1.915700 0.000215 0.328628
v -1.915700 0.000215 0.491088
v -1.918587 0.000215 -0.394620
v -1.918587 0.028823 -0.394620
v -2.075274 0.028823 -0.394620
v -2.075274 0.000215 -0.394620
v -2.053452 0.045970 -0.528934
v -1.940409 0.045970 -0.528934
v -1.921928 0.034511 -0.555719
v -2.071933 0.034511 -0.555719
v -1.934695 0.045424 -0.523732
v -1.934695 0.045424 -0.430361
v -1.917974 0.035057 -0.406126
v -1.917974 0.035057 -0.547967
v -2.059166 0.045424 -0.430361
v -2.059166 0.045424 -0.523732
v -2.075887 0.035057 -0.547967
v -2.075887 0.035057 -0.406126
v -2.079356 0.000215 -0.398703
v -2.079356 0.028823 -0.398703
v -2.079356 0.028823 -0.555390
v -2.079356 0.000215 -0.555390
v -1.940409 0.045970 -0.425159
v -2.053452 0.045970 -0.425159
v -2.071933 0.034511 -0.398374
v -1.921928 0.034511 -0.398374
v -1.942247 0.047575 -0.521098
v -2.051615 0.047575 -0.521098
v -2.051615 0.047576 -0.432995
v -1.942247 0.047576 -0.432995
v -1.914505 0.000215 -0.555390
v -1.914505 0.028823 -0.555390
v -1.914505 0.028823 -0.398703
v -1.914505 0.000215 -0.398703
v -2.075274 0.000215 -0.559472
v -2.075274 0.028823 -0.559472
v -1.918587 0.028823 -0.559472
v -1.918587 0.000215 -0.559472
v -2.056465 0.046221 -0.427643
v -2.055029 0.046890 -0.429326
v -2.055517 0.046945 -0.431678
v -2.052533 0.047105 -0.429009
v -2.055517 0.046945 -0.522415
v -2.055029 0.046890 -0.524767
v -2.056465 0.046221 -0.526449
v -2.052533 0.047105 -0.525084
v -1.938344 0.046945 -0.431678
v -1.938832 0.046890 -0.429326
v -1.937396 0.046221 -0.427643
v -1.941328 0.047105 -0.429009
v -1.941328 0.047105 -0.525084
v -1.938832 0.046890 -0.524767
v -1.937396 0.046221 -0.526449
v -1.938344 0.046945 -0.522415
v -2.073604 0.032180 -0.395720
v -2.077005 0.032330 -0.397718
v -2.078161 0.028823 -0.395816
v -2.074066 0.035308 -0.402133
v -2.078341 0.032340 -0.402414
v -2.074066 0.035308 -0.551960
v -2.077005 0.032330 -0.556375
v -2.078341 0.032340 -0.551679
v -2.073604 0.032180 -0.558373
v -2.078161 0.028823 -0.558277
v -1.919795 0.035308 -0.551960
v -1.916856 0.032330 -0.556375
v -1.920258 0.032180 -0.558373
v -1.915521 0.032340 -0.551679
v -1.915700 0.028823 -0.558277
v -1.919795 0.035308 -0.402133
v -1.916856 0.032330 -0.397718
v -1.915521 0.032340 -0.402414
v -1.920258 0.032180 -0.395720
v -1.915700 0.028823 -0.395816
v -2.078161 0.000215 -0.395816
v -2.078161 0.000215 -0.558277
v -1.915700 0.000215 -0.558277
v -1.915700 0.000215 -0.395816
v 1.918587 0.000215 0.492284
v 2.075275 0.000215 0.492284
v 2.075275 0.028823 0.492284
v 1.918587 0.028823 0.492284
v 2.053452 0.045970 0.357971
v 2.071933 0.034511 0.331185
v 1.921928 0.034511 0.331185
v 1.940409 0.045970 0.357971
v 1.934695 0.045425 0.363172
v 1.917974 0.035057 0.338937
v 1.917974 0.035057 0.480778
v 1.934695 0.045425 0.456544
v 2.059166 0.045425 0.456544
v 2.075887 0.035057 0.480778
v 2.075887 0.035057 0.338937
v 2.059166 0.045425 0.363172
v 2.079356 0.000215 0.488202
v 2.079356 0.000215 0.331514
v 2.079356 0.028823 0.331514
v 2.079356 0.028823 0.488202
v 1.940409 0.045970 0.461745
v 1.921928 0.034511 0.488531
v 2.071933 0.034511 0.488531
v 2.053452 0.045970 0.461745
v 1.942246 0.047576 0.365806
v 1.942246 0.047576 0.453910
v 2.051615 0.047576 0.453910
v 2.051615 0.047576 0.365806
v 1.914504 0.000215 0.331514
v 1.914504 0.000215 0.488202
v 1.914504 0.028823 0.488202
v 1.914504 0.028823 0.331514
v 2.075275 0.000215 0.327432
v 1.918587 0.000215 0.327432
v 1.918587 0.028823 0.327432
v 2.075275 0.028823 0.327432
v 2.055517 0.046946 0.455227
v 2.055029 0.046891 0.457578
v 2.056465 0.046221 0.459261
v 2.052533 0.047106 0.457896
v 2.056465 0.046221 0.360455
v 2.055029 0.046891 0.362138
v 2.055517 0.046946 0.364489
v 2.052533 0.047105 0.361820
v 1.937396 0.046221 0.459261
v 1.938832 0.046891 0.457578
v 1.938344 0.046946 0.455227
v 1.941328 0.047106 0.457896
v 1.937396 0.046221 0.360455
v 1.938832 0.046891 0.362138
v 1.941328 0.047105 0.361820
v 1.938344 0.046946 0.364489
v 2.078161 0.028823 0.491088
v 2.077005 0.032330 0.489186
v 2.073604 0.032180 0.491185
v 2.074066 0.035308 0.484771
v 2.078341 0.032340 0.484490
v 2.078341 0.032340 0.335226
v 2.077005 0.032330 0.330529
v 2.074066 0.035308 0.334945
v 2.073604 0.032180 0.328531
v 2.078161 0.028823 0.328628
v 1.920257 0.032180 0.328531
v 1.916856 0.032330 0.330529
v 1.919795 0.035308 0.334945
v 1.915520 0.032340 0.335226
v 1.915700 0.028823 0.328628
v 1.915520 0.032340 0.484490
v 1.916856 0.032330 0.489186
v 1.919795 0.035308 0.484771
v 1.920257 0.032180 0.491185
v 1.915700 0.028823 0.491088
v 2.078161 0.000215 0.491088
v 2.078161 0.000215 0.328628
v 1.915700 0.000215 0.328628
v 1.915700 0.000215 0.491088
v 1.918587 0.000215 -0.394620
v 2.075275 0.000215 -0.394620
v 2.075275 0.028823 -0.394620
v 1.918587 0.028823 -0.394620
v 2.053452 0.045970 -0.528934
v 2.071933 0.034511 -0.555719
v 1.921928 0.034511 -0.555719
v 1.940409 0.045970 -0.528934
v 1.934695 0.045424 -0.523732
v 1.917974 0.035057 -0.547967
v 1.917974 0.035057 -0.406126
v 1.934695 0.045424 -0.430361
v 2.059166 0.045424 -0.430361
v 2.075887 0.035057 -0.406126
v 2.075887 0.035057 -0.547967
v 2.059166 0.045424 -0.523732
v 2.079356 0.000215 -0.398703
v 2.079356 0.000215 -0.555390
v 2.079356 0.028823 -0.555390
v 2.079356 0.028823 -0.398703
v 1.940409 0.045970 -0.425159
v 1.921928 0.034511 -0.398374
v 2.071933 0.034511 -0.398374
v 2.053452 0.045970 -0.425159
v 1.942246 0.047575 -0.521098
v 1.942246 0.047576 -0.432995
v 2.051615 0.047576 -0.432995
v 2.051615 0.047575 -0.521098
v 1.914504 0.000215 -0.555390
v 1.914504 0.000215 -0.398703
v 1.914504 0.028823 -0.398703
v 1.914504 0.028823 -0.555390
v 2.075275 0.000215 -0.559472
v 1.918587 0.000215 -0.559472
v 1.918587 0.028823 -0.559472
v 2.075275 0.028823 -0.559472
v 2.055517 0.046945 -0.431678
v 2.055029 0.046890 -0.429326
v 2.056465 0.046221 -0.427643
v 2.052533 0.047105 -0.429009
v 2.056465 0.046221 -0.526449
v 2.055029 0.046890 -0.524767
v 2.055517 0.046945 -0.522415
v 2.052533 0.047105 -0.525084
v 1.937396 0.046221 -0.427643
v 1.938832 0.046890 -0.429326
v 1.938344 0.046945 -0.431678
v 1.941328 0.047105 -0.429009
v 1.937396 0.046221 -0.526449
v 1.938832 0.046890 -0.524767
v 1.941328 0.047105 -0.525084
v 1.938344 0.046945 -0.522415
v 2.078161 0.028823 -0.395816
v 2.077005 0.032330 -0.397718
v 2.073604 0.032180 -0.395720
v 2.074066 0.035308 -0.402133
v 2.078341 0.032340 -0.402414
v 2.078341 0.032340 -0.551679
v 2.077005 0.032330 -0.556375
v 2.074066 0.035308 -0.551960
v 2.073604 0.032180 -0.558373
v 2.078161 0.028823 -0.558277
v 1.920257 0.032180 -0.558373
v 1.916856 0.032330 -0.556375
v 1.919795 0.035308 -0.551960
v 1.915520 0.032340 -0.551679
v 1.915700 0.028823 -0.558277
v 1.915520 0.032340 -0.402414
v 1.916856 0.032330 -0.397718
v 1.919795 0.035308 -0.402133
v 1.920257 0.032180 -0.395720
v 1.915700 0.028823 -0.395816
v 2.078161 0.000215 -0.395816
v 2.078161 0.000215 -0.558277
v 1.915700 0.000215 -0.558277
v 1.915700 0.000215 -0.395816
v -2.079356 0.000215 0.331514
v -2.078161 0.000215 0.328628
v -2.075274 0.000215 0.327432
v -1.918587 0.000215 0.327432
v -1.915700 0.000215 0.328628
v -1.914505 0.000215 0.331514
v -1.914505 0.000215 0.488202
v -1.915700 0.000215 0.491088
v -1.918587 0.000215 0.492284
v -2.075274 0.000215 0.492284
v -2.078161 0.000215 0.491088
v -2.079356 0.000215 0.488202
v -2.079356 0.000215 -0.555390
v -2.078161 0.000215 -0.558277
v -2.075274 0.000215 -0.559472
v -1.918587 0.000215 -0.559472
v -1.915700 0.000215 -0.558277
v -1.914505 0.000215 -0.555390
v -1.914505 0.000215 -0.398703
v -1.915700 0.000215 -0.395816
v -1.918587 0.000215 -0.394620
v -2.075274 0.000215 -0.394620
v -2.078161 0.000215 -0.395816
v -2.079356 0.000215 -0.398703
v 2.079356 0.000215 0.331514
v 2.079356 0.000215 0.488202
v 2.078161 0.000215 0.491088
v 2.075275 0.000215 0.492284
v 1.918587 0.000215 0.492284
v 1.915700 0.000215 0.491088
v 1.914504 0.000215 0.488202
v 1.914504 0.000215 0.331514
v 1.915700 0.000215 0.328628
v 1.918587 0.000215 0.327432
v 2.075275 0.000215 0.327432
v 2.078161 0.000215 0.328628
v 2.079356 0.000215 -0.555390
v 2.079356 0.000215 -0.398703
v 2.078161 0.000215 -0.395816
v 2.075275 0.000215 -0.394620
v 1.918587 0.000215 -0.394620
v 1.915700 0.000215 -0.395816
v 1.914504 0.000215 -0.398703
v 1.914504 0.000215 -0.555390
v 1.915700 0.000215 -0.558277
v 1.918587 0.000215 -0.559472
v 2.075275 0.000215 -0.559472
v 2.078161 0.000215 -0.558277
vn -0.0008 0.9701 -0.2428
vn -0.0007 -0.1423 -0.9898
vn -0.9971 0.0181 -0.0737
vn -0.0007 -0.2053 -0.9787
vn -0.0008 -0.9946 0.1039
vn -0.9971 -0.0424 -0.0628
vn -0.0007 0.9946 -0.1040
vn -0.9971 0.0424 0.0629
vn -0.0007 0.2053 0.9787
vn -0.0008 -0.9701 0.2428
vn -0.0008 0.1422 0.9898
vn -0.9971 -0.0182 0.0736
vn 0.0007 0.9701 -0.2428
vn 0.9971 0.0183 -0.0736
vn 0.0007 -0.1422 -0.9898
vn 0.0008 -0.9946 0.1039
vn 0.0008 -0.2053 -0.9787
vn 0.9971 -0.0423 -0.0630
vn 0.0007 0.9946 -0.1040
vn 0.0008 0.2053 0.9787
vn 0.9971 0.0423 0.0629
vn 0.0008 -0.9701 0.2427
vn 0.9971 -0.0184 0.0736
vn 0.0007 0.1421 0.9899
vn -0.0008 -0.2138 -0.9769
vn -0.0007 -0.9936 0.1128
vn -0.9971 -0.0731 -0.0204
vn -0.0007 -0.9844 0.1761
vn -0.0007 0.0744 0.9972
vn -0.9971 -0.0641 0.0405
vn -0.0008 -0.0743 -0.9972
vn -0.9971 0.0641 -0.0406
vn -0.0007 0.9844 -0.1761
vn -0.0007 0.2138 0.9769
vn -0.0007 0.9936 -0.1127
vn -0.9971 0.0730 0.0205
vn 0.0007 -0.2138 -0.9769
vn 0.9971 -0.0730 -0.0204
vn 0.0006 -0.9936 0.1128
vn 0.0007 0.0744 0.9972
vn 0.0007 -0.9844 0.1760
vn 0.9971 -0.0641 0.0405
vn 0.0007 -0.0744 -0.9972
vn 0.0008 0.9844 -0.1761
vn 0.9971 0.0641 -0.0404
vn 0.0008 0.2138 0.9769
vn 0.9971 0.0731 0.0205
vn 0.0007 0.9936 -0.1126
vn -0.0007 0.3610 -0.9326
vn -0.0007 -0.8907 -0.4545
vn -0.9971 -0.0497 -0.0574
vn -0.0007 -0.9180 -0.3966
vn -0.0008 -0.4885 0.8726
vn -0.9971 -0.0759 -0.0016
vn -0.0007 0.4885 -0.8726
vn -0.9971 0.0759 0.0016
vn -0.0007 0.9180 0.3966
vn -0.0008 -0.3610 0.9326
vn -0.0007 0.8907 0.4546
vn -0.9971 0.0496 0.0574
vn 0.0008 0.3610 -0.9326
vn 0.9971 -0.0496 -0.0574
vn 0.0007 -0.8907 -0.4545
vn 0.0007 -0.4885 0.8726
vn 0.0007 -0.9180 -0.3966
vn 0.9971 -0.0758 -0.0017
vn 0.0007 0.4886 -0.8725
vn 0.0007 0.9180 0.3966
vn 0.9971 0.0759 0.0017
vn 0.0008 -0.3610 0.9326
vn 0.9971 0.0495 0.0574
vn 0.0007 0.8907 0.4546
vn -0.0007 0.7756 -0.6313
vn -0.0007 -0.5487 -0.8360
vn -0.9971 -0.0147 -0.0745
vn -0.0007 -0.6010 -0.7992
vn -0.0007 -0.8566 0.5160
vn -0.9971 -0.0651 -0.0389
vn -0.0007 0.8566 -0.5160
vn -0.9971 0.0651 0.0389
vn -0.0007 0.6010 0.7992
vn -0.0007 -0.7756 0.6313
vn -0.0007 0.5486 0.8361
vn -0.9971 0.0147 0.0744
vn 0.0008 0.7755 -0.6313
vn 0.9971 -0.0147 -0.0744
vn 0.0007 -0.5486 -0.8361
vn 0.0007 -0.8565 0.5161
vn 0.0007 -0.6010 -0.7993
vn 0.9971 -0.0650 -0.0390
vn 0.0008 0.8566 -0.5160
vn 0.0007 0.6010 0.7993
vn 0.9971 0.0651 0.0390
vn 0.0007 -0.7755 0.6313
vn 0.9971 0.0146 0.0744
vn 0.0007 0.5486 0.8361
vn -0.0007 0.9132 -0.4076
vn -0.0007 -0.3120 -0.9501
vn -0.9971 0.0052 -0.0757
vn -0.0007 -0.3722 -0.9282
vn -0.0007 -0.9614 0.2752
vn -0.9971 -0.0527 -0.0546
vn -0.0007 0.9614 -0.2752
vn -0.9971 0.0527 0.0545
vn -0.0007 0.3722 0.9282
vn -0.0007 -0.9132 0.4076
vn -0.0007 0.3120 0.9501
vn -0.9971 -0.0053 0.0757
vn 0.0007 0.9131 -0.4076
vn 0.9971 0.0052 -0.0757
vn 0.0007 -0.3120 -0.9501
vn 0.0007 -0.9614 0.2752
vn 0.0007 -0.3721 -0.9282
vn 0.9971 -0.0527 -0.0546
vn 0.0007 0.9614 -0.2752
vn 0.0008 0.3722 0.9282
vn 0.9971 0.0527 0.0546
vn 0.0007 -0.9131 0.4076
vn 0.9971 -0.0052 0.0757
vn 0.0007 0.3119 0.9501
vn -0.0007 0.9455 -0.3257
vn -0.0007 -0.2273 -0.9738
vn -0.9971 0.0119 -0.0750
vn -0.0007 -0.2891 -0.9573
vn -0.0007 -0.9819 0.1895
vn -0.9971 -0.0477 -0.0589
vn -0.0007 0.9819 -0.1895
vn -0.9971 0.0477 0.0589
vn -0.0007 0.2891 0.9573
vn -0.0007 -0.9455 0.3257
vn -0.0007 0.2272 0.9738
vn -0.9971 -0.0119 0.0749
vn 0.0007 0.9455 -0.3257
vn 0.9971 0.0118 -0.0750
vn 0.0007 -0.2272 -0.9738
vn 0.0007 -0.9819 0.1896
vn 0.0007 -0.2891 -0.9573
vn 0.9971 -0.0477 -0.0591
vn 0.0007 0.9819 -0.1895
vn 0.0007 0.2890 0.9573
vn 0.9971 0.0477 0.0591
vn 0.0008 -0.9455 0.3257
vn 0.9971 -0.0119 0.0748
vn 0.0007 0.2271 0.9739
vn -0.0007 0.9506 -0.3104
vn -0.0007 -0.2116 -0.9774
vn -0.9971 0.0131 -0.0748
vn -0.0007 -0.2737 -0.9618
vn -0.0007 -0.9848 0.1737
vn -0.9971 -0.0467 -0.0598
vn -0.0007 0.9848 -0.1738
vn -0.9971 0.0468 0.0597
vn -0.0007 0.2737 0.9618
vn -0.0007 -0.9506 0.3105
vn -0.0007 0.2115 0.9774
vn -0.9971 -0.0131 0.0748
vn 0.0007 0.9506 -0.3105
vn 0.9971 0.0130 -0.0748
vn 0.0007 -0.2116 -0.9774
vn 0.0007 -0.9848 0.1738
vn 0.0008 -0.2737 -0.9618
vn 0.9971 -0.0468 -0.0598
vn 0.0007 0.9848 -0.1738
vn 0.0007 0.2737 0.9618
vn 0.9971 0.0467 0.0598
vn 0.0007 -0.9506 0.3105
vn 0.9971 -0.0131 0.0747
vn 0.0007 0.2115 0.9774
vn -0.0007 0.9409 -0.3387
vn -0.0007 -0.2407 -0.9706
vn -0.9971 0.0108 -0.0751
vn -0.0007 -0.3023 -0.9532
vn -0.0008 -0.9792 0.2031
vn -0.9971 -0.0485 -0.0583
vn -0.0007 0.9792 -0.2031
vn -0.9971 0.0485 0.0583
vn -0.0007 0.3023 0.9532
vn -0.0007 -0.9409 0.3387
vn -0.0007 0.2407 0.9706
vn -0.9971 -0.0109 0.0751
vn 0.0007 0.9409 -0.3388
vn 0.9971 0.0107 -0.0751
vn 0.0006 -0.2408 -0.9706
vn 0.0007 -0.9792 0.2031
vn 0.0007 -0.3023 -0.9532
vn 0.9971 -0.0485 -0.0584
vn 0.0007 0.9791 -0.2031
vn 0.0007 0.3023 0.9532
vn 0.9971 0.0485 0.0584
vn 0.0007 -0.9409 0.3388
vn 0.9971 -0.0109 0.0751
vn 0.0007 0.2406 0.9706
vn -0.0007 0.8545 -0.5194
vn -0.0007 -0.4292 -0.9032
vn -0.9971 -0.0044 -0.0758
vn -0.0007 -0.4862 -0.8739
vn -0.0007 -0.9190 0.3942
vn -0.9971 -0.0592 -0.0474
vn -0.0007 0.9191 -0.3941
vn -0.9971 0.0592 0.0475
vn -0.0007 0.4861 0.8739
vn -0.0007 -0.8545 0.5194
vn -0.0008 0.4292 0.9032
vn -0.9971 0.0044 0.0758
vn 0.0007 0.8545 -0.5194
vn 0.9971 -0.0044 -0.0757
vn 0.0007 -0.4292 -0.9032
vn 0.0007 -0.9191 0.3941
vn 0.0007 -0.4861 -0.8739
vn 0.9971 -0.0591 -0.0476
vn 0.0007 0.9191 -0.3941
vn 0.0008 0.4861 0.8739
vn 0.9971 0.0591 0.0476
vn 0.0007 -0.8545 0.5194
vn 0.9971 0.0043 0.0757
vn 0.0007 0.4292 0.9032
vn -0.0007 0.4547 -0.8907
vn -0.0007 -0.8395 -0.5433
vn -0.9971 -0.0436 -0.0622
vn -0.0007 -0.8726 -0.4885
vn -0.0008 -0.5753 0.8180
vn -0.9971 -0.0753 -0.0094
vn -0.0007 0.5753 -0.8179
vn -0.9971 0.0753 0.0093
vn -0.0007 0.8726 0.4885
vn -0.0007 -0.4546 0.8907
vn -0.0007 0.8395 0.5434
vn -0.9971 0.0435 0.0621
vn 0.0008 0.4546 -0.8907
vn 0.9971 -0.0436 -0.0622
vn 0.0006 -0.8395 -0.5433
vn 0.0007 -0.5753 0.8179
vn 0.0008 -0.8726 -0.4885
vn 0.9971 -0.0753 -0.0094
vn 0.0008 0.5753 -0.8179
vn 0.0007 0.8725 0.4886
vn 0.9971 0.0753 0.0094
vn 0.0007 -0.4546 0.8907
vn 0.9971 0.0434 0.0622
vn 0.0007 0.8395 0.5434
vn -0.0007 0.0718 -0.9974
vn -0.0007 -0.9848 -0.1734
vn -0.9971 -0.0643 -0.0403
vn -0.0007 -0.9939 -0.1101
vn -0.0007 -0.2112 0.9774
vn -0.9971 -0.0730 0.0207
vn -0.0007 0.2113 -0.9774
vn -0.9971 0.0730 -0.0207
vn -0.0007 0.9939 0.1101
vn -0.0007 -0.0718 0.9974
vn -0.0008 0.9848 0.1736
vn -0.9971 0.0643 0.0403
vn 0.0007 0.0718 -0.9974
vn 0.9971 -0.0643 -0.0403
vn 0.0006 -0.9848 -0.1735
vn 0.0007 -0.2113 0.9774
vn 0.0007 -0.9939 -0.1101
vn 0.9971 -0.0731 0.0206
vn 0.0007 0.2113 -0.9774
vn 0.0008 0.9939 0.1101
vn 0.9971 0.0730 -0.0206
vn 0.0007 -0.0718 0.9974
vn 0.9971 0.0642 0.0404
vn 0.0007 0.9848 0.1736
vn -0.0008 -0.1936 -0.9811
vn -0.0007 -0.9957 0.0923
vn -0.9971 -0.0727 -0.0220
vn -0.0007 -0.9878 0.1557
vn -0.0007 0.0538 0.9986
vn -0.9971 -0.0649 0.0392
vn -0.0007 -0.0537 -0.9986
vn -0.9971 0.0649 -0.0392
vn -0.0007 0.9878 -0.1557
vn -0.0007 0.1936 0.9811
vn -0.0008 0.9957 -0.0921
vn -0.9971 0.0726 0.0219
vn 0.0007 -0.1936 -0.9811
vn 0.9971 -0.0727 -0.0219
vn 0.0007 -0.9957 0.0922
vn 0.0007 0.0537 0.9986
vn 0.0008 -0.9878 0.1557
vn 0.9971 -0.0650 0.0392
vn 0.0008 -0.0537 -0.9986
vn 0.0008 0.9878 -0.1557
vn 0.9971 0.0650 -0.0392
vn 0.0007 0.1935 0.9811
vn 0.9971 0.0725 0.0221
vn 0.0007 0.9958 -0.0921
vn -0.0007 -0.3475 -0.9377
vn -0.0007 -0.9683 0.2498
vn -0.9971 -0.0753 -0.0101
vn -0.0007 -0.9503 0.3113
vn -0.0008 0.2123 0.9772
vn -0.9971 -0.0579 0.0491
vn -0.0007 -0.2123 -0.9772
vn -0.9971 0.0578 -0.0491
vn -0.0007 0.9503 -0.3113
vn -0.0007 0.3475 0.9377
vn -0.0007 0.9683 -0.2498
vn -0.9971 0.0752 0.0101
vn 0.0007 -0.3476 -0.9377
vn 0.9971 -0.0753 -0.0101
vn 0.0007 -0.9683 0.2498
vn 0.0008 0.2123 0.9772
vn 0.0008 -0.9503 0.3113
vn 0.9971 -0.0579 0.0490
vn 0.0007 -0.2123 -0.9772
vn 0.0008 0.9503 -0.3113
vn 0.9971 0.0579 -0.0490
vn 0.0008 0.3475 0.9377
vn 0.9971 0.0752 0.0102
vn 0.0007 0.9683 -0.2497
vn -0.0007 -0.2846 -0.9586
vn -0.0007 -0.9827 0.1851
vn -0.9971 -0.0744 -0.0150
vn -0.0007 -0.9689 0.2476
vn -0.0007 0.1470 0.9891
vn -0.9971 -0.0610 0.0451
vn -0.0007 -0.1470 -0.9891
vn -0.9971 0.0610 -0.0451
vn -0.0007 0.9689 -0.2476
vn -0.0007 0.2846 0.9586
vn -0.0008 0.9827 -0.1849
vn -0.9971 0.0744 0.0150
vn 0.0007 -0.2846 -0.9586
vn 0.9971 -0.0744 -0.0151
vn 0.0006 -0.9827 0.1851
vn 0.0007 0.1470 0.9891
vn 0.0008 -0.9689 0.2476
vn 0.9971 -0.0610 0.0450
vn 0.0008 -0.1470 -0.9891
vn 0.0008 0.9689 -0.2476
vn 0.9971 0.0610 -0.0450
vn 0.0008 0.2846 0.9587
vn 0.9971 0.0744 0.0152
vn 0.0007 0.9828 -0.1849
vn -0.0007 0.0480 -0.9988
vn -0.0007 -0.9887 -0.1499
vn -0.9971 -0.0653 -0.0388
vn -0.0007 -0.9963 -0.0863
vn -0.0007 -0.1879 0.9822
vn -0.9971 -0.0724 0.0225
vn -0.0007 0.1879 -0.9822
vn -0.9971 0.0724 -0.0224
vn -0.0007 0.9963 0.0863
vn -0.0007 -0.0480 0.9988
vn -0.0008 0.9887 0.1499
vn -0.9971 0.0652 0.0388
vn 0.0007 0.0480 -0.9988
vn 0.9971 -0.0652 -0.0388
vn 0.0007 -0.9887 -0.1498
vn 0.0007 -0.1879 0.9822
vn 0.0008 -0.9963 -0.0863
vn 0.9971 -0.0725 0.0224
vn 0.0007 0.1879 -0.9822
vn 0.0008 0.9963 0.0863
vn 0.9971 0.0725 -0.0223
vn 0.0008 -0.0480 0.9988
vn 0.9971 0.0651 0.0388
vn 0.0007 0.9887 0.1500
vn -0.0007 0.7206 -0.6934
vn -0.0007 -0.6160 -0.7878
vn -0.9971 -0.0209 -0.0730
vn -0.0007 -0.6651 -0.7468
vn -0.0008 -0.8109 0.5851
vn -0.9971 -0.0680 -0.0334
vn -0.0008 0.8110 -0.5851
vn -0.9971 0.0680 0.0335
vn -0.0007 0.6651 0.7468
vn -0.0008 -0.7206 0.6933
vn -0.0008 0.6159 0.7878
vn -0.9971 0.0209 0.0729
vn 0.0007 0.7206 -0.6933
vn 0.9971 -0.0207 -0.0730
vn 0.0007 -0.6159 -0.7878
vn 0.0008 -0.8110 0.5851
vn 0.0007 -0.6650 -0.7468
vn 0.9971 -0.0681 -0.0335
vn 0.0008 0.8110 -0.5851
vn 0.0008 0.6651 0.7468
vn 0.9971 0.0680 0.0335
vn 0.0007 -0.7207 0.6933
vn 0.9971 0.0206 0.0729
vn 0.0008 0.6158 0.7879
vn -0.0107 -0.9890 0.1476
vn 0.0112 -0.9858 0.1674
vn -0.0112 -0.9859 0.1670
vn -0.9987 0.0085 -0.0494
vn -0.9999 -0.0169 0.0029
vn -0.9998 0.0200 -0.0034
vn -0.0107 0.9707 -0.2402
vn 0.0111 0.9860 -0.1663
vn 0.0108 0.9707 -0.2402
vn 0.9998 0.0200 -0.0034
vn 0.9999 -0.0166 0.0018
vn 0.9999 -0.0168 0.0029
vn 0.0112 -0.9945 0.1042
vn -0.0112 -0.9945 0.1042
vn -0.9999 -0.0167 0.0018
vn -0.9998 0.0205 -0.0021
vn -0.0111 0.9859 -0.1670
vn 0.0111 0.9947 -0.1025
vn 0.9998 0.0204 -0.0021
vn 0.9999 -0.0161 0.0005
vn 0.0111 -0.9995 0.0286
vn -0.0112 -0.9995 0.0286
vn -0.9999 -0.0162 0.0006
vn -0.9998 0.0211 -0.0005
vn -0.0111 0.9949 -0.1005
vn 0.0111 0.9996 -0.0261
vn 0.9998 0.0210 -0.0005
vn 0.9999 -0.0155 -0.0009
vn -0.0112 -0.9983 -0.0570
vn -0.9999 -0.0155 -0.0008
vn -0.9998 0.0218 0.0013
vn -0.0111 0.9997 -0.0240
vn 0.0112 0.9981 0.0601
vn 0.9998 0.0218 0.0013
vn 0.9999 -0.0145 -0.0022
vn 0.0111 -0.9983 -0.0570
vn -0.0112 -0.9884 -0.1512
vn -0.9999 -0.0146 -0.0022
vn -0.9997 0.0222 0.0035
vn -0.0111 0.9876 0.1564
vn 0.0111 0.9880 0.1543
vn 0.9997 0.0222 0.0035
vn 0.9999 -0.0136 -0.0035
vn 0.0112 -0.9679 -0.2510
vn -0.0112 -0.9679 -0.2510
vn -0.9999 -0.0136 -0.0035
vn -0.9997 0.0223 0.0058
vn 0.0111 0.9674 0.2531
vn 0.9997 0.0219 0.0083
vn 0.9999 -0.0129 -0.0048
vn -0.0111 -0.9362 -0.3513
vn -0.9997 0.0219 0.0082
vn -0.0110 0.9669 0.2549
vn 0.0111 0.9362 0.3513
vn 0.9997 0.0210 0.0104
vn 0.9999 -0.0124 -0.0061
vn 0.0112 -0.8952 -0.4455
vn -0.0113 -0.8953 -0.4454
vn -0.9999 -0.0129 -0.0050
vn -0.9997 0.0210 0.0104
vn -0.0111 0.8960 0.4440
vn 0.0111 0.8964 0.4431
vn 0.9997 0.0195 0.0120
vn 0.9999 -0.0121 -0.0075
vn -0.0112 -0.8498 -0.5270
vn -0.9999 -0.0123 -0.0064
vn -0.9997 0.0196 0.0120
vn 0.0110 0.8520 0.5235
vn 0.9998 0.0179 0.0130
vn 0.9999 -0.0121 -0.0089
vn 0.0112 -0.8505 -0.5259
vn -0.0112 -0.8055 -0.5925
vn -0.9999 -0.0119 -0.0078
vn -0.9998 0.0179 0.0131
vn -0.0111 0.8517 0.5240
vn 0.0110 0.8080 0.5891
vn 0.9998 0.0163 0.0135
vn 0.9999 -0.0124 -0.0103
vn 0.0112 -0.8065 -0.5911
vn -0.0112 -0.7672 -0.6413
vn -0.9999 -0.0120 -0.0092
vn -0.9998 0.0163 0.0136
vn -0.0111 0.7693 0.6388
vn 0.0111 0.7693 0.6388
vn 0.9998 0.0152 0.0138
vn 0.9999 -0.0124 -0.0113
vn 0.0112 -0.7396 -0.6730
vn -0.0112 -0.7395 -0.6731
vn -0.9999 -0.0122 -0.0105
vn -0.9998 0.0152 0.0138
vn 0.0111 0.7403 0.6721
vn 0.9998 0.0146 0.0141
vn 0.9999 -0.0121 -0.0118
vn -0.0111 -0.7178 -0.6962
vn -0.9999 -0.0123 -0.0114
vn -0.9998 0.0146 0.0142
vn -0.0111 0.7171 0.6968
vn 0.0111 0.7176 0.6964
vn 0.9999 -0.0115 -0.0120
vn 0.0112 -0.7172 -0.6968
vn -0.0111 -0.6937 -0.7202
vn -0.9999 -0.0116 -0.0119
vn -0.9998 0.0143 0.0149
vn -0.0111 0.6926 0.7212
vn 0.0111 0.6931 0.7208
vn 0.9998 0.0143 0.0149
vn 0.9999 -0.0108 -0.0121
vn 0.0111 -0.6928 -0.7210
vn -0.0111 -0.6649 -0.7469
vn -0.9999 -0.0108 -0.0121
vn -0.9998 0.0140 0.0158
vn -0.0111 0.6639 0.7478
vn 0.0111 0.6643 0.7474
vn 0.9998 0.0139 0.0157
vn 0.9999 -0.0100 -0.0123
vn 0.0111 -0.6641 -0.7476
vn -0.0111 -0.6321 -0.7748
vn -0.9999 -0.0101 -0.0123
vn -0.9998 0.0135 0.0166
vn 0.0111 0.6318 0.7751
vn 0.9998 0.0135 0.0165
vn 0.9999 -0.0094 -0.0127
vn 0.0111 -0.6316 -0.7752
vn -0.0111 -0.5968 -0.8023
vn -0.9999 -0.0094 -0.0127
vn -0.9998 0.0128 0.0172
vn -0.0111 0.6315 0.7753
vn 0.0111 0.5969 0.8022
vn 0.9998 0.0120 0.0176
vn 0.9999 -0.0089 -0.0131
vn 0.0111 -0.5967 -0.8024
vn -0.0112 -0.5612 -0.8276
vn -0.9998 0.0120 0.0177
vn -0.0111 0.5968 0.8023
vn 0.0111 0.5618 0.8272
vn 0.9998 0.0110 0.0178
vn 0.9999 -0.0086 -0.0139
vn 0.0112 -0.5615 -0.8274
vn -0.0112 -0.5276 -0.8494
vn -0.9999 -0.0089 -0.0132
vn -0.9998 0.0111 0.0178
vn -0.0111 0.5618 0.8272
vn 0.0110 0.5283 0.8490
vn 0.9998 0.0102 0.0178
vn 0.9999 -0.0083 -0.0145
vn 0.0111 -0.5281 -0.8491
vn -0.0111 -0.4980 -0.8671
vn -0.9999 -0.0086 -0.0139
vn -0.9998 0.0102 0.0178
vn -0.0111 0.5285 0.8489
vn 0.0111 0.4988 0.8666
vn 0.9998 0.0095 0.0176
vn 0.9999 -0.0082 -0.0152
vn 0.0112 -0.4745 -0.8802
vn -0.0111 -0.4739 -0.8805
vn -0.9999 -0.0083 -0.0146
vn -0.9998 0.0095 0.0176
vn -0.0111 0.4990 0.8665
vn 0.0111 0.4745 0.8802
vn 0.9998 0.0089 0.0174
vn 0.9998 -0.0081 -0.0158
vn -0.0111 -0.4558 -0.8900
vn -0.9999 -0.0082 -0.0153
vn -0.9998 0.0089 0.0173
vn -0.0111 0.4747 0.8801
vn 0.0111 0.4562 0.8898
vn 0.9998 0.0087 0.0176
vn 0.9998 -0.0078 -0.0157
vn 0.0111 -0.4562 -0.8898
vn -0.0112 -0.4446 -0.8957
vn -0.9998 -0.0081 -0.0158
vn -0.9998 0.0087 0.0176
vn -0.0111 0.4564 0.8897
vn 0.0111 0.4438 0.8961
vn 0.9998 -0.0072 -0.0158
vn 0.0112 -0.4446 -0.8957
vn -0.0111 -0.4126 -0.9108
vn -0.9998 -0.0075 -0.0157
vn -0.9998 0.0082 0.0182
vn -0.0111 0.4120 0.9111
vn 0.0111 0.4119 0.9111
vn 0.9998 0.0083 0.0180
vn 0.9998 -0.0065 -0.0163
vn 0.0111 -0.3683 -0.9296
vn -0.0112 -0.3683 -0.9297
vn -0.9998 -0.0065 -0.0163
vn -0.9998 0.0073 0.0183
vn 0.0111 0.3689 0.9294
vn 0.9998 0.0063 0.0183
vn 0.9998 -0.0058 -0.0169
vn 0.0111 -0.3263 -0.9452
vn -0.0111 -0.3248 -0.9457
vn -0.9998 0.0063 0.0184
vn -0.0111 0.3712 0.9285
vn 0.0111 0.3256 0.9454
vn 0.9998 0.0057 0.0182
vn 0.9998 -0.0054 -0.0174
vn 0.0111 -0.2973 -0.9547
vn -0.0111 -0.2967 -0.9549
vn -0.9998 -0.0058 -0.0169
vn -0.9998 0.0057 0.0182
vn -0.0111 0.2975 0.9547
vn 0.0111 0.2970 0.9548
vn 0.9998 0.0052 0.0182
vn 0.9998 -0.0051 -0.0176
vn 0.0111 -0.2774 -0.9607
vn -0.0111 -0.2772 -0.9608
vn -0.9998 -0.0054 -0.0175
vn -0.9998 0.0053 0.0182
vn -0.0111 0.2775 0.9607
vn 0.0111 0.2773 0.9607
vn 0.9998 0.0050 0.0181
vn 0.9998 -0.0048 -0.0178
vn 0.0111 -0.2637 -0.9645
vn -0.0111 -0.2636 -0.9646
vn -0.9998 -0.0051 -0.0177
vn -0.9998 0.0050 0.0182
vn -0.0111 0.2637 0.9645
vn 0.0111 0.2637 0.9646
vn 0.9998 0.0048 0.0181
vn 0.9998 -0.0047 -0.0179
vn 0.0112 -0.2545 -0.9670
vn -0.0111 -0.2545 -0.9670
vn -0.9998 -0.0049 -0.0178
vn -0.9998 0.0048 0.0182
vn 0.0111 0.2545 0.9670
vn 0.9998 0.0046 0.0181
vn 0.9998 -0.0046 -0.0180
vn -0.0111 -0.2490 -0.9684
vn -0.9998 -0.0047 -0.0180
vn -0.9998 0.0047 0.0181
vn -0.0111 0.2490 0.9684
vn 0.0111 0.2491 0.9684
vn 0.0111 -0.2490 -0.9684
vn -0.0111 -0.2469 -0.9690
vn -0.9998 -0.0046 -0.0180
vn -0.9998 0.0046 0.0181
vn 0.0112 0.2469 0.9690
vn 0.9998 0.0046 0.0180
vn 0.9998 -0.0046 -0.0181
vn 0.0111 -0.2482 -0.9687
vn -0.0111 -0.2481 -0.9687
vn -0.9998 -0.0046 -0.0181
vn -0.0111 0.2469 0.9690
vn 0.0112 0.2481 0.9687
vn 0.9998 0.0047 0.0179
vn 0.9998 -0.0047 -0.0181
vn -0.0111 -0.2534 -0.9673
vn -0.9998 -0.0047 -0.0181
vn -0.9998 0.0047 0.0180
vn -0.0111 0.2481 0.9687
vn 0.0112 0.2533 0.9673
vn 0.9998 0.0049 0.0178
vn 0.9998 -0.0050 -0.0182
vn 0.0111 -0.2535 -0.9673
vn -0.0111 -0.2640 -0.9644
vn -0.9998 -0.0048 -0.0182
vn -0.9998 0.0049 0.0178
vn -0.0111 0.2644 0.9643
vn 0.0111 0.2640 0.9645
vn 0.9998 0.0051 0.0175
vn 0.9998 -0.0053 -0.0182
vn 0.0112 -0.2644 -0.9643
vn -0.0111 -0.2804 -0.9598
vn -0.9998 -0.0050 -0.0182
vn -0.9998 0.0051 0.0176
vn -0.0111 0.2809 0.9597
vn 0.0111 0.2803 0.9599
vn 0.9998 0.0055 0.0172
vn 0.9998 -0.0058 -0.0183
vn 0.0111 -0.3016 -0.9534
vn -0.0111 -0.3017 -0.9533
vn -0.9998 -0.0053 -0.0182
vn -0.9998 0.0055 0.0173
vn -0.0111 0.3015 0.9534
vn 0.0111 0.3014 0.9534
vn 0.9998 0.0059 0.0169
vn 0.9998 -0.0063 -0.0183
vn 0.0111 -0.3287 -0.9444
vn -0.0111 -0.3288 -0.9443
vn -0.9998 -0.0058 -0.0183
vn -0.9998 0.0059 0.0169
vn 0.0112 0.3284 0.9445
vn 0.9998 0.0065 0.0165
vn 0.9998 -0.0071 -0.0182
vn -0.0111 -0.3651 -0.9309
vn -0.9998 -0.0064 -0.0183
vn -0.9998 0.0065 0.0166
vn -0.0112 0.3285 0.9444
vn 0.0112 0.3645 0.9311
vn 0.9998 0.0072 0.0160
vn 0.9998 -0.0081 -0.0180
vn 0.0111 -0.3649 -0.9310
vn -0.0111 -0.4110 -0.9116
vn -0.9998 -0.0072 -0.0182
vn -0.9998 0.0072 0.0160
vn -0.0112 0.3647 0.9311
vn 0.0111 0.4102 0.9119
vn 0.9999 0.0080 0.0152
vn 0.9998 -0.0093 -0.0177
vn 0.0111 -0.4108 -0.9117
vn -0.0111 -0.4665 -0.8844
vn -0.9998 -0.0082 -0.0181
vn -0.9999 0.0080 0.0153
vn -0.0111 0.4658 0.8848
vn 0.0112 0.4656 0.8849
vn 0.9998 0.0096 0.0153
vn 0.9998 -0.0101 -0.0162
vn 0.0111 -0.5263 -0.8502
vn -0.0111 -0.5263 -0.8503
vn -0.9998 -0.0095 -0.0177
vn -0.9998 0.0096 0.0154
vn 0.0111 0.5302 0.8478
vn 1.0000 -0.0028 -0.0049
vn -0.0112 -0.5268 -0.8499
vn -1.0000 -0.0029 -0.0049
vn -0.9999 0.0095 0.0113
vn -0.0111 0.5304 0.8477
vn 0.0111 0.6430 0.7658
vn 1.0000 -0.0027 0.0002
vn 1.0000 0.0061 -0.0066
vn 1.0000 0.0003 -0.0028
vn -1.0000 0.0061 -0.0066
vn -0.9999 -0.0115 0.0129
vn -1.0000 -0.0057 0.0053
vn 1.0000 -0.0052 -0.0034
vn 0.9999 0.0142 0.0095
vn 0.9998 -0.0169 -0.0111
vn -0.0111 -0.6662 0.7457
vn 0.0111 -0.7224 0.6913
vn -0.0112 -0.7224 0.6913
vn -1.0000 -0.0052 -0.0035
vn -0.9999 0.0142 0.0094
vn -0.9999 0.0104 0.0100
vn 0.0111 0.7217 0.6922
vn -0.0112 0.8326 0.5538
vn 0.0112 0.8331 0.5531
vn 0.9999 0.0146 0.0072
vn 0.9998 -0.0187 -0.0093
vn -0.0111 -0.8372 -0.5469
vn 0.0112 -0.8956 -0.4447
vn -0.0111 -0.8957 -0.4446
vn -0.9998 -0.0169 -0.0112
vn -0.9999 0.0147 0.0072
vn -0.0112 0.8960 0.4439
vn 0.0112 0.8966 0.4427
vn 0.9998 -0.0192 -0.0070
vn -0.0111 -0.9398 -0.3416
vn -0.9998 -0.0191 -0.0073
vn -0.9999 0.0159 0.0057
vn -0.0112 0.9410 0.3381
vn 0.0112 0.9410 0.3381
vn 0.9999 0.0158 0.0057
vn 0.9998 -0.0192 -0.0053
vn 0.0111 -0.9642 -0.2650
vn -0.0111 -0.9639 -0.2659
vn -0.9998 -0.0192 -0.0054
vn -0.9998 0.0168 0.0046
vn 0.0111 0.9643 0.2646
vn 0.9998 0.0167 0.0046
vn 0.9998 -0.0193 -0.0041
vn -0.0111 -0.9786 -0.2056
vn -0.9998 -0.0194 -0.0041
vn -0.9998 0.0172 0.0036
vn -0.0112 0.9787 0.2050
vn 0.0111 0.9786 0.2054
vn 0.9998 0.0172 0.0036
vn 0.9998 -0.0195 -0.0030
vn 0.0110 -0.9787 -0.2051
vn -0.0111 -0.9885 -0.1506
vn -0.9998 -0.0195 -0.0030
vn -0.9998 0.0174 0.0027
vn 0.0111 0.9886 0.1504
vn 0.9998 0.0174 0.0026
vn 0.9998 -0.0195 -0.0020
vn 0.0111 -0.9950 -0.0991
vn -0.0111 -0.9950 -0.0997
vn -0.9998 -0.0195 -0.0020
vn -0.9998 0.0176 0.0018
vn -0.0111 0.9886 0.1500
vn 0.0112 0.9950 0.0995
vn 0.9998 0.0175 0.0017
vn 0.9998 -0.0195 -0.0010
vn -0.0111 -0.9986 -0.0523
vn -0.9998 -0.0196 -0.0010
vn -0.9998 0.0176 0.0009
vn -0.0112 0.9986 0.0516
vn 0.0111 0.9986 0.0522
vn 0.9998 0.0176 0.0009
vn 0.9998 -0.0196 -0.0002
vn 0.0111 -0.9986 -0.0517
vn -0.0111 -0.9999 -0.0080
vn -0.9998 -0.0197 -0.0002
vn -0.9998 0.0177 0.0001
vn 0.0111 0.9999 0.0079
vn 0.9998 0.0176 0.0001
vn 0.9998 -0.0196 0.0007
vn 0.0111 -0.9999 -0.0073
vn -0.0111 -0.9994 0.0340
vn -0.9998 -0.0196 0.0007
vn -0.9998 0.0176 -0.0006
vn -0.0111 0.9999 0.0072
vn 0.0112 0.9994 -0.0340
vn 0.9998 0.0176 -0.0006
vn 0.9998 -0.0197 0.0015
vn 0.0111 -0.9993 0.0348
vn -0.0111 -0.9972 0.0746
vn -0.9998 -0.0197 0.0015
vn -0.9998 0.0176 -0.0013
vn -0.0111 0.9993 -0.0348
vn 0.0111 0.9972 -0.0745
vn 0.9998 0.0173 -0.0020
vn 0.9998 -0.0197 0.0023
vn 0.0112 -0.9971 0.0754
vn -0.0111 -0.9933 0.1149
vn -0.9998 0.0174 -0.0020
vn -0.0111 0.9971 -0.0754
vn 0.0112 0.9933 -0.1146
vn 0.9999 0.0170 -0.0027
vn 0.9998 -0.0198 0.0032
vn 0.0111 -0.9932 0.1159
vn -0.0111 -0.9875 0.1570
vn -0.9998 -0.0197 0.0023
vn -0.9999 0.0170 -0.0027
vn -0.0111 0.9932 -0.1158
vn 0.0112 0.9876 -0.1563
vn 0.9999 0.0165 -0.0034
vn 0.9998 -0.0200 0.0041
vn 0.0111 -0.9874 0.1582
vn -0.0111 -0.9791 0.2029
vn -0.9998 -0.0199 0.0032
vn -0.9999 0.0166 -0.0034
vn -0.0111 0.9874 -0.1579
vn 0.0111 0.9792 -0.2027
vn 0.9998 -0.0188 0.0050
vn 0.0111 -0.9787 0.2051
vn -0.0111 -0.9666 0.2561
vn -0.9998 -0.0188 0.0047
vn -0.9998 0.0173 -0.0046
vn -0.0111 0.9787 -0.2052
vn 0.0112 0.9661 -0.2579
vn 0.9998 0.0173 -0.0044
vn 0.9998 -0.0182 0.0051
vn 0.0111 -0.9666 0.2560
vn -0.0111 -0.9626 0.2705
vn -0.9998 -0.0182 0.0051
vn -0.9998 0.0178 -0.0050
vn -0.0111 0.9661 -0.2579
vn 0.0112 0.9626 -0.2708
vn 0.9998 0.0177 -0.0050
vn 0.9998 -0.0179 0.0051
vn 0.0111 -0.9619 0.2733
vn -0.0111 -0.9619 0.2733
vn -0.9998 -0.0180 0.0051
vn -0.9998 0.0179 -0.0051
vn -0.0111 0.9626 -0.2708
vn 0.0111 0.9618 -0.2734
vn 0.9998 0.0179 -0.0051
vn 0.9998 -0.0179 0.0050
vn -0.0112 -0.9631 0.2689
vn -0.9998 -0.0178 0.0050
vn -0.9998 0.0181 -0.0051
vn -0.0111 0.9619 -0.2733
vn 0.0111 0.9631 -0.2688
vn 0.9998 0.0181 -0.0050
vn 0.9998 -0.0177 0.0047
vn 0.0111 -0.9631 0.2688
vn -0.0112 -0.9664 0.2569
vn -0.9998 -0.0178 0.0047
vn -0.9998 0.0183 -0.0049
vn -0.0111 0.9664 -0.2567
vn 0.0112 0.9664 -0.2568
vn 0.9998 0.0183 -0.0049
vn 0.9998 -0.0177 0.0043
vn 0.0111 -0.9664 0.2567
vn -0.0111 -0.9715 0.2367
vn -0.9998 -0.0177 0.0043
vn -0.9998 0.0186 -0.0045
vn 0.0111 0.9716 -0.2363
vn 0.9998 0.0186 -0.0045
vn 0.9998 -0.0175 0.0037
vn 0.0111 -0.9785 0.2058
vn -0.0111 -0.9784 0.2066
vn -0.9998 -0.0175 0.0037
vn -0.9998 0.0190 -0.0040
vn -0.0111 0.9717 -0.2361
vn 0.0111 0.9785 -0.2059
vn 0.9998 0.0189 -0.0040
vn 0.9998 -0.0173 0.0029
vn 0.0111 -0.9865 0.1631
vn -0.0112 -0.9863 0.1644
vn -0.9998 -0.0173 0.0030
vn -0.9998 0.0194 -0.0032
vn -0.0111 0.9786 -0.2055
vn 0.0111 0.9865 -0.1632
vn 0.9998 0.0194 -0.0032
vn 0.9999 -0.0169 0.0018
vn -0.0112 -0.9942 0.1071
vn -0.9999 -0.0169 0.0020
vn -0.9998 0.0202 -0.0021
vn -0.0111 0.9946 -0.1035
vn 0.0112 0.9944 -0.1047
vn 0.9998 0.0201 -0.0021
vn 0.9999 -0.0162 0.0005
vn 0.0112 -0.9944 0.1047
vn -0.0112 -0.9995 0.0306
vn -0.9999 -0.0163 0.0009
vn -0.9998 0.0210 -0.0005
vn -0.0111 0.9997 -0.0236
vn 0.0111 0.9996 -0.0253
vn 0.9999 -0.0149 -0.0010
vn 0.0112 -0.9995 0.0306
vn -0.0112 -0.9975 -0.0695
vn -0.9999 -0.0150 -0.0003
vn -0.9998 0.0222 0.0018
vn -0.0112 0.9964 0.0835
vn 0.0111 0.9967 0.0810
vn 0.9998 0.0222 0.0019
vn 0.9999 -0.0133 -0.0030
vn 0.0112 -0.9975 -0.0696
vn -0.0113 -0.9761 -0.2170
vn -0.9999 -0.0134 -0.0031
vn -0.9997 0.0228 0.0052
vn -0.0112 0.9753 0.2204
vn 0.0111 0.9753 0.2205
vn 0.9997 0.0224 0.0087
vn 0.9999 -0.0123 -0.0047
vn 0.0112 -0.9761 -0.2171
vn -0.0113 -0.9354 -0.3534
vn -0.9997 0.0226 0.0083
vn 0.0111 0.9383 0.3457
vn 0.9997 0.0208 0.0104
vn 0.9999 -0.0124 -0.0064
vn 0.0112 -0.8885 -0.4588
vn -0.0112 -0.8885 -0.4588
vn -0.9999 -0.0123 -0.0047
vn -0.9997 0.0208 0.0104
vn -0.0111 0.9383 0.3457
vn 0.0111 0.8942 0.4475
vn 0.9999 -0.0130 -0.0075
vn -0.0112 -0.8645 -0.5026
vn -0.9999 -0.0130 -0.0075
vn -0.9998 0.0191 0.0112
vn -0.0111 0.8643 0.5028
vn 0.0111 0.8644 0.5027
vn 0.9998 0.0192 0.0111
vn 0.9999 -0.0125 -0.0083
vn 0.0111 -0.8310 -0.5562
vn -0.0112 -0.8311 -0.5561
vn -0.9999 -0.0125 -0.0083
vn -0.9998 0.0185 0.0123
vn 0.0111 0.8310 0.5562
vn 0.9998 0.0184 0.0123
vn 0.9999 -0.0119 -0.0091
vn 0.0112 -0.7941 -0.6077
vn -0.0112 -0.7941 -0.6076
vn -0.9999 -0.0119 -0.0091
vn -0.9998 0.0177 0.0135
vn -0.0111 0.8309 0.5563
vn 0.0111 0.7941 0.6077
vn 0.9998 0.0177 0.0135
vn 0.9999 -0.0112 -0.0098
vn -0.0112 -0.7539 -0.6569
vn -0.9999 -0.0113 -0.0098
vn -0.9998 0.0168 0.0147
vn -0.0111 0.7537 0.6571
vn 0.0111 0.7538 0.6570
vn 0.9998 0.0168 0.0147
vn 0.9999 -0.0106 -0.0105
vn 0.0111 -0.7103 -0.7039
vn -0.0112 -0.7103 -0.7038
vn -0.9999 -0.0106 -0.0105
vn -0.9997 0.0159 0.0158
vn -0.0111 0.7102 0.7039
vn 0.0111 0.7102 0.7039
vn 0.9997 0.0159 0.0157
vn 0.9999 -0.0099 -0.0112
vn -0.0112 -0.6637 -0.7479
vn -0.9999 -0.0099 -0.0112
vn -0.9997 0.0149 0.0168
vn 0.0111 0.6636 0.7480
vn 0.9997 0.0149 0.0167
vn 0.9999 -0.0091 -0.0117
vn 0.0111 -0.6636 -0.7480
vn -0.0112 -0.6141 -0.7891
vn -0.9999 -0.0092 -0.0118
vn -0.9997 0.0138 0.0177
vn -0.0111 0.6636 0.7480
vn 0.0111 0.6141 0.7891
vn 0.9997 0.0137 0.0177
vn 0.9999 -0.0083 -0.0123
vn 0.0112 -0.6141 -0.7891
vn -0.0112 -0.5619 -0.8272
vn -0.9999 -0.0084 -0.0123
vn -0.9997 0.0126 0.0186
vn -0.0111 0.5619 0.8272
vn 0.9997 0.0126 0.0186
vn 0.9999 -0.0075 -0.0128
vn 0.0112 -0.5072 -0.8618
vn -0.0112 -0.5071 -0.8618
vn -0.9999 -0.0075 -0.0128
vn -0.9997 0.0114 0.0193
vn -0.0111 0.5072 0.8618
vn 0.0111 0.5071 0.8618
vn 0.9997 0.0113 0.0193
vn 0.9999 -0.0067 -0.0132
vn -0.0112 -0.4505 -0.8927
vn -0.9999 -0.0067 -0.0132
vn -0.9997 0.0101 0.0200
vn 0.0111 0.4501 0.8929
vn 0.9997 0.0101 0.0200
vn 0.9999 -0.0058 -0.0138
vn 0.0112 -0.3879 -0.9216
vn -0.0112 -0.3879 -0.9216
vn -0.9999 -0.0059 -0.0138
vn -0.9998 0.0086 0.0205
vn -0.0110 0.4503 0.8928
vn 0.0111 0.3884 0.9214
vn 0.9998 0.0087 0.0205
vn 0.9999 -0.0049 -0.0143
vn -0.0111 -0.3257 -0.9454
vn -0.9999 -0.0050 -0.0144
vn -0.9998 0.0072 0.0208
vn -0.0111 0.3901 0.9207
vn 0.0111 0.3260 0.9453
vn 0.9998 0.0057 0.0211
vn 0.9999 -0.0040 -0.0148
vn 0.0111 -0.2609 -0.9653
vn -0.0111 -0.2600 -0.9655
vn -0.9998 0.0057 0.0211
vn -0.0111 0.2612 0.9652
vn 0.0111 0.2609 0.9653
vn 0.9998 0.0043 0.0212
vn 0.9999 -0.0031 -0.0153
vn -0.0112 -0.1968 -0.9804
vn -0.9999 -0.0040 -0.0149
vn -0.9998 0.0043 0.0212
vn -0.0111 0.1982 0.9801
vn 0.0111 0.1978 0.9802
vn 0.9998 0.0029 0.0211
vn 0.9999 -0.0022 -0.0159
vn 0.0112 -0.1376 -0.9904
vn -0.0112 -0.1366 -0.9906
vn -0.9999 -0.0030 -0.0153
vn -0.9998 0.0029 0.0211
vn 0.0111 0.1376 0.9904
vn 0.9998 0.0017 0.0209
vn 0.9999 -0.0013 -0.0163
vn 0.0111 -0.0813 -0.9966
vn -0.0111 -0.0803 -0.9967
vn -0.9999 -0.0022 -0.0159
vn -0.9998 0.0017 0.0210
vn -0.0111 0.1380 0.9904
vn 0.0111 0.0812 0.9966
vn 0.9998 0.0006 0.0207
vn 0.9999 -0.0005 -0.0166
vn 0.0111 -0.0292 -0.9995
vn -0.0112 -0.0283 -0.9995
vn -0.9999 -0.0013 -0.0163
vn -0.9998 0.0006 0.0207
vn -0.0111 0.0816 0.9966
vn 0.0110 0.0291 0.9995
vn 0.9998 -0.0004 0.0204
vn 0.9999 0.0003 -0.0169
vn -0.0111 0.0191 -0.9998
vn -0.9999 -0.0004 -0.0166
vn -0.9998 -0.0004 0.0205
vn -0.0111 -0.0180 0.9998
vn 0.0111 -0.0185 0.9998
vn 0.9998 -0.0012 0.0201
vn 0.9999 0.0010 -0.0171
vn 0.0111 0.0183 -0.9998
vn -0.0112 0.0620 -0.9980
vn -0.9999 0.0004 -0.0169
vn -0.9998 -0.0012 0.0200
vn -0.0111 -0.0610 0.9981
vn 0.0111 -0.0615 0.9980
vn 0.9998 -0.0020 0.0198
vn 0.9998 0.0017 -0.0173
vn 0.0111 0.0998 -0.9949
vn -0.0111 0.1004 -0.9949
vn -0.9999 0.0011 -0.0172
vn -0.9998 -0.0020 0.0198
vn -0.0111 -0.0996 0.9950
vn 0.0111 -0.1000 0.9949
vn 0.9998 -0.0026 0.0195
vn 0.9998 0.0023 -0.0173
vn 0.0111 0.1341 -0.9909
vn -0.0112 0.1346 -0.9908
vn -0.9998 0.0018 -0.0174
vn -0.9998 -0.0027 0.0195
vn 0.0111 -0.1343 0.9909
vn 0.9998 -0.0033 0.0196
vn 0.9998 0.0029 -0.0172
vn -0.0111 0.1638 -0.9864
vn -0.9998 0.0024 -0.0174
vn -0.9998 -0.0033 0.0196
vn -0.0111 -0.1339 0.9909
vn 0.0111 -0.1646 0.9863
vn 0.9999 0.0036 -0.0167
vn 0.0111 0.2091 -0.9778
vn -0.0111 0.2091 -0.9778
vn -0.9999 0.0033 -0.0168
vn -0.9998 -0.0043 0.0197
vn -0.0111 -0.1643 0.9863
vn 0.0111 -0.2109 0.9774
vn 0.9998 -0.0041 0.0197
vn 0.9999 0.0046 -0.0162
vn 0.0112 0.2744 -0.9616
vn -0.0111 0.2726 -0.9621
vn -0.9999 0.0046 -0.0163
vn -0.9998 -0.0056 0.0196
vn -0.0111 -0.2747 0.9615
vn 0.0111 -0.2738 0.9617
vn 0.9998 -0.0071 0.0191
vn 0.9999 0.0059 -0.0158
vn 0.0111 0.3494 -0.9369
vn -0.0112 0.3494 -0.9369
vn -0.9998 -0.0071 0.0191
vn -0.0111 -0.3487 0.9372
vn 0.0111 -0.3481 0.9374
vn 0.9998 -0.0082 0.0183
vn 0.9999 0.0070 -0.0157
vn -0.0111 0.4100 -0.9120
vn -0.9999 0.0060 -0.0158
vn -0.9998 -0.0082 0.0184
vn -0.0111 -0.4091 0.9124
vn 0.0111 -0.4087 0.9126
vn 0.9998 -0.0089 0.0175
vn 0.9998 0.0080 -0.0157
vn 0.0112 0.4097 -0.9121
vn -0.0112 0.4546 -0.8906
vn -0.9999 0.0072 -0.0157
vn -0.9998 -0.0089 0.0176
vn -0.0111 -0.4537 0.8911
vn 0.0111 -0.4535 0.8912
vn 0.9998 -0.0092 0.0168
vn 0.9998 0.0087 -0.0158
vn 0.0111 0.4543 -0.8908
vn -0.0112 0.4821 -0.8761
vn -0.9998 0.0081 -0.0156
vn -0.9998 -0.0093 0.0168
vn -0.0111 -0.4816 0.8763
vn 0.0111 -0.4815 0.8764
vn 0.9998 -0.0092 0.0163
vn 0.9998 0.0092 -0.0162
vn 0.0111 0.4818 -0.8762
vn -0.0111 0.4921 -0.8704
vn -0.9998 0.0088 -0.0159
vn -0.9998 -0.0092 0.0163
vn 0.0111 -0.4921 0.8705
vn 0.9998 -0.0088 0.0159
vn 0.9998 0.0092 -0.0166
vn 0.0112 0.4845 -0.8747
vn -0.0112 0.4843 -0.8748
vn -0.9998 0.0092 -0.0162
vn -0.9998 -0.0089 0.0159
vn -0.0111 -0.4921 0.8705
vn 0.0111 -0.4848 0.8746
vn 0.9998 -0.0081 0.0157
vn 0.9998 0.0090 -0.0174
vn -0.0111 0.4581 -0.8888
vn -0.9998 0.0092 -0.0167
vn -0.9998 -0.0081 0.0157
vn -0.0111 -0.4848 0.8746
vn 0.0111 -0.4591 0.8883
vn 0.9999 -0.0071 0.0157
vn 0.9998 0.0083 -0.0182
vn 0.0111 0.4586 -0.8886
vn -0.0111 0.4129 -0.9107
vn -0.9998 0.0089 -0.0175
vn -0.9999 -0.0072 0.0157
vn -0.0111 -0.4143 0.9101
vn 0.0111 -0.4143 0.9101
vn 0.9999 -0.0059 0.0159
vn 0.9998 0.0071 -0.0190
vn 0.0111 0.3498 -0.9367
vn -0.0111 0.3488 -0.9371
vn -0.9998 0.0082 -0.0183
vn -0.9999 -0.0060 0.0159
vn -0.0111 -0.3505 0.9365
vn 0.0111 -0.3502 0.9366
vn 0.9999 -0.0045 0.0163
vn 0.9998 0.0055 -0.0197
vn 0.0110 0.2693 -0.9630
vn -0.0111 0.2690 -0.9631
vn -0.9998 0.0070 -0.0191
vn -0.9999 -0.0045 0.0163
vn 0.0111 -0.2684 0.9632
vn 0.9998 0.0038 -0.0191
vn -0.0111 0.1948 -0.9808
vn -0.9998 0.0039 -0.0191
vn -0.9998 -0.0034 0.0176
vn -0.0111 -0.2691 0.9631
vn 0.0111 -0.1900 0.9817
vn 0.9998 -0.0034 0.0176
vn 1.0000 0.0012 -0.0049
vn 0.0111 0.1899 -0.9817
vn -0.0110 0.1899 -0.9817
vn -1.0000 0.0012 -0.0050
vn -1.0000 -0.0012 0.0086
vn -0.0111 -0.1907 0.9816
vn 0.0110 -0.1392 0.9902
vn 0.9999 -0.0060 -0.0102
vn 0.9999 0.0063 0.0078
vn 1.0000 0.0017 -0.0004
vn -0.9999 -0.0079 -0.0107
vn -0.9998 0.0131 0.0166
vn -0.9999 -0.0105 -0.0126
vn 0.0113 -0.5097 -0.8603
vn -0.0110 -0.5954 -0.8033
vn 0.0110 -0.5954 -0.8033
vn -0.0113 0.0106 0.9999
vn 0.0112 -0.0650 0.9978
vn -0.0112 -0.0651 0.9978
vn -0.9999 -0.0052 -0.0158
vn -0.9999 0.0002 0.0164
vn -0.9999 -0.0052 -0.0126
vn -0.0114 0.0861 0.9962
vn 0.0114 0.0106 0.9999
vn -0.9999 -0.0061 -0.0102
vn 0.9999 0.0002 0.0164
vn 0.9999 -0.0051 -0.0126
vn 0.9999 -0.0052 -0.0157
vn -0.9998 0.0134 -0.0150
vn -0.9999 -0.0100 0.0141
vn 0.0120 -0.3166 -0.9485
vn -0.0117 -0.3833 -0.9235
vn 0.0117 -0.3821 -0.9241
vn -0.0111 0.3278 -0.9447
vn 0.0111 0.2504 -0.9681
vn -0.0111 0.2504 -0.9681
vn -0.0111 0.1799 -0.9836
vn 0.0111 0.1825 -0.9832
vn -0.0111 0.1310 -0.9913
vn -0.9999 0.0008 -0.0110
vn -0.9999 -0.0049 0.0141
vn -1.0000 -0.0046 0.0085
vn -0.0112 0.7217 0.6921
vn -0.0111 0.6430 0.7658
vn 0.0111 0.6908 -0.7230
vn -0.0111 0.6679 -0.7441
vn -0.0111 0.6908 -0.7229
vn -1.0000 0.0003 -0.0027
vn -1.0000 -0.0027 0.0002
vn 0.9998 0.0134 -0.0149
vn 0.9998 -0.0101 0.0141
vn 0.9998 0.0115 -0.0163
vn -0.0112 -0.5771 0.8166
vn 0.0111 -0.4949 0.8689
vn 0.0111 -0.5771 0.8166
vn 0.0112 -0.6662 0.7457
vn -0.9998 0.0116 -0.0162
vn -0.9998 -0.0087 0.0153
vn 0.0111 0.5772 -0.8165
vn -0.0111 0.5772 -0.8165
vn -0.0111 -0.4949 0.8689
vn 0.0112 -0.4100 0.9120
vn 0.9998 -0.0087 0.0152
vn 0.9998 0.0098 -0.0172
vn -0.9998 0.0081 -0.0178
vn -0.9998 -0.0073 0.0162
vn 0.0111 0.4955 -0.8686
vn -0.0111 0.4954 -0.8686
vn -0.0112 -0.4100 0.9120
vn 0.0111 -0.3272 0.9449
vn 0.9998 0.0080 -0.0178
vn -0.9998 0.0064 -0.0182
vn -0.9998 -0.0059 0.0170
vn 0.0112 0.4106 -0.9117
vn -0.0111 0.4106 -0.9117
vn -0.0111 -0.3272 0.9449
vn 0.0111 -0.2499 0.9682
vn 0.9998 -0.0073 0.0162
vn 0.9998 0.0063 -0.0183
vn -0.9998 0.0049 -0.0186
vn -0.9998 -0.0045 0.0174
vn -0.0111 -0.1796 0.9837
vn 0.0111 -0.1796 0.9837
vn 0.9998 -0.0059 0.0170
vn 0.9998 0.0048 -0.0186
vn -0.9998 0.0035 -0.0186
vn -0.9998 -0.0033 0.0179
vn -0.0111 -0.1385 0.9903
vn 0.0111 -0.1385 0.9903
vn 0.9998 -0.0046 0.0175
vn 0.9998 0.0034 -0.0187
vn -0.9998 0.0024 -0.0203
vn -0.9999 -0.0023 0.0168
vn -0.0112 -0.0628 0.9980
vn 0.0111 -0.0628 0.9980
vn 0.9998 -0.0033 0.0180
vn 0.9998 0.0027 -0.0203
vn 0.0112 0.0731 -0.9973
vn -0.0111 0.0494 -0.9987
vn -0.0112 0.0717 -0.9974
vn -0.0109 -0.6379 -0.7700
vn 0.0108 -0.6383 -0.7697
vn -0.9998 -0.0120 -0.0129
vn -1.0000 0.0017 -0.0004
vn -0.9999 0.0062 0.0079
vn 0.9999 -0.0079 -0.0107
vn 0.9998 0.0131 0.0166
vn 0.0109 -0.6829 -0.7304
vn 0.9998 -0.0119 -0.0130
vn 0.9998 0.0135 0.0144
vn -0.0111 0.6207 0.7839
vn 0.0111 0.6832 0.7302
vn -0.0111 0.6837 0.7297
vn -0.9998 0.0134 0.0144
vn -0.9998 -0.0133 -0.0112
vn -0.0109 -0.6827 -0.7306
vn 0.0109 -0.7640 -0.6451
vn 0.9998 -0.0132 -0.0114
vn 0.9998 0.0152 0.0128
vn -0.0111 0.7649 0.6440
vn -0.9998 0.0152 0.0128
vn -0.9999 -0.0146 -0.0092
vn -0.0110 -0.8449 -0.5348
vn 0.0110 -0.8449 -0.5347
vn 0.9999 -0.0145 -0.0093
vn 0.9998 0.0169 0.0107
vn 0.0112 0.7645 0.6445
vn -0.0112 0.8458 0.5334
vn -0.9998 0.0169 0.0107
vn -0.9999 -0.0157 -0.0068
vn -0.0111 -0.9176 -0.3974
vn 0.0110 -0.9179 -0.3965
vn 0.9999 -0.0157 -0.0069
vn 0.9998 0.0185 0.0079
vn 0.0111 0.9179 0.3967
vn -0.0111 0.9184 0.3954
vn -0.9998 0.0184 0.0080
vn -0.9999 -0.0167 -0.0040
vn 0.0112 -0.9725 -0.2326
vn 0.9999 -0.0166 -0.0041
vn 0.9998 0.0196 0.0047
vn 0.0111 0.9719 0.2351
vn -0.0111 0.9725 0.2328
vn -0.9998 0.0201 0.0013
vn -0.9999 -0.0172 -0.0011
vn -0.0111 -0.9979 -0.0635
vn 0.0111 -0.9978 -0.0652
vn 0.9998 0.0201 0.0013
vn -0.0112 0.9978 0.0658
vn -0.9998 0.0199 -0.0020
vn -0.9999 -0.0171 0.0017
vn 0.0111 -0.9950 0.0993
vn 0.9999 -0.0172 -0.0010
vn 0.9998 0.0199 -0.0020
vn 0.0112 0.9979 0.0639
vn -0.0111 0.9951 -0.0984
vn -0.9998 0.0194 -0.0050
vn -0.9999 -0.0168 0.0043
vn -0.0111 -0.9686 0.2486
vn 0.0112 -0.9686 0.2484
vn 0.9999 -0.0172 0.0018
vn 0.9998 0.0193 -0.0049
vn 0.0111 0.9950 -0.0994
vn -0.0111 0.9688 -0.2475
vn -0.9998 0.0183 -0.0075
vn -0.9998 -0.0161 0.0066
vn -0.0111 -0.9248 0.3803
vn 0.0111 -0.9248 0.3803
vn 0.9998 -0.0168 0.0044
vn 0.9998 0.0184 -0.0075
vn 0.0111 0.9687 -0.2480
vn -0.0111 0.9251 -0.3795
vn -0.9998 0.0172 -0.0097
vn -0.9998 -0.0152 0.0087
vn -0.0111 -0.8693 0.4942
vn 0.0111 -0.8693 0.4941
vn 0.9998 -0.0160 0.0067
vn 0.9998 0.0172 -0.0097
vn 0.0111 0.9250 -0.3798
vn -0.0111 0.8696 -0.4935
vn -0.9998 0.0158 -0.0116
vn -0.9998 -0.0142 0.0104
vn -0.0111 -0.8058 0.5921
vn 0.0111 -0.8060 0.5918
vn 0.9998 -0.0152 0.0087
vn 0.9998 0.0159 -0.0117
vn 0.0111 0.8695 -0.4939
vn -0.0111 0.8062 -0.5915
vn -0.9998 0.0144 -0.0133
vn -0.9998 -0.0130 0.0119
vn -0.0111 -0.7361 0.6768
vn 0.0110 -0.7366 0.6762
vn 0.9998 -0.0142 0.0104
vn 0.9998 0.0145 -0.0133
vn 0.0111 0.8059 -0.5919
vn -0.0111 0.7367 -0.6762
vn -0.9998 0.0121 -0.0140
vn -0.9998 -0.0125 0.0142
vn -0.0110 -0.6600 0.7512
vn 0.0110 -0.6609 0.7504
vn 0.9998 -0.0129 0.0120
vn 0.9998 0.0121 -0.0139
vn 0.0111 0.6574 -0.7535
vn -0.0112 0.6574 -0.7535
vn -1.0000 0.0034 -0.0042
vn -0.9999 -0.0065 0.0092
vn 0.0109 -0.5770 0.8167
vn 0.9998 -0.0125 0.0143
vn 1.0000 0.0035 -0.0042
vn 0.0111 0.6049 -0.7962
vn -0.0111 0.6049 -0.7962
vn -0.0110 -0.5770 0.8167
vn 0.0110 -0.4805 0.8769
vn -0.0110 -0.4797 0.8774
vn 0.0115 -0.3314 0.9434
vn -0.0113 -0.5097 -0.8603
vn -0.0116 -0.2466 0.9691
vn 0.0116 -0.2466 0.9691
vn 0.0111 0.0505 -0.9987
vn -0.0110 0.0403 -0.9991
vn 0.0111 0.0856 -0.9963
vn -0.0111 0.0860 -0.9962
vn 0.9999 0.0008 -0.0163
vn 0.9999 -0.0039 0.0153
vn 0.9998 0.0007 -0.0179
vn 0.9999 -0.0049 0.0140
vn 0.9999 0.0008 -0.0110
vn 1.0000 -0.0047 0.0085
vn 0.9999 -0.0115 0.0129
vn 1.0000 -0.0057 0.0053
vn 0.0111 0.6083 0.7937
vn -0.0111 0.6083 0.7937
vn 1.0000 -0.0000 0.0034
vn 0.9999 -0.0020 0.0167
vn 0.9999 0.0011 -0.0126
vn 1.0000 0.0010 0.0004
vn -1.0000 -0.0000 0.0034
vn 0.0111 0.1310 -0.9913
vn -0.9999 0.0008 -0.0163
vn -0.9999 -0.0039 0.0152
vn -1.0000 0.0010 0.0004
vn 0.9987 0.0085 -0.0494
vn 0.9987 -0.0269 -0.0425
vn -0.0111 -0.8204 -0.5717
vn 0.0111 -0.8371 -0.5469
vn 0.0111 -0.2427 -0.9700
vn 0.5723 -0.6894 -0.4442
vn 0.0081 -0.8406 -0.5416
vn 0.7069 -0.1723 -0.6861
vn 0.0109 -0.9890 0.1476
vn 0.7068 -0.6999 0.1025
vn -0.0111 -0.2427 -0.9700
vn -0.5724 -0.6893 -0.4441
vn -0.7069 -0.1723 -0.6860
vn -0.0109 -0.9890 0.1477
vn -0.0081 -0.8406 -0.5417
vn -0.9987 -0.0270 -0.0425
vn -0.7068 -0.6999 0.1026
vn -0.0111 -0.2068 -0.9783
vn -0.5829 0.4402 -0.6830
vn -0.0082 0.5416 -0.8406
vn -0.7072 -0.1457 -0.6918
vn -0.0109 0.9707 -0.2402
vn -0.7065 0.6866 -0.1716
vn 0.0111 -0.2068 -0.9783
vn 0.5829 0.4402 -0.6830
vn 0.7073 -0.1456 -0.6918
vn 0.0109 0.9707 -0.2402
vn 0.0082 0.5417 -0.8405
vn 0.7065 0.6866 -0.1717
vn 0.0112 -0.5269 -0.8499
vn 0.7474 0.0614 -0.6616
vn 0.0115 0.0922 -0.9957
vn 0.7135 -0.3622 -0.5998
vn 0.7095 0.4836 -0.5126
vn 0.0112 0.6908 -0.7229
vn -0.0113 -0.5269 -0.8499
vn -0.7474 0.0614 -0.6615
vn -0.7137 -0.3621 -0.5996
vn -0.0112 0.6908 -0.7229
vn -0.0116 0.0922 -0.9957
vn -0.7095 0.4836 -0.5126
vn 0.0112 -0.7224 0.6914
vn 0.7499 -0.6599 0.0465
vn 0.0115 -0.9975 0.0703
vn 0.7116 -0.5112 0.4820
vn 0.7122 -0.5805 -0.3946
vn 0.0112 -0.8204 -0.5717
vn -0.0112 -0.7223 0.6914
vn -0.7499 -0.6599 0.0466
vn -0.7116 -0.5112 0.4820
vn -0.0112 -0.8204 -0.5717
vn -0.0115 -0.9975 0.0702
vn -0.7122 -0.5806 -0.3946
vn 0.7220 0.1475 -0.6760
vn 0.0145 0.9709 -0.2392
vn 0.0112 0.1898 -0.9818
vn 0.8572 0.5000 -0.1232
vn 0.7133 0.4315 0.5523
vn 0.0112 0.6082 0.7937
vn -0.0145 0.9708 -0.2393
vn -0.7219 0.1476 -0.6761
vn -0.0111 0.1899 -0.9817
vn -0.7133 0.4314 0.5524
vn -0.0112 0.6082 0.7937
vn -0.8573 0.4999 -0.1232
vn 0.7194 0.4290 -0.5463
vn 0.0193 0.9348 0.3547
vn 0.0111 0.6048 -0.7963
vn 0.9173 0.3723 0.1412
vn 0.7313 -0.0232 0.6816
vn 0.0113 -0.0628 0.9980
vn -0.0193 0.9348 0.3545
vn -0.7194 0.4289 -0.5463
vn -0.0112 0.6048 -0.7963
vn -0.7314 -0.0232 0.6816
vn -0.0112 -0.0629 0.9980
vn -0.9173 0.3723 0.1412
vn 0.7082 -0.6961 0.1179
vn 0.7064 0.6979 -0.1177
vn 0.0080 -0.8406 -0.5416
vn 0.0107 -0.9890 0.1475
vn -0.0079 -0.8406 -0.5416
vn 0.0110 -0.2427 -0.9700
vn -0.0113 -0.9859 0.1670
vn -0.7081 -0.6962 0.1179
vn -0.7065 0.6979 -0.1177
vn -0.0083 0.5417 -0.8405
vn -0.0110 -0.2067 -0.9783
vn 0.7084 -0.7020 0.0735
vn 0.7064 0.7041 -0.0725
vn -0.0113 -0.9945 0.1042
vn -0.7084 -0.7020 0.0736
vn -0.7063 0.7042 -0.0725
vn -0.0112 0.9859 -0.1670
vn 0.7089 -0.7050 0.0201
vn 0.0112 -0.9995 0.0286
vn 0.0112 0.9947 -0.1025
vn 0.7063 0.7077 -0.0185
vn -0.7089 -0.7050 0.0201
vn -0.7063 0.7076 -0.0185
vn -0.0112 0.9949 -0.1005
vn 0.7094 -0.7036 -0.0402
vn 0.0112 0.9996 -0.0261
vn 0.7061 0.7069 0.0425
vn -0.0113 -0.9983 -0.0571
vn -0.7095 -0.7035 -0.0403
vn -0.7060 0.7069 0.0425
vn -0.0113 0.9996 -0.0240
vn 0.7102 -0.6959 -0.1065
vn 0.0113 -0.9884 -0.1512
vn 0.7059 0.6998 0.1093
vn -0.0113 -0.9884 -0.1512
vn -0.7102 -0.6959 -0.1065
vn -0.7058 0.6999 0.1093
vn -0.0112 0.9980 0.0623
vn 0.7109 -0.6808 -0.1766
vn 0.0113 -0.9679 -0.2510
vn 0.7056 0.6855 0.1794
vn 0.9997 0.0222 0.0059
vn -0.0113 -0.9679 -0.2510
vn -0.7108 -0.6808 -0.1766
vn -0.7057 0.6855 0.1793
vn -0.0112 0.9876 0.1564
vn 0.7112 -0.6582 -0.2470
vn 0.7056 0.6634 0.2489
vn -0.7112 -0.6582 -0.2470
vn -0.7056 0.6635 0.2490
vn -0.0112 0.9357 0.3527
vn -0.0112 0.9669 0.2549
vn 0.7110 -0.6296 -0.3132
vn 0.0113 -0.9354 -0.3533
vn 0.0112 0.8964 0.4431
vn 0.7055 0.6353 0.3141
vn -0.0112 -0.9362 -0.3513
vn -0.7111 -0.6295 -0.3131
vn -0.7055 0.6353 0.3140
vn -0.0113 0.8959 0.4440
vn 0.7106 -0.5980 -0.3707
vn 0.0113 -0.8952 -0.4455
vn 0.0111 0.8520 0.5235
vn 0.7056 0.6037 0.3709
vn -0.7105 -0.5981 -0.3708
vn -0.7055 0.6038 0.3710
vn -0.0112 0.8517 0.5239
vn 0.7097 -0.5675 -0.4174
vn 0.0113 -0.8505 -0.5259
vn 0.0112 0.8080 0.5891
vn 0.7058 0.5724 0.4174
vn -0.0113 -0.8498 -0.5270
vn -0.7096 -0.5676 -0.4175
vn -0.7057 0.5725 0.4174
vn -0.0112 0.8078 0.5893
vn 0.7088 -0.5413 -0.4523
vn 0.0113 -0.8065 -0.5911
vn 0.0112 0.7693 0.6388
vn 0.7061 0.5448 0.4524
vn -0.7088 -0.5413 -0.4523
vn -0.7060 0.5449 0.4524
vn -0.0112 0.7693 0.6388
vn 0.7084 -0.5220 -0.4751
vn 0.0111 -0.7682 -0.6401
vn 0.0112 0.7403 0.6721
vn 0.7063 0.5242 0.4759
vn -0.0113 -0.7672 -0.6413
vn -0.7083 -0.5220 -0.4752
vn -0.7063 0.5241 0.4759
vn -0.0111 0.7401 0.6724
vn 0.7083 -0.5067 -0.4916
vn 0.0113 -0.7396 -0.6730
vn 0.0112 0.7176 0.6964
vn 0.7063 0.5080 0.4931
vn -0.0113 -0.7394 -0.6731
vn -0.7082 -0.5068 -0.4916
vn -0.9999 -0.0122 -0.0118
vn -0.7063 0.5080 0.4930
vn -0.0112 0.7172 0.6968
vn 0.7086 -0.4893 -0.5084
vn 0.0112 -0.6928 -0.7210
vn 0.7062 0.4907 0.5104
vn -0.0113 -0.6936 -0.7202
vn -0.0112 -0.7178 -0.6962
vn -0.7086 -0.4894 -0.5084
vn -0.7060 0.4908 0.5106
vn 0.7087 -0.4690 -0.5270
vn 0.0112 -0.6641 -0.7476
vn 0.0111 0.6930 0.7208
vn 0.7061 0.4704 0.5293
vn -0.0112 -0.6648 -0.7469
vn -0.7087 -0.4691 -0.5270
vn -0.7060 0.4704 0.5294
vn -0.0112 0.6926 0.7212
vn 0.7089 -0.4459 -0.5465
vn 0.0113 -0.6316 -0.7752
vn 0.0112 0.6643 0.7474
vn 0.7059 0.4475 0.5490
vn -0.0112 -0.6321 -0.7748
vn -0.7090 -0.4458 -0.5465
vn -0.7059 0.4475 0.5490
vn -0.0112 0.6638 0.7478
vn 0.7091 -0.4209 -0.5657
vn 0.0112 -0.5967 -0.8024
vn 0.0112 0.6318 0.7751
vn 0.7059 0.4229 0.5682
vn 0.9998 0.0128 0.0172
vn -0.0113 -0.5969 -0.8023
vn -0.7091 -0.4209 -0.5658
vn -0.7059 0.4229 0.5682
vn -0.0112 0.6315 0.7753
vn 0.7090 -0.3958 -0.5836
vn 0.0111 0.5617 0.8272
vn 0.0112 0.5970 0.8022
vn 0.7059 0.3980 0.5860
vn -0.7088 -0.3959 -0.5839
vn -0.7059 0.3979 0.5860
vn 0.7086 -0.3723 -0.5994
vn 0.0113 -0.5615 -0.8274
vn 0.0112 0.5283 0.8490
vn 0.7060 0.3742 0.6013
vn -0.0113 -0.5612 -0.8276
vn -0.7085 -0.3723 -0.5995
vn -0.7059 0.3743 0.6014
vn -0.0112 0.5285 0.8489
vn 0.7083 -0.3516 -0.6121
vn 0.0112 -0.5281 -0.8491
vn 0.0112 0.4988 0.8666
vn 0.7062 0.3532 0.6136
vn -0.0113 -0.5276 -0.8494
vn -0.7082 -0.3516 -0.6122
vn -0.7062 0.3532 0.6136
vn -0.0112 0.4991 0.8665
vn 0.7082 -0.3348 -0.6216
vn 0.0112 -0.4987 -0.8667
vn 0.0112 0.4745 0.8802
vn 0.7065 0.3358 0.6230
vn -0.0112 -0.4980 -0.8671
vn -0.7080 -0.3348 -0.6218
vn -0.7064 0.3358 0.6230
vn -0.0112 0.4748 0.8800
vn 0.7076 -0.3221 -0.6289
vn 0.0112 0.4562 0.8898
vn 0.7066 0.3228 0.6297
vn -0.0113 -0.4739 -0.8805
vn -0.7077 -0.3221 -0.6288
vn -0.7064 0.3230 0.6298
vn -0.0111 0.4565 0.8897
vn 0.7077 -0.3141 -0.6329
vn 0.0112 -0.4562 -0.8898
vn 0.0112 0.4438 0.8960
vn 0.7065 0.3142 0.6341
vn -0.0112 -0.4558 -0.8900
vn -0.7076 -0.3141 -0.6329
vn -0.9998 -0.0079 -0.0157
vn -0.7064 0.3143 0.6342
vn -0.0111 0.4440 0.8960
vn 0.7079 -0.2915 -0.6433
vn 0.0112 -0.4126 -0.9108
vn 0.7066 0.2915 0.6448
vn -0.0112 -0.4126 -0.9108
vn -0.0113 -0.4446 -0.8957
vn -0.7079 -0.2915 -0.6434
vn -0.7065 0.2915 0.6448
vn 0.7078 -0.2602 -0.6567
vn 0.0112 -0.3683 -0.9296
vn 0.7067 0.2610 0.6576
vn 0.9998 0.0073 0.0182
vn -0.0113 -0.3682 -0.9297
vn -0.7078 -0.2601 -0.6567
vn -0.7067 0.2610 0.6576
vn -0.0112 0.4120 0.9111
vn 0.7076 -0.2296 -0.6683
vn 0.0113 0.3256 0.9454
vn 0.0112 0.3689 0.9294
vn 0.7068 0.2304 0.6688
vn -0.7076 -0.2296 -0.6683
vn -0.7068 0.2303 0.6689
vn -0.0112 0.3266 0.9451
vn -0.0112 0.3711 0.9285
vn 0.7075 -0.2097 -0.6749
vn 0.0112 -0.3263 -0.9452
vn 0.0112 0.2970 0.9548
vn 0.7069 0.2101 0.6754
vn -0.0112 -0.3248 -0.9457
vn -0.7073 -0.2097 -0.6751
vn -0.7069 0.2100 0.6754
vn -0.0112 0.2975 0.9547
vn 0.7073 -0.1959 -0.6792
vn 0.0112 -0.2973 -0.9547
vn 0.7070 0.1961 0.6795
vn -0.0112 -0.2966 -0.9549
vn -0.7073 -0.1959 -0.6792
vn -0.7068 0.1962 0.6797
vn -0.0112 0.2775 0.9607
vn 0.7073 -0.1864 -0.6819
vn 0.0112 -0.2774 -0.9607
vn 0.0112 0.2637 0.9646
vn 0.7070 0.1865 0.6822
vn -0.0112 -0.2771 -0.9608
vn -0.7072 -0.1864 -0.6820
vn -0.7072 0.1864 0.6820
vn -0.0112 0.2637 0.9645
vn 0.7072 -0.1800 -0.6838
vn 0.0112 -0.2637 -0.9645
vn 0.0112 0.2545 0.9670
vn 0.7067 0.1801 0.6842
vn -0.0112 -0.2636 -0.9646
vn -0.7075 -0.1799 -0.6834
vn -0.7067 0.1801 0.6843
vn -0.0112 0.2545 0.9670
vn 0.7073 -0.1760 -0.6846
vn 0.0112 -0.2546 -0.9670
vn 0.0112 0.2490 0.9684
vn 0.7069 0.1762 0.6850
vn -0.0112 -0.2545 -0.9670
vn -0.7070 -0.1761 -0.6849
vn -0.7069 0.1762 0.6851
vn -0.0112 0.2490 0.9684
vn 0.7072 -0.1746 -0.6852
vn 0.0113 0.2469 0.9690
vn 0.7071 0.1746 0.6852
vn -0.7071 -0.1746 -0.6852
vn -0.7071 0.1746 0.6852
vn -0.0113 0.2469 0.9690
vn 0.7069 -0.1755 -0.6852
vn 0.0112 -0.2469 -0.9690
vn 0.0113 0.2481 0.9687
vn 0.7073 0.1754 0.6848
vn -0.0113 -0.2469 -0.9690
vn -0.7069 -0.1755 -0.6852
vn -0.7073 0.1754 0.6848
vn -0.0112 0.2482 0.9686
vn 0.7066 -0.1794 -0.6845
vn 0.0112 -0.2482 -0.9686
vn 0.7072 0.1791 0.6840
vn -0.0112 -0.2481 -0.9687
vn -0.7066 -0.1794 -0.6845
vn -0.7076 0.1791 0.6835
vn -0.0112 0.2535 0.9673
vn 0.7068 -0.1869 -0.6823
vn 0.0112 0.2640 0.9645
vn 0.7077 0.1866 0.6814
vn -0.0112 -0.2534 -0.9673
vn -0.7068 -0.1869 -0.6823
vn -0.7073 0.1866 0.6819
vn -0.0112 0.2644 0.9643
vn 0.7068 -0.1984 -0.6790
vn 0.7077 0.1981 0.6782
vn -0.0112 -0.2641 -0.9644
vn -0.7068 -0.1984 -0.6790
vn -0.7076 0.1981 0.6783
vn -0.0112 0.2809 0.9597
vn 0.7070 -0.2134 -0.6743
vn 0.0112 -0.2809 -0.9597
vn 0.0112 0.3014 0.9534
vn 0.7076 0.2130 0.6738
vn -0.0112 -0.2803 -0.9598
vn -0.7068 -0.2134 -0.6745
vn -0.7077 0.2130 0.6737
vn -0.0112 0.3015 0.9534
vn 0.7068 -0.2326 -0.6681
vn 0.0112 -0.3016 -0.9534
vn 0.7078 0.2320 0.6672
vn -0.0112 -0.3017 -0.9533
vn -0.7067 -0.2326 -0.6682
vn -0.7077 0.2320 0.6673
vn 0.7066 -0.2583 -0.6587
vn 0.0112 -0.3287 -0.9444
vn 0.0112 0.3646 0.9311
vn 0.7078 0.2575 0.6578
vn -0.0112 -0.3288 -0.9443
vn -0.7067 -0.2583 -0.6586
vn -0.7078 0.2575 0.6578
vn 0.7067 -0.2908 -0.6450
vn 0.0112 -0.3649 -0.9310
vn 0.0112 0.4102 0.9119
vn 0.7083 0.2896 0.6438
vn -0.0112 -0.3651 -0.9309
vn -0.7067 -0.2908 -0.6450
vn -0.7082 0.2896 0.6439
vn -0.0112 0.4104 0.9118
vn 0.7066 -0.3301 -0.6259
vn 0.0113 0.4656 0.8849
vn 0.7085 0.3286 0.6245
vn -0.0112 -0.4110 -0.9116
vn -0.7066 -0.3301 -0.6259
vn -0.7085 0.3285 0.6245
vn -0.0112 0.4658 0.8848
vn 0.7067 -0.3724 -0.6015
vn 0.0112 -0.4662 -0.8846
vn 0.0112 0.5302 0.8478
vn 0.7086 0.3741 0.5983
vn -0.7067 -0.3724 -0.6016
vn -0.9998 -0.0103 -0.0162
vn -0.7086 0.3741 0.5983
vn -0.0112 0.5304 0.8476
vn 0.0112 -0.5263 -0.8503
vn 0.7072 0.4547 0.5414
vn 0.9999 0.0094 0.0112
vn -0.0112 -0.5263 -0.8503
vn 0.0114 0.0922 -0.9957
vn -0.0114 0.0922 -0.9957
vn 0.0111 -0.5268 -0.8499
vn -0.7071 0.4548 0.5414
vn 0.0112 0.6430 0.7658
vn 0.7076 0.5099 0.4892
vn 0.9999 0.0104 0.0100
vn -0.0114 -0.9975 0.0701
vn 0.0114 -0.9975 0.0702
vn 0.0114 -0.9975 0.0704
vn -0.7076 0.5100 0.4892
vn -0.0112 0.6430 0.7658
vn 0.7068 -0.5922 -0.3870
vn 0.0112 0.8330 0.5531
vn 0.0112 0.7217 0.6922
vn 0.7094 0.5872 0.3898
vn -0.7068 -0.5922 -0.3870
vn -0.7094 0.5872 0.3898
vn -0.0113 0.8326 0.5538
vn 0.7067 -0.6338 -0.3145
vn 0.0112 -0.8371 -0.5469
vn 0.0113 0.8966 0.4426
vn 0.7095 0.6319 0.3120
vn -0.0112 -0.8371 -0.5469
vn -0.7067 -0.6337 -0.3146
vn -0.9998 -0.0187 -0.0095
vn -0.7094 0.6320 0.3121
vn -0.0113 0.8960 0.4439
vn 0.7066 -0.6650 -0.2417
vn 0.0112 -0.9396 -0.3422
vn 0.7087 0.6639 0.2386
vn -0.0112 -0.9398 -0.3416
vn -0.0112 -0.8957 -0.4446
vn -0.7066 -0.6650 -0.2417
vn -0.7087 0.6640 0.2386
vn 0.7067 -0.6821 -0.1882
vn 0.0112 -0.9642 -0.2650
vn 0.0113 0.9410 0.3381
vn 0.7081 0.6809 0.1869
vn -0.0112 -0.9639 -0.2659
vn -0.7066 -0.6821 -0.1882
vn -0.7082 0.6809 0.1869
vn -0.0113 0.9410 0.3381
vn 0.7066 -0.6925 -0.1455
vn 0.0111 -0.9787 -0.2052
vn 0.0112 0.9643 0.2646
vn 0.7080 0.6911 0.1450
vn -0.7066 -0.6925 -0.1455
vn -0.7079 0.6912 0.1451
vn -0.0112 0.9644 0.2643
vn 0.7068 -0.6994 -0.1066
vn 0.0112 -0.9886 -0.1501
vn 0.0112 0.9786 0.2054
vn 0.7080 0.6982 0.1062
vn -0.0112 -0.9885 -0.1506
vn -0.7067 -0.6994 -0.1066
vn -0.7079 0.6983 0.1062
vn 0.7068 -0.7039 -0.0705
vn 0.0112 -0.9950 -0.0991
vn 0.0112 0.9886 0.1504
vn 0.7079 0.7028 0.0703
vn -0.0112 -0.9950 -0.0997
vn -0.7067 -0.7040 -0.0705
vn -0.7079 0.7028 0.0702
vn -0.0112 0.9886 0.1500
vn 0.7067 -0.7065 -0.0370
vn 0.0112 -0.9986 -0.0517
vn 0.0113 0.9950 0.0995
vn 0.7078 0.7054 0.0368
vn -0.0112 -0.9986 -0.0523
vn -0.7067 -0.7066 -0.0370
vn -0.7078 0.7055 0.0369
vn -0.0113 0.9950 0.0990
vn 0.7066 -0.7076 -0.0056
vn 0.0112 -0.9999 -0.0073
vn 0.0112 0.9986 0.0521
vn 0.7078 0.7064 0.0056
vn -0.0112 -0.9999 -0.0080
vn -0.7066 -0.7076 -0.0056
vn -0.7078 0.7064 0.0056
vn 0.7067 -0.7071 0.0241
vn 0.0112 -0.9993 0.0348
vn 0.0112 0.9999 0.0079
vn 0.7078 0.7060 -0.0241
vn -0.0112 -0.9994 0.0340
vn -0.7067 -0.7071 0.0241
vn -0.7079 0.7059 -0.0241
vn -0.0112 0.9999 0.0072
vn 0.7067 -0.7056 0.0528
vn 0.0113 0.9994 -0.0341
vn 0.7079 0.7044 -0.0526
vn 0.9998 0.0175 -0.0013
vn -0.0112 -0.9972 0.0746
vn -0.7066 -0.7056 0.0528
vn -0.7078 0.7044 -0.0526
vn -0.0112 0.9993 -0.0348
vn 0.7065 -0.7030 0.0814
vn 0.0113 0.9933 -0.1146
vn 0.0112 0.9972 -0.0745
vn 0.7080 0.7016 -0.0810
vn -0.7065 -0.7030 0.0814
vn -0.7079 0.7017 -0.0810
vn -0.0112 0.9932 -0.1158
vn -0.0112 0.9971 -0.0754
vn 0.7065 -0.6989 0.1111
vn 0.0113 0.9876 -0.1563
vn 0.7080 0.6975 -0.1104
vn -0.0112 -0.9933 0.1150
vn -0.7064 -0.6990 0.1111
vn -0.7080 0.6975 -0.1104
vn 0.7063 -0.6932 0.1436
vn 0.0112 -0.9874 0.1582
vn 0.0112 0.9792 -0.2026
vn 0.7083 0.6913 -0.1431
vn -0.0112 -0.9875 0.1570
vn -0.7063 -0.6932 0.1437
vn -0.9998 -0.0200 0.0041
vn -0.7083 0.6913 -0.1431
vn -0.0112 0.9787 -0.2052
vn 0.7068 -0.6839 0.1812
vn 0.0112 -0.9787 0.2051
vn 0.7076 0.6827 -0.1822
vn -0.0112 -0.9666 0.2560
vn -0.0112 -0.9791 0.2029
vn -0.7067 -0.6839 0.1811
vn -0.7076 0.6827 -0.1822
vn 0.7067 -0.6811 0.1915
vn 0.0112 -0.9626 0.2706
vn 0.7075 0.6803 -0.1914
vn -0.0112 -0.9626 0.2705
vn -0.7067 -0.6812 0.1915
vn -0.7075 0.6803 -0.1914
vn -0.0112 0.9661 -0.2579
vn 0.7072 -0.6801 0.1933
vn 0.0112 -0.9618 0.2734
vn 0.7070 0.6802 -0.1933
vn -0.0112 -0.9619 0.2733
vn -0.7071 -0.6801 0.1933
vn -0.7070 0.6803 -0.1933
vn -0.0112 0.9626 -0.2707
vn 0.7076 -0.6806 0.1899
vn 0.0112 -0.9631 0.2688
vn 0.0112 0.9618 -0.2734
vn 0.7066 0.6816 -0.1902
vn -0.0112 -0.9631 0.2688
vn -0.7076 -0.6806 0.1899
vn -0.7066 0.6816 -0.1902
vn -0.0113 0.9618 -0.2734
vn 0.7073 -0.6832 0.1816
vn 0.0112 -0.9664 0.2567
vn 0.0112 0.9631 -0.2688
vn 0.7070 0.6835 -0.1816
vn -0.0113 -0.9664 0.2569
vn -0.7074 -0.6831 0.1816
vn -0.7069 0.6836 -0.1816
vn -0.0112 0.9632 -0.2687
vn 0.7074 -0.6867 0.1673
vn 0.0112 -0.9716 0.2363
vn 0.7068 0.6873 -0.1672
vn -0.0112 -0.9715 0.2366
vn -0.7075 -0.6867 0.1672
vn -0.7068 0.6874 -0.1672
vn -0.0112 0.9664 -0.2566
vn 0.7076 -0.6913 0.1459
vn 0.0112 -0.9785 0.2058
vn 0.0112 0.9716 -0.2363
vn 0.7067 0.6924 -0.1457
vn -0.0112 -0.9784 0.2066
vn -0.7076 -0.6914 0.1460
vn -0.7067 0.6923 -0.1457
vn -0.0112 0.9717 -0.2361
vn 0.7079 -0.6967 0.1161
vn 0.0112 -0.9865 0.1631
vn 0.0112 0.9785 -0.2059
vn 0.7066 0.6981 -0.1155
vn -0.7079 -0.6967 0.1161
vn -0.7066 0.6982 -0.1155
vn -0.0112 0.9786 -0.2055
vn 0.7083 -0.7018 0.0756
vn 0.0113 -0.9944 0.1047
vn 0.0112 0.9865 -0.1632
vn 0.7066 0.7037 -0.0741
vn -0.7082 -0.7019 0.0756
vn -0.7065 0.7038 -0.0741
vn -0.0112 0.9866 -0.1626
vn 0.7090 -0.7048 0.0215
vn 0.0113 -0.9995 0.0306
vn 0.7064 0.7076 -0.0180
vn -0.0113 -0.9995 0.0306
vn -0.7089 -0.7049 0.0216
vn -0.7063 0.7076 -0.0180
vn -0.0112 0.9946 -0.1036
vn 0.7104 -0.7020 -0.0491
vn 0.0113 -0.9975 -0.0696
vn 0.0112 0.9996 -0.0253
vn 0.7061 0.7057 0.0573
vn -0.0112 -0.9975 -0.0696
vn -0.7104 -0.7021 -0.0491
vn -0.7062 0.7057 0.0573
vn -0.0112 0.9997 -0.0236
vn 0.7124 -0.6850 -0.1524
vn 0.0113 -0.9761 -0.2171
vn 0.0112 0.9966 0.0810
vn 0.7063 0.6905 0.1560
vn 0.9997 0.0228 0.0052
vn -0.0114 -0.9761 -0.2170
vn -0.7124 -0.6850 -0.1524
vn -0.7063 0.6905 0.1561
vn 0.7123 -0.6566 -0.2482
vn 0.0112 0.9383 0.3458
vn 0.0112 0.9753 0.2205
vn 0.7056 0.6649 0.2450
vn -0.7122 -0.6566 -0.2482
vn -0.7056 0.6650 0.2450
vn 0.7103 -0.6255 -0.3228
vn 0.0113 -0.9354 -0.3534
vn 0.0112 0.8942 0.4475
vn 0.7052 0.6340 0.3173
vn -0.0113 -0.9354 -0.3535
vn -0.7103 -0.6255 -0.3229
vn -0.9999 -0.0117 -0.0078
vn -0.7053 0.6340 0.3173
vn -0.0112 0.8942 0.4476
vn 0.7095 -0.6092 -0.3542
vn 0.0113 -0.8644 -0.5027
vn 0.0113 -0.8885 -0.4588
vn 0.7057 0.6125 0.3562
vn -0.7096 -0.6092 -0.3541
vn -0.7057 0.6124 0.3562
vn 0.7094 -0.5858 -0.3919
vn 0.0112 -0.8309 -0.5562
vn 0.0112 0.8644 0.5026
vn 0.7057 0.5888 0.3941
vn -0.0113 -0.8311 -0.5560
vn -0.7096 -0.5856 -0.3918
vn -0.7057 0.5888 0.3941
vn -0.0112 0.8643 0.5028
vn 0.7097 -0.5595 -0.4281
vn 0.0112 -0.7940 -0.6078
vn 0.0112 0.8310 0.5562
vn 0.7057 0.5627 0.4306
vn -0.0113 -0.7941 -0.6076
vn -0.7096 -0.5596 -0.4282
vn -0.7057 0.5627 0.4306
vn -0.0112 0.8309 0.5563
vn 0.7097 -0.5311 -0.4628
vn 0.0113 -0.7538 -0.6570
vn 0.0112 0.7941 0.6077
vn 0.7057 0.5341 0.4656
vn -0.0113 -0.7539 -0.6569
vn -0.7098 -0.5311 -0.4628
vn -0.7057 0.5341 0.4656
vn -0.0112 0.7941 0.6077
vn 0.7098 -0.5004 -0.4958
vn 0.0112 -0.7103 -0.7038
vn 0.0112 0.7537 0.6571
vn 0.7057 0.5033 0.4987
vn -0.7098 -0.5004 -0.4958
vn -0.7056 0.5033 0.4988
vn -0.0112 0.7538 0.6571
vn 0.7098 -0.4675 -0.5269
vn 0.0113 -0.6636 -0.7480
vn 0.0112 0.7102 0.7039
vn 0.7057 0.4703 0.5300
vn -0.0113 -0.6637 -0.7479
vn -0.7098 -0.4676 -0.5269
vn -0.7056 0.4703 0.5301
vn -0.0112 0.7102 0.7039
vn 0.7098 -0.4326 -0.5559
vn 0.0112 -0.6142 -0.7891
vn 0.0112 0.6637 0.7479
vn 0.7056 0.4352 0.5592
vn -0.0112 -0.6142 -0.7891
vn -0.7097 -0.4327 -0.5559
vn -0.7056 0.4352 0.5592
vn -0.0112 0.6636 0.7480
vn 0.7100 -0.3957 -0.5825
vn 0.0112 -0.5619 -0.8271
vn 0.0111 0.6141 0.7892
vn 0.7056 0.3981 0.5862
vn -0.0113 -0.5619 -0.8271
vn -0.7099 -0.3958 -0.5826
vn -0.7056 0.3981 0.5862
vn -0.0112 0.6141 0.7891
vn 0.7098 -0.3572 -0.6071
vn 0.0112 0.5618 0.8272
vn 0.7057 0.3594 0.6107
vn -0.0113 -0.5071 -0.8618
vn -0.7098 -0.3572 -0.6072
vn -0.7056 0.3593 0.6107
vn 0.7099 -0.3173 -0.6288
vn 0.0113 -0.4505 -0.8927
vn 0.0112 0.5071 0.8618
vn 0.7056 0.3190 0.6328
vn -0.0113 -0.4505 -0.8927
vn -0.7099 -0.3173 -0.6288
vn -0.7056 0.3190 0.6327
vn -0.0112 0.5072 0.8618
vn 0.7097 -0.2733 -0.6493
vn 0.0112 0.4501 0.8929
vn 0.7058 0.2751 0.6528
vn -0.7097 -0.2733 -0.6493
vn -0.7056 0.2752 0.6529
vn -0.0112 0.4502 0.8928
vn 0.7096 -0.2295 -0.6662
vn 0.0112 -0.3261 -0.9453
vn 0.0112 0.3884 0.9214
vn 0.7058 0.2309 0.6697
vn 0.9998 0.0072 0.0208
vn -0.0113 -0.3257 -0.9454
vn -0.7097 -0.2295 -0.6661
vn -0.7058 0.2309 0.6697
vn -0.0112 0.3901 0.9207
vn 0.7095 -0.1833 -0.6804
vn 0.0111 0.3259 0.9453
vn 0.7058 0.1849 0.6839
vn -0.7093 -0.1833 -0.6806
vn -0.7058 0.1849 0.6838
vn -0.0112 0.2612 0.9652
vn -0.0112 0.3262 0.9452
vn 0.7093 -0.1388 -0.6912
vn 0.0112 -0.2609 -0.9653
vn 0.0112 0.1977 0.9802
vn 0.7059 0.1401 0.6943
vn -0.0112 -0.2600 -0.9655
vn -0.7092 -0.1388 -0.6912
vn -0.7059 0.1401 0.6943
vn -0.0112 0.1982 0.9801
vn 0.7089 -0.0964 -0.6987
vn 0.0112 -0.1977 -0.9802
vn 0.0112 0.1376 0.9904
vn 0.7060 0.0975 0.7015
vn -0.7090 -0.0964 -0.6986
vn -0.7059 0.0975 0.7016
vn -0.0112 0.1380 0.9904
vn 0.7087 -0.0567 -0.7032
vn 0.0112 0.0812 0.9966
vn 0.7061 0.0575 0.7058
vn -0.7086 -0.0567 -0.7033
vn -0.7060 0.0575 0.7059
vn -0.0112 0.0816 0.9966
vn 0.7085 -0.0200 -0.7055
vn 0.0112 -0.0813 -0.9966
vn 0.0111 0.0291 0.9995
vn 0.7063 0.0206 0.7076
vn -0.0112 -0.0803 -0.9967
vn -0.7085 -0.0200 -0.7054
vn -0.7062 0.0206 0.7077
vn -0.0112 0.0296 0.9995
vn 0.7082 0.0135 -0.7059
vn 0.0112 -0.0292 -0.9995
vn 0.0112 -0.0185 0.9998
vn 0.7063 -0.0131 0.7078
vn -0.0113 -0.0283 -0.9995
vn -0.7083 0.0134 -0.7058
vn -0.7062 -0.0131 0.7079
vn -0.0112 -0.0180 0.9998
vn 0.7081 0.0438 -0.7048
vn 0.0112 0.0183 -0.9998
vn 0.0112 -0.0615 0.9980
vn 0.7064 -0.0435 0.7064
vn -0.0112 0.0191 -0.9998
vn -0.7081 0.0437 -0.7048
vn -0.7063 -0.0435 0.7065
vn -0.0112 -0.0610 0.9981
vn 0.7078 0.0709 -0.7028
vn 0.0112 0.0613 -0.9981
vn 0.0112 -0.1000 0.9949
vn 0.7065 -0.0708 0.7042
vn -0.7080 0.0708 -0.7026
vn -0.7064 -0.0708 0.7043
vn -0.0112 -0.0996 0.9950
vn 0.7079 0.0950 -0.6999
vn 0.0113 0.0997 -0.9949
vn 0.0112 -0.1343 0.9909
vn 0.7065 -0.0950 0.7013
vn -0.0112 0.1004 -0.9949
vn -0.7079 0.0951 -0.6999
vn -0.7065 -0.0950 0.7013
vn -0.0112 -0.1339 0.9909
vn 0.7078 0.1157 -0.6969
vn 0.0112 0.1341 -0.9909
vn 0.0112 -0.1646 0.9863
vn 0.7065 -0.1165 0.6980
vn -0.7079 0.1157 -0.6968
vn -0.9998 0.0028 -0.0173
vn -0.7065 -0.1165 0.6981
vn -0.0112 -0.1643 0.9863
vn 0.7081 0.1477 -0.6905
vn 0.0112 0.2091 -0.9778
vn 0.0112 0.1637 -0.9864
vn 0.7064 -0.1493 0.6918
vn -0.0112 0.2091 -0.9778
vn -0.0112 0.1638 -0.9864
vn -0.7081 0.1476 -0.6905
vn -0.7064 -0.1493 0.6919
vn 0.7085 0.1924 -0.6789
vn 0.0112 -0.2109 0.9774
vn 0.7065 -0.1938 0.6807
vn 0.9998 -0.0056 0.0196
vn -0.0112 0.2726 -0.9621
vn -0.7085 0.1924 -0.6790
vn -0.7065 -0.1937 0.6807
vn -0.0112 -0.2109 0.9774
vn 0.7085 0.2466 -0.6613
vn 0.0112 -0.3481 0.9374
vn 0.0112 -0.2737 0.9617
vn 0.7063 -0.2464 0.6636
vn -0.7084 0.2466 -0.6614
vn -0.7063 -0.2464 0.6636
vn -0.0112 -0.3487 0.9372
vn -0.0112 -0.2747 0.9615
vn 0.7081 0.2895 -0.6440
vn 0.0112 0.3494 -0.9369
vn 0.0112 -0.4087 0.9126
vn 0.7063 -0.2894 0.6461
vn -0.7081 0.2895 -0.6441
vn -0.7063 -0.2894 0.6460
vn -0.0112 -0.4091 0.9124
vn 0.7078 0.3212 -0.6292
vn 0.0112 0.4098 -0.9121
vn 0.0112 -0.4535 0.8912
vn 0.7064 -0.3210 0.6308
vn -0.0112 0.4100 -0.9120
vn -0.7078 0.3212 -0.6292
vn -0.7063 -0.3211 0.6309
vn -0.0112 -0.4537 0.8911
vn 0.7076 0.3407 -0.6191
vn 0.0112 0.4543 -0.8908
vn 0.0112 -0.4815 0.8764
vn 0.7065 -0.3408 0.6203
vn -0.7074 0.3407 -0.6192
vn -0.7065 -0.3408 0.6203
vn -0.0112 -0.4816 0.8763
vn 0.7072 0.3479 -0.6155
vn 0.0112 0.4818 -0.8762
vn 0.7067 -0.3482 0.6159
vn -0.0113 0.4821 -0.8761
vn -0.7072 0.3480 -0.6155
vn -0.7067 -0.3482 0.6159
vn -0.0112 -0.4921 0.8705
vn 0.7068 0.3427 -0.6189
vn 0.0112 0.4921 -0.8705
vn 0.0112 -0.4848 0.8745
vn 0.7070 -0.3429 0.6185
vn -0.0112 0.4921 -0.8704
vn -0.7069 0.3426 -0.6188
vn -0.7069 -0.3429 0.6186
vn 0.7066 0.3242 -0.6290
vn 0.0112 0.4846 -0.8747
vn 0.7070 -0.3247 0.6283
vn -0.7067 0.3241 -0.6289
vn -0.7071 -0.3246 0.6282
vn -0.0112 -0.4590 0.8883
vn 0.7066 0.2922 -0.6445
vn 0.0112 0.4586 -0.8886
vn 0.0112 -0.4142 0.9101
vn 0.7071 -0.2929 0.6436
vn -0.0112 0.4581 -0.8888
vn -0.7066 0.2922 -0.6445
vn -0.7071 -0.2929 0.6436
vn -0.0112 -0.4143 0.9101
vn 0.7066 0.2469 -0.6632
vn 0.0112 0.4137 -0.9103
vn 0.0112 -0.3502 0.9366
vn 0.7071 -0.2476 0.6624
vn -0.0112 0.4129 -0.9107
vn -0.7065 0.2469 -0.6632
vn -0.7071 -0.2476 0.6624
vn -0.0112 -0.3506 0.9365
vn 0.7066 0.1904 -0.6815
vn 0.0112 0.3498 -0.9368
vn 0.0112 -0.2684 0.9632
vn 0.7068 -0.1898 0.6814
vn -0.0112 0.3488 -0.9371
vn -0.7065 0.1904 -0.6816
vn -0.9998 0.0055 -0.0197
vn -0.7068 -0.1898 0.6814
vn -0.0112 -0.2691 0.9631
vn 0.7066 0.1378 -0.6940
vn 0.0112 0.1948 -0.9808
vn 0.0112 0.2693 -0.9630
vn 0.7058 -0.1345 0.6955
vn -0.0112 0.1948 -0.9808
vn -0.0112 0.2690 -0.9631
vn -0.7066 0.1378 -0.6940
vn -0.7059 -0.1345 0.6955
vn 0.7069 -0.0984 0.7005
vn 1.0000 -0.0012 0.0086
vn 0.0144 0.9708 -0.2393
vn -0.0144 0.9709 -0.2392
vn -0.7073 -0.0981 0.7000
vn -0.0112 -0.1907 0.9816
vn 0.0113 -0.0651 0.9978
vn 0.0112 -0.1392 0.9902
vn 0.7111 -0.0460 0.7016
vn -0.7111 -0.0459 0.7016
vn -0.0113 -0.0651 0.9978
vn -0.0112 -0.1388 0.9903
vn 0.0115 0.0106 0.9999
vn 0.7135 0.0075 0.7006
vn 0.9999 -0.0007 0.0104
vn -0.9999 -0.0007 0.0104
vn -0.7135 0.0075 0.7006
vn -0.0114 0.0106 0.9999
vn 0.7322 -0.2156 -0.6460
vn 0.7265 -0.2625 -0.6351
vn 0.0118 -0.3821 -0.9241
vn 0.7141 0.0603 0.6974
vn 0.9998 0.0015 0.0173
vn -0.0120 -0.3166 -0.9485
vn -0.7264 -0.2626 -0.6351
vn -0.0118 -0.3833 -0.9235
vn -0.7321 -0.2156 -0.6461
vn -0.9998 0.0015 0.0174
vn -0.7141 0.0603 0.6974
vn -0.7081 -0.4705 0.5265
vn -0.0113 -0.6663 0.7456
vn -0.7069 0.4725 -0.5264
vn 0.0113 -0.6662 0.7457
vn 0.7081 -0.4704 0.5266
vn 0.7069 0.4725 -0.5263
vn -0.7084 -0.4073 0.5764
vn -0.0113 -0.5771 0.8166
vn -0.0112 0.6679 -0.7441
vn -0.7070 0.4083 -0.5774
vn 0.0112 -0.5771 0.8166
vn 0.7084 -0.4074 0.5764
vn 0.7070 0.4082 -0.5775
vn 0.0112 0.6680 -0.7441
vn -0.7082 -0.3494 0.6134
vn -0.0112 -0.4949 0.8689
vn -0.0112 0.5772 -0.8165
vn -0.7070 0.3504 -0.6143
vn -0.9998 0.0099 -0.0171
vn 0.0112 -0.4948 0.8689
vn 0.7082 -0.3494 0.6135
vn 0.7070 0.3504 -0.6143
vn 0.0112 0.5772 -0.8165
vn -0.7080 -0.2895 0.6441
vn -0.0112 0.4106 -0.9117
vn -0.0112 0.4954 -0.8686
vn -0.7071 0.2904 -0.6447
vn 0.7081 -0.2895 0.6440
vn 0.7071 0.2904 -0.6447
vn 0.0113 0.4107 -0.9117
vn 0.0112 0.4955 -0.8685
vn -0.7078 -0.2311 0.6675
vn -0.0113 -0.4100 0.9120
vn -0.0112 0.3279 -0.9446
vn -0.7072 0.2318 -0.6680
vn 0.0113 -0.4100 0.9120
vn 0.7079 -0.2312 0.6674
vn 0.7071 0.2318 -0.6680
vn 0.0112 0.3278 -0.9447
vn -0.7077 -0.1766 0.6841
vn -0.0112 -0.3272 0.9449
vn -0.0112 0.2504 -0.9681
vn -0.7071 0.1770 -0.6846
vn 0.0112 -0.3272 0.9449
vn 0.7077 -0.1766 0.6841
vn 0.7071 0.1770 -0.6846
vn 0.0112 0.2504 -0.9681
vn -0.7076 -0.1269 0.6952
vn -0.0111 -0.2499 0.9682
vn -0.0112 0.1799 -0.9836
vn -0.7071 0.1273 -0.6955
vn 0.0113 -0.2499 0.9682
vn 0.7075 -0.1269 0.6952
vn 0.7071 0.1273 -0.6956
vn 0.0112 0.1825 -0.9831
vn -0.7074 -0.0978 0.7000
vn -0.0112 -0.1796 0.9837
vn -0.0113 0.1310 -0.9913
vn -0.7066 0.0928 -0.7015
vn 0.0112 -0.1796 0.9837
vn 0.7075 -0.0979 0.6999
vn 0.7066 0.0928 -0.7015
vn 0.0112 0.1310 -0.9913
vn -0.0112 0.0860 -0.9962
vn -0.7083 0.0516 -0.7040
vn -0.7077 0.0605 -0.7039
vn -0.9999 0.0011 -0.0126
vn 0.7077 0.0605 -0.7039
vn 0.7083 0.0516 -0.7040
vn 0.0112 0.0856 -0.9963
vn -0.7137 -0.3568 -0.6027
vn -0.7042 -0.4228 -0.5704
vn -0.0114 -0.5097 -0.8603
vn 0.0114 -0.5097 -0.8603
vn 0.7042 -0.4228 -0.5704
vn 0.7137 -0.3568 -0.6028
vn -0.6997 -0.4559 -0.5501
vn -0.0111 -0.5954 -0.8033
vn 0.7072 0.4380 0.5551
vn 0.0111 -0.5954 -0.8033
vn 0.6997 -0.4560 -0.5500
vn 0.9999 -0.0105 -0.0126
vn -0.7012 -0.4869 -0.5208
vn -0.0110 -0.6827 -0.7306
vn -0.0110 -0.6379 -0.7701
vn -0.0112 0.6207 0.7840
vn -0.7071 0.4835 0.5160
vn -0.7072 0.4380 0.5551
vn 0.0110 -0.6830 -0.7304
vn 0.0109 -0.6383 -0.7697
vn 0.7012 -0.4869 -0.5208
vn 0.7070 0.4835 0.5160
vn 0.0113 0.6194 0.7850
vn -0.7032 -0.5433 -0.4587
vn -0.0110 -0.7640 -0.6451
vn -0.0112 0.6837 0.7297
vn -0.7072 0.5408 0.4554
vn 0.0110 -0.7641 -0.6450
vn 0.7032 -0.5433 -0.4587
vn 0.7072 0.5408 0.4554
vn 0.0112 0.6832 0.7302
vn -0.7048 -0.5994 -0.3793
vn -0.0111 -0.8449 -0.5348
vn -0.0112 0.7649 0.6441
vn -0.7074 0.5979 0.3770
vn 0.0111 -0.8450 -0.5347
vn 0.7048 -0.5994 -0.3793
vn 0.7074 0.5979 0.3771
vn 0.0113 0.7645 0.6445
vn -0.7061 -0.6501 -0.2808
vn -0.0112 -0.9176 -0.3974
vn -0.7076 0.6490 0.2795
vn 0.0111 -0.9180 -0.3965
vn 0.7061 -0.6501 -0.2809
vn 0.7076 0.6491 0.2794
vn 0.0113 0.8453 0.5342
vn -0.7070 -0.6878 -0.1645
vn -0.0112 -0.9725 -0.2326
vn -0.0112 0.9184 0.3954
vn -0.7077 0.6871 0.1644
vn -0.9998 0.0196 0.0047
vn 0.7070 -0.6878 -0.1645
vn 0.7077 0.6871 0.1645
vn 0.0113 0.9179 0.3967
vn -0.7073 -0.7054 -0.0461
vn -0.0113 0.9978 0.0658
vn -0.0112 0.9725 0.2328
vn -0.7077 0.7050 0.0465
vn 0.7074 -0.7054 -0.0461
vn 0.7077 0.7050 0.0465
vn 0.0113 0.9979 0.0639
vn 0.0112 0.9719 0.2351
vn -0.7075 -0.7033 0.0702
vn -0.0112 -0.9979 -0.0635
vn -0.0113 0.9951 -0.0984
vn -0.7075 0.7033 -0.0695
vn 0.0113 -0.9978 -0.0652
vn 0.7074 -0.7033 0.0702
vn 0.7075 0.7033 -0.0695
vn 0.0113 0.9950 -0.0994
vn -0.7074 -0.6847 0.1756
vn -0.0112 -0.9949 0.0999
vn -0.0112 0.9688 -0.2475
vn -0.7074 0.6848 -0.1750
vn 0.0112 -0.9950 0.0994
vn 0.7074 -0.6847 0.1756
vn 0.7074 0.6848 -0.1749
vn 0.0112 0.9687 -0.2480
vn -0.7072 -0.6539 0.2689
vn -0.0112 -0.9686 0.2486
vn -0.0112 0.9251 -0.3795
vn -0.7074 0.6540 -0.2682
vn 0.0113 -0.9686 0.2485
vn 0.7072 -0.6539 0.2689
vn 0.7074 0.6540 -0.2682
vn 0.0112 0.9250 -0.3798
vn -0.7070 -0.6149 0.3495
vn -0.0112 -0.9248 0.3803
vn -0.0112 0.8696 -0.4935
vn -0.7073 0.6148 -0.3489
vn 0.7070 -0.6148 0.3495
vn 0.7073 0.6148 -0.3489
vn 0.0112 0.8694 -0.4939
vn -0.7067 -0.5703 0.4188
vn -0.0112 -0.8693 0.4942
vn -0.7072 0.5700 -0.4182
vn 0.0112 -0.8693 0.4942
vn 0.7067 -0.5703 0.4187
vn 0.7072 0.5700 -0.4183
vn 0.0112 0.8059 -0.5920
vn -0.7063 -0.5214 0.4788
vn -0.0112 -0.8058 0.5921
vn -0.0112 0.7367 -0.6761
vn -0.7073 0.5208 -0.4780
vn 0.0112 -0.8060 0.5918
vn 0.7064 -0.5214 0.4787
vn 0.7072 0.5209 -0.4781
vn 0.0113 0.7362 -0.6767
vn -0.7054 -0.4686 0.5318
vn -0.0112 -0.7361 0.6768
vn -0.7072 0.4648 -0.5328
vn 0.0112 -0.7366 0.6762
vn 0.7054 -0.4685 0.5319
vn 0.7072 0.4648 -0.5327
vn 0.0112 0.6573 -0.7535
vn -0.7027 -0.4102 0.5814
vn -0.0112 -0.6601 0.7511
vn 0.0112 -0.6609 0.7504
vn 0.7027 -0.4103 0.5813
vn 0.9999 -0.0065 0.0092
vn 0.0192 0.9348 0.3547
vn -0.7052 -0.3409 0.6217
vn -0.0111 -0.4797 0.8773
vn -0.0111 -0.5769 0.8167
vn 0.7062 0.0350 -0.7071
vn 0.0112 0.0505 -0.9987
vn 0.0111 -0.4804 0.8770
vn 0.0111 -0.5770 0.8167
vn 0.7052 -0.3409 0.6217
vn 0.7061 0.0286 -0.7076
vn 0.0111 0.0403 -0.9991
vn -0.0112 0.0494 -0.9987
vn -0.0111 0.0717 -0.9974
vn -0.7061 0.0352 -0.7073
vn -0.0112 0.0403 -0.9991
vn -0.7058 0.0286 -0.7078
vn -0.7184 -0.2305 0.6563
vn -0.0116 -0.3314 0.9434
vn 0.0116 -0.3314 0.9434
vn 0.7185 -0.2305 0.6562
vn -0.7233 -0.1703 0.6692
vn -0.0117 -0.2466 0.9691
vn 0.0117 -0.2465 0.9691
vn 0.7232 -0.1703 0.6693
vn 0.0112 -0.1385 0.9903
vn -0.0112 -0.1385 0.9903
vn -0.0110 -0.2068 -0.9783
vn 0.0110 -0.2069 -0.9783
vn -0.0111 0.9980 0.0623
vn 0.0112 -0.9884 -0.1512
vn 0.0112 -0.9355 -0.3533
vn -0.0111 0.9357 0.3527
vn -0.0110 0.8078 0.5893
vn 0.0112 -0.7682 -0.6401
vn 0.0111 -0.4987 -0.8667
vn -0.0111 0.3267 0.9451
vn -0.0111 0.2545 0.9670
vn 0.0111 -0.2469 -0.9690
vn -0.0111 0.2535 0.9673
vn 0.0111 -0.2809 -0.9597
vn -0.0111 0.4105 0.9118
vn 0.0111 -0.4662 -0.8846
vn 0.0111 -0.9396 -0.3422
vn -0.0111 0.9644 0.2643
vn -0.0111 0.9950 0.0990
vn 0.0111 -0.9626 0.2706
vn -0.0111 0.9632 -0.2687
vn 0.0111 -0.9716 0.2363
vn -0.0111 0.9866 -0.1625
vn -0.0111 0.8942 0.4476
vn 0.0112 -0.8644 -0.5027
vn -0.0111 0.7940 0.6078
vn 0.0112 -0.7538 -0.6570
vn -0.0111 0.6141 0.7891
vn 0.0112 -0.4505 -0.8927
vn 0.0111 -0.3261 -0.9453
vn -0.0111 0.3262 0.9452
vn 0.0111 -0.1978 -0.9802
vn -0.0111 0.0295 0.9995
vn 0.0111 0.1637 -0.9864
vn -0.0111 -0.2109 0.9774
vn 0.0111 0.4921 -0.8705
vn -0.0112 -0.4591 0.8883
vn 0.0111 0.1948 -0.9808
vn -0.0111 -0.1388 0.9903
vn 0.0113 0.0861 0.9962
vn -0.0119 -0.3166 -0.9485
vn 0.0111 0.6679 -0.7441
vn 0.0112 0.6194 0.7850
vn 0.0112 0.8453 0.5342
vn -0.0111 -0.9725 -0.2326
vn -0.0112 -0.9949 0.1000
vn 0.0111 0.7362 -0.6767
vn -0.0115 -0.3314 0.9434
vn -0.9998 0.0007 -0.0179
vn -0.0110 -0.2428 -0.9700
vn 0.0110 -0.2068 -0.9783
vn -0.0114 -0.9975 0.0703
vn 0.0113 0.0860 0.9962
vn -0.0115 0.0861 0.9962
vn -0.0192 0.9348 0.3546
vn -0.0110 -0.2427 -0.9700
vn 0.0107 -0.9890 0.1476
vn 0.0111 -0.9858 0.1674
vn -0.0112 -0.9858 0.1674
vn 0.9999 -0.0169 0.0029
vn -0.0108 0.9707 -0.2402
vn -0.0111 0.9860 -0.1663
vn -0.9999 -0.0168 0.0029
vn -0.9999 -0.0166 0.0017
vn 0.9998 0.0205 -0.0021
vn 0.9999 -0.0167 0.0018
vn 0.0111 0.9859 -0.1670
vn -0.0111 0.9947 -0.1025
vn -0.9998 0.0204 -0.0021
vn -0.9999 -0.0162 0.0005
vn 0.9998 0.0211 -0.0005
vn 0.0111 0.9949 -0.1005
vn -0.0111 0.9996 -0.0261
vn -0.9999 -0.0155 -0.0009
vn 0.0112 -0.9983 -0.0570
vn 0.9998 0.0218 0.0014
vn 0.9999 -0.0155 -0.0008
vn 0.0111 0.9997 -0.0240
vn -0.0112 0.9981 0.0601
vn -0.9998 0.0218 0.0014
vn -0.9999 -0.0145 -0.0022
vn 0.9999 -0.0146 -0.0021
vn 0.0111 0.9876 0.1564
vn 0.9997 0.0223 0.0059
vn 0.9999 -0.0136 -0.0036
vn -0.0111 0.9674 0.2531
vn -0.9999 -0.0128 -0.0050
vn -0.9997 0.0219 0.0083
vn 0.0111 -0.9362 -0.3513
vn 0.9997 0.0219 0.0082
vn 0.0110 0.9669 0.2549
vn -0.0111 0.9362 0.3513
vn -0.9999 -0.0122 -0.0064
vn -0.0113 -0.8952 -0.4455
vn 0.9999 -0.0129 -0.0050
vn 0.0111 0.8960 0.4440
vn -0.9997 0.0195 0.0120
vn 0.0112 -0.8498 -0.5270
vn 0.9999 -0.0123 -0.0064
vn 0.9997 0.0196 0.0120
vn -0.0110 0.8520 0.5235
vn -0.9999 -0.0119 -0.0092
vn -0.0112 -0.8505 -0.5259
vn 0.0112 -0.8055 -0.5925
vn 0.9999 -0.0119 -0.0078
vn 0.9998 0.0180 0.0131
vn 0.0110 0.8517 0.5240
vn -0.0110 0.8080 0.5891
vn -0.9998 0.0164 0.0135
vn -0.0112 -0.8065 -0.5911
vn 0.0112 -0.7672 -0.6413
vn 0.9999 -0.0120 -0.0092
vn 0.9998 0.0164 0.0135
vn -0.0112 -0.7395 -0.6730
vn 0.9999 -0.0122 -0.0106
vn -0.0111 0.7403 0.6722
vn -0.9999 -0.0121 -0.0118
vn 0.0111 -0.7177 -0.6962
vn 0.9999 -0.0123 -0.0114
vn 0.9998 0.0147 0.0142
vn -0.0111 0.7172 0.6968
vn 0.0111 0.7172 0.6968
vn -0.9999 -0.0115 -0.0120
vn -0.0112 -0.7172 -0.6968
vn 0.0111 -0.6937 -0.7202
vn 0.9999 -0.0116 -0.0119
vn 0.0110 0.6926 0.7212
vn -0.0111 -0.6928 -0.7210
vn 0.0111 -0.6649 -0.7469
vn 0.9998 0.0140 0.0158
vn -0.0111 0.6638 0.7478
vn 0.0111 0.6638 0.7478
vn -0.9998 0.0140 0.0157
vn -0.9999 -0.0101 -0.0124
vn -0.0111 -0.6640 -0.7476
vn 0.0111 -0.6321 -0.7748
vn 0.9999 -0.0101 -0.0123
vn -0.0111 0.6318 0.7751
vn -0.9998 0.0135 0.0165
vn -0.0111 -0.6316 -0.7752
vn 0.0111 -0.5969 -0.8023
vn 0.9999 -0.0094 -0.0128
vn 0.0111 0.6315 0.7753
vn -0.0111 0.5970 0.8022
vn -0.9999 -0.0089 -0.0133
vn -0.9998 0.0120 0.0176
vn -0.0111 -0.5967 -0.8024
vn 0.0112 -0.5612 -0.8276
vn 0.9998 0.0120 0.0177
vn 0.0111 0.5968 0.8023
vn -0.0112 -0.5615 -0.8274
vn 0.0112 -0.5275 -0.8495
vn 0.9999 -0.0089 -0.0133
vn 0.9998 0.0111 0.0179
vn -0.0110 0.5284 0.8490
vn -0.9998 0.0102 0.0177
vn -0.0111 -0.5281 -0.8491
vn 0.0111 -0.4980 -0.8671
vn 0.0110 0.5285 0.8489
vn -0.0111 0.4988 0.8666
vn -0.9999 -0.0081 -0.0152
vn -0.9998 0.0095 0.0177
vn -0.0112 -0.4745 -0.8802
vn 0.9999 -0.0083 -0.0146
vn 0.9998 0.0095 0.0177
vn 0.0111 0.4990 0.8665
vn -0.0111 0.4745 0.8802
vn -0.9998 0.0089 0.0174
vn 0.0111 -0.4558 -0.8900
vn 0.9998 -0.0082 -0.0153
vn 0.9998 0.0089 0.0172
vn 0.0111 0.4748 0.8800
vn -0.0111 0.4562 0.8898
vn -0.9998 -0.0080 -0.0157
vn -0.0110 -0.4562 -0.8898
vn 0.9998 0.0087 0.0177
vn 0.0111 0.4564 0.8897
vn -0.0111 0.4438 0.8961
vn -0.9999 -0.0072 -0.0158
vn 0.0111 -0.4126 -0.9108
vn 0.9998 0.0084 0.0182
vn 0.9998 -0.0074 -0.0157
vn -0.0111 0.4119 0.9111
vn 0.0111 0.4120 0.9111
vn -0.9998 0.0083 0.0180
vn -0.0111 -0.3683 -0.9296
vn 0.9998 0.0073 0.0183
vn -0.0111 0.3689 0.9294
vn -0.9998 -0.0058 -0.0170
vn -0.9998 0.0063 0.0183
vn -0.0111 -0.3262 -0.9452
vn 0.9998 0.0063 0.0184
vn 0.0111 0.3711 0.9285
vn -0.0111 0.3256 0.9454
vn -0.9998 -0.0054 -0.0173
vn -0.0111 -0.2973 -0.9547
vn 0.9998 0.0057 0.0183
vn 0.0111 0.2975 0.9547
vn -0.9998 0.0052 0.0182
vn -0.0111 -0.2774 -0.9607
vn 0.9998 0.0053 0.0182
vn 0.0111 0.2775 0.9607
vn -0.9998 -0.0049 -0.0179
vn -0.9998 0.0049 0.0182
vn -0.0111 -0.2637 -0.9645
vn 0.9998 -0.0051 -0.0177
vn 0.0111 0.2637 0.9645
vn -0.9998 -0.0047 -0.0179
vn -0.9998 0.0048 0.0181
vn 0.0111 -0.2545 -0.9670
vn 0.9998 -0.0049 -0.0178
vn 0.9998 0.0048 0.0182
vn -0.9998 -0.0046 -0.0179
vn 0.9998 -0.0047 -0.0180
vn 0.9998 0.0047 0.0182
vn -0.0110 0.2490 0.9684
vn 0.0111 0.2490 0.9684
vn -0.9998 0.0046 0.0180
vn -0.0112 0.2469 0.9690
vn -0.9998 -0.0047 -0.0182
vn -0.0111 -0.2482 -0.9687
vn 0.0111 0.2469 0.9690
vn -0.9998 0.0047 0.0179
vn 0.0110 -0.2534 -0.9673
vn 0.9998 -0.0046 -0.0182
vn 0.9998 0.0047 0.0180
vn 0.0111 0.2482 0.9687
vn -0.0112 0.2533 0.9673
vn -0.9998 -0.0050 -0.0183
vn -0.9998 0.0049 0.0179
vn -0.0111 -0.2535 -0.9673
vn 0.0111 -0.2640 -0.9644
vn 0.9998 -0.0048 -0.0181
vn -0.0111 0.2644 0.9644
vn 0.0111 0.2644 0.9644
vn -0.9998 -0.0053 -0.0181
vn -0.9998 0.0051 0.0175
vn -0.0112 -0.2644 -0.9643
vn 0.0111 -0.2804 -0.9598
vn 0.9998 0.0051 0.0176
vn 0.0111 0.2808 0.9597
vn -0.9998 0.0055 0.0172
vn -0.0111 -0.3016 -0.9534
vn 0.9998 -0.0054 -0.0182
vn 0.9998 0.0055 0.0174
vn 0.0111 0.3015 0.9534
vn -0.9998 -0.0064 -0.0182
vn -0.9998 0.0059 0.0170
vn -0.0111 -0.3287 -0.9444
vn 0.9998 -0.0058 -0.0182
vn -0.0112 0.3284 0.9445
vn -0.9998 -0.0072 -0.0183
vn -0.9998 0.0065 0.0165
vn 0.0111 -0.3651 -0.9309
vn 0.9998 -0.0064 -0.0184
vn 0.9998 0.0065 0.0166
vn 0.0111 0.3285 0.9445
vn -0.0111 0.3645 0.9311
vn -0.0111 -0.3650 -0.9310
vn 0.0111 -0.4109 -0.9116
vn 0.9998 -0.0072 -0.0182
vn 0.0111 0.3647 0.9311
vn -0.0111 0.4102 0.9119
vn -0.9998 -0.0094 -0.0177
vn -0.9999 0.0080 0.0152
vn -0.0111 -0.4108 -0.9117
vn 0.0111 -0.4665 -0.8844
vn 0.9998 -0.0082 -0.0181
vn 0.0111 0.4658 0.8848
vn -0.9998 -0.0102 -0.0161
vn 0.0110 -0.5262 -0.8503
vn -0.0111 -0.5263 -0.8502
vn 0.9998 -0.0095 -0.0177
vn 0.9998 0.0096 0.0155
vn -0.0111 0.5301 0.8478
vn 0.9999 0.0095 0.0113
vn 1.0000 -0.0029 -0.0049
vn 0.0111 0.5304 0.8476
vn -1.0000 0.0003 -0.0028
vn -1.0000 -0.0052 -0.0034
vn -0.9998 -0.0168 -0.0111
vn -0.9999 0.0143 0.0094
vn 0.0112 -0.6663 0.7456
vn 0.0112 -0.7224 0.6913
vn -0.0111 -0.7225 0.6913
vn 1.0000 -0.0052 -0.0035
vn 0.9999 0.0142 0.0094
vn -0.0111 0.7217 0.6922
vn 0.0112 0.8326 0.5538
vn -0.9998 -0.0186 -0.0094
vn -0.9999 0.0147 0.0073
vn 0.0111 -0.8372 -0.5469
vn 0.0111 -0.8956 -0.4447
vn -0.0112 -0.8956 -0.4446
vn 0.9998 -0.0169 -0.0112
vn 0.9999 0.0147 0.0072
vn 0.0112 0.8960 0.4439
vn -0.9998 -0.0191 -0.0070
vn 0.0111 -0.9398 -0.3415
vn 0.9999 0.0159 0.0058
vn 0.9998 -0.0191 -0.0073
vn 0.0111 0.9410 0.3381
vn -0.9999 0.0158 0.0057
vn -0.9998 -0.0192 -0.0053
vn -0.0111 -0.9642 -0.2650
vn 0.9998 0.0168 0.0046
vn 0.9998 -0.0192 -0.0055
vn -0.0111 0.9643 0.2647
vn -0.9998 -0.0193 -0.0040
vn 0.0111 -0.9786 -0.2056
vn 0.9998 -0.0194 -0.0040
vn -0.0111 0.9787 0.2050
vn 0.0112 0.9787 0.2050
vn -0.9998 -0.0195 -0.0029
vn -0.0110 -0.9787 -0.2051
vn 0.0111 -0.9885 -0.1506
vn -0.0111 0.9886 0.1504
vn -0.9998 0.0174 0.0026
vn -0.0111 -0.9950 -0.0991
vn 0.9998 0.0176 0.0017
vn 0.0111 0.9886 0.1500
vn -0.0112 0.9950 0.0995
vn -0.9998 0.0175 0.0017
vn -0.9998 -0.0195 -0.0010
vn 0.0111 -0.9986 -0.0523
vn 0.9998 -0.0196 -0.0010
vn 0.0112 0.9986 0.0516
vn -0.9998 -0.0196 -0.0002
vn -0.0111 -0.9986 -0.0517
vn 0.0111 -0.9999 -0.0080
vn 0.9998 0.0177 0.0001
vn 0.9998 -0.0197 -0.0002
vn -0.0111 0.9999 0.0079
vn -0.9998 0.0176 0.0001
vn -0.0111 -0.9999 -0.0073
vn 0.0111 -0.9994 0.0340
vn 0.0111 0.9999 0.0072
vn -0.0111 0.9994 -0.0340
vn -0.9998 -0.0196 0.0015
vn -0.0111 -0.9993 0.0348
vn 0.0111 -0.9972 0.0746
vn 0.9998 0.0176 -0.0013
vn 0.0111 0.9993 -0.0348
vn -0.0111 0.9972 -0.0745
vn -0.9998 0.0173 -0.0020
vn -0.0112 -0.9971 0.0754
vn 0.0111 -0.9933 0.1149
vn 0.9998 0.0174 -0.0020
vn 0.0111 0.9971 -0.0754
vn -0.0111 0.9933 -0.1146
vn -0.9998 -0.0198 0.0032
vn -0.0111 -0.9932 0.1159
vn 0.0111 -0.9875 0.1570
vn 0.0111 0.9932 -0.1158
vn -0.0112 0.9876 -0.1563
vn -0.9998 -0.0200 0.0042
vn -0.9999 0.0166 -0.0035
vn -0.0111 -0.9873 0.1582
vn 0.0111 -0.9791 0.2029
vn 0.9998 -0.0199 0.0032
vn 0.9999 0.0166 -0.0035
vn 0.0111 0.9874 -0.1579
vn -0.0111 0.9792 -0.2027
vn -0.9998 -0.0188 0.0050
vn -0.0111 -0.9787 0.2050
vn 0.0111 -0.9666 0.2561
vn 0.9998 0.0174 -0.0045
vn 0.9998 -0.0188 0.0048
vn 0.0111 0.9787 -0.2052
vn -0.9998 0.0173 -0.0045
vn -0.0111 -0.9666 0.2560
vn 0.9998 0.0178 -0.0050
vn 0.0111 0.9661 -0.2579
vn -0.0112 0.9626 -0.2708
vn -0.9998 0.0177 -0.0050
vn -0.9998 -0.0179 0.0051
vn 0.9998 0.0180 -0.0051
vn 0.9998 -0.0180 0.0051
vn 0.0111 0.9626 -0.2708
vn -0.9998 -0.0179 0.0050
vn 0.9998 0.0181 -0.0051
vn 0.9998 -0.0178 0.0050
vn 0.0111 0.9619 -0.2733
vn -0.0111 0.9631 -0.2688
vn -0.9998 0.0181 -0.0050
vn -0.0111 -0.9631 0.2688
vn 0.0111 -0.9664 0.2569
vn 0.9998 -0.0178 0.0048
vn 0.0111 0.9664 -0.2566
vn -0.0111 -0.9664 0.2567
vn 0.0111 -0.9715 0.2367
vn 0.9998 0.0187 -0.0045
vn -0.0111 0.9716 -0.2363
vn -0.0111 -0.9785 0.2059
vn 0.9998 0.0190 -0.0040
vn 0.9998 -0.0176 0.0037
vn 0.0111 0.9717 -0.2361
vn -0.0111 0.9785 -0.2059
vn -0.9998 0.0189 -0.0040
vn -0.9998 -0.0173 0.0029
vn -0.0111 -0.9865 0.1631
vn 0.9998 -0.0173 0.0030
vn 0.0111 0.9786 -0.2055
vn -0.0111 0.9865 -0.1632
vn -0.9999 -0.0169 0.0018
vn 0.0112 -0.9942 0.1071
vn 0.9998 0.0202 -0.0021
vn 0.9999 -0.0169 0.0020
vn -0.0112 0.9946 -0.1035
vn 0.0111 0.9946 -0.1035
vn -0.9998 0.0201 -0.0021
vn -0.0112 -0.9944 0.1047
vn 0.0111 -0.9995 0.0306
vn 0.9999 -0.0163 0.0008
vn 0.0111 0.9997 -0.0236
vn -0.9999 -0.0149 -0.0011
vn 0.9999 -0.0150 -0.0003
vn -0.0111 0.9964 0.0835
vn 0.0112 0.9964 0.0835
vn -0.9998 0.0222 0.0019
vn -0.9999 -0.0134 -0.0030
vn 0.9999 -0.0134 -0.0031
vn -0.0111 0.9753 0.2205
vn -0.9997 0.0224 0.0086
vn -0.0112 -0.9761 -0.2171
vn 0.0112 -0.9354 -0.3535
vn 0.9997 0.0226 0.0083
vn -0.9999 -0.0116 -0.0078
vn 0.9999 -0.0114 -0.0069
vn -0.0111 0.8942 0.4475
vn -0.9999 -0.0130 -0.0076
vn 0.0112 -0.8645 -0.5026
vn 0.9998 0.0192 0.0112
vn 0.9999 -0.0130 -0.0076
vn 0.0111 0.8643 0.5028
vn -0.9998 0.0192 0.0111
vn -0.9999 -0.0124 -0.0083
vn -0.0111 -0.8310 -0.5562
vn 0.9998 0.0185 0.0124
vn -0.0111 0.8310 0.5562
vn -0.9998 0.0184 0.0124
vn -0.9999 -0.0119 -0.0090
vn -0.0112 -0.7941 -0.6077
vn 0.9998 0.0177 0.0136
vn 0.0111 0.8309 0.5563
vn -0.0111 0.7941 0.6077
vn -0.9999 -0.0112 -0.0098
vn 0.0112 -0.7539 -0.6569
vn 0.9997 0.0169 0.0147
vn 0.9999 -0.0113 -0.0099
vn 0.0111 0.7537 0.6571
vn -0.9998 0.0168 0.0146
vn -0.0111 -0.7102 -0.7039
vn 0.9997 0.0160 0.0158
vn 0.0110 0.7102 0.7039
vn -0.9998 0.0159 0.0157
vn 0.0111 -0.6637 -0.7479
vn 0.9997 0.0149 0.0168
vn -0.9997 0.0149 0.0167
vn -0.9999 -0.0092 -0.0117
vn -0.0111 -0.6636 -0.7480
vn 0.0111 -0.6141 -0.7891
vn 0.9997 0.0138 0.0177
vn 0.9999 -0.0091 -0.0118
vn -0.9999 -0.0083 -0.0123
vn -0.0111 -0.6141 -0.7891
vn 0.0112 -0.5618 -0.8272
vn 0.9997 0.0126 0.0185
vn 0.9999 -0.0084 -0.0124
vn 0.0111 0.5619 0.8271
vn -0.0112 -0.5072 -0.8617
vn 0.9997 0.0114 0.0193
vn 0.0111 0.5072 0.8618
vn -0.9999 -0.0066 -0.0132
vn -0.0111 0.4501 0.8929
vn 0.9999 -0.0059 -0.0137
vn 0.0110 0.4503 0.8928
vn -0.0111 0.3884 0.9214
vn -0.9998 0.0087 0.0205
vn -0.9999 -0.0049 -0.0144
vn 0.0111 -0.3257 -0.9454
vn 0.9998 0.0072 0.0209
vn 0.9999 -0.0050 -0.0144
vn 0.0111 0.3901 0.9207
vn -0.0111 0.3260 0.9453
vn -0.9999 -0.0039 -0.0148
vn -0.9998 0.0057 0.0212
vn -0.0112 -0.2609 -0.9653
vn 0.0111 0.2613 0.9652
vn -0.9998 0.0043 0.0213
vn 0.0111 -0.1968 -0.9804
vn 0.9999 -0.0039 -0.0148
vn 0.0111 0.1982 0.9801
vn -0.9999 -0.0021 -0.0159
vn -0.0112 -0.1376 -0.9904
vn 0.9999 -0.0030 -0.0153
vn -0.0111 0.1376 0.9904
vn -0.9998 0.0017 0.0209
vn -0.0111 -0.0813 -0.9966
vn 0.9999 -0.0021 -0.0159
vn 0.9998 0.0017 0.0210
vn 0.0111 0.1380 0.9904
vn -0.0112 0.0812 0.9966
vn -0.0111 -0.0292 -0.9995
vn 0.9998 0.0006 0.0206
vn 0.0111 0.0816 0.9966
vn -0.0111 0.0291 0.9995
vn -0.9998 -0.0004 0.0204
vn 0.0111 0.0191 -0.9998
vn 0.9999 -0.0004 -0.0166
vn 0.9998 -0.0004 0.0205
vn -0.0110 -0.0180 0.9998
vn 0.0111 -0.0180 0.9998
vn -0.9999 0.0011 -0.0171
vn -0.9998 -0.0012 0.0201
vn -0.0111 0.0183 -0.9998
vn 0.0112 0.0620 -0.9980
vn 0.9999 0.0004 -0.0169
vn 0.9998 -0.0013 0.0200
vn 0.0111 -0.0610 0.9981
vn -0.9998 0.0018 -0.0173
vn -0.9998 -0.0020 0.0197
vn -0.0111 0.0998 -0.9949
vn 0.9999 0.0011 -0.0172
vn 0.0111 -0.0996 0.9950
vn -0.9998 0.0024 -0.0175
vn -0.9998 -0.0026 0.0195
vn -0.0111 0.1341 -0.9909
vn 0.9998 0.0018 -0.0174
vn -0.0111 -0.1343 0.9909
vn -0.9998 0.0028 -0.0172
vn 0.0111 0.1638 -0.9864
vn 0.9998 0.0024 -0.0174
vn 0.0110 -0.1339 0.9909
vn -0.0111 -0.1646 0.9863
vn -0.9999 0.0036 -0.0167
vn 0.9998 -0.0042 0.0197
vn 0.9999 0.0033 -0.0168
vn 0.0111 -0.1643 0.9863
vn -0.9998 -0.0042 0.0197
vn -0.9999 0.0046 -0.0162
vn 0.0111 0.2744 -0.9616
vn -0.0112 0.2744 -0.9616
vn 0.9999 0.0046 -0.0163
vn 0.0111 -0.2747 0.9615
vn -0.9999 0.0060 -0.0157
vn -0.0111 0.3494 -0.9369
vn 0.0111 -0.3487 0.9372
vn -0.9999 0.0072 -0.0156
vn -0.9998 -0.0082 0.0183
vn 0.0111 0.4100 -0.9120
vn 0.9999 0.0060 -0.0157
vn 0.9998 -0.0082 0.0184
vn 0.0111 -0.4091 0.9124
vn -0.9998 -0.0089 0.0175
vn -0.0112 0.4098 -0.9121
vn 0.0111 0.4546 -0.8906
vn 0.9999 0.0072 -0.0157
vn 0.9998 -0.0089 0.0176
vn 0.0111 -0.4537 0.8911
vn -0.9998 0.0087 -0.0158
vn -0.9998 -0.0092 0.0168
vn -0.0111 0.4543 -0.8908
vn 0.0111 0.4821 -0.8761
vn 0.9998 0.0081 -0.0156
vn -0.9998 0.0092 -0.0163
vn -0.0111 0.4818 -0.8762
vn 0.9998 0.0088 -0.0159
vn 0.9998 -0.0092 0.0162
vn -0.9998 -0.0088 0.0159
vn -0.0112 0.4846 -0.8747
vn 0.9998 -0.0088 0.0160
vn -0.9998 0.0089 -0.0174
vn 0.0111 0.4582 -0.8888
vn 0.9998 0.0092 -0.0167
vn 0.0110 -0.4848 0.8746
vn -0.0111 -0.4591 0.8883
vn -0.9999 -0.0071 0.0157
vn -0.0111 0.4586 -0.8886
vn 0.0111 0.4129 -0.9107
vn 0.9998 0.0089 -0.0175
vn 0.9999 -0.0072 0.0157
vn -0.9998 0.0069 -0.0190
vn -0.9999 -0.0059 0.0159
vn -0.0111 0.3498 -0.9367
vn 0.9998 0.0082 -0.0183
vn 0.9999 -0.0060 0.0159
vn 0.0111 -0.3506 0.9365
vn -0.9998 0.0055 -0.0196
vn 0.0111 0.2693 -0.9630
vn -0.0111 0.2693 -0.9630
vn 0.9998 0.0070 -0.0191
vn -0.0111 -0.2684 0.9632
vn -0.9998 0.0038 -0.0191
vn 0.9998 -0.0034 0.0175
vn 0.9998 0.0039 -0.0191
vn 0.0111 -0.2691 0.9631
vn -0.0111 -0.1900 0.9817
vn -0.0111 0.1900 -0.9817
vn 1.0000 0.0012 -0.0050
vn 0.0111 -0.1907 0.9816
vn -0.0111 -0.1393 0.9902
vn -0.9999 -0.0060 -0.0103
vn -0.9999 0.0063 0.0078
vn -0.0110 -0.5954 -0.8034
vn 0.0113 0.0106 0.9999
vn 0.0112 -0.0651 0.9978
vn -0.0112 -0.0650 0.9978
vn 0.9999 -0.0052 -0.0158
vn 0.9999 -0.0052 -0.0126
vn 0.9999 -0.0061 -0.0102
vn -0.9999 -0.0052 -0.0157
vn 0.9998 0.0134 -0.0150
vn 0.9999 -0.0100 0.0141
vn 0.0117 -0.3833 -0.9235
vn 0.0111 0.3278 -0.9447
vn 0.0111 0.1799 -0.9836
vn -0.0111 0.1825 -0.9831
vn 1.0000 -0.0046 0.0085
vn 0.0111 0.7217 0.6921
vn -0.0111 0.6908 -0.7230
vn 1.0000 0.0003 -0.0027
vn -0.9998 0.0134 -0.0149
vn -0.9998 -0.0101 0.0141
vn -0.0111 -0.5771 0.8166
vn -0.0111 -0.6663 0.7456
vn 0.9998 0.0116 -0.0163
vn 0.9998 -0.0087 0.0153
vn -0.0112 -0.4099 0.9120
vn -0.9998 0.0099 -0.0172
vn -0.9998 -0.0088 0.0152
vn 0.9998 0.0081 -0.0178
vn 0.0111 0.4954 -0.8686
vn 0.0112 -0.4099 0.9120
vn -0.9998 0.0080 -0.0179
vn 0.9998 0.0064 -0.0182
vn 0.0111 0.4106 -0.9117
vn -0.0112 -0.2499 0.9682
vn -0.9998 0.0063 -0.0183
vn 0.9998 0.0048 -0.0185
vn -0.9998 -0.0059 0.0169
vn -0.9998 0.0048 -0.0186
vn 0.9998 -0.0033 0.0179
vn 0.9998 0.0035 -0.0187
vn -0.9998 -0.0046 0.0175
vn -0.9998 0.0034 -0.0187
vn 0.9999 -0.0020 0.0168
vn 0.9998 0.0024 -0.0203
vn 0.0112 -0.0628 0.9980
vn -0.9998 -0.0033 0.0180
vn -0.9998 0.0027 -0.0203
vn 0.0111 0.0717 -0.9974
vn 0.0112 0.0494 -0.9987
vn 0.0109 -0.6379 -0.7701
vn 0.9998 -0.0121 -0.0129
vn 1.0000 0.0062 0.0078
vn -0.0109 -0.6830 -0.7304
vn -0.9998 0.0135 0.0144
vn -0.9998 -0.0119 -0.0130
vn 0.0111 0.6208 0.7839
vn -0.0111 0.6832 0.7302
vn 0.9998 0.0134 0.0144
vn 0.9998 -0.0133 -0.0112
vn 0.0109 -0.6827 -0.7306
vn -0.0109 -0.7640 -0.6451
vn -0.9998 -0.0132 -0.0114
vn 0.0111 0.7649 0.6440
vn 0.9999 -0.0146 -0.0092
vn -0.0110 -0.8449 -0.5349
vn 0.0110 -0.8449 -0.5348
vn -0.9999 -0.0145 -0.0094
vn -0.0112 0.7645 0.6445
vn 0.0112 0.8457 0.5335
vn 0.9999 -0.0157 -0.0068
vn 0.0111 -0.9176 -0.3974
vn -0.9999 -0.0157 -0.0069
vn -0.0111 0.9179 0.3967
vn 0.9998 0.0184 0.0080
vn 0.9999 -0.0167 -0.0040
vn -0.9999 -0.0166 -0.0041
vn -0.0112 0.9719 0.2351
vn -0.0111 -0.9979 -0.0634
vn 0.0111 -0.9979 -0.0634
vn 0.0112 0.9978 0.0658
vn 0.9998 0.0200 -0.0020
vn -0.0111 -0.9950 0.0993
vn -0.9999 -0.0172 -0.0010
vn -0.0112 0.9979 0.0639
vn 0.0112 0.9951 -0.0984
vn 0.9999 -0.0167 0.0044
vn 0.9998 0.0194 -0.0050
vn 0.0111 -0.9686 0.2485
vn -0.9999 -0.0172 0.0018
vn -0.9998 0.0193 -0.0049
vn -0.0111 0.9950 -0.0994
vn 0.0111 0.9688 -0.2475
vn 0.9998 -0.0161 0.0067
vn 0.9998 0.0183 -0.0076
vn -0.9998 -0.0168 0.0044
vn -0.9998 0.0184 -0.0075
vn -0.0111 0.9687 -0.2480
vn 0.0111 0.9251 -0.3795
vn 0.9998 0.0172 -0.0098
vn 0.0111 -0.8693 0.4942
vn -0.9998 -0.0161 0.0067
vn -0.0111 0.9250 -0.3798
vn 0.0111 0.8696 -0.4936
vn 0.9998 -0.0141 0.0105
vn 0.9998 0.0159 -0.0116
vn 0.0111 -0.8058 0.5921
vn -0.9998 0.0159 -0.0116
vn -0.0111 0.8695 -0.4939
vn 0.0112 0.8062 -0.5915
vn 0.9998 -0.0129 0.0119
vn -0.0110 -0.7361 0.6768
vn 0.0111 -0.7361 0.6768
vn -0.9998 -0.0142 0.0105
vn -0.9998 0.0145 -0.0133
vn -0.0111 0.8059 -0.5919
vn 0.0111 0.7367 -0.6762
vn 0.9998 0.0121 -0.0140
vn 0.0111 -0.6600 0.7512
vn -0.9998 -0.0130 0.0120
vn -0.9998 0.0122 -0.0139
vn -0.0111 0.6574 -0.7535
vn 0.9999 -0.0064 0.0092
vn 1.0000 0.0034 -0.0042
vn -0.0109 -0.5769 0.8167
vn -0.9998 -0.0125 0.0143
vn -1.0000 0.0034 -0.0043
vn 0.0110 -0.5770 0.8167
vn -0.0110 -0.4805 0.8769
vn 0.0110 -0.4797 0.8774
vn 0.0116 -0.2465 0.9691
vn -0.0111 0.0505 -0.9987
vn 0.0111 0.0860 -0.9962
vn -0.9998 0.0007 -0.0180
vn -0.9999 -0.0039 0.0154
vn -0.9999 -0.0049 0.0140
vn -1.0000 -0.0047 0.0086
vn -0.0111 0.6083 0.7936
vn 0.0112 0.6083 0.7937
vn -1.0000 -0.0000 0.0033
vn -0.9999 -0.0020 0.0168
vn -0.9999 0.0011 -0.0127
vn 0.0111 -0.8204 -0.5717
vn -0.0111 -0.8371 -0.5469
vn -0.0081 -0.8406 -0.5416
vn -0.5723 -0.6894 -0.4442
vn -0.0109 -0.9890 0.1476
vn -0.7068 -0.6999 0.1025
vn 0.0111 -0.2428 -0.9700
vn 0.5723 -0.6894 -0.4441
vn 0.0109 -0.9890 0.1477
vn 0.9987 -0.0270 -0.0425
vn 0.7068 -0.6999 0.1026
vn 0.0083 0.5418 -0.8405
vn 0.5828 0.4402 -0.6830
vn 0.7072 -0.1457 -0.6919
vn 0.7065 0.6866 -0.1716
vn -0.7073 -0.1456 -0.6918
vn -0.5829 0.4402 -0.6829
vn -0.0109 0.9707 -0.2401
vn -0.0082 0.5417 -0.8405
vn -0.7065 0.6866 -0.1717
vn -0.0112 -0.5269 -0.8499
vn -0.7474 0.0614 -0.6616
vn -0.7134 -0.3621 -0.5999
vn 0.0113 -0.5269 -0.8499
vn 0.7137 -0.3621 -0.5996
vn 0.7474 0.0613 -0.6616
vn 0.0115 0.0921 -0.9957
vn -0.0112 -0.7224 0.6914
vn -0.0116 -0.9975 0.0703
vn -0.7500 -0.6598 0.0465
vn 0.7499 -0.6599 0.0466
vn 0.0115 -0.9975 0.0702
vn -0.7219 0.1475 -0.6761
vn -0.0112 0.1898 -0.9818
vn -0.7133 0.4314 0.5523
vn 0.7218 0.1475 -0.6762
vn -0.7194 0.4289 -0.5464
vn -0.0193 0.9348 0.3547
vn -0.9173 0.3724 0.1411
vn -0.0113 -0.0628 0.9980
vn 0.0193 0.9348 0.3545
vn 0.0112 0.6048 -0.7963
vn 0.7314 -0.0232 0.6815
vn 0.0113 -0.0629 0.9980
vn -0.7083 -0.6960 0.1179
vn -0.0113 -0.9858 0.1674
vn -0.7064 0.6979 -0.1177
vn -0.0107 -0.9890 0.1475
vn 0.0079 -0.8406 -0.5416
vn 0.0113 -0.9858 0.1674
vn 0.7081 -0.6961 0.1179
vn 0.7065 0.6979 -0.1177
vn -0.0082 0.5417 -0.8406
vn 0.0110 -0.2067 -0.9783
vn -0.7085 -0.7019 0.0735
vn -0.7064 0.7041 -0.0725
vn 0.0113 -0.9945 0.1042
vn 0.7084 -0.7020 0.0736
vn 0.7063 0.7042 -0.0725
vn 0.0112 0.9859 -0.1670
vn -0.0113 0.9947 -0.1025
vn 0.7090 -0.7050 0.0200
vn 0.0112 0.9949 -0.1005
vn -0.7095 -0.7036 -0.0402
vn -0.0113 0.9996 -0.0261
vn -0.7061 0.7069 0.0425
vn 0.0113 -0.9983 -0.0570
vn 0.7095 -0.7036 -0.0402
vn 0.7060 0.7069 0.0425
vn 0.0113 0.9996 -0.0240
vn -0.7059 0.6998 0.1093
vn 0.7058 0.6999 0.1093
vn 0.0112 0.9980 0.0623
vn -0.7109 -0.6808 -0.1766
vn -0.7056 0.6855 0.1794
vn -0.9997 0.0223 0.0059
vn 0.0113 -0.9679 -0.2509
vn 0.7108 -0.6809 -0.1766
vn 0.7057 0.6854 0.1793
vn 0.0112 0.9876 0.1564
vn -0.7111 -0.6582 -0.2470
vn -0.0112 0.9362 0.3513
vn -0.0111 0.9674 0.2530
vn -0.7056 0.6634 0.2489
vn 0.7111 -0.6582 -0.2470
vn 0.7056 0.6634 0.2490
vn 0.0112 0.9669 0.2550
vn 0.0112 0.9357 0.3527
vn -0.7110 -0.6296 -0.3132
vn -0.0113 -0.9355 -0.3533
vn -0.0112 0.8960 0.4440
vn 0.0112 -0.9362 -0.3513
vn 0.7111 -0.6295 -0.3131
vn 0.0113 0.8959 0.4440
vn -0.0111 0.8520 0.5235
vn -0.7056 0.6038 0.3710
vn 0.7105 -0.5981 -0.3708
vn 0.7056 0.6038 0.3710
vn 0.0112 0.8517 0.5239
vn -0.7097 -0.5675 -0.4174
vn -0.0113 -0.8505 -0.5259
vn -0.0112 0.8080 0.5891
vn -0.7058 0.5724 0.4174
vn 0.0114 -0.8498 -0.5270
vn 0.7097 -0.5676 -0.4174
vn 0.7058 0.5725 0.4173
vn 0.0112 0.8079 0.5893
vn -0.7088 -0.5413 -0.4524
vn -0.0113 -0.8065 -0.5911
vn -0.0112 0.7692 0.6389
vn -0.7060 0.5448 0.4524
vn 0.0113 -0.8055 -0.5925
vn 0.7088 -0.5413 -0.4524
vn 0.7061 0.5448 0.4523
vn -0.7084 -0.5219 -0.4751
vn -0.0112 -0.7682 -0.6401
vn -0.0112 0.7403 0.6722
vn -0.7061 0.5242 0.4760
vn 0.0113 -0.7672 -0.6413
vn 0.7081 -0.5222 -0.4753
vn 0.7062 0.5242 0.4759
vn 0.0112 0.7401 0.6725
vn -0.7082 -0.5068 -0.4915
vn -0.0113 -0.7395 -0.6730
vn -0.7063 0.5080 0.4931
vn 0.7082 -0.5067 -0.4917
vn 0.7063 0.5081 0.4930
vn 0.0112 0.7172 0.6968
vn -0.7085 -0.4895 -0.5084
vn -0.0113 -0.7172 -0.6968
vn -0.0112 -0.6928 -0.7210
vn -0.7061 0.4908 0.5105
vn 0.0113 -0.6936 -0.7202
vn 0.0112 -0.7177 -0.6962
vn 0.7085 -0.4895 -0.5083
vn 0.7060 0.4908 0.5105
vn -0.7086 -0.4691 -0.5271
vn -0.0113 -0.6640 -0.7476
vn 0.0112 -0.6648 -0.7469
vn 0.7086 -0.4692 -0.5271
vn 0.7060 0.4704 0.5294
vn 0.0112 0.6926 0.7212
vn -0.7089 -0.4458 -0.5465
vn -0.0113 -0.6316 -0.7752
vn 0.0112 -0.6321 -0.7748
vn 0.0112 0.6638 0.7478
vn -0.7090 -0.4209 -0.5658
vn -0.0112 -0.5967 -0.8024
vn -0.0113 0.6318 0.7750
vn -0.7057 0.4229 0.5684
vn 0.0113 -0.5969 -0.8022
vn 0.7091 -0.4208 -0.5657
vn 0.7060 0.4228 0.5682
vn 0.0112 0.6315 0.7753
vn -0.7090 -0.3958 -0.5837
vn -0.0111 0.5969 0.8022
vn -0.7059 0.3980 0.5860
vn 0.7087 -0.3960 -0.5839
vn 0.7058 0.3980 0.5861
vn 0.0111 0.5967 0.8024
vn -0.7086 -0.3723 -0.5994
vn -0.0113 -0.5615 -0.8274
vn -0.0112 0.5283 0.8490
vn -0.7061 0.3741 0.6012
vn 0.0113 -0.5612 -0.8276
vn 0.7058 0.3743 0.6014
vn 0.0112 0.5285 0.8489
vn -0.7083 -0.3516 -0.6121
vn -0.0113 -0.5282 -0.8491
vn -0.0112 0.4988 0.8666
vn -0.7061 0.3533 0.6137
vn 0.0113 -0.5276 -0.8494
vn 0.7082 -0.3516 -0.6122
vn 0.0113 0.4991 0.8665
vn -0.7081 -0.3348 -0.6218
vn -0.0112 -0.4987 -0.8667
vn -0.0112 0.4745 0.8802
vn -0.7063 0.3360 0.6231
vn 0.0112 -0.4980 -0.8671
vn 0.7081 -0.3348 -0.6217
vn 0.7062 0.3360 0.6232
vn 0.0112 0.4748 0.8800
vn -0.7077 -0.3221 -0.6289
vn -0.7067 0.3228 0.6296
vn 0.0113 -0.4745 -0.8802
vn 0.7077 -0.3221 -0.6287
vn 0.7065 0.3230 0.6297
vn -0.7077 -0.3141 -0.6329
vn -0.0112 -0.4562 -0.8898
vn -0.0112 0.4438 0.8960
vn -0.7065 0.3143 0.6342
vn 0.0113 -0.4558 -0.8900
vn 0.7076 -0.3141 -0.6329
vn 0.9998 -0.0079 -0.0157
vn 0.7064 0.3143 0.6342
vn 0.0112 0.4440 0.8960
vn -0.7079 -0.2915 -0.6433
vn -0.0113 -0.4126 -0.9108
vn -0.7066 0.2915 0.6448
vn 0.0113 -0.4446 -0.8957
vn 0.7079 -0.2914 -0.6434
vn 0.7065 0.2915 0.6449
vn -0.7079 -0.2601 -0.6567
vn -0.0112 -0.3683 -0.9296
vn -0.0112 0.4119 0.9111
vn 0.0113 -0.3683 -0.9296
vn 0.7079 -0.2602 -0.6566
vn 0.7067 0.2610 0.6577
vn 0.0112 0.4120 0.9111
vn -0.7076 -0.2295 -0.6683
vn -0.0112 0.3256 0.9454
vn -0.0112 0.3689 0.9294
vn -0.7067 0.2304 0.6689
vn 0.7076 -0.2296 -0.6682
vn 0.7067 0.2304 0.6690
vn 0.0112 0.3711 0.9285
vn 0.0112 0.3266 0.9451
vn -0.7076 -0.2098 -0.6748
vn -0.0112 -0.3262 -0.9452
vn -0.7069 0.2101 0.6754
vn 0.7073 -0.2097 -0.6751
vn 0.0113 0.2975 0.9547
vn -0.0112 -0.2973 -0.9547
vn -0.7070 0.1960 0.6795
vn 0.7073 -0.1960 -0.6792
vn 0.7069 0.1961 0.6796
vn 0.0113 0.2775 0.9607
vn -0.7073 -0.1864 -0.6819
vn -0.0112 -0.2775 -0.9607
vn -0.7068 0.1865 0.6824
vn 0.7069 0.1865 0.6823
vn 0.0112 0.2637 0.9645
vn -0.7076 -0.1799 -0.6834
vn -0.0112 -0.2637 -0.9645
vn 0.7072 -0.1800 -0.6837
vn 0.7067 0.1801 0.6843
vn 0.0112 0.2546 0.9670
vn -0.7074 -0.1760 -0.6846
vn 0.7069 0.1762 0.6851
vn 0.0112 0.2491 0.9684
vn -0.7072 -0.1746 -0.6852
vn 0.7071 -0.1746 -0.6852
vn -0.0112 -0.2469 -0.9690
vn -0.0112 0.2481 0.9687
vn 0.0113 -0.2469 -0.9690
vn 0.0112 0.2482 0.9687
vn -0.0113 0.2533 0.9673
vn 0.0112 -0.2482 -0.9687
vn 0.7076 0.1791 0.6835
vn 0.0113 0.2535 0.9673
vn -0.0112 -0.2535 -0.9673
vn 0.0112 -0.2534 -0.9673
vn 0.7069 -0.1868 -0.6822
vn 0.7072 0.1866 0.6820
vn 0.0112 0.2644 0.9644
vn -0.0111 0.2808 0.9597
vn -0.7075 0.1981 0.6784
vn 0.0112 -0.2641 -0.9644
vn 0.7067 -0.1984 -0.6791
vn 0.7075 0.1981 0.6784
vn 0.0112 0.2808 0.9597
vn -0.7070 -0.2134 -0.6743
vn -0.0112 -0.2809 -0.9597
vn -0.7076 0.2130 0.6738
vn 0.0112 -0.2803 -0.9598
vn 0.7068 -0.2135 -0.6745
vn 0.7077 0.2130 0.6737
vn 0.0112 0.3015 0.9534
vn -0.7068 -0.2326 -0.6681
vn -0.0112 -0.3016 -0.9534
vn -0.7078 0.2320 0.6672
vn 0.7076 0.2320 0.6674
vn 0.0113 0.3285 0.9444
vn -0.7066 -0.2583 -0.6587
vn -0.0112 -0.3286 -0.9444
vn -0.0112 0.3645 0.9311
vn 0.7067 -0.2583 -0.6587
vn 0.0112 0.3647 0.9311
vn -0.7066 -0.2908 -0.6451
vn -0.0112 -0.3649 -0.9310
vn -0.0112 0.4102 0.9119
vn -0.7082 0.2896 0.6438
vn 0.0112 -0.3651 -0.9309
vn 0.7066 -0.2908 -0.6451
vn 0.7082 0.2896 0.6439
vn 0.0112 0.4105 0.9118
vn -0.7065 -0.3301 -0.6259
vn -0.0112 -0.4108 -0.9117
vn -0.7085 0.3286 0.6246
vn 0.0113 -0.4109 -0.9116
vn 0.0113 0.4658 0.8848
vn -0.0112 -0.4662 -0.8846
vn -0.0112 0.5302 0.8478
vn -0.7085 0.3741 0.5983
vn 0.0112 -0.4665 -0.8844
vn 0.7067 -0.3723 -0.6016
vn 0.9998 -0.0103 -0.0162
vn 0.0112 0.5305 0.8476
vn -0.0112 -0.5263 -0.8502
vn -0.7072 0.4548 0.5414
vn 0.0111 -0.5262 -0.8503
vn -0.0115 0.0922 -0.9957
vn 0.0114 0.0921 -0.9957
vn 0.7072 0.4548 0.5414
vn -0.7076 0.5099 0.4892
vn -0.0114 -0.9975 0.0702
vn -0.0114 -0.9975 0.0704
vn -0.0112 0.7216 0.6922
vn -0.7094 0.5873 0.3898
vn 0.0113 0.8326 0.5538
vn -0.7067 -0.6338 -0.3145
vn -0.7094 0.6319 0.3121
vn 0.7067 -0.6337 -0.3146
vn 0.9998 -0.0187 -0.0095
vn 0.7094 0.6320 0.3120
vn 0.0113 0.8960 0.4439
vn -0.0112 -0.9396 -0.3422
vn -0.7087 0.6639 0.2386
vn 0.0112 -0.9398 -0.3416
vn 0.7087 0.6640 0.2386
vn -0.0112 -0.9642 -0.2650
vn -0.7081 0.6809 0.1869
vn 0.7066 -0.6821 -0.1882
vn 0.7082 0.6809 0.1869
vn -0.7067 -0.6924 -0.1455
vn -0.0111 -0.9787 -0.2051
vn -0.0112 0.9643 0.2647
vn -0.7080 0.6911 0.1450
vn 0.0112 -0.9786 -0.2056
vn 0.7067 -0.6924 -0.1455
vn 0.7079 0.6913 0.1451
vn 0.0112 0.9644 0.2643
vn -0.7068 -0.6994 -0.1066
vn -0.0113 -0.9886 -0.1501
vn -0.7080 0.6982 0.1062
vn 0.0112 -0.9885 -0.1507
vn 0.7067 -0.6994 -0.1066
vn 0.7079 0.6983 0.1062
vn -0.0112 -0.9950 -0.0991
vn -0.7079 0.7028 0.0703
vn 0.7066 -0.7041 -0.0705
vn 0.7079 0.7028 0.0702
vn 0.0112 0.9886 0.1499
vn -0.0112 -0.9986 -0.0517
vn -0.0113 0.9950 0.0995
vn 0.0112 -0.9986 -0.0523
vn 0.7067 -0.7066 -0.0370
vn 0.7077 0.7055 0.0369
vn 0.0113 0.9950 0.0990
vn -0.7067 -0.7075 -0.0056
vn -0.0112 -0.9999 -0.0073
vn -0.7077 0.7065 0.0056
vn 0.0112 -0.9999 -0.0080
vn -0.0112 -0.9993 0.0348
vn -0.0112 0.9999 0.0079
vn -0.7078 0.7060 -0.0241
vn 0.0112 -0.9994 0.0340
vn 0.7066 -0.7072 0.0241
vn 0.0112 0.9999 0.0072
vn -0.7067 -0.7055 0.0528
vn -0.0112 0.9994 -0.0340
vn -0.9998 0.0175 -0.0013
vn 0.0112 -0.9972 0.0745
vn 0.7066 -0.7056 0.0528
vn 0.7078 0.7044 -0.0526
vn 0.0112 0.9993 -0.0348
vn -0.0112 0.9933 -0.1147
vn -0.0112 0.9972 -0.0745
vn -0.7078 0.7017 -0.0810
vn 0.7078 0.7017 -0.0810
vn 0.0113 0.9971 -0.0755
vn 0.0112 0.9932 -0.1158
vn -0.7066 -0.6989 0.1111
vn -0.0112 -0.9932 0.1159
vn -0.0113 0.9876 -0.1563
vn 0.0112 -0.9933 0.1149
vn 0.7064 -0.6991 0.1112
vn 0.7080 0.6976 -0.1103
vn -0.7063 -0.6932 0.1436
vn -0.0112 -0.9873 0.1582
vn -0.0112 0.9792 -0.2026
vn 0.0113 -0.9875 0.1570
vn 0.7063 -0.6932 0.1437
vn 0.7083 0.6912 -0.1432
vn 0.0112 0.9787 -0.2052
vn -0.7068 -0.6839 0.1812
vn -0.0112 -0.9787 0.2051
vn 0.0112 -0.9666 0.2561
vn 0.0112 -0.9791 0.2029
vn 0.7067 -0.6839 0.1811
vn 0.7075 0.6828 -0.1823
vn -0.7067 -0.6811 0.1914
vn -0.0112 -0.9626 0.2706
vn 0.7067 -0.6812 0.1915
vn 0.7070 0.6808 -0.1915
vn -0.7072 -0.6801 0.1933
vn 0.7071 -0.6801 0.1933
vn 0.7070 0.6803 -0.1933
vn 0.0112 0.9626 -0.2707
vn -0.7074 -0.6808 0.1900
vn 0.0113 0.9618 -0.2734
vn -0.7073 -0.6832 0.1816
vn -0.0112 -0.9664 0.2567
vn -0.0112 0.9631 -0.2688
vn -0.7070 0.6835 -0.1816
vn 0.0113 -0.9664 0.2569
vn 0.7074 -0.6831 0.1816
vn 0.7069 0.6836 -0.1816
vn 0.0112 0.9632 -0.2687
vn -0.7074 -0.6867 0.1672
vn -0.0112 -0.9716 0.2363
vn -0.0112 0.9664 -0.2567
vn -0.7070 0.6872 -0.1672
vn 0.0112 -0.9715 0.2367
vn 0.7075 -0.6866 0.1672
vn 0.7069 0.6873 -0.1672
vn 0.0112 0.9664 -0.2566
vn -0.0112 -0.9785 0.2058
vn -0.0112 0.9716 -0.2363
vn 0.7075 -0.6915 0.1460
vn 0.7068 0.6922 -0.1457
vn 0.0112 0.9717 -0.2361
vn -0.7078 -0.6968 0.1161
vn -0.0112 -0.9865 0.1631
vn -0.7066 0.6981 -0.1155
vn 0.0112 0.9786 -0.2055
vn -0.7083 -0.7018 0.0756
vn -0.0113 -0.9944 0.1047
vn -0.0112 0.9865 -0.1632
vn -0.7066 0.7037 -0.0741
vn 0.7082 -0.7019 0.0756
vn 0.7065 0.7038 -0.0741
vn 0.0112 0.9866 -0.1625
vn -0.7091 -0.7048 0.0215
vn -0.0113 0.9946 -0.1035
vn -0.7064 0.7076 -0.0180
vn 0.7089 -0.7049 0.0216
vn 0.7063 0.7077 -0.0179
vn 0.0112 0.9946 -0.1036
vn 0.7104 -0.7021 -0.0491
vn 0.7062 0.7057 0.0573
vn 0.0112 0.9997 -0.0236
vn -0.0113 -0.9761 -0.2171
vn -0.0113 0.9964 0.0835
vn 0.0114 -0.9761 -0.2170
vn 0.7124 -0.6851 -0.1524
vn 0.0113 0.9964 0.0835
vn -0.7123 -0.6566 -0.2482
vn -0.0112 0.9383 0.3457
vn -0.0112 0.9753 0.2205
vn -0.7056 0.6649 0.2450
vn 0.7122 -0.6566 -0.2482
vn 0.0113 0.9753 0.2204
vn 0.0112 0.9383 0.3457
vn -0.7103 -0.6255 -0.3228
vn -0.0112 0.8942 0.4475
vn 0.0113 -0.9354 -0.3535
vn 0.9999 -0.0117 -0.0078
vn 0.7052 0.6340 0.3174
vn 0.0112 0.8942 0.4476
vn -0.7095 -0.6092 -0.3542
vn -0.0113 -0.8643 -0.5028
vn -0.7057 0.6125 0.3562
vn 0.0113 -0.8645 -0.5026
vn 0.7096 -0.6092 -0.3541
vn 0.7058 0.6124 0.3562
vn -0.0112 -0.8310 -0.5562
vn -0.7056 0.5889 0.3941
vn 0.0113 -0.8310 -0.5562
vn 0.7095 -0.5857 -0.3918
vn 0.0112 0.8643 0.5028
vn -0.7096 -0.5596 -0.4281
vn -0.0112 0.8309 0.5562
vn -0.7056 0.5627 0.4306
vn 0.0113 -0.7940 -0.6078
vn 0.7096 -0.5596 -0.4281
vn 0.7056 0.5627 0.4306
vn 0.0112 0.8309 0.5563
vn -0.7096 -0.5312 -0.4629
vn -0.0112 -0.7538 -0.6570
vn -0.7056 0.5341 0.4656
vn 0.0113 -0.7539 -0.6569
vn 0.7098 -0.5310 -0.4628
vn 0.7056 0.5341 0.4656
vn -0.0112 -0.7102 -0.7039
vn -0.0112 0.7537 0.6571
vn -0.7056 0.5034 0.4987
vn 0.7056 0.5033 0.4988
vn -0.7098 -0.4675 -0.5269
vn -0.0112 -0.6636 -0.7480
vn -0.7057 0.4702 0.5300
vn 0.0113 -0.6637 -0.7479
vn 0.7098 -0.4676 -0.5269
vn 0.7055 0.4703 0.5301
vn -0.7099 -0.4325 -0.5558
vn -0.0113 -0.6141 -0.7892
vn 0.0113 -0.6141 -0.7891
vn 0.7097 -0.4327 -0.5559
vn 0.7057 0.4352 0.5591
vn 0.0112 0.6636 0.7480
vn -0.7100 -0.3957 -0.5826
vn -0.0111 0.6141 0.7892
vn 0.0113 -0.5619 -0.8272
vn 0.7098 -0.3958 -0.5827
vn 0.0112 0.6141 0.7891
vn -0.7099 -0.3572 -0.6070
vn -0.0113 -0.5072 -0.8618
vn -0.0112 0.5619 0.8271
vn -0.7057 0.3593 0.6106
vn 0.0113 -0.5072 -0.8618
vn 0.7097 -0.3573 -0.6072
vn 0.7056 0.3594 0.6108
vn -0.7099 -0.3173 -0.6287
vn -0.7055 0.3190 0.6328
vn 0.7056 0.3190 0.6327
vn 0.0112 0.5072 0.8618
vn -0.7098 -0.2734 -0.6492
vn -0.0113 -0.3879 -0.9216
vn -0.0112 0.4501 0.8929
vn -0.7058 0.2751 0.6528
vn 0.7098 -0.2733 -0.6493
vn 0.7056 0.2752 0.6530
vn 0.0112 0.4502 0.8928
vn -0.7095 -0.2295 -0.6663
vn -0.0113 -0.3261 -0.9453
vn -0.0112 0.3884 0.9214
vn -0.7058 0.2310 0.6697
vn 0.0113 -0.3257 -0.9454
vn 0.7097 -0.2295 -0.6661
vn 0.7057 0.2309 0.6698
vn 0.0112 0.3901 0.9207
vn -0.7095 -0.1833 -0.6805
vn -0.7058 0.1848 0.6839
vn 0.7093 -0.1833 -0.6806
vn 0.7059 0.1848 0.6838
vn 0.0112 0.3262 0.9452
vn 0.0112 0.2613 0.9652
vn -0.7093 -0.1387 -0.6911
vn -0.0112 -0.2608 -0.9653
vn -0.0112 0.1981 0.9801
vn 0.7092 -0.1388 -0.6912
vn 0.7059 0.1401 0.6944
vn 0.0112 0.1982 0.9801
vn -0.7088 -0.0964 -0.6987
vn -0.0112 -0.1977 -0.9802
vn -0.0112 0.1376 0.9904
vn -0.7060 0.0975 0.7015
vn 0.0112 -0.1968 -0.9804
vn 0.7059 0.0975 0.7015
vn 0.0112 0.1381 0.9904
vn -0.7086 -0.0566 -0.7033
vn -0.0113 0.0812 0.9966
vn -0.7062 0.0575 0.7057
vn 0.7088 -0.0567 -0.7032
vn 0.7060 0.0575 0.7059
vn 0.0112 0.0816 0.9966
vn -0.7084 -0.0200 -0.7055
vn -0.0112 -0.0813 -0.9966
vn -0.0112 0.0291 0.9995
vn 0.7084 -0.0200 -0.7055
vn 0.7062 0.0206 0.7077
vn 0.0112 0.0296 0.9995
vn -0.7082 0.0135 -0.7059
vn -0.0112 -0.0292 -0.9995
vn 0.0113 -0.0292 -0.9995
vn 0.7083 0.0135 -0.7058
vn 0.7062 -0.0131 0.7079
vn 0.0112 -0.0180 0.9998
vn -0.7080 0.0438 -0.7049
vn -0.0112 0.0183 -0.9998
vn -0.7064 -0.0435 0.7065
vn 0.0112 0.0191 -0.9998
vn 0.7081 0.0437 -0.7048
vn 0.7063 -0.0435 0.7065
vn 0.0112 -0.0610 0.9981
vn -0.7079 0.0709 -0.7027
vn -0.0113 0.0613 -0.9981
vn -0.7065 -0.0708 0.7042
vn 0.7080 0.0708 -0.7027
vn 0.7063 -0.0708 0.7043
vn 0.0112 -0.0996 0.9950
vn -0.7078 0.0951 -0.7000
vn -0.0113 0.0998 -0.9949
vn -0.0112 -0.1343 0.9909
vn 0.0112 0.0997 -0.9950
vn 0.7078 0.0951 -0.7000
vn 0.0112 -0.1339 0.9909
vn -0.0112 0.1341 -0.9909
vn -0.0112 -0.1646 0.9863
vn 0.7078 0.1157 -0.6968
vn 0.9998 0.0028 -0.0173
vn 0.7064 -0.1165 0.6981
vn 0.0113 -0.1644 0.9863
vn -0.7081 0.1477 -0.6905
vn -0.7064 -0.1492 0.6919
vn 0.0112 0.1638 -0.9864
vn 0.7064 -0.1492 0.6919
vn -0.7085 0.1924 -0.6789
vn -0.0113 0.2744 -0.9616
vn 0.0113 0.2744 -0.9616
vn 0.7085 0.1925 -0.6790
vn 0.7064 -0.1937 0.6808
vn -0.7085 0.2466 -0.6613
vn 0.7084 0.2467 -0.6613
vn 0.0112 -0.2747 0.9615
vn 0.0112 -0.3487 0.9372
vn -0.7081 0.2895 -0.6440
vn -0.0112 -0.4090 0.9124
vn 0.7081 0.2895 -0.6441
vn 0.7063 -0.2893 0.6460
vn 0.0112 -0.4091 0.9124
vn -0.7079 0.3211 -0.6291
vn -0.7064 -0.3210 0.6309
vn 0.0113 0.4100 -0.9120
vn 0.0112 -0.4537 0.8911
vn -0.7075 0.3407 -0.6192
vn -0.0112 0.4543 -0.8908
vn -0.0112 -0.4815 0.8764
vn -0.7063 -0.3409 0.6205
vn 0.0112 0.4546 -0.8906
vn 0.7075 0.3407 -0.6192
vn -0.7072 0.3479 -0.6155
vn -0.0112 0.4818 -0.8762
vn 0.0113 0.4821 -0.8761
vn 0.7072 0.3480 -0.6155
vn 0.0112 -0.4921 0.8705
vn -0.7068 0.3426 -0.6189
vn -0.0112 0.4921 -0.8705
vn -0.0112 -0.4848 0.8746
vn -0.7070 -0.3429 0.6186
vn 0.7069 0.3426 -0.6188
vn 0.7070 -0.3428 0.6185
vn 0.0112 -0.4848 0.8746
vn -0.7066 0.3242 -0.6290
vn -0.7070 -0.3247 0.6283
vn 0.7066 0.3242 -0.6289
vn 0.7071 -0.3246 0.6282
vn 0.0113 -0.4590 0.8883
vn 0.0112 0.4581 -0.8888
vn 0.7066 0.2922 -0.6444
vn 0.0113 -0.4143 0.9101
vn -0.7066 0.2469 -0.6631
vn -0.0112 0.4137 -0.9103
vn -0.0112 -0.3505 0.9365
vn 0.0113 0.4129 -0.9107
vn 0.7065 0.2469 -0.6633
vn 0.0112 -0.3505 0.9365
vn -0.7066 0.1904 -0.6815
vn -0.0112 0.3498 -0.9367
vn -0.0112 -0.2684 0.9632
vn -0.7069 -0.1898 0.6814
vn 0.0112 0.3498 -0.9367
vn 0.7065 0.1904 -0.6816
vn 0.9998 0.0056 -0.0197
vn 0.7069 -0.1898 0.6814
vn 0.0112 -0.2691 0.9631
vn -0.0112 0.2693 -0.9630
vn -0.0112 0.1947 -0.9808
vn -0.7058 -0.1345 0.6955
vn 0.7059 -0.1345 0.6954
vn -0.7070 -0.0983 0.7003
vn -0.0144 0.9708 -0.2393
vn 0.0144 0.9709 -0.2392
vn 0.7073 -0.0981 0.7000
vn 0.0112 -0.1907 0.9816
vn -0.0112 -0.1393 0.9902
vn -0.7111 -0.0460 0.7016
vn 0.7111 -0.0459 0.7016
vn 0.0112 -0.1387 0.9903
vn -0.0115 0.0106 0.9999
vn -0.7135 0.0076 0.7006
vn 0.9999 -0.0007 0.0105
vn -0.7265 -0.2625 -0.6350
vn -0.7322 -0.2156 -0.6461
vn -0.0121 -0.3166 -0.9485
vn -0.7140 0.0603 0.6975
vn 0.0121 -0.3166 -0.9485
vn 0.0118 -0.3834 -0.9235
vn 0.7264 -0.2626 -0.6351
vn 0.7321 -0.2156 -0.6461
vn 0.9998 0.0015 0.0174
vn 0.7140 0.0603 0.6975
vn 0.0113 -0.6662 0.7456
vn 0.7069 0.4724 -0.5264
vn -0.7069 0.4725 -0.5263
vn 0.0113 -0.5771 0.8166
vn 0.0112 0.6679 -0.7441
vn 0.7071 0.4082 -0.5774
vn -0.7083 -0.4074 0.5765
vn -0.7071 0.4082 -0.5774
vn -0.0112 0.6679 -0.7442
vn 0.0112 -0.4949 0.8689
vn 0.0113 0.5773 -0.8165
vn 0.9998 0.0099 -0.0171
vn -0.0113 0.5773 -0.8165
vn 0.7080 -0.2895 0.6441
vn 0.0112 0.4107 -0.9117
vn 0.0112 0.4954 -0.8686
vn 0.7071 0.2903 -0.6447
vn -0.7081 -0.2895 0.6440
vn -0.0113 0.4106 -0.9117
vn 0.7077 -0.2311 0.6676
vn 0.0113 -0.4099 0.9120
vn 0.0113 0.3279 -0.9447
vn 0.7072 0.2318 -0.6680
vn -0.7079 -0.2312 0.6675
vn -0.7071 0.2318 -0.6680
vn -0.0112 0.3278 -0.9447
vn 0.7078 -0.1766 0.6840
vn 0.0113 0.2504 -0.9681
vn 0.7072 0.1770 -0.6845
vn -0.7072 0.1770 -0.6845
vn 0.7076 -0.1269 0.6951
vn 0.0112 0.1799 -0.9836
vn 0.7072 0.1273 -0.6955
vn -0.0113 -0.2499 0.9682
vn -0.7075 -0.1269 0.6952
vn -0.0112 0.1825 -0.9831
vn 0.7074 -0.0979 0.7000
vn 0.0113 -0.1796 0.9837
vn -0.0113 -0.1796 0.9837
vn -0.0112 0.1310 -0.9913
vn 0.0113 0.0860 -0.9962
vn 0.7084 0.0516 -0.7039
vn -0.7076 0.0605 -0.7040
vn 0.7136 -0.3569 -0.6028
vn -0.7136 -0.3568 -0.6028
vn -0.7042 -0.4228 -0.5705
vn 0.6997 -0.4559 -0.5501
vn -0.7071 0.4380 0.5551
vn -0.6997 -0.4560 -0.5500
vn -0.9999 -0.0104 -0.0126
vn 0.0110 -0.6378 -0.7701
vn 0.0110 -0.6827 -0.7306
vn 0.0112 0.6207 0.7839
vn 0.7071 0.4379 0.5551
vn 0.7071 0.4834 0.5161
vn -0.0110 -0.6830 -0.7303
vn -0.7070 0.4835 0.5160
vn -0.0113 0.6194 0.7850
vn 0.7031 -0.5433 -0.4588
vn 0.0110 -0.7640 -0.6451
vn 0.7073 0.5408 0.4553
vn -0.7032 -0.5432 -0.4587
vn -0.7072 0.5408 0.4553
vn -0.0112 0.6832 0.7301
vn 0.7048 -0.5995 -0.3794
vn 0.0111 -0.8449 -0.5348
vn 0.0113 0.7649 0.6441
vn 0.7074 0.5978 0.3771
vn -0.0111 -0.8449 -0.5349
vn -0.7048 -0.5994 -0.3794
vn -0.7074 0.5978 0.3771
vn -0.0113 0.7645 0.6445
vn 0.7061 -0.6500 -0.2809
vn 0.0112 -0.9176 -0.3974
vn 0.0113 0.8458 0.5334
vn 0.7076 0.6490 0.2794
vn -0.7076 0.6491 0.2794
vn -0.0113 0.8453 0.5342
vn 0.7078 0.6870 0.1644
vn -0.7069 -0.6879 -0.1645
vn -0.7077 0.6871 0.1645
vn -0.0113 0.9179 0.3967
vn 0.7073 -0.7054 -0.0461
vn 0.0113 0.9978 0.0658
vn 0.0113 0.9719 0.2351
vn -0.7074 -0.7053 -0.0461
vn -0.0113 0.9979 0.0639
vn 0.0112 -0.9979 -0.0634
vn 0.0113 0.9951 -0.0984
vn -0.0113 -0.9979 -0.0635
vn -0.7074 -0.7033 0.0702
vn -0.0112 0.9950 -0.0994
vn 0.7073 -0.6847 0.1756
vn 0.0113 -0.9949 0.1000
vn 0.0112 0.9688 -0.2474
vn -0.0112 -0.9950 0.0993
vn -0.7074 0.6848 -0.1749
vn -0.0112 0.9687 -0.2481
vn 0.0112 -0.9686 0.2486
vn 0.0113 0.9251 -0.3795
vn 0.7074 0.6539 -0.2683
vn -0.0113 -0.9686 0.2486
vn -0.0112 0.9250 -0.3798
vn 0.7069 -0.6149 0.3495
vn 0.0112 -0.9248 0.3803
vn 0.0113 0.8697 -0.4935
vn -0.0112 -0.9248 0.3802
vn -0.7070 -0.6148 0.3495
vn -0.0112 0.8694 -0.4939
vn 0.7067 -0.5702 0.4188
vn 0.0113 0.8062 -0.5915
vn 0.7073 0.5700 -0.4182
vn -0.0112 0.8059 -0.5920
vn 0.0112 -0.8058 0.5921
vn 0.0112 0.7367 -0.6761
vn 0.7072 0.5208 -0.4781
vn -0.7064 -0.5214 0.4787
vn -0.7072 0.5209 -0.4781
vn -0.0113 0.7362 -0.6767
vn 0.0112 -0.7361 0.6768
vn 0.0113 0.6574 -0.7535
vn 0.7072 0.4648 -0.5328
vn -0.7054 -0.4685 0.5318
vn -0.7073 0.4648 -0.5327
vn -0.0112 0.6573 -0.7535
vn 0.7028 -0.4102 0.5813
vn -0.0111 -0.6600 0.7512
vn -0.7027 -0.4102 0.5813
vn -0.0192 0.9348 0.3547
vn 0.0111 -0.5770 0.8166
vn 0.0112 -0.4797 0.8774
vn -0.7063 0.0349 -0.7070
vn -0.0112 0.0505 -0.9987
vn -0.0111 -0.4805 0.8770
vn -0.7052 -0.3408 0.6217
vn -0.7059 0.0286 -0.7077
vn -0.0111 0.0403 -0.9991
vn 0.0113 0.0494 -0.9987
vn 0.0113 0.0717 -0.9974
vn 0.7062 0.0351 -0.7072
vn 0.0112 0.0404 -0.9991
vn 0.7058 0.0286 -0.7078
vn 0.7185 -0.2304 0.6563
vn -0.7185 -0.2305 0.6562
vn 0.7232 -0.1702 0.6693
vn -0.7232 -0.1703 0.6693
vn -0.0110 -0.2069 -0.9783
vn 0.0111 0.9980 0.0623
vn -0.0112 -0.9355 -0.3533
vn 0.0111 0.9357 0.3527
vn 0.0110 0.8078 0.5893
vn 0.0111 0.7401 0.6725
vn -0.0111 -0.4987 -0.8667
vn 0.0111 0.4440 0.8960
vn 0.0111 0.3267 0.9451
vn 0.0112 0.2535 0.9673
vn -0.0111 -0.2809 -0.9597
vn 0.0111 0.4104 0.9118
vn -0.0111 -0.4662 -0.8846
vn -0.0111 -0.9396 -0.3422
vn 0.0111 0.9644 0.2643
vn -0.0112 -0.9886 -0.1501
vn 0.0111 0.9950 0.0990
vn -0.0111 -0.9626 0.2706
vn 0.0111 0.9632 -0.2687
vn -0.0111 -0.9716 0.2363
vn 0.0111 0.9866 -0.1625
vn 0.0111 0.8942 0.4476
vn -0.0112 -0.8643 -0.5028
vn 0.0111 0.7940 0.6078
vn -0.0112 -0.5619 -0.8271
vn -0.0112 -0.3261 -0.9453
vn 0.0111 0.3262 0.9452
vn -0.0111 -0.1978 -0.9802
vn 0.0111 0.0296 0.9995
vn -0.0112 0.0613 -0.9981
vn 0.0110 -0.2109 0.9774
vn 0.0112 -0.4591 0.8883
vn 0.0111 -0.1388 0.9903
vn -0.0113 0.0861 0.9962
vn -0.0111 0.3279 -0.9447
vn -0.0111 0.6680 -0.7441
vn 0.0112 -0.2499 0.9682
vn -0.0112 0.6194 0.7850
vn -0.0112 0.8453 0.5342
vn 0.0111 -0.9725 -0.2326
vn 0.0111 -0.9949 0.1000
vn -0.0111 0.7362 -0.6767
vn 0.9998 0.0007 -0.0180
vn 0.0110 -0.2428 -0.9700
vn 0.0114 -0.9975 0.0703
vn -0.0113 0.0860 0.9962
vn 0.0114 0.0860 0.9962
vn 0.0261 -0.3019 -0.9530
vn 0.9922 -0.1063 -0.0653
vn 0.0264 -0.9955 0.0908
vn -0.0261 -0.3019 -0.9530
vn -0.0264 -0.9955 0.0908
vn -0.9922 -0.1063 -0.0653
vn -0.0262 -0.1149 -0.9930
vn -0.9922 0.0766 -0.0981
vn -0.0262 0.9652 -0.2603
vn 0.0263 -0.1150 -0.9930
vn 0.0264 0.9652 -0.2602
vn 0.9922 0.0766 -0.0981
vn 0.0270 -0.2115 -0.9770
vn 0.9947 -0.0540 -0.0872
vn 0.0260 -0.9997 0.0016
vn -0.9947 -0.0540 -0.0872
vn -0.0271 -0.2114 -0.9770
vn -0.0260 -0.9997 0.0015
vn -0.0269 0.1349 0.9905
vn -0.9947 -0.0209 0.1011
vn -0.0263 -0.9812 0.1914
vn 0.0263 -0.9812 0.1913
vn 0.9947 -0.0209 0.1011
vn 0.0270 0.1348 0.9905
vn 0.0008 -0.1423 -0.9898
vn -0.0008 -0.1422 -0.9898
vn 0.9971 0.0424 0.0630
vn 0.9971 -0.0184 0.0737
vn 0.9971 -0.0424 -0.0630
vn 0.9971 0.0184 -0.0737
vn -0.9971 0.0183 -0.0737
vn -0.9971 -0.0425 -0.0629
vn -0.9971 -0.0183 0.0737
vn -0.9971 0.0425 0.0629
vn -0.9971 0.0183 -0.0736
vn 0.9971 0.0183 -0.0735
vn 0.0007 -0.9936 0.1127
vn -0.0008 -0.9936 0.1127
vn 0.9971 0.0642 -0.0405
vn 0.9971 -0.0642 0.0405
vn 0.9971 -0.0731 -0.0205
vn -0.9971 -0.0731 -0.0205
vn -0.9971 -0.0642 0.0406
vn -0.9971 0.0731 0.0205
vn -0.9971 0.0642 -0.0406
vn -0.9971 -0.0729 -0.0205
vn 0.0008 -0.8907 -0.4546
vn -0.0009 -0.8907 -0.4546
vn 0.9971 0.0759 0.0016
vn 0.9971 0.0496 0.0575
vn 0.9971 -0.0759 -0.0016
vn 0.9971 -0.0496 -0.0575
vn -0.9971 -0.0497 -0.0575
vn -0.9971 -0.0495 -0.0574
vn 0.0008 -0.5487 -0.8360
vn -0.0008 -0.5486 -0.8361
vn 0.9971 0.0652 0.0390
vn 0.9971 0.0146 0.0745
vn 0.9971 -0.0651 -0.0390
vn 0.9971 -0.0146 -0.0745
vn -0.9971 -0.0651 -0.0390
vn -0.9971 0.0147 0.0745
vn -0.9971 0.0651 0.0390
vn -0.9971 -0.0146 -0.0744
vn 0.9971 -0.0146 -0.0744
vn 0.0008 -0.3119 -0.9501
vn -0.0008 -0.3120 -0.9501
vn 0.9971 0.0528 0.0546
vn 0.9971 -0.0052 0.0758
vn 0.9971 0.0053 -0.0757
vn -0.9971 -0.0527 -0.0547
vn -0.9971 -0.0052 0.0758
vn -0.9971 0.0527 0.0546
vn -0.9971 0.0053 -0.0756
vn 0.9971 0.0053 -0.0756
vn 0.0007 -0.2272 -0.9739
vn -0.0008 -0.2272 -0.9738
vn 0.9971 0.0478 0.0591
vn 0.9971 -0.0119 0.0750
vn 0.9971 -0.0477 -0.0590
vn 0.9971 0.0119 -0.0750
vn -0.9971 -0.0477 -0.0590
vn -0.9971 -0.0119 0.0750
vn -0.9971 0.0477 0.0590
vn 0.0007 -0.2115 -0.9774
vn -0.0008 -0.2115 -0.9774
vn 0.9971 -0.0131 0.0748
vn 0.9971 0.0131 -0.0748
vn -0.9971 -0.0468 -0.0598
vn -0.9971 0.0468 0.0598
vn -0.9971 0.0131 -0.0747
vn 0.9971 0.0131 -0.0747
vn 0.0008 -0.2405 -0.9706
vn -0.0008 -0.2407 -0.9706
vn 0.9971 -0.0486 -0.0584
vn 0.9971 0.0109 -0.0751
vn -0.9971 -0.0486 -0.0584
vn -0.9971 -0.0108 0.0751
vn -0.9971 0.0485 0.0584
vn -0.9971 0.0109 -0.0751
vn 0.0008 -0.4293 -0.9032
vn -0.0008 -0.4292 -0.9032
vn 0.9971 0.0592 0.0476
vn 0.9971 0.0043 0.0758
vn 0.9971 -0.0592 -0.0476
vn 0.9971 -0.0043 -0.0758
vn -0.9971 -0.0043 -0.0758
vn -0.9971 -0.0592 -0.0475
vn -0.9971 0.0043 0.0758
vn -0.9971 -0.0043 -0.0757
vn 0.9971 -0.0043 -0.0757
vn 0.0007 -0.8395 -0.5434
vn -0.0009 -0.8395 -0.5434
vn 0.9971 0.0754 0.0094
vn 0.9971 0.0435 0.0622
vn 0.9971 -0.0754 -0.0094
vn 0.9971 -0.0435 -0.0622
vn -0.9971 -0.0435 -0.0622
vn -0.9971 0.0435 0.0622
vn -0.9971 0.0754 0.0094
vn -0.9971 -0.0434 -0.0622
vn 0.9971 -0.0434 -0.0622
vn 0.0008 -0.9848 -0.1735
vn -0.0009 -0.9848 -0.1735
vn 0.9971 0.0731 -0.0207
vn 0.9971 0.0643 0.0404
vn 0.9971 -0.0731 0.0207
vn 0.9971 -0.0643 -0.0404
vn -0.9971 -0.0643 -0.0404
vn -0.9971 0.0643 0.0404
vn -0.9971 -0.0642 -0.0404
vn 0.9971 -0.0642 -0.0404
vn 0.0008 -0.9958 0.0920
vn -0.0009 -0.9957 0.0921
vn 0.9971 0.0726 0.0221
vn 0.9971 -0.0726 -0.0220
vn -0.9971 -0.0650 0.0392
vn -0.9971 0.0727 0.0220
vn -0.9971 0.0650 -0.0392
vn -0.9971 -0.0726 -0.0220
vn 0.0008 -0.9683 0.2496
vn -0.0008 -0.9683 0.2497
vn 0.9971 0.0580 -0.0491
vn 0.9971 -0.0580 0.0491
vn 0.9971 -0.0752 -0.0102
vn -0.9971 0.0753 0.0102
vn -0.9971 0.0579 -0.0491
vn -0.9971 -0.0752 -0.0101
vn 0.9971 -0.0752 -0.0101
vn 0.0008 -0.9827 0.1850
vn -0.0009 -0.9827 0.1850
vn 0.9971 0.0611 -0.0451
vn 0.9971 0.0744 0.0151
vn 0.9971 -0.0611 0.0451
vn -0.9971 -0.0744 -0.0151
vn -0.9971 0.0744 0.0151
vn -0.9971 -0.0743 -0.0151
vn 0.0008 -0.9887 -0.1501
vn -0.0008 -0.9887 -0.1499
vn 0.9971 0.0726 -0.0224
vn 0.9971 0.0652 0.0389
vn 0.9971 -0.0726 0.0224
vn 0.9971 -0.0652 -0.0389
vn -0.9971 -0.0652 -0.0388
vn -0.9971 -0.0725 0.0225
vn -0.9971 0.0725 -0.0225
vn 0.0008 -0.6158 -0.7879
vn -0.0009 -0.6159 -0.7878
vn 0.9971 0.0682 0.0335
vn 0.9971 0.0207 0.0730
vn 0.9971 -0.0682 -0.0335
vn -0.9971 -0.0208 -0.0731
vn -0.9971 -0.0681 -0.0335
vn -0.9971 0.0208 0.0731
vn -0.9971 0.0681 0.0335
vn -0.9971 -0.0207 -0.0729
vn 0.9971 -0.0206 -0.0730
vn 0.0279 -0.9891 0.1449
vn -0.0279 -0.9890 0.1449
vn -0.9956 -0.0930 0.0137
vn -0.9950 0.0988 -0.0145
vn -0.0264 0.9651 -0.2604
vn -0.0276 0.9891 -0.1448
vn 0.0276 0.9891 -0.1447
vn 0.9956 -0.0930 0.0137
vn 0.9950 0.0988 -0.0145
vn 0.9950 0.1001 -0.0073
vn 0.9956 -0.0934 0.0070
vn 0.0279 -0.9969 0.0734
vn -0.0279 -0.9968 0.0751
vn -0.9956 -0.0934 0.0069
vn -0.9949 0.1001 -0.0075
vn -0.0276 0.9969 -0.0732
vn 0.0277 0.9968 -0.0747
vn 0.9949 0.1009 0.0005
vn 0.9957 -0.0930 -0.0003
vn 0.0279 -0.9996 -0.0052
vn -0.0279 -0.9996 -0.0033
vn -0.9957 -0.0930 -0.0004
vn -0.9949 0.1010 0.0004
vn -0.0276 0.9996 0.0053
vn 0.0277 0.9996 0.0038
vn 0.9948 0.1011 0.0091
vn 0.9957 -0.0920 -0.0081
vn 0.0279 -0.9956 -0.0895
vn -0.0279 -0.9958 -0.0877
vn -0.9957 -0.0920 -0.0082
vn -0.9948 0.1011 0.0090
vn -0.0276 0.9956 0.0897
vn 0.0277 0.9957 0.0882
vn 0.9948 0.1004 0.0182
vn 0.9958 -0.0905 -0.0162
vn 0.0280 -0.9837 -0.1777
vn -0.0280 -0.9840 -0.1761
vn -0.9958 -0.0904 -0.0163
vn -0.9948 0.1004 0.0180
vn -0.0276 0.9837 0.1778
vn 0.0276 0.9839 0.1764
vn 0.9947 0.0987 0.0274
vn 0.9958 -0.0882 -0.0243
vn 0.0280 -0.9633 -0.2670
vn -0.0280 -0.9636 -0.2657
vn -0.9958 -0.0881 -0.0244
vn -0.9947 0.0988 0.0273
vn -0.0276 0.9633 0.2670
vn 0.0277 0.9636 0.2659
vn 0.9947 0.0944 0.0405
vn 0.9958 -0.0840 -0.0359
vn 0.0279 -0.9189 -0.3934
vn -0.0279 -0.9189 -0.3934
vn -0.9958 -0.0840 -0.0359
vn -0.9947 0.0944 0.0404
vn -0.0275 0.9190 0.3933
vn 0.0276 0.9190 0.3932
vn 0.9947 0.0904 0.0484
vn 0.9958 -0.0807 -0.0432
vn -0.9958 -0.0807 -0.0432
vn -0.9947 0.0904 0.0484
vn -0.0275 0.8813 0.4718
vn 0.0276 0.8813 0.4718
vn 0.9948 0.0834 0.0587
vn 0.9958 -0.0753 -0.0530
vn -0.0279 -0.8810 -0.4723
vn 0.0279 -0.8810 -0.4723
vn 0.0280 -0.8175 -0.5753
vn -0.0279 -0.8175 -0.5752
vn -0.9958 -0.0752 -0.0530
vn -0.9948 0.0834 0.0586
vn -0.0276 0.8177 0.5750
vn 0.0276 0.8179 0.5747
vn 0.9949 0.0786 0.0637
vn 0.9957 -0.0721 -0.0585
vn 0.0279 -0.7764 -0.6297
vn -0.0279 -0.7763 -0.6298
vn -0.9957 -0.0720 -0.0586
vn -0.9949 0.0786 0.0636
vn -0.0276 0.7766 0.6293
vn 0.0277 0.7768 0.6292
vn 0.9950 0.0744 0.0671
vn 0.9956 -0.0697 -0.0628
vn 0.0279 -0.7421 -0.6697
vn -0.0279 -0.7423 -0.6695
vn -0.9956 -0.0696 -0.0629
vn -0.9950 0.0744 0.0670
vn -0.0276 0.7423 0.6695
vn 0.0276 0.7427 0.6691
vn 0.9950 0.0715 0.0695
vn 0.9955 -0.0678 -0.0657
vn 0.0279 -0.7169 -0.6966
vn -0.0279 -0.7173 -0.6962
vn -0.9955 -0.0677 -0.0658
vn -0.9950 0.0715 0.0694
vn -0.0276 0.7169 0.6966
vn 0.0276 0.7174 0.6961
vn 0.9950 0.0692 0.0721
vn 0.9956 -0.0652 -0.0677
vn 0.0278 -0.6925 -0.7209
vn -0.0279 -0.6930 -0.7204
vn -0.9956 -0.0652 -0.0678
vn -0.9950 0.0692 0.0720
vn -0.0276 0.6924 0.7210
vn 0.0277 0.6928 0.7206
vn 0.9949 0.0606 0.0808
vn 0.9956 -0.0561 -0.0749
vn 0.0278 -0.5993 -0.8001
vn -0.0278 -0.5993 -0.8000
vn -0.9956 -0.0561 -0.0749
vn -0.9949 0.0605 0.0808
vn -0.0275 0.5994 0.8000
vn 0.0276 0.5994 0.8000
vn 0.9950 0.0523 0.0850
vn 0.9955 -0.0492 -0.0804
vn 0.0279 -0.5211 -0.8531
vn -0.0279 -0.5220 -0.8525
vn -0.9955 -0.0493 -0.0804
vn -0.9950 0.0523 0.0851
vn -0.0276 0.5207 0.8533
vn 0.0277 0.5237 0.8514
vn 0.9951 0.0344 0.0925
vn 0.9954 -0.0368 -0.0882
vn 0.0278 -0.3849 -0.9225
vn -0.0278 -0.3849 -0.9225
vn -0.9954 -0.0339 -0.0895
vn -0.9951 0.0380 0.0909
vn -0.0276 0.3855 0.9223
vn 0.0277 0.3855 0.9223
vn 0.9952 0.0329 0.0920
vn 0.9953 -0.0284 -0.0921
vn 0.0277 -0.2944 -0.9553
vn -0.0277 -0.2944 -0.9553
vn -0.9953 -0.0320 -0.0909
vn -0.9952 0.0288 0.0933
vn -0.0276 0.2950 0.9551
vn 0.0277 0.2950 0.9551
vn 0.9953 0.0285 0.0929
vn 0.9953 -0.0252 -0.0937
vn 0.0277 -0.2594 -0.9654
vn -0.0278 -0.2590 -0.9655
vn -0.9953 -0.0284 -0.0928
vn -0.9953 0.0251 0.0937
vn -0.0276 0.2594 0.9654
vn 0.0278 0.2590 0.9655
vn 0.9953 0.0258 0.0932
vn 0.9953 -0.0258 -0.0939
vn 0.0277 -0.2644 -0.9640
vn -0.0277 -0.2645 -0.9640
vn -0.9953 -0.0259 -0.0938
vn -0.9953 0.0255 0.0933
vn -0.0277 0.2643 0.9641
vn 0.0278 0.2643 0.9640
vn 0.9954 0.0334 0.0899
vn 0.9952 -0.0327 -0.0926
vn 0.0277 -0.3332 -0.9425
vn -0.0277 -0.3331 -0.9425
vn -0.9952 -0.0343 -0.0920
vn -0.9954 0.0319 0.0904
vn -0.0277 0.3331 0.9425
vn 0.0278 0.3327 0.9426
vn 0.9955 0.0411 0.0858
vn 0.9951 -0.0411 -0.0901
vn 0.0277 -0.4158 -0.9090
vn -0.0277 -0.4156 -0.9091
vn -0.9951 -0.0430 -0.0891
vn -0.9955 0.0394 0.0865
vn -0.0277 0.4156 0.9091
vn 0.0278 0.4147 0.9096
vn 0.9955 0.0444 0.0835
vn 0.9950 -0.0498 -0.0864
vn 0.0277 -0.4993 -0.8660
vn -0.0277 -0.4993 -0.8660
vn -0.9950 -0.0466 -0.0883
vn -0.9955 0.0471 0.0818
vn -0.0278 0.4986 0.8664
vn 0.0278 0.4985 0.8664
vn 0.9956 0.0564 0.0747
vn 0.9949 -0.0606 -0.0801
vn 0.0277 -0.6029 -0.7973
vn -0.0277 -0.6029 -0.7973
vn -0.9949 -0.0607 -0.0800
vn -0.9956 0.0564 0.0747
vn -0.0278 0.6027 0.7975
vn 0.0279 0.6025 0.7976
vn 0.9957 0.0634 0.0683
vn 0.9949 -0.0686 -0.0738
vn 0.0277 -0.6804 -0.7323
vn -0.0277 -0.6806 -0.7321
vn -0.9949 -0.0687 -0.0739
vn -0.9957 0.0634 0.0682
vn -0.0278 0.6803 0.7324
vn 0.0279 0.6802 0.7325
vn 0.9957 0.0705 0.0605
vn 0.9949 -0.0768 -0.0659
vn 0.0277 -0.7588 -0.6508
vn -0.0277 -0.7591 -0.6504
vn -0.9949 -0.0768 -0.0658
vn -0.9957 0.0704 0.0604
vn -0.0278 0.7586 0.6509
vn 0.0279 0.7588 0.6507
vn 0.9957 0.0772 0.0513
vn 0.9949 -0.0844 -0.0560
vn 0.0276 -0.8324 -0.5535
vn -0.0277 -0.8328 -0.5528
vn -0.9949 -0.0844 -0.0561
vn -0.9957 0.0772 0.0512
vn -0.0279 0.8323 0.5536
vn 0.0280 0.8327 0.5530
vn 0.9957 0.0833 0.0412
vn 0.9949 -0.0905 -0.0448
vn 0.0277 -0.8956 -0.4441
vn -0.0277 -0.8959 -0.4433
vn -0.9949 -0.0905 -0.0450
vn -0.9957 0.0833 0.0411
vn -0.0278 0.8957 0.4438
vn 0.0279 0.8963 0.4425
vn 0.9956 0.0884 0.0320
vn 0.9950 -0.0941 -0.0340
vn 0.0277 -0.9396 -0.3411
vn -0.0277 -0.9403 -0.3393
vn -0.9950 -0.0940 -0.0343
vn -0.9956 0.0884 0.0318
vn -0.0278 0.9398 0.3406
vn 0.0279 0.9408 0.3379
vn 0.9955 0.0915 0.0251
vn 0.9951 -0.0956 -0.0263
vn 0.0277 -0.9640 -0.2645
vn -0.0277 -0.9638 -0.2650
vn -0.9951 -0.0956 -0.0263
vn -0.9955 0.0915 0.0251
vn -0.0277 0.9641 0.2642
vn 0.0278 0.9640 0.2646
vn 0.9955 0.0931 0.0195
vn 0.9951 -0.0967 -0.0203
vn 0.0277 -0.9784 -0.2050
vn -0.0277 -0.9783 -0.2054
vn -0.9951 -0.0967 -0.0203
vn -0.9955 0.0931 0.0195
vn -0.0277 0.9784 0.2049
vn 0.0278 0.9783 0.2053
vn 0.9955 0.0942 0.0143
vn 0.9951 -0.0976 -0.0149
vn 0.0277 -0.9883 -0.1500
vn -0.0277 -0.9882 -0.1504
vn -0.9951 -0.0976 -0.0149
vn -0.9954 0.0942 0.0143
vn -0.0277 0.9883 0.1499
vn 0.0277 0.9882 0.1503
vn 0.9954 0.0949 0.0094
vn 0.9951 -0.0982 -0.0098
vn 0.0278 -0.9947 -0.0990
vn -0.0277 -0.9947 -0.0995
vn -0.9951 -0.0982 -0.0098
vn -0.9954 0.0948 0.0095
vn -0.0277 0.9947 0.0990
vn 0.0278 0.9947 0.0994
vn 0.9954 0.0953 0.0049
vn 0.9951 -0.0985 -0.0051
vn 0.0277 -0.9983 -0.0516
vn -0.0277 -0.9983 -0.0522
vn -0.9951 -0.0985 -0.0051
vn -0.9954 0.0952 0.0050
vn -0.0277 0.9983 0.0516
vn 0.0278 0.9983 0.0521
vn 0.9954 0.0954 0.0007
vn 0.9951 -0.0986 -0.0008
vn 0.0277 -0.9996 -0.0073
vn -0.0277 -0.9996 -0.0079
vn -0.9951 -0.0986 -0.0007
vn -0.9954 0.0954 0.0008
vn -0.0277 0.9996 0.0072
vn 0.0278 0.9996 0.0079
vn 0.9954 0.0953 -0.0033
vn 0.9951 -0.0986 0.0034
vn 0.0277 -0.9990 0.0348
vn -0.0277 -0.9990 0.0340
vn -0.9951 -0.0986 0.0034
vn -0.9954 0.0953 -0.0033
vn -0.0277 0.9990 -0.0348
vn 0.0278 0.9990 -0.0340
vn 0.9955 0.0946 -0.0110
vn 0.9951 -0.0985 0.0092
vn 0.0277 -0.9953 0.0929
vn -0.0277 -0.9953 0.0930
vn -0.9951 -0.0983 0.0116
vn -0.9955 0.0947 -0.0088
vn -0.0277 0.9953 -0.0928
vn 0.0278 0.9953 -0.0928
vn 0.9955 0.0933 -0.0153
vn 0.9950 -0.0982 0.0152
vn -0.9950 -0.0981 0.0161
vn -0.9955 0.0935 -0.0144
vn -0.0277 0.9880 -0.1520
vn 0.0278 0.9880 -0.1519
vn 0.9955 0.0925 -0.0228
vn 0.9951 -0.0959 0.0236
vn -0.9951 -0.0959 0.0236
vn -0.9955 0.0925 -0.0228
vn -0.0277 0.9714 -0.2358
vn 0.0278 0.9705 -0.2396
vn 0.9953 0.0933 -0.0261
vn 0.9953 -0.0934 0.0266
vn 0.0276 -0.9879 0.1526
vn -0.0277 -0.9879 0.1526
vn -0.0277 -0.9714 0.2360
vn 0.0277 -0.9707 0.2385
vn 0.0277 -0.9618 0.2722
vn -0.0277 -0.9613 0.2739
vn -0.9953 -0.0935 0.0262
vn -0.9953 0.0932 -0.0265
vn -0.0276 0.9618 -0.2723
vn 0.0278 0.9613 -0.2740
vn 0.9952 0.0953 -0.0210
vn 0.9953 -0.0934 0.0245
vn 0.0277 -0.9671 0.2528
vn -0.0277 -0.9668 0.2540
vn -0.9953 -0.0943 0.0210
vn -0.9952 0.0943 -0.0247
vn -0.0277 0.9671 -0.2528
vn 0.0277 0.9669 -0.2536
vn 0.9951 0.0970 -0.0170
vn 0.9954 -0.0939 0.0181
vn -0.9954 -0.0940 0.0167
vn -0.9951 0.0967 -0.0185
vn -0.0276 0.9818 -0.1876
vn 0.0277 0.9818 -0.1876
vn 0.9949 0.1007 -0.0028
vn 0.9956 -0.0934 0.0031
vn 0.0279 -0.9991 0.0331
vn 0.0281 -0.9898 -0.1394
vn -0.0281 -0.9898 -0.1394
vn -0.0279 -0.9991 0.0332
vn 0.0278 -0.9816 0.1891
vn -0.0278 -0.9816 0.1891
vn -0.9956 -0.0935 -0.0008
vn -0.9949 0.1007 -0.0029
vn -0.0276 0.9992 -0.0282
vn 0.0278 0.9992 -0.0281
vn 0.9947 0.1018 0.0148
vn 0.9958 -0.0905 -0.0128
vn -0.9958 -0.0905 -0.0128
vn -0.9947 0.1018 0.0147
vn -0.0276 0.9893 0.1433
vn 0.0277 0.9893 0.1433
vn 0.9946 0.0959 0.0399
vn 0.9959 -0.0831 -0.0349
vn 0.0281 -0.9218 -0.3867
vn 0.0280 -0.8555 -0.5170
vn -0.0280 -0.8551 -0.5178
vn -0.0281 -0.9217 -0.3868
vn -0.9959 -0.0831 -0.0348
vn -0.9946 0.0959 0.0399
vn -0.0276 0.9227 0.3844
vn 0.0277 0.9227 0.3844
vn 0.9947 0.0885 0.0530
vn 0.9959 -0.0778 -0.0471
vn -0.9959 -0.0778 -0.0472
vn -0.9947 0.0884 0.0532
vn -0.0276 0.8563 0.5157
vn 0.0277 0.8566 0.5153
vn 0.9947 0.0843 0.0585
vn 0.9958 -0.0733 -0.0552
vn 0.0280 -0.7988 -0.6010
vn -0.0280 -0.7988 -0.6010
vn -0.9958 -0.0755 -0.0524
vn -0.9947 0.0818 0.0615
vn -0.0275 0.7989 0.6008
vn 0.0277 0.7989 0.6008
vn 0.9947 0.0684 0.0761
vn 0.9957 -0.0618 -0.0688
vn 0.0279 -0.6680 -0.7437
vn -0.0279 -0.6680 -0.7436
vn -0.9957 -0.0618 -0.0688
vn -0.9947 0.0684 0.0761
vn -0.0275 0.6683 0.7434
vn 0.0276 0.6683 0.7434
vn 0.9948 0.0609 0.0818
vn 0.9957 -0.0551 -0.0741
vn 0.0279 -0.5965 -0.8021
vn -0.0279 -0.5965 -0.8021
vn -0.9957 -0.0551 -0.0741
vn -0.9948 0.0609 0.0818
vn -0.0275 0.5969 0.8019
vn 0.0276 0.5968 0.8019
vn 0.9949 0.0458 0.0902
vn 0.9957 -0.0413 -0.0832
vn 0.0280 -0.4458 -0.8947
vn -0.0280 -0.4442 -0.8955
vn -0.9957 -0.0419 -0.0828
vn -0.9949 0.0450 0.0906
vn -0.0276 0.4460 0.8946
vn 0.0277 0.4452 0.8950
vn 0.9949 0.0364 0.0938
vn 0.9956 -0.0334 -0.0873
vn 0.0280 -0.3556 -0.9342
vn -0.0279 -0.3573 -0.9336
vn -0.9956 -0.0338 -0.0872
vn -0.9949 0.0360 0.0939
vn -0.0276 0.3557 0.9342
vn 0.0277 0.3577 0.9334
vn 0.9949 0.0219 0.0981
vn 0.9956 -0.0203 -0.0914
vn 0.0279 -0.2168 -0.9758
vn -0.0279 -0.2168 -0.9758
vn -0.9956 -0.0203 -0.0915
vn -0.9949 0.0219 0.0981
vn -0.0276 0.2176 0.9756
vn 0.0277 0.2176 0.9756
vn -0.0270 0.1348 0.9905
vn 0.0264 -0.9812 0.1913
vn -0.0264 -0.9812 0.1913
vn -0.0260 -0.9997 0.0016
vn -0.0275 0.9891 -0.1448
vn -0.0263 -0.1151 -0.9930
vn -0.0275 0.9969 -0.0732
vn -0.0275 0.9996 0.0053
vn -0.0275 0.9956 0.0896
vn -0.0275 0.9837 0.1778
vn -0.0275 0.9633 0.2670
vn -0.0275 0.9190 0.3932
vn -0.0274 0.8813 0.4718
vn -0.0275 0.8177 0.5750
vn -0.0275 0.7767 0.6293
vn -0.0274 0.7424 0.6694
vn -0.0275 0.7169 0.6966
vn -0.0274 0.5994 0.8000
vn -0.0275 0.5207 0.8533
vn -0.0275 0.3855 0.9223
vn -0.0275 0.2951 0.9551
vn -0.0276 0.2595 0.9654
vn -0.0276 0.2642 0.9641
vn -0.0276 0.3331 0.9425
vn -0.0276 0.4156 0.9091
vn -0.0277 0.4986 0.8664
vn -0.0277 0.6027 0.7975
vn -0.0277 0.6802 0.7325
vn -0.0278 0.7586 0.6510
vn -0.0277 0.8323 0.5536
vn -0.0277 0.8957 0.4438
vn -0.0277 0.9398 0.3406
vn -0.0276 0.9641 0.2643
vn -0.0277 0.9784 0.2050
vn -0.0276 0.9883 0.1500
vn -0.0276 0.9947 0.0990
vn -0.0276 0.9983 0.0516
vn -0.0276 0.9996 0.0073
vn -0.0276 0.9990 -0.0348
vn -0.0276 0.9953 -0.0928
vn -0.0276 0.9880 -0.1520
vn -0.0276 0.9714 -0.2358
vn -0.0276 0.9618 -0.2722
vn -0.0276 0.9671 -0.2528
vn -0.0275 0.9818 -0.1877
vn -0.0275 0.9992 -0.0282
vn -0.0275 0.9228 0.3844
vn -0.0275 0.8564 0.5157
vn -0.0274 0.6683 0.7434
vn -0.0274 0.5969 0.8018
vn -0.0275 0.4460 0.8946
vn -0.0276 0.3558 0.9342
vn -0.0275 0.2177 0.9756
vn -0.0264 -0.9812 0.1912
vn -0.0263 -0.1150 -0.9930
vn 0.0076 -0.0000 1.0000
vn 0.0078 0.0348 0.9994
vn -0.0078 0.0349 0.9994
vn -0.0075 -0.0000 1.0000
vn -0.0051 0.9253 -0.3792
vn 0.0051 0.9253 -0.3792
vn 0.0061 0.9053 -0.4247
vn -0.0061 0.9053 -0.4248
vn 0.5030 0.8643 -0.0057
vn 0.5030 0.8643 0.0057
vn 0.5638 0.8259 0.0065
vn 0.5638 0.8259 -0.0065
vn -0.5030 0.8643 0.0057
vn -0.5030 0.8643 -0.0057
vn -0.5638 0.8259 -0.0065
vn -0.5639 0.8259 0.0065
vn -1.0000 -0.0001 0.0075
vn -0.9995 0.0319 0.0077
vn -0.9995 0.0319 -0.0077
vn -1.0000 -0.0000 -0.0076
vn 0.0051 0.9253 0.3792
vn -0.0051 0.9253 0.3792
vn -0.0061 0.9053 0.4248
vn 0.0061 0.9053 0.4248
vn 0.0055 1.0000 -0.0050
vn -0.0056 1.0000 -0.0051
vn -0.0055 1.0000 0.0050
vn 0.0056 1.0000 0.0051
vn 1.0000 -0.0000 -0.0076
vn 0.9995 0.0319 -0.0076
vn 0.9995 0.0319 0.0077
vn 1.0000 -0.0000 0.0076
vn -0.0076 0.0001 -1.0000
vn -0.0078 0.0348 -0.9994
vn 0.0078 0.0349 -0.9994
vn 0.0076 -0.0000 -1.0000
vn -0.2738 0.9390 0.2081
vn -0.1984 0.9701 0.1400
vn -0.2745 0.9616 0.0021
vn -0.0027 0.9797 0.2007
vn -0.2745 0.9616 -0.0021
vn -0.1984 0.9701 -0.1400
vn -0.2738 0.9390 -0.2080
vn -0.0027 0.9797 -0.2007
vn 0.2745 0.9616 0.0021
vn 0.1983 0.9701 0.1400
vn 0.2738 0.9390 0.2080
vn 0.0027 0.9797 0.2007
vn 0.0027 0.9797 -0.2007
vn 0.1983 0.9701 -0.1400
vn 0.2738 0.9390 -0.2080
vn 0.2745 0.9616 -0.0021
vn -0.0107 0.5552 0.8316
vn -0.5525 0.7247 0.4118
vn -0.7137 0.0773 0.6962
vn -0.3024 0.9263 0.2245
vn -0.8721 0.4893 0.0079
vn -0.3024 0.9264 -0.2245
vn -0.5525 0.7247 -0.4118
vn -0.8721 0.4893 -0.0079
vn -0.0107 0.5552 -0.8316
vn -0.7137 0.0773 -0.6962
vn 0.3024 0.9264 -0.2245
vn 0.5525 0.7247 -0.4118
vn 0.0106 0.5553 -0.8316
vn 0.8721 0.4893 -0.0079
vn 0.7137 0.0773 -0.6962
vn 0.3024 0.9264 0.2245
vn 0.5525 0.7247 0.4118
vn 0.8721 0.4893 0.0079
vn 0.0106 0.5552 0.8316
vn 0.7137 0.0773 0.6962
vn -0.7071 -0.0000 0.7071
vn -0.7071 -0.0000 -0.7071
vn 0.7071 -0.0000 -0.7071
vn 0.7071 -0.0000 0.7071
vn 0.0076 -0.0001 1.0000
vn -0.0076 -0.0000 1.0000
vn -1.0000 -0.0000 0.0075
vn 1.0000 0.0001 -0.0076
vn -0.0076 -0.0001 -1.0000
vn 0.0078 0.0348 -0.9994
vn 0.1984 0.9701 -0.1400
vn -0.7136 0.0773 0.6962
vn -0.3024 0.9264 0.2245
vn -0.3025 0.9263 -0.2245
vn -0.0106 0.5552 -0.8317
vn 0.0107 0.5552 -0.8316
vn 0.0061 0.9053 -0.4248
vn -0.0061 0.9053 -0.4247
vn -0.5638 0.8259 0.0065
vn 0.5639 0.8258 0.0065
vn 1.0000 -0.0000 0.0075
vn 1.0000 -0.0001 -0.0076
vn 0.9995 0.0318 -0.0076
vn -0.0055 1.0000 -0.0050
vn -1.0000 -0.0001 0.0076
vn -0.9995 0.0319 0.0076
vn -0.0075 -0.0000 -1.0000
vn 0.0079 0.0349 -0.9994
vn 0.1984 0.9701 0.1400
vn -0.2738 0.9390 0.2080
vn -0.2745 0.9616 0.0022
vn 0.5525 0.7246 0.4119
vn 0.0107 0.5552 0.8316
vn 0.3025 0.9263 0.2245
vn 0.5525 0.7246 -0.4119
vn 0.0106 0.5552 -0.8316
vn 0.7137 0.0773 -0.6961
vn -0.8720 0.4894 -0.0079
vn -0.0106 0.5552 0.8316
vn 0.7072 -0.0000 0.7070
vn 1.0000 -0.0002 -0.0076
vn 0.9995 0.0319 0.0076
vn -0.0056 1.0000 0.0051
vn -0.0076 -0.0000 -1.0000
vn 0.2738 0.9390 0.2081
vn -0.1983 0.9701 -0.1400
vn 0.0106 0.5552 0.8317
vn 0.3025 0.9263 -0.2245
vn -0.0106 0.5552 -0.8316
vn -0.5524 0.7247 -0.4118
vn -0.3025 0.9264 -0.2245
vn -0.5524 0.7247 0.4118
vn -0.7071 -0.0000 -0.7072
vn -0.0000 -1.0000 -0.0000
vt 0.566812 0.996585
vt 0.564997 0.996585
vt 0.565914 0.997503
vt 0.606896 0.996585
vt 0.606072 0.996585
vt 0.606467 0.997503
vt 0.578021 0.996585
vt 0.578532 0.997503
vt 0.579045 0.996585
vt 0.597064 0.996585
vt 0.596171 0.996585
vt 0.596612 0.997503
vt 0.566812 0.423120
vt 0.566058 0.422269
vt 0.564997 0.423120
vt 0.606072 0.423120
vt 0.606896 0.423120
vt 0.606455 0.422269
vt 0.578021 0.423120
vt 0.579045 0.423120
vt 0.578561 0.422269
vt 0.597064 0.423120
vt 0.596649 0.422269
vt 0.596171 0.423120
vt 0.004317 0.996585
vt 0.002503 0.996585
vt 0.003419 0.997503
vt 0.044402 0.996585
vt 0.043577 0.996585
vt 0.043973 0.997503
vt 0.015527 0.996585
vt 0.016038 0.997503
vt 0.016550 0.996585
vt 0.034569 0.996585
vt 0.033677 0.996585
vt 0.034117 0.997503
vt 0.004317 0.423120
vt 0.003564 0.422269
vt 0.002503 0.423120
vt 0.043577 0.423120
vt 0.044402 0.423120
vt 0.043961 0.422269
vt 0.015527 0.423120
vt 0.016550 0.423120
vt 0.016066 0.422269
vt 0.034569 0.423120
vt 0.034155 0.422269
vt 0.033677 0.423120
vt 0.066818 0.996585
vt 0.065003 0.996585
vt 0.065920 0.997503
vt 0.106902 0.996585
vt 0.106077 0.996585
vt 0.106473 0.997503
vt 0.078027 0.996585
vt 0.078538 0.997503
vt 0.079051 0.996585
vt 0.097069 0.996585
vt 0.096177 0.996585
vt 0.096618 0.997503
vt 0.066818 0.423120
vt 0.066064 0.422269
vt 0.065003 0.423120
vt 0.106077 0.423120
vt 0.106902 0.423120
vt 0.106461 0.422269
vt 0.078027 0.423120
vt 0.079051 0.423120
vt 0.078567 0.422269
vt 0.097069 0.423120
vt 0.096655 0.422269
vt 0.096177 0.423120
vt 0.754313 0.996585
vt 0.752498 0.996585
vt 0.753415 0.997503
vt 0.794397 0.996585
vt 0.793572 0.996585
vt 0.793968 0.997503
vt 0.765522 0.996585
vt 0.766033 0.997503
vt 0.766546 0.996585
vt 0.784564 0.996585
vt 0.783672 0.996585
vt 0.784113 0.997503
vt 0.754313 0.423120
vt 0.753559 0.422269
vt 0.752498 0.423120
vt 0.793572 0.423120
vt 0.794397 0.423120
vt 0.793956 0.422269
vt 0.765522 0.423120
vt 0.766546 0.423120
vt 0.766062 0.422269
vt 0.784564 0.423120
vt 0.784150 0.422269
vt 0.783672 0.423120
vt 0.254316 0.996585
vt 0.252501 0.996585
vt 0.253418 0.997503
vt 0.294400 0.996585
vt 0.293575 0.996585
vt 0.293971 0.997503
vt 0.265525 0.996585
vt 0.266036 0.997503
vt 0.266548 0.996585
vt 0.284567 0.996585
vt 0.283675 0.996585
vt 0.284115 0.997503
vt 0.254316 0.423120
vt 0.253562 0.422269
vt 0.252501 0.423120
vt 0.293575 0.423120
vt 0.294400 0.423120
vt 0.293959 0.422269
vt 0.265525 0.423120
vt 0.266548 0.423120
vt 0.266064 0.422269
vt 0.284567 0.423120
vt 0.284153 0.422269
vt 0.283675 0.423120
vt 0.629311 0.996585
vt 0.627496 0.996585
vt 0.628412 0.997503
vt 0.669395 0.996585
vt 0.668570 0.996585
vt 0.668966 0.997503
vt 0.640520 0.996585
vt 0.641031 0.997503
vt 0.641543 0.996585
vt 0.659562 0.996585
vt 0.658670 0.996585
vt 0.659110 0.997503
vt 0.629311 0.423120
vt 0.628557 0.422269
vt 0.627496 0.423120
vt 0.668570 0.423120
vt 0.669395 0.423120
vt 0.668954 0.422269
vt 0.640520 0.423120
vt 0.641543 0.423120
vt 0.641059 0.422269
vt 0.659562 0.423120
vt 0.659148 0.422269
vt 0.658670 0.423120
vt 0.316817 0.996585
vt 0.315002 0.996585
vt 0.315919 0.997503
vt 0.356901 0.996585
vt 0.356076 0.996585
vt 0.356472 0.997503
vt 0.328026 0.996585
vt 0.328537 0.997503
vt 0.329050 0.996585
vt 0.347068 0.996585
vt 0.346176 0.996585
vt 0.346617 0.997503
vt 0.316817 0.423120
vt 0.316063 0.422269
vt 0.315002 0.423120
vt 0.356076 0.423120
vt 0.356901 0.423120
vt 0.356460 0.422269
vt 0.328026 0.423120
vt 0.329050 0.423120
vt 0.328566 0.422269
vt 0.347068 0.423120
vt 0.346654 0.422269
vt 0.346176 0.423120
vt 0.879317 0.996585
vt 0.877502 0.996585
vt 0.878419 0.997503
vt 0.919401 0.996585
vt 0.918576 0.996585
vt 0.918972 0.997503
vt 0.890526 0.996585
vt 0.891037 0.997503
vt 0.891550 0.996585
vt 0.909568 0.996585
vt 0.908676 0.996585
vt 0.909117 0.997503
vt 0.879317 0.423120
vt 0.878563 0.422269
vt 0.877502 0.423120
vt 0.918576 0.423120
vt 0.919401 0.423120
vt 0.918960 0.422269
vt 0.890526 0.423120
vt 0.891550 0.423120
vt 0.891065 0.422269
vt 0.909568 0.423120
vt 0.909154 0.422269
vt 0.908676 0.423120
vt 0.941813 0.996585
vt 0.939999 0.996585
vt 0.940915 0.997503
vt 0.981897 0.996585
vt 0.981073 0.996585
vt 0.981468 0.997503
vt 0.953022 0.996585
vt 0.953534 0.997503
vt 0.954046 0.996585
vt 0.972065 0.996585
vt 0.971173 0.996585
vt 0.971613 0.997503
vt 0.941813 0.423120
vt 0.941059 0.422269
vt 0.939999 0.423120
vt 0.981073 0.423120
vt 0.981897 0.423120
vt 0.981456 0.422269
vt 0.953022 0.423120
vt 0.954046 0.423120
vt 0.953562 0.422269
vt 0.972065 0.423120
vt 0.971650 0.422269
vt 0.971173 0.423120
vt 0.129318 0.996585
vt 0.127503 0.996585
vt 0.128420 0.997503
vt 0.169402 0.996585
vt 0.168577 0.996585
vt 0.168973 0.997503
vt 0.140527 0.996585
vt 0.141038 0.997503
vt 0.141551 0.996585
vt 0.159569 0.996585
vt 0.158677 0.996585
vt 0.159118 0.997503
vt 0.129318 0.423120
vt 0.128564 0.422269
vt 0.127503 0.423120
vt 0.168577 0.423120
vt 0.169402 0.423120
vt 0.168961 0.422269
vt 0.140527 0.423120
vt 0.141551 0.423120
vt 0.141066 0.422269
vt 0.159569 0.423120
vt 0.159155 0.422269
vt 0.158677 0.423120
vt 0.816810 0.996585
vt 0.814996 0.996585
vt 0.815912 0.997503
vt 0.856894 0.996585
vt 0.856070 0.996585
vt 0.856466 0.997503
vt 0.828019 0.996585
vt 0.828531 0.997503
vt 0.829043 0.996585
vt 0.847062 0.996585
vt 0.846170 0.996585
vt 0.846610 0.997503
vt 0.816810 0.423120
vt 0.816056 0.422269
vt 0.814996 0.423120
vt 0.856070 0.423120
vt 0.856894 0.423120
vt 0.856453 0.422269
vt 0.828019 0.423120
vt 0.829043 0.423120
vt 0.828559 0.422269
vt 0.847062 0.423120
vt 0.846648 0.422269
vt 0.846170 0.423120
vt 0.379314 0.996584
vt 0.377500 0.996584
vt 0.378416 0.997503
vt 0.419399 0.996584
vt 0.418574 0.996584
vt 0.418970 0.997503
vt 0.390524 0.996584
vt 0.391035 0.997503
vt 0.391547 0.996584
vt 0.409566 0.996584
vt 0.408674 0.996584
vt 0.409114 0.997503
vt 0.379314 0.423120
vt 0.378561 0.422269
vt 0.377500 0.423120
vt 0.418574 0.423120
vt 0.419398 0.423120
vt 0.418957 0.422269
vt 0.390524 0.423120
vt 0.391547 0.423120
vt 0.391063 0.422269
vt 0.409566 0.423120
vt 0.409151 0.422269
vt 0.408674 0.423120
vt 0.191818 0.996585
vt 0.190003 0.996585
vt 0.190919 0.997503
vt 0.231902 0.996585
vt 0.231077 0.996585
vt 0.231473 0.997503
vt 0.203027 0.996585
vt 0.203538 0.997503
vt 0.204050 0.996585
vt 0.222069 0.996585
vt 0.221177 0.996585
vt 0.221617 0.997503
vt 0.191818 0.423120
vt 0.191064 0.422269
vt 0.190003 0.423120
vt 0.231077 0.423120
vt 0.231902 0.423120
vt 0.231460 0.422269
vt 0.203027 0.423120
vt 0.204050 0.423120
vt 0.203566 0.422269
vt 0.222069 0.423120
vt 0.221655 0.422269
vt 0.221177 0.423120
vt 0.441815 0.996584
vt 0.440000 0.996584
vt 0.440916 0.997503
vt 0.481899 0.996584
vt 0.481074 0.996584
vt 0.481470 0.997503
vt 0.453024 0.996584
vt 0.453535 0.997503
vt 0.454047 0.996584
vt 0.472066 0.996584
vt 0.471174 0.996584
vt 0.471614 0.997503
vt 0.441815 0.423120
vt 0.441061 0.422269
vt 0.440000 0.423120
vt 0.481074 0.423120
vt 0.481899 0.423120
vt 0.481458 0.422269
vt 0.453024 0.423120
vt 0.454047 0.423120
vt 0.453563 0.422269
vt 0.472066 0.423120
vt 0.471652 0.422269
vt 0.471174 0.423120
vt 0.504317 0.996585
vt 0.502502 0.996585
vt 0.503419 0.997503
vt 0.544401 0.996585
vt 0.543577 0.996585
vt 0.543972 0.997503
vt 0.515526 0.996585
vt 0.516037 0.997503
vt 0.516550 0.996585
vt 0.534568 0.996585
vt 0.533676 0.996585
vt 0.534117 0.997503
vt 0.504317 0.423120
vt 0.503563 0.422269
vt 0.502502 0.423120
vt 0.543577 0.423120
vt 0.544401 0.423120
vt 0.543960 0.422269
vt 0.515526 0.423120
vt 0.516550 0.423120
vt 0.516066 0.422269
vt 0.534569 0.423120
vt 0.534154 0.422269
vt 0.533676 0.423120
vt 0.691811 0.996584
vt 0.689997 0.996584
vt 0.690913 0.997503
vt 0.731895 0.996584
vt 0.731071 0.996584
vt 0.731466 0.997503
vt 0.703020 0.996584
vt 0.703532 0.997503
vt 0.704044 0.996584
vt 0.722063 0.996584
vt 0.721171 0.996584
vt 0.721611 0.997503
vt 0.691811 0.423120
vt 0.691057 0.422269
vt 0.689997 0.423120
vt 0.731071 0.423120
vt 0.731896 0.423120
vt 0.731454 0.422269
vt 0.703020 0.423120
vt 0.704044 0.423120
vt 0.703560 0.422269
vt 0.722063 0.423120
vt 0.721648 0.422269
vt 0.721171 0.423120
vt 0.940058 0.085990
vt 0.919244 0.090028
vt 0.940058 0.090028
vt 0.004125 0.095049
vt 0.007695 0.107043
vt 0.008706 0.094777
vt 0.555082 0.101683
vt 0.550225 0.122496
vt 0.555082 0.122496
vt 0.090030 0.193819
vt 0.102969 0.197132
vt 0.102296 0.192809
vt 0.919244 0.094173
vt 0.940058 0.094173
vt 0.012018 0.107717
vt 0.013736 0.095127
vt 0.550225 0.101683
vt 0.545149 0.122496
vt 0.090379 0.198850
vt 0.103662 0.200808
vt 0.919244 0.097661
vt 0.940058 0.097661
vt 0.015694 0.108410
vt 0.018273 0.095847
vt 0.545149 0.101683
vt 0.540597 0.122496
vt 0.091099 0.203386
vt 0.104439 0.203860
vt 0.940058 0.100563
vt 0.018745 0.109187
vt 0.022309 0.096828
vt 0.540597 0.101683
vt 0.536497 0.122496
vt 0.092080 0.207423
vt 0.105289 0.206350
vt 0.919244 0.100563
vt 0.940058 0.102967
vt 0.021236 0.110037
vt 0.025876 0.098025
vt 0.532779 0.101683
vt 0.532779 0.122496
vt 0.093277 0.210990
vt 0.106193 0.208378
vt 0.919244 0.104979
vt 0.940058 0.104979
vt 0.023264 0.110941
vt 0.029022 0.099413
vt 0.529370 0.122496
vt 0.096228 0.216917
vt 0.107143 0.210066
vt 0.940058 0.106722
vt 0.031803 0.100977
vt 0.529370 0.101683
vt 0.526203 0.122496
vt 0.097950 0.219392
vt 0.108169 0.211537
vt 0.919244 0.108330
vt 0.940058 0.108330
vt 0.024952 0.111891
vt 0.034278 0.102698
vt 0.523212 0.101683
vt 0.523212 0.122496
vt 0.099815 0.221614
vt 0.109314 0.212897
vt 0.940058 0.109929
vt 0.026423 0.112917
vt 0.036500 0.104564
vt 0.520344 0.122496
vt 0.101811 0.223633
vt 0.110630 0.214226
vt 0.919244 0.109929
vt 0.940058 0.111628
vt 0.027783 0.114062
vt 0.038519 0.106559
vt 0.520344 0.101683
vt 0.517553 0.122496
vt 0.103920 0.225497
vt 0.112163 0.215578
vt 0.919244 0.111628
vt 0.940058 0.113505
vt 0.029112 0.115378
vt 0.040382 0.108668
vt 0.514806 0.101683
vt 0.514805 0.122496
vt 0.106125 0.227249
vt 0.113942 0.216990
vt 0.919244 0.115615
vt 0.940058 0.115615
vt 0.030463 0.116911
vt 0.042134 0.110874
vt 0.512078 0.122496
vt 0.108307 0.228858
vt 0.115792 0.218357
vt 0.940058 0.117763
vt 0.031876 0.118690
vt 0.043744 0.113056
vt 0.509465 0.101683
vt 0.509465 0.122496
vt 0.117503 0.219536
vt 0.919244 0.117763
vt 0.940058 0.119701
vt 0.034422 0.122252
vt 0.045166 0.115119
vt 0.507047 0.101683
vt 0.507047 0.122496
vt 0.110370 0.230280
vt 0.119063 0.220530
vt 0.919244 0.119700
vt 0.940058 0.121419
vt 0.035415 0.123812
vt 0.046420 0.117089
vt 0.504785 0.101683
vt 0.504785 0.122496
vt 0.112340 0.231535
vt 0.120515 0.221376
vt 0.919244 0.121419
vt 0.940058 0.122974
vt 0.036261 0.125263
vt 0.047533 0.118998
vt 0.502640 0.122496
vt 0.114249 0.232647
vt 0.121910 0.222113
vt 0.919244 0.122974
vt 0.940058 0.124433
vt 0.036998 0.126659
vt 0.048527 0.120878
vt 0.502640 0.101683
vt 0.500571 0.122496
vt 0.118017 0.234539
vt 0.123312 0.222780
vt 0.919244 0.124433
vt 0.940058 0.125869
vt 0.049424 0.122766
vt 0.500571 0.101683
vt 0.498538 0.122496
vt 0.119946 0.235364
vt 0.124786 0.223410
vt 0.919244 0.125869
vt 0.940058 0.127354
vt 0.037666 0.128061
vt 0.050249 0.124695
vt 0.498539 0.101683
vt 0.496503 0.122496
vt 0.121950 0.236138
vt 0.126390 0.224030
vt 0.919244 0.127354
vt 0.940058 0.128954
vt 0.038296 0.129535
vt 0.051024 0.126699
vt 0.496503 0.101683
vt 0.494425 0.122496
vt 0.124062 0.236882
vt 0.128177 0.224658
vt 0.919244 0.130726
vt 0.940058 0.130726
vt 0.038915 0.131139
vt 0.051767 0.128811
vt 0.494426 0.101683
vt 0.492268 0.122496
vt 0.126315 0.237616
vt 0.130186 0.225312
vt 0.940058 0.132711
vt 0.039543 0.132926
vt 0.052501 0.131064
vt 0.492269 0.101683
vt 0.489996 0.122496
vt 0.128740 0.238358
vt 0.132449 0.226003
vt 0.919244 0.132711
vt 0.940058 0.134942
vt 0.040197 0.134935
vt 0.053243 0.133489
vt 0.489996 0.101683
vt 0.487571 0.122496
vt 0.134725 0.226671
vt 0.919244 0.134942
vt 0.940058 0.137164
vt 0.041556 0.139474
vt 0.054005 0.136095
vt 0.484959 0.101683
vt 0.484959 0.122496
vt 0.131346 0.239120
vt 0.139295 0.227811
vt 0.919244 0.141569
vt 0.940058 0.141569
vt 0.042696 0.144044
vt 0.055290 0.141248
vt 0.479836 0.122496
vt 0.142670 0.241622
vt 0.144942 0.228928
vt 0.919244 0.146967
vt 0.940058 0.146967
vt 0.056506 0.147419
vt 0.479836 0.101683
vt 0.473780 0.122496
vt 0.149701 0.242778
vt 0.151644 0.230035
vt 0.919244 0.153369
vt 0.940058 0.153369
vt 0.043813 0.149691
vt 0.057662 0.154450
vt 0.466952 0.101683
vt 0.466951 0.122496
vt 0.157401 0.243879
vt 0.159126 0.231108
vt 0.919244 0.160514
vt 0.940058 0.160514
vt 0.044919 0.156393
vt 0.058763 0.162150
vt 0.459517 0.101683
vt 0.459517 0.122496
vt 0.165579 0.244930
vt 0.167156 0.232142
vt 0.919244 0.168184
vt 0.940058 0.168184
vt 0.045992 0.163875
vt 0.059815 0.170328
vt 0.451649 0.101682
vt 0.451649 0.122496
vt 0.174047 0.245937
vt 0.175525 0.233139
vt 0.919244 0.176180
vt 0.940058 0.176180
vt 0.047026 0.171905
vt 0.060821 0.178796
vt 0.443521 0.122496
vt 0.182617 0.246903
vt 0.184036 0.234099
vt 0.940058 0.184314
vt 0.048022 0.180274
vt 0.061787 0.187367
vt 0.435307 0.101682
vt 0.435307 0.122496
vt 0.191102 0.247832
vt 0.192498 0.235025
vt 0.919244 0.184314
vt 0.940058 0.192406
vt 0.048982 0.188785
vt 0.062715 0.195851
vt 0.427185 0.122496
vt 0.199316 0.248728
vt 0.200725 0.235923
vt 0.919244 0.200280
vt 0.940058 0.200280
vt 0.049909 0.197247
vt 0.063611 0.204066
vt 0.427185 0.101682
vt 0.419329 0.122496
vt 0.207074 0.249596
vt 0.208540 0.236796
vt 0.940058 0.207769
vt 0.050806 0.205474
vt 0.064479 0.211823
vt 0.419329 0.101682
vt 0.411916 0.122496
vt 0.214190 0.250441
vt 0.215776 0.237654
vt 0.919244 0.207769
vt 0.940058 0.214720
vt 0.051679 0.213289
vt 0.065323 0.218940
vt 0.405122 0.101682
vt 0.405122 0.122496
vt 0.220478 0.251267
vt 0.222250 0.238503
vt 0.919244 0.214720
vt 0.940058 0.220958
vt 0.052537 0.220525
vt 0.066149 0.225227
vt 0.399122 0.101682
vt 0.399122 0.122496
vt 0.226007 0.252089
vt 0.228017 0.239359
vt 0.919244 0.226535
vt 0.940058 0.226535
vt 0.053386 0.226999
vt 0.066971 0.230757
vt 0.393843 0.101682
vt 0.393843 0.122496
vt 0.231498 0.253023
vt 0.233820 0.240343
vt 0.919244 0.232177
vt 0.940058 0.232177
vt 0.054241 0.232766
vt 0.067905 0.236248
vt 0.388596 0.122496
vt 0.236921 0.254110
vt 0.239668 0.241509
vt 0.940058 0.237905
vt 0.055225 0.238570
vt 0.068992 0.241671
vt 0.388596 0.101682
vt 0.383404 0.122496
vt 0.242244 0.255396
vt 0.245540 0.242909
vt 0.919244 0.237905
vt 0.940058 0.243712
vt 0.056391 0.244418
vt 0.070278 0.246994
vt 0.383404 0.101682
vt 0.378286 0.122496
vt 0.247434 0.256934
vt 0.251427 0.244590
vt 0.919244 0.243712
vt 0.940058 0.249600
vt 0.057791 0.250289
vt 0.071816 0.252184
vt 0.373254 0.101682
vt 0.373253 0.122496
vt 0.252452 0.258800
vt 0.257356 0.246569
vt 0.919244 0.255580
vt 0.940058 0.255580
vt 0.059471 0.256177
vt 0.073681 0.257202
vt 0.368308 0.122496
vt 0.261995 0.248259
vt 0.940058 0.260120
vt 0.063140 0.266745
vt 0.075966 0.261945
vt 0.368308 0.101682
vt 0.363441 0.122496
vt 0.275215 0.257258
vt 0.264567 0.247657
vt 0.263369 0.248335
vt 0.062538 0.269316
vt 0.063649 0.285687
vt 0.070719 0.280402
vt 0.275696 0.258650
vt 0.269485 0.270756
vt 0.279236 0.262671
vt 0.615103 0.161684
vt 0.623421 0.182498
vt 0.623421 0.161684
vt 0.073532 0.280446
vt 0.085638 0.274235
vt 0.082045 0.270572
vt 0.353838 0.122496
vt 0.348986 0.101682
vt 0.348986 0.122496
vt 0.272651 0.274802
vt 0.283072 0.268089
vt 0.073703 0.161684
vt 0.080441 0.182497
vt 0.080441 0.161684
vt 0.077552 0.283985
vt 0.089683 0.277402
vt 0.344008 0.101682
vt 0.344008 0.122496
vt 0.286174 0.273888
vt 0.087196 0.161684
vt 0.088769 0.290924
vt 0.094185 0.280057
vt 0.338812 0.101682
vt 0.338812 0.122496
vt 0.275306 0.279304
vt 0.288763 0.280097
vt 0.094130 0.182497
vt 0.094130 0.161684
vt 0.094978 0.293514
vt 0.099375 0.282419
vt 0.332990 0.122496
vt 0.277668 0.284493
vt 0.290791 0.286070
vt 0.100674 0.161684
vt 0.100951 0.295542
vt 0.104533 0.284297
vt 0.327293 0.101682
vt 0.327293 0.122496
vt 0.279546 0.289652
vt 0.292377 0.291916
vt 0.100674 0.182497
vt 0.106999 0.161684
vt 0.106796 0.297128
vt 0.109632 0.285756
vt 0.321744 0.122496
vt 0.281005 0.294751
vt 0.293569 0.297597
vt 0.113085 0.182497
vt 0.113085 0.161684
vt 0.112477 0.298320
vt 0.114627 0.286846
vt 0.321744 0.101682
vt 0.316371 0.122496
vt 0.282094 0.299746
vt 0.294410 0.303078
vt 0.118908 0.161684
vt 0.117959 0.299161
vt 0.119470 0.287609
vt 0.311209 0.101682
vt 0.311209 0.122496
vt 0.282858 0.304589
vt 0.294942 0.308307
vt 0.118907 0.182497
vt 0.124437 0.161684
vt 0.123188 0.299694
vt 0.124111 0.288088
vt 0.306295 0.122496
vt 0.283337 0.309230
vt 0.295206 0.313245
vt 0.124437 0.182497
vt 0.129642 0.161684
vt 0.128126 0.299958
vt 0.128497 0.288324
vt 0.306295 0.101682
vt 0.301674 0.122496
vt 0.283573 0.313616
vt 0.295243 0.317847
vt 0.129642 0.182497
vt 0.134490 0.161684
vt 0.132728 0.299994
vt 0.132576 0.288356
vt 0.301674 0.101682
vt 0.297391 0.122496
vt 0.283472 0.321410
vt 0.295091 0.322071
vt 0.134490 0.182497
vt 0.138951 0.161684
vt 0.136292 0.288223
vt 0.297391 0.101682
vt 0.293493 0.122496
vt 0.283209 0.324709
vt 0.294785 0.325885
vt 0.138950 0.182497
vt 0.143002 0.161684
vt 0.136951 0.299843
vt 0.139590 0.287960
vt 0.293493 0.101682
vt 0.290032 0.122496
vt 0.282852 0.327541
vt 0.294356 0.329283
vt 0.143002 0.182498
vt 0.146642 0.161684
vt 0.140766 0.299537
vt 0.142422 0.287604
vt 0.290032 0.101682
vt 0.287059 0.122496
vt 0.293850 0.332111
vt 0.146642 0.182498
vt 0.149702 0.161684
vt 0.146991 0.298603
vt 0.144728 0.287194
vt 0.287059 0.101682
vt 0.284626 0.122496
vt 0.282443 0.329846
vt 0.292423 0.338636
vt 0.149702 0.182498
vt 0.156739 0.161684
vt 0.153517 0.297176
vt 0.150962 0.285828
vt 0.284626 0.101682
vt 0.277899 0.122496
vt 0.281077 0.336081
vt 0.290970 0.344949
vt 0.163538 0.182498
vt 0.163538 0.161684
vt 0.159829 0.295722
vt 0.157196 0.284382
vt 0.277899 0.101682
vt 0.271137 0.122496
vt 0.279630 0.342315
vt 0.289529 0.351137
vt 0.170204 0.161684
vt 0.166018 0.294282
vt 0.163400 0.282922
vt 0.271137 0.101682
vt 0.264405 0.122496
vt 0.278170 0.348518
vt 0.288168 0.357152
vt 0.170204 0.182498
vt 0.176666 0.161684
vt 0.172033 0.292921
vt 0.169529 0.281515
vt 0.257769 0.101682
vt 0.257769 0.122496
vt 0.276762 0.354648
vt 0.286951 0.362938
vt 0.176666 0.182498
vt 0.182846 0.161684
vt 0.177819 0.291704
vt 0.175536 0.280226
vt 0.251294 0.122496
vt 0.275473 0.360654
vt 0.285940 0.368425
vt 0.188664 0.182498
vt 0.188664 0.161684
vt 0.183306 0.290693
vt 0.181372 0.279122
vt 0.251295 0.101682
vt 0.245042 0.122496
vt 0.274369 0.366490
vt 0.285192 0.373534
vt 0.194030 0.182498
vt 0.194030 0.161684
vt 0.188415 0.289946
vt 0.186987 0.278267
vt 0.245042 0.101682
vt 0.239068 0.122496
vt 0.273514 0.372106
vt 0.284755 0.378177
vt 0.198848 0.161684
vt 0.193058 0.289508
vt 0.192328 0.277727
vt 0.233424 0.101682
vt 0.233424 0.122496
vt 0.272974 0.377447
vt 0.284653 0.382242
vt 0.198848 0.182498
vt 0.203012 0.161684
vt 0.197123 0.289406
vt 0.197340 0.277563
vt 0.228148 0.101682
vt 0.228148 0.122496
vt 0.272809 0.382458
vt 0.284876 0.385606
vt 0.203012 0.182498
vt 0.206414 0.161684
vt 0.200486 0.289629
vt 0.201961 0.277829
vt 0.223260 0.101682
vt 0.223260 0.122496
vt 0.273076 0.387080
vt 0.285350 0.388149
vt 0.206414 0.182498
vt 0.208955 0.161684
vt 0.203030 0.290103
vt 0.206136 0.278568
vt 0.218752 0.101682
vt 0.218752 0.122496
vt 0.275076 0.394988
vt 0.286125 0.390291
vt 0.208955 0.182498
vt 0.211136 0.161684
vt 0.209870 0.279830
vt 0.214575 0.122496
vt 0.276096 0.397098
vt 0.286697 0.391405
vt 0.212291 0.182498
vt 0.212291 0.161684
vt 0.205172 0.290879
vt 0.211980 0.280849
vt 0.214575 0.101682
vt 0.212106 0.122496
vt 0.287501 0.392803
vt 0.213867 0.161684
vt 0.207684 0.292255
vt 0.214028 0.282021
vt 0.209659 0.101682
vt 0.209659 0.122496
vt 0.277267 0.399147
vt 0.288374 0.394112
vt 0.215421 0.182498
vt 0.215421 0.161684
vt 0.208993 0.293127
vt 0.215980 0.283318
vt 0.207230 0.122496
vt 0.278564 0.401099
vt 0.289314 0.395343
vt 0.216956 0.182498
vt 0.216957 0.161684
vt 0.210225 0.294068
vt 0.217832 0.284729
vt 0.207230 0.101682
vt 0.204815 0.122496
vt 0.279976 0.402950
vt 0.290323 0.396500
vt 0.218477 0.161684
vt 0.211382 0.295077
vt 0.219580 0.286250
vt 0.202411 0.101682
vt 0.202411 0.122496
vt 0.281496 0.404698
vt 0.291399 0.397584
vt 0.219986 0.182498
vt 0.219986 0.161684
vt 0.212465 0.296153
vt 0.221221 0.287874
vt 0.200015 0.101682
vt 0.200015 0.122496
vt 0.283120 0.406340
vt 0.292541 0.398598
vt 0.221488 0.161684
vt 0.213479 0.297295
vt 0.222751 0.289598
vt 0.197622 0.122496
vt 0.284844 0.407870
vt 0.293749 0.399540
vt 0.221488 0.182498
vt 0.222986 0.161684
vt 0.214421 0.298503
vt 0.224166 0.291417
vt 0.197622 0.101682
vt 0.195230 0.122496
vt 0.286663 0.409285
vt 0.295019 0.400409
vt 0.222986 0.182498
vt 0.224485 0.161684
vt 0.215290 0.299772
vt 0.225459 0.293328
vt 0.192835 0.101682
vt 0.192835 0.122496
vt 0.288574 0.410578
vt 0.296348 0.401203
vt 0.225990 0.182498
vt 0.225990 0.161684
vt 0.216084 0.301102
vt 0.226626 0.295325
vt 0.190432 0.101682
vt 0.190432 0.122496
vt 0.290571 0.411745
vt 0.297734 0.401917
vt 0.227504 0.161684
vt 0.216798 0.302488
vt 0.227661 0.297403
vt 0.188018 0.122496
vt 0.292648 0.412780
vt 0.299153 0.402538
vt 0.229013 0.182498
vt 0.229013 0.161684
vt 0.217419 0.303907
vt 0.228559 0.299551
vt 0.188018 0.101682
vt 0.185589 0.122496
vt 0.294797 0.413678
vt 0.300824 0.403126
vt 0.230780 0.161684
vt 0.218007 0.305578
vt 0.229395 0.302013
vt 0.185589 0.101682
vt 0.182871 0.122496
vt 0.299798 0.415183
vt 0.302562 0.403604
vt 0.232591 0.182498
vt 0.232591 0.161684
vt 0.230064 0.304552
vt 0.180117 0.101682
vt 0.180117 0.122496
vt 0.302424 0.415693
vt 0.304415 0.403981
vt 0.234499 0.161684
vt 0.218485 0.307316
vt 0.230574 0.307178
vt 0.177309 0.101682
vt 0.177309 0.122496
vt 0.305143 0.416046
vt 0.306403 0.404254
vt 0.236532 0.182498
vt 0.236532 0.161684
vt 0.218862 0.309170
vt 0.230927 0.309897
vt 0.174429 0.122496
vt 0.307960 0.416244
vt 0.308540 0.404420
vt 0.238714 0.182498
vt 0.238714 0.161684
vt 0.219135 0.311157
vt 0.231125 0.312715
vt 0.174429 0.101682
vt 0.171461 0.122496
vt 0.310882 0.416291
vt 0.310836 0.404471
vt 0.241062 0.182498
vt 0.241062 0.161684
vt 0.219300 0.313294
vt 0.231172 0.315637
vt 0.171461 0.101682
vt 0.168388 0.122496
vt 0.313915 0.416190
vt 0.313301 0.404402
vt 0.243591 0.161684
vt 0.219351 0.315591
vt 0.231071 0.318669
vt 0.165199 0.101682
vt 0.165199 0.122496
vt 0.317062 0.415942
vt 0.315940 0.404208
vt 0.243591 0.182498
vt 0.246313 0.161684
vt 0.219282 0.318056
vt 0.230823 0.321818
vt 0.161879 0.101682
vt 0.161879 0.122496
vt 0.320332 0.415552
vt 0.318754 0.403885
vt 0.249237 0.182498
vt 0.249237 0.161684
vt 0.219088 0.320694
vt 0.230432 0.325086
vt 0.158419 0.101682
vt 0.158419 0.122496
vt 0.323727 0.415020
vt 0.321748 0.403430
vt 0.252369 0.182498
vt 0.252369 0.161684
vt 0.218765 0.323508
vt 0.229900 0.328482
vt 0.154807 0.122496
vt 0.327254 0.414347
vt 0.324923 0.402841
vt 0.255714 0.161684
vt 0.218310 0.326503
vt 0.229227 0.332008
vt 0.154807 0.101682
vt 0.151034 0.122496
vt 0.328089 0.402160
vt 0.259059 0.182498
vt 0.259059 0.161684
vt 0.217039 0.332843
vt 0.228413 0.335651
vt 0.151034 0.101682
vt 0.147093 0.122496
vt 0.330896 0.413533
vt 0.332215 0.401030
vt 0.263477 0.182498
vt 0.263478 0.161684
vt 0.215910 0.336969
vt 0.227040 0.340530
vt 0.141700 0.101682
vt 0.141700 0.122496
vt 0.340297 0.410507
vt 0.335917 0.399687
vt 0.267539 0.182498
vt 0.267539 0.161684
vt 0.225387 0.345051
vt 0.136558 0.101682
vt 0.136558 0.122496
vt 0.344554 0.408617
vt 0.339501 0.398089
vt 0.271593 0.161684
vt 0.214567 0.340672
vt 0.223497 0.349308
vt 0.131599 0.101682
vt 0.131599 0.122496
vt 0.348610 0.406545
vt 0.343052 0.396255
vt 0.271593 0.182498
vt 0.275734 0.161684
vt 0.212969 0.344255
vt 0.221424 0.353365
vt 0.126771 0.101682
vt 0.126771 0.122496
vt 0.352527 0.404347
vt 0.346646 0.394213
vt 0.275734 0.182498
vt 0.280029 0.161684
vt 0.211135 0.347806
vt 0.219226 0.357281
vt 0.122038 0.101682
vt 0.122038 0.122496
vt 0.356365 0.402086
vt 0.350351 0.392002
vt 0.280029 0.182498
vt 0.284526 0.161684
vt 0.209092 0.351400
vt 0.216965 0.361119
vt 0.117375 0.122496
vt 0.360182 0.399825
vt 0.354235 0.389680
vt 0.289255 0.182498
vt 0.289255 0.161684
vt 0.206881 0.355105
vt 0.214704 0.364936
vt 0.117374 0.101682
vt 0.112762 0.122496
vt 0.364036 0.397632
vt 0.358366 0.387322
vt 0.294241 0.161684
vt 0.204559 0.358989
vt 0.212510 0.368789
vt 0.112761 0.101682
vt 0.108180 0.122496
vt 0.367983 0.395571
vt 0.362808 0.385020
vt 0.294241 0.182498
vt 0.299506 0.161684
vt 0.202201 0.363120
vt 0.210450 0.372736
vt 0.103606 0.101682
vt 0.103606 0.122496
vt 0.372077 0.393711
vt 0.367607 0.382865
vt 0.305066 0.182498
vt 0.305066 0.161684
vt 0.199899 0.367562
vt 0.208589 0.376831
vt 0.099003 0.101682
vt 0.099003 0.122496
vt 0.376371 0.392115
vt 0.372804 0.381003
vt 0.310938 0.182498
vt 0.310938 0.161684
vt 0.197744 0.372360
vt 0.206993 0.381125
vt 0.094321 0.122496
vt 0.378078 0.379399
vt 0.316890 0.161684
vt 0.194278 0.382831
vt 0.205720 0.385659
vt 0.094321 0.101682
vt 0.089487 0.122496
vt 0.380905 0.390841
vt 0.382543 0.378268
vt 0.321855 0.182498
vt 0.321855 0.161684
vt 0.193146 0.387296
vt 0.204725 0.390436
vt 0.089487 0.101682
vt 0.084440 0.122496
vt 0.395458 0.369798
vt 0.383008 0.375963
vt 0.383763 0.377320
vt 0.178709 0.391130
vt 0.182464 0.377173
vt 0.173107 0.384105
vt 0.970868 0.394053
vt 0.991681 0.382854
vt 0.970868 0.382854
vt 0.066522 0.101683
vt 0.079619 0.122496
vt 0.079618 0.101683
vt 0.191500 0.416968
vt 0.203098 0.407875
vt 0.188712 0.408655
vt 0.056944 0.101683
vt 0.066522 0.122496
vt 0.184676 0.400210
vt 0.403122 0.388221
vt 0.403902 0.373834
vt 0.412216 0.376623
vt 0.054925 0.276675
vt 0.058723 0.290784
vt 0.970868 0.412500
vt 0.991681 0.403466
vt 0.970868 0.403466
vt 0.940058 0.314278
vt 0.919244 0.330113
vt 0.940058 0.330113
vt 0.940058 0.348632
vt 0.919244 0.348632
vt 0.940058 0.370190
vt 0.008837 0.384432
vt 0.021124 0.398132
vt 0.026332 0.390611
vt 0.353838 0.101682
vt 0.363441 0.101682
vt 0.919244 0.261442
vt 0.940058 0.271310
vt 0.940058 0.261442
vt 0.063216 0.268119
vt 0.072139 0.279965
vt 0.271925 0.240044
vt 0.286035 0.243843
vt 0.278129 0.234498
vt 0.608108 0.161684
vt 0.599711 0.182498
vt 0.608108 0.182498
vt 0.615103 0.182498
vt 0.049379 0.282878
vt 0.053592 0.297413
vt 0.919244 0.279571
vt 0.940058 0.279571
vt 0.599711 0.161684
vt 0.589562 0.182498
vt 0.292664 0.238712
vt 0.285788 0.228743
vt 0.037751 0.300011
vt 0.048231 0.305931
vt 0.919244 0.289313
vt 0.940058 0.289313
vt 0.589562 0.161684
vt 0.577311 0.182498
vt 0.295262 0.222870
vt 0.031801 0.311654
vt 0.042700 0.316718
vt 0.919244 0.300785
vt 0.940058 0.300785
vt 0.577311 0.161684
vt 0.562606 0.182498
vt 0.301182 0.233351
vt 0.306905 0.216921
vt 0.025820 0.325817
vt 0.037074 0.330132
vt 0.545094 0.161684
vt 0.545093 0.182498
vt 0.311969 0.227820
vt 0.321068 0.210940
vt 0.019831 0.342879
vt 0.031407 0.346541
vt 0.524424 0.161684
vt 0.524424 0.182497
vt 0.325384 0.222194
vt 0.338131 0.204952
vt 0.013850 0.363284
vt 0.025661 0.366190
vt 0.520064 0.161684
vt 0.520063 0.182497
vt 0.341793 0.216529
vt 0.358536 0.198972
vt 0.919244 0.391761
vt 0.940058 0.401095
vt 0.940058 0.391761
vt 0.991681 0.373843
vt 0.970868 0.373843
vt 0.166195 0.375799
vt 0.192198 0.388517
vt 0.190841 0.387761
vt 0.386378 0.363830
vt 0.372420 0.367586
vt 0.970868 0.362706
vt 0.371046 0.351316
vt 0.363124 0.360052
vt 0.337029 0.161684
vt 0.349576 0.182498
vt 0.349576 0.161684
vt 0.174931 0.367877
vt 0.158348 0.368040
vt 0.991681 0.362706
vt 0.970868 0.351468
vt 0.363287 0.343469
vt 0.354375 0.351364
vt 0.362454 0.161684
vt 0.166243 0.359128
vt 0.149590 0.361191
vt 0.991681 0.340230
vt 0.970868 0.340230
vt 0.356439 0.334711
vt 0.346536 0.341453
vt 0.362454 0.182498
vt 0.375591 0.161684
vt 0.156332 0.351289
vt 0.139894 0.355541
vt 0.991681 0.328953
vt 0.970868 0.328953
vt 0.350789 0.325014
vt 0.339956 0.330274
vt 0.389024 0.182498
vt 0.389024 0.161684
vt 0.145154 0.344708
vt 0.129163 0.351333
vt 0.970868 0.317423
vt 0.346582 0.314283
vt 0.334984 0.317785
vt 0.402920 0.182498
vt 0.402920 0.161684
vt 0.118719 0.336671
vt 0.117119 0.348777
vt 0.991681 0.305160
vt 0.970868 0.305160
vt 0.331919 0.303839
vt 0.417585 0.161684
vt 0.104933 0.335858
vt 0.105212 0.348229
vt 0.970868 0.293397
vt 0.344026 0.302239
vt 0.331107 0.290054
vt 0.417585 0.182498
vt 0.431616 0.161684
vt 0.091274 0.337278
vt 0.093410 0.349499
vt 0.991681 0.281822
vt 0.970868 0.281822
vt 0.343478 0.290332
vt 0.332528 0.276394
vt 0.431616 0.182497
vt 0.445286 0.161684
vt 0.078148 0.340475
vt 0.081860 0.352362
vt 0.991681 0.270293
vt 0.970868 0.270293
vt 0.344748 0.278531
vt 0.335725 0.263269
vt 0.445286 0.182497
vt 0.458742 0.161684
vt 0.065643 0.345201
vt 0.070700 0.356600
vt 0.991681 0.258752
vt 0.970868 0.258752
vt 0.347611 0.266981
vt 0.340451 0.250764
vt 0.458742 0.182497
vt 0.472044 0.161684
vt 0.053887 0.351191
vt 0.060092 0.361992
vt 0.991681 0.247240
vt 0.970868 0.247240
vt 0.351850 0.255822
vt 0.346442 0.239008
vt 0.472044 0.182497
vt 0.485178 0.161684
vt 0.043023 0.358166
vt 0.050205 0.368298
vt 0.991681 0.235869
vt 0.970868 0.235869
vt 0.357243 0.245213
vt 0.353417 0.228144
vt 0.485178 0.182497
vt 0.498072 0.161684
vt 0.033239 0.365806
vt 0.041195 0.375270
vt 0.991681 0.224804
vt 0.970868 0.224804
vt 0.363549 0.235327
vt 0.361058 0.218360
vt 0.510616 0.182497
vt 0.510616 0.161684
vt 0.027054 0.371505
vt 0.033334 0.382613
vt 0.970868 0.214247
vt 0.370521 0.226317
vt 0.366756 0.212176
vt 0.519282 0.182497
vt 0.519282 0.161684
vt 0.991681 0.214247
vt 0.970868 0.204430
vt 0.991681 0.204430
vt 0.970868 0.195610
vt 0.991681 0.394053
vt 0.991681 0.185667
vt 0.970868 0.185667
vt 0.919244 0.401095
vt 0.940058 0.412505
vt 0.919244 0.379486
vt 0.940058 0.379486
vt 0.388837 0.191836
vt 0.402632 0.201808
vt 0.400011 0.189340
vt 0.393384 0.206247
vt 0.379684 0.193958
vt 0.385862 0.211454
vt 0.280938 0.248768
vt 0.275652 0.255838
vt 0.322741 0.182498
vt 0.322741 0.161684
vt 0.365602 0.210047
vt 0.361442 0.210782
vt 0.367349 0.196848
vt 0.367532 0.210362
vt 0.024926 0.370350
vt 0.919244 0.370190
vt 0.006714 0.393585
vt 0.016686 0.407380
vt 0.025240 0.372280
vt 0.090301 0.189238
vt 0.101592 0.188840
vt 0.068485 0.161684
vt 0.073703 0.182497
vt 0.101682 0.187637
vt 0.102015 0.188314
vt 0.102318 0.187933
vt 0.101566 0.188261
vt 0.102751 0.188488
vt 0.102165 0.188740
vt 0.002523 0.106430
vt 0.003200 0.106762
vt 0.003147 0.106314
vt 0.003374 0.107499
vt 0.002819 0.107066
vt 0.003726 0.106340
vt 0.003625 0.106913
vt 0.002954 0.094825
vt 0.003637 0.094571
vt 0.003291 0.094234
vt 0.003548 0.095002
vt 0.003877 0.093869
vt 0.004069 0.094477
vt 0.090077 0.188067
vt 0.089823 0.188751
vt 0.090254 0.188662
vt 0.089121 0.188991
vt 0.089487 0.188405
vt 0.089729 0.189183
vt 0.262382 0.246952
vt 0.263206 0.247621
vt 0.263047 0.246933
vt 0.262244 0.247604
vt 0.264062 0.247185
vt 0.263653 0.246660
vt 0.061834 0.267131
vt 0.062503 0.267955
vt 0.062486 0.266993
vt 0.061541 0.268403
vt 0.061815 0.267797
vt 0.062066 0.268811
vt 0.276883 0.256503
vt 0.275974 0.257245
vt 0.276697 0.257244
vt 0.276233 0.256228
vt 0.276244 0.258244
vt 0.276847 0.257972
vt 0.071384 0.281633
vt 0.072126 0.280723
vt 0.071109 0.280983
vt 0.072852 0.281597
vt 0.072125 0.281447
vt 0.073125 0.280994
vt 0.382360 0.377712
vt 0.382300 0.377032
vt 0.382050 0.377230
vt 0.382833 0.377134
vt 0.382615 0.376408
vt 0.382127 0.376751
vt 0.191910 0.387052
vt 0.192591 0.387113
vt 0.192108 0.386803
vt 0.191287 0.387368
vt 0.191630 0.386880
vt 0.192012 0.387586
vt 0.366275 0.211798
vt 0.365839 0.211287
vt 0.365723 0.211551
vt 0.366363 0.211005
vt 0.365657 0.210647
vt 0.365563 0.211232
vt 0.026165 0.370588
vt 0.026677 0.371023
vt 0.026429 0.370471
vt 0.025526 0.370405
vt 0.026110 0.370311
vt 0.025883 0.371111
vt 0.102929 0.192701
vt 0.103576 0.192586
vt 0.089403 0.193822
vt 0.919244 0.085363
vt 0.919244 0.085990
vt 0.940058 0.085363
vt 0.919244 0.084735
vt 0.007472 0.108323
vt 0.007587 0.107677
vt 0.008708 0.094151
vt 0.555697 0.122496
vt 0.555697 0.101683
vt 0.556313 0.101683
vt 0.103612 0.197021
vt 0.104257 0.196909
vt 0.088778 0.193822
vt 0.089748 0.198922
vt 0.011795 0.109005
vt 0.011907 0.108359
vt 0.013808 0.094496
vt 0.008708 0.093525
vt 0.104303 0.200666
vt 0.104943 0.200525
vt 0.089114 0.198993
vt 0.090469 0.203513
vt 0.015410 0.109691
vt 0.015552 0.109051
vt 0.018399 0.095217
vt 0.013879 0.093861
vt 0.105069 0.203672
vt 0.105698 0.203485
vt 0.089837 0.203639
vt 0.091460 0.207602
vt 0.018371 0.110445
vt 0.018558 0.109817
vt 0.022488 0.096208
vt 0.018525 0.094585
vt 0.105902 0.206110
vt 0.106510 0.205872
vt 0.090838 0.207782
vt 0.092675 0.211223
vt 0.020758 0.111258
vt 0.020996 0.110650
vt 0.026110 0.097423
vt 0.022668 0.095586
vt 0.106782 0.208081
vt 0.107360 0.207790
vt 0.092071 0.211459
vt 0.094085 0.214426
vt 0.094665 0.214135
vt 0.022676 0.112108
vt 0.022967 0.111530
vt 0.029312 0.098833
vt 0.026345 0.096819
vt 0.107701 0.209715
vt 0.095128 0.217604
vt 0.093507 0.214714
vt 0.095680 0.217259
vt 0.024600 0.112449
vt 0.032146 0.100428
vt 0.032490 0.099876
vt 0.029601 0.098256
vt 0.108692 0.211135
vt 0.108252 0.209367
vt 0.096916 0.220180
vt 0.097435 0.219785
vt 0.024253 0.113000
vt 0.026021 0.113440
vt 0.034671 0.102183
vt 0.035066 0.101665
vt 0.109800 0.212453
vt 0.109209 0.210738
vt 0.098852 0.222489
vt 0.099335 0.222051
vt 0.025624 0.113958
vt 0.027339 0.114549
vt 0.036936 0.104084
vt 0.037375 0.103600
vt 0.111082 0.213748
vt 0.110283 0.212012
vt 0.100914 0.224579
vt 0.101363 0.224105
vt 0.026898 0.115031
vt 0.028634 0.115830
vt 0.038991 0.106112
vt 0.039465 0.105662
vt 0.112585 0.215075
vt 0.111531 0.213273
vt 0.103080 0.226496
vt 0.103501 0.225995
vt 0.028158 0.116280
vt 0.029960 0.117333
vt 0.040881 0.108250
vt 0.041382 0.107829
vt 0.114341 0.216469
vt 0.113005 0.214573
vt 0.105329 0.228286
vt 0.105728 0.227766
vt 0.029459 0.117754
vt 0.031355 0.119089
vt 0.042653 0.110477
vt 0.043172 0.110078
vt 0.116173 0.217823
vt 0.114739 0.215950
vt 0.107547 0.229924
vt 0.107928 0.229389
vt 0.030836 0.119487
vt 0.032709 0.120921
vt 0.033242 0.120541
vt 0.044275 0.112677
vt 0.044810 0.112295
vt 0.117866 0.218989
vt 0.118228 0.218444
vt 0.116553 0.217289
vt 0.110010 0.230824
vt 0.033330 0.122976
vt 0.032175 0.121302
vt 0.033875 0.122615
vt 0.045710 0.114758
vt 0.119405 0.219970
vt 0.119745 0.219412
vt 0.109648 0.231371
vt 0.112001 0.232092
vt 0.034298 0.124494
vt 0.034855 0.124153
vt 0.046978 0.116750
vt 0.046256 0.114397
vt 0.120833 0.220803
vt 0.121150 0.220233
vt 0.111661 0.232651
vt 0.113933 0.233217
vt 0.035118 0.125899
vt 0.035688 0.125582
vt 0.048103 0.118682
vt 0.047537 0.116410
vt 0.122205 0.221526
vt 0.122496 0.220945
vt 0.113616 0.233789
vt 0.115837 0.234224
vt 0.116129 0.233641
vt 0.035831 0.127245
vt 0.036411 0.126953
vt 0.049110 0.120586
vt 0.048675 0.118365
vt 0.123582 0.222182
vt 0.117479 0.235728
vt 0.115544 0.234807
vt 0.117748 0.235132
vt 0.037068 0.128331
vt 0.050018 0.122497
vt 0.050614 0.122227
vt 0.049693 0.120293
vt 0.125033 0.222803
vt 0.123850 0.221588
vt 0.119452 0.236574
vt 0.119699 0.235968
vt 0.036473 0.128599
vt 0.037688 0.129781
vt 0.050853 0.124448
vt 0.051460 0.124201
vt 0.126617 0.223414
vt 0.125279 0.222198
vt 0.121496 0.237365
vt 0.121723 0.236750
vt 0.037083 0.130027
vt 0.038300 0.131366
vt 0.051636 0.126472
vt 0.052250 0.126245
vt 0.128387 0.224037
vt 0.126843 0.222801
vt 0.123641 0.238121
vt 0.123852 0.237501
vt 0.037686 0.131592
vt 0.038923 0.133136
vt 0.052386 0.128601
vt 0.053006 0.128390
vt 0.130383 0.224687
vt 0.128597 0.223418
vt 0.125920 0.238864
vt 0.126118 0.238239
vt 0.038303 0.133346
vt 0.039572 0.135132
vt 0.053124 0.130867
vt 0.053749 0.130669
vt 0.132636 0.225376
vt 0.130580 0.224063
vt 0.128365 0.239612
vt 0.128553 0.238984
vt 0.038948 0.135329
vt 0.040261 0.137385
vt 0.040889 0.137198
vt 0.053869 0.133302
vt 0.054498 0.133114
vt 0.134897 0.226037
vt 0.135069 0.225403
vt 0.132823 0.224748
vt 0.131176 0.239749
vt 0.040288 0.139818
vt 0.039633 0.137572
vt 0.040922 0.139646
vt 0.054634 0.135925
vt 0.139439 0.227168
vt 0.139582 0.226529
vt 0.131006 0.240379
vt 0.136357 0.241041
vt 0.136499 0.240405
vt 0.041414 0.144331
vt 0.042053 0.144188
vt 0.055926 0.141106
vt 0.055265 0.135755
vt 0.145059 0.228282
vt 0.142438 0.242905
vt 0.136216 0.241676
vt 0.142554 0.242263
vt 0.043167 0.149808
vt 0.057147 0.147303
vt 0.057790 0.147187
vt 0.056561 0.140965
vt 0.151744 0.229387
vt 0.145176 0.227636
vt 0.149503 0.244068
vt 0.149602 0.243422
vt 0.042521 0.149925
vt 0.044271 0.156493
vt 0.058307 0.154351
vt 0.058952 0.154252
vt 0.159214 0.230459
vt 0.151844 0.228738
vt 0.157225 0.245173
vt 0.157313 0.244526
vt 0.043623 0.156593
vt 0.045343 0.163963
vt 0.059410 0.162062
vt 0.060057 0.161974
vt 0.167236 0.231493
vt 0.159303 0.229809
vt 0.165418 0.246227
vt 0.165499 0.245578
vt 0.044694 0.164052
vt 0.046377 0.171985
vt 0.060463 0.170248
vt 0.061111 0.170168
vt 0.175601 0.232489
vt 0.167317 0.230843
vt 0.173897 0.247235
vt 0.173972 0.246586
vt 0.045727 0.172066
vt 0.047373 0.180350
vt 0.061470 0.178721
vt 0.062119 0.178646
vt 0.184108 0.233449
vt 0.175676 0.231839
vt 0.182472 0.248202
vt 0.182545 0.247552
vt 0.046723 0.180425
vt 0.048332 0.188858
vt 0.062436 0.187294
vt 0.063086 0.187222
vt 0.192569 0.234376
vt 0.184181 0.232799
vt 0.190960 0.249132
vt 0.191031 0.248482
vt 0.047682 0.188930
vt 0.049259 0.197318
vt 0.063365 0.195781
vt 0.064015 0.195710
vt 0.200797 0.235273
vt 0.192640 0.233726
vt 0.199173 0.250028
vt 0.199244 0.249378
vt 0.048609 0.197389
vt 0.050157 0.205546
vt 0.064261 0.203994
vt 0.064911 0.203922
vt 0.208614 0.236148
vt 0.200868 0.234624
vt 0.206924 0.250896
vt 0.206999 0.250246
vt 0.049507 0.205617
vt 0.051031 0.213363
vt 0.065129 0.211749
vt 0.065779 0.211673
vt 0.215857 0.237006
vt 0.208689 0.235499
vt 0.214028 0.251740
vt 0.214109 0.251091
vt 0.050381 0.213438
vt 0.051889 0.220606
vt 0.065973 0.218859
vt 0.066623 0.218778
vt 0.222340 0.237857
vt 0.215938 0.236358
vt 0.220296 0.252565
vt 0.220387 0.251916
vt 0.051241 0.220687
vt 0.052740 0.227089
vt 0.066798 0.225137
vt 0.067447 0.225046
vt 0.228119 0.238715
vt 0.222431 0.237210
vt 0.225800 0.253385
vt 0.225904 0.252737
vt 0.052093 0.227180
vt 0.053597 0.232869
vt 0.067619 0.230653
vt 0.068267 0.230550
vt 0.233939 0.239702
vt 0.228222 0.238070
vt 0.231259 0.254315
vt 0.231379 0.253669
vt 0.052952 0.232971
vt 0.054584 0.238688
vt 0.068551 0.236129
vt 0.069197 0.236009
vt 0.239808 0.240872
vt 0.234057 0.239060
vt 0.236637 0.255395
vt 0.236780 0.254753
vt 0.053942 0.238806
vt 0.055754 0.244557
vt 0.069635 0.241529
vt 0.070277 0.241387
vt 0.245705 0.242278
vt 0.239947 0.240235
vt 0.241902 0.256669
vt 0.242073 0.256033
vt 0.055117 0.244696
vt 0.057159 0.250454
vt 0.070915 0.246823
vt 0.071551 0.246652
vt 0.251621 0.243964
vt 0.245870 0.241645
vt 0.247016 0.258188
vt 0.247225 0.257562
vt 0.056527 0.250620
vt 0.058846 0.256370
vt 0.072443 0.251975
vt 0.073070 0.251766
vt 0.257572 0.245948
vt 0.251814 0.243338
vt 0.251934 0.260016
vt 0.252191 0.259412
vt 0.058220 0.256563
vt 0.060830 0.262322
vt 0.061451 0.262106
vt 0.074294 0.256941
vt 0.074898 0.256683
vt 0.257787 0.245323
vt 0.256901 0.261683
vt 0.257195 0.261084
vt 0.060204 0.262537
vt 0.919244 0.260781
vt 0.940058 0.260781
vt 0.919244 0.260120
vt 0.076564 0.261651
vt 0.256584 0.262264
vt 0.265378 0.267638
vt 0.265823 0.267164
vt 0.068485 0.182497
vt 0.067835 0.161684
vt 0.067835 0.182497
vt 0.624071 0.182498
vt 0.082520 0.270128
vt 0.077145 0.261334
vt 0.279725 0.262285
vt 0.268545 0.271606
vt 0.264948 0.268134
vt 0.269013 0.271182
vt 0.077166 0.284475
vt 0.086063 0.273763
vt 0.086487 0.273295
vt 0.083016 0.269698
vt 0.283604 0.267761
vt 0.280231 0.261884
vt 0.271634 0.275500
vt 0.272138 0.275153
vt 0.076765 0.284981
vt 0.082642 0.288354
vt 0.082970 0.287822
vt 0.090034 0.276889
vt 0.090381 0.276385
vt 0.286729 0.273625
vt 0.287285 0.273361
vt 0.284127 0.267439
vt 0.274770 0.279584
vt 0.088242 0.292036
vt 0.082320 0.288878
vt 0.088505 0.291480
vt 0.094465 0.279520
vt 0.289333 0.279882
vt 0.289903 0.279667
vt 0.274235 0.279865
vt 0.277117 0.284719
vt 0.094548 0.294654
vt 0.094763 0.294084
vt 0.099600 0.281868
vt 0.094746 0.278985
vt 0.291368 0.285894
vt 0.291946 0.285718
vt 0.276568 0.284945
vt 0.278985 0.289834
vt 0.100598 0.296697
vt 0.100774 0.296119
vt 0.104715 0.283736
vt 0.099826 0.281318
vt 0.292961 0.291775
vt 0.293544 0.291635
vt 0.278426 0.290016
vt 0.280437 0.294894
vt 0.106516 0.298295
vt 0.106656 0.297712
vt 0.109775 0.285187
vt 0.104897 0.283177
vt 0.294158 0.297490
vt 0.294747 0.297383
vt 0.279869 0.295037
vt 0.281519 0.299853
vt 0.112263 0.299498
vt 0.112370 0.298909
vt 0.114735 0.286270
vt 0.109918 0.284620
vt 0.295002 0.303002
vt 0.295595 0.302927
vt 0.280946 0.299961
vt 0.282278 0.304665
vt 0.117808 0.300346
vt 0.117883 0.299753
vt 0.119546 0.287029
vt 0.114842 0.285697
vt 0.295537 0.308261
vt 0.296131 0.308214
vt 0.281699 0.304740
vt 0.282753 0.309276
vt 0.123095 0.300883
vt 0.123141 0.300288
vt 0.124157 0.287505
vt 0.119621 0.286451
vt 0.295802 0.313227
vt 0.296398 0.313208
vt 0.282172 0.309321
vt 0.282987 0.313634
vt 0.128089 0.301149
vt 0.128107 0.300554
vt 0.128515 0.287738
vt 0.124202 0.286923
vt 0.295838 0.317855
vt 0.296436 0.317864
vt 0.282403 0.313652
vt 0.283019 0.317686
vt 0.283605 0.317695
vt 0.132745 0.301187
vt 0.132736 0.300589
vt 0.132567 0.287770
vt 0.128532 0.287154
vt 0.295684 0.322106
vt 0.282301 0.321343
vt 0.282433 0.317678
vt 0.282885 0.321377
vt 0.136986 0.300436
vt 0.136258 0.287637
vt 0.136224 0.287052
vt 0.132559 0.287184
vt 0.295375 0.325946
vt 0.296278 0.322140
vt 0.282041 0.324590
vt 0.282624 0.324649
vt 0.137021 0.301030
vt 0.140827 0.300127
vt 0.139531 0.287376
vt 0.139471 0.286793
vt 0.294942 0.329373
vt 0.295966 0.326007
vt 0.281692 0.327365
vt 0.282270 0.327453
vt 0.140888 0.300718
vt 0.144253 0.299694
vt 0.144164 0.299108
vt 0.142334 0.287021
vt 0.142246 0.286443
vt 0.294431 0.332226
vt 0.295013 0.332341
vt 0.295526 0.329462
vt 0.281866 0.329732
vt 0.147222 0.299765
vt 0.144342 0.300277
vt 0.147107 0.299183
vt 0.144613 0.286618
vt 0.293001 0.338766
vt 0.293580 0.338896
vt 0.281290 0.329618
vt 0.280504 0.335952
vt 0.153777 0.298333
vt 0.153647 0.297754
vt 0.150833 0.285256
vt 0.144499 0.286042
vt 0.291547 0.345082
vt 0.292124 0.345216
vt 0.279931 0.335822
vt 0.279057 0.342180
vt 0.160097 0.296877
vt 0.159963 0.296299
vt 0.157062 0.283809
vt 0.150704 0.284683
vt 0.290106 0.351270
vt 0.290684 0.351403
vt 0.278485 0.342047
vt 0.277596 0.348385
vt 0.166284 0.295436
vt 0.166151 0.294859
vt 0.163266 0.282348
vt 0.156928 0.283237
vt 0.288747 0.357278
vt 0.289326 0.357405
vt 0.277021 0.348251
vt 0.276186 0.354519
vt 0.172286 0.294078
vt 0.172159 0.293499
vt 0.169400 0.280938
vt 0.163133 0.281774
vt 0.287532 0.363053
vt 0.288115 0.363167
vt 0.275608 0.354391
vt 0.274892 0.360537
vt 0.178048 0.292867
vt 0.177934 0.292285
vt 0.175418 0.279645
vt 0.169272 0.280361
vt 0.286525 0.368521
vt 0.287111 0.368618
vt 0.274311 0.360419
vt 0.273783 0.366390
vt 0.183499 0.291864
vt 0.183402 0.291278
vt 0.181272 0.278536
vt 0.175301 0.279063
vt 0.285782 0.373605
vt 0.286372 0.373675
vt 0.273195 0.366290
vt 0.272922 0.372031
vt 0.188557 0.291125
vt 0.188486 0.290535
vt 0.186912 0.277675
vt 0.181171 0.277948
vt 0.285348 0.378212
vt 0.285944 0.378246
vt 0.272328 0.371955
vt 0.272376 0.377407
vt 0.193127 0.290697
vt 0.193093 0.290101
vt 0.192289 0.277129
vt 0.186837 0.277081
vt 0.285249 0.382229
vt 0.285847 0.382215
vt 0.271775 0.377367
vt 0.272208 0.382466
vt 0.197095 0.290600
vt 0.197110 0.290002
vt 0.197348 0.276961
vt 0.192248 0.276529
vt 0.285470 0.385528
vt 0.286066 0.385449
vt 0.271603 0.382474
vt 0.272476 0.387151
vt 0.200330 0.290819
vt 0.200408 0.290224
vt 0.202032 0.277229
vt 0.197355 0.276356
vt 0.285941 0.387986
vt 0.286515 0.387824
vt 0.271873 0.387222
vt 0.273225 0.391405
vt 0.273815 0.391254
vt 0.202705 0.291268
vt 0.202866 0.290694
vt 0.206287 0.277978
vt 0.202103 0.276626
vt 0.286696 0.390040
vt 0.273941 0.395449
vt 0.272638 0.391555
vt 0.274512 0.395218
vt 0.204921 0.291449
vt 0.210099 0.279265
vt 0.210330 0.278695
vt 0.206436 0.277391
vt 0.287246 0.391121
vt 0.287265 0.389776
vt 0.275001 0.397673
vt 0.275553 0.397384
vt 0.204657 0.292018
vt 0.206001 0.292000
vt 0.206285 0.291450
vt 0.212265 0.280306
vt 0.212554 0.279754
vt 0.288022 0.392484
vt 0.288540 0.392169
vt 0.287806 0.390843
vt 0.276744 0.399471
vt 0.207050 0.293293
vt 0.205723 0.292560
vt 0.207365 0.292776
vt 0.214352 0.281497
vt 0.288868 0.393761
vt 0.289359 0.393412
vt 0.276217 0.399797
vt 0.278063 0.401456
vt 0.208293 0.294112
vt 0.208642 0.293622
vt 0.216337 0.282817
vt 0.214678 0.280971
vt 0.289784 0.394961
vt 0.290249 0.394581
vt 0.277560 0.401816
vt 0.279499 0.403339
vt 0.209462 0.295003
vt 0.209842 0.294537
vt 0.218220 0.284253
vt 0.216697 0.282313
vt 0.290767 0.396088
vt 0.291207 0.395677
vt 0.279020 0.403730
vt 0.281046 0.405117
vt 0.210558 0.295960
vt 0.210969 0.295521
vt 0.219998 0.285799
vt 0.218611 0.283774
vt 0.291816 0.397142
vt 0.292229 0.396701
vt 0.280593 0.405538
vt 0.282698 0.406786
vt 0.211582 0.296983
vt 0.212023 0.296570
vt 0.221668 0.287451
vt 0.220419 0.285347
vt 0.292932 0.398128
vt 0.293318 0.397659
vt 0.282273 0.407236
vt 0.284451 0.408343
vt 0.212540 0.298072
vt 0.213009 0.297685
vt 0.223224 0.289205
vt 0.222117 0.287026
vt 0.294111 0.399044
vt 0.294469 0.398550
vt 0.284057 0.408819
vt 0.286303 0.409782
vt 0.213431 0.299223
vt 0.213925 0.298864
vt 0.224664 0.291057
vt 0.223700 0.288810
vt 0.295350 0.399890
vt 0.295679 0.399374
vt 0.285940 0.410283
vt 0.288247 0.411098
vt 0.214254 0.300433
vt 0.214771 0.300104
vt 0.225979 0.293001
vt 0.225164 0.290694
vt 0.296648 0.400664
vt 0.296945 0.400128
vt 0.287919 0.411622
vt 0.290280 0.412285
vt 0.215008 0.301699
vt 0.215545 0.301402
vt 0.227166 0.295034
vt 0.226503 0.292673
vt 0.297999 0.401362
vt 0.298263 0.400810
vt 0.289987 0.412829
vt 0.292394 0.413337
vt 0.215691 0.303017
vt 0.216243 0.302753
vt 0.228218 0.297149
vt 0.227710 0.294741
vt 0.299380 0.401975
vt 0.299609 0.401418
vt 0.292139 0.413898
vt 0.294582 0.414249
vt 0.216299 0.304363
vt 0.216856 0.304134
vt 0.229130 0.299336
vt 0.228780 0.296893
vt 0.301005 0.402552
vt 0.301184 0.401988
vt 0.294366 0.414824
vt 0.297083 0.415098
vt 0.297259 0.414514
vt 0.216868 0.305938
vt 0.217433 0.305759
vt 0.229979 0.301838
vt 0.229705 0.299120
vt 0.302701 0.403022
vt 0.299527 0.416368
vt 0.296908 0.415681
vt 0.299662 0.415774
vt 0.217903 0.307455
vt 0.230656 0.304417
vt 0.231249 0.304281
vt 0.230562 0.301663
vt 0.304515 0.403392
vt 0.302840 0.402444
vt 0.302230 0.416890
vt 0.302327 0.416290
vt 0.217324 0.307594
vt 0.218272 0.309270
vt 0.231171 0.307082
vt 0.231771 0.306984
vt 0.306466 0.403661
vt 0.304616 0.402805
vt 0.305022 0.417249
vt 0.305082 0.416646
vt 0.217686 0.309370
vt 0.218541 0.311221
vt 0.231527 0.309837
vt 0.232130 0.309777
vt 0.308569 0.403824
vt 0.306530 0.403069
vt 0.307908 0.417449
vt 0.307934 0.416846
vt 0.217950 0.311285
vt 0.218705 0.313323
vt 0.231726 0.312689
vt 0.232330 0.312663
vt 0.310835 0.403875
vt 0.308599 0.403230
vt 0.310893 0.417495
vt 0.310887 0.416892
vt 0.218110 0.313353
vt 0.218755 0.315589
vt 0.231773 0.315642
vt 0.232375 0.315647
vt 0.313271 0.403807
vt 0.310833 0.403280
vt 0.313982 0.417389
vt 0.313948 0.416788
vt 0.218160 0.315588
vt 0.218687 0.318025
vt 0.231669 0.318703
vt 0.232269 0.318736
vt 0.315883 0.403615
vt 0.313241 0.403213
vt 0.317181 0.417135
vt 0.317121 0.416538
vt 0.218093 0.317996
vt 0.218496 0.320638
vt 0.231419 0.321876
vt 0.232016 0.321935
vt 0.318675 0.403295
vt 0.315828 0.403023
vt 0.320495 0.416738
vt 0.320413 0.416144
vt 0.217903 0.320582
vt 0.218175 0.323430
vt 0.231024 0.325168
vt 0.231618 0.325250
vt 0.321649 0.402843
vt 0.318597 0.402705
vt 0.323932 0.416198
vt 0.323829 0.415608
vt 0.217586 0.323351
vt 0.217723 0.326403
vt 0.230488 0.328584
vt 0.231078 0.328687
vt 0.324807 0.402259
vt 0.321550 0.402257
vt 0.327496 0.415516
vt 0.327374 0.414930
vt 0.217137 0.326305
vt 0.217139 0.329561
vt 0.217721 0.329678
vt 0.229810 0.332130
vt 0.230396 0.332251
vt 0.327948 0.401583
vt 0.327807 0.401005
vt 0.324689 0.401674
vt 0.331041 0.414109
vt 0.215885 0.332561
vt 0.216554 0.329444
vt 0.216463 0.332702
vt 0.228989 0.335796
vt 0.332035 0.400464
vt 0.331856 0.399903
vt 0.331187 0.414686
vt 0.335958 0.412725
vt 0.335775 0.412161
vt 0.214783 0.336611
vt 0.215344 0.336789
vt 0.227605 0.340713
vt 0.229566 0.335942
vt 0.335696 0.399139
vt 0.340740 0.411606
vt 0.336140 0.413287
vt 0.340518 0.411056
vt 0.214018 0.340450
vt 0.225935 0.345273
vt 0.226486 0.345495
vt 0.228167 0.340895
vt 0.339245 0.397555
vt 0.335474 0.398589
vt 0.345064 0.409688
vt 0.344808 0.409152
vt 0.213468 0.340228
vt 0.212435 0.343999
vt 0.224031 0.349563
vt 0.224568 0.349818
vt 0.342770 0.395734
vt 0.338988 0.397020
vt 0.349170 0.407592
vt 0.348890 0.407067
vt 0.211900 0.343742
vt 0.210613 0.347524
vt 0.221946 0.353644
vt 0.222471 0.353925
vt 0.346347 0.393700
vt 0.342486 0.395211
vt 0.353120 0.405378
vt 0.352823 0.404862
vt 0.210091 0.347241
vt 0.208579 0.351101
vt 0.219741 0.357577
vt 0.220257 0.357874
vt 0.350046 0.391491
vt 0.346047 0.393185
vt 0.356970 0.403112
vt 0.356667 0.402598
vt 0.208064 0.350801
vt 0.206370 0.354800
vt 0.217477 0.361422
vt 0.217991 0.361725
vt 0.353934 0.389166
vt 0.349740 0.390979
vt 0.360781 0.400858
vt 0.360481 0.400341
vt 0.205858 0.354493
vt 0.204045 0.358688
vt 0.215220 0.365235
vt 0.215736 0.365535
vt 0.358081 0.386799
vt 0.353633 0.388650
vt 0.364608 0.398681
vt 0.364322 0.398156
vt 0.203529 0.358386
vt 0.201677 0.362834
vt 0.213034 0.369075
vt 0.213559 0.369362
vt 0.362549 0.384484
vt 0.357795 0.386273
vt 0.368507 0.396645
vt 0.368245 0.396108
vt 0.201152 0.362549
vt 0.199363 0.367302
vt 0.210986 0.372998
vt 0.211524 0.373261
vt 0.367384 0.382313
vt 0.362289 0.383946
vt 0.372533 0.394813
vt 0.372305 0.394262
vt 0.198825 0.367043
vt 0.197192 0.372138
vt 0.209140 0.377059
vt 0.209692 0.377287
vt 0.372621 0.380444
vt 0.367162 0.381760
vt 0.376740 0.393245
vt 0.376556 0.392682
vt 0.196639 0.371915
vt 0.195322 0.377374
vt 0.195882 0.377557
vt 0.207560 0.381309
vt 0.208124 0.381494
vt 0.377928 0.378851
vt 0.377774 0.378280
vt 0.372441 0.379892
vt 0.381046 0.391416
vt 0.193158 0.382527
vt 0.194771 0.377194
vt 0.193729 0.382681
vt 0.206294 0.385799
vt 0.381187 0.391993
vt 0.385789 0.390427
vt 0.385683 0.389847
vt 0.322298 0.182498
vt 0.322298 0.161684
vt 0.205304 0.390542
vt 0.206871 0.385940
vt 0.390442 0.390298
vt 0.385896 0.391011
vt 0.390459 0.389694
vt 0.204572 0.395212
vt 0.205176 0.395196
vt 0.205889 0.390649
vt 0.403093 0.389436
vt 0.403099 0.388834
vt 0.390593 0.389075
vt 0.203953 0.395346
vt 0.203711 0.407852
vt 0.204313 0.407846
vt 0.412239 0.375961
vt 0.403959 0.373176
vt 0.412357 0.375369
vt 0.404113 0.372585
vt 0.412326 0.389278
vt 0.412315 0.388673
vt 0.190246 0.417110
vt 0.188054 0.408712
vt 0.187463 0.408865
vt 0.190839 0.416992
vt 0.203550 0.417067
vt 0.204155 0.417079
vt 0.064072 0.286160
vt 0.064486 0.286630
vt 0.054459 0.276239
vt 0.281880 0.249605
vt 0.281410 0.249191
vt 0.271489 0.239578
vt 0.059189 0.291188
vt 0.059655 0.291592
vt 0.053986 0.275791
vt 0.048894 0.282481
vt 0.286843 0.244774
vt 0.286439 0.244308
vt 0.277732 0.234013
vt 0.271042 0.239105
vt 0.054095 0.297764
vt 0.054592 0.298113
vt 0.048407 0.282084
vt 0.043113 0.290189
vt 0.043623 0.290538
vt 0.293364 0.239712
vt 0.293015 0.239214
vt 0.285440 0.228233
vt 0.277335 0.233527
vt 0.048761 0.306232
vt 0.036687 0.299411
vt 0.042607 0.289843
vt 0.037219 0.299711
vt 0.301483 0.233881
vt 0.294962 0.222339
vt 0.294662 0.221807
vt 0.285094 0.227726
vt 0.043253 0.316976
vt 0.049293 0.306535
vt 0.030697 0.311140
vt 0.031250 0.311397
vt 0.301786 0.234413
vt 0.312227 0.228373
vt 0.306648 0.216369
vt 0.306391 0.215817
vt 0.037645 0.330350
vt 0.043809 0.317234
vt 0.024682 0.325377
vt 0.025251 0.325597
vt 0.312485 0.228929
vt 0.325601 0.222765
vt 0.320848 0.210371
vt 0.320628 0.209802
vt 0.031991 0.346727
vt 0.038218 0.330570
vt 0.018662 0.342502
vt 0.019247 0.342691
vt 0.325820 0.223339
vt 0.341979 0.217112
vt 0.337943 0.204368
vt 0.337754 0.203783
vt 0.026246 0.366329
vt 0.032578 0.346914
vt 0.012653 0.362964
vt 0.013252 0.363125
vt 0.342166 0.217699
vt 0.361581 0.211367
vt 0.358376 0.198374
vt 0.358216 0.197774
vt 0.010458 0.372017
vt 0.008238 0.384230
vt 0.011081 0.372101
vt 0.011726 0.372097
vt 0.367353 0.196203
vt 0.379482 0.193360
vt 0.367269 0.195579
vt 0.184068 0.400379
vt 0.178088 0.391281
vt 0.183510 0.400622
vt 0.395869 0.368632
vt 0.386528 0.363210
vt 0.395626 0.369190
vt 0.172644 0.384453
vt 0.177545 0.391550
vt 0.372068 0.368045
vt 0.386798 0.362666
vt 0.379701 0.357766
vt 0.379352 0.358229
vt 0.165761 0.376198
vt 0.165319 0.376604
vt 0.172178 0.384822
vt 0.183399 0.376448
vt 0.175378 0.367476
vt 0.182923 0.376821
vt 0.371852 0.350441
vt 0.380069 0.357300
vt 0.371445 0.350882
vt 0.362723 0.360499
vt 0.371696 0.368521
vt 0.157954 0.368488
vt 0.157556 0.368941
vt 0.175825 0.367074
vt 0.166646 0.358676
vt 0.364189 0.342677
vt 0.363735 0.343075
vt 0.353923 0.351767
vt 0.362321 0.360946
vt 0.149253 0.361689
vt 0.148913 0.362192
vt 0.167048 0.358225
vt 0.156677 0.350786
vt 0.357440 0.334034
vt 0.356937 0.334374
vt 0.346033 0.341797
vt 0.353473 0.352169
vt 0.139630 0.356086
vt 0.139365 0.356634
vt 0.157020 0.350284
vt 0.145424 0.344157
vt 0.351882 0.324486
vt 0.351334 0.324751
vt 0.339405 0.330544
vt 0.345532 0.342140
vt 0.128987 0.351920
vt 0.128813 0.352502
vt 0.145691 0.343609
vt 0.132847 0.339143
vt 0.132665 0.339736
vt 0.347750 0.313933
vt 0.347169 0.314107
vt 0.334391 0.317967
vt 0.338857 0.330812
vt 0.117042 0.349387
vt 0.118889 0.335444
vt 0.133024 0.338567
vt 0.118804 0.336055
vt 0.344635 0.302162
vt 0.331304 0.303924
vt 0.330693 0.304010
vt 0.333815 0.318144
vt 0.105231 0.348850
vt 0.116964 0.349998
vt 0.104907 0.334599
vt 0.104919 0.335227
vt 0.345246 0.302084
vt 0.344099 0.290352
vt 0.330476 0.290040
vt 0.329848 0.290027
vt 0.093520 0.350117
vt 0.105251 0.349473
vt 0.091058 0.336029
vt 0.091165 0.336652
vt 0.344722 0.290372
vt 0.345366 0.278641
vt 0.331902 0.276286
vt 0.331278 0.276178
vt 0.082048 0.352964
vt 0.093630 0.350737
vt 0.077774 0.339265
vt 0.077960 0.339869
vt 0.345986 0.278751
vt 0.348214 0.267170
vt 0.335119 0.263081
vt 0.334515 0.262895
vt 0.070956 0.357178
vt 0.082237 0.353568
vt 0.065131 0.344043
vt 0.065386 0.344621
vt 0.348818 0.267359
vt 0.352428 0.256078
vt 0.339871 0.250507
vt 0.339293 0.250252
vt 0.060405 0.362540
vt 0.071213 0.357758
vt 0.053259 0.350097
vt 0.053572 0.350643
vt 0.353008 0.256334
vt 0.357791 0.245527
vt 0.345894 0.238693
vt 0.345348 0.238380
vt 0.050568 0.368814
vt 0.060719 0.363091
vt 0.042299 0.357146
vt 0.042660 0.357654
vt 0.358341 0.245841
vt 0.364064 0.235690
vt 0.352905 0.227781
vt 0.352397 0.227421
vt 0.041603 0.375750
vt 0.050932 0.369331
vt 0.032454 0.364868
vt 0.032857 0.365343
vt 0.364582 0.236054
vt 0.371001 0.226725
vt 0.360595 0.217978
vt 0.360119 0.217575
vt 0.033706 0.383127
vt 0.042014 0.376232
vt 0.371483 0.227136
vt 0.378378 0.218828
vt 0.377865 0.218456
vt 0.519673 0.182497
vt 0.026949 0.390845
vt 0.027500 0.391173
vt 0.034132 0.383603
vt 0.388653 0.191235
vt 0.388494 0.190626
vt 0.379315 0.192754
vt 0.386425 0.212622
vt 0.378854 0.219254
vt 0.386097 0.212071
vt 0.399882 0.188726
vt 0.399748 0.188111
vt 0.005504 0.393242
vt 0.007633 0.384063
vt 0.006113 0.393400
vt 0.002989 0.404496
vt 0.003604 0.404630
vt 0.021757 0.398347
vt 0.022337 0.398622
vt 0.393873 0.207459
vt 0.393598 0.206880
vt 0.017338 0.407540
vt 0.017930 0.407761
vt 0.403014 0.203052
vt 0.402792 0.202461
vt 0.361720 0.211940
vt 0.026818 0.366468
vt 0.168453 0.412496
vt 0.156199 0.391683
vt 0.156199 0.412496
vt 0.536497 0.101683
vt 0.919244 0.102967
vt 0.919244 0.106722
vt 0.526203 0.101683
vt 0.517553 0.101683
vt 0.919244 0.113505
vt 0.512078 0.101683
vt 0.919244 0.128954
vt 0.487571 0.101683
vt 0.919244 0.137164
vt 0.473780 0.101683
vt 0.443521 0.101682
vt 0.919244 0.192406
vt 0.411916 0.101682
vt 0.919244 0.220958
vt 0.378286 0.101682
vt 0.919244 0.249600
vt 0.087196 0.182497
vt 0.332990 0.101682
vt 0.106999 0.182497
vt 0.316371 0.101682
vt 0.156739 0.182498
vt 0.264405 0.101682
vt 0.182846 0.182498
vt 0.239068 0.101682
vt 0.211136 0.182498
vt 0.212106 0.101682
vt 0.213867 0.182498
vt 0.204815 0.101682
vt 0.218477 0.182498
vt 0.195230 0.101682
vt 0.224485 0.182498
vt 0.227504 0.182498
vt 0.230780 0.182498
vt 0.182871 0.101682
vt 0.234499 0.182498
vt 0.168388 0.101682
vt 0.246313 0.182498
vt 0.255714 0.182498
vt 0.147093 0.101682
vt 0.284525 0.182498
vt 0.108180 0.101682
vt 0.299506 0.182498
vt 0.316890 0.182498
vt 0.084440 0.101682
vt 0.056945 0.122496
vt 0.991681 0.412500
vt 0.919244 0.314278
vt 0.919244 0.271310
vt 0.562606 0.161684
vt 0.337029 0.182498
vt 0.991681 0.351468
vt 0.375591 0.182498
vt 0.991681 0.317423
vt 0.991681 0.293397
vt 0.498072 0.182497
vt 0.991681 0.195610
vt 0.919244 0.412505
vt 0.004218 0.404758
vt 0.940058 0.084735
vt 0.556313 0.122496
vt 0.624071 0.161684
vt 0.412314 0.389879
vt 0.204756 0.417067
vt 0.519673 0.161684
vt 0.168453 0.391683
vt 0.965874 0.085988
vt 0.965874 0.090026
vt 0.945060 0.090026
vt 0.781505 0.189246
vt 0.781776 0.193827
vt 0.769511 0.192816
vt 0.529041 0.071687
vt 0.529041 0.092500
vt 0.524185 0.092500
vt 0.865733 0.094788
vt 0.866744 0.107054
vt 0.862421 0.107727
vt 0.965874 0.094171
vt 0.945060 0.094171
vt 0.781427 0.198857
vt 0.768837 0.197139
vt 0.524185 0.071687
vt 0.519109 0.092500
vt 0.860703 0.095137
vt 0.858744 0.108420
vt 0.965874 0.097659
vt 0.945060 0.097659
vt 0.780707 0.203394
vt 0.768144 0.200816
vt 0.519109 0.071687
vt 0.514557 0.092500
vt 0.856166 0.095857
vt 0.855693 0.109196
vt 0.965874 0.100561
vt 0.779727 0.207430
vt 0.767367 0.203867
vt 0.514557 0.071687
vt 0.510457 0.092500
vt 0.852130 0.096837
vt 0.853202 0.110047
vt 0.945060 0.100561
vt 0.965874 0.102964
vt 0.778529 0.210997
vt 0.766517 0.206358
vt 0.506739 0.092500
vt 0.506739 0.071687
vt 0.848563 0.098035
vt 0.851174 0.110950
vt 0.965874 0.104976
vt 0.945060 0.104976
vt 0.777141 0.214143
vt 0.765613 0.208385
vt 0.503330 0.092500
vt 0.849487 0.111901
vt 0.842636 0.100986
vt 0.965874 0.106719
vt 0.775578 0.216924
vt 0.503330 0.071687
vt 0.500162 0.092500
vt 0.848016 0.112927
vt 0.840161 0.102707
vt 0.965874 0.108328
vt 0.945060 0.108328
vt 0.764663 0.210073
vt 0.773856 0.219399
vt 0.497172 0.092500
vt 0.497172 0.071687
vt 0.846656 0.114071
vt 0.837939 0.104573
vt 0.965874 0.109927
vt 0.763637 0.211544
vt 0.771991 0.221621
vt 0.494304 0.092500
vt 0.845327 0.115388
vt 0.835919 0.106568
vt 0.945060 0.109927
vt 0.965874 0.111625
vt 0.762492 0.212904
vt 0.769995 0.223640
vt 0.494304 0.071687
vt 0.491513 0.092500
vt 0.843974 0.116920
vt 0.834056 0.108677
vt 0.945060 0.111625
vt 0.965874 0.113502
vt 0.761176 0.214233
vt 0.767886 0.225504
vt 0.488765 0.092500
vt 0.488765 0.071687
vt 0.842562 0.118699
vt 0.832304 0.110882
vt 0.965874 0.115613
vt 0.945060 0.115612
vt 0.759643 0.215585
vt 0.765681 0.227256
vt 0.486037 0.092500
vt 0.841195 0.120550
vt 0.830694 0.113064
vt 0.965874 0.117760
vt 0.757864 0.216997
vt 0.763499 0.228865
vt 0.483425 0.092500
vt 0.483425 0.071687
vt 0.840016 0.122261
vt 0.945060 0.117760
vt 0.965874 0.119698
vt 0.761436 0.230287
vt 0.754302 0.219543
vt 0.481007 0.092500
vt 0.481007 0.071687
vt 0.829272 0.115127
vt 0.839022 0.123820
vt 0.945060 0.119698
vt 0.965874 0.121416
vt 0.759466 0.231542
vt 0.752743 0.220537
vt 0.478745 0.092500
vt 0.478745 0.071687
vt 0.828017 0.117097
vt 0.838176 0.125272
vt 0.945060 0.121416
vt 0.965874 0.122972
vt 0.757557 0.232654
vt 0.751291 0.221383
vt 0.476600 0.092500
vt 0.826905 0.119006
vt 0.837439 0.126668
vt 0.945060 0.122972
vt 0.965874 0.124431
vt 0.755676 0.233648
vt 0.749895 0.222120
vt 0.476600 0.071687
vt 0.474531 0.092500
vt 0.836772 0.128070
vt 0.825014 0.122774
vt 0.945060 0.124431
vt 0.965874 0.125866
vt 0.753789 0.234546
vt 0.474531 0.071687
vt 0.472498 0.092500
vt 0.836142 0.129543
vt 0.824188 0.124703
vt 0.945060 0.125866
vt 0.965874 0.127351
vt 0.748493 0.222787
vt 0.751860 0.235371
vt 0.472498 0.071687
vt 0.470463 0.092500
vt 0.835522 0.131148
vt 0.823414 0.126707
vt 0.945060 0.127351
vt 0.965874 0.128952
vt 0.747020 0.223417
vt 0.749856 0.236145
vt 0.470463 0.071687
vt 0.468385 0.092500
vt 0.834894 0.132935
vt 0.822670 0.128819
vt 0.965874 0.130723
vt 0.945060 0.130723
vt 0.745415 0.224037
vt 0.747744 0.236889
vt 0.468385 0.071687
vt 0.466228 0.092500
vt 0.834240 0.134943
vt 0.821936 0.131072
vt 0.965874 0.132708
vt 0.743629 0.224665
vt 0.745491 0.237623
vt 0.466228 0.071687
vt 0.463956 0.092500
vt 0.833548 0.137206
vt 0.821194 0.133497
vt 0.945060 0.132708
vt 0.965874 0.134940
vt 0.741619 0.225319
vt 0.743066 0.238365
vt 0.463956 0.071687
vt 0.461531 0.092500
vt 0.832881 0.139483
vt 0.945060 0.134940
vt 0.965874 0.137162
vt 0.740459 0.239127
vt 0.737080 0.226678
vt 0.458919 0.092500
vt 0.458919 0.071687
vt 0.820432 0.136103
vt 0.831741 0.144053
vt 0.965874 0.141567
vt 0.945060 0.141567
vt 0.735306 0.240412
vt 0.732510 0.227818
vt 0.453796 0.092500
vt 0.830624 0.149699
vt 0.817930 0.147427
vt 0.965874 0.146964
vt 0.945060 0.146964
vt 0.729136 0.241629
vt 0.453796 0.071687
vt 0.447740 0.092500
vt 0.829517 0.156401
vt 0.816773 0.154458
vt 0.965874 0.153366
vt 0.945060 0.153366
vt 0.726864 0.228935
vt 0.722104 0.242785
vt 0.440911 0.092500
vt 0.440911 0.071687
vt 0.828443 0.163883
vt 0.815672 0.162158
vt 0.965874 0.160511
vt 0.945060 0.160511
vt 0.720162 0.230042
vt 0.714405 0.243886
vt 0.433477 0.092500
vt 0.433477 0.071687
vt 0.827409 0.171913
vt 0.814620 0.170336
vt 0.965874 0.168181
vt 0.945060 0.168181
vt 0.712680 0.231115
vt 0.706226 0.244937
vt 0.425609 0.092500
vt 0.425609 0.071686
vt 0.826412 0.180283
vt 0.813614 0.178804
vt 0.965874 0.176177
vt 0.945060 0.176177
vt 0.704650 0.232149
vt 0.697759 0.245944
vt 0.417480 0.092500
vt 0.825452 0.188793
vt 0.812647 0.187374
vt 0.965874 0.184312
vt 0.696280 0.233145
vt 0.689189 0.246910
vt 0.409267 0.092500
vt 0.409267 0.071686
vt 0.824525 0.197255
vt 0.811718 0.195859
vt 0.945060 0.184312
vt 0.965874 0.192403
vt 0.687769 0.234105
vt 0.680703 0.247839
vt 0.401144 0.092500
vt 0.823627 0.205482
vt 0.810822 0.204073
vt 0.965874 0.200277
vt 0.945060 0.200278
vt 0.679308 0.235032
vt 0.672489 0.248735
vt 0.401145 0.071686
vt 0.393289 0.092500
vt 0.822753 0.213297
vt 0.809954 0.211831
vt 0.965874 0.207767
vt 0.671081 0.235929
vt 0.664731 0.249602
vt 0.393289 0.071686
vt 0.385876 0.092500
vt 0.821896 0.220533
vt 0.809109 0.218947
vt 0.945060 0.207767
vt 0.965874 0.214717
vt 0.663266 0.236803
vt 0.657615 0.250447
vt 0.379082 0.092500
vt 0.379082 0.071686
vt 0.821046 0.227007
vt 0.808283 0.225235
vt 0.945060 0.214717
vt 0.965874 0.220955
vt 0.656029 0.237661
vt 0.651327 0.251273
vt 0.373082 0.092500
vt 0.373082 0.071686
vt 0.820191 0.232774
vt 0.807460 0.230764
vt 0.965874 0.226533
vt 0.945060 0.226533
vt 0.649556 0.238510
vt 0.645798 0.252096
vt 0.367803 0.092500
vt 0.367803 0.071686
vt 0.819206 0.238577
vt 0.806526 0.236255
vt 0.965874 0.232175
vt 0.945060 0.232175
vt 0.643789 0.239365
vt 0.640307 0.253029
vt 0.362556 0.092500
vt 0.818040 0.244425
vt 0.805439 0.241678
vt 0.965874 0.237902
vt 0.637985 0.240349
vt 0.634884 0.254117
vt 0.362556 0.071686
vt 0.357364 0.092500
vt 0.816640 0.250297
vt 0.804153 0.247001
vt 0.945060 0.237903
vt 0.965874 0.243710
vt 0.632137 0.241515
vt 0.629561 0.255402
vt 0.357364 0.071686
vt 0.352246 0.092500
vt 0.814959 0.256184
vt 0.802615 0.252191
vt 0.945060 0.243710
vt 0.965874 0.249598
vt 0.626266 0.242915
vt 0.624371 0.256940
vt 0.347213 0.092500
vt 0.347213 0.071686
vt 0.812980 0.262113
vt 0.800750 0.257209
vt 0.965874 0.255577
vt 0.945060 0.255578
vt 0.620378 0.244596
vt 0.619353 0.258806
vt 0.342268 0.092500
vt 0.811290 0.266752
vt 0.965874 0.260118
vt 0.614610 0.261091
vt 0.609810 0.248265
vt 0.342268 0.071686
vt 0.337401 0.092500
vt 0.802290 0.279972
vt 0.811214 0.268126
vt 0.811892 0.269324
vt 0.607238 0.247663
vt 0.596153 0.255845
vt 0.590868 0.248774
vt 0.800898 0.280452
vt 0.796877 0.283992
vt 0.788792 0.274241
vt 0.611344 0.131682
vt 0.619663 0.131682
vt 0.619663 0.152496
vt 0.596109 0.258657
vt 0.605983 0.267170
vt 0.602320 0.270763
vt 0.327798 0.092500
vt 0.322946 0.092500
vt 0.322946 0.071686
vt 0.791459 0.287829
vt 0.784747 0.277408
vt 0.069945 0.131682
vt 0.076683 0.131682
vt 0.076683 0.152495
vt 0.592570 0.262677
vt 0.599154 0.274808
vt 0.317968 0.092500
vt 0.317969 0.071686
vt 0.785660 0.290930
vt 0.083438 0.131682
vt 0.596499 0.279310
vt 0.585631 0.273894
vt 0.312772 0.092500
vt 0.312772 0.071686
vt 0.780245 0.280063
vt 0.779451 0.293520
vt 0.090372 0.131682
vt 0.090372 0.152496
vt 0.594137 0.284500
vt 0.583041 0.280103
vt 0.306950 0.092500
vt 0.775055 0.282424
vt 0.773478 0.295547
vt 0.096916 0.131682
vt 0.592259 0.289658
vt 0.581014 0.286076
vt 0.301253 0.092500
vt 0.301254 0.071686
vt 0.769896 0.284302
vt 0.767632 0.297133
vt 0.096916 0.152496
vt 0.103241 0.131682
vt 0.590800 0.294757
vt 0.579428 0.291922
vt 0.295704 0.092500
vt 0.764797 0.285761
vt 0.761951 0.298325
vt 0.109327 0.131682
vt 0.109327 0.152496
vt 0.589711 0.299752
vt 0.578236 0.297603
vt 0.295704 0.071686
vt 0.290331 0.092500
vt 0.759802 0.286850
vt 0.756470 0.299165
vt 0.115149 0.131682
vt 0.588948 0.304596
vt 0.577395 0.303084
vt 0.285169 0.092500
vt 0.285169 0.071686
vt 0.754959 0.287613
vt 0.751241 0.299697
vt 0.115149 0.152496
vt 0.120679 0.131682
vt 0.588468 0.309237
vt 0.576863 0.308313
vt 0.280255 0.092500
vt 0.750318 0.288092
vt 0.746303 0.299961
vt 0.120678 0.152496
vt 0.125884 0.131682
vt 0.588232 0.313623
vt 0.576599 0.313251
vt 0.280255 0.071686
vt 0.275634 0.092500
vt 0.745932 0.288328
vt 0.741701 0.299998
vt 0.125883 0.152496
vt 0.130731 0.131682
vt 0.588200 0.317701
vt 0.576562 0.317853
vt 0.275634 0.071686
vt 0.271351 0.092500
vt 0.737477 0.299845
vt 0.738138 0.288226
vt 0.130731 0.152496
vt 0.135192 0.131682
vt 0.588333 0.321417
vt 0.271351 0.071686
vt 0.267453 0.092500
vt 0.733663 0.299540
vt 0.734839 0.287964
vt 0.135192 0.152496
vt 0.139244 0.131682
vt 0.576714 0.322077
vt 0.588596 0.324716
vt 0.267453 0.071686
vt 0.263992 0.092500
vt 0.730265 0.299111
vt 0.732007 0.287607
vt 0.139244 0.152496
vt 0.142884 0.131682
vt 0.577020 0.325891
vt 0.588953 0.327548
vt 0.263992 0.071686
vt 0.261019 0.092500
vt 0.727437 0.298605
vt 0.142884 0.152496
vt 0.145944 0.131682
vt 0.589362 0.329853
vt 0.577954 0.332117
vt 0.261019 0.071686
vt 0.258586 0.092500
vt 0.729702 0.287197
vt 0.720912 0.297178
vt 0.145944 0.152496
vt 0.152980 0.131682
vt 0.590728 0.336087
vt 0.579381 0.338643
vt 0.258586 0.071686
vt 0.251859 0.092500
vt 0.723467 0.285831
vt 0.714600 0.295724
vt 0.159780 0.131682
vt 0.159780 0.152496
vt 0.592174 0.342321
vt 0.580835 0.344955
vt 0.251859 0.071686
vt 0.245097 0.092500
vt 0.717234 0.284385
vt 0.708410 0.294283
vt 0.166446 0.131682
vt 0.593635 0.348525
vt 0.582276 0.351144
vt 0.245097 0.071686
vt 0.238365 0.092500
vt 0.711030 0.282924
vt 0.702396 0.292922
vt 0.166446 0.152496
vt 0.172907 0.131682
vt 0.595042 0.354654
vt 0.583637 0.357159
vt 0.231730 0.092500
vt 0.231729 0.071686
vt 0.704901 0.281517
vt 0.696610 0.291705
vt 0.172907 0.152496
vt 0.179088 0.131682
vt 0.596331 0.360661
vt 0.584853 0.362944
vt 0.225254 0.092500
vt 0.698894 0.280228
vt 0.691123 0.290694
vt 0.184906 0.131682
vt 0.184906 0.152496
vt 0.597436 0.366497
vt 0.585864 0.368431
vt 0.225254 0.071686
vt 0.219002 0.092500
vt 0.693058 0.279123
vt 0.686014 0.289946
vt 0.190272 0.131682
vt 0.190272 0.152496
vt 0.598290 0.372112
vt 0.586612 0.373541
vt 0.219002 0.071686
vt 0.213028 0.092500
vt 0.687442 0.278268
vt 0.681371 0.289508
vt 0.195090 0.131682
vt 0.598831 0.377454
vt 0.587050 0.378183
vt 0.207384 0.092500
vt 0.207384 0.071686
vt 0.682101 0.277727
vt 0.677306 0.289406
vt 0.195090 0.152496
vt 0.199254 0.131682
vt 0.598995 0.382465
vt 0.587152 0.382248
vt 0.202108 0.092500
vt 0.202108 0.071686
vt 0.677090 0.277563
vt 0.673943 0.289629
vt 0.199254 0.152496
vt 0.202656 0.131682
vt 0.598729 0.387086
vt 0.586929 0.385612
vt 0.197220 0.092500
vt 0.197220 0.071686
vt 0.672468 0.277829
vt 0.671399 0.290103
vt 0.202656 0.152496
vt 0.205197 0.131682
vt 0.597990 0.391261
vt 0.586455 0.388155
vt 0.192712 0.092500
vt 0.192712 0.071686
vt 0.669257 0.290878
vt 0.664560 0.279830
vt 0.205197 0.152496
vt 0.207378 0.131682
vt 0.596729 0.394995
vt 0.188535 0.092500
vt 0.668143 0.291450
vt 0.662450 0.280849
vt 0.208532 0.131682
vt 0.208532 0.152496
vt 0.585680 0.390298
vt 0.595709 0.397105
vt 0.188535 0.071686
vt 0.186066 0.092500
vt 0.666745 0.292255
vt 0.210109 0.131682
vt 0.594538 0.399154
vt 0.584303 0.392810
vt 0.183619 0.092500
vt 0.183619 0.071686
vt 0.660401 0.282020
vt 0.665436 0.293127
vt 0.211663 0.131682
vt 0.211663 0.152496
vt 0.593241 0.401106
vt 0.583431 0.394119
vt 0.181190 0.092500
vt 0.658449 0.283317
vt 0.664204 0.294067
vt 0.213198 0.131682
vt 0.213198 0.152496
vt 0.591829 0.402957
vt 0.582490 0.395350
vt 0.181190 0.071686
vt 0.178775 0.092500
vt 0.656598 0.284729
vt 0.663047 0.295076
vt 0.214719 0.131682
vt 0.590309 0.404705
vt 0.581481 0.396507
vt 0.176371 0.092500
vt 0.176371 0.071686
vt 0.654850 0.286249
vt 0.661963 0.296152
vt 0.216228 0.131682
vt 0.216228 0.152496
vt 0.588685 0.406347
vt 0.580406 0.397591
vt 0.173975 0.092500
vt 0.173975 0.071686
vt 0.653208 0.287873
vt 0.660950 0.297294
vt 0.217730 0.131682
vt 0.586961 0.407877
vt 0.579263 0.398605
vt 0.171582 0.092500
vt 0.651678 0.289597
vt 0.660008 0.298502
vt 0.217730 0.152496
vt 0.219228 0.131682
vt 0.585141 0.409291
vt 0.578055 0.399547
vt 0.171582 0.071686
vt 0.169190 0.092500
vt 0.650263 0.291416
vt 0.659138 0.299772
vt 0.219228 0.152496
vt 0.220727 0.131682
vt 0.583230 0.410585
vt 0.576786 0.400416
vt 0.166795 0.092500
vt 0.166795 0.071686
vt 0.648970 0.293327
vt 0.658344 0.301101
vt 0.222231 0.131682
vt 0.222231 0.152496
vt 0.581233 0.411752
vt 0.575456 0.401210
vt 0.164392 0.092500
vt 0.164392 0.071686
vt 0.647803 0.295324
vt 0.657631 0.302487
vt 0.223745 0.131682
vt 0.579156 0.412787
vt 0.574071 0.401924
vt 0.161978 0.092500
vt 0.646768 0.297401
vt 0.657009 0.303906
vt 0.225254 0.131682
vt 0.225254 0.152496
vt 0.577007 0.413685
vt 0.572651 0.402545
vt 0.161978 0.071686
vt 0.159549 0.092500
vt 0.645870 0.299550
vt 0.656421 0.305577
vt 0.227022 0.131682
vt 0.574545 0.414521
vt 0.570980 0.403133
vt 0.159549 0.071686
vt 0.156831 0.092500
vt 0.655943 0.307315
vt 0.644365 0.304551
vt 0.228832 0.131682
vt 0.228832 0.152496
vt 0.572006 0.415190
vt 0.154077 0.092500
vt 0.154077 0.071686
vt 0.655566 0.309168
vt 0.643854 0.307176
vt 0.230741 0.131682
vt 0.569242 0.403611
vt 0.569380 0.415700
vt 0.151269 0.092500
vt 0.151269 0.071686
vt 0.655293 0.311156
vt 0.643502 0.309895
vt 0.232774 0.131682
vt 0.232774 0.152496
vt 0.567389 0.403988
vt 0.566661 0.416053
vt 0.148389 0.092500
vt 0.655128 0.313293
vt 0.643303 0.312713
vt 0.234955 0.131682
vt 0.234955 0.152496
vt 0.565401 0.404261
vt 0.563844 0.416251
vt 0.148389 0.071686
vt 0.145421 0.092500
vt 0.655077 0.315589
vt 0.643256 0.315635
vt 0.237303 0.131682
vt 0.237303 0.152496
vt 0.563264 0.404426
vt 0.560921 0.416298
vt 0.145421 0.071686
vt 0.142349 0.092500
vt 0.655145 0.318054
vt 0.643357 0.318667
vt 0.239833 0.131682
vt 0.560967 0.404477
vt 0.557889 0.416197
vt 0.139159 0.092500
vt 0.139159 0.071686
vt 0.655339 0.320692
vt 0.643605 0.321815
vt 0.239833 0.152496
vt 0.242555 0.131682
vt 0.558503 0.404409
vt 0.554741 0.415949
vt 0.135840 0.092500
vt 0.135839 0.071686
vt 0.655662 0.323507
vt 0.643995 0.325084
vt 0.245478 0.131682
vt 0.245478 0.152496
vt 0.555864 0.404214
vt 0.551472 0.415559
vt 0.132379 0.092500
vt 0.132379 0.071686
vt 0.656117 0.326501
vt 0.644527 0.328480
vt 0.248611 0.131682
vt 0.248610 0.152496
vt 0.553050 0.403891
vt 0.548077 0.415027
vt 0.128767 0.092500
vt 0.656706 0.329676
vt 0.645200 0.332006
vt 0.251956 0.131682
vt 0.550056 0.403436
vt 0.544550 0.414353
vt 0.128767 0.071686
vt 0.124995 0.092500
vt 0.657388 0.332842
vt 0.255301 0.131682
vt 0.255301 0.152496
vt 0.540908 0.413540
vt 0.543715 0.402166
vt 0.124995 0.071686
vt 0.121053 0.092500
vt 0.646013 0.335648
vt 0.658517 0.336968
vt 0.259719 0.131682
vt 0.259719 0.152496
vt 0.536028 0.412167
vt 0.539589 0.401036
vt 0.115661 0.092500
vt 0.115661 0.071686
vt 0.659859 0.340670
vt 0.649039 0.345049
vt 0.263780 0.131682
vt 0.263780 0.152496
vt 0.531507 0.410514
vt 0.110518 0.092500
vt 0.110518 0.071686
vt 0.661457 0.344254
vt 0.650929 0.349306
vt 0.267834 0.131682
vt 0.535887 0.399694
vt 0.527250 0.408624
vt 0.105559 0.092500
vt 0.105559 0.071686
vt 0.663291 0.347805
vt 0.653002 0.353363
vt 0.267834 0.152496
vt 0.271975 0.131682
vt 0.532303 0.398095
vt 0.523194 0.406551
vt 0.100731 0.092500
vt 0.100731 0.071686
vt 0.665334 0.351399
vt 0.655199 0.357280
vt 0.271975 0.152496
vt 0.276271 0.131682
vt 0.528752 0.396261
vt 0.519277 0.404353
vt 0.095998 0.092500
vt 0.095998 0.071686
vt 0.667544 0.355104
vt 0.657460 0.361118
vt 0.276271 0.152496
vt 0.280767 0.131682
vt 0.525158 0.394219
vt 0.515439 0.402092
vt 0.091335 0.092500
vt 0.669866 0.358988
vt 0.659721 0.364935
vt 0.285496 0.131682
vt 0.285496 0.152496
vt 0.521453 0.392008
vt 0.511622 0.399831
vt 0.091335 0.071687
vt 0.086722 0.092500
vt 0.672224 0.363120
vt 0.661914 0.368789
vt 0.290482 0.131682
vt 0.517569 0.389687
vt 0.507769 0.397638
vt 0.086722 0.071687
vt 0.082140 0.092500
vt 0.674526 0.367562
vt 0.663974 0.372736
vt 0.290483 0.152496
vt 0.295747 0.131682
vt 0.513438 0.387329
vt 0.503821 0.395577
vt 0.077566 0.092500
vt 0.077566 0.071687
vt 0.676681 0.372360
vt 0.665835 0.376830
vt 0.301308 0.131682
vt 0.301308 0.152496
vt 0.508996 0.385026
vt 0.499727 0.393717
vt 0.072963 0.092500
vt 0.072963 0.071687
vt 0.678543 0.377557
vt 0.667431 0.381124
vt 0.307179 0.131682
vt 0.307179 0.152496
vt 0.504197 0.382871
vt 0.495433 0.392121
vt 0.068281 0.092500
vt 0.680146 0.382831
vt 0.313132 0.131682
vt 0.490899 0.390847
vt 0.493726 0.379405
vt 0.068281 0.071687
vt 0.063447 0.092500
vt 0.668704 0.385659
vt 0.681278 0.387297
vt 0.318096 0.131682
vt 0.318096 0.152496
vt 0.486122 0.389853
vt 0.489262 0.378274
vt 0.063447 0.071687
vt 0.058400 0.092500
vt 0.689747 0.400211
vt 0.682225 0.388517
vt 0.683583 0.387762
vt 0.485427 0.363837
vt 0.492453 0.358235
vt 0.499384 0.367592
vt 0.579754 0.101686
vt 0.590952 0.101686
vt 0.590952 0.122499
vt 0.040482 0.071687
vt 0.053579 0.071687
vt 0.053579 0.092500
vt 0.459589 0.376629
vt 0.467902 0.373840
vt 0.468683 0.388226
vt 0.030905 0.071687
vt 0.040482 0.092500
vt 0.476347 0.369804
vt 0.685711 0.408656
vt 0.671325 0.407875
vt 0.682922 0.416969
vt 0.599880 0.240050
vt 0.585771 0.243849
vt 0.561306 0.101686
vt 0.570340 0.101686
vt 0.570340 0.122499
vt 0.965874 0.314276
vt 0.965874 0.330111
vt 0.945060 0.330111
vt 0.965874 0.348630
vt 0.945060 0.348630
vt 0.965874 0.370187
vt 0.492121 0.193964
vt 0.485943 0.211459
vt 0.478422 0.206252
vt 0.327798 0.071686
vt 0.337401 0.071686
vt 0.945060 0.261439
vt 0.965874 0.261439
vt 0.965874 0.271308
vt 0.596590 0.257264
vt 0.608436 0.248341
vt 0.819504 0.276682
vt 0.825050 0.282887
vt 0.815706 0.290792
vt 0.604350 0.131682
vt 0.604350 0.152496
vt 0.595952 0.152496
vt 0.611344 0.152496
vt 0.593676 0.234504
vt 0.579141 0.238718
vt 0.965874 0.279568
vt 0.945060 0.279568
vt 0.595953 0.131682
vt 0.585804 0.152496
vt 0.830805 0.290546
vt 0.820836 0.297421
vt 0.570624 0.233357
vt 0.576543 0.222876
vt 0.965874 0.289311
vt 0.945060 0.289311
vt 0.585804 0.131682
vt 0.573553 0.152495
vt 0.836677 0.300019
vt 0.559836 0.227826
vt 0.564900 0.216927
vt 0.965874 0.300783
vt 0.945060 0.300783
vt 0.573553 0.131682
vt 0.558847 0.152495
vt 0.826196 0.305939
vt 0.842626 0.311662
vt 0.546422 0.222200
vt 0.550738 0.210946
vt 0.541335 0.152495
vt 0.541335 0.131682
vt 0.831727 0.316727
vt 0.848607 0.325826
vt 0.530013 0.216534
vt 0.533675 0.204958
vt 0.520665 0.152495
vt 0.520666 0.131682
vt 0.837353 0.330141
vt 0.854595 0.342889
vt 0.510364 0.210788
vt 0.513270 0.198977
vt 0.516305 0.152495
vt 0.516305 0.131682
vt 0.843018 0.346550
vt 0.860574 0.363294
vt 0.945060 0.391758
vt 0.965874 0.391758
vt 0.965874 0.401093
vt 0.599964 0.101686
vt 0.599964 0.122499
vt 0.500758 0.351323
vt 0.488041 0.377326
vt 0.488797 0.375968
vt 0.695715 0.391131
vt 0.691960 0.377174
vt 0.611100 0.101686
vt 0.699494 0.367878
vt 0.708230 0.375800
vt 0.333271 0.131682
vt 0.345818 0.131682
vt 0.345818 0.152496
vt 0.508680 0.360058
vt 0.508517 0.343475
vt 0.611100 0.122499
vt 0.622338 0.101686
vt 0.708183 0.359129
vt 0.716077 0.368042
vt 0.358696 0.131682
vt 0.517429 0.351370
vt 0.515365 0.334717
vt 0.633577 0.101686
vt 0.633577 0.122499
vt 0.718094 0.351291
vt 0.724835 0.361194
vt 0.358696 0.152495
vt 0.371833 0.131682
vt 0.525268 0.341459
vt 0.521016 0.325021
vt 0.644853 0.101686
vt 0.644853 0.122499
vt 0.729272 0.344711
vt 0.734532 0.355544
vt 0.385266 0.131682
vt 0.385266 0.152495
vt 0.531849 0.330281
vt 0.525223 0.314289
vt 0.656383 0.101686
vt 0.741761 0.339739
vt 0.745263 0.351337
vt 0.399161 0.131682
vt 0.399161 0.152495
vt 0.527778 0.302246
vt 0.539885 0.303845
vt 0.668646 0.101686
vt 0.668646 0.122499
vt 0.755708 0.336674
vt 0.413827 0.131682
vt 0.528326 0.290338
vt 0.540697 0.290060
vt 0.680410 0.101686
vt 0.757307 0.348781
vt 0.769493 0.335863
vt 0.413827 0.152495
vt 0.427858 0.131682
vt 0.527057 0.278537
vt 0.539277 0.276400
vt 0.691984 0.101686
vt 0.691984 0.122499
vt 0.769214 0.348234
vt 0.783153 0.337284
vt 0.427858 0.152495
vt 0.441528 0.131682
vt 0.524193 0.266987
vt 0.536080 0.263275
vt 0.703513 0.101686
vt 0.703513 0.122499
vt 0.781016 0.349504
vt 0.796278 0.340481
vt 0.441528 0.152495
vt 0.454984 0.131682
vt 0.519955 0.255827
vt 0.531354 0.250769
vt 0.715054 0.101686
vt 0.715054 0.122499
vt 0.792565 0.352368
vt 0.808783 0.345207
vt 0.454984 0.152495
vt 0.468286 0.131682
vt 0.514563 0.245219
vt 0.525363 0.239014
vt 0.726567 0.101686
vt 0.726567 0.122499
vt 0.803725 0.356606
vt 0.820539 0.351199
vt 0.468286 0.152495
vt 0.481419 0.131682
vt 0.508256 0.235332
vt 0.518388 0.228150
vt 0.737938 0.101686
vt 0.737938 0.122499
vt 0.814333 0.361999
vt 0.831402 0.358175
vt 0.481419 0.152495
vt 0.494314 0.131682
vt 0.501284 0.226322
vt 0.510748 0.218366
vt 0.749003 0.101686
vt 0.749003 0.122499
vt 0.824219 0.368306
vt 0.841186 0.365815
vt 0.506858 0.131682
vt 0.506858 0.152495
vt 0.493940 0.218462
vt 0.505049 0.212182
vt 0.759560 0.101686
vt 0.833229 0.375279
vt 0.847370 0.371514
vt 0.515523 0.131682
vt 0.515523 0.152495
vt 0.759560 0.122499
vt 0.769377 0.101686
vt 0.769377 0.122499
vt 0.778196 0.101686
vt 0.579753 0.122499
vt 0.788139 0.101686
vt 0.788139 0.122499
vt 0.945060 0.401093
vt 0.965874 0.412503
vt 0.945060 0.379483
vt 0.965874 0.379483
vt 0.867709 0.393595
vt 0.870205 0.404769
vt 0.857737 0.407390
vt 0.853298 0.398141
vt 0.848091 0.390620
vt 0.865587 0.384442
vt 0.810780 0.285694
vt 0.803710 0.280409
vt 0.318983 0.152496
vt 0.318983 0.131682
vt 0.849499 0.370360
vt 0.848764 0.366199
vt 0.849184 0.372290
vt 0.862698 0.372107
vt 0.506203 0.210053
vt 0.945060 0.370187
vt 0.482969 0.191842
vt 0.469174 0.201814
vt 0.504274 0.210367
vt 0.870314 0.095060
vt 0.870712 0.106350
vt 0.064726 0.131682
vt 0.069945 0.152495
vt 0.871915 0.106441
vt 0.871619 0.107077
vt 0.871239 0.106773
vt 0.871292 0.106324
vt 0.871064 0.107510
vt 0.870813 0.106923
vt 0.770124 0.187644
vt 0.770240 0.188268
vt 0.769791 0.188321
vt 0.769055 0.188495
vt 0.769488 0.187940
vt 0.770214 0.188848
vt 0.769641 0.188747
vt 0.781729 0.188074
vt 0.782319 0.188412
vt 0.781983 0.188758
vt 0.781552 0.188669
vt 0.782685 0.188998
vt 0.782077 0.189190
vt 0.871485 0.094836
vt 0.870891 0.095012
vt 0.870802 0.094582
vt 0.870562 0.093880
vt 0.871148 0.094245
vt 0.870370 0.094487
vt 0.812596 0.267139
vt 0.812615 0.267804
vt 0.811927 0.267962
vt 0.811944 0.267000
vt 0.812364 0.268818
vt 0.812889 0.268410
vt 0.609423 0.246959
vt 0.609562 0.247611
vt 0.608600 0.247628
vt 0.608152 0.246666
vt 0.608758 0.246939
vt 0.607744 0.247191
vt 0.803046 0.281640
vt 0.802304 0.281454
vt 0.802303 0.280730
vt 0.803320 0.280990
vt 0.801304 0.281001
vt 0.801577 0.281604
vt 0.594922 0.256509
vt 0.595572 0.256234
vt 0.595832 0.257251
vt 0.594958 0.257978
vt 0.595108 0.257250
vt 0.595561 0.258250
vt 0.681833 0.387114
vt 0.682316 0.386804
vt 0.682514 0.387053
vt 0.682411 0.387587
vt 0.682794 0.386881
vt 0.683137 0.387369
vt 0.489505 0.377038
vt 0.489755 0.377236
vt 0.489444 0.377718
vt 0.489189 0.376414
vt 0.489677 0.376757
vt 0.488972 0.377140
vt 0.847748 0.371033
vt 0.847995 0.370481
vt 0.848260 0.370597
vt 0.848541 0.371121
vt 0.848314 0.370321
vt 0.848899 0.370414
vt 0.505966 0.211292
vt 0.506083 0.211557
vt 0.505531 0.211804
vt 0.506149 0.210653
vt 0.506242 0.211237
vt 0.505443 0.211010
vt 0.866852 0.107687
vt 0.866966 0.108334
vt 0.865731 0.094162
vt 0.945060 0.085988
vt 0.945060 0.085360
vt 0.965874 0.085360
vt 0.945060 0.084732
vt 0.768230 0.192593
vt 0.768877 0.192708
vt 0.782403 0.193829
vt 0.529657 0.071687
vt 0.529657 0.092500
vt 0.530273 0.071687
vt 0.862531 0.108370
vt 0.862643 0.109015
vt 0.865731 0.093536
vt 0.860631 0.094506
vt 0.767549 0.196917
vt 0.768194 0.197028
vt 0.782058 0.198929
vt 0.783029 0.193829
vt 0.858886 0.109061
vt 0.859028 0.109701
vt 0.860560 0.093872
vt 0.856040 0.095227
vt 0.766863 0.200532
vt 0.767503 0.200674
vt 0.781337 0.203520
vt 0.782693 0.199000
vt 0.855880 0.109827
vt 0.856067 0.110455
vt 0.855914 0.094595
vt 0.851951 0.096218
vt 0.766109 0.203493
vt 0.766737 0.203679
vt 0.780346 0.207609
vt 0.781969 0.203646
vt 0.853442 0.110659
vt 0.853680 0.111268
vt 0.851771 0.095596
vt 0.848329 0.097433
vt 0.765296 0.205879
vt 0.765904 0.206118
vt 0.779131 0.211231
vt 0.780968 0.207789
vt 0.851471 0.111540
vt 0.851763 0.112118
vt 0.848094 0.096828
vt 0.845127 0.098843
vt 0.845417 0.099422
vt 0.764446 0.207797
vt 0.765024 0.208088
vt 0.777721 0.214433
vt 0.779736 0.211466
vt 0.849838 0.112458
vt 0.841949 0.099885
vt 0.844838 0.098265
vt 0.842293 0.100437
vt 0.764106 0.209722
vt 0.776126 0.217267
vt 0.778298 0.214722
vt 0.776678 0.217611
vt 0.848417 0.113449
vt 0.850186 0.113009
vt 0.839373 0.101674
vt 0.839768 0.102192
vt 0.763554 0.209374
vt 0.763114 0.211143
vt 0.774372 0.219792
vt 0.774890 0.220187
vt 0.847099 0.114558
vt 0.848814 0.113967
vt 0.837063 0.103609
vt 0.837502 0.104092
vt 0.762596 0.210745
vt 0.762006 0.212460
vt 0.772471 0.222058
vt 0.772954 0.222497
vt 0.845804 0.115840
vt 0.847540 0.115041
vt 0.834973 0.105671
vt 0.835448 0.106121
vt 0.761523 0.212019
vt 0.760724 0.213755
vt 0.770442 0.224112
vt 0.770892 0.224586
vt 0.844478 0.117342
vt 0.846280 0.116289
vt 0.833056 0.107837
vt 0.833557 0.108258
vt 0.760275 0.213280
vt 0.759221 0.215082
vt 0.768305 0.226002
vt 0.768726 0.226503
vt 0.843083 0.119099
vt 0.844979 0.117763
vt 0.831266 0.110086
vt 0.831786 0.110485
vt 0.758801 0.214580
vt 0.757465 0.216477
vt 0.766078 0.227774
vt 0.766477 0.228293
vt 0.841729 0.120930
vt 0.843602 0.119496
vt 0.829628 0.112304
vt 0.830163 0.112685
vt 0.757067 0.215957
vt 0.755633 0.217830
vt 0.756014 0.218364
vt 0.763878 0.229397
vt 0.764259 0.229931
vt 0.840563 0.122624
vt 0.842263 0.121311
vt 0.841108 0.122985
vt 0.828728 0.114767
vt 0.753578 0.218452
vt 0.755252 0.217297
vt 0.753940 0.218996
vt 0.761796 0.230832
vt 0.839582 0.124162
vt 0.840140 0.124503
vt 0.828182 0.114406
vt 0.827460 0.116758
vt 0.752061 0.219420
vt 0.752401 0.219977
vt 0.759805 0.232099
vt 0.762157 0.231378
vt 0.838750 0.125591
vt 0.839319 0.125908
vt 0.826901 0.116418
vt 0.826335 0.118690
vt 0.750656 0.220240
vt 0.750973 0.220810
vt 0.757873 0.233225
vt 0.760145 0.232658
vt 0.838026 0.126962
vt 0.838607 0.127254
vt 0.825763 0.118373
vt 0.825328 0.120594
vt 0.825911 0.120887
vt 0.749310 0.220952
vt 0.749601 0.221533
vt 0.755969 0.234231
vt 0.758190 0.233797
vt 0.837370 0.128339
vt 0.823824 0.122235
vt 0.824745 0.120302
vt 0.824420 0.122505
vt 0.748224 0.222189
vt 0.754057 0.235140
vt 0.756261 0.234814
vt 0.754327 0.235735
vt 0.836749 0.129790
vt 0.837964 0.128607
vt 0.822978 0.124209
vt 0.823584 0.124457
vt 0.747956 0.221595
vt 0.746773 0.222810
vt 0.752106 0.235975
vt 0.752354 0.236581
vt 0.836137 0.131375
vt 0.837354 0.130036
vt 0.822187 0.126253
vt 0.822802 0.126480
vt 0.746527 0.222205
vt 0.745189 0.223422
vt 0.750082 0.236758
vt 0.750310 0.237372
vt 0.835515 0.133144
vt 0.836751 0.131601
vt 0.821431 0.128398
vt 0.822051 0.128609
vt 0.744962 0.222808
vt 0.743419 0.224045
vt 0.747953 0.237508
vt 0.748164 0.238128
vt 0.834865 0.135141
vt 0.836134 0.133354
vt 0.820688 0.130677
vt 0.821313 0.130875
vt 0.743209 0.223425
vt 0.741422 0.224694
vt 0.745688 0.238246
vt 0.745885 0.238871
vt 0.834176 0.137393
vt 0.835489 0.135338
vt 0.819939 0.133122
vt 0.820568 0.133310
vt 0.741226 0.224070
vt 0.739170 0.225383
vt 0.739357 0.226011
vt 0.743253 0.238991
vt 0.743441 0.239620
vt 0.833515 0.139654
vt 0.834803 0.137581
vt 0.834149 0.139826
vt 0.819803 0.135933
vt 0.736737 0.225410
vt 0.738982 0.224755
vt 0.736909 0.226044
vt 0.740629 0.239756
vt 0.832383 0.144197
vt 0.833023 0.144340
vt 0.819173 0.135763
vt 0.818510 0.141114
vt 0.819146 0.141256
vt 0.732223 0.226536
vt 0.732366 0.227175
vt 0.735448 0.241048
vt 0.740799 0.240386
vt 0.831269 0.149816
vt 0.816647 0.147195
vt 0.817876 0.140973
vt 0.817289 0.147311
vt 0.726747 0.228289
vt 0.729252 0.242270
vt 0.735590 0.241683
vt 0.729368 0.242912
vt 0.830165 0.156501
vt 0.831915 0.149933
vt 0.815484 0.154260
vt 0.816129 0.154359
vt 0.726629 0.227643
vt 0.720062 0.229393
vt 0.722204 0.243429
vt 0.722303 0.244075
vt 0.829092 0.163971
vt 0.830813 0.156601
vt 0.814378 0.161982
vt 0.815025 0.162070
vt 0.719962 0.228745
vt 0.712592 0.230465
vt 0.714492 0.244533
vt 0.714581 0.245180
vt 0.828058 0.171993
vt 0.829742 0.164060
vt 0.813324 0.170175
vt 0.813973 0.170256
vt 0.712503 0.229816
vt 0.704569 0.231500
vt 0.706307 0.245585
vt 0.706387 0.246234
vt 0.827062 0.180358
vt 0.828708 0.172074
vt 0.812316 0.178653
vt 0.812965 0.178729
vt 0.704489 0.230850
vt 0.696205 0.232496
vt 0.697833 0.246593
vt 0.697909 0.247242
vt 0.826102 0.188866
vt 0.827712 0.180433
vt 0.811349 0.187229
vt 0.811998 0.187302
vt 0.696130 0.231845
vt 0.687697 0.233455
vt 0.689261 0.247559
vt 0.689333 0.248209
vt 0.825175 0.197326
vt 0.826752 0.188938
vt 0.810419 0.195717
vt 0.811068 0.195788
vt 0.687625 0.232806
vt 0.679237 0.234382
vt 0.680774 0.248488
vt 0.680845 0.249138
vt 0.824277 0.205554
vt 0.825824 0.197397
vt 0.809522 0.203929
vt 0.810172 0.204001
vt 0.679166 0.233732
vt 0.671009 0.235280
vt 0.672561 0.249385
vt 0.672633 0.250035
vt 0.823402 0.213371
vt 0.824926 0.205625
vt 0.808654 0.211681
vt 0.809304 0.211756
vt 0.670937 0.234630
vt 0.663191 0.236154
vt 0.664806 0.250252
vt 0.664881 0.250903
vt 0.822543 0.220614
vt 0.824052 0.213446
vt 0.807810 0.218785
vt 0.808459 0.218866
vt 0.663116 0.235505
vt 0.655948 0.237013
vt 0.657696 0.251097
vt 0.657777 0.251747
vt 0.821692 0.227097
vt 0.823191 0.220695
vt 0.806985 0.225053
vt 0.807634 0.225144
vt 0.655868 0.236365
vt 0.649465 0.237863
vt 0.651418 0.251922
vt 0.651509 0.252571
vt 0.820835 0.232876
vt 0.822339 0.227188
vt 0.806165 0.230557
vt 0.806813 0.230660
vt 0.649375 0.237217
vt 0.643686 0.238721
vt 0.645902 0.252743
vt 0.646005 0.253391
vt 0.819847 0.238696
vt 0.821480 0.232979
vt 0.805235 0.236016
vt 0.805880 0.236135
vt 0.643584 0.238076
vt 0.637867 0.239708
vt 0.640426 0.253675
vt 0.640546 0.254321
vt 0.818677 0.244565
vt 0.820490 0.238814
vt 0.804154 0.241394
vt 0.804797 0.241536
vt 0.637748 0.239066
vt 0.631998 0.240879
vt 0.635026 0.254759
vt 0.635168 0.255401
vt 0.817272 0.250462
vt 0.819314 0.244704
vt 0.802880 0.246658
vt 0.803516 0.246830
vt 0.631858 0.240241
vt 0.626100 0.242284
vt 0.629732 0.256039
vt 0.629903 0.256675
vt 0.815585 0.256378
vt 0.817904 0.250627
vt 0.801361 0.251773
vt 0.801987 0.251982
vt 0.625935 0.241652
vt 0.620184 0.243970
vt 0.624580 0.257568
vt 0.624789 0.258194
vt 0.813600 0.262329
vt 0.816211 0.256571
vt 0.799533 0.256690
vt 0.800137 0.256948
vt 0.619991 0.243344
vt 0.614233 0.245955
vt 0.614449 0.246575
vt 0.619614 0.259418
vt 0.619872 0.260022
vt 0.814226 0.262544
vt 0.797866 0.261657
vt 0.798464 0.261952
vt 0.614018 0.245329
vt 0.945060 0.260778
vt 0.965874 0.260778
vt 0.945060 0.260118
vt 0.614905 0.261689
vt 0.797285 0.261340
vt 0.791910 0.270134
vt 0.792384 0.270579
vt 0.064726 0.152495
vt 0.064076 0.152496
vt 0.064076 0.131682
vt 0.620313 0.152496
vt 0.606427 0.267645
vt 0.615221 0.262270
vt 0.797263 0.284481
vt 0.787943 0.273301
vt 0.791414 0.269704
vt 0.788367 0.273769
vt 0.592080 0.262291
vt 0.602793 0.271188
vt 0.606857 0.268141
vt 0.603260 0.271612
vt 0.791787 0.288360
vt 0.797664 0.284987
vt 0.784049 0.276390
vt 0.784396 0.276894
vt 0.591575 0.261891
vt 0.588201 0.267767
vt 0.588733 0.268096
vt 0.599667 0.275159
vt 0.600171 0.275506
vt 0.785923 0.291485
vt 0.792109 0.288884
vt 0.786187 0.292041
vt 0.779965 0.279526
vt 0.584520 0.273367
vt 0.587677 0.267445
vt 0.585076 0.273631
vt 0.597035 0.279590
vt 0.779666 0.294089
vt 0.779880 0.294659
vt 0.779684 0.278991
vt 0.774829 0.281873
vt 0.581902 0.279674
vt 0.582472 0.279889
vt 0.594688 0.284725
vt 0.597570 0.279871
vt 0.773654 0.296124
vt 0.773830 0.296702
vt 0.774603 0.281324
vt 0.769714 0.283741
vt 0.579859 0.285724
vt 0.580436 0.285900
vt 0.592819 0.289841
vt 0.595237 0.284952
vt 0.767772 0.297716
vt 0.767913 0.298300
vt 0.769531 0.283182
vt 0.764654 0.285192
vt 0.578261 0.291642
vt 0.578844 0.291782
vt 0.591368 0.294900
vt 0.593379 0.290023
vt 0.762058 0.298914
vt 0.762165 0.299502
vt 0.764511 0.284625
vt 0.759695 0.286275
vt 0.577058 0.297389
vt 0.577647 0.297496
vt 0.590286 0.299860
vt 0.591936 0.295043
vt 0.756545 0.299758
vt 0.756621 0.300350
vt 0.759587 0.285701
vt 0.754884 0.287033
vt 0.576210 0.302933
vt 0.576803 0.303009
vt 0.589527 0.304671
vt 0.590859 0.299968
vt 0.751287 0.300292
vt 0.751333 0.300887
vt 0.754808 0.286455
vt 0.750272 0.287509
vt 0.575673 0.308221
vt 0.576268 0.308267
vt 0.589051 0.309282
vt 0.590105 0.304746
vt 0.746321 0.300557
vt 0.746339 0.301153
vt 0.750227 0.286927
vt 0.745914 0.287742
vt 0.575407 0.313215
vt 0.576003 0.313233
vt 0.588818 0.313640
vt 0.589633 0.309327
vt 0.741692 0.300593
vt 0.741684 0.301191
vt 0.745896 0.287158
vt 0.741862 0.287774
vt 0.741853 0.288360
vt 0.575369 0.317870
vt 0.575967 0.317862
vt 0.588786 0.317693
vt 0.589402 0.313658
vt 0.737442 0.300439
vt 0.738205 0.287056
vt 0.741870 0.287187
vt 0.738171 0.287640
vt 0.576121 0.322112
vt 0.588919 0.321383
vt 0.589373 0.317684
vt 0.589504 0.321350
vt 0.733602 0.300130
vt 0.737407 0.301033
vt 0.734958 0.286796
vt 0.734899 0.287379
vt 0.575527 0.322147
vt 0.576430 0.325953
vt 0.589180 0.324656
vt 0.589763 0.324596
vt 0.730175 0.299697
vt 0.733540 0.300721
vt 0.732184 0.286447
vt 0.732096 0.287024
vt 0.575839 0.326014
vt 0.576862 0.329379
vt 0.577449 0.329289
vt 0.589535 0.327459
vt 0.590113 0.327371
vt 0.727322 0.299186
vt 0.730086 0.300280
vt 0.727207 0.299768
vt 0.729816 0.286621
vt 0.576791 0.332348
vt 0.576279 0.329468
vt 0.577374 0.332232
vt 0.589939 0.329739
vt 0.720782 0.297756
vt 0.720652 0.298335
vt 0.729930 0.286045
vt 0.723596 0.285258
vt 0.578224 0.338903
vt 0.578803 0.338773
vt 0.591301 0.335958
vt 0.590515 0.329625
vt 0.714466 0.296301
vt 0.714332 0.296879
vt 0.723726 0.284685
vt 0.717368 0.283812
vt 0.579680 0.345223
vt 0.580258 0.345089
vt 0.592747 0.342187
vt 0.591874 0.335829
vt 0.708278 0.294860
vt 0.708145 0.295438
vt 0.717501 0.283239
vt 0.711163 0.282350
vt 0.581121 0.351409
vt 0.581698 0.351277
vt 0.594209 0.348392
vt 0.593320 0.342053
vt 0.702269 0.293501
vt 0.702143 0.294080
vt 0.711297 0.281776
vt 0.705029 0.280940
vt 0.582479 0.357411
vt 0.583058 0.357285
vt 0.595619 0.354526
vt 0.594783 0.348258
vt 0.696495 0.292286
vt 0.696381 0.292869
vt 0.705157 0.280362
vt 0.699011 0.279646
vt 0.583690 0.363174
vt 0.584272 0.363059
vt 0.596912 0.360543
vt 0.596196 0.354397
vt 0.691027 0.291279
vt 0.690930 0.291865
vt 0.699129 0.279065
vt 0.693158 0.278537
vt 0.584693 0.368625
vt 0.585279 0.368528
vt 0.598022 0.366397
vt 0.597494 0.360426
vt 0.685943 0.290535
vt 0.685872 0.291126
vt 0.693258 0.277949
vt 0.687517 0.277676
vt 0.585432 0.373682
vt 0.586023 0.373612
vt 0.598883 0.372037
vt 0.598609 0.366297
vt 0.681336 0.290102
vt 0.681301 0.290697
vt 0.687593 0.277082
vt 0.682141 0.277129
vt 0.585861 0.378253
vt 0.586456 0.378218
vt 0.599429 0.377414
vt 0.599476 0.371962
vt 0.677319 0.290003
vt 0.677333 0.290600
vt 0.682181 0.276529
vt 0.677082 0.276961
vt 0.585958 0.382221
vt 0.586555 0.382235
vt 0.599597 0.382473
vt 0.600029 0.377374
vt 0.674020 0.290224
vt 0.674099 0.290819
vt 0.677074 0.276356
vt 0.672398 0.277229
vt 0.585739 0.385455
vt 0.586334 0.385534
vt 0.599329 0.387157
vt 0.600202 0.382480
vt 0.671563 0.290694
vt 0.671724 0.291268
vt 0.672326 0.276626
vt 0.668143 0.277978
vt 0.668294 0.278568
vt 0.585290 0.387830
vt 0.585864 0.387992
vt 0.598580 0.391412
vt 0.599932 0.387228
vt 0.669508 0.291449
vt 0.664099 0.278694
vt 0.667993 0.277391
vt 0.664330 0.279265
vt 0.585109 0.390046
vt 0.597293 0.395224
vt 0.599166 0.391561
vt 0.597863 0.395455
vt 0.668427 0.292000
vt 0.669772 0.292018
vt 0.661875 0.279754
vt 0.662164 0.280306
vt 0.584540 0.389782
vt 0.584558 0.391127
vt 0.585108 0.391411
vt 0.596252 0.397390
vt 0.596804 0.397679
vt 0.667064 0.292775
vt 0.668705 0.292559
vt 0.667379 0.293293
vt 0.660078 0.281497
vt 0.583265 0.392175
vt 0.583998 0.390849
vt 0.583782 0.392491
vt 0.595061 0.399477
vt 0.665787 0.293621
vt 0.666136 0.294112
vt 0.659752 0.280970
vt 0.658092 0.282816
vt 0.582446 0.393419
vt 0.582936 0.393768
vt 0.593742 0.401463
vt 0.595588 0.399803
vt 0.664587 0.294537
vt 0.664967 0.295002
vt 0.657733 0.282313
vt 0.656209 0.284252
vt 0.581555 0.394588
vt 0.582021 0.394968
vt 0.592305 0.403346
vt 0.594245 0.401822
vt 0.663460 0.295520
vt 0.663871 0.295960
vt 0.655818 0.283773
vt 0.654431 0.285798
vt 0.580598 0.395684
vt 0.581038 0.396095
vt 0.590759 0.405124
vt 0.592784 0.403737
vt 0.662406 0.296569
vt 0.662846 0.296982
vt 0.654010 0.285346
vt 0.652762 0.287450
vt 0.579575 0.396708
vt 0.579988 0.397149
vt 0.589107 0.406793
vt 0.591212 0.405545
vt 0.661420 0.297685
vt 0.661889 0.298071
vt 0.652313 0.287026
vt 0.651205 0.289204
vt 0.578486 0.397666
vt 0.578873 0.398134
vt 0.587353 0.408350
vt 0.589532 0.407243
vt 0.660504 0.298864
vt 0.660998 0.299222
vt 0.650729 0.288809
vt 0.649766 0.291056
vt 0.577335 0.398557
vt 0.577694 0.399051
vt 0.585502 0.409789
vt 0.587748 0.408826
vt 0.659657 0.300103
vt 0.660174 0.300432
vt 0.649265 0.290693
vt 0.648449 0.293000
vt 0.576125 0.399380
vt 0.576454 0.399897
vt 0.583557 0.411105
vt 0.585865 0.410290
vt 0.658883 0.301401
vt 0.659420 0.301698
vt 0.647926 0.292671
vt 0.647263 0.295033
vt 0.574859 0.400134
vt 0.575156 0.400671
vt 0.581524 0.412292
vt 0.583886 0.411629
vt 0.658185 0.302752
vt 0.658737 0.303016
vt 0.646719 0.294740
vt 0.646211 0.297147
vt 0.573541 0.400817
vt 0.573805 0.401369
vt 0.579410 0.413344
vt 0.581817 0.412836
vt 0.657573 0.304133
vt 0.658130 0.304362
vt 0.645650 0.296892
vt 0.645299 0.299334
vt 0.572195 0.401425
vt 0.572424 0.401982
vt 0.577222 0.414256
vt 0.579665 0.413905
vt 0.656995 0.305758
vt 0.657560 0.305937
vt 0.644724 0.299118
vt 0.644450 0.301836
vt 0.645034 0.302011
vt 0.570620 0.401994
vt 0.570799 0.402559
vt 0.574721 0.415105
vt 0.577438 0.414831
vt 0.656525 0.307454
vt 0.643179 0.304279
vt 0.643867 0.301661
vt 0.643773 0.304415
vt 0.569103 0.403029
vt 0.572142 0.415781
vt 0.574896 0.415688
vt 0.572277 0.416375
vt 0.656156 0.309268
vt 0.657104 0.307593
vt 0.642657 0.306982
vt 0.643257 0.307080
vt 0.568964 0.402450
vt 0.567289 0.403398
vt 0.569477 0.416297
vt 0.569574 0.416897
vt 0.655887 0.311219
vt 0.656742 0.309369
vt 0.642298 0.309775
vt 0.642901 0.309835
vt 0.567188 0.402812
vt 0.565337 0.403667
vt 0.566721 0.416653
vt 0.566782 0.417256
vt 0.655723 0.313322
vt 0.656478 0.311283
vt 0.642098 0.312660
vt 0.642702 0.312687
vt 0.565273 0.403076
vt 0.563235 0.403831
vt 0.563870 0.416853
vt 0.563896 0.417456
vt 0.655672 0.315587
vt 0.656318 0.313352
vt 0.642053 0.315645
vt 0.642655 0.315640
vt 0.563205 0.403236
vt 0.560969 0.403881
vt 0.560916 0.416899
vt 0.560911 0.417502
vt 0.655740 0.318024
vt 0.656267 0.315586
vt 0.642158 0.318734
vt 0.642759 0.318700
vt 0.560971 0.403286
vt 0.558533 0.403814
vt 0.557856 0.416795
vt 0.557822 0.417396
vt 0.655932 0.320636
vt 0.656334 0.317994
vt 0.642412 0.321933
vt 0.643009 0.321874
vt 0.558563 0.403220
vt 0.555921 0.403622
vt 0.554682 0.416545
vt 0.554623 0.417142
vt 0.656252 0.323428
vt 0.656524 0.320581
vt 0.642810 0.325248
vt 0.643403 0.325166
vt 0.555976 0.403030
vt 0.553128 0.403301
vt 0.551390 0.416151
vt 0.551308 0.416744
vt 0.656704 0.326402
vt 0.656842 0.323350
vt 0.643349 0.328684
vt 0.643939 0.328582
vt 0.553207 0.402712
vt 0.550155 0.402850
vt 0.547974 0.415615
vt 0.547872 0.416204
vt 0.657288 0.329559
vt 0.657290 0.326303
vt 0.644031 0.332249
vt 0.644617 0.332127
vt 0.550254 0.402263
vt 0.546997 0.402266
vt 0.546880 0.402848
vt 0.544429 0.414936
vt 0.544307 0.415523
vt 0.657964 0.332701
vt 0.657873 0.329442
vt 0.658542 0.332560
vt 0.645438 0.335794
vt 0.543997 0.401012
vt 0.547115 0.401680
vt 0.543856 0.401590
vt 0.540763 0.414115
vt 0.659083 0.336788
vt 0.659644 0.336609
vt 0.644861 0.335940
vt 0.646822 0.340711
vt 0.647386 0.340528
vt 0.539947 0.399909
vt 0.539769 0.400470
vt 0.535846 0.412731
vt 0.540616 0.414693
vt 0.660408 0.340449
vt 0.647940 0.345493
vt 0.646259 0.340892
vt 0.648491 0.345271
vt 0.536108 0.399145
vt 0.531285 0.411062
vt 0.535664 0.413294
vt 0.531063 0.411612
vt 0.661991 0.343998
vt 0.660958 0.340227
vt 0.649858 0.349816
vt 0.650394 0.349561
vt 0.536330 0.398595
vt 0.532559 0.397561
vt 0.526995 0.409158
vt 0.526740 0.409694
vt 0.663813 0.347523
vt 0.662526 0.343741
vt 0.651954 0.353923
vt 0.652479 0.353642
vt 0.532816 0.397027
vt 0.529034 0.395740
vt 0.522914 0.407073
vt 0.522633 0.407598
vt 0.665847 0.351100
vt 0.664335 0.347240
vt 0.654168 0.357872
vt 0.654684 0.357576
vt 0.529317 0.395218
vt 0.525457 0.393706
vt 0.518981 0.404868
vt 0.518684 0.405384
vt 0.668055 0.354799
vt 0.666362 0.350800
vt 0.656434 0.361723
vt 0.656948 0.361420
vt 0.525757 0.393191
vt 0.521758 0.391497
vt 0.515137 0.402604
vt 0.514833 0.403118
vt 0.670380 0.358687
vt 0.668567 0.354493
vt 0.658688 0.365534
vt 0.659205 0.365234
vt 0.522064 0.390985
vt 0.517870 0.389172
vt 0.511323 0.400347
vt 0.511023 0.400863
vt 0.672747 0.362834
vt 0.670896 0.358386
vt 0.660866 0.369361
vt 0.661390 0.369074
vt 0.518171 0.388656
vt 0.513723 0.386805
vt 0.507483 0.398161
vt 0.507196 0.398686
vt 0.675062 0.367302
vt 0.673273 0.362548
vt 0.662901 0.373260
vt 0.663438 0.372998
vt 0.514009 0.386280
vt 0.509255 0.384490
vt 0.503559 0.396114
vt 0.503297 0.396651
vt 0.677233 0.372138
vt 0.675600 0.367042
vt 0.664732 0.377286
vt 0.665284 0.377058
vt 0.509515 0.383952
vt 0.504420 0.382319
vt 0.499499 0.394268
vt 0.499271 0.394819
vt 0.679102 0.377374
vt 0.677786 0.371915
vt 0.666300 0.381493
vt 0.666864 0.381309
vt 0.504643 0.381766
vt 0.499184 0.380450
vt 0.499000 0.381009
vt 0.495248 0.392688
vt 0.495064 0.393251
vt 0.680695 0.382681
vt 0.679654 0.377194
vt 0.681266 0.382528
vt 0.668129 0.385799
vt 0.494030 0.378286
vt 0.499363 0.379898
vt 0.493877 0.378857
vt 0.490759 0.391422
vt 0.667553 0.385940
vt 0.669119 0.390542
vt 0.669698 0.390436
vt 0.318540 0.152496
vt 0.318540 0.131682
vt 0.486016 0.390432
vt 0.490618 0.391999
vt 0.669247 0.395196
vt 0.668534 0.390649
vt 0.669851 0.395212
vt 0.481346 0.389700
vt 0.485909 0.391017
vt 0.481362 0.390304
vt 0.670109 0.407846
vt 0.670711 0.407852
vt 0.670470 0.395346
vt 0.481212 0.389081
vt 0.468706 0.388840
vt 0.468712 0.389441
vt 0.686369 0.408713
vt 0.683584 0.416993
vt 0.686960 0.408866
vt 0.684176 0.417111
vt 0.670267 0.417079
vt 0.670872 0.417068
vt 0.459448 0.375375
vt 0.467692 0.372592
vt 0.467846 0.373182
vt 0.459565 0.375967
vt 0.459490 0.388678
vt 0.459479 0.389283
vt 0.590395 0.249197
vt 0.589925 0.249611
vt 0.600316 0.239584
vt 0.809943 0.286637
vt 0.810357 0.286167
vt 0.819971 0.276246
vt 0.585367 0.244314
vt 0.584962 0.244780
vt 0.600763 0.239111
vt 0.594074 0.234019
vt 0.814774 0.291600
vt 0.815240 0.291196
vt 0.825535 0.282489
vt 0.820444 0.275799
vt 0.578790 0.239220
vt 0.578442 0.239718
vt 0.594470 0.233533
vt 0.586365 0.228239
vt 0.586017 0.228749
vt 0.819836 0.298120
vt 0.820333 0.297772
vt 0.831315 0.290197
vt 0.826021 0.282092
vt 0.570322 0.233887
vt 0.577143 0.221813
vt 0.586711 0.227732
vt 0.576843 0.222345
vt 0.825666 0.306240
vt 0.837209 0.299720
vt 0.831822 0.289852
vt 0.837740 0.299420
vt 0.559579 0.228379
vt 0.570019 0.234419
vt 0.565415 0.215823
vt 0.565157 0.216375
vt 0.825135 0.306543
vt 0.831174 0.316984
vt 0.843178 0.311406
vt 0.843730 0.311148
vt 0.546204 0.222771
vt 0.559320 0.228935
vt 0.551177 0.209808
vt 0.550957 0.210377
vt 0.830619 0.317242
vt 0.836782 0.330359
vt 0.849176 0.325606
vt 0.849745 0.325386
vt 0.529827 0.217118
vt 0.545985 0.223345
vt 0.534052 0.203789
vt 0.533863 0.204374
vt 0.836208 0.330578
vt 0.842434 0.346736
vt 0.855179 0.342701
vt 0.855764 0.342512
vt 0.510225 0.211373
vt 0.529640 0.217704
vt 0.513589 0.197779
vt 0.513429 0.198379
vt 0.841848 0.346923
vt 0.848179 0.366338
vt 0.861172 0.363134
vt 0.861772 0.362974
vt 0.504536 0.195585
vt 0.504453 0.196208
vt 0.492324 0.193365
vt 0.504456 0.196853
vt 0.863343 0.372111
vt 0.866186 0.384240
vt 0.863967 0.372027
vt 0.476179 0.369196
vt 0.485276 0.363216
vt 0.475936 0.368638
vt 0.690913 0.400623
vt 0.690355 0.400380
vt 0.696336 0.391282
vt 0.492104 0.357772
vt 0.485006 0.362672
vt 0.691501 0.376822
vt 0.696879 0.391552
vt 0.701780 0.384455
vt 0.701317 0.384106
vt 0.500359 0.350888
vt 0.491735 0.357306
vt 0.499953 0.350447
vt 0.500109 0.368527
vt 0.499737 0.368051
vt 0.509082 0.360505
vt 0.709105 0.376606
vt 0.702246 0.384823
vt 0.708664 0.376200
vt 0.699047 0.367477
vt 0.691025 0.376449
vt 0.508069 0.343081
vt 0.507616 0.342683
vt 0.509483 0.360953
vt 0.517881 0.351773
vt 0.716869 0.368943
vt 0.716471 0.368490
vt 0.707779 0.358678
vt 0.698600 0.367075
vt 0.514867 0.334380
vt 0.514365 0.334040
vt 0.518332 0.352175
vt 0.525771 0.341804
vt 0.725512 0.362194
vt 0.725173 0.361692
vt 0.717749 0.350788
vt 0.707377 0.358227
vt 0.520471 0.324757
vt 0.519922 0.324492
vt 0.526273 0.342147
vt 0.532399 0.330550
vt 0.735060 0.356637
vt 0.734796 0.356089
vt 0.729003 0.344160
vt 0.717406 0.350286
vt 0.524636 0.314113
vt 0.524055 0.313940
vt 0.532948 0.330818
vt 0.537413 0.317973
vt 0.536821 0.317792
vt 0.745613 0.352505
vt 0.745439 0.351924
vt 0.741580 0.339146
vt 0.728735 0.343612
vt 0.527169 0.302168
vt 0.541112 0.304016
vt 0.537989 0.318150
vt 0.540501 0.303930
vt 0.757385 0.349391
vt 0.755623 0.336059
vt 0.741403 0.338570
vt 0.755537 0.335448
vt 0.527705 0.290358
vt 0.526558 0.302090
vt 0.541957 0.290033
vt 0.541328 0.290046
vt 0.757463 0.350002
vt 0.769195 0.348855
vt 0.769507 0.335232
vt 0.769519 0.334604
vt 0.526438 0.278646
vt 0.527083 0.290377
vt 0.540527 0.276185
vt 0.539903 0.276292
vt 0.769175 0.349478
vt 0.780906 0.350122
vt 0.783261 0.336658
vt 0.783368 0.336034
vt 0.523591 0.267175
vt 0.525819 0.278756
vt 0.537290 0.262901
vt 0.536686 0.263087
vt 0.780796 0.350742
vt 0.792377 0.352970
vt 0.796466 0.339875
vt 0.796652 0.339272
vt 0.519377 0.256083
vt 0.522987 0.267364
vt 0.532512 0.250258
vt 0.531934 0.250513
vt 0.792188 0.353574
vt 0.803469 0.357185
vt 0.809039 0.344628
vt 0.809294 0.344050
vt 0.514014 0.245532
vt 0.518797 0.256340
vt 0.526458 0.238386
vt 0.525911 0.238699
vt 0.803212 0.357764
vt 0.814020 0.362548
vt 0.820853 0.350651
vt 0.821166 0.350105
vt 0.507741 0.235695
vt 0.513464 0.245846
vt 0.519408 0.227426
vt 0.518900 0.227787
vt 0.813705 0.363098
vt 0.823856 0.368822
vt 0.831765 0.357662
vt 0.832126 0.357154
vt 0.500804 0.226731
vt 0.507223 0.236059
vt 0.511686 0.217581
vt 0.511211 0.217984
vt 0.823492 0.369339
vt 0.832821 0.375759
vt 0.841568 0.365352
vt 0.841971 0.364877
vt 0.493427 0.218833
vt 0.500323 0.227141
vt 0.832410 0.376240
vt 0.840718 0.383135
vt 0.841089 0.382622
vt 0.515914 0.152495
vt 0.485709 0.212076
vt 0.492951 0.219259
vt 0.485381 0.212628
vt 0.868311 0.393411
vt 0.866791 0.384073
vt 0.868919 0.393252
vt 0.846923 0.391182
vt 0.840292 0.383611
vt 0.847475 0.390854
vt 0.870819 0.404640
vt 0.871434 0.404507
vt 0.483312 0.190632
vt 0.492490 0.192760
vt 0.483153 0.191240
vt 0.472058 0.188117
vt 0.471924 0.188731
vt 0.478207 0.206885
vt 0.477932 0.207465
vt 0.852086 0.398631
vt 0.852666 0.398356
vt 0.469014 0.202466
vt 0.468792 0.203058
vt 0.856493 0.407772
vt 0.857084 0.407550
vt 0.847606 0.366477
vt 0.510086 0.211945
vt 0.047764 0.400243
vt 0.047764 0.412497
vt 0.026951 0.412497
vt 0.510457 0.071687
vt 0.945060 0.102964
vt 0.945060 0.106719
vt 0.500163 0.071687
vt 0.491513 0.071687
vt 0.945060 0.113502
vt 0.486038 0.071687
vt 0.945060 0.128952
vt 0.461531 0.071687
vt 0.945060 0.137162
vt 0.447740 0.071687
vt 0.417480 0.071686
vt 0.945060 0.192404
vt 0.385876 0.071686
vt 0.945060 0.220955
vt 0.352246 0.071686
vt 0.945060 0.249598
vt 0.083438 0.152496
vt 0.306950 0.071686
vt 0.103241 0.152496
vt 0.290331 0.071686
vt 0.152980 0.152496
vt 0.238365 0.071686
vt 0.179088 0.152496
vt 0.213028 0.071686
vt 0.207378 0.152496
vt 0.186066 0.071686
vt 0.210109 0.152496
vt 0.178775 0.071686
vt 0.214719 0.152496
vt 0.169190 0.071686
vt 0.220727 0.152496
vt 0.223745 0.152496
vt 0.227021 0.152496
vt 0.156831 0.071686
vt 0.230741 0.152496
vt 0.142348 0.071686
vt 0.242555 0.152496
vt 0.251956 0.152496
vt 0.121053 0.071686
vt 0.280767 0.152496
vt 0.082140 0.071687
vt 0.295747 0.152496
vt 0.313132 0.152496
vt 0.058400 0.071687
vt 0.030905 0.092500
vt 0.561306 0.122499
vt 0.945060 0.314276
vt 0.945060 0.271308
vt 0.558847 0.131682
vt 0.333271 0.152496
vt 0.622338 0.122499
vt 0.371833 0.152495
vt 0.656383 0.122499
vt 0.680410 0.122499
vt 0.494314 0.152495
vt 0.778196 0.122499
vt 0.945060 0.412503
vt 0.471795 0.189346
vt 0.965874 0.084732
vt 0.530272 0.092500
vt 0.620313 0.131682
vt 0.669666 0.417067
vt 0.459491 0.389885
vt 0.515914 0.131682
vt 0.026951 0.400243
vt 0.895897 0.020122
vt 0.895611 0.020585
vt 0.896201 0.020585
vt 0.909891 0.020122
vt 0.909611 0.020585
vt 0.910165 0.020585
vt 0.913940 0.020122
vt 0.913668 0.020585
vt 0.914244 0.020585
vt 0.891380 0.020122
vt 0.891088 0.020585
vt 0.891684 0.020585
vt 0.896201 0.411987
vt 0.895611 0.411987
vt 0.895911 0.412498
vt 0.910165 0.411987
vt 0.909611 0.411987
vt 0.909875 0.412498
vt 0.914244 0.411987
vt 0.913668 0.411987
vt 0.913954 0.412498
vt 0.891395 0.412498
vt 0.891684 0.411987
vt 0.891088 0.411987
vt 0.622498 0.423120
vt 0.622498 0.996585
vt 0.562542 0.397503
vt 0.562542 0.379107
vt 0.554526 0.379107
vt 0.554526 0.397503
vt 0.463307 0.412495
vt 0.463307 0.394099
vt 0.455292 0.394099
vt 0.455292 0.412495
vt 0.622230 0.997503
vt 0.621893 0.422269
vt 0.060003 0.423120
vt 0.060003 0.996585
vt 0.305863 0.379106
vt 0.305863 0.397503
vt 0.313878 0.397503
vt 0.313878 0.379106
vt 0.443751 0.319106
vt 0.443751 0.337502
vt 0.451766 0.337502
vt 0.451766 0.319106
vt 0.059735 0.997503
vt 0.059399 0.422269
vt 0.122504 0.423120
vt 0.122504 0.996585
vt 0.456761 0.319100
vt 0.456761 0.337496
vt 0.464776 0.337496
vt 0.464776 0.319100
vt 0.191926 0.367499
vt 0.191926 0.349103
vt 0.183911 0.349103
vt 0.183911 0.367499
vt 0.122236 0.997503
vt 0.121899 0.422269
vt 0.809999 0.423120
vt 0.809999 0.996585
vt 0.690177 0.367498
vt 0.690177 0.349102
vt 0.682162 0.349102
vt 0.682162 0.367498
vt 0.468312 0.394104
vt 0.468312 0.412500
vt 0.476327 0.412500
vt 0.476327 0.394104
vt 0.809731 0.997503
vt 0.809394 0.422269
vt 0.310001 0.423120
vt 0.310001 0.996585
vt 0.481333 0.394103
vt 0.481333 0.412499
vt 0.489348 0.412499
vt 0.489347 0.394103
vt 0.469768 0.319105
vt 0.469768 0.337502
vt 0.477783 0.337502
vt 0.477783 0.319105
vt 0.309734 0.997503
vt 0.309397 0.422269
vt 0.684996 0.423120
vt 0.684996 0.996585
vt 0.490796 0.337503
vt 0.490796 0.319107
vt 0.482781 0.319107
vt 0.482781 0.337503
vt 0.495788 0.319104
vt 0.495788 0.337500
vt 0.503803 0.337500
vt 0.503803 0.319104
vt 0.684729 0.997503
vt 0.684392 0.422269
vt 0.372502 0.423120
vt 0.372502 0.996585
vt 0.047857 0.319101
vt 0.047857 0.337497
vt 0.055872 0.337497
vt 0.055872 0.319101
vt 0.654645 0.394105
vt 0.654645 0.412502
vt 0.662660 0.412502
vt 0.662660 0.394105
vt 0.372235 0.997503
vt 0.371898 0.422269
vt 0.935002 0.423120
vt 0.935002 0.996585
vt 0.550456 0.337503
vt 0.550456 0.319106
vt 0.542441 0.319106
vt 0.542441 0.337503
vt 0.002497 0.289107
vt 0.002497 0.307503
vt 0.010512 0.307503
vt 0.010512 0.289107
vt 0.934735 0.997503
vt 0.934398 0.422269
vt 0.997499 0.423120
vt 0.997499 0.996585
vt 0.153891 0.337502
vt 0.153891 0.319105
vt 0.145876 0.319105
vt 0.145876 0.337502
vt 0.318881 0.374103
vt 0.318881 0.392499
vt 0.326896 0.392499
vt 0.326896 0.374103
vt 0.997231 0.997503
vt 0.996894 0.422269
vt 0.185004 0.423120
vt 0.185004 0.996585
vt 0.544922 0.392500
vt 0.544922 0.374104
vt 0.536907 0.374104
vt 0.536907 0.392500
vt 0.463309 0.367501
vt 0.463309 0.349105
vt 0.455294 0.349105
vt 0.455294 0.367501
vt 0.184736 0.997503
vt 0.184399 0.422269
vt 0.872496 0.423120
vt 0.872496 0.996585
vt 0.390292 0.412502
vt 0.390292 0.394106
vt 0.382277 0.394106
vt 0.382277 0.412502
vt 0.403310 0.412501
vt 0.403310 0.394105
vt 0.395295 0.394105
vt 0.395295 0.412501
vt 0.872228 0.997503
vt 0.871891 0.422269
vt 0.435000 0.423120
vt 0.435000 0.996584
vt 0.525748 0.349107
vt 0.525748 0.367503
vt 0.533763 0.367503
vt 0.533763 0.349107
vt 0.010517 0.337500
vt 0.010517 0.319104
vt 0.002501 0.319104
vt 0.002501 0.337500
vt 0.434732 0.997503
vt 0.434396 0.422269
vt 0.247503 0.423120
vt 0.247503 0.996585
vt 0.244849 0.344101
vt 0.244849 0.362497
vt 0.252864 0.362497
vt 0.252864 0.344101
vt 0.555451 0.319101
vt 0.555451 0.337497
vt 0.563466 0.337497
vt 0.563466 0.319101
vt 0.247235 0.997503
vt 0.246899 0.422269
vt 0.497500 0.423120
vt 0.497500 0.996584
vt 0.257859 0.344107
vt 0.257859 0.362503
vt 0.265874 0.362503
vt 0.265874 0.344107
vt 0.396071 0.337499
vt 0.396071 0.319103
vt 0.388056 0.319103
vt 0.388056 0.337499
vt 0.497232 0.997503
vt 0.496896 0.422269
vt 0.560003 0.423120
vt 0.560003 0.996585
vt 0.239848 0.362502
vt 0.239848 0.344106
vt 0.231833 0.344106
vt 0.231833 0.362502
vt 0.597906 0.319106
vt 0.597906 0.337502
vt 0.605920 0.337502
vt 0.605920 0.319106
vt 0.559735 0.997503
vt 0.559398 0.422269
vt 0.747497 0.423120
vt 0.747497 0.996584
vt 0.417728 0.319106
vt 0.417728 0.337502
vt 0.425743 0.337502
vt 0.425743 0.319106
vt 0.430738 0.319099
vt 0.430738 0.337495
vt 0.438753 0.337495
vt 0.438753 0.319099
vt 0.747229 0.997503
vt 0.746892 0.422269
vt 0.896201 0.024411
vt 0.909611 0.024411
vt 0.910165 0.024411
vt 0.913668 0.024411
vt 0.876857 0.020585
vt 0.876857 0.024411
vt 0.891088 0.024411
vt 0.895611 0.024411
vt 0.891684 0.024411
vt 0.891684 0.028591
vt 0.895611 0.028591
vt 0.896201 0.028591
vt 0.909611 0.028591
vt 0.910165 0.028591
vt 0.913668 0.028591
vt 0.876857 0.028591
vt 0.891088 0.028591
vt 0.891684 0.032521
vt 0.895611 0.032521
vt 0.896201 0.032521
vt 0.909611 0.032521
vt 0.910165 0.032521
vt 0.913668 0.032521
vt 0.876857 0.032521
vt 0.891088 0.032521
vt 0.891684 0.036198
vt 0.895611 0.036198
vt 0.896201 0.036198
vt 0.909611 0.036198
vt 0.910165 0.036198
vt 0.913668 0.036198
vt 0.876857 0.036198
vt 0.891088 0.036198
vt 0.891684 0.039648
vt 0.895611 0.039648
vt 0.896201 0.039648
vt 0.909611 0.039648
vt 0.910165 0.039648
vt 0.913668 0.039648
vt 0.876857 0.039648
vt 0.891088 0.039648
vt 0.891684 0.042910
vt 0.895611 0.042910
vt 0.896201 0.042910
vt 0.909611 0.042910
vt 0.910165 0.042910
vt 0.913668 0.042910
vt 0.876857 0.042911
vt 0.891088 0.042911
vt 0.891684 0.046014
vt 0.895611 0.046014
vt 0.896201 0.046014
vt 0.909611 0.046014
vt 0.910165 0.046014
vt 0.913668 0.046014
vt 0.876857 0.046014
vt 0.891088 0.046014
vt 0.891684 0.051896
vt 0.895611 0.051896
vt 0.910165 0.051896
vt 0.913668 0.051896
vt 0.876857 0.051896
vt 0.891088 0.051896
vt 0.891684 0.054695
vt 0.895611 0.054695
vt 0.909611 0.051896
vt 0.896201 0.051896
vt 0.896201 0.054695
vt 0.909611 0.054695
vt 0.910165 0.054695
vt 0.913668 0.054695
vt 0.876857 0.054695
vt 0.891088 0.054695
vt 0.891684 0.057488
vt 0.895611 0.057488
vt 0.896201 0.057488
vt 0.909611 0.057488
vt 0.910165 0.057488
vt 0.913668 0.057488
vt 0.876857 0.057488
vt 0.891088 0.057488
vt 0.891684 0.060265
vt 0.895611 0.060265
vt 0.896201 0.060265
vt 0.909611 0.060265
vt 0.910165 0.060265
vt 0.913668 0.060265
vt 0.876857 0.060265
vt 0.891088 0.060265
vt 0.891684 0.062910
vt 0.895611 0.062910
vt 0.896201 0.062910
vt 0.909611 0.062910
vt 0.910165 0.062910
vt 0.913668 0.062910
vt 0.876857 0.062910
vt 0.891088 0.062910
vt 0.891684 0.065345
vt 0.895611 0.065345
vt 0.896201 0.065345
vt 0.909611 0.065345
vt 0.910165 0.065345
vt 0.913668 0.065345
vt 0.876857 0.065345
vt 0.891088 0.065345
vt 0.891684 0.067645
vt 0.895611 0.067645
vt 0.896201 0.067645
vt 0.909611 0.067645
vt 0.910165 0.067645
vt 0.913668 0.067645
vt 0.876857 0.067645
vt 0.891088 0.067645
vt 0.891684 0.078236
vt 0.895611 0.078236
vt 0.896201 0.078236
vt 0.909611 0.078236
vt 0.910165 0.078236
vt 0.913668 0.078236
vt 0.876857 0.078236
vt 0.891088 0.078236
vt 0.891684 0.088031
vt 0.895611 0.088031
vt 0.896201 0.088031
vt 0.909611 0.088031
vt 0.910165 0.088031
vt 0.913668 0.088031
vt 0.876857 0.088031
vt 0.891088 0.088031
vt 0.891684 0.106479
vt 0.895611 0.106479
vt 0.896201 0.106479
vt 0.909611 0.106479
vt 0.910165 0.106479
vt 0.913668 0.106479
vt 0.876857 0.106479
vt 0.891088 0.106479
vt 0.891684 0.138788
vt 0.895611 0.138788
vt 0.896201 0.138788
vt 0.909611 0.138788
vt 0.910165 0.138788
vt 0.913668 0.138788
vt 0.876857 0.138788
vt 0.891088 0.138788
vt 0.891684 0.173935
vt 0.895611 0.173935
vt 0.896201 0.173935
vt 0.909611 0.173935
vt 0.910165 0.173935
vt 0.913668 0.173935
vt 0.876857 0.173935
vt 0.891088 0.173935
vt 0.891684 0.184569
vt 0.895611 0.184569
vt 0.896201 0.184569
vt 0.909611 0.184569
vt 0.910165 0.184569
vt 0.913668 0.184569
vt 0.876857 0.184569
vt 0.891088 0.184569
vt 0.891684 0.194999
vt 0.895611 0.194999
vt 0.896201 0.194999
vt 0.909611 0.194999
vt 0.910165 0.194999
vt 0.913668 0.194999
vt 0.876857 0.194998
vt 0.891088 0.194999
vt 0.891684 0.205145
vt 0.895611 0.205145
vt 0.896201 0.205145
vt 0.909611 0.205145
vt 0.910165 0.205145
vt 0.913668 0.205145
vt 0.876857 0.205145
vt 0.891088 0.205145
vt 0.891684 0.210151
vt 0.895611 0.210151
vt 0.896201 0.210151
vt 0.909611 0.210151
vt 0.910165 0.210151
vt 0.913668 0.210151
vt 0.876857 0.210151
vt 0.891088 0.210151
vt 0.891684 0.215155
vt 0.895611 0.215155
vt 0.896201 0.215155
vt 0.909611 0.215155
vt 0.910165 0.215155
vt 0.913668 0.215155
vt 0.876857 0.215155
vt 0.891088 0.215155
vt 0.891684 0.220133
vt 0.895611 0.220133
vt 0.896201 0.220133
vt 0.909611 0.220133
vt 0.910165 0.220133
vt 0.913668 0.220133
vt 0.876857 0.220133
vt 0.891088 0.220133
vt 0.891684 0.225199
vt 0.895611 0.225199
vt 0.896201 0.225199
vt 0.909611 0.225199
vt 0.910165 0.225199
vt 0.913668 0.225199
vt 0.876857 0.225199
vt 0.891088 0.225199
vt 0.891684 0.230434
vt 0.895611 0.230434
vt 0.896201 0.230433
vt 0.909611 0.230433
vt 0.910165 0.230434
vt 0.913668 0.230434
vt 0.876857 0.230433
vt 0.891088 0.230434
vt 0.891684 0.235915
vt 0.895611 0.235915
vt 0.896201 0.235915
vt 0.909611 0.235915
vt 0.910165 0.235915
vt 0.913668 0.235915
vt 0.876857 0.235915
vt 0.891088 0.235915
vt 0.891684 0.242000
vt 0.895611 0.242000
vt 0.896201 0.242000
vt 0.909611 0.242000
vt 0.910165 0.242000
vt 0.913668 0.242000
vt 0.876857 0.242000
vt 0.891088 0.242000
vt 0.891684 0.247947
vt 0.895611 0.247947
vt 0.896201 0.247947
vt 0.909611 0.247947
vt 0.910165 0.247947
vt 0.913668 0.247947
vt 0.876857 0.247947
vt 0.891088 0.247947
vt 0.891684 0.253742
vt 0.895611 0.253742
vt 0.896201 0.253742
vt 0.909611 0.253742
vt 0.910165 0.253742
vt 0.913668 0.253742
vt 0.876857 0.253742
vt 0.891088 0.253742
vt 0.891684 0.259342
vt 0.895611 0.259342
vt 0.896201 0.259342
vt 0.909611 0.259342
vt 0.910165 0.259342
vt 0.913668 0.259342
vt 0.876857 0.259342
vt 0.891088 0.259342
vt 0.891684 0.264716
vt 0.895611 0.264716
vt 0.896201 0.264716
vt 0.909611 0.264716
vt 0.910165 0.264716
vt 0.913668 0.264716
vt 0.876857 0.264716
vt 0.891088 0.264716
vt 0.891684 0.269821
vt 0.895611 0.269821
vt 0.896201 0.269821
vt 0.909611 0.269821
vt 0.910165 0.269821
vt 0.913668 0.269821
vt 0.876857 0.269821
vt 0.891088 0.269821
vt 0.891684 0.274616
vt 0.895611 0.274616
vt 0.896201 0.274616
vt 0.909611 0.274616
vt 0.910165 0.274616
vt 0.913668 0.274616
vt 0.876857 0.274616
vt 0.891088 0.274616
vt 0.891684 0.279049
vt 0.895611 0.279049
vt 0.896201 0.279049
vt 0.909611 0.279049
vt 0.910165 0.279049
vt 0.913668 0.279049
vt 0.876857 0.279049
vt 0.891088 0.279049
vt 0.891684 0.286649
vt 0.895611 0.286649
vt 0.910165 0.286649
vt 0.913668 0.286649
vt 0.876857 0.286649
vt 0.891088 0.286649
vt 0.891684 0.292313
vt 0.895611 0.292313
vt 0.910165 0.292313
vt 0.913668 0.292313
vt 0.876857 0.292313
vt 0.891088 0.292313
vt 0.891684 0.299300
vt 0.895611 0.299300
vt 0.896201 0.286649
vt 0.909611 0.286649
vt 0.909611 0.292313
vt 0.896201 0.292313
vt 0.896201 0.299300
vt 0.909611 0.299300
vt 0.910165 0.299300
vt 0.913668 0.299300
vt 0.876857 0.299300
vt 0.891088 0.299300
vt 0.891684 0.320407
vt 0.895611 0.320407
vt 0.896201 0.320407
vt 0.909611 0.320407
vt 0.910165 0.320407
vt 0.913668 0.320407
vt 0.876857 0.320407
vt 0.891088 0.320407
vt 0.891684 0.340266
vt 0.895611 0.340266
vt 0.910165 0.340266
vt 0.913668 0.340266
vt 0.876857 0.340266
vt 0.891088 0.340266
vt 0.891684 0.351960
vt 0.895611 0.351960
vt 0.896201 0.351960
vt 0.896201 0.361933
vt 0.909611 0.361933
vt 0.909611 0.351960
vt 0.896201 0.340266
vt 0.909611 0.340266
vt 0.910165 0.351960
vt 0.913668 0.351960
vt 0.876857 0.351960
vt 0.891088 0.351960
vt 0.891684 0.361933
vt 0.895611 0.361933
vt 0.910165 0.361933
vt 0.913668 0.361933
vt 0.876857 0.361933
vt 0.891088 0.361933
vt 0.891684 0.366338
vt 0.895611 0.366338
vt 0.896201 0.366338
vt 0.896201 0.371419
vt 0.909611 0.371419
vt 0.909611 0.366338
vt 0.910165 0.366338
vt 0.913668 0.366338
vt 0.876857 0.366338
vt 0.891088 0.366338
vt 0.891684 0.371419
vt 0.895611 0.371419
vt 0.910165 0.371419
vt 0.913668 0.371419
vt 0.876857 0.371419
vt 0.891088 0.371419
vt 0.891684 0.376427
vt 0.895611 0.376427
vt 0.896201 0.376427
vt 0.909611 0.376427
vt 0.910165 0.376427
vt 0.913668 0.376427
vt 0.876857 0.376427
vt 0.891088 0.376427
vt 0.891684 0.378902
vt 0.895611 0.378902
vt 0.896201 0.378902
vt 0.909611 0.378902
vt 0.910165 0.378902
vt 0.913668 0.378902
vt 0.876857 0.378902
vt 0.891088 0.378902
vt 0.891684 0.388801
vt 0.895611 0.388801
vt 0.896201 0.388801
vt 0.909611 0.388801
vt 0.910165 0.388801
vt 0.913668 0.388801
vt 0.876857 0.388801
vt 0.891088 0.388801
vt 0.891684 0.393670
vt 0.895611 0.393670
vt 0.896201 0.393670
vt 0.909611 0.393670
vt 0.910165 0.393670
vt 0.913668 0.393670
vt 0.876857 0.393670
vt 0.891088 0.393670
vt 0.891684 0.398649
vt 0.895611 0.398649
vt 0.896201 0.398649
vt 0.909611 0.398649
vt 0.910165 0.398649
vt 0.913668 0.398649
vt 0.876857 0.398649
vt 0.891088 0.398649
vt 0.891684 0.403077
vt 0.895611 0.403077
vt 0.896201 0.403077
vt 0.909611 0.403077
vt 0.910165 0.403077
vt 0.913668 0.403077
vt 0.876857 0.403077
vt 0.891088 0.403077
vt 0.876857 0.411987
vt 0.501572 0.412495
vt 0.515845 0.412495
vt 0.515845 0.408729
vt 0.501572 0.408729
vt 0.914244 0.024411
vt 0.876857 0.020122
vt 0.914244 0.028591
vt 0.914244 0.032521
vt 0.914244 0.036198
vt 0.914244 0.039648
vt 0.914244 0.042911
vt 0.914244 0.046014
vt 0.914244 0.051896
vt 0.914244 0.054695
vt 0.914244 0.057488
vt 0.914244 0.060265
vt 0.914244 0.062910
vt 0.914244 0.065345
vt 0.914244 0.067645
vt 0.914244 0.078236
vt 0.914244 0.088031
vt 0.914244 0.106479
vt 0.914244 0.138788
vt 0.914244 0.173935
vt 0.914244 0.184569
vt 0.914244 0.194998
vt 0.914244 0.205145
vt 0.914244 0.210151
vt 0.914244 0.215155
vt 0.914244 0.220133
vt 0.914244 0.225199
vt 0.914244 0.230433
vt 0.914244 0.235915
vt 0.914244 0.242000
vt 0.914244 0.247947
vt 0.914244 0.253742
vt 0.914244 0.259342
vt 0.914244 0.264716
vt 0.914244 0.269821
vt 0.914244 0.274616
vt 0.914244 0.279049
vt 0.914244 0.286649
vt 0.914244 0.292313
vt 0.914244 0.299300
vt 0.914244 0.320407
vt 0.914244 0.340266
vt 0.914244 0.351960
vt 0.914244 0.361933
vt 0.914244 0.366338
vt 0.914244 0.371419
vt 0.914244 0.376427
vt 0.914244 0.378902
vt 0.914244 0.388801
vt 0.914244 0.393670
vt 0.914244 0.398649
vt 0.914244 0.403077
vt 0.876857 0.412498
vt 0.177227 0.398225
vt 0.173461 0.398225
vt 0.173461 0.412498
vt 0.177227 0.412498
vt 0.220013 0.368325
vt 0.226057 0.374403
vt 0.255915 0.374692
vt 0.261577 0.368325
vt 0.250860 0.399784
vt 0.230641 0.399655
vt 0.226721 0.404762
vt 0.254619 0.405021
vt 0.229590 0.398682
vt 0.229722 0.381992
vt 0.226305 0.377296
vt 0.226025 0.403265
vt 0.252065 0.382146
vt 0.251933 0.398837
vt 0.255350 0.403532
vt 0.255630 0.377564
vt 0.263100 0.369758
vt 0.257053 0.375822
vt 0.256730 0.405285
vt 0.263084 0.410982
vt 0.230795 0.381044
vt 0.251014 0.381173
vt 0.254934 0.376067
vt 0.227035 0.375807
vt 0.231012 0.398213
vt 0.250517 0.398338
vt 0.250643 0.382616
vt 0.231138 0.382490
vt 0.218554 0.411071
vt 0.224602 0.405007
vt 0.224925 0.375544
vt 0.218571 0.369847
vt 0.261642 0.412503
vt 0.255598 0.406425
vt 0.225740 0.406136
vt 0.220078 0.412503
vt 0.251548 0.381653
vt 0.251269 0.381963
vt 0.251352 0.382385
vt 0.250821 0.381898
vt 0.251224 0.398582
vt 0.251132 0.399003
vt 0.251404 0.399318
vt 0.250682 0.399059
vt 0.230432 0.382247
vt 0.230523 0.381826
vt 0.230251 0.381510
vt 0.230973 0.381770
vt 0.230834 0.398931
vt 0.230386 0.398866
vt 0.230107 0.399175
vt 0.230303 0.398443
vt 0.255331 0.375400
vt 0.256006 0.375860
vt 0.256575 0.375155
vt 0.255290 0.376813
vt 0.256319 0.376807
vt 0.254992 0.404276
vt 0.255692 0.405243
vt 0.256020 0.404301
vt 0.255009 0.405696
vt 0.256261 0.405952
vt 0.226365 0.404015
vt 0.225649 0.404969
vt 0.226324 0.405428
vt 0.225336 0.404022
vt 0.225080 0.405673
vt 0.226663 0.376552
vt 0.225963 0.375585
vt 0.225635 0.376528
vt 0.226646 0.375133
vt 0.225394 0.374877
vt 0.262333 0.369019
vt 0.262385 0.411738
vt 0.219322 0.411809
vt 0.219270 0.369090
vt 0.606564 0.368326
vt 0.612608 0.374404
vt 0.642466 0.374693
vt 0.648128 0.368326
vt 0.637411 0.399785
vt 0.617192 0.399656
vt 0.613272 0.404762
vt 0.641171 0.405022
vt 0.616142 0.398683
vt 0.616273 0.381993
vt 0.612856 0.377297
vt 0.612576 0.403266
vt 0.638616 0.382147
vt 0.638484 0.398838
vt 0.641901 0.403533
vt 0.642181 0.377565
vt 0.649652 0.369759
vt 0.643604 0.375822
vt 0.643281 0.405285
vt 0.649636 0.410982
vt 0.617346 0.381045
vt 0.637565 0.381174
vt 0.641485 0.376068
vt 0.613586 0.375808
vt 0.617563 0.398214
vt 0.637069 0.398339
vt 0.637195 0.382617
vt 0.617689 0.382491
vt 0.605106 0.411071
vt 0.611153 0.405008
vt 0.611476 0.375545
vt 0.605122 0.369848
vt 0.648194 0.412504
vt 0.642149 0.406426
vt 0.612291 0.406137
vt 0.606629 0.412504
vt 0.638099 0.381654
vt 0.637820 0.381964
vt 0.637904 0.382386
vt 0.637372 0.381898
vt 0.637775 0.398583
vt 0.637683 0.399004
vt 0.637955 0.399319
vt 0.637233 0.399060
vt 0.616983 0.382248
vt 0.617075 0.381827
vt 0.616802 0.381511
vt 0.617524 0.381770
vt 0.617386 0.398932
vt 0.616937 0.398867
vt 0.616658 0.399176
vt 0.616854 0.398444
vt 0.641882 0.375401
vt 0.642557 0.375861
vt 0.643127 0.375156
vt 0.641841 0.376814
vt 0.642870 0.376808
vt 0.641543 0.404277
vt 0.642243 0.405244
vt 0.642572 0.404302
vt 0.641560 0.405697
vt 0.642812 0.405953
vt 0.612916 0.404016
vt 0.612201 0.404970
vt 0.612876 0.405429
vt 0.611887 0.404022
vt 0.611631 0.405674
vt 0.613214 0.376553
vt 0.612514 0.375586
vt 0.612186 0.376529
vt 0.613197 0.375134
vt 0.611945 0.374878
vt 0.648884 0.369020
vt 0.648936 0.411739
vt 0.605873 0.411810
vt 0.605821 0.369091
vt 0.108110 0.412498
vt 0.149674 0.412498
vt 0.144012 0.406131
vt 0.114154 0.406420
vt 0.138957 0.381039
vt 0.142716 0.375802
vt 0.114818 0.376062
vt 0.118738 0.381168
vt 0.117687 0.382141
vt 0.114121 0.377558
vt 0.114402 0.403527
vt 0.117819 0.398831
vt 0.140161 0.398677
vt 0.143727 0.403259
vt 0.143447 0.377291
vt 0.140029 0.381986
vt 0.151197 0.411065
vt 0.151181 0.369842
vt 0.144826 0.375539
vt 0.145150 0.405001
vt 0.118891 0.399779
vt 0.115132 0.405016
vt 0.143031 0.404756
vt 0.139111 0.399649
vt 0.119108 0.382610
vt 0.119234 0.398333
vt 0.138740 0.398207
vt 0.138614 0.382485
vt 0.106651 0.369752
vt 0.106668 0.410976
vt 0.113022 0.405279
vt 0.112699 0.375816
vt 0.149739 0.368320
vt 0.108174 0.368320
vt 0.113837 0.374687
vt 0.143695 0.374398
vt 0.139449 0.398437
vt 0.139366 0.398860
vt 0.139645 0.399170
vt 0.138917 0.398925
vt 0.139500 0.381505
vt 0.139228 0.381820
vt 0.139320 0.382241
vt 0.138779 0.381764
vt 0.118348 0.399313
vt 0.118620 0.398997
vt 0.118528 0.398576
vt 0.119070 0.399053
vt 0.118203 0.381648
vt 0.118482 0.381957
vt 0.118931 0.381892
vt 0.118399 0.382380
vt 0.144672 0.405667
vt 0.144102 0.404963
vt 0.143427 0.405423
vt 0.143387 0.404010
vt 0.144416 0.404016
vt 0.144117 0.376522
vt 0.143789 0.375580
vt 0.143089 0.376547
vt 0.143106 0.375128
vt 0.144358 0.374872
vt 0.114421 0.375395
vt 0.113746 0.375854
vt 0.114462 0.376808
vt 0.113432 0.376802
vt 0.113176 0.375150
vt 0.113731 0.404295
vt 0.114060 0.405237
vt 0.114760 0.404270
vt 0.114742 0.405690
vt 0.113491 0.405946
vt 0.150430 0.411804
vt 0.150481 0.369085
vt 0.107418 0.369014
vt 0.107367 0.411733
vt 0.058515 0.412505
vt 0.100147 0.412505
vt 0.094463 0.406127
vt 0.064561 0.406419
vt 0.089294 0.381015
vt 0.093070 0.375802
vt 0.065210 0.376054
vt 0.069129 0.381153
vt 0.068080 0.382126
vt 0.064515 0.377550
vt 0.064808 0.403523
vt 0.068226 0.398818
vt 0.090627 0.398642
vt 0.094176 0.403252
vt 0.093798 0.377291
vt 0.090361 0.381959
vt 0.101673 0.411067
vt 0.101502 0.369849
vt 0.095173 0.375538
vt 0.095603 0.404994
vt 0.069301 0.399767
vt 0.065540 0.405013
vt 0.093478 0.404750
vt 0.089573 0.399619
vt 0.069500 0.382593
vt 0.069643 0.398318
vt 0.089200 0.398175
vt 0.088953 0.382458
vt 0.057045 0.369751
vt 0.057071 0.410983
vt 0.063428 0.405278
vt 0.063092 0.375810
vt 0.100062 0.368334
vt 0.058567 0.368318
vt 0.064229 0.374681
vt 0.094044 0.374402
vt 0.089912 0.398404
vt 0.089828 0.398827
vt 0.090109 0.399138
vt 0.089379 0.398894
vt 0.089835 0.381480
vt 0.089564 0.381794
vt 0.089656 0.382214
vt 0.089116 0.381739
vt 0.068756 0.399300
vt 0.069029 0.398984
vt 0.068936 0.398563
vt 0.069479 0.399040
vt 0.068596 0.381633
vt 0.068874 0.381942
vt 0.069322 0.381876
vt 0.068792 0.382364
vt 0.095125 0.405662
vt 0.094553 0.404957
vt 0.093876 0.405418
vt 0.093835 0.404002
vt 0.094866 0.404008
vt 0.094467 0.376521
vt 0.094139 0.375581
vt 0.093440 0.376547
vt 0.093458 0.375130
vt 0.094706 0.374874
vt 0.064813 0.375388
vt 0.064139 0.375848
vt 0.064854 0.376800
vt 0.063826 0.376794
vt 0.063569 0.375144
vt 0.064138 0.404293
vt 0.064467 0.405236
vt 0.065167 0.404267
vt 0.065150 0.405688
vt 0.063898 0.405945
vt 0.100904 0.411808
vt 0.100804 0.369096
vt 0.057811 0.369012
vt 0.057772 0.411739
vt 0.712271 0.379933
vt 0.744024 0.379695
vt 0.712845 0.379695
vt 0.744599 0.379933
vt 0.712033 0.380507
vt 0.744836 0.380507
vt 0.712033 0.411686
vt 0.744836 0.411686
vt 0.712271 0.412260
vt 0.744598 0.412260
vt 0.712845 0.412498
vt 0.744024 0.412498
vt 0.750072 0.379932
vt 0.781825 0.379694
vt 0.750647 0.379694
vt 0.782400 0.379932
vt 0.749834 0.380506
vt 0.782638 0.380506
vt 0.749835 0.411685
vt 0.782638 0.411685
vt 0.750072 0.412260
vt 0.782400 0.412260
vt 0.750647 0.412498
vt 0.781825 0.412498
vt 0.820200 0.412261
vt 0.788447 0.412499
vt 0.819626 0.412499
vt 0.787873 0.412261
vt 0.820438 0.411687
vt 0.787635 0.411687
vt 0.820438 0.380508
vt 0.787635 0.380508
vt 0.820200 0.379933
vt 0.787873 0.379934
vt 0.819626 0.379696
vt 0.788447 0.379696
vt 0.450054 0.397262
vt 0.418300 0.397500
vt 0.449479 0.397500
vt 0.417726 0.397262
vt 0.450291 0.396688
vt 0.417488 0.396688
vt 0.450291 0.365509
vt 0.417488 0.365509
vt 0.450054 0.364935
vt 0.417726 0.364935
vt 0.449479 0.364697
vt 0.418300 0.364697
s 1
usemtl Main
f 1/1/1 2/2/2 3/3/3
f 4/4/4 5/5/5 6/6/6
f 7/7/7 8/8/8 9/9/9
f 10/10/10 11/11/11 12/12/12
f 13/13/13 14/14/14 15/15/15
f 16/16/16 17/17/17 18/18/18
f 19/19/19 20/20/20 21/21/21
f 22/22/22 23/23/23 24/24/24
f 25/25/25 26/26/26 27/27/27
f 28/28/28 29/29/29 30/30/30
f 31/31/31 32/32/32 33/33/33
f 34/34/34 35/35/35 36/36/36
f 37/37/37 38/38/38 39/39/39
f 40/40/40 41/41/41 42/42/42
f 43/43/43 44/44/44 45/45/45
f 46/46/46 47/47/47 48/48/48
f 49/49/49 50/50/50 51/51/51
f 52/52/52 53/53/53 54/54/54
f 55/55/55 56/56/56 57/57/57
f 58/58/58 59/59/59 60/60/60
f 61/61/61 62/62/62 63/63/63
f 64/64/64 65/65/65 66/66/66
f 67/67/67 68/68/68 69/69/69
f 70/70/70 71/71/71 72/72/72
f 73/73/73 74/74/74 75/75/75
f 76/76/76 77/77/77 78/78/78
f 79/79/79 80/80/80 81/81/81
f 82/82/82 83/83/83 84/84/84
f 85/85/85 86/86/86 87/87/87
f 88/88/88 89/89/89 90/90/90
f 91/91/91 92/92/92 93/93/93
f 94/94/94 95/95/95 96/96/96
f 97/97/97 98/98/98 99/99/99
f 100/100/100 101/101/101 102/102/102
f 103/103/103 104/104/104 105/105/105
f 106/106/106 107/107/107 108/108/108
f 109/109/109 110/110/110 111/111/111
f 112/112/112 113/113/113 114/114/114
f 115/115/115 116/116/116 117/117/117
f 118/118/118 119/119/119 120/120/120
f 121/121/121 122/122/122 123/123/123
f 124/124/124 125/125/125 126/126/126
f 127/127/127 128/128/128 129/129/129
f 130/130/130 131/131/131 132/132/132
f 133/133/133 134/134/134 135/135/135
f 136/136/136 137/137/137 138/138/138
f 139/139/139 140/140/140 141/141/141
f 142/142/142 143/143/143 144/144/144
f 145/145/145 146/146/146 147/147/147
f 148/148/148 149/149/149 150/150/150
f 151/151/151 152/152/152 153/153/153
f 154/154/154 155/155/155 156/156/156
f 157/157/157 158/158/158 159/159/159
f 160/160/160 161/161/161 162/162/162
f 163/163/163 164/164/164 165/165/165
f 166/166/166 167/167/167 168/168/168
f 169/169/169 170/170/170 171/171/171
f 172/172/172 173/173/173 174/174/174
f 175/175/175 176/176/176 177/177/177
f 178/178/178 179/179/179 180/180/180
f 181/181/181 182/182/182 183/183/183
f 184/184/184 185/185/185 186/186/186
f 187/187/187 188/188/188 189/189/189
f 190/190/190 191/191/191 192/192/192
f 193/193/193 194/194/194 195/195/195
f 196/196/196 197/197/197 198/198/198
f 199/199/199 200/200/200 201/201/201
f 202/202/202 203/203/203 204/204/204
f 205/205/205 206/206/206 207/207/207
f 208/208/208 209/209/209 210/210/210
f 211/211/211 212/212/212 213/213/213
f 214/214/214 215/215/215 216/216/216
f 217/217/217 218/218/218 219/219/219
f 220/220/220 221/221/221 222/222/222
f 223/223/223 224/224/224 225/225/225
f 226/226/226 227/227/227 228/228/228
f 229/229/229 230/230/230 231/231/231
f 232/232/232 233/233/233 234/234/234
f 235/235/235 236/236/236 237/237/237
f 238/238/238 239/239/239 240/240/240
f 241/241/241 242/242/242 243/243/243
f 244/244/244 245/245/245 246/246/246
f 247/247/247 248/248/248 249/249/249
f 250/250/250 251/251/251 252/252/252
f 253/253/253 254/254/254 255/255/255
f 256/256/256 257/257/257 258/258/258
f 259/259/259 260/260/260 261/261/261
f 262/262/262 263/263/263 264/264/264
f 265/265/265 266/266/266 267/267/267
f 268/268/268 269/269/269 270/270/270
f 271/271/271 272/272/272 273/273/273
f 274/274/274 275/275/275 276/276/276
f 277/277/277 278/278/278 279/279/279
f 280/280/280 281/281/281 282/282/282
f 283/283/283 284/284/284 285/285/285
f 286/286/286 287/287/287 288/288/288
f 289/289/289 290/290/290 291/291/291
f 292/292/292 293/293/293 294/294/294
f 295/295/295 296/296/296 297/297/297
f 298/298/298 299/299/299 300/300/300
f 301/301/301 302/302/302 303/303/303
f 304/304/304 305/305/305 306/306/306
f 307/307/307 308/308/308 309/309/309
f 310/310/310 311/311/311 312/312/312
f 313/313/313 314/314/314 315/315/315
f 316/316/316 317/317/317 318/318/318
f 319/319/319 320/320/320 321/321/321
f 322/322/322 323/323/323 324/324/324
f 325/325/325 326/326/326 327/327/327
f 328/328/328 329/329/329 330/330/330
f 331/331/331 332/332/332 333/333/333
f 334/334/334 335/335/335 336/336/336
f 337/337/337 338/338/338 339/339/339
f 340/340/340 341/341/341 342/342/342
f 343/343/343 344/344/344 345/345/345
f 346/346/346 347/347/347 348/348/348
f 349/349/349 350/350/350 351/351/351
f 352/352/352 353/353/353 354/354/354
f 355/355/355 356/356/356 357/357/357
f 358/358/358 359/359/359 360/360/360
f 361/361/361 362/362/362 363/363/363
f 364/364/364 365/365/365 366/366/366
f 367/367/367 368/368/368 369/369/369
f 370/370/370 371/371/371 372/372/372
f 373/373/373 374/374/374 375/375/375
f 376/376/376 377/377/377 378/378/378
f 379/379/379 380/380/380 381/381/381
f 382/382/382 383/383/383 384/384/384
f 385/385/385 386/386/386 387/387/387
f 388/388/388 389/389/389 390/390/390
f 391/391/391 392/392/392 393/393/393
f 394/394/394 395/395/395 396/396/396
f 387/387/387 397/397/397 398/398/398
f 390/390/390 399/399/399 400/400/400
f 401/401/401 402/402/402 392/392/392
f 403/403/403 404/404/404 395/395/395
f 398/398/398 405/405/405 406/406/406
f 400/400/400 407/407/407 408/408/408
f 409/409/409 410/410/410 402/402/402
f 411/411/411 412/412/412 404/404/404
f 405/405/405 413/413/413 406/406/406
f 408/408/408 414/414/414 415/415/415
f 416/416/416 417/417/417 410/410/410
f 418/418/418 419/419/419 412/412/412
f 420/420/420 421/421/421 413/413/413
f 415/415/415 422/422/422 423/423/423
f 417/417/417 424/424/424 425/425/425
f 426/426/426 427/427/427 419/419/419
f 421/421/421 428/428/428 429/429/429
f 423/423/423 430/430/430 431/431/431
f 424/424/424 432/432/432 425/425/425
f 427/427/427 433/433/433 434/434/434
f 428/428/428 435/435/435 429/429/429
f 430/430/430 436/436/436 431/431/431
f 437/437/437 438/438/438 432/432/432
f 434/434/434 439/439/439 440/440/440
f 435/435/435 441/441/441 442/442/442
f 443/443/443 444/444/444 436/436/436
f 438/438/438 445/445/445 446/446/446
f 440/440/440 447/447/447 448/448/448
f 441/441/441 449/449/449 442/442/442
f 450/450/450 451/451/451 444/444/444
f 445/445/445 452/452/452 446/446/446
f 448/448/448 453/453/453 454/454/454
f 455/455/455 456/456/456 449/449/449
f 457/457/457 458/458/458 451/451/451
f 459/459/459 460/460/460 452/452/452
f 454/454/454 461/461/461 462/462/462
f 463/463/463 464/464/464 456/456/456
f 465/465/465 466/466/466 458/458/458
f 460/460/460 467/467/467 468/468/468
f 462/462/462 469/469/469 470/470/470
f 464/464/464 471/471/471 472/472/472
f 473/473/473 474/474/474 466/466/466
f 467/467/467 475/475/475 468/468/468
f 470/470/470 476/476/476 477/477/477
f 471/471/471 478/478/478 472/472/472
f 479/479/479 480/480/480 474/474/474
f 475/475/475 481/481/481 482/482/482
f 476/476/476 483/483/483 477/477/477
f 484/484/484 485/485/485 478/478/478
f 480/480/480 486/486/486 487/487/487
f 482/482/482 488/488/488 489/489/489
f 490/490/490 491/491/491 483/483/483
f 492/492/492 493/493/493 485/485/485
f 487/487/487 494/494/494 495/495/495
f 489/489/489 496/496/496 497/497/497
f 498/498/498 499/499/499 491/491/491
f 500/500/500 501/501/501 493/493/493
f 495/495/495 502/502/502 503/503/503
f 496/496/496 504/504/504 497/497/497
f 505/505/505 506/506/506 499/499/499
f 507/507/507 508/508/508 501/501/501
f 503/503/503 509/509/509 510/510/510
f 511/511/511 512/512/512 504/504/504
f 506/506/506 513/513/513 514/514/514
f 515/515/515 516/516/516 508/508/508
f 509/509/509 517/517/517 510/510/510
f 518/518/518 519/519/519 512/512/512
f 514/514/514 520/520/520 521/521/521
f 522/522/522 523/523/523 516/516/516
f 524/524/524 525/525/525 517/517/517
f 526/526/526 527/527/527 519/519/519
f 521/521/521 528/528/528 529/529/529
f 530/530/530 531/531/531 523/523/523
f 532/532/532 533/533/533 525/525/525
f 534/534/534 535/535/535 527/527/527
f 529/529/529 536/536/536 537/537/537
f 531/531/531 538/538/538 539/539/539
f 540/540/540 541/541/541 533/533/533
f 542/542/542 543/543/543 535/535/535
f 537/537/537 544/544/544 545/545/545
f 538/538/538 546/546/546 539/539/539
f 547/547/547 548/548/548 541/541/541
f 549/549/549 550/550/550 543/543/543
f 545/545/545 551/551/551 552/552/552
f 553/553/553 554/554/554 546/546/546
f 555/555/555 556/556/556 548/548/548
f 557/557/557 558/558/558 550/550/550
f 551/551/551 559/559/559 552/552/552
f 560/560/560 561/561/561 554/554/554
f 556/556/556 562/562/562 563/563/563
f 558/558/558 564/564/564 565/565/565
f 566/566/566 567/567/567 559/559/559
f 561/561/561 568/568/568 569/569/569
f 563/563/563 570/570/570 571/571/571
f 564/564/564 572/572/572 565/565/565
f 567/567/567 573/573/573 574/574/574
f 569/569/569 575/575/575 576/576/576
f 570/570/570 577/577/577 571/571/571
f 578/578/578 579/579/579 572/572/572
f 574/574/574 580/580/580 581/581/581
f 576/576/576 582/582/582 583/583/583
f 584/584/584 585/585/585 577/577/577
f 579/579/579 586/586/586 587/587/587
f 581/581/581 588/588/588 589/589/589
f 583/583/583 590/590/590 591/591/591
f 592/592/592 593/593/593 585/585/585
f 587/587/587 594/594/594 595/595/595
f 589/589/589 596/596/596 597/597/597
f 591/591/591 598/598/598 599/599/599
f 600/600/600 601/601/601 593/593/593
f 595/595/595 602/602/602 603/603/603
f 597/597/597 604/604/604 605/605/605
f 599/599/599 606/606/606 607/607/607
f 608/608/608 609/609/609 601/601/601
f 602/602/602 610/610/610 603/603/603
f 605/605/605 611/611/611 612/612/612
f 606/606/606 613/613/613 607/607/607
f 614/614/614 615/615/615 609/609/609
f 610/610/610 616/616/616 617/617/617
f 612/612/612 618/618/611 619/619/612
f 620/620/618 621/621/619 613/613/613
f 622/622/620 623/623/621 615/615/615
f 616/616/616 624/624/622 617/617/617
f 619/619/612 625/625/623 626/626/624
f 621/621/619 627/627/625 628/628/626
f 629/629/627 630/630/621 623/623/621
f 631/631/628 632/632/629 624/624/622
f 626/626/624 633/633/630 634/634/631
f 627/627/625 635/635/632 628/628/626
f 636/636/633 637/637/634 630/630/621
f 638/638/635 639/639/636 632/632/629
f 634/634/631 640/640/637 641/641/638
f 642/642/639 643/643/640 635/635/632
f 644/644/641 645/645/642 637/637/634
f 639/639/636 646/646/643 647/647/644
f 641/641/638 648/648/645 649/649/646
f 650/650/647 651/651/648 643/643/640
f 652/652/649 653/653/650 645/645/642
f 647/647/644 654/654/651 655/655/652
f 649/649/646 656/656/653 657/657/654
f 651/651/648 658/658/655 659/659/656
f 660/660/657 661/661/658 653/653/650
f 655/655/652 662/662/659 663/663/660
f 657/657/654 664/664/661 665/665/662
f 659/659/656 666/666/663 667/667/664
f 668/668/665 669/669/666 661/661/658
f 662/662/659 670/670/667 663/663/660
f 665/665/662 671/671/668 672/672/669
f 666/666/663 673/673/670 667/667/664
f 674/674/671 675/675/672 669/669/666
f 676/676/673 677/677/674 670/670/667
f 672/672/669 678/678/675 679/679/676
f 680/680/677 681/681/678 673/673/670
f 682/682/679 683/683/680 675/675/672
f 684/684/681 685/685/682 677/677/674
f 679/679/676 686/686/683 687/687/684
f 688/688/685 689/689/686 681/681/678
f 690/690/687 691/691/688 683/683/680
f 685/685/682 692/692/689 693/693/690
f 687/687/684 694/694/691 695/695/692
f 689/689/686 696/696/693 697/697/694
f 698/698/695 699/699/696 691/691/688
f 692/692/689 700/700/697 693/693/690
f 694/694/691 701/701/698 695/695/692
f 696/696/693 702/702/699 697/697/694
f 699/699/696 703/703/700 704/704/701
f 705/705/702 706/706/703 700/700/697
f 707/707/704 708/708/705 709/709/706
f 710/710/707 711/711/708 712/712/709
f 713/713/710 714/714/711 715/715/712
f 716/716/713 717/717/714 718/718/715
f 719/719/716 720/720/717 721/721/718
f 722/722/719 723/723/720 724/724/721
f 715/715/712 725/725/722 726/726/723
f 727/727/724 728/728/725 729/729/726
f 730/730/727 731/731/728 720/720/717
f 724/724/721 732/732/729 733/733/730
f 725/725/722 734/734/731 726/726/723
f 728/728/725 735/735/732 729/729/726
f 731/731/728 736/736/733 737/737/734
f 733/733/730 738/738/735 739/739/736
f 740/740/737 741/741/738 734/734/731
f 735/735/732 742/742/739 743/743/740
f 737/737/734 744/744/741 745/745/742
f 738/738/735 746/746/743 739/739/736
f 747/747/744 748/748/745 741/741/738
f 742/742/739 749/749/746 743/743/740
f 745/745/742 750/750/747 751/751/748
f 746/746/743 752/752/749 753/753/750
f 754/754/751 755/755/752 748/748/745
f 756/756/753 757/757/754 749/749/746
f 751/751/748 758/758/755 759/759/756
f 752/752/749 760/760/757 753/753/750
f 761/761/758 762/762/759 755/755/752
f 757/757/754 763/763/760 764/764/761
f 759/759/756 765/765/762 766/766/763
f 767/767/764 768/768/765 760/760/757
f 769/769/766 770/770/767 762/762/759
f 763/763/760 771/771/768 764/764/761
f 766/766/763 772/772/769 773/773/770
f 768/768/765 774/774/771 775/775/772
f 776/776/773 777/777/774 770/770/767
f 778/778/775 779/779/776 771/771/768
f 773/773/770 780/780/777 781/781/778
f 774/774/771 782/782/779 775/775/772
f 783/783/780 784/784/781 777/777/774
f 785/785/782 786/786/783 779/779/776
f 781/781/778 787/787/784 788/788/785
f 789/789/786 790/790/787 782/782/779
f 791/791/788 792/792/789 784/784/781
f 793/793/790 794/794/791 786/786/783
f 788/788/785 795/795/792 796/796/793
f 797/797/794 798/798/795 790/790/787
f 792/792/789 799/799/796 800/800/797
f 801/801/798 802/802/799 794/794/791
f 795/795/792 803/803/800 796/796/793
f 804/804/801 805/805/802 798/798/795
f 800/800/797 806/806/803 807/807/804
f 808/808/805 809/809/806 802/802/799
f 810/810/807 811/811/808 803/803/800
f 812/812/809 813/813/810 805/805/802
f 807/807/804 814/814/811 815/815/812
f 816/816/813 817/817/814 809/809/806
f 818/818/815 819/819/816 811/811/808
f 820/820/817 821/821/818 813/813/810
f 814/814/811 822/822/819 815/815/812
f 823/823/820 824/824/821 817/817/814
f 819/819/816 825/825/822 826/826/823
f 827/827/824 828/828/825 821/821/818
f 829/829/826 830/830/827 822/822/819
f 831/831/828 832/832/829 824/824/821
f 826/826/823 833/833/830 834/834/831
f 835/835/832 836/836/833 828/828/825
f 837/837/834 838/838/835 830/830/827
f 832/832/829 839/839/836 840/840/837
f 834/834/831 841/841/838 842/842/839
f 843/843/840 844/844/841 836/836/833
f 845/845/842 846/846/843 838/838/835
f 839/839/836 847/847/844 840/840/837
f 842/842/839 848/848/845 849/849/846
f 850/850/847 851/851/848 844/844/841
f 852/852/849 853/853/850 846/846/843
f 854/854/851 855/855/852 847/847/844
f 849/849/846 856/856/853 857/857/854
f 851/851/848 858/858/855 859/859/856
f 860/860/857 861/861/858 853/853/850
f 862/862/859 863/863/860 855/855/852
f 857/857/854 864/864/861 865/865/862
f 858/858/855 866/866/863 859/859/856
f 867/867/864 868/868/865 861/861/858
f 863/863/860 869/869/866 870/870/867
f 865/865/862 871/871/868 872/872/869
f 873/873/870 874/874/871 866/866/863
f 875/875/872 876/876/873 868/868/865
f 870/870/867 877/877/874 878/878/875
f 872/872/869 879/879/876 880/880/877
f 881/881/878 882/882/879 874/874/871
f 883/883/880 884/884/881 876/876/873
f 877/877/874 885/885/882 878/878/875
f 880/880/877 886/886/883 887/887/884
f 882/882/879 888/888/885 889/889/886
f 890/890/887 891/891/888 884/884/881
f 892/892/889 893/893/890 885/885/882
f 887/887/884 894/894/891 895/895/892
f 889/889/886 896/896/893 897/897/894
f 898/898/411 899/899/895 891/891/888
f 900/900/896 901/901/897 893/893/890
f 895/895/892 902/902/898 903/903/899
f 897/897/894 904/904/900 905/905/901
f 906/906/902 907/907/903 899/899/895
f 908/908/904 909/909/905 901/901/897
f 903/903/899 910/910/906 911/911/907
f 905/905/901 912/912/908 913/913/909
f 907/907/903 914/914/910 915/915/911
f 916/916/912 917/917/913 909/909/905
f 910/910/906 918/918/914 911/911/907
f 912/912/908 919/919/915 913/913/909
f 915/915/911 920/920/916 921/921/917
f 917/917/913 922/922/918 923/923/919
f 924/924/920 925/925/921 918/918/914
f 926/926/922 927/927/923 919/919/915
f 920/920/916 928/928/924 921/921/917
f 922/922/918 929/929/925 923/923/919
f 925/925/921 930/930/926 931/931/927
f 927/927/923 932/932/928 933/933/929
f 934/934/930 935/935/931 928/928/924
f 929/929/925 936/936/932 937/937/933
f 931/931/927 938/938/934 939/939/935
f 932/932/928 940/940/936 933/933/929
f 941/941/937 942/942/938 935/935/931
f 937/937/933 943/943/939 944/944/940
f 939/939/935 945/945/941 946/946/942
f 947/947/943 948/948/944 940/940/936
f 949/949/945 950/950/946 942/942/938
f 943/943/939 951/951/947 944/944/940
f 946/946/942 952/952/948 953/953/949
f 948/948/944 954/954/950 955/955/951
f 956/956/952 957/957/953 950/950/946
f 951/951/947 958/958/954 959/959/955
f 953/953/949 960/960/956 961/961/957
f 955/955/951 962/962/958 963/963/959
f 964/964/960 965/965/961 957/957/953
f 958/958/954 966/966/962 959/959/955
f 961/961/957 967/967/963 968/968/964
f 962/962/958 969/969/965 963/963/959
f 970/970/966 971/971/967 965/965/961
f 972/972/968 973/973/969 966/966/962
f 968/968/964 974/974/970 975/975/971
f 976/976/972 977/977/973 969/969/965
f 978/978/974 979/979/975 971/971/967
f 980/980/976 981/981/977 973/973/969
f 975/975/971 982/982/978 983/983/979
f 977/977/973 984/984/980 985/985/519
f 986/986/981 987/987/982 979/979/975
f 981/981/977 988/988/983 989/989/984
f 983/983/979 990/990/985 991/991/986
f 985/985/519 992/992/987 993/993/988
f 994/994/989 995/995/990 987/987/982
f 988/988/983 996/996/991 989/989/984
f 991/991/986 997/997/992 998/998/993
f 992/992/987 999/999/994 993/993/988
f 1000/1000/995 1001/1001/996 995/995/990
f 996/996/991 1002/1002/997 1003/1003/998
f 998/998/993 1004/1004/999 1005/1005/1000
f 1006/1006/1001 1007/1007/1002 999/999/994
f 1008/1008/1003 1009/1009/1004 1001/1001/996
f 1002/1002/997 1010/1010/1005 1003/1003/998
f 1005/1005/1000 1011/1011/1006 1012/1012/1007
f 1013/1013/1008 1014/1014/1009 1007/1007/1002
f 1009/1009/1004 1015/1015/1010 1016/1016/1011
f 1010/1010/1005 1017/1017/1012 1018/1018/1013
f 1011/1011/1006 1019/1019/1014 1012/1012/1007
f 1014/1014/1009 1020/1020/1015 1021/1021/1016
f 1016/1016/1011 1022/1022/1017 1023/1023/1018
f 1017/1017/1012 1024/1024/1019 1018/1018/1013
f 1025/1025/1020 1026/1026/1021 1019/1019/1014
f 1021/1021/1016 1027/1027/1022 1028/1028/1023
f 1023/1023/1018 1029/1029/1024 1030/1030/1025
f 1024/1024/1019 1031/1031/1026 1032/1032/1027
f 1033/1033/1028 1034/1034/1029 1026/1026/1021
f 1027/1027/1022 1035/1035/1030 1028/1028/1023
f 1030/1030/1025 1036/1036/1031 1037/1037/1032
f 1032/1032/1027 1038/1038/1033 1039/1039/1034
f 1040/1040/1035 1041/1041/1036 1034/1034/1029
f 1042/1042/1037 1043/1043/1038 1035/1035/1030
f 1037/1037/1032 1044/1044/1039 1045/1045/1040
f 1039/1039/1034 1046/1046/1041 1047/1047/1042
f 1048/1048/1043 1049/1049/1044 1041/1041/1036
f 1050/1050/1045 1051/1051/1046 1043/1043/1038
f 1045/1045/1040 1052/1052/1047 1053/1053/1048
f 1046/1046/1041 1054/1054/1049 1047/1047/1042
f 1055/1055/1050 1056/1056/1051 1049/1049/1044
f 1051/1051/1046 1057/1057/1052 1058/1058/1053
f 1053/1053/1048 1059/1059/1054 1060/1060/1055
f 1061/1061/1056 1062/1062/1057 1054/1054/1049
f 1063/1063/1058 1064/1064/1059 1056/1056/1051
f 1058/1058/1053 1065/1065/1060 1066/1066/1061
f 1060/1060/1055 1067/1067/1062 1068/1068/1063
f 1062/1062/1057 1069/1069/1064 1070/1070/1065
f 1071/1071/1066 1072/1072/1067 1064/1064/1059
f 1066/1066/1061 1073/1073/1068 1074/1074/1069
f 1068/1068/1063 1075/1075/1070 1076/1076/1071
f 1070/1070/1065 1077/1077/1072 1078/1078/1073
f 1079/1079/1074 1080/1080/1075 1072/1072/1067
f 1073/1073/1068 1081/1081/1076 1074/1074/1069
f 1076/1076/1071 1082/1082/1077 1083/1083/1078
f 1077/1077/1072 1084/1084/1079 1078/1078/1073
f 1085/1085/1080 1086/1086/1081 1080/1080/1075
f 1087/1087/1082 1088/1088/1083 1081/1081/1076
f 1082/1082/1077 1089/1089/1084 1083/1083/1078
f 1084/1084/1079 1090/1090/1085 1091/1091/1086
f 1086/1086/1081 1092/1092/1087 1093/1093/1088
f 1094/1094/1089 1095/1095/1090 1088/1088/1083
f 1096/1096/1091 1097/1097/1092 1089/1089/1084
f 1091/1091/1086 1098/1098/1093 1099/1099/1094
f 1093/1093/1088 1100/1100/1095 1101/1101/1096
f 1095/1095/1090 1102/1102/1097 1103/1103/1098
f 1097/1097/1092 1104/1104/1099 1105/1105/1100
f 1099/1099/1094 1106/1106/1101 1107/1107/1102
f 1100/1100/1095 1108/1108/1103 1101/1101/1096
f 1103/1103/1098 1109/1109/1104 1110/1110/1105
f 1105/1105/1100 1111/1111/1106 1112/1112/1107
f 1106/1106/1101 1113/1113/1108 1107/1107/1102
f 1114/1114/1109 1115/1115/1110 1108/1108/1103
f 1110/1110/1105 1116/1116/1111 1117/1117/1112
f 1112/1112/1107 1118/1118/1113 1119/1119/1114
f 1120/1120/1115 1121/1121/1116 1113/1113/1108
f 1122/1122/1117 1123/1123/1118 1115/1115/1110
f 1117/1117/1112 1124/1124/1119 1125/1125/1120
f 1119/1119/1114 1126/1126/1121 1127/1127/1122
f 1128/1128/1123 1129/1129/1124 1121/1121/1116
f 1130/1130/1125 1131/1131/1126 1123/1123/1118
f 1125/1125/1120 1132/1132/1127 1133/1133/1128
f 1127/1127/1122 1134/1134/1129 1135/1135/1130
f 1136/1136/1131 1137/1137/1132 1129/1129/1124
f 1138/1138/1133 1139/1139/1134 1131/1131/1126
f 1132/1132/1127 1140/1140/1135 1133/1133/1128
f 1135/1135/1130 1141/1141/1136 1142/1142/1137
f 1137/1137/1132 1143/1143/1138 1144/1144/1139
f 1145/1145/1140 1146/1146/1141 1139/1139/1134
f 1147/1147/1142 1148/1148/1143 1140/1140/1135
f 1142/1142/1137 1149/1149/1144 1150/1150/1145
f 1143/1143/1138 1151/1151/1146 1144/1144/1139
f 1152/1152/1147 1153/1153/1148 1146/1146/1141
f 1154/1154/1149 1155/1155/1150 1148/1148/1143
f 1150/1150/1145 1156/1156/1151 1157/1157/1152
f 1158/1158/1153 1159/1159/1154 1151/1151/1146
f 1160/1160/1155 1161/1161/1156 1153/1153/1148
f 1155/1155/1150 1162/1162/1157 1163/1163/1158
f 1157/1157/1152 1164/1164/1159 1165/1165/1160
f 1159/1159/1154 1166/1166/1161 1167/1167/1162
f 1168/1168/1163 1169/1169/1164 1161/1161/1156
f 1163/1163/1158 1170/1170/1165 1171/1171/1166
f 1165/1165/1160 1172/1172/1167 1173/1173/1168
f 1167/1167/1162 1174/1174/1169 1175/1175/1170
f 1176/1176/1171 1177/1177/1172 1169/1169/1164
f 1170/1170/1165 1178/1178/1173 1171/1171/1166
f 1172/1172/1167 1179/1179/1174 1173/1173/1168
f 1174/1174/1169 1180/1180/1175 1175/1175/1170
f 1177/1177/1172 1181/1181/1176 1182/1182/1177
f 1183/1183/1178 1184/1184/1179 1178/1178/1173
f 1185/1185/1180 1186/1186/1181 1179/1179/1174
f 1180/1180/1175 1187/1187/1182 1188/1188/1183
f 1182/1182/1177 1189/1189/1184 1190/1190/1185
f 1191/1191/1186 1192/1192/1187 1184/1184/1179
f 1193/1193/1188 1194/1194/1189 1195/1195/1190
f 1196/1196/1191 1197/1197/1192 1198/1198/1193
f 1199/1199/1194 1200/1200/1195 1201/1201/1196
f 1202/1202/1197 1203/1203/1198 1204/1204/1199
f 1205/1205/1200 1206/1206/1201 1207/1207/1202
f 1208/1208/1203 1209/1209/1204 1202/1202/1197
f 1206/1206/1201 1210/1210/1205 1207/1207/1202
f 1193/1193/1188 1211/1211/1206 1212/1212/1207
f 1211/1211/1206 1213/1213/1208 1212/1212/1207
f 1214/1214/1209 1215/1215/1210 711/711/708
f 1216/1216/1211 1217/1217/1212 1218/1218/1213
f 1219/1219/1214 1220/1220/1215 1221/1221/1216
f 1220/1220/1215 1222/1222/1217 1221/1221/1216
f 1223/1223/1218 1224/1224/1219 1222/1222/1217
f 1225/1225/1220 1226/1226/1221 1227/1227/1222
f 1228/1228/1223 706/706/703 1229/1229/1224
f 1230/1230/1225 1231/1231/1226 1232/1232/1227
f 704/704/701 1233/1233/1228 1234/1234/1229
f 1235/1235/1230 1236/1236/1231 1237/1237/1232
f 1238/1238/1233 1239/1239/1234 1240/1240/1235
f 716/716/713 1240/1240/1235 1241/1241/1236
f 1242/1242/1237 1243/1243/1238 1215/1215/1210
f 1231/1231/1226 1244/1244/1239 1245/1245/1240
f 1246/1246/1241 1247/1247/1242 1239/1239/1234
f 1237/1237/1232 1248/1248/1243 1249/1249/1244
f 1243/1243/1238 1250/1250/1245 1251/1251/1246
f 1245/1245/1240 1252/1252/1247 1253/1253/1248
f 1254/1254/1249 1255/1255/1250 1247/1247/1242
f 1248/1248/1243 1256/1256/1251 1249/1249/1244
f 1251/1251/1246 1257/1257/1252 1258/1258/1253
f 1253/1253/1248 1259/1259/1254 1260/1260/1255
f 1261/1261/1256 1262/1262/1257 1255/1255/1250
f 1263/1263/1258 1264/1264/1259 1256/1256/1251
f 1258/1258/1253 1265/1265/1260 1266/1266/1261
f 1259/1259/1254 1219/1219/1214 1260/1260/1255
f 1262/1262/1257 1267/1267/1262 1268/1268/1263
f 1269/1269/1264 1270/1270/1265 1264/1264/1259
f 1266/1266/1261 1271/1271/1266 1272/1272/1267
f 1268/1268/1263 1273/1273/1268 1274/1274/1269
f 1275/1275/1270 1276/1276/1271 1270/1270/1265
f 1272/1272/1267 1277/1277/1272 1278/1278/1273
f 1274/1274/1269 1279/1279/1274 1280/1280/1275
f 1281/1281/1276 1282/1282/1277 1276/1276/1271
f 1283/1283/1278 1284/1284/1279 1285/1285/1280
f 1201/1201/1196 1286/1286/1281 1287/1287/1282
f 1192/1192/1187 1204/1204/1199 1203/1203/1198
f 1197/1197/1192 1288/1288/1283 1198/1198/1193
f 1289/1289/1284 1290/1290/1285 1210/1210/1205
f 1291/1291/1286 1292/1292/1287 1194/1194/1189
f 1286/1286/1281 1293/1293/1288 1287/1287/1282
f 1292/1292/1287 1294/1294/1289 1295/1295/1290
f 1296/1296/1291 1297/1297/1292 1298/1298/1293
f 1299/1299/1294 1300/1300/1295 1288/1288/1283
f 1301/1301/1296 1302/1302/1297 1293/1293/1288
f 1295/1295/1290 1303/1303/1298 1304/1304/1299
f 1297/1297/1292 1305/1305/1300 1298/1298/1293
f 1306/1306/1301 1307/1307/1302 1300/1300/1295
f 1302/1302/1297 1308/1308/1303 1309/1309/1304
f 1304/1304/1299 1310/1310/1305 1311/1311/1306
f 1312/1312/1307 1313/1313/1308 1305/1305/1300
f 1314/1314/1309 1315/1315/1310 1307/1307/1302
f 1309/1309/1304 1316/1316/1311 1317/1317/1312
f 1311/1311/1306 1318/1318/1313 1319/1319/1314
f 1313/1313/1308 1320/1320/1315 1321/1321/1316
f 1322/1322/1317 1323/1323/1318 1315/1315/1310
f 1316/1316/1311 1324/1324/1319 1317/1317/1312
f 1319/1319/1314 1325/1325/1320 1326/1326/1321
f 1321/1321/1316 1327/1327/1322 1328/1328/1323
f 1323/1323/1318 1329/1329/1324 1330/1330/1325
f 1324/1324/1319 1331/1331/1326 1332/1332/1327
f 1325/1325/1320 1333/1333/1328 1326/1326/1321
f 1327/1327/1322 1334/1334/1329 1328/1328/1323
f 1330/1330/1325 1335/1335/1330 1336/1336/1331
f 1331/1331/1326 1337/1337/1332 1332/1332/1327
f 1338/1338/1333 1339/1339/1334 1333/1333/1328
f 1340/1340/1335 1341/1341/1336 1334/1334/1329
f 1336/1336/1331 1342/1342/1337 1343/1343/1338
f 1337/1337/1332 1344/1344/1339 1345/1345/1340
f 1346/1346/1341 1347/1347/1342 1339/1339/1334
f 1348/1348/1343 1349/1349/1344 1341/1341/1336
f 1343/1343/1338 1350/1350/1345 1351/1351/1346
f 1345/1345/1340 1352/1352/1347 1353/1353/1348
f 1354/1354/1349 1355/1355/1350 1347/1347/1342
f 1356/1356/1351 1357/1357/1352 1349/1349/1344
f 1351/1351/1346 1358/1358/1353 1359/1359/1354
f 1353/1353/1348 1360/1360/1355 1361/1361/1356
f 1362/1362/1357 1363/1363/1358 1355/1355/1350
f 1364/1364/1359 1365/1365/1360 1357/1357/1352
f 1359/1359/1354 1366/1366/1361 1367/1367/1362
f 1361/1361/1356 1368/1368/1363 1369/1369/1364
f 1370/1370/1365 1371/1371/1366 1363/1363/1358
f 1372/1372/1367 1373/1373/1368 1365/1365/1360
f 1367/1367/1362 1374/1374/1369 1375/1375/1370
f 1369/1369/1364 1376/1376/1371 1377/1377/1372
f 1378/1378/1373 1379/1379/1374 1371/1371/1366
f 1380/1380/1375 1381/1381/1376 1373/1373/1368
f 1375/1375/1370 1382/1382/1377 1383/1383/1378
f 1377/1377/1372 1384/1384/1379 1385/1385/1380
f 1386/1386/1381 1387/1387/1382 1379/1379/1374
f 1381/1381/1376 1388/1388/1383 1389/1389/1384
f 1383/1383/1378 1390/1390/1385 1391/1391/1386
f 1384/1384/1379 1392/1392/1387 1385/1385/1380
f 1393/1393/1388 1394/1394/1389 1387/1387/1382
f 1389/1389/1384 1395/1395/1390 1396/1396/1391
f 1397/1397/1392 1398/1398/1393 1392/1392/1387
f 1399/1399/1394 1400/1400/1395 1398/1398/1393
f 1401/1401/1396 1218/1218/1213 1217/1217/1212
f 1400/1400/1395 1402/1402/1397 1403/1403/1398
f 1404/1404/1399 1405/1405/1400 1284/1284/1279
f 1406/1406/1401 1285/1285/1280 1407/1407/1402
f 1408/1408/1403 1409/1409/1404 1410/1410/1405
f 1411/1411/1406 1412/1412/1407 1413/1413/1408
f 1414/1414/1409 708/708/705 1415/1415/1410
f 1416/1416/1411 1296/1296/1291 1417/1417/1412
f 1418/1418/1413 1282/1282/1277 1419/1419/1414
f 1412/1412/1407 1420/1420/1415 1421/1421/1416
f 1277/1277/1272 1422/1422/1417 1278/1278/1273
f 1423/1423/1418 1407/1407/1402 1224/1224/1219
f 1424/1424/1419 1425/1425/1420 1226/1226/1221
f 1225/1225/1220 1227/1227/1222 1426/1426/1421
f 1427/1427/1422 396/396/396 1428/1428/1423
f 1429/1429/1424 1430/1430/1425 727/727/724
f 1431/1431/1426 1432/1432/1427 1433/1433/1428
f 1428/1428/1423 1432/1432/1427 1434/1434/1429
f 1435/1435/1430 1432/1432/1427 1436/1436/1431
f 1437/1437/1432 1438/1438/1433 1439/1439/1434
f 1440/1440/1435 1438/1438/1433 1441/1441/1436
f 1442/1442/1437 1438/1438/1433 1443/1443/1438
f 1444/1444/1439 1445/1445/1440 1446/1446/1441
f 388/388/388 1445/1445/1440 1447/1447/1442
f 1448/1448/1443 1445/1445/1440 1449/1449/1444
f 1450/1450/1445 1451/1451/1446 1452/1452/1447
f 1453/1453/1448 1451/1451/1446 1454/1454/1449
f 1427/1427/1422 1451/1451/1446 1455/1455/1450
f 1456/1456/1451 1457/1457/1452 1458/1458/1453
f 709/709/706 1459/1459/1454 701/701/698
f 1460/1460/1455 709/709/706 708/708/705
f 1461/1461/1456 1457/1457/1452 1460/1460/1455
f 1462/1462/1457 1463/1463/1458 1464/1464/1459
f 1465/1465/1460 1463/1463/1458 1466/1466/1461
f 1233/1233/1228 1467/1467/1462 710/710/707
f 1464/1464/1459 1233/1233/1228 703/703/700
f 1468/1468/1463 1469/1469/1464 1470/1470/1465
f 707/707/704 1471/1471/1466 1415/1415/1410
f 1472/1472/1467 707/707/704 713/713/710
f 1473/1473/1468 1469/1469/1464 1472/1472/1467
f 1474/1474/1469 1475/1475/1470 1476/1476/1471
f 1477/1477/1472 1475/1475/1470 1478/1478/1473
f 1234/1234/1229 1479/1479/1474 719/719/716
f 1476/1476/1471 1234/1234/1229 712/712/709
f 1480/1480/1475 1481/1481/1476 1482/1482/1477
f 1186/1186/1181 1483/1483/1478 1480/1480/1475
f 1194/1194/1189 1483/1483/1478 1195/1195/1190
f 1481/1481/1476 1484/1484/1479 1485/1485/1480
f 1486/1486/1481 1487/1487/1482 1488/1488/1483
f 1489/1489/1484 1486/1486/1481 1490/1490/1485
f 1290/1290/1285 1491/1491/1486 1489/1489/1484
f 1189/1189/1184 1491/1491/1486 1289/1289/1284
f 1492/1492/1487 1493/1493/1488 1494/1494/1489
f 1394/1394/1389 1495/1495/1490 1492/1492/1487
f 1418/1418/1413 1495/1495/1490 1421/1421/1416
f 1493/1493/1488 1496/1496/1491 1497/1497/1492
f 1498/1498/1493 1499/1499/1494 1500/1500/1495
f 1501/1501/1496 1498/1498/1493 1502/1502/1497
f 1422/1422/1417 1503/1503/1498 1501/1501/1496
f 1390/1390/1385 1503/1503/1498 1426/1426/1421
f 1431/1431/1426 1452/1452/1447 1434/1434/1429
f 1434/1434/1429 1427/1427/1422 1428/1428/1423
f 1428/1428/1423 1504/1504/1499 1436/1436/1431
f 1436/1436/1431 1505/1505/386 1435/1435/1430
f 1453/1453/1448 1506/1506/1500 1455/1455/1450
f 1455/1455/1450 394/394/394 1427/1427/1422
f 385/385/385 1507/1507/1501 1508/1508/1502
f 1509/1509/1503 1510/1510/1504 1507/1507/1501
f 1511/1511/1505 1443/1443/1438 1440/1440/1435
f 1512/1512/1506 1442/1442/1437 1443/1443/1438
f 388/388/388 1439/1439/1434 1442/1442/1437
f 1447/1447/1442 1437/1437/1432 1439/1439/1434
f 390/390/390 1449/1449/1444 388/388/388
f 1513/1513/1507 1448/1448/1443 1449/1449/1444
f 391/391/391 1514/1514/1449 1515/1515/1508
f 1514/1514/1449 1516/1516/1509 1515/1515/1508
f 396/396/396 1517/1517/1510 1504/1504/1499
f 1504/1504/1499 1518/1518/397 1505/1505/386
f 1519/1519/392 1520/1520/1511 1506/1506/1500
f 1506/1506/1500 403/403/403 394/394/394
f 1521/1521/1512 1512/1512/1506 1511/1511/1505
f 1522/1522/1513 389/389/389 1512/1512/1506
f 400/400/400 1513/1513/1507 390/390/390
f 1523/1523/1514 1524/1524/1515 1513/1513/1507
f 395/395/395 1525/1525/1516 1517/1517/1510
f 1517/1517/1510 1526/1526/1517 1518/1518/397
f 1527/1527/1518 1528/1528/1519 1520/1520/1511
f 1520/1520/1511 411/411/411 403/403/403
f 1529/1529/406 1522/1522/1513 1521/1521/1512
f 1530/1530/1520 399/399/399 1522/1522/1513
f 408/408/408 1523/1523/1514 400/400/400
f 1531/1531/1521 1532/1532/1522 1523/1523/1514
f 404/404/404 1533/1533/1523 1525/1525/1516
f 1525/1525/1516 1534/1534/420 1526/1526/1517
f 1535/1535/1524 1536/1536/1525 1528/1528/1519
f 1528/1528/1519 418/418/418 411/411/411
f 1537/1537/1526 1530/1530/1520 1529/1529/406
f 1538/1538/1527 407/407/407 1530/1530/1520
f 415/415/415 1531/1531/1521 408/408/408
f 1539/1539/1528 1540/1540/1529 1531/1531/1521
f 412/412/412 1541/1541/1530 1533/1533/1523
f 1533/1533/1523 1542/1542/1531 1534/1534/420
f 1543/1543/417 1544/1544/1532 1536/1536/1525
f 1536/1536/1525 426/426/426 418/418/418
f 1545/1545/1533 1538/1538/1527 1537/1537/1526
f 1546/1546/1534 414/414/414 1538/1538/1527
f 423/423/423 1539/1539/1528 415/415/415
f 1547/1547/1535 1548/1548/1536 1539/1539/1528
f 419/419/419 1549/1549/1537 1541/1541/1530
f 1541/1541/1530 1550/1550/1538 1542/1542/1531
f 1551/1551/425 1552/1552/1539 1544/1544/1532
f 1544/1544/1532 1553/1553/1540 426/426/426
f 1554/1554/1541 1546/1546/1534 1545/1545/1533
f 1555/1555/1542 422/422/422 1546/1546/1534
f 431/431/431 1547/1547/1535 423/423/423
f 1556/1556/1543 1557/1557/1544 1547/1547/1535
f 434/434/434 1549/1549/1537 427/427/427
f 1558/1558/1545 1550/1550/1538 1549/1549/1537
f 1559/1559/438 1552/1552/1539 1560/1560/432
f 1561/1561/1546 1553/1553/1540 1552/1552/1539
f 1554/1554/1541 1562/1562/1547 1555/1555/1542
f 1555/1555/1542 443/443/443 430/430/430
f 431/431/431 1563/1563/1548 1556/1556/1543
f 1556/1556/1543 1564/1564/1549 1565/1565/1550
f 440/440/440 1558/1558/1545 434/434/434
f 1566/1566/1551 1567/1567/1552 1558/1558/1545
f 1568/1568/1553 1561/1561/1546 1559/1559/438
f 1569/1569/1554 433/433/433 1561/1561/1546
f 1570/1570/1555 1571/1571/1556 1562/1562/1547
f 1562/1562/1547 450/450/450 443/443/443
f 436/436/436 1572/1572/1557 1563/1563/1548
f 1563/1563/1548 1573/1573/1558 1564/1564/1549
f 448/448/448 1566/1566/1551 440/440/440
f 1574/1574/1559 1575/1575/1560 1566/1566/1551
f 1576/1576/1561 1569/1569/1554 1568/1568/1553
f 1577/1577/1562 439/439/439 1569/1569/1554
f 1578/1578/442 1579/1579/1563 1571/1571/1556
f 1571/1571/1556 457/457/457 450/450/450
f 444/444/444 1580/1580/1564 1572/1572/1557
f 1572/1572/1557 1581/1581/1565 1573/1573/1558
f 454/454/454 1574/1574/1559 448/448/448
f 1582/1582/1566 1583/1583/1567 1574/1574/1559
f 1584/1584/1568 1577/1577/1562 1576/1576/1561
f 1585/1585/1569 447/447/447 1577/1577/1562
f 1586/1586/1570 1587/1587/1571 1579/1579/1563
f 1579/1579/1563 465/465/465 457/457/457
f 451/451/451 1588/1588/1572 1580/1580/1564
f 1580/1580/1564 1589/1589/1573 1581/1581/1565
f 462/462/462 1582/1582/1566 454/454/454
f 1590/1590/1574 1591/1591/1575 1582/1582/1566
f 1592/1592/1576 1585/1585/1569 1584/1584/1568
f 1593/1593/1577 453/453/453 1585/1585/1569
f 1594/1594/456 1595/1595/1578 1587/1587/1571
f 1587/1587/1571 473/473/473 465/465/465
f 458/458/458 1596/1596/1579 1588/1588/1572
f 1588/1588/1572 1597/1597/1580 1589/1589/1573
f 470/470/470 1590/1590/1574 462/462/462
f 1598/1598/1581 1599/1599/1582 1590/1590/1574
f 1600/1600/1583 1593/1593/1577 1592/1592/1576
f 1601/1601/1584 461/461/461 1593/1593/1577
f 1602/1602/1585 1603/1603/1586 1595/1595/1578
f 1595/1595/1578 479/479/479 473/473/473
f 466/466/466 1604/1604/1587 1596/1596/1579
f 1596/1596/1579 1605/1605/1588 1597/1597/1580
f 477/477/477 1598/1598/1581 470/470/470
f 1606/1606/1589 1607/1607/1590 1598/1598/1581
f 1608/1608/1591 1601/1601/1584 1600/1600/1583
f 1609/1609/1592 469/469/469 1601/1601/1584
f 1610/1610/1593 1611/1611/1594 1603/1603/1586
f 1603/1603/1586 1612/1612/1595 479/479/479
f 474/474/474 1613/1613/1596 1604/1604/1587
f 1604/1604/1587 1614/1614/1597 1605/1605/1588
f 477/477/477 1615/1615/1598 1606/1606/1589
f 1606/1606/1589 1616/1616/1599 1617/1617/484
f 1608/1608/1591 1618/1618/1600 1609/1609/1592
f 1609/1609/1592 490/490/490 476/476/476
f 1619/1619/1601 1611/1611/1594 1620/1620/1602
f 1621/1621/1603 1612/1612/1595 1611/1611/1594
f 487/487/487 1613/1613/1596 480/480/480
f 1622/1622/1604 1614/1614/1597 1613/1613/1596
f 483/483/483 1623/1623/1605 1615/1615/1598
f 1615/1615/1598 1624/1624/1606 1616/1616/1599
f 1625/1625/1607 1626/1626/1608 1618/1618/1600
f 1618/1618/1600 498/498/498 490/490/490
f 1627/1627/1609 1621/1621/1603 1619/1619/1601
f 1628/1628/1610 486/486/486 1621/1621/1603
f 495/495/495 1622/1622/1604 487/487/487
f 1629/1629/1611 1630/1630/1612 1622/1622/1604
f 491/491/491 1631/1631/1613 1623/1623/1605
f 1623/1623/1605 1632/1632/1614 1624/1624/1606
f 1633/1633/1615 1634/1634/1616 1626/1626/1608
f 1626/1626/1608 505/505/505 498/498/498
f 1635/1635/1617 1628/1628/1610 1627/1627/1609
f 1636/1636/1618 494/494/494 1628/1628/1610
f 503/503/503 1629/1629/1611 495/495/495
f 1637/1637/1619 1638/1638/1620 1629/1629/1611
f 499/499/499 1639/1639/1621 1631/1631/1613
f 1631/1631/1613 1640/1640/1622 1632/1632/1614
f 1641/1641/1623 1642/1642/1624 1634/1634/1616
f 1634/1634/1616 1643/1643/1625 505/505/505
f 1644/1644/1626 1636/1636/1618 1635/1635/1617
f 1645/1645/1627 502/502/502 1636/1636/1618
f 510/510/510 1637/1637/1619 503/503/503
f 1646/1646/1628 1647/1647/1629 1637/1637/1619
f 514/514/514 1639/1639/1621 506/506/506
f 1648/1648/1630 1640/1640/1622 1639/1639/1621
f 1649/1649/1631 1642/1642/1624 1650/1650/1632
f 1651/1651/1633 1643/1643/1625 1642/1642/1624
f 1644/1644/1626 1652/1652/1634 1645/1645/1627
f 1645/1645/1627 524/524/524 509/509/509
f 510/510/510 1653/1653/1635 1646/1646/1628
f 1646/1646/1628 1654/1654/526 1655/1655/518
f 521/521/521 1648/1648/1630 514/514/514
f 1656/1656/1636 1657/1657/1637 1648/1648/1630
f 1658/1658/1638 1651/1651/1633 1649/1649/1631
f 1659/1659/1639 513/513/513 1651/1651/1633
f 1660/1660/1640 1661/1661/1641 1652/1652/1634
f 1652/1652/1634 532/532/532 524/524/524
f 517/517/517 1662/1662/1642 1653/1653/1635
f 1653/1653/1635 1663/1663/1643 1654/1654/526
f 529/529/529 1656/1656/1636 521/521/521
f 1664/1664/1644 1665/1665/1645 1656/1656/1636
f 1666/1666/1646 1659/1659/1639 1658/1658/1638
f 1667/1667/1647 520/520/520 1659/1659/1639
f 1668/1668/1648 1669/1669/1649 1661/1661/1641
f 1661/1661/1641 540/540/540 532/532/532
f 525/525/525 1670/1670/1650 1662/1662/1642
f 1662/1662/1642 1671/1671/1651 1663/1663/1643
f 537/537/537 1664/1664/1644 529/529/529
f 1672/1672/1652 1673/1673/1653 1664/1664/1644
f 1674/1674/1654 1667/1667/1647 1666/1666/1646
f 1675/1675/1655 528/528/528 1667/1667/1647
f 1676/1676/1656 1677/1677/1657 1669/1669/1649
f 1669/1669/1649 547/547/547 540/540/540
f 533/533/533 1678/1678/1658 1670/1670/1650
f 1670/1670/1650 1679/1679/1659 1671/1671/1651
f 545/545/545 1672/1672/1652 537/537/537
f 1680/1680/1660 1681/1681/538 1672/1672/1652
f 1682/1682/1661 1675/1675/1655 1674/1674/1654
f 1683/1683/1662 536/536/536 1675/1675/1655
f 1684/1684/1663 1685/1685/1664 1677/1677/1657
f 1677/1677/1657 555/555/555 547/547/547
f 541/541/541 1686/1686/1665 1678/1678/1658
f 1678/1678/1658 1687/1687/1666 1679/1679/1659
f 552/552/552 1680/1680/1660 545/545/545
f 1688/1688/1667 1689/1689/1668 1680/1680/1660
f 1690/1690/1669 1683/1683/1662 1682/1682/1661
f 1691/1691/1670 544/544/544 1683/1683/1662
f 1692/1692/1671 1693/1693/1672 1685/1685/1664
f 1685/1685/1664 1694/1694/1673 555/555/555
f 548/548/548 1695/1695/1674 1686/1686/1665
f 1686/1686/1665 1696/1696/1675 1687/1687/1666
f 552/552/552 1697/1697/1676 1688/1688/1667
f 1688/1688/1667 1698/1698/1677 1699/1699/560
f 1690/1690/1669 1700/1700/1678 1691/1691/1670
f 1691/1691/1670 566/566/566 551/551/551
f 1701/1701/1679 1693/1693/1672 1702/1702/1680
f 1703/1703/1681 1694/1694/1673 1693/1693/1672
f 563/563/563 1695/1695/1674 556/556/556
f 1704/1704/1682 1696/1696/1675 1695/1695/1674
f 559/559/559 1705/1705/1683 1697/1697/1676
f 1697/1697/1676 1706/1706/1684 1698/1698/1677
f 1707/1707/565 1708/1708/1685 1700/1700/1678
f 1700/1700/1678 1709/1709/1686 566/566/566
f 1710/1710/1687 1703/1703/1681 1701/1701/1679
f 1711/1711/1688 562/562/562 1703/1703/1681
f 571/571/571 1704/1704/1682 563/563/563
f 1712/1712/1689 1713/1713/1690 1704/1704/1682
f 574/574/574 1705/1705/1683 567/567/567
f 1714/1714/1691 1706/1706/1684 1705/1705/1683
f 1715/1715/1692 1708/1708/1685 1716/1716/1693
f 1717/1717/1694 1709/1709/1686 1708/1708/1685
f 1710/1710/1687 1718/1718/1695 1711/1711/1688
f 1711/1711/1688 584/584/584 570/570/570
f 571/571/571 1719/1719/1696 1712/1712/1689
f 1712/1712/1689 1720/1720/1697 1721/1721/1698
f 581/581/581 1714/1714/1691 574/574/574
f 1722/1722/1699 1723/1723/1700 1714/1714/1691
f 1724/1724/1701 1717/1717/1694 1715/1715/1692
f 1725/1725/1702 573/573/573 1717/1717/1694
f 1726/1726/1703 1727/1727/1704 1718/1718/1695
f 1718/1718/1695 592/592/592 584/584/584
f 577/577/577 1728/1728/1705 1719/1719/1696
f 1719/1719/1696 1729/1729/1706 1720/1720/1697
f 589/589/589 1722/1722/1699 581/581/581
f 1730/1730/1707 1731/1731/1708 1722/1722/1699
f 1732/1732/595 1725/1725/1702 1724/1724/1701
f 1733/1733/1709 580/580/580 1725/1725/1702
f 1734/1734/1710 1735/1735/1711 1727/1727/1704
f 1727/1727/1704 600/600/600 592/592/592
f 585/585/585 1736/1736/1712 1728/1728/1705
f 1728/1728/1705 1737/1737/1713 1729/1729/1706
f 597/597/597 1730/1730/1707 589/589/589
f 1738/1738/1714 1739/1739/1715 1730/1730/1707
f 1740/1740/1716 1733/1733/1709 1732/1732/595
f 1741/1741/1717 588/588/588 1733/1733/1709
f 1742/1742/1718 1743/1743/1719 1735/1735/1711
f 1735/1735/1711 608/608/608 600/600/600
f 593/593/593 1744/1744/1720 1736/1736/1712
f 1736/1736/1712 1745/1745/1721 1737/1737/1713
f 605/605/605 1738/1738/1714 597/597/597
f 1746/1746/1722 1747/1747/1723 1738/1738/1714
f 1748/1748/1724 1741/1741/1717 1740/1740/1716
f 1749/1749/1725 596/596/596 1741/1741/1717
f 1750/1750/1726 1751/1751/1727 1743/1743/1719
f 1743/1743/1719 614/614/614 608/608/608
f 601/601/601 1752/1752/1728 1744/1744/1720
f 1744/1744/1720 1753/1753/1729 1745/1745/1721
f 612/612/612 1746/1746/1722 605/605/605
f 1754/1754/1730 1755/1755/1731 1746/1746/1722
f 1756/1756/1732 1749/1749/1725 1748/1748/1724
f 1757/1757/1733 604/604/604 1749/1749/1725
f 1758/1758/1734 1759/1759/1735 1751/1751/1727
f 1751/1751/1727 622/622/620 614/614/614
f 609/609/609 1760/1760/1736 1752/1752/1728
f 1752/1752/1728 1761/1761/1737 1753/1753/1729
f 619/619/612 1754/1754/1730 612/612/612
f 1762/1762/1738 1763/1763/618 1754/1754/1730
f 1764/1764/1739 1757/1757/1733 1756/1756/1732
f 1765/1765/1740 611/611/611 1757/1757/1733
f 1766/1766/613 1767/1767/1741 1759/1759/1735
f 1759/1759/1735 629/629/627 622/622/620
f 615/615/615 1768/1768/1742 1760/1760/1736
f 1760/1760/1736 1769/1769/1743 1761/1761/1737
f 626/626/624 1762/1762/1738 619/619/612
f 1770/1770/1744 1771/1771/1745 1762/1762/1738
f 1772/1772/1746 1765/1765/1740 1764/1764/1739
f 1773/1773/1747 618/618/611 1765/1765/1740
f 1774/1774/1748 1775/1775/1749 1767/1767/1741
f 1767/1767/1741 636/636/633 629/629/627
f 623/623/621 1776/1776/1750 1768/1768/1742
f 1768/1768/1742 1777/1777/1751 1769/1769/1743
f 634/634/631 1770/1770/1744 626/626/624
f 1778/1778/1752 1779/1779/1753 1770/1770/1744
f 1780/1780/636 1773/1773/1747 1772/1772/1746
f 1781/1781/1754 625/625/623 1773/1773/1747
f 1782/1782/1755 1783/1783/1756 1775/1775/1749
f 1775/1775/1749 644/644/641 636/636/633
f 630/630/621 1784/1784/1757 1776/1776/1750
f 1776/1776/1750 1785/1785/1758 1777/1777/1751
f 641/641/638 1778/1778/1752 634/634/631
f 1786/1786/1759 1787/1787/639 1778/1778/1752
f 1788/1788/1760 1781/1781/1754 1780/1780/636
f 1789/1789/1761 633/633/630 1781/1781/1754
f 1790/1790/1762 1791/1791/1763 1783/1783/1756
f 1783/1783/1756 652/652/649 644/644/641
f 637/637/634 1792/1792/1764 1784/1784/1757
f 1784/1784/1757 1793/1793/1765 1785/1785/1758
f 649/649/646 1786/1786/1759 641/641/638
f 1794/1794/1766 1795/1795/647 1786/1786/1759
f 1796/1796/652 1789/1789/1761 1788/1788/1760
f 1797/1797/1767 640/640/637 1789/1789/1761
f 1798/1798/1768 1799/1799/1769 1791/1791/1763
f 1791/1791/1763 660/660/657 652/652/649
f 645/645/642 1800/1800/1770 1792/1792/1764
f 1792/1792/1764 1801/1801/1771 1793/1793/1765
f 657/657/654 1794/1794/1766 649/649/646
f 1802/1802/1772 1803/1803/1773 1794/1794/1766
f 1804/1804/1774 1797/1797/1767 1796/1796/652
f 1805/1805/1775 648/648/645 1797/1797/1767
f 1806/1806/1776 1807/1807/1777 1799/1799/1769
f 1799/1799/1769 668/668/665 660/660/657
f 653/653/650 1808/1808/1778 1800/1800/1770
f 1800/1800/1770 1809/1809/1779 1801/1801/1771
f 665/665/662 1802/1802/1772 657/657/654
f 1810/1810/1780 1811/1811/1781 1802/1802/1772
f 1812/1812/667 1805/1805/1775 1804/1804/1774
f 1813/1813/1782 656/656/653 1805/1805/1775
f 1814/1814/1783 1815/1815/1784 1807/1807/1777
f 1807/1807/1777 674/674/671 668/668/665
f 661/661/658 1816/1816/1785 1808/1808/1778
f 1808/1808/1778 1817/1817/673 1809/1809/1779
f 672/672/669 1810/1810/1780 665/665/662
f 1818/1818/1786 1819/1819/1787 1810/1810/1780
f 1820/1820/1788 1813/1813/1782 1812/1812/667
f 1821/1821/1789 664/664/661 1813/1813/1782
f 1822/1822/1790 1823/1823/1791 1815/1815/1784
f 1815/1815/1784 682/682/679 674/674/671
f 669/669/666 1824/1824/1792 1816/1816/1785
f 1816/1816/1785 1825/1825/681 1817/1817/673
f 679/679/676 1818/1818/1786 672/672/669
f 1826/1826/1793 1827/1827/1794 1818/1818/1786
f 1828/1828/1795 1821/1821/1789 1820/1820/1788
f 1829/1829/1796 671/671/668 1821/1821/1789
f 1830/1830/1797 1831/1831/1798 1823/1823/1791
f 1823/1823/1791 690/690/687 682/682/679
f 675/675/672 1832/1832/1799 1824/1824/1792
f 1824/1824/1792 1833/1833/1800 1825/1825/681
f 687/687/684 1826/1826/1793 679/679/676
f 1834/1834/1801 1835/1835/685 1826/1826/1793
f 1836/1836/1802 1829/1829/1796 1828/1828/1795
f 1837/1837/1803 678/678/675 1829/1829/1796
f 1838/1838/1804 1839/1839/1805 1831/1831/1798
f 1831/1831/1798 698/698/695 690/690/687
f 683/683/680 1840/1840/1806 1832/1832/1799
f 1832/1832/1799 1841/1841/1807 1833/1833/1800
f 695/695/692 1834/1834/1801 687/687/684
f 1842/1842/1808 1843/1843/1809 1834/1834/1801
f 1844/1844/1810 1837/1837/1803 1836/1836/1802
f 1845/1845/1811 686/686/683 1837/1837/1803
f 1846/1846/686 1847/1847/1812 1839/1839/1805
f 1839/1839/1805 1848/1848/1813 698/698/695
f 691/691/688 1849/1849/1814 1840/1840/1806
f 1840/1840/1806 1850/1850/1815 1841/1841/1807
f 695/695/692 1459/1459/1454 1842/1842/1808
f 1842/1842/1808 1456/1456/1451 1851/1851/1816
f 1844/1844/1810 1852/1852/1817 1845/1845/1811
f 1845/1845/1811 1853/1853/1818 694/694/691
f 1462/1462/1457 1847/1847/1812 1854/1854/1819
f 1464/1464/1459 1848/1848/1813 1847/1847/1812
f 1232/1232/1227 1855/1855/1820 1230/1230/1225
f 1856/1856/1821 1857/1857/1822 1855/1855/1820
f 704/704/701 1849/1849/1814 699/699/696
f 1858/1858/1823 1850/1850/1815 1849/1849/1814
f 1859/1859/1824 1860/1860/1825 1852/1852/1817
f 1852/1852/1817 1861/1861/1826 1853/1853/1818
f 1862/1862/1468 1863/1863/1827 1864/1864/1828
f 1865/1865/1829 718/718/715 717/717/714
f 721/721/718 1858/1858/1823 704/704/701
f 1866/1866/1830 1867/1867/1831 1858/1858/1823
f 715/715/712 1472/1472/1467 713/713/710
f 1868/1868/1832 1473/1473/1468 1472/1472/1467
f 1869/1869/1833 1860/1860/1825 1870/1870/1834
f 1871/1871/1835 1861/1861/1826 1860/1860/1825
f 1477/1477/1472 1872/1872/1836 1479/1479/1474
f 1479/1479/1474 730/730/727 719/719/716
f 721/721/718 1873/1873/1837 1866/1866/1830
f 1866/1866/1830 1874/1874/1838 1875/1875/1223
f 726/726/723 1868/1868/1832 715/715/712
f 1876/1876/1839 1877/1877/1840 1868/1868/1832
f 1878/1878/1841 1871/1871/1835 1869/1869/1833
f 1879/1879/1842 714/714/711 1871/1871/1835
f 1880/1880/1843 1881/1881/1844 1872/1872/1836
f 1872/1872/1836 1882/1882/1845 730/730/727
f 720/720/717 1883/1883/1846 1873/1873/1837
f 1873/1873/1837 1884/1884/1847 1874/1874/1838
f 726/726/723 1885/1885/1848 1876/1876/1839
f 1876/1876/1839 1886/1886/1849 1887/1887/725
f 1878/1878/1841 1888/1888/1850 1879/1879/1842
f 1879/1879/1842 740/740/737 725/725/722
f 1889/1889/1851 1881/1881/1844 1890/1890/1852
f 1891/1891/1853 1882/1882/1845 1881/1881/1844
f 737/737/734 1883/1883/1846 731/731/728
f 1892/1892/1854 1884/1884/1847 1883/1883/1846
f 734/734/731 1893/1893/1855 1885/1885/1848
f 1885/1885/1848 1894/1894/1856 1886/1886/1849
f 1895/1895/1857 1896/1896/1858 1888/1888/1850
f 1888/1888/1850 747/747/744 740/740/737
f 1897/1897/1859 1891/1891/1853 1889/1889/1851
f 1898/1898/1860 736/736/733 1891/1891/1853
f 745/745/742 1892/1892/1854 737/737/734
f 1899/1899/1861 1900/1900/1862 1892/1892/1854
f 741/741/738 1901/1901/1863 1893/1893/1855
f 1893/1893/1855 1902/1902/1864 1894/1894/1856
f 1903/1903/1865 1904/1904/1866 1896/1896/1858
f 1896/1896/1858 754/754/751 747/747/744
f 1905/1905/746 1898/1898/1860 1897/1897/1859
f 1906/1906/1867 744/744/741 1898/1898/1860
f 751/751/748 1899/1899/1861 745/745/742
f 1907/1907/1868 1908/1908/1869 1899/1899/1861
f 748/748/745 1909/1909/1870 1901/1901/1863
f 1901/1901/1863 1910/1910/1871 1902/1902/1864
f 1911/1911/1872 1912/1912/1873 1904/1904/1866
f 1904/1904/1866 761/761/758 754/754/751
f 1913/1913/1874 1906/1906/1867 1905/1905/746
f 1914/1914/1875 750/750/747 1906/1906/1867
f 759/759/756 1907/1907/1868 751/751/748
f 1915/1915/1876 1916/1916/749 1907/1907/1868
f 755/755/752 1917/1917/1877 1909/1909/1870
f 1909/1909/1870 1918/1918/1878 1910/1910/1871
f 1919/1919/1879 1920/1920/1880 1912/1912/1873
f 1912/1912/1873 769/769/766 761/761/758
f 1921/1921/1881 1914/1914/1875 1913/1913/1874
f 1922/1922/1882 758/758/755 1914/1914/1875
f 766/766/763 1915/1915/1876 759/759/756
f 1923/1923/1883 1924/1924/1884 1915/1915/1876
f 762/762/759 1925/1925/1885 1917/1917/1877
f 1917/1917/1877 1926/1926/1886 1918/1918/1878
f 1927/1927/1887 1928/1928/1888 1920/1920/1880
f 1920/1920/1880 776/776/773 769/769/766
f 1929/1929/1889 1922/1922/1882 1921/1921/1881
f 1930/1930/1890 765/765/762 1922/1922/1882
f 773/773/770 1923/1923/1883 766/766/763
f 1931/1931/1891 1932/1932/1892 1923/1923/1883
f 770/770/767 1933/1933/1893 1925/1925/1885
f 1925/1925/1885 1934/1934/1894 1926/1926/1886
f 1935/1935/1895 1936/1936/1896 1928/1928/1888
f 1928/1928/1888 783/783/780 776/776/773
f 1937/1937/1897 1930/1930/1890 1929/1929/1889
f 1938/1938/1898 772/772/769 1930/1930/1890
f 781/781/778 1931/1931/1891 773/773/770
f 1939/1939/1899 1940/1940/771 1931/1931/1891
f 777/777/774 1941/1941/1900 1933/1933/1893
f 1933/1933/1893 1942/1942/1901 1934/1934/1894
f 1943/1943/1902 1944/1944/1903 1936/1936/1896
f 1936/1936/1896 791/791/788 783/783/780
f 1945/1945/1904 1938/1938/1898 1937/1937/1897
f 1946/1946/1905 780/780/777 1938/1938/1898
f 788/788/785 1939/1939/1899 781/781/778
f 1947/1947/1906 1948/1948/1907 1939/1939/1899
f 784/784/781 1949/1949/1908 1941/1941/1900
f 1941/1941/1900 1950/1950/798 1942/1942/1901
f 1951/1951/1909 1952/1952/1910 1944/1944/1903
f 1944/1944/1903 1953/1953/1911 791/791/788
f 1954/1954/1912 1946/1946/1905 1945/1945/1904
f 1955/1955/1913 787/787/784 1946/1946/1905
f 796/796/793 1947/1947/1906 788/788/785
f 1956/1956/1914 1957/1957/1915 1947/1947/1906
f 800/800/797 1949/1949/1908 792/792/789
f 1958/1958/1916 1950/1950/798 1949/1949/1908
f 1959/1959/1917 1952/1952/1910 1960/1960/1918
f 1961/1961/1919 1953/1953/1911 1952/1952/1910
f 1954/1954/1912 1962/1962/1920 1955/1955/1913
f 1955/1955/1913 810/810/807 795/795/792
f 796/796/793 1963/1963/1921 1956/1956/1914
f 1956/1956/1914 1964/1964/1922 1965/1965/1923
f 807/807/804 1958/1958/1916 800/800/797
f 1966/1966/1924 1967/1967/805 1958/1958/1916
f 1968/1968/1925 1961/1961/1919 1959/1959/1917
f 1969/1969/1926 799/799/796 1961/1961/1919
f 1970/1970/1927 1971/1971/1928 1962/1962/1920
f 1962/1962/1920 818/818/815 810/810/807
f 803/803/800 1972/1972/1929 1963/1963/1921
f 1963/1963/1921 1973/1973/817 1964/1964/1922
f 815/815/812 1966/1966/1924 807/807/804
f 1974/1974/1930 1975/1975/1931 1966/1966/1924
f 1976/1976/1932 1969/1969/1926 1968/1968/1925
f 1977/1977/1933 806/806/803 1969/1969/1926
f 1978/1978/1934 1979/1979/1935 1971/1971/1928
f 1971/1971/1928 1980/1980/1936 818/818/815
f 811/811/808 1981/1981/1937 1972/1972/1929
f 1972/1972/1929 1982/1982/1938 1973/1973/817
f 815/815/812 1983/1983/1939 1974/1974/1930
f 1974/1974/1930 1984/1984/828 1985/1985/1940
f 1976/1976/1932 1986/1986/1941 1977/1977/1933
f 1977/1977/1933 829/829/826 814/814/811
f 1987/1987/1942 1979/1979/1935 1988/1988/1943
f 1989/1989/1944 1980/1980/1936 1979/1979/1935
f 826/826/823 1981/1981/1937 819/819/816
f 1990/1990/1945 1982/1982/1938 1981/1981/1937
f 822/822/819 1991/1991/1946 1983/1983/1939
f 1983/1983/1939 1992/1992/1947 1984/1984/828
f 1993/1993/825 1994/1994/1948 1986/1986/1941
f 1986/1986/1941 837/837/834 829/829/826
f 1995/1995/1949 1989/1989/1944 1987/1987/1942
f 1996/1996/1950 825/825/822 1989/1989/1944
f 834/834/831 1990/1990/1945 826/826/823
f 1997/1997/1951 1998/1998/1952 1990/1990/1945
f 830/830/827 1999/1999/1953 1991/1991/1946
f 1991/1991/1946 2000/2000/1954 1992/1992/1947
f 2001/2001/833 2002/2002/1955 1994/1994/1948
f 1994/1994/1948 845/845/842 837/837/834
f 2003/2003/1956 1996/1996/1950 1995/1995/1949
f 2004/2004/1957 833/833/830 1996/1996/1950
f 842/842/839 1997/1997/1951 834/834/831
f 2005/2005/1958 2006/2006/1959 1997/1997/1951
f 838/838/835 2007/2007/1960 1999/1999/1953
f 1999/1999/1953 2008/2008/1961 2000/2000/1954
f 2009/2009/1962 2010/2010/1963 2002/2002/1955
f 2002/2002/1955 852/852/849 845/845/842
f 2011/2011/1964 2004/2004/1957 2003/2003/1956
f 2012/2012/1965 841/841/838 2004/2004/1957
f 849/849/846 2005/2005/1958 842/842/839
f 2013/2013/1966 2014/2014/1967 2005/2005/1958
f 846/846/843 2015/2015/1968 2007/2007/1960
f 2007/2007/1960 2016/2016/1969 2008/2008/1961
f 2017/2017/1970 2018/2018/1971 2010/2010/1963
f 2010/2010/1963 860/860/857 852/852/849
f 2019/2019/1972 2012/2012/1965 2011/2011/1964
f 2020/2020/1973 848/848/845 2012/2012/1965
f 857/857/854 2013/2013/1966 849/849/846
f 2021/2021/1974 2022/2022/1975 2013/2013/1966
f 853/853/850 2023/2023/1976 2015/2015/1968
f 2015/2015/1968 2024/2024/1977 2016/2016/1969
f 2025/2025/856 2026/2026/1978 2018/2018/1971
f 2018/2018/1971 867/867/864 860/860/857
f 2027/2027/1979 2020/2020/1973 2019/2019/1972
f 2028/2028/1980 856/856/853 2020/2020/1973
f 865/865/862 2021/2021/1974 857/857/854
f 2029/2029/1981 2030/2030/1982 2021/2021/1974
f 861/861/858 2031/2031/1983 2023/2023/1976
f 2023/2023/1976 2032/2032/1984 2024/2024/1977
f 2033/2033/1985 2034/2034/1986 2026/2026/1978
f 2026/2026/1978 875/875/872 867/867/864
f 2035/2035/1987 2028/2028/1980 2027/2027/1979
f 2036/2036/1988 864/864/861 2028/2028/1980
f 872/872/869 2029/2029/1981 865/865/862
f 2037/2037/1989 2038/2038/1990 2029/2029/1981
f 868/868/865 2039/2039/1991 2031/2031/1983
f 2031/2031/1983 2040/2040/1992 2032/2032/1984
f 2041/2041/1993 2042/2042/1994 2034/2034/1986
f 2034/2034/1986 883/883/880 875/875/872
f 2043/2043/875 2036/2036/1988 2035/2035/1987
f 2044/2044/1995 871/871/868 2036/2036/1988
f 880/880/877 2037/2037/1989 872/872/869
f 2045/2045/1996 2046/2046/1997 2037/2037/1989
f 876/876/873 2047/2047/1998 2039/2039/1991
f 2039/2039/1991 2048/2048/1999 2040/2040/1992
f 2049/2049/2000 2050/2050/2001 2042/2042/1994
f 2042/2042/1994 890/890/887 883/883/880
f 2051/2051/882 2044/2044/1995 2043/2043/875
f 2052/2052/2002 879/879/876 2044/2044/1995
f 887/887/884 2045/2045/1996 880/880/877
f 2053/2053/2003 2054/2054/2004 2045/2045/1996
f 884/884/881 2055/2055/2005 2047/2047/1998
f 2047/2047/1998 2056/2056/2006 2048/2048/1999
f 2057/2057/886 2058/2058/2007 2050/2050/2001
f 2050/2050/2001 898/898/411 890/890/887
f 2059/2059/2008 2052/2052/2002 2051/2051/882
f 2060/2060/2009 886/886/883 2052/2052/2002
f 895/895/892 2053/2053/2003 887/887/884
f 2061/2061/2010 2062/2062/2011 2053/2053/2003
f 891/891/888 2063/2063/2012 2055/2055/2005
f 2055/2055/2005 2064/2064/2013 2056/2056/2006
f 2065/2065/2014 2066/2066/2015 2058/2058/2007
f 2058/2058/2007 906/906/902 898/898/411
f 2067/2067/2016 2060/2060/2009 2059/2059/2008
f 2068/2068/2017 894/894/891 2060/2060/2009
f 903/903/899 2061/2061/2010 895/895/892
f 2069/2069/2018 2070/2070/2019 2061/2061/2010
f 899/899/895 2071/2071/2020 2063/2063/2012
f 2063/2063/2012 2072/2072/2021 2064/2064/2013
f 2073/2073/2022 2074/2074/2023 2066/2066/2015
f 2066/2066/2015 2075/2075/2024 906/906/902
f 2076/2076/2025 2068/2068/2017 2067/2067/2016
f 2077/2077/2026 902/902/898 2068/2068/2017
f 911/911/907 2069/2069/2018 903/903/899
f 2078/2078/2027 2079/2079/900 2069/2069/2018
f 915/915/911 2071/2071/2020 907/907/903
f 2080/2080/2028 2072/2072/2021 2071/2071/2020
f 2081/2081/2029 2074/2074/2023 2082/2082/2030
f 2083/2083/2031 2075/2075/2024 2074/2074/2023
f 2076/2076/2025 2084/2084/2032 2077/2077/2026
f 2077/2077/2026 924/924/920 910/910/906
f 911/911/907 2085/2085/2033 2078/2078/2027
f 2078/2078/2027 2086/2086/922 2087/2087/908
f 921/921/917 2080/2080/2028 915/915/911
f 2088/2088/2034 2089/2089/2035 2080/2080/2028
f 2090/2090/2036 2083/2083/2031 2081/2081/2029
f 2091/2091/2037 914/914/910 2083/2083/2031
f 2092/2092/2038 2093/2093/2039 2084/2084/2032
f 2084/2084/2032 2094/2094/2040 924/924/920
f 918/918/914 2095/2095/2041 2085/2085/2033
f 2085/2085/2033 2096/2096/2042 2086/2086/922
f 921/921/917 2097/2097/2043 2088/2088/2034
f 2088/2088/2034 2098/2098/2044 2099/2099/2045
f 2090/2090/2036 2100/2100/2046 2091/2091/2037
f 2091/2091/2037 934/934/930 920/920/916
f 2101/2101/925 2093/2093/2039 2102/2102/919
f 2103/2103/2047 2094/2094/2040 2093/2093/2039
f 931/931/927 2095/2095/2041 925/925/921
f 2104/2104/2048 2096/2096/2042 2095/2095/2041
f 928/928/924 2105/2105/2049 2097/2097/2043
f 2097/2097/2043 2106/2106/2050 2098/2098/2044
f 2107/2107/2051 2108/2108/2052 2100/2100/2046
f 2100/2100/2046 941/941/937 934/934/930
f 2109/2109/2053 2103/2103/2047 2101/2101/925
f 2110/2110/2054 930/930/926 2103/2103/2047
f 939/939/935 2104/2104/2048 931/931/927
f 2111/2111/2055 2112/2112/2056 2104/2104/2048
f 935/935/931 2113/2113/2057 2105/2105/2049
f 2105/2105/2049 2114/2114/2058 2106/2106/2050
f 2115/2115/2059 2116/2116/2060 2108/2108/2052
f 2108/2108/2052 949/949/945 941/941/937
f 2117/2117/2061 2110/2110/2054 2109/2109/2053
f 2118/2118/2062 938/938/934 2110/2110/2054
f 946/946/942 2111/2111/2055 939/939/935
f 2119/2119/2063 2120/2120/2064 2111/2111/2055
f 942/942/938 2121/2121/2065 2113/2113/2057
f 2113/2113/2057 2122/2122/2066 2114/2114/2058
f 2123/2123/2067 2124/2124/2068 2116/2116/2060
f 2116/2116/2060 956/956/952 949/949/945
f 2125/2125/2069 2118/2118/2062 2117/2117/2061
f 2126/2126/2070 945/945/941 2118/2118/2062
f 953/953/949 2119/2119/2063 946/946/942
f 2127/2127/2071 2128/2128/2072 2119/2119/2063
f 950/950/946 2129/2129/2073 2121/2121/2065
f 2121/2121/2065 2130/2130/2074 2122/2122/2066
f 2131/2131/2075 2132/2132/2076 2124/2124/2068
f 2124/2124/2068 964/964/960 956/956/952
f 2133/2133/955 2126/2126/2070 2125/2125/2069
f 2134/2134/2077 952/952/948 2126/2126/2070
f 961/961/957 2127/2127/2071 953/953/949
f 2135/2135/2078 2136/2136/2079 2127/2127/2071
f 957/957/953 2137/2137/2080 2129/2129/2073
f 2129/2129/2073 2138/2138/2081 2130/2130/2074
f 2139/2139/2082 2140/2140/2083 2132/2132/2076
f 2132/2132/2076 970/970/966 964/964/960
f 2141/2141/2084 2134/2134/2077 2133/2133/955
f 2142/2142/2085 960/960/956 2134/2134/2077
f 968/968/964 2135/2135/2078 961/961/957
f 2143/2143/2086 2144/2144/2087 2135/2135/2078
f 965/965/961 2145/2145/2088 2137/2137/2080
f 2137/2137/2080 2146/2146/2089 2138/2138/2081
f 2147/2147/2090 2148/2148/2091 2140/2140/2083
f 2140/2140/2083 978/978/974 970/970/966
f 2149/2149/2092 2142/2142/2085 2141/2141/2084
f 2150/2150/2093 967/967/963 2142/2142/2085
f 975/975/971 2143/2143/2086 968/968/964
f 2151/2151/2094 2152/2152/2095 2143/2143/2086
f 971/971/967 2153/2153/2096 2145/2145/2088
f 2145/2145/2088 2154/2154/2097 2146/2146/2089
f 2155/2155/2098 2156/2156/2099 2148/2148/2091
f 2148/2148/2091 986/986/981 978/978/974
f 2157/2157/2100 2150/2150/2093 2149/2149/2092
f 2158/2158/2101 974/974/970 2150/2150/2093
f 983/983/979 2151/2151/2094 975/975/971
f 2159/2159/2102 2160/2160/2103 2151/2151/2094
f 979/979/975 2161/2161/2104 2153/2153/2096
f 2153/2153/2096 2162/2162/983 2154/2154/2097
f 2163/2163/2105 2164/2164/2106 2156/2156/2099
f 2156/2156/2099 994/994/989 986/986/981
f 2165/2165/2107 2158/2158/2101 2157/2157/2100
f 2166/2166/2108 982/982/978 2158/2158/2101
f 991/991/986 2159/2159/2102 983/983/979
f 2167/2167/2109 2168/2168/526 2159/2159/2102
f 987/987/982 2169/2169/2110 2161/2161/2104
f 2161/2161/2104 2170/2170/2111 2162/2162/983
f 2171/2171/2112 2172/2172/2113 2164/2164/2106
f 2164/2164/2106 1000/1000/995 994/994/989
f 2173/2173/2114 2166/2166/2108 2165/2165/2107
f 2174/2174/2115 990/990/985 2166/2166/2108
f 998/998/993 2167/2167/2109 991/991/986
f 2175/2175/2116 2176/2176/2117 2167/2167/2109
f 995/995/990 2177/2177/2118 2169/2169/2110
f 2169/2169/2110 2178/2178/997 2170/2170/2111
f 2179/2179/2119 2180/2180/2120 2172/2172/2113
f 2172/2172/2113 1008/1008/1003 1000/1000/995
f 2181/2181/998 2174/2174/2115 2173/2173/2114
f 2182/2182/2121 997/997/992 2174/2174/2115
f 1005/1005/1000 2175/2175/2116 998/998/993
f 2183/2183/2122 2184/2184/2123 2175/2175/2116
f 1001/1001/996 2185/2185/2124 2177/2177/2118
f 2177/2177/2118 2186/2186/2125 2178/2178/997
f 2187/2187/2126 2188/2188/2127 2180/2180/2120
f 2180/2180/2120 2189/2189/2128 1008/1008/1003
f 2190/2190/2129 2182/2182/2121 2181/2181/998
f 2191/2191/2130 1004/1004/999 2182/2182/2121
f 1012/1012/1007 2183/2183/2122 1005/1005/1000
f 2192/2192/2131 2193/2193/2132 2183/2183/2122
f 1016/1016/1011 2185/2185/2124 1009/1009/1004
f 2194/2194/2133 2186/2186/2125 2185/2185/2124
f 2195/2195/1016 2188/2188/2127 2196/2196/2134
f 2197/2197/2135 2189/2189/2128 2188/2188/2127
f 2190/2190/2129 2198/2198/2136 2191/2191/2130
f 2191/2191/2130 1025/1025/1020 1011/1011/1006
f 1012/1012/1007 2199/2199/2137 2192/2192/2131
f 2192/2192/2131 2200/2200/2138 2201/2201/2139
f 1023/1023/1018 2194/2194/2133 1016/1016/1011
f 2202/2202/2140 2203/2203/2141 2194/2194/2133
f 2204/2204/2142 2197/2197/2135 2195/2195/1016
f 2205/2205/2143 1015/1015/1010 2197/2197/2135
f 2206/2206/2144 2207/2207/2145 2198/2198/2136
f 2198/2198/2136 1033/1033/1028 1025/1025/1020
f 1019/1019/1014 2208/2208/2146 2199/2199/2137
f 2199/2199/2137 2209/2209/2147 2200/2200/2138
f 1030/1030/1025 2202/2202/2140 1023/1023/1018
f 2210/2210/2148 2211/2211/2149 2202/2202/2140
f 2212/2212/2150 2205/2205/2143 2204/2204/2142
f 2213/2213/2151 1022/1022/1017 2205/2205/2143
f 2214/2214/1019 2215/2215/2152 2207/2207/2145
f 2207/2207/2145 1040/1040/1035 1033/1033/1028
f 1026/1026/1021 2216/2216/2153 2208/2208/2146
f 2208/2208/2146 2217/2217/2154 2209/2209/2147
f 1037/1037/1032 2210/2210/2148 1030/1030/1025
f 2218/2218/2155 2219/2219/1026 2210/2210/2148
f 2220/2220/2156 2213/2213/2151 2212/2212/2150
f 2221/2221/2157 1029/1029/1024 2213/2213/2151
f 2222/2222/1027 2223/2223/2158 2215/2215/2152
f 2215/2215/2152 1048/1048/1043 1040/1040/1035
f 1034/1034/1029 2224/2224/2159 2216/2216/2153
f 2216/2216/2153 2225/2225/2160 2217/2217/2154
f 1045/1045/1040 2218/2218/2155 1037/1037/1032
f 2226/2226/2161 2227/2227/2162 2218/2218/2155
f 2228/2228/2163 2221/2221/2157 2220/2220/2156
f 2229/2229/2164 1036/1036/1031 2221/2221/2157
f 2230/2230/2165 2231/2231/2166 2223/2223/2158
f 2223/2223/2158 1055/1055/1050 1048/1048/1043
f 1041/1041/1036 2232/2232/2167 2224/2224/2159
f 2224/2224/2159 2233/2233/2168 2225/2225/2160
f 1053/1053/1048 2226/2226/2161 1045/1045/1040
f 2234/2234/2169 2235/2235/2170 2226/2226/2161
f 2236/2236/2171 2229/2229/2164 2228/2228/2163
f 2237/2237/2172 1044/1044/1039 2229/2229/2164
f 2238/2238/2173 2239/2239/2174 2231/2231/2166
f 2231/2231/2166 1063/1063/1058 1055/1055/1050
f 1049/1049/1044 2240/2240/2175 2232/2232/2167
f 2232/2232/2167 2241/2241/2176 2233/2233/2168
f 1060/1060/1055 2234/2234/2169 1053/1053/1048
f 2242/2242/2177 2243/2243/2178 2234/2234/2169
f 2244/2244/2179 2237/2237/2172 2236/2236/2171
f 2245/2245/2180 1052/1052/1047 2237/2237/2172
f 2246/2246/2181 2247/2247/2182 2239/2239/2174
f 2239/2239/2174 1071/1071/1066 1063/1063/1058
f 1056/1056/1051 2248/2248/2183 2240/2240/2175
f 2240/2240/2175 2249/2249/2184 2241/2241/2176
f 1068/1068/1063 2242/2242/2177 1060/1060/1055
f 2250/2250/2185 2251/2251/2186 2242/2242/2177
f 2252/2252/2187 2245/2245/2180 2244/2244/2179
f 2253/2253/2188 1059/1059/1054 2245/2245/2180
f 2254/2254/1057 2255/2255/2189 2247/2247/2182
f 2247/2247/2182 1079/1079/1074 1071/1071/1066
f 1064/1064/1059 2256/2256/2190 2248/2248/2183
f 2248/2248/2183 2257/2257/2191 2249/2249/2184
f 1076/1076/1071 2250/2250/2185 1068/1068/1063
f 2258/2258/2192 2259/2259/2193 2250/2250/2185
f 2260/2260/2194 2253/2253/2188 2252/2252/2187
f 2261/2261/2195 1067/1067/1062 2253/2253/2188
f 2262/2262/2196 2263/2263/2197 2255/2255/2189
f 2255/2255/2189 1085/1085/1080 1079/1079/1074
f 1072/1072/1067 2264/2264/2198 2256/2256/2190
f 2256/2256/2190 2265/2265/2199 2257/2257/2191
f 1083/1083/1078 2258/2258/2192 1076/1076/1071
f 2266/2266/2200 2267/2267/2201 2258/2258/2192
f 2268/2268/2202 2261/2261/2195 2260/2260/2194
f 2269/2269/2203 1075/1075/1070 2261/2261/2195
f 2270/2270/1073 2271/2271/2204 2263/2263/2197
f 2263/2263/2197 2272/2272/2205 1085/1085/1080
f 1080/1080/1075 2273/2273/2206 2264/2264/2198
f 2264/2264/2198 2274/2274/2207 2265/2265/2199
f 1083/1083/1078 2275/2275/2208 2266/2266/2200
f 2266/2266/2200 2276/2276/2209 2277/2277/2210
f 2268/2268/2202 2278/2278/2211 2269/2269/2203
f 2269/2269/2203 1096/1096/1091 1082/1082/1077
f 2279/2279/2212 2271/2271/2204 2280/2280/2213
f 2281/2281/2214 2272/2272/2205 2271/2271/2204
f 1093/1093/1088 2273/2273/2206 1086/1086/1081
f 2282/2282/2215 2274/2274/2207 2273/2273/2206
f 1089/1089/1084 2283/2283/2216 2275/2275/2208
f 2275/2275/2208 2284/2284/1093 2276/2276/2209
f 2285/2285/2217 2286/2286/2218 2278/2278/2211
f 2278/2278/2211 2287/2287/2219 1096/1096/1091
f 2288/2288/2220 2281/2281/2214 2279/2279/2212
f 2289/2289/2221 1092/1092/1087 2281/2281/2214
f 1101/1101/1096 2282/2282/2215 1093/1093/1088
f 2290/2290/2222 2291/2291/2223 2282/2282/2215
f 1105/1105/1100 2283/2283/2216 1097/1097/1092
f 2292/2292/2224 2284/2284/1093 2283/2283/2216
f 2293/2293/2225 2286/2286/2218 2294/2294/2226
f 2295/2295/2227 2287/2287/2219 2286/2286/2218
f 2288/2288/2220 2296/2296/2228 2289/2289/2221
f 2289/2289/2221 1114/1114/1109 1100/1100/1095
f 1101/1101/1096 2297/2297/2229 2290/2290/2222
f 2290/2290/2222 2298/2298/2230 2299/2299/2231
f 1112/1112/1107 2292/2292/2224 1105/1105/1100
f 2300/2300/2232 2301/2301/2233 2292/2292/2224
f 2302/2302/2234 2295/2295/2227 2293/2293/2225
f 2303/2303/2235 1104/1104/1099 2295/2295/2227
f 2304/2304/1102 2305/2305/2236 2296/2296/2228
f 2296/2296/2228 1122/1122/1117 1114/1114/1109
f 1108/1108/1103 2306/2306/2237 2297/2297/2229
f 2297/2297/2229 2307/2307/2238 2298/2298/2230
f 1119/1119/1114 2300/2300/2232 1112/1112/1107
f 2308/2308/2239 2309/2309/2240 2300/2300/2232
f 2310/2310/2241 2303/2303/2235 2302/2302/2234
f 2311/2311/2242 1111/1111/1106 2303/2303/2235
f 2312/2312/2243 2313/2313/2244 2305/2305/2236
f 2305/2305/2236 1130/1130/1125 1122/1122/1117
f 1115/1115/1110 2314/2314/2245 2306/2306/2237
f 2306/2306/2237 2315/2315/2246 2307/2307/2238
f 1127/1127/1122 2308/2308/2239 1119/1119/1114
f 2316/2316/2247 2317/2317/2248 2308/2308/2239
f 2318/2318/2249 2311/2311/2242 2310/2310/2241
f 2319/2319/2250 1118/1118/1113 2311/2311/2242
f 2320/2320/1116 2321/2321/2251 2313/2313/2244
f 2313/2313/2244 1138/1138/1133 1130/1130/1125
f 1123/1123/1118 2322/2322/2252 2314/2314/2245
f 2314/2314/2245 2323/2323/2253 2315/2315/2246
f 1135/1135/1130 2316/2316/2247 1127/1127/1122
f 2324/2324/2254 2325/2325/2255 2316/2316/2247
f 2326/2326/1135 2319/2319/2250 2318/2318/2249
f 2327/2327/2256 1126/1126/1121 2319/2319/2250
f 2328/2328/2257 2329/2329/2258 2321/2321/2251
f 2321/2321/2251 1145/1145/1140 1138/1138/1133
f 1131/1131/1126 2330/2330/2259 2322/2322/2252
f 2322/2322/2252 2331/2331/2260 2323/2323/2253
f 1142/1142/1137 2324/2324/2254 1135/1135/1130
f 2332/2332/2261 2333/2333/2262 2324/2324/2254
f 2334/2334/2263 2327/2327/2256 2326/2326/1135
f 2335/2335/2264 1134/1134/1129 2327/2327/2256
f 2336/2336/2265 2337/2337/2266 2329/2329/2258
f 2329/2329/2258 1152/1152/1147 1145/1145/1140
f 1139/1139/1134 2338/2338/2267 2330/2330/2259
f 2330/2330/2259 2339/2339/1149 2331/2331/2260
f 1150/1150/1145 2332/2332/2261 1142/1142/1137
f 2340/2340/2268 2341/2341/2269 2332/2332/2261
f 2342/2342/1150 2335/2335/2264 2334/2334/2263
f 2343/2343/2270 1141/1141/1136 2335/2335/2264
f 2344/2344/1139 2345/2345/2271 2337/2337/2266
f 2337/2337/2266 1160/1160/1155 1152/1152/1147
f 1146/1146/1141 2346/2346/2272 2338/2338/2267
f 2338/2338/2267 2347/2347/2273 2339/2339/1149
f 1157/1157/1152 2340/2340/2268 1150/1150/1145
f 2348/2348/2274 2349/2349/2275 2340/2340/2268
f 2350/2350/2276 2343/2343/2270 2342/2342/1150
f 2351/2351/2277 1149/1149/1144 2343/2343/2270
f 2352/2352/2278 2353/2353/2279 2345/2345/2271
f 2345/2345/2271 1168/1168/1163 1160/1160/1155
f 1153/1153/1148 2354/2354/2280 2346/2346/2272
f 2346/2346/2272 2355/2355/2281 2347/2347/2273
f 1165/1165/1160 2348/2348/2274 1157/1157/1152
f 2356/2356/2282 2357/2357/2283 2348/2348/2274
f 2358/2358/2284 2351/2351/2277 2350/2350/2276
f 2359/2359/2285 1156/1156/1151 2351/2351/2277
f 2360/2360/2286 2361/2361/2287 2353/2353/2279
f 2353/2353/2279 1176/1176/1171 1168/1168/1163
f 1161/1161/1156 2362/2362/2288 2354/2354/2280
f 2354/2354/2280 2363/2363/2289 2355/2355/2281
f 1173/1173/1168 2356/2356/2282 1165/1165/1160
f 2364/2364/2290 2365/2365/2291 2356/2356/2282
f 2366/2366/2292 2359/2359/2285 2358/2358/2284
f 2367/2367/2293 1164/1164/1159 2359/2359/2285
f 2368/2368/2294 2369/2369/2295 2361/2361/2287
f 2361/2361/2287 2370/2370/2296 1176/1176/1171
f 1169/1169/1164 2371/2371/2297 2362/2362/2288
f 2362/2362/2288 2372/2372/2298 2363/2363/2289
f 1173/1173/1168 2373/2373/2299 2364/2364/2290
f 2364/2364/2290 2374/2374/2300 2375/2375/2301
f 2366/2366/2292 2376/2376/2302 2367/2367/2293
f 2367/2367/2293 1185/1185/1180 1172/1172/1167
f 2377/2377/2303 2369/2369/2295 2378/2378/2304
f 2379/2379/2305 2370/2370/2296 2369/2369/2295
f 1182/1182/1177 2371/2371/2297 1177/1177/1172
f 2380/2380/2306 2372/2372/2298 2371/2371/2297
f 1179/1179/1174 1480/1480/1475 2373/2373/2299
f 2373/2373/2299 1482/1482/1477 2374/2374/2300
f 2381/2381/1179 2382/2382/2307 2376/2376/2302
f 2376/2376/2302 2383/2383/2308 1185/1185/1180
f 1488/1488/1483 2379/2379/2305 2377/2377/2303
f 1487/1487/1482 1181/1181/1176 2379/2379/2305
f 1417/1417/1412 2384/2384/2309 1416/1416/1411
f 2385/2385/2310 1187/1187/1182 2384/2384/2309
f 1190/1190/1185 2380/2380/2306 1182/1182/1177
f 2386/2386/2311 2387/2387/2312 2380/2380/2306
f 2388/2388/2313 2382/2382/2307 2389/2389/2314
f 2390/2390/2315 2383/2383/2308 2382/2382/2307
f 1190/1190/1185 2391/2391/2316 2386/2386/2311
f 2386/2386/2311 2392/2392/2317 2393/2393/2318
f 2394/2394/2319 2390/2390/2315 2388/2388/2313
f 2395/2395/2320 2396/2396/2321 2390/2390/2315
f 2397/2397/2322 2398/2398/2323 2391/2391/2316
f 2391/2391/2316 2399/2399/2324 2392/2392/2317
f 1212/1212/1207 2400/2400/2325 2401/2401/2326
f 2401/2401/2326 2402/2402/1211 2403/2403/2327
f 2394/2394/2319 2404/2404/2328 2395/2395/2320
f 2395/2395/2320 2405/2405/2329 1211/1211/1206
f 2406/2406/2330 2407/2407/2331 2408/2408/2332
f 2409/2409/2333 1207/1207/1202 2407/2407/2331
f 2410/2410/2334 2398/2398/2323 1206/1206/1201
f 2411/2411/2335 2399/2399/2324 2398/2398/2323
f 712/712/709 2412/2412/2336 1476/1476/1471
f 1476/1476/1471 2413/2413/2337 1474/1474/1469
f 1465/1465/1460 2414/2414/2338 1467/1467/1462
f 1467/1467/1462 1214/1214/1209 710/710/707
f 2415/2415/2339 1471/1471/1466 1468/1468/1463
f 2416/2416/2340 1415/1415/1410 1471/1471/1466
f 1235/1235/1230 1460/1460/1455 708/708/705
f 2417/2417/2341 1461/1461/1456 1460/1460/1455
f 711/711/708 2418/2418/2342 2412/2412/2336
f 2412/2412/2336 2419/2419/2343 2413/2413/2337
f 2420/2420/2344 2421/2421/2345 2414/2414/2338
f 2414/2414/2338 1242/1242/1237 1214/1214/1209
f 2422/2422/2346 2416/2416/2340 2415/2415/2339
f 2423/2423/2347 1414/1414/1409 2416/2416/2340
f 1237/1237/1232 2417/2417/2341 1235/1235/1230
f 2424/2424/2348 2425/2425/2349 2417/2417/2341
f 1215/1215/1210 2426/2426/2350 2418/2418/2342
f 2418/2418/2342 2427/2427/2351 2419/2419/2343
f 2428/2428/2352 2429/2429/2353 2421/2421/2345
f 2421/2421/2345 2430/2430/2354 1242/1242/1237
f 2431/2431/2355 2423/2423/2347 2422/2422/2346
f 2432/2432/2356 1236/1236/1231 2423/2423/2347
f 1249/1249/1244 2424/2424/2348 1237/1237/1232
f 2433/2433/2357 2434/2434/2358 2424/2424/2348
f 1251/1251/1246 2426/2426/2350 1243/1243/1238
f 2435/2435/2359 2427/2427/2351 2426/2426/2350
f 2436/2436/2360 2429/2429/2353 2437/2437/2361
f 2438/2438/2362 2430/2430/2354 2429/2429/2353
f 2431/2431/2355 2439/2439/2363 2432/2432/2356
f 2432/2432/2356 1263/1263/1258 1248/1248/1243
f 1249/1249/1244 2440/2440/2364 2433/2433/2357
f 2433/2433/2357 2441/2441/2365 2442/2442/2366
f 1258/1258/1253 2435/2435/2359 1251/1251/1246
f 2443/2443/2367 2444/2444/2368 2435/2435/2359
f 2445/2445/2369 2438/2438/2362 2436/2436/2360
f 2446/2446/2370 1250/1250/1245 2438/2438/2362
f 2447/2447/2371 2448/2448/2372 2439/2439/2363
f 2439/2439/2363 1269/1269/1264 1263/1263/1258
f 1256/1256/1251 2449/2449/2373 2440/2440/2364
f 2440/2440/2364 2450/2450/2374 2441/2441/2365
f 1266/1266/1261 2443/2443/2367 1258/1258/1253
f 2451/2451/2375 2452/2452/2376 2443/2443/2367
f 2453/2453/2377 2446/2446/2370 2445/2445/2369
f 2454/2454/2378 1257/1257/1252 2446/2446/2370
f 2455/2455/2379 2456/2456/2380 2448/2448/2372
f 2448/2448/2372 1275/1275/1270 1269/1269/1264
f 1264/1264/1259 2457/2457/2381 2449/2449/2373
f 2449/2449/2373 2458/2458/2382 2450/2450/2374
f 1272/1272/1267 2451/2451/2375 1266/1266/1261
f 2459/2459/2383 2460/2460/2384 2451/2451/2375
f 2461/2461/2385 2454/2454/2378 2453/2453/2377
f 2462/2462/2386 1265/1265/1260 2454/2454/2378
f 2463/2463/2387 2464/2464/2388 2456/2456/2380
f 2456/2456/2380 1281/1281/1276 1275/1275/1270
f 1270/1270/1265 2465/2465/2389 2457/2457/2381
f 2457/2457/2381 2466/2466/2390 2458/2458/2382
f 1278/1278/1273 2459/2459/2383 1272/1272/1267
f 2467/2467/2391 2468/2468/2392 2459/2459/2383
f 2469/2469/2393 2462/2462/2386 2461/2461/2385
f 2470/2470/2394 1271/1271/1266 2462/2462/2386
f 2471/2471/2395 2472/2472/2396 2464/2464/2388
f 2464/2464/2388 1419/1419/1414 1281/1281/1276
f 1276/1276/1271 2473/2473/2397 2465/2465/2389
f 2465/2465/2389 2474/2474/2398 2466/2466/2390
f 2475/2475/2399 2476/2476/2400 2477/2477/2401
f 2477/2477/2401 1225/1225/1220 2478/2478/2402
f 1412/1412/1407 2479/2479/2403 1420/1420/1415
f 2480/2480/2404 2481/2481/2405 2479/2479/2403
f 1210/1210/1205 2407/2407/2331 1207/1207/1202
f 2482/2482/2406 2408/2408/2332 2407/2407/2331
f 1196/1196/1191 2482/2482/2406 1210/1210/1205
f 2483/2483/2407 2484/2484/2408 2482/2482/2406
f 2485/2485/2409 2486/2486/2410 2487/2487/2411
f 2487/2487/2411 1291/1291/1286 1193/1193/1188
f 1198/1198/1193 2483/2483/2407 1196/1196/1191
f 2488/2488/2412 2489/2489/2413 2483/2483/2407
f 1292/1292/1287 1484/1484/1479 1194/1194/1189
f 2490/2490/2414 1485/1485/1480 1484/1484/1479
f 2491/2491/2415 2492/2492/2416 2486/2486/2410
f 2486/2486/2410 2493/2493/2417 1291/1291/1286
f 1198/1198/1193 2494/2494/2418 2488/2488/2412
f 2488/2488/2412 2495/2495/2419 2496/2496/2420
f 2497/2497/2421 2498/2498/2422 2499/2499/2423
f 2499/2499/2423 1299/1299/1294 1197/1197/1192
f 2500/2500/2424 2492/2492/2416 2501/2501/2425
f 2502/2502/2426 2493/2493/2417 2492/2492/2416
f 1295/1295/1290 2490/2490/2414 1292/1292/1287
f 2503/2503/2427 2504/2504/2428 2490/2490/2414
f 1288/1288/1283 2505/2505/2429 2494/2494/2418
f 2494/2494/2418 2506/2506/2430 2495/2495/2419
f 2507/2507/2431 2508/2508/2432 2498/2498/2422
f 2498/2498/2422 1306/1306/1301 1299/1299/1294
f 2509/2509/2433 2502/2502/2426 2500/2500/2424
f 2510/2510/2434 1294/1294/1289 2502/2502/2426
f 1304/1304/1299 2503/2503/2427 1295/1295/1290
f 2511/2511/2435 2512/2512/2436 2503/2503/2427
f 1300/1300/1295 2513/2513/2437 2505/2505/2429
f 2505/2505/2429 2514/2514/2438 2506/2506/2430
f 2515/2515/2439 2516/2516/2440 2508/2508/2432
f 2508/2508/2432 1314/1314/1309 1306/1306/1301
f 2517/2517/2441 2510/2510/2434 2509/2509/2433
f 2518/2518/2442 1303/1303/1298 2510/2510/2434
f 1311/1311/1306 2511/2511/2435 1304/1304/1299
f 2519/2519/2443 2520/2520/2444 2511/2511/2435
f 1307/1307/1302 2521/2521/2445 2513/2513/2437
f 2513/2513/2437 2522/2522/2446 2514/2514/2438
f 2523/2523/1308 2524/2524/2447 2516/2516/2440
f 2516/2516/2440 1322/1322/1317 1314/1314/1309
f 2525/2525/2448 2518/2518/2442 2517/2517/2441
f 2526/2526/2449 1310/1310/1305 2518/2518/2442
f 1319/1319/1314 2519/2519/2443 1311/1311/1306
f 2527/2527/2450 2528/2528/2451 2519/2519/2443
f 1315/1315/1310 2529/2529/2452 2521/2521/2445
f 2521/2521/2445 2530/2530/2453 2522/2522/2446
f 2531/2531/2454 2532/2532/2455 2524/2524/2447
f 2524/2524/2447 2533/2533/2456 1322/1322/1317
f 2534/2534/1319 2526/2526/2449 2525/2525/2448
f 2535/2535/2457 1318/1318/1313 2526/2526/2449
f 1326/1326/1321 2527/2527/2450 1319/1319/1314
f 2536/2536/2458 2537/2537/2459 2527/2527/2450
f 1330/1330/1325 2529/2529/2452 1323/1323/1318
f 2538/2538/2460 2530/2530/2453 2529/2529/2452
f 2539/2539/2461 2532/2532/2455 2540/2540/2462
f 2541/2541/2463 2533/2533/2456 2532/2532/2455
f 2534/2534/1319 2542/2542/2464 2535/2535/2457
f 2535/2535/2457 1338/1338/1333 1325/1325/1320
f 1326/1326/1321 2543/2543/2465 2536/2536/2458
f 2536/2536/2458 2544/2544/2466 2545/2545/2467
f 1336/1336/1331 2538/2538/2460 1330/1330/1325
f 2546/2546/2468 2547/2547/2469 2538/2538/2460
f 2548/2548/2470 2541/2541/2463 2539/2539/2461
f 2549/2549/2471 1329/1329/1324 2541/2541/2463
f 2550/2550/2472 2551/2551/2473 2542/2542/2464
f 2542/2542/2464 1346/1346/1341 1338/1338/1333
f 1333/1333/1328 2552/2552/2474 2543/2543/2465
f 2543/2543/2465 2553/2553/2475 2544/2544/2466
f 1343/1343/1338 2546/2546/2468 1336/1336/1331
f 2554/2554/2476 2555/2555/2477 2546/2546/2468
f 2556/2556/2478 2549/2549/2471 2548/2548/2470
f 2557/2557/2479 1335/1335/1330 2549/2549/2471
f 2558/2558/2480 2559/2559/2481 2551/2551/2473
f 2551/2551/2473 1354/1354/1349 1346/1346/1341
f 1339/1339/1334 2560/2560/2482 2552/2552/2474
f 2552/2552/2474 2561/2561/2483 2553/2553/2475
f 1351/1351/1346 2554/2554/2476 1343/1343/1338
f 2562/2562/2484 2563/2563/2485 2554/2554/2476
f 2564/2564/2486 2557/2557/2479 2556/2556/2478
f 2565/2565/2487 1342/1342/1337 2557/2557/2479
f 2566/2566/2488 2567/2567/2489 2559/2559/2481
f 2559/2559/2481 1362/1362/1357 1354/1354/1349
f 1347/1347/1342 2568/2568/2490 2560/2560/2482
f 2560/2560/2482 2569/2569/2491 2561/2561/2483
f 1359/1359/1354 2562/2562/2484 1351/1351/1346
f 2570/2570/2492 2571/2571/2493 2562/2562/2484
f 2572/2572/2494 2565/2565/2487 2564/2564/2486
f 2573/2573/2495 1350/1350/1345 2565/2565/2487
f 2574/2574/1348 2575/2575/2496 2567/2567/2489
f 2567/2567/2489 1370/1370/1365 1362/1362/1357
f 1355/1355/1350 2576/2576/2497 2568/2568/2490
f 2568/2568/2490 2577/2577/2498 2569/2569/2491
f 1367/1367/1362 2570/2570/2492 1359/1359/1354
f 2578/2578/2499 2579/2579/2500 2570/2570/2492
f 2580/2580/1368 2573/2573/2495 2572/2572/2494
f 2581/2581/2501 1358/1358/1353 2573/2573/2495
f 2582/2582/2502 2583/2583/2503 2575/2575/2496
f 2575/2575/2496 1378/1378/1373 1370/1370/1365
f 1363/1363/1358 2584/2584/2504 2576/2576/2497
f 2576/2576/2497 2585/2585/2505 2577/2577/2498
f 1375/1375/1370 2578/2578/2499 1367/1367/1362
f 2586/2586/2506 2587/2587/2507 2578/2578/2499
f 2588/2588/2508 2581/2581/2501 2580/2580/1368
f 2589/2589/2509 1366/1366/1361 2581/2581/2501
f 2590/2590/2510 2591/2591/2511 2583/2583/2503
f 2583/2583/2503 1386/1386/1381 1378/1378/1373
f 1371/1371/1366 2592/2592/2512 2584/2584/2504
f 2584/2584/2504 2593/2593/2513 2585/2585/2505
f 1383/1383/1378 2586/2586/2506 1375/1375/1370
f 2594/2594/2514 2595/2595/2515 2586/2586/2506
f 2596/2596/1384 2589/2589/2509 2588/2588/2508
f 2597/2597/2516 1374/1374/1369 2589/2589/2509
f 2598/2598/2517 2599/2599/2518 2591/2591/2511
f 2591/2591/2511 1393/1393/1388 1386/1386/1381
f 1379/1379/1374 2600/2600/2519 2592/2592/2512
f 2592/2592/2512 2601/2601/2520 2593/2593/2513
f 1391/1391/1386 2594/2594/2514 1383/1383/1378
f 2602/2602/2521 2603/2603/2522 2594/2594/2514
f 1500/1500/1495 2597/2597/2516 2596/2596/1384
f 1499/1499/1494 1382/1382/1377 2597/2597/2516
f 2604/2604/2523 2605/2605/2524 2599/2599/2518
f 2599/2599/2518 2606/2606/2525 1393/1393/1388
f 1387/1387/1382 1492/1492/1487 2600/2600/2519
f 2600/2600/2519 1494/1494/1489 2601/2601/2520
f 1279/1279/1274 2607/2607/2526 1280/1280/1275
f 2607/2607/2526 1396/1396/1391 1395/1395/1390
f 1391/1391/1386 2608/2608/2527 2602/2602/2521
f 2602/2602/2521 2609/2609/2528 2610/2610/2529
f 1412/1412/1407 2611/2611/2530 2480/2480/2404
f 2480/2480/2404 2612/2612/2531 2613/2613/1278
f 2614/2614/2532 2605/2605/2524 2615/2615/2533
f 2616/2616/2534 2606/2606/2525 2605/2605/2524
f 1408/1408/1403 2617/2617/2535 2611/2611/2530
f 2611/2611/2530 2618/2618/2536 2612/2612/2531
f 2619/2619/2537 2476/2476/2400 2620/2620/2538
f 2621/2621/2539 1225/1225/1220 2476/2476/2400
f 2622/2622/2540 2621/2621/2539 2619/2619/2537
f 2623/2623/2541 1424/1424/1419 2621/2621/2539
f 1227/1227/1222 2624/2624/2542 2608/2608/2527
f 2608/2608/2527 2625/2625/2543 2609/2609/2528
f 2626/2626/2544 2616/2616/2534 2614/2614/2532
f 2627/2627/2545 1413/1413/1408 2616/2616/2534
f 1226/1226/1221 2628/2628/2546 2624/2624/2542
f 2624/2624/2542 2629/2629/2547 2625/2625/2543
f 2630/2630/2548 2627/2627/2545 2626/2626/2544
f 2631/2631/2549 1411/1411/1406 2627/2627/2545
f 2403/2403/2327 2487/2487/2411 2401/2401/2326
f 2401/2401/2326 1193/1193/1188 1212/1212/1207
f 1490/1490/1485 2499/2499/2423 1489/1489/1484
f 1489/1489/1484 1197/1197/1192 1290/1290/1285
f 2469/2469/2393 2477/2477/2401 2470/2470/2394
f 2470/2470/2394 2478/2478/2402 1277/1277/1272
f 1420/1420/1415 2473/2473/2397 1282/1282/1277
f 2479/2479/2403 2474/2474/2398 2473/2473/2397
f 2632/2632/2550 1496/1496/1491 2472/2472/2396
f 2472/2472/2396 1418/1418/1413 1419/1419/1414
f 1422/1422/1417 2467/2467/2391 1278/1278/1273
f 1501/1501/1496 2633/2633/2551 2467/2467/2391
f 2634/2634/1504 2635/2635/2552 2636/2636/2553
f 385/385/385 1508/1508/1502 386/386/386
f 388/388/388 1442/1442/1437 389/389/389
f 391/391/391 401/401/401 392/392/392
f 394/394/394 403/403/403 395/395/395
f 387/387/387 386/386/386 397/397/397
f 390/390/390 389/389/389 399/399/399
f 401/401/401 409/409/409 402/402/402
f 403/403/403 411/411/411 404/404/404
f 398/398/398 397/397/397 405/405/405
f 400/400/400 399/399/399 407/407/407
f 409/409/409 416/416/416 410/410/410
f 411/411/411 418/418/418 412/412/412
f 405/405/405 420/420/420 413/413/413
f 408/408/408 407/407/407 414/414/414
f 416/416/416 2637/2637/2554 417/417/417
f 418/418/418 426/426/426 419/419/419
f 420/420/420 2638/2638/2555 421/421/421
f 415/415/415 414/414/414 422/422/422
f 417/417/417 2637/2637/2554 424/424/424
f 426/426/426 1553/1553/1540 427/427/427
f 421/421/421 2638/2638/2555 428/428/428
f 423/423/423 422/422/422 430/430/430
f 424/424/424 437/437/437 432/432/432
f 427/427/427 1553/1553/1540 433/433/433
f 428/428/428 2639/2639/2556 435/435/435
f 430/430/430 443/443/443 436/436/436
f 437/437/437 2640/2640/2557 438/438/438
f 434/434/434 433/433/433 439/439/439
f 435/435/435 2639/2639/2556 441/441/441
f 443/443/443 450/450/450 444/444/444
f 438/438/438 2640/2640/2557 445/445/445
f 440/440/440 439/439/439 447/447/447
f 441/441/441 455/455/455 449/449/449
f 450/450/450 457/457/457 451/451/451
f 445/445/445 459/459/459 452/452/452
f 448/448/448 447/447/447 453/453/453
f 455/455/455 463/463/463 456/456/456
f 457/457/457 465/465/465 458/458/458
f 459/459/459 2641/2641/2558 460/460/460
f 454/454/454 453/453/453 461/461/461
f 463/463/463 2642/2642/2559 464/464/464
f 465/465/465 473/473/473 466/466/466
f 460/460/460 2641/2641/2558 467/467/467
f 462/462/462 461/461/461 469/469/469
f 464/464/464 2642/2642/2559 471/471/471
f 473/473/473 479/479/479 474/474/474
f 467/467/467 2643/2643/1588 475/475/475
f 470/470/470 469/469/469 476/476/476
f 471/471/471 484/484/484 478/478/478
f 479/479/479 1612/1612/1595 480/480/480
f 475/475/475 2643/2643/1588 481/481/481
f 476/476/476 490/490/490 483/483/483
f 484/484/484 492/492/492 485/485/485
f 480/480/480 1612/1612/1595 486/486/486
f 482/482/482 481/481/481 488/488/488
f 490/490/490 498/498/498 491/491/491
f 492/492/492 500/500/500 493/493/493
f 487/487/487 486/486/486 494/494/494
f 489/489/489 488/488/488 496/496/496
f 498/498/498 505/505/505 499/499/499
f 500/500/500 507/507/507 501/501/501
f 495/495/495 494/494/494 502/502/502
f 496/496/496 511/511/511 504/504/504
f 505/505/505 1643/1643/1625 506/506/506
f 507/507/507 515/515/515 508/508/508
f 503/503/503 502/502/502 509/509/509
f 511/511/511 518/518/518 512/512/512
f 506/506/506 1643/1643/1625 513/513/513
f 515/515/515 522/522/522 516/516/516
f 509/509/509 524/524/524 517/517/517
f 518/518/518 526/526/526 519/519/519
f 514/514/514 513/513/513 520/520/520
f 522/522/522 530/530/530 523/523/523
f 524/524/524 532/532/532 525/525/525
f 526/526/526 534/534/534 527/527/527
f 521/521/521 520/520/520 528/528/528
f 530/530/530 2644/2644/2560 531/531/531
f 532/532/532 540/540/540 533/533/533
f 534/534/534 542/542/542 535/535/535
f 529/529/529 528/528/528 536/536/536
f 531/531/531 2644/2644/2560 538/538/538
f 540/540/540 547/547/547 541/541/541
f 542/542/542 549/549/549 543/543/543
f 537/537/537 536/536/536 544/544/544
f 538/538/538 553/553/553 546/546/546
f 547/547/547 555/555/555 548/548/548
f 549/549/549 557/557/557 550/550/550
f 545/545/545 544/544/544 551/551/551
f 553/553/553 560/560/560 554/554/554
f 555/555/555 1694/1694/1673 556/556/556
f 557/557/557 2645/2645/1675 558/558/558
f 551/551/551 566/566/566 559/559/559
f 560/560/560 2646/2646/1677 561/561/561
f 556/556/556 1694/1694/1673 562/562/562
f 558/558/558 2645/2645/1675 564/564/564
f 566/566/566 1709/1709/1686 567/567/567
f 561/561/561 2646/2646/1677 568/568/568
f 563/563/563 562/562/562 570/570/570
f 564/564/564 578/578/578 572/572/572
f 567/567/567 1709/1709/1686 573/573/573
f 569/569/569 568/568/568 575/575/575
f 570/570/570 584/584/584 577/577/577
f 578/578/578 2647/2647/2561 579/579/579
f 574/574/574 573/573/573 580/580/580
f 576/576/576 575/575/575 582/582/582
f 584/584/584 592/592/592 585/585/585
f 579/579/579 2647/2647/2561 586/586/586
f 581/581/581 580/580/580 588/588/588
f 583/583/583 582/582/582 590/590/590
f 592/592/592 600/600/600 593/593/593
f 587/587/587 586/586/586 594/594/594
f 589/589/589 588/588/588 596/596/596
f 591/591/591 590/590/590 598/598/598
f 600/600/600 608/608/608 601/601/601
f 595/595/595 594/594/594 602/602/602
f 597/597/597 596/596/596 604/604/604
f 599/599/599 598/598/598 606/606/606
f 608/608/608 614/614/614 609/609/609
f 602/602/602 2648/2648/2562 610/610/610
f 605/605/605 604/604/604 611/611/611
f 606/606/606 620/620/618 613/613/613
f 614/614/614 622/622/620 615/615/615
f 610/610/610 2648/2648/2562 616/616/616
f 612/612/612 611/611/611 618/618/611
f 620/620/618 2649/2649/2563 621/621/619
f 622/622/620 629/629/627 623/623/621
f 616/616/616 631/631/628 624/624/622
f 619/619/612 618/618/611 625/625/623
f 621/621/619 2649/2649/2563 627/627/625
f 629/629/627 636/636/633 630/630/621
f 631/631/628 638/638/635 632/632/629
f 626/626/624 625/625/623 633/633/630
f 627/627/625 642/642/639 635/635/632
f 636/636/633 644/644/641 637/637/634
f 638/638/635 2650/2650/2564 639/639/636
f 634/634/631 633/633/630 640/640/637
f 642/642/639 650/650/647 643/643/640
f 644/644/641 652/652/649 645/645/642
f 639/639/636 2650/2650/2564 646/646/643
f 641/641/638 640/640/637 648/648/645
f 650/650/647 2651/2651/2565 651/651/648
f 652/652/649 660/660/657 653/653/650
f 647/647/644 646/646/643 654/654/651
f 649/649/646 648/648/645 656/656/653
f 651/651/648 2651/2651/2565 658/658/655
f 660/660/657 668/668/665 661/661/658
f 655/655/652 654/654/651 662/662/659
f 657/657/654 656/656/653 664/664/661
f 659/659/656 658/658/655 666/666/663
f 668/668/665 674/674/671 669/669/666
f 662/662/659 676/676/673 670/670/667
f 665/665/662 664/664/661 671/671/668
f 666/666/663 680/680/677 673/673/670
f 674/674/671 682/682/679 675/675/672
f 676/676/673 684/684/681 677/677/674
f 672/672/669 671/671/668 678/678/675
f 680/680/677 688/688/685 681/681/678
f 682/682/679 690/690/687 683/683/680
f 684/684/681 2652/2652/2566 685/685/682
f 679/679/676 678/678/675 686/686/683
f 688/688/685 2653/2653/2567 689/689/686
f 690/690/687 698/698/695 691/691/688
f 685/685/682 2652/2652/2566 692/692/689
f 687/687/684 686/686/683 694/694/691
f 689/689/686 2653/2653/2567 696/696/693
f 698/698/695 1848/1848/1813 699/699/696
f 692/692/689 705/705/702 700/700/697
f 694/694/691 1853/1853/1818 701/701/698
f 696/696/693 1857/1857/1822 702/702/699
f 699/699/696 1848/1848/1813 703/703/700
f 705/705/702 1229/1229/1224 706/706/703
f 701/701/698 1853/1853/1818 709/709/706
f 1853/1853/1818 1861/1861/1826 707/707/704
f 709/709/706 1853/1853/1818 707/707/704
f 1861/1861/1826 713/713/710 707/707/704
f 707/707/704 1415/1415/1410 708/708/705
f 710/710/707 1214/1214/1209 711/711/708
f 713/713/710 1861/1861/1826 714/714/711
f 716/716/713 1241/1241/1236 717/717/714
f 719/719/716 730/730/727 720/720/717
f 722/722/719 1228/1228/1223 723/723/720
f 715/715/712 714/714/711 725/725/722
f 727/727/724 1430/1430/1425 728/728/725
f 730/730/727 1882/1882/1845 731/731/728
f 724/724/721 723/723/720 732/732/729
f 725/725/722 740/740/737 734/734/731
f 728/728/725 2654/2654/2568 735/735/732
f 731/731/728 1882/1882/1845 736/736/733
f 733/733/730 732/732/729 738/738/735
f 740/740/737 747/747/744 741/741/738
f 735/735/732 2654/2654/2568 742/742/739
f 737/737/734 736/736/733 744/744/741
f 738/738/735 2655/2655/2569 746/746/743
f 747/747/744 754/754/751 748/748/745
f 742/742/739 756/756/753 749/749/746
f 745/745/742 744/744/741 750/750/747
f 746/746/743 2655/2655/2569 752/752/749
f 754/754/751 761/761/758 755/755/752
f 756/756/753 2656/2656/1871 757/757/754
f 751/751/748 750/750/747 758/758/755
f 752/752/749 767/767/764 760/760/757
f 761/761/758 769/769/766 762/762/759
f 757/757/754 2656/2656/1871 763/763/760
f 759/759/756 758/758/755 765/765/762
f 767/767/764 2657/2657/2570 768/768/765
f 769/769/766 776/776/773 770/770/767
f 763/763/760 778/778/775 771/771/768
f 766/766/763 765/765/762 772/772/769
f 768/768/765 2657/2657/2570 774/774/771
f 776/776/773 783/783/780 777/777/774
f 778/778/775 785/785/782 779/779/776
f 773/773/770 772/772/769 780/780/777
f 774/774/771 789/789/786 782/782/779
f 783/783/780 791/791/788 784/784/781
f 785/785/782 793/793/790 786/786/783
f 781/781/778 780/780/777 787/787/784
f 789/789/786 797/797/794 790/790/787
f 791/791/788 1953/1953/1911 792/792/789
f 793/793/790 801/801/798 794/794/791
f 788/788/785 787/787/784 795/795/792
f 797/797/794 804/804/801 798/798/795
f 792/792/789 1953/1953/1911 799/799/796
f 801/801/798 808/808/805 802/802/799
f 795/795/792 810/810/807 803/803/800
f 804/804/801 812/812/809 805/805/802
f 800/800/797 799/799/796 806/806/803
f 808/808/805 816/816/813 809/809/806
f 810/810/807 818/818/815 811/811/808
f 812/812/809 820/820/817 813/813/810
f 807/807/804 806/806/803 814/814/811
f 816/816/813 823/823/820 817/817/814
f 818/818/815 1980/1980/1936 819/819/816
f 820/820/817 827/827/824 821/821/818
f 814/814/811 829/829/826 822/822/819
f 823/823/820 831/831/828 824/824/821
f 819/819/816 1980/1980/1936 825/825/822
f 827/827/824 835/835/832 828/828/825
f 829/829/826 837/837/834 830/830/827
f 831/831/828 2658/2658/2571 832/832/829
f 826/826/823 825/825/822 833/833/830
f 835/835/832 843/843/840 836/836/833
f 837/837/834 845/845/842 838/838/835
f 832/832/829 2658/2658/2571 839/839/836
f 834/834/831 833/833/830 841/841/838
f 843/843/840 850/850/847 844/844/841
f 845/845/842 852/852/849 846/846/843
f 839/839/836 854/854/851 847/847/844
f 842/842/839 841/841/838 848/848/845
f 850/850/847 2659/2659/2572 851/851/848
f 852/852/849 860/860/857 853/853/850
f 854/854/851 862/862/859 855/855/852
f 849/849/846 848/848/845 856/856/853
f 851/851/848 2659/2659/2572 858/858/855
f 860/860/857 867/867/864 861/861/858
f 862/862/859 2660/2660/2573 863/863/860
f 857/857/854 856/856/853 864/864/861
f 858/858/855 873/873/870 866/866/863
f 867/867/864 875/875/872 868/868/865
f 863/863/860 2660/2660/2573 869/869/866
f 865/865/862 864/864/861 871/871/868
f 873/873/870 881/881/878 874/874/871
f 875/875/872 883/883/880 876/876/873
f 870/870/867 869/869/866 877/877/874
f 872/872/869 871/871/868 879/879/876
f 881/881/878 2661/2661/2574 882/882/879
f 883/883/880 890/890/887 884/884/881
f 877/877/874 892/892/889 885/885/882
f 880/880/877 879/879/876 886/886/883
f 882/882/879 2661/2661/2574 888/888/885
f 890/890/887 898/898/411 891/891/888
f 892/892/889 900/900/896 893/893/890
f 887/887/884 886/886/883 894/894/891
f 889/889/886 888/888/885 896/896/893
f 898/898/411 906/906/902 899/899/895
f 900/900/896 908/908/904 901/901/897
f 895/895/892 894/894/891 902/902/898
f 897/897/894 896/896/893 904/904/900
f 906/906/902 2075/2075/2024 907/907/903
f 908/908/904 916/916/912 909/909/905
f 903/903/899 902/902/898 910/910/906
f 905/905/901 904/904/900 912/912/908
f 907/907/903 2075/2075/2024 914/914/910
f 916/916/912 2662/2662/2035 917/917/913
f 910/910/906 924/924/920 918/918/914
f 912/912/908 926/926/922 919/919/915
f 915/915/911 914/914/910 920/920/916
f 917/917/913 2662/2662/2035 922/922/918
f 924/924/920 2094/2094/2040 925/925/921
f 926/926/922 2663/2663/2575 927/927/923
f 920/920/916 934/934/930 928/928/924
f 922/922/918 2664/2664/2576 929/929/925
f 925/925/921 2094/2094/2040 930/930/926
f 927/927/923 2663/2663/2575 932/932/928
f 934/934/930 941/941/937 935/935/931
f 929/929/925 2664/2664/2576 936/936/932
f 931/931/927 930/930/926 938/938/934
f 932/932/928 947/947/943 940/940/936
f 941/941/937 949/949/945 942/942/938
f 937/937/933 936/936/932 943/943/939
f 939/939/935 938/938/934 945/945/941
f 947/947/943 2665/2665/2577 948/948/944
f 949/949/945 956/956/952 950/950/946
f 943/943/939 2666/2666/2578 951/951/947
f 946/946/942 945/945/941 952/952/948
f 948/948/944 2665/2665/2577 954/954/950
f 956/956/952 964/964/960 957/957/953
f 951/951/947 2666/2666/2578 958/958/954
f 953/953/949 952/952/948 960/960/956
f 955/955/951 954/954/950 962/962/958
f 964/964/960 970/970/966 965/965/961
f 958/958/954 972/972/968 966/966/962
f 961/961/957 960/960/956 967/967/963
f 962/962/958 976/976/972 969/969/965
f 970/970/966 978/978/974 971/971/967
f 972/972/968 980/980/976 973/973/969
f 968/968/964 967/967/963 974/974/970
f 976/976/972 2667/2667/2579 977/977/973
f 978/978/974 986/986/981 979/979/975
f 980/980/976 2668/2668/2097 981/981/977
f 975/975/971 974/974/970 982/982/978
f 977/977/973 2667/2667/2579 984/984/980
f 986/986/981 994/994/989 987/987/982
f 981/981/977 2668/2668/2097 988/988/983
f 983/983/979 982/982/978 990/990/985
f 985/985/519 984/984/980 992/992/987
f 994/994/989 1000/1000/995 995/995/990
f 988/988/983 2669/2669/2580 996/996/991
f 991/991/986 990/990/985 997/997/992
f 992/992/987 1006/1006/1001 999/999/994
f 1000/1000/995 1008/1008/1003 1001/1001/996
f 996/996/991 2669/2669/2580 1002/1002/997
f 998/998/993 997/997/992 1004/1004/999
f 1006/1006/1001 1013/1013/1008 1007/1007/1002
f 1008/1008/1003 2189/2189/2128 1009/1009/1004
f 1002/1002/997 2670/2670/2581 1010/1010/1005
f 1005/1005/1000 1004/1004/999 1011/1011/1006
f 1013/1013/1008 2671/2671/2582 1014/1014/1009
f 1009/1009/1004 2189/2189/2128 1015/1015/1010
f 1010/1010/1005 2670/2670/2581 1017/1017/1012
f 1011/1011/1006 1025/1025/1020 1019/1019/1014
f 1014/1014/1009 2671/2671/2582 1020/1020/1015
f 1016/1016/1011 1015/1015/1010 1022/1022/1017
f 1017/1017/1012 2672/2672/2583 1024/1024/1019
f 1025/1025/1020 1033/1033/1028 1026/1026/1021
f 1021/1021/1016 1020/1020/1015 1027/1027/1022
f 1023/1023/1018 1022/1022/1017 1029/1029/1024
f 1024/1024/1019 2672/2672/2583 1031/1031/1026
f 1033/1033/1028 1040/1040/1035 1034/1034/1029
f 1027/1027/1022 1042/1042/1037 1035/1035/1030
f 1030/1030/1025 1029/1029/1024 1036/1036/1031
f 1032/1032/1027 1031/1031/1026 1038/1038/1033
f 1040/1040/1035 1048/1048/1043 1041/1041/1036
f 1042/1042/1037 1050/1050/1045 1043/1043/1038
f 1037/1037/1032 1036/1036/1031 1044/1044/1039
f 1039/1039/1034 1038/1038/1033 1046/1046/1041
f 1048/1048/1043 1055/1055/1050 1049/1049/1044
f 1050/1050/1045 2673/2673/2584 1051/1051/1046
f 1045/1045/1040 1044/1044/1039 1052/1052/1047
f 1046/1046/1041 1061/1061/1056 1054/1054/1049
f 1055/1055/1050 1063/1063/1058 1056/1056/1051
f 1051/1051/1046 2673/2673/2584 1057/1057/1052
f 1053/1053/1048 1052/1052/1047 1059/1059/1054
f 1061/1061/1056 2674/2674/2186 1062/1062/1057
f 1063/1063/1058 1071/1071/1066 1064/1064/1059
f 1058/1058/1053 1057/1057/1052 1065/1065/1060
f 1060/1060/1055 1059/1059/1054 1067/1067/1062
f 1062/1062/1057 2674/2674/2186 1069/1069/1064
f 1071/1071/1066 1079/1079/1074 1072/1072/1067
f 1066/1066/1061 1065/1065/1060 1073/1073/1068
f 1068/1068/1063 1067/1067/1062 1075/1075/1070
f 1070/1070/1065 1069/1069/1064 1077/1077/1072
f 1079/1079/1074 1085/1085/1080 1080/1080/1075
f 1073/1073/1068 1087/1087/1082 1081/1081/1076
f 1076/1076/1071 1075/1075/1070 1082/1082/1077
f 1077/1077/1072 2675/2675/2585 1084/1084/1079
f 1085/1085/1080 2272/2272/2205 1086/1086/1081
f 1087/1087/1082 1094/1094/1089 1088/1088/1083
f 1082/1082/1077 1096/1096/1091 1089/1089/1084
f 1084/1084/1079 2675/2675/2585 1090/1090/1085
f 1086/1086/1081 2272/2272/2205 1092/1092/1087
f 1094/1094/1089 2676/2676/2586 1095/1095/1090
f 1096/1096/1091 2287/2287/2219 1097/1097/1092
f 1091/1091/1086 1090/1090/1085 1098/1098/1093
f 1093/1093/1088 1092/1092/1087 1100/1100/1095
f 1095/1095/1090 2676/2676/2586 1102/1102/1097
f 1097/1097/1092 2287/2287/2219 1104/1104/1099
f 1099/1099/1094 1098/1098/1093 1106/1106/1101
f 1100/1100/1095 1114/1114/1109 1108/1108/1103
f 1103/1103/1098 1102/1102/1097 1109/1109/1104
f 1105/1105/1100 1104/1104/1099 1111/1111/1106
f 1106/1106/1101 1120/1120/1115 1113/1113/1108
f 1114/1114/1109 1122/1122/1117 1115/1115/1110
f 1110/1110/1105 1109/1109/1104 1116/1116/1111
f 1112/1112/1107 1111/1111/1106 1118/1118/1113
f 1120/1120/1115 1128/1128/1123 1121/1121/1116
f 1122/1122/1117 1130/1130/1125 1123/1123/1118
f 1117/1117/1112 1116/1116/1111 1124/1124/1119
f 1119/1119/1114 1118/1118/1113 1126/1126/1121
f 1128/1128/1123 1136/1136/1131 1129/1129/1124
f 1130/1130/1125 1138/1138/1133 1131/1131/1126
f 1125/1125/1120 1124/1124/1119 1132/1132/1127
f 1127/1127/1122 1126/1126/1121 1134/1134/1129
f 1136/1136/1131 2677/2677/2587 1137/1137/1132
f 1138/1138/1133 1145/1145/1140 1139/1139/1134
f 1132/1132/1127 1147/1147/1142 1140/1140/1135
f 1135/1135/1130 1134/1134/1129 1141/1141/1136
f 1137/1137/1132 2677/2677/2587 1143/1143/1138
f 1145/1145/1140 1152/1152/1147 1146/1146/1141
f 1147/1147/1142 1154/1154/1149 1148/1148/1143
f 1142/1142/1137 1141/1141/1136 1149/1149/1144
f 1143/1143/1138 1158/1158/1153 1151/1151/1146
f 1152/1152/1147 1160/1160/1155 1153/1153/1148
f 1154/1154/1149 2678/2678/2588 1155/1155/1150
f 1150/1150/1145 1149/1149/1144 1156/1156/1151
f 1158/1158/1153 2679/2679/2283 1159/1159/1154
f 1160/1160/1155 1168/1168/1163 1161/1161/1156
f 1155/1155/1150 2678/2678/2588 1162/1162/1157
f 1157/1157/1152 1156/1156/1151 1164/1164/1159
f 1159/1159/1154 2679/2679/2283 1166/1166/1161
f 1168/1168/1163 1176/1176/1171 1169/1169/1164
f 1163/1163/1158 1162/1162/1157 1170/1170/1165
f 1165/1165/1160 1164/1164/1159 1172/1172/1167
f 1167/1167/1162 1166/1166/1161 1174/1174/1169
f 1176/1176/1171 2370/2370/2296 1177/1177/1172
f 1170/1170/1165 1183/1183/1178 1178/1178/1173
f 1172/1172/1167 1185/1185/1180 1179/1179/1174
f 1174/1174/1169 2680/2680/2589 1180/1180/1175
f 1177/1177/1172 2370/2370/2296 1181/1181/1176
f 1183/1183/1178 1191/1191/1186 1184/1184/1179
f 1185/1185/1180 2383/2383/2308 1186/1186/1181
f 1180/1180/1175 2680/2680/2589 1187/1187/1182
f 1182/1182/1177 1181/1181/1176 1189/1189/1184
f 1191/1191/1186 2681/2681/2590 1192/1192/1187
f 2383/2383/2308 2396/2396/2321 1195/1195/1190
f 2396/2396/2321 1193/1193/1188 1195/1195/1190
f 1193/1193/1188 1291/1291/1286 1194/1194/1189
f 1195/1195/1190 1186/1186/1181 2383/2383/2308
f 1196/1196/1191 1290/1290/1285 1197/1197/1192
f 1199/1199/1194 1401/1401/1396 1200/1200/1195
f 1202/1202/1197 1209/1209/1204 1203/1203/1198
f 1205/1205/1200 2410/2410/2334 1206/1206/1201
f 1208/1208/1203 2682/2682/2591 1209/1209/1204
f 1206/1206/1201 2397/2397/2322 1210/1210/1205
f 1193/1193/1188 2396/2396/2321 1211/1211/1206
f 1211/1211/1206 2405/2405/2329 1213/1213/1208
f 1214/1214/1209 1242/1242/1237 1215/1215/1210
f 1216/1216/1211 2683/2683/2592 1217/1217/1212
f 1219/1219/1214 2684/2684/2374 1220/1220/1215
f 1220/1220/1215 1223/1223/1218 1222/1222/1217
f 1223/1223/1218 1423/1423/1418 1224/1224/1219
f 1225/1225/1220 1424/1424/1419 1226/1226/1221
f 1228/1228/1223 722/722/719 706/706/703
f 1230/1230/1225 2685/2685/2593 1231/1231/1226
f 704/704/701 703/703/700 1233/1233/1228
f 1233/1233/1228 710/710/707 1234/1234/1229
f 710/710/707 712/712/709 1234/1234/1229
f 1234/1234/1229 719/719/716 721/721/718
f 721/721/718 704/704/701 1234/1234/1229
f 1235/1235/1230 1414/1414/1409 1236/1236/1231
f 1238/1238/1233 1246/1246/1241 1239/1239/1234
f 716/716/713 1238/1238/1233 1240/1240/1235
f 1242/1242/1237 2430/2430/2354 1243/1243/1238
f 1231/1231/1226 2685/2685/2593 1244/1244/1239
f 1246/1246/1241 1254/1254/1249 1247/1247/1242
f 1237/1237/1232 1236/1236/1231 1248/1248/1243
f 1243/1243/1238 2430/2430/2354 1250/1250/1245
f 1245/1245/1240 1244/1244/1239 1252/1252/1247
f 1254/1254/1249 1261/1261/1256 1255/1255/1250
f 1248/1248/1243 1263/1263/1258 1256/1256/1251
f 1251/1251/1246 1250/1250/1245 1257/1257/1252
f 1253/1253/1248 1252/1252/1247 1259/1259/1254
f 1261/1261/1256 2686/2686/2384 1262/1262/1257
f 1263/1263/1258 1269/1269/1264 1264/1264/1259
f 1258/1258/1253 1257/1257/1252 1265/1265/1260
f 1259/1259/1254 2684/2684/2374 1219/1219/1214
f 1262/1262/1257 2686/2686/2384 1267/1267/1262
f 1269/1269/1264 1275/1275/1270 1270/1270/1265
f 1266/1266/1261 1265/1265/1260 1271/1271/1266
f 1268/1268/1263 1267/1267/1262 1273/1273/1268
f 1275/1275/1270 1281/1281/1276 1276/1276/1271
f 1272/1272/1267 1271/1271/1266 1277/1277/1272
f 1274/1274/1269 1273/1273/1268 1279/1279/1274
f 1281/1281/1276 1419/1419/1414 1282/1282/1277
f 1283/1283/1278 1404/1404/1399 1284/1284/1279
f 1201/1201/1196 1200/1200/1195 1286/1286/1281
f 1192/1192/1187 2681/2681/2590 1204/1204/1199
f 1197/1197/1192 1299/1299/1294 1288/1288/1283
f 1196/1196/1191 1210/1210/1205 1290/1290/1285
f 1210/1210/1205 2397/2397/2322 1289/1289/1284
f 2397/2397/2322 1190/1190/1185 1289/1289/1284
f 1190/1190/1185 1189/1189/1184 1289/1289/1284
f 1291/1291/1286 2493/2493/2417 1292/1292/1287
f 1286/1286/1281 1301/1301/1296 1293/1293/1288
f 1292/1292/1287 2493/2493/2417 1294/1294/1289
f 1296/1296/1291 2687/2687/2594 1297/1297/1292
f 1299/1299/1294 1306/1306/1301 1300/1300/1295
f 1301/1301/1296 2688/2688/2430 1302/1302/1297
f 1295/1295/1290 1294/1294/1289 1303/1303/1298
f 1297/1297/1292 1312/1312/1307 1305/1305/1300
f 1306/1306/1301 1314/1314/1309 1307/1307/1302
f 1302/1302/1297 2688/2688/2430 1308/1308/1303
f 1304/1304/1299 1303/1303/1298 1310/1310/1305
f 1312/1312/1307 2689/2689/2595 1313/1313/1308
f 1314/1314/1309 1322/1322/1317 1315/1315/1310
f 1309/1309/1304 1308/1308/1303 1316/1316/1311
f 1311/1311/1306 1310/1310/1305 1318/1318/1313
f 1313/1313/1308 2689/2689/2595 1320/1320/1315
f 1322/1322/1317 2533/2533/2456 1323/1323/1318
f 1316/1316/1311 2690/2690/2596 1324/1324/1319
f 1319/1319/1314 1318/1318/1313 1325/1325/1320
f 1321/1321/1316 1320/1320/1315 1327/1327/1322
f 1323/1323/1318 2533/2533/2456 1329/1329/1324
f 1324/1324/1319 2690/2690/2596 1331/1331/1326
f 1325/1325/1320 1338/1338/1333 1333/1333/1328
f 1327/1327/1322 1340/1340/1335 1334/1334/1329
f 1330/1330/1325 1329/1329/1324 1335/1335/1330
f 1331/1331/1326 2691/2691/2597 1337/1337/1332
f 1338/1338/1333 1346/1346/1341 1339/1339/1334
f 1340/1340/1335 1348/1348/1343 1341/1341/1336
f 1336/1336/1331 1335/1335/1330 1342/1342/1337
f 1337/1337/1332 2691/2691/2597 1344/1344/1339
f 1346/1346/1341 1354/1354/1349 1347/1347/1342
f 1348/1348/1343 1356/1356/1351 1349/1349/1344
f 1343/1343/1338 1342/1342/1337 1350/1350/1345
f 1345/1345/1340 1344/1344/1339 1352/1352/1347
f 1354/1354/1349 1362/1362/1357 1355/1355/1350
f 1356/1356/1351 1364/1364/1359 1357/1357/1352
f 1351/1351/1346 1350/1350/1345 1358/1358/1353
f 1353/1353/1348 1352/1352/1347 1360/1360/1355
f 1362/1362/1357 1370/1370/1365 1363/1363/1358
f 1364/1364/1359 1372/1372/1367 1365/1365/1360
f 1359/1359/1354 1358/1358/1353 1366/1366/1361
f 1361/1361/1356 1360/1360/1355 1368/1368/1363
f 1370/1370/1365 1378/1378/1373 1371/1371/1366
f 1372/1372/1367 1380/1380/1375 1373/1373/1368
f 1367/1367/1362 1366/1366/1361 1374/1374/1369
f 1369/1369/1364 1368/1368/1363 1376/1376/1371
f 1378/1378/1373 1386/1386/1381 1379/1379/1374
f 1380/1380/1375 2692/2692/2598 1381/1381/1376
f 1375/1375/1370 1374/1374/1369 1382/1382/1377
f 1377/1377/1372 1376/1376/1371 1384/1384/1379
f 1386/1386/1381 1393/1393/1388 1387/1387/1382
f 1381/1381/1376 2692/2692/2598 1388/1388/1383
f 1383/1383/1378 1382/1382/1377 1390/1390/1385
f 1384/1384/1379 1397/1397/1392 1392/1392/1387
f 1393/1393/1388 2606/2606/2525 1394/1394/1389
f 1389/1389/1384 1388/1388/1383 1395/1395/1390
f 1397/1397/1392 1399/1399/1394 1398/1398/1393
f 1399/1399/1394 2693/2693/2599 1400/1400/1395
f 1401/1401/1396 1199/1199/1194 1218/1218/1213
f 1400/1400/1395 2693/2693/2599 1402/1402/1397
f 1404/1404/1399 2694/2694/2536 1405/1405/1400
f 1406/1406/1401 1283/1283/1278 1285/1285/1280
f 1408/1408/1403 1411/1411/1406 1409/1409/1404
f 1411/1411/1406 1408/1408/1403 1412/1412/1407
f 1414/1414/1409 1235/1235/1230 708/708/705
f 1416/1416/1411 2687/2687/2594 1296/1296/1291
f 1418/1418/1413 1420/1420/1415 1282/1282/1277
f 1420/1420/1415 1418/1418/1413 1421/1421/1416
f 1421/1421/1416 1394/1394/1389 2606/2606/2525
f 2606/2606/2525 1413/1413/1408 1421/1421/1416
f 1413/1413/1408 1412/1412/1407 1421/1421/1416
f 1277/1277/1272 2478/2478/2402 1422/1422/1417
f 1423/1423/1418 1406/1406/1401 1407/1407/1402
f 1424/1424/1419 2695/2695/2600 1425/1425/1420
f 1227/1227/1222 1391/1391/1386 1426/1426/1421
f 1391/1391/1386 1390/1390/1385 1426/1426/1421
f 1426/1426/1421 1422/1422/1417 2478/2478/2402
f 2478/2478/2402 1225/1225/1220 1426/1426/1421
f 1427/1427/1422 394/394/394 396/396/396
f 1429/1429/1424 1862/1862/1468 1430/1430/1425
f 1431/1431/1426 1434/1434/1429 1432/1432/1427
f 1428/1428/1423 1436/1436/1431 1432/1432/1427
f 1435/1435/1430 1433/1433/1428 1432/1432/1427
f 1437/1437/1432 1441/1441/1436 1438/1438/1433
f 1440/1440/1435 1443/1443/1438 1438/1438/1433
f 1442/1442/1437 1439/1439/1434 1438/1438/1433
f 1444/1444/1439 1447/1447/1442 1445/1445/1440
f 388/388/388 1449/1449/1444 1445/1445/1440
f 1448/1448/1443 1446/1446/1441 1445/1445/1440
f 1450/1450/1445 1454/1454/1449 1451/1451/1446
f 1453/1453/1448 1455/1455/1450 1451/1451/1446
f 1427/1427/1422 1452/1452/1447 1451/1451/1446
f 1456/1456/1451 1459/1459/1454 1457/1457/1452
f 709/709/706 1457/1457/1452 1459/1459/1454
f 1460/1460/1455 1457/1457/1452 709/709/706
f 1461/1461/1456 1458/1458/1453 1457/1457/1452
f 1462/1462/1457 1466/1466/1461 1463/1463/1458
f 1465/1465/1460 1467/1467/1462 1463/1463/1458
f 1233/1233/1228 1463/1463/1458 1467/1467/1462
f 1464/1464/1459 1463/1463/1458 1233/1233/1228
f 1468/1468/1463 1471/1471/1466 1469/1469/1464
f 707/707/704 1469/1469/1464 1471/1471/1466
f 1472/1472/1467 1469/1469/1464 707/707/704
f 1473/1473/1468 1470/1470/1465 1469/1469/1464
f 1474/1474/1469 1478/1478/1473 1475/1475/1470
f 1477/1477/1472 1479/1479/1474 1475/1475/1470
f 1234/1234/1229 1475/1475/1470 1479/1479/1474
f 1476/1476/1471 1475/1475/1470 1234/1234/1229
f 1480/1480/1475 1483/1483/1478 1481/1481/1476
f 1186/1186/1181 1195/1195/1190 1483/1483/1478
f 1194/1194/1189 1484/1484/1479 1483/1483/1478
f 1481/1481/1476 1483/1483/1478 1484/1484/1479
f 1486/1486/1481 1491/1491/1486 1487/1487/1482
f 1489/1489/1484 1491/1491/1486 1486/1486/1481
f 1290/1290/1285 1289/1289/1284 1491/1491/1486
f 1189/1189/1184 1487/1487/1482 1491/1491/1486
f 1492/1492/1487 1495/1495/1490 1493/1493/1488
f 1394/1394/1389 1421/1421/1416 1495/1495/1490
f 1418/1418/1413 1496/1496/1491 1495/1495/1490
f 1493/1493/1488 1495/1495/1490 1496/1496/1491
f 1498/1498/1493 1503/1503/1498 1499/1499/1494
f 1501/1501/1496 1503/1503/1498 1498/1498/1493
f 1422/1422/1417 1426/1426/1421 1503/1503/1498
f 1390/1390/1385 1499/1499/1494 1503/1503/1498
f 1431/1431/1426 1450/1450/1445 1452/1452/1447
f 1434/1434/1429 1452/1452/1447 1427/1427/1422
f 1428/1428/1423 396/396/396 1504/1504/1499
f 1436/1436/1431 1504/1504/1499 1505/1505/386
f 1453/1453/1448 1519/1519/392 1506/1506/1500
f 1455/1455/1450 1506/1506/1500 394/394/394
f 385/385/385 1509/1509/1503 1507/1507/1501
f 1509/1509/1503 2696/2696/2601 1510/1510/1504
f 1511/1511/1505 1512/1512/1506 1443/1443/1438
f 1512/1512/1506 389/389/389 1442/1442/1437
f 388/388/388 1447/1447/1442 1439/1439/1434
f 1447/1447/1442 1444/1444/1439 1437/1437/1432
f 390/390/390 1513/1513/1507 1449/1449/1444
f 1513/1513/1507 1524/1524/1515 1448/1448/1443
f 391/391/391 393/393/393 1514/1514/1449
f 1514/1514/1449 2697/2697/2602 1516/1516/1509
f 396/396/396 395/395/395 1517/1517/1510
f 1504/1504/1499 1517/1517/1510 1518/1518/397
f 1519/1519/392 1527/1527/1518 1520/1520/1511
f 1506/1506/1500 1520/1520/1511 403/403/403
f 1521/1521/1512 1522/1522/1513 1512/1512/1506
f 1522/1522/1513 399/399/399 389/389/389
f 400/400/400 1523/1523/1514 1513/1513/1507
f 1523/1523/1514 1532/1532/1522 1524/1524/1515
f 395/395/395 404/404/404 1525/1525/1516
f 1517/1517/1510 1525/1525/1516 1526/1526/1517
f 1527/1527/1518 1535/1535/1524 1528/1528/1519
f 1520/1520/1511 1528/1528/1519 411/411/411
f 1529/1529/406 1530/1530/1520 1522/1522/1513
f 1530/1530/1520 407/407/407 399/399/399
f 408/408/408 1531/1531/1521 1523/1523/1514
f 1531/1531/1521 1540/1540/1529 1532/1532/1522
f 404/404/404 412/412/412 1533/1533/1523
f 1525/1525/1516 1533/1533/1523 1534/1534/420
f 1535/1535/1524 1543/1543/417 1536/1536/1525
f 1528/1528/1519 1536/1536/1525 418/418/418
f 1537/1537/1526 1538/1538/1527 1530/1530/1520
f 1538/1538/1527 414/414/414 407/407/407
f 415/415/415 1539/1539/1528 1531/1531/1521
f 1539/1539/1528 1548/1548/1536 1540/1540/1529
f 412/412/412 419/419/419 1541/1541/1530
f 1533/1533/1523 1541/1541/1530 1542/1542/1531
f 1543/1543/417 1551/1551/425 1544/1544/1532
f 1536/1536/1525 1544/1544/1532 426/426/426
f 1545/1545/1533 1546/1546/1534 1538/1538/1527
f 1546/1546/1534 422/422/422 414/414/414
f 423/423/423 1547/1547/1535 1539/1539/1528
f 1547/1547/1535 1557/1557/1544 1548/1548/1536
f 419/419/419 427/427/427 1549/1549/1537
f 1541/1541/1530 1549/1549/1537 1550/1550/1538
f 1551/1551/425 1560/1560/432 1552/1552/1539
f 1544/1544/1532 1552/1552/1539 1553/1553/1540
f 1554/1554/1541 1555/1555/1542 1546/1546/1534
f 1555/1555/1542 430/430/430 422/422/422
f 431/431/431 1556/1556/1543 1547/1547/1535
f 1556/1556/1543 1565/1565/1550 1557/1557/1544
f 434/434/434 1558/1558/1545 1549/1549/1537
f 1558/1558/1545 1567/1567/1552 1550/1550/1538
f 1559/1559/438 1561/1561/1546 1552/1552/1539
f 1561/1561/1546 433/433/433 1553/1553/1540
f 1554/1554/1541 1570/1570/1555 1562/1562/1547
f 1555/1555/1542 1562/1562/1547 443/443/443
f 431/431/431 436/436/436 1563/1563/1548
f 1556/1556/1543 1563/1563/1548 1564/1564/1549
f 440/440/440 1566/1566/1551 1558/1558/1545
f 1566/1566/1551 1575/1575/1560 1567/1567/1552
f 1568/1568/1553 1569/1569/1554 1561/1561/1546
f 1569/1569/1554 439/439/439 433/433/433
f 1570/1570/1555 1578/1578/442 1571/1571/1556
f 1562/1562/1547 1571/1571/1556 450/450/450
f 436/436/436 444/444/444 1572/1572/1557
f 1563/1563/1548 1572/1572/1557 1573/1573/1558
f 448/448/448 1574/1574/1559 1566/1566/1551
f 1574/1574/1559 1583/1583/1567 1575/1575/1560
f 1576/1576/1561 1577/1577/1562 1569/1569/1554
f 1577/1577/1562 447/447/447 439/439/439
f 1578/1578/442 1586/1586/1570 1579/1579/1563
f 1571/1571/1556 1579/1579/1563 457/457/457
f 444/444/444 451/451/451 1580/1580/1564
f 1572/1572/1557 1580/1580/1564 1581/1581/1565
f 454/454/454 1582/1582/1566 1574/1574/1559
f 1582/1582/1566 1591/1591/1575 1583/1583/1567
f 1584/1584/1568 1585/1585/1569 1577/1577/1562
f 1585/1585/1569 453/453/453 447/447/447
f 1586/1586/1570 1594/1594/456 1587/1587/1571
f 1579/1579/1563 1587/1587/1571 465/465/465
f 451/451/451 458/458/458 1588/1588/1572
f 1580/1580/1564 1588/1588/1572 1589/1589/1573
f 462/462/462 1590/1590/1574 1582/1582/1566
f 1590/1590/1574 1599/1599/1582 1591/1591/1575
f 1592/1592/1576 1593/1593/1577 1585/1585/1569
f 1593/1593/1577 461/461/461 453/453/453
f 1594/1594/456 1602/1602/1585 1595/1595/1578
f 1587/1587/1571 1595/1595/1578 473/473/473
f 458/458/458 466/466/466 1596/1596/1579
f 1588/1588/1572 1596/1596/1579 1597/1597/1580
f 470/470/470 1598/1598/1581 1590/1590/1574
f 1598/1598/1581 1607/1607/1590 1599/1599/1582
f 1600/1600/1583 1601/1601/1584 1593/1593/1577
f 1601/1601/1584 469/469/469 461/461/461
f 1602/1602/1585 1610/1610/1593 1603/1603/1586
f 1595/1595/1578 1603/1603/1586 479/479/479
f 466/466/466 474/474/474 1604/1604/1587
f 1596/1596/1579 1604/1604/1587 1605/1605/1588
f 477/477/477 1606/1606/1589 1598/1598/1581
f 1606/1606/1589 1617/1617/484 1607/1607/1590
f 1608/1608/1591 1609/1609/1592 1601/1601/1584
f 1609/1609/1592 476/476/476 469/469/469
f 1610/1610/1593 1620/1620/1602 1611/1611/1594
f 1603/1603/1586 1611/1611/1594 1612/1612/1595
f 474/474/474 480/480/480 1613/1613/1596
f 1604/1604/1587 1613/1613/1596 1614/1614/1597
f 477/477/477 483/483/483 1615/1615/1598
f 1606/1606/1589 1615/1615/1598 1616/1616/1599
f 1608/1608/1591 1625/1625/1607 1618/1618/1600
f 1609/1609/1592 1618/1618/1600 490/490/490
f 1619/1619/1601 1621/1621/1603 1611/1611/1594
f 1621/1621/1603 486/486/486 1612/1612/1595
f 487/487/487 1622/1622/1604 1613/1613/1596
f 1622/1622/1604 1630/1630/1612 1614/1614/1597
f 483/483/483 491/491/491 1623/1623/1605
f 1615/1615/1598 1623/1623/1605 1624/1624/1606
f 1625/1625/1607 1633/1633/1615 1626/1626/1608
f 1618/1618/1600 1626/1626/1608 498/498/498
f 1627/1627/1609 1628/1628/1610 1621/1621/1603
f 1628/1628/1610 494/494/494 486/486/486
f 495/495/495 1629/1629/1611 1622/1622/1604
f 1629/1629/1611 1638/1638/1620 1630/1630/1612
f 491/491/491 499/499/499 1631/1631/1613
f 1623/1623/1605 1631/1631/1613 1632/1632/1614
f 1633/1633/1615 1641/1641/1623 1634/1634/1616
f 1626/1626/1608 1634/1634/1616 505/505/505
f 1635/1635/1617 1636/1636/1618 1628/1628/1610
f 1636/1636/1618 502/502/502 494/494/494
f 503/503/503 1637/1637/1619 1629/1629/1611
f 1637/1637/1619 1647/1647/1629 1638/1638/1620
f 499/499/499 506/506/506 1639/1639/1621
f 1631/1631/1613 1639/1639/1621 1640/1640/1622
f 1641/1641/1623 1650/1650/1632 1642/1642/1624
f 1634/1634/1616 1642/1642/1624 1643/1643/1625
f 1644/1644/1626 1645/1645/1627 1636/1636/1618
f 1645/1645/1627 509/509/509 502/502/502
f 510/510/510 1646/1646/1628 1637/1637/1619
f 1646/1646/1628 1655/1655/518 1647/1647/1629
f 514/514/514 1648/1648/1630 1639/1639/1621
f 1648/1648/1630 1657/1657/1637 1640/1640/1622
f 1649/1649/1631 1651/1651/1633 1642/1642/1624
f 1651/1651/1633 513/513/513 1643/1643/1625
f 1644/1644/1626 1660/1660/1640 1652/1652/1634
f 1645/1645/1627 1652/1652/1634 524/524/524
f 510/510/510 517/517/517 1653/1653/1635
f 1646/1646/1628 1653/1653/1635 1654/1654/526
f 521/521/521 1656/1656/1636 1648/1648/1630
f 1656/1656/1636 1665/1665/1645 1657/1657/1637
f 1658/1658/1638 1659/1659/1639 1651/1651/1633
f 1659/1659/1639 520/520/520 513/513/513
f 1660/1660/1640 1668/1668/1648 1661/1661/1641
f 1652/1652/1634 1661/1661/1641 532/532/532
f 517/517/517 525/525/525 1662/1662/1642
f 1653/1653/1635 1662/1662/1642 1663/1663/1643
f 529/529/529 1664/1664/1644 1656/1656/1636
f 1664/1664/1644 1673/1673/1653 1665/1665/1645
f 1666/1666/1646 1667/1667/1647 1659/1659/1639
f 1667/1667/1647 528/528/528 520/520/520
f 1668/1668/1648 1676/1676/1656 1669/1669/1649
f 1661/1661/1641 1669/1669/1649 540/540/540
f 525/525/525 533/533/533 1670/1670/1650
f 1662/1662/1642 1670/1670/1650 1671/1671/1651
f 537/537/537 1672/1672/1652 1664/1664/1644
f 1672/1672/1652 1681/1681/538 1673/1673/1653
f 1674/1674/1654 1675/1675/1655 1667/1667/1647
f 1675/1675/1655 536/536/536 528/528/528
f 1676/1676/1656 1684/1684/1663 1677/1677/1657
f 1669/1669/1649 1677/1677/1657 547/547/547
f 533/533/533 541/541/541 1678/1678/1658
f 1670/1670/1650 1678/1678/1658 1679/1679/1659
f 545/545/545 1680/1680/1660 1672/1672/1652
f 1680/1680/1660 1689/1689/1668 1681/1681/538
f 1682/1682/1661 1683/1683/1662 1675/1675/1655
f 1683/1683/1662 544/544/544 536/536/536
f 1684/1684/1663 1692/1692/1671 1685/1685/1664
f 1677/1677/1657 1685/1685/1664 555/555/555
f 541/541/541 548/548/548 1686/1686/1665
f 1678/1678/1658 1686/1686/1665 1687/1687/1666
f 552/552/552 1688/1688/1667 1680/1680/1660
f 1688/1688/1667 1699/1699/560 1689/1689/1668
f 1690/1690/1669 1691/1691/1670 1683/1683/1662
f 1691/1691/1670 551/551/551 544/544/544
f 1692/1692/1671 1702/1702/1680 1693/1693/1672
f 1685/1685/1664 1693/1693/1672 1694/1694/1673
f 548/548/548 556/556/556 1695/1695/1674
f 1686/1686/1665 1695/1695/1674 1696/1696/1675
f 552/552/552 559/559/559 1697/1697/1676
f 1688/1688/1667 1697/1697/1676 1698/1698/1677
f 1690/1690/1669 1707/1707/565 1700/1700/1678
f 1691/1691/1670 1700/1700/1678 566/566/566
f 1701/1701/1679 1703/1703/1681 1693/1693/1672
f 1703/1703/1681 562/562/562 1694/1694/1673
f 563/563/563 1704/1704/1682 1695/1695/1674
f 1704/1704/1682 1713/1713/1690 1696/1696/1675
f 559/559/559 567/567/567 1705/1705/1683
f 1697/1697/1676 1705/1705/1683 1706/1706/1684
f 1707/1707/565 1716/1716/1693 1708/1708/1685
f 1700/1700/1678 1708/1708/1685 1709/1709/1686
f 1710/1710/1687 1711/1711/1688 1703/1703/1681
f 1711/1711/1688 570/570/570 562/562/562
f 571/571/571 1712/1712/1689 1704/1704/1682
f 1712/1712/1689 1721/1721/1698 1713/1713/1690
f 574/574/574 1714/1714/1691 1705/1705/1683
f 1714/1714/1691 1723/1723/1700 1706/1706/1684
f 1715/1715/1692 1717/1717/1694 1708/1708/1685
f 1717/1717/1694 573/573/573 1709/1709/1686
f 1710/1710/1687 1726/1726/1703 1718/1718/1695
f 1711/1711/1688 1718/1718/1695 584/584/584
f 571/571/571 577/577/577 1719/1719/1696
f 1712/1712/1689 1719/1719/1696 1720/1720/1697
f 581/581/581 1722/1722/1699 1714/1714/1691
f 1722/1722/1699 1731/1731/1708 1723/1723/1700
f 1724/1724/1701 1725/1725/1702 1717/1717/1694
f 1725/1725/1702 580/580/580 573/573/573
f 1726/1726/1703 1734/1734/1710 1727/1727/1704
f 1718/1718/1695 1727/1727/1704 592/592/592
f 577/577/577 585/585/585 1728/1728/1705
f 1719/1719/1696 1728/1728/1705 1729/1729/1706
f 589/589/589 1730/1730/1707 1722/1722/1699
f 1730/1730/1707 1739/1739/1715 1731/1731/1708
f 1732/1732/595 1733/1733/1709 1725/1725/1702
f 1733/1733/1709 588/588/588 580/580/580
f 1734/1734/1710 1742/1742/1718 1735/1735/1711
f 1727/1727/1704 1735/1735/1711 600/600/600
f 585/585/585 593/593/593 1736/1736/1712
f 1728/1728/1705 1736/1736/1712 1737/1737/1713
f 597/597/597 1738/1738/1714 1730/1730/1707
f 1738/1738/1714 1747/1747/1723 1739/1739/1715
f 1740/1740/1716 1741/1741/1717 1733/1733/1709
f 1741/1741/1717 596/596/596 588/588/588
f 1742/1742/1718 1750/1750/1726 1743/1743/1719
f 1735/1735/1711 1743/1743/1719 608/608/608
f 593/593/593 601/601/601 1744/1744/1720
f 1736/1736/1712 1744/1744/1720 1745/1745/1721
f 605/605/605 1746/1746/1722 1738/1738/1714
f 1746/1746/1722 1755/1755/1731 1747/1747/1723
f 1748/1748/1724 1749/1749/1725 1741/1741/1717
f 1749/1749/1725 604/604/604 596/596/596
f 1750/1750/1726 1758/1758/1734 1751/1751/1727
f 1743/1743/1719 1751/1751/1727 614/614/614
f 601/601/601 609/609/609 1752/1752/1728
f 1744/1744/1720 1752/1752/1728 1753/1753/1729
f 612/612/612 1754/1754/1730 1746/1746/1722
f 1754/1754/1730 1763/1763/618 1755/1755/1731
f 1756/1756/1732 1757/1757/1733 1749/1749/1725
f 1757/1757/1733 611/611/611 604/604/604
f 1758/1758/1734 1766/1766/613 1759/1759/1735
f 1751/1751/1727 1759/1759/1735 622/622/620
f 609/609/609 615/615/615 1760/1760/1736
f 1752/1752/1728 1760/1760/1736 1761/1761/1737
f 619/619/612 1762/1762/1738 1754/1754/1730
f 1762/1762/1738 1771/1771/1745 1763/1763/618
f 1764/1764/1739 1765/1765/1740 1757/1757/1733
f 1765/1765/1740 618/618/611 611/611/611
f 1766/1766/613 1774/1774/1748 1767/1767/1741
f 1759/1759/1735 1767/1767/1741 629/629/627
f 615/615/615 623/623/621 1768/1768/1742
f 1760/1760/1736 1768/1768/1742 1769/1769/1743
f 626/626/624 1770/1770/1744 1762/1762/1738
f 1770/1770/1744 1779/1779/1753 1771/1771/1745
f 1772/1772/1746 1773/1773/1747 1765/1765/1740
f 1773/1773/1747 625/625/623 618/618/611
f 1774/1774/1748 1782/1782/1755 1775/1775/1749
f 1767/1767/1741 1775/1775/1749 636/636/633
f 623/623/621 630/630/621 1776/1776/1750
f 1768/1768/1742 1776/1776/1750 1777/1777/1751
f 634/634/631 1778/1778/1752 1770/1770/1744
f 1778/1778/1752 1787/1787/639 1779/1779/1753
f 1780/1780/636 1781/1781/1754 1773/1773/1747
f 1781/1781/1754 633/633/630 625/625/623
f 1782/1782/1755 1790/1790/1762 1783/1783/1756
f 1775/1775/1749 1783/1783/1756 644/644/641
f 630/630/621 637/637/634 1784/1784/1757
f 1776/1776/1750 1784/1784/1757 1785/1785/1758
f 641/641/638 1786/1786/1759 1778/1778/1752
f 1786/1786/1759 1795/1795/647 1787/1787/639
f 1788/1788/1760 1789/1789/1761 1781/1781/1754
f 1789/1789/1761 640/640/637 633/633/630
f 1790/1790/1762 1798/1798/1768 1791/1791/1763
f 1783/1783/1756 1791/1791/1763 652/652/649
f 637/637/634 645/645/642 1792/1792/1764
f 1784/1784/1757 1792/1792/1764 1793/1793/1765
f 649/649/646 1794/1794/1766 1786/1786/1759
f 1794/1794/1766 1803/1803/1773 1795/1795/647
f 1796/1796/652 1797/1797/1767 1789/1789/1761
f 1797/1797/1767 648/648/645 640/640/637
f 1798/1798/1768 1806/1806/1776 1799/1799/1769
f 1791/1791/1763 1799/1799/1769 660/660/657
f 645/645/642 653/653/650 1800/1800/1770
f 1792/1792/1764 1800/1800/1770 1801/1801/1771
f 657/657/654 1802/1802/1772 1794/1794/1766
f 1802/1802/1772 1811/1811/1781 1803/1803/1773
f 1804/1804/1774 1805/1805/1775 1797/1797/1767
f 1805/1805/1775 656/656/653 648/648/645
f 1806/1806/1776 1814/1814/1783 1807/1807/1777
f 1799/1799/1769 1807/1807/1777 668/668/665
f 653/653/650 661/661/658 1808/1808/1778
f 1800/1800/1770 1808/1808/1778 1809/1809/1779
f 665/665/662 1810/1810/1780 1802/1802/1772
f 1810/1810/1780 1819/1819/1787 1811/1811/1781
f 1812/1812/667 1813/1813/1782 1805/1805/1775
f 1813/1813/1782 664/664/661 656/656/653
f 1814/1814/1783 1822/1822/1790 1815/1815/1784
f 1807/1807/1777 1815/1815/1784 674/674/671
f 661/661/658 669/669/666 1816/1816/1785
f 1808/1808/1778 1816/1816/1785 1817/1817/673
f 672/672/669 1818/1818/1786 1810/1810/1780
f 1818/1818/1786 1827/1827/1794 1819/1819/1787
f 1820/1820/1788 1821/1821/1789 1813/1813/1782
f 1821/1821/1789 671/671/668 664/664/661
f 1822/1822/1790 1830/1830/1797 1823/1823/1791
f 1815/1815/1784 1823/1823/1791 682/682/679
f 669/669/666 675/675/672 1824/1824/1792
f 1816/1816/1785 1824/1824/1792 1825/1825/681
f 679/679/676 1826/1826/1793 1818/1818/1786
f 1826/1826/1793 1835/1835/685 1827/1827/1794
f 1828/1828/1795 1829/1829/1796 1821/1821/1789
f 1829/1829/1796 678/678/675 671/671/668
f 1830/1830/1797 1838/1838/1804 1831/1831/1798
f 1823/1823/1791 1831/1831/1798 690/690/687
f 675/675/672 683/683/680 1832/1832/1799
f 1824/1824/1792 1832/1832/1799 1833/1833/1800
f 687/687/684 1834/1834/1801 1826/1826/1793
f 1834/1834/1801 1843/1843/1809 1835/1835/685
f 1836/1836/1802 1837/1837/1803 1829/1829/1796
f 1837/1837/1803 686/686/683 678/678/675
f 1838/1838/1804 1846/1846/686 1839/1839/1805
f 1831/1831/1798 1839/1839/1805 698/698/695
f 683/683/680 691/691/688 1840/1840/1806
f 1832/1832/1799 1840/1840/1806 1841/1841/1807
f 695/695/692 1842/1842/1808 1834/1834/1801
f 1842/1842/1808 1851/1851/1816 1843/1843/1809
f 1844/1844/1810 1845/1845/1811 1837/1837/1803
f 1845/1845/1811 694/694/691 686/686/683
f 1846/1846/686 1854/1854/1819 1847/1847/1812
f 1839/1839/1805 1847/1847/1812 1848/1848/1813
f 691/691/688 699/699/696 1849/1849/1814
f 1840/1840/1806 1849/1849/1814 1850/1850/1815
f 695/695/692 701/701/698 1459/1459/1454
f 1842/1842/1808 1459/1459/1454 1456/1456/1451
f 1844/1844/1810 1859/1859/1824 1852/1852/1817
f 1845/1845/1811 1852/1852/1817 1853/1853/1818
f 1462/1462/1457 1464/1464/1459 1847/1847/1812
f 1464/1464/1459 703/703/700 1848/1848/1813
f 1232/1232/1227 1856/1856/1821 1855/1855/1820
f 1856/1856/1821 702/702/699 1857/1857/1822
f 704/704/701 1858/1858/1823 1849/1849/1814
f 1858/1858/1823 1867/1867/1831 1850/1850/1815
f 1859/1859/1824 1870/1870/1834 1860/1860/1825
f 1852/1852/1817 1860/1860/1825 1861/1861/1826
f 1862/1862/1468 1429/1429/1424 1863/1863/1827
f 1865/1865/1829 2698/2698/2603 718/718/715
f 721/721/718 1866/1866/1830 1858/1858/1823
f 1866/1866/1830 1875/1875/1223 1867/1867/1831
f 715/715/712 1868/1868/1832 1472/1472/1467
f 1868/1868/1832 1877/1877/1840 1473/1473/1468
f 1869/1869/1833 1871/1871/1835 1860/1860/1825
f 1871/1871/1835 714/714/711 1861/1861/1826
f 1477/1477/1472 1880/1880/1843 1872/1872/1836
f 1479/1479/1474 1872/1872/1836 730/730/727
f 721/721/718 720/720/717 1873/1873/1837
f 1866/1866/1830 1873/1873/1837 1874/1874/1838
f 726/726/723 1876/1876/1839 1868/1868/1832
f 1876/1876/1839 1887/1887/725 1877/1877/1840
f 1878/1878/1841 1879/1879/1842 1871/1871/1835
f 1879/1879/1842 725/725/722 714/714/711
f 1880/1880/1843 1890/1890/1852 1881/1881/1844
f 1872/1872/1836 1881/1881/1844 1882/1882/1845
f 720/720/717 731/731/728 1883/1883/1846
f 1873/1873/1837 1883/1883/1846 1884/1884/1847
f 726/726/723 734/734/731 1885/1885/1848
f 1876/1876/1839 1885/1885/1848 1886/1886/1849
f 1878/1878/1841 1895/1895/1857 1888/1888/1850
f 1879/1879/1842 1888/1888/1850 740/740/737
f 1889/1889/1851 1891/1891/1853 1881/1881/1844
f 1891/1891/1853 736/736/733 1882/1882/1845
f 737/737/734 1892/1892/1854 1883/1883/1846
f 1892/1892/1854 1900/1900/1862 1884/1884/1847
f 734/734/731 741/741/738 1893/1893/1855
f 1885/1885/1848 1893/1893/1855 1894/1894/1856
f 1895/1895/1857 1903/1903/1865 1896/1896/1858
f 1888/1888/1850 1896/1896/1858 747/747/744
f 1897/1897/1859 1898/1898/1860 1891/1891/1853
f 1898/1898/1860 744/744/741 736/736/733
f 745/745/742 1899/1899/1861 1892/1892/1854
f 1899/1899/1861 1908/1908/1869 1900/1900/1862
f 741/741/738 748/748/745 1901/1901/1863
f 1893/1893/1855 1901/1901/1863 1902/1902/1864
f 1903/1903/1865 1911/1911/1872 1904/1904/1866
f 1896/1896/1858 1904/1904/1866 754/754/751
f 1905/1905/746 1906/1906/1867 1898/1898/1860
f 1906/1906/1867 750/750/747 744/744/741
f 751/751/748 1907/1907/1868 1899/1899/1861
f 1907/1907/1868 1916/1916/749 1908/1908/1869
f 748/748/745 755/755/752 1909/1909/1870
f 1901/1901/1863 1909/1909/1870 1910/1910/1871
f 1911/1911/1872 1919/1919/1879 1912/1912/1873
f 1904/1904/1866 1912/1912/1873 761/761/758
f 1913/1913/1874 1914/1914/1875 1906/1906/1867
f 1914/1914/1875 758/758/755 750/750/747
f 759/759/756 1915/1915/1876 1907/1907/1868
f 1915/1915/1876 1924/1924/1884 1916/1916/749
f 755/755/752 762/762/759 1917/1917/1877
f 1909/1909/1870 1917/1917/1877 1918/1918/1878
f 1919/1919/1879 1927/1927/1887 1920/1920/1880
f 1912/1912/1873 1920/1920/1880 769/769/766
f 1921/1921/1881 1922/1922/1882 1914/1914/1875
f 1922/1922/1882 765/765/762 758/758/755
f 766/766/763 1923/1923/1883 1915/1915/1876
f 1923/1923/1883 1932/1932/1892 1924/1924/1884
f 762/762/759 770/770/767 1925/1925/1885
f 1917/1917/1877 1925/1925/1885 1926/1926/1886
f 1927/1927/1887 1935/1935/1895 1928/1928/1888
f 1920/1920/1880 1928/1928/1888 776/776/773
f 1929/1929/1889 1930/1930/1890 1922/1922/1882
f 1930/1930/1890 772/772/769 765/765/762
f 773/773/770 1931/1931/1891 1923/1923/1883
f 1931/1931/1891 1940/1940/771 1932/1932/1892
f 770/770/767 777/777/774 1933/1933/1893
f 1925/1925/1885 1933/1933/1893 1934/1934/1894
f 1935/1935/1895 1943/1943/1902 1936/1936/1896
f 1928/1928/1888 1936/1936/1896 783/783/780
f 1937/1937/1897 1938/1938/1898 1930/1930/1890
f 1938/1938/1898 780/780/777 772/772/769
f 781/781/778 1939/1939/1899 1931/1931/1891
f 1939/1939/1899 1948/1948/1907 1940/1940/771
f 777/777/774 784/784/781 1941/1941/1900
f 1933/1933/1893 1941/1941/1900 1942/1942/1901
f 1943/1943/1902 1951/1951/1909 1944/1944/1903
f 1936/1936/1896 1944/1944/1903 791/791/788
f 1945/1945/1904 1946/1946/1905 1938/1938/1898
f 1946/1946/1905 787/787/784 780/780/777
f 788/788/785 1947/1947/1906 1939/1939/1899
f 1947/1947/1906 1957/1957/1915 1948/1948/1907
f 784/784/781 792/792/789 1949/1949/1908
f 1941/1941/1900 1949/1949/1908 1950/1950/798
f 1951/1951/1909 1960/1960/1918 1952/1952/1910
f 1944/1944/1903 1952/1952/1910 1953/1953/1911
f 1954/1954/1912 1955/1955/1913 1946/1946/1905
f 1955/1955/1913 795/795/792 787/787/784
f 796/796/793 1956/1956/1914 1947/1947/1906
f 1956/1956/1914 1965/1965/1923 1957/1957/1915
f 800/800/797 1958/1958/1916 1949/1949/1908
f 1958/1958/1916 1967/1967/805 1950/1950/798
f 1959/1959/1917 1961/1961/1919 1952/1952/1910
f 1961/1961/1919 799/799/796 1953/1953/1911
f 1954/1954/1912 1970/1970/1927 1962/1962/1920
f 1955/1955/1913 1962/1962/1920 810/810/807
f 796/796/793 803/803/800 1963/1963/1921
f 1956/1956/1914 1963/1963/1921 1964/1964/1922
f 807/807/804 1966/1966/1924 1958/1958/1916
f 1966/1966/1924 1975/1975/1931 1967/1967/805
f 1968/1968/1925 1969/1969/1926 1961/1961/1919
f 1969/1969/1926 806/806/803 799/799/796
f 1970/1970/1927 1978/1978/1934 1971/1971/1928
f 1962/1962/1920 1971/1971/1928 818/818/815
f 803/803/800 811/811/808 1972/1972/1929
f 1963/1963/1921 1972/1972/1929 1973/1973/817
f 815/815/812 1974/1974/1930 1966/1966/1924
f 1974/1974/1930 1985/1985/1940 1975/1975/1931
f 1976/1976/1932 1977/1977/1933 1969/1969/1926
f 1977/1977/1933 814/814/811 806/806/803
f 1978/1978/1934 1988/1988/1943 1979/1979/1935
f 1971/1971/1928 1979/1979/1935 1980/1980/1936
f 811/811/808 819/819/816 1981/1981/1937
f 1972/1972/1929 1981/1981/1937 1982/1982/1938
f 815/815/812 822/822/819 1983/1983/1939
f 1974/1974/1930 1983/1983/1939 1984/1984/828
f 1976/1976/1932 1993/1993/825 1986/1986/1941
f 1977/1977/1933 1986/1986/1941 829/829/826
f 1987/1987/1942 1989/1989/1944 1979/1979/1935
f 1989/1989/1944 825/825/822 1980/1980/1936
f 826/826/823 1990/1990/1945 1981/1981/1937
f 1990/1990/1945 1998/1998/1952 1982/1982/1938
f 822/822/819 830/830/827 1991/1991/1946
f 1983/1983/1939 1991/1991/1946 1992/1992/1947
f 1993/1993/825 2001/2001/833 1994/1994/1948
f 1986/1986/1941 1994/1994/1948 837/837/834
f 1995/1995/1949 1996/1996/1950 1989/1989/1944
f 1996/1996/1950 833/833/830 825/825/822
f 834/834/831 1997/1997/1951 1990/1990/1945
f 1997/1997/1951 2006/2006/1959 1998/1998/1952
f 830/830/827 838/838/835 1999/1999/1953
f 1991/1991/1946 1999/1999/1953 2000/2000/1954
f 2001/2001/833 2009/2009/1962 2002/2002/1955
f 1994/1994/1948 2002/2002/1955 845/845/842
f 2003/2003/1956 2004/2004/1957 1996/1996/1950
f 2004/2004/1957 841/841/838 833/833/830
f 842/842/839 2005/2005/1958 1997/1997/1951
f 2005/2005/1958 2014/2014/1967 2006/2006/1959
f 838/838/835 846/846/843 2007/2007/1960
f 1999/1999/1953 2007/2007/1960 2008/2008/1961
f 2009/2009/1962 2017/2017/1970 2010/2010/1963
f 2002/2002/1955 2010/2010/1963 852/852/849
f 2011/2011/1964 2012/2012/1965 2004/2004/1957
f 2012/2012/1965 848/848/845 841/841/838
f 849/849/846 2013/2013/1966 2005/2005/1958
f 2013/2013/1966 2022/2022/1975 2014/2014/1967
f 846/846/843 853/853/850 2015/2015/1968
f 2007/2007/1960 2015/2015/1968 2016/2016/1969
f 2017/2017/1970 2025/2025/856 2018/2018/1971
f 2010/2010/1963 2018/2018/1971 860/860/857
f 2019/2019/1972 2020/2020/1973 2012/2012/1965
f 2020/2020/1973 856/856/853 848/848/845
f 857/857/854 2021/2021/1974 2013/2013/1966
f 2021/2021/1974 2030/2030/1982 2022/2022/1975
f 853/853/850 861/861/858 2023/2023/1976
f 2015/2015/1968 2023/2023/1976 2024/2024/1977
f 2025/2025/856 2033/2033/1985 2026/2026/1978
f 2018/2018/1971 2026/2026/1978 867/867/864
f 2027/2027/1979 2028/2028/1980 2020/2020/1973
f 2028/2028/1980 864/864/861 856/856/853
f 865/865/862 2029/2029/1981 2021/2021/1974
f 2029/2029/1981 2038/2038/1990 2030/2030/1982
f 861/861/858 868/868/865 2031/2031/1983
f 2023/2023/1976 2031/2031/1983 2032/2032/1984
f 2033/2033/1985 2041/2041/1993 2034/2034/1986
f 2026/2026/1978 2034/2034/1986 875/875/872
f 2035/2035/1987 2036/2036/1988 2028/2028/1980
f 2036/2036/1988 871/871/868 864/864/861
f 872/872/869 2037/2037/1989 2029/2029/1981
f 2037/2037/1989 2046/2046/1997 2038/2038/1990
f 868/868/865 876/876/873 2039/2039/1991
f 2031/2031/1983 2039/2039/1991 2040/2040/1992
f 2041/2041/1993 2049/2049/2000 2042/2042/1994
f 2034/2034/1986 2042/2042/1994 883/883/880
f 2043/2043/875 2044/2044/1995 2036/2036/1988
f 2044/2044/1995 879/879/876 871/871/868
f 880/880/877 2045/2045/1996 2037/2037/1989
f 2045/2045/1996 2054/2054/2004 2046/2046/1997
f 876/876/873 884/884/881 2047/2047/1998
f 2039/2039/1991 2047/2047/1998 2048/2048/1999
f 2049/2049/2000 2057/2057/886 2050/2050/2001
f 2042/2042/1994 2050/2050/2001 890/890/887
f 2051/2051/882 2052/2052/2002 2044/2044/1995
f 2052/2052/2002 886/886/883 879/879/876
f 887/887/884 2053/2053/2003 2045/2045/1996
f 2053/2053/2003 2062/2062/2011 2054/2054/2004
f 884/884/881 891/891/888 2055/2055/2005
f 2047/2047/1998 2055/2055/2005 2056/2056/2006
f 2057/2057/886 2065/2065/2014 2058/2058/2007
f 2050/2050/2001 2058/2058/2007 898/898/411
f 2059/2059/2008 2060/2060/2009 2052/2052/2002
f 2060/2060/2009 894/894/891 886/886/883
f 895/895/892 2061/2061/2010 2053/2053/2003
f 2061/2061/2010 2070/2070/2019 2062/2062/2011
f 891/891/888 899/899/895 2063/2063/2012
f 2055/2055/2005 2063/2063/2012 2064/2064/2013
f 2065/2065/2014 2073/2073/2022 2066/2066/2015
f 2058/2058/2007 2066/2066/2015 906/906/902
f 2067/2067/2016 2068/2068/2017 2060/2060/2009
f 2068/2068/2017 902/902/898 894/894/891
f 903/903/899 2069/2069/2018 2061/2061/2010
f 2069/2069/2018 2079/2079/900 2070/2070/2019
f 899/899/895 907/907/903 2071/2071/2020
f 2063/2063/2012 2071/2071/2020 2072/2072/2021
f 2073/2073/2022 2082/2082/2030 2074/2074/2023
f 2066/2066/2015 2074/2074/2023 2075/2075/2024
f 2076/2076/2025 2077/2077/2026 2068/2068/2017
f 2077/2077/2026 910/910/906 902/902/898
f 911/911/907 2078/2078/2027 2069/2069/2018
f 2078/2078/2027 2087/2087/908 2079/2079/900
f 915/915/911 2080/2080/2028 2071/2071/2020
f 2080/2080/2028 2089/2089/2035 2072/2072/2021
f 2081/2081/2029 2083/2083/2031 2074/2074/2023
f 2083/2083/2031 914/914/910 2075/2075/2024
f 2076/2076/2025 2092/2092/2038 2084/2084/2032
f 2077/2077/2026 2084/2084/2032 924/924/920
f 911/911/907 918/918/914 2085/2085/2033
f 2078/2078/2027 2085/2085/2033 2086/2086/922
f 921/921/917 2088/2088/2034 2080/2080/2028
f 2088/2088/2034 2099/2099/2045 2089/2089/2035
f 2090/2090/2036 2091/2091/2037 2083/2083/2031
f 2091/2091/2037 920/920/916 914/914/910
f 2092/2092/2038 2102/2102/919 2093/2093/2039
f 2084/2084/2032 2093/2093/2039 2094/2094/2040
f 918/918/914 925/925/921 2095/2095/2041
f 2085/2085/2033 2095/2095/2041 2096/2096/2042
f 921/921/917 928/928/924 2097/2097/2043
f 2088/2088/2034 2097/2097/2043 2098/2098/2044
f 2090/2090/2036 2107/2107/2051 2100/2100/2046
f 2091/2091/2037 2100/2100/2046 934/934/930
f 2101/2101/925 2103/2103/2047 2093/2093/2039
f 2103/2103/2047 930/930/926 2094/2094/2040
f 931/931/927 2104/2104/2048 2095/2095/2041
f 2104/2104/2048 2112/2112/2056 2096/2096/2042
f 928/928/924 935/935/931 2105/2105/2049
f 2097/2097/2043 2105/2105/2049 2106/2106/2050
f 2107/2107/2051 2115/2115/2059 2108/2108/2052
f 2100/2100/2046 2108/2108/2052 941/941/937
f 2109/2109/2053 2110/2110/2054 2103/2103/2047
f 2110/2110/2054 938/938/934 930/930/926
f 939/939/935 2111/2111/2055 2104/2104/2048
f 2111/2111/2055 2120/2120/2064 2112/2112/2056
f 935/935/931 942/942/938 2113/2113/2057
f 2105/2105/2049 2113/2113/2057 2114/2114/2058
f 2115/2115/2059 2123/2123/2067 2116/2116/2060
f 2108/2108/2052 2116/2116/2060 949/949/945
f 2117/2117/2061 2118/2118/2062 2110/2110/2054
f 2118/2118/2062 945/945/941 938/938/934
f 946/946/942 2119/2119/2063 2111/2111/2055
f 2119/2119/2063 2128/2128/2072 2120/2120/2064
f 942/942/938 950/950/946 2121/2121/2065
f 2113/2113/2057 2121/2121/2065 2122/2122/2066
f 2123/2123/2067 2131/2131/2075 2124/2124/2068
f 2116/2116/2060 2124/2124/2068 956/956/952
f 2125/2125/2069 2126/2126/2070 2118/2118/2062
f 2126/2126/2070 952/952/948 945/945/941
f 953/953/949 2127/2127/2071 2119/2119/2063
f 2127/2127/2071 2136/2136/2079 2128/2128/2072
f 950/950/946 957/957/953 2129/2129/2073
f 2121/2121/2065 2129/2129/2073 2130/2130/2074
f 2131/2131/2075 2139/2139/2082 2132/2132/2076
f 2124/2124/2068 2132/2132/2076 964/964/960
f 2133/2133/955 2134/2134/2077 2126/2126/2070
f 2134/2134/2077 960/960/956 952/952/948
f 961/961/957 2135/2135/2078 2127/2127/2071
f 2135/2135/2078 2144/2144/2087 2136/2136/2079
f 957/957/953 965/965/961 2137/2137/2080
f 2129/2129/2073 2137/2137/2080 2138/2138/2081
f 2139/2139/2082 2147/2147/2090 2140/2140/2083
f 2132/2132/2076 2140/2140/2083 970/970/966
f 2141/2141/2084 2142/2142/2085 2134/2134/2077
f 2142/2142/2085 967/967/963 960/960/956
f 968/968/964 2143/2143/2086 2135/2135/2078
f 2143/2143/2086 2152/2152/2095 2144/2144/2087
f 965/965/961 971/971/967 2145/2145/2088
f 2137/2137/2080 2145/2145/2088 2146/2146/2089
f 2147/2147/2090 2155/2155/2098 2148/2148/2091
f 2140/2140/2083 2148/2148/2091 978/978/974
f 2149/2149/2092 2150/2150/2093 2142/2142/2085
f 2150/2150/2093 974/974/970 967/967/963
f 975/975/971 2151/2151/2094 2143/2143/2086
f 2151/2151/2094 2160/2160/2103 2152/2152/2095
f 971/971/967 979/979/975 2153/2153/2096
f 2145/2145/2088 2153/2153/2096 2154/2154/2097
f 2155/2155/2098 2163/2163/2105 2156/2156/2099
f 2148/2148/2091 2156/2156/2099 986/986/981
f 2157/2157/2100 2158/2158/2101 2150/2150/2093
f 2158/2158/2101 982/982/978 974/974/970
f 983/983/979 2159/2159/2102 2151/2151/2094
f 2159/2159/2102 2168/2168/526 2160/2160/2103
f 979/979/975 987/987/982 2161/2161/2104
f 2153/2153/2096 2161/2161/2104 2162/2162/983
f 2163/2163/2105 2171/2171/2112 2164/2164/2106
f 2156/2156/2099 2164/2164/2106 994/994/989
f 2165/2165/2107 2166/2166/2108 2158/2158/2101
f 2166/2166/2108 990/990/985 982/982/978
f 991/991/986 2167/2167/2109 2159/2159/2102
f 2167/2167/2109 2176/2176/2117 2168/2168/526
f 987/987/982 995/995/990 2169/2169/2110
f 2161/2161/2104 2169/2169/2110 2170/2170/2111
f 2171/2171/2112 2179/2179/2119 2172/2172/2113
f 2164/2164/2106 2172/2172/2113 1000/1000/995
f 2173/2173/2114 2174/2174/2115 2166/2166/2108
f 2174/2174/2115 997/997/992 990/990/985
f 998/998/993 2175/2175/2116 2167/2167/2109
f 2175/2175/2116 2184/2184/2123 2176/2176/2117
f 995/995/990 1001/1001/996 2177/2177/2118
f 2169/2169/2110 2177/2177/2118 2178/2178/997
f 2179/2179/2119 2187/2187/2126 2180/2180/2120
f 2172/2172/2113 2180/2180/2120 1008/1008/1003
f 2181/2181/998 2182/2182/2121 2174/2174/2115
f 2182/2182/2121 1004/1004/999 997/997/992
f 1005/1005/1000 2183/2183/2122 2175/2175/2116
f 2183/2183/2122 2193/2193/2132 2184/2184/2123
f 1001/1001/996 1009/1009/1004 2185/2185/2124
f 2177/2177/2118 2185/2185/2124 2186/2186/2125
f 2187/2187/2126 2196/2196/2134 2188/2188/2127
f 2180/2180/2120 2188/2188/2127 2189/2189/2128
f 2190/2190/2129 2191/2191/2130 2182/2182/2121
f 2191/2191/2130 1011/1011/1006 1004/1004/999
f 1012/1012/1007 2192/2192/2131 2183/2183/2122
f 2192/2192/2131 2201/2201/2139 2193/2193/2132
f 1016/1016/1011 2194/2194/2133 2185/2185/2124
f 2194/2194/2133 2203/2203/2141 2186/2186/2125
f 2195/2195/1016 2197/2197/2135 2188/2188/2127
f 2197/2197/2135 1015/1015/1010 2189/2189/2128
f 2190/2190/2129 2206/2206/2144 2198/2198/2136
f 2191/2191/2130 2198/2198/2136 1025/1025/1020
f 1012/1012/1007 1019/1019/1014 2199/2199/2137
f 2192/2192/2131 2199/2199/2137 2200/2200/2138
f 1023/1023/1018 2202/2202/2140 2194/2194/2133
f 2202/2202/2140 2211/2211/2149 2203/2203/2141
f 2204/2204/2142 2205/2205/2143 2197/2197/2135
f 2205/2205/2143 1022/1022/1017 1015/1015/1010
f 2206/2206/2144 2214/2214/1019 2207/2207/2145
f 2198/2198/2136 2207/2207/2145 1033/1033/1028
f 1019/1019/1014 1026/1026/1021 2208/2208/2146
f 2199/2199/2137 2208/2208/2146 2209/2209/2147
f 1030/1030/1025 2210/2210/2148 2202/2202/2140
f 2210/2210/2148 2219/2219/1026 2211/2211/2149
f 2212/2212/2150 2213/2213/2151 2205/2205/2143
f 2213/2213/2151 1029/1029/1024 1022/1022/1017
f 2214/2214/1019 2222/2222/1027 2215/2215/2152
f 2207/2207/2145 2215/2215/2152 1040/1040/1035
f 1026/1026/1021 1034/1034/1029 2216/2216/2153
f 2208/2208/2146 2216/2216/2153 2217/2217/2154
f 1037/1037/1032 2218/2218/2155 2210/2210/2148
f 2218/2218/2155 2227/2227/2162 2219/2219/1026
f 2220/2220/2156 2221/2221/2157 2213/2213/2151
f 2221/2221/2157 1036/1036/1031 1029/1029/1024
f 2222/2222/1027 2230/2230/2165 2223/2223/2158
f 2215/2215/2152 2223/2223/2158 1048/1048/1043
f 1034/1034/1029 1041/1041/1036 2224/2224/2159
f 2216/2216/2153 2224/2224/2159 2225/2225/2160
f 1045/1045/1040 2226/2226/2161 2218/2218/2155
f 2226/2226/2161 2235/2235/2170 2227/2227/2162
f 2228/2228/2163 2229/2229/2164 2221/2221/2157
f 2229/2229/2164 1044/1044/1039 1036/1036/1031
f 2230/2230/2165 2238/2238/2173 2231/2231/2166
f 2223/2223/2158 2231/2231/2166 1055/1055/1050
f 1041/1041/1036 1049/1049/1044 2232/2232/2167
f 2224/2224/2159 2232/2232/2167 2233/2233/2168
f 1053/1053/1048 2234/2234/2169 2226/2226/2161
f 2234/2234/2169 2243/2243/2178 2235/2235/2170
f 2236/2236/2171 2237/2237/2172 2229/2229/2164
f 2237/2237/2172 1052/1052/1047 1044/1044/1039
f 2238/2238/2173 2246/2246/2181 2239/2239/2174
f 2231/2231/2166 2239/2239/2174 1063/1063/1058
f 1049/1049/1044 1056/1056/1051 2240/2240/2175
f 2232/2232/2167 2240/2240/2175 2241/2241/2176
f 1060/1060/1055 2242/2242/2177 2234/2234/2169
f 2242/2242/2177 2251/2251/2186 2243/2243/2178
f 2244/2244/2179 2245/2245/2180 2237/2237/2172
f 2245/2245/2180 1059/1059/1054 1052/1052/1047
f 2246/2246/2181 2254/2254/1057 2247/2247/2182
f 2239/2239/2174 2247/2247/2182 1071/1071/1066
f 1056/1056/1051 1064/1064/1059 2248/2248/2183
f 2240/2240/2175 2248/2248/2183 2249/2249/2184
f 1068/1068/1063 2250/2250/2185 2242/2242/2177
f 2250/2250/2185 2259/2259/2193 2251/2251/2186
f 2252/2252/2187 2253/2253/2188 2245/2245/2180
f 2253/2253/2188 1067/1067/1062 1059/1059/1054
f 2254/2254/1057 2262/2262/2196 2255/2255/2189
f 2247/2247/2182 2255/2255/2189 1079/1079/1074
f 1064/1064/1059 1072/1072/1067 2256/2256/2190
f 2248/2248/2183 2256/2256/2190 2257/2257/2191
f 1076/1076/1071 2258/2258/2192 2250/2250/2185
f 2258/2258/2192 2267/2267/2201 2259/2259/2193
f 2260/2260/2194 2261/2261/2195 2253/2253/2188
f 2261/2261/2195 1075/1075/1070 1067/1067/1062
f 2262/2262/2196 2270/2270/1073 2263/2263/2197
f 2255/2255/2189 2263/2263/2197 1085/1085/1080
f 1072/1072/1067 1080/1080/1075 2264/2264/2198
f 2256/2256/2190 2264/2264/2198 2265/2265/2199
f 1083/1083/1078 2266/2266/2200 2258/2258/2192
f 2266/2266/2200 2277/2277/2210 2267/2267/2201
f 2268/2268/2202 2269/2269/2203 2261/2261/2195
f 2269/2269/2203 1082/1082/1077 1075/1075/1070
f 2270/2270/1073 2280/2280/2213 2271/2271/2204
f 2263/2263/2197 2271/2271/2204 2272/2272/2205
f 1080/1080/1075 1086/1086/1081 2273/2273/2206
f 2264/2264/2198 2273/2273/2206 2274/2274/2207
f 1083/1083/1078 1089/1089/1084 2275/2275/2208
f 2266/2266/2200 2275/2275/2208 2276/2276/2209
f 2268/2268/2202 2285/2285/2217 2278/2278/2211
f 2269/2269/2203 2278/2278/2211 1096/1096/1091
f 2279/2279/2212 2281/2281/2214 2271/2271/2204
f 2281/2281/2214 1092/1092/1087 2272/2272/2205
f 1093/1093/1088 2282/2282/2215 2273/2273/2206
f 2282/2282/2215 2291/2291/2223 2274/2274/2207
f 1089/1089/1084 1097/1097/1092 2283/2283/2216
f 2275/2275/2208 2283/2283/2216 2284/2284/1093
f 2285/2285/2217 2294/2294/2226 2286/2286/2218
f 2278/2278/2211 2286/2286/2218 2287/2287/2219
f 2288/2288/2220 2289/2289/2221 2281/2281/2214
f 2289/2289/2221 1100/1100/1095 1092/1092/1087
f 1101/1101/1096 2290/2290/2222 2282/2282/2215
f 2290/2290/2222 2299/2299/2231 2291/2291/2223
f 1105/1105/1100 2292/2292/2224 2283/2283/2216
f 2292/2292/2224 2301/2301/2233 2284/2284/1093
f 2293/2293/2225 2295/2295/2227 2286/2286/2218
f 2295/2295/2227 1104/1104/1099 2287/2287/2219
f 2288/2288/2220 2304/2304/1102 2296/2296/2228
f 2289/2289/2221 2296/2296/2228 1114/1114/1109
f 1101/1101/1096 1108/1108/1103 2297/2297/2229
f 2290/2290/2222 2297/2297/2229 2298/2298/2230
f 1112/1112/1107 2300/2300/2232 2292/2292/2224
f 2300/2300/2232 2309/2309/2240 2301/2301/2233
f 2302/2302/2234 2303/2303/2235 2295/2295/2227
f 2303/2303/2235 1111/1111/1106 1104/1104/1099
f 2304/2304/1102 2312/2312/2243 2305/2305/2236
f 2296/2296/2228 2305/2305/2236 1122/1122/1117
f 1108/1108/1103 1115/1115/1110 2306/2306/2237
f 2297/2297/2229 2306/2306/2237 2307/2307/2238
f 1119/1119/1114 2308/2308/2239 2300/2300/2232
f 2308/2308/2239 2317/2317/2248 2309/2309/2240
f 2310/2310/2241 2311/2311/2242 2303/2303/2235
f 2311/2311/2242 1118/1118/1113 1111/1111/1106
f 2312/2312/2243 2320/2320/1116 2313/2313/2244
f 2305/2305/2236 2313/2313/2244 1130/1130/1125
f 1115/1115/1110 1123/1123/1118 2314/2314/2245
f 2306/2306/2237 2314/2314/2245 2315/2315/2246
f 1127/1127/1122 2316/2316/2247 2308/2308/2239
f 2316/2316/2247 2325/2325/2255 2317/2317/2248
f 2318/2318/2249 2319/2319/2250 2311/2311/2242
f 2319/2319/2250 1126/1126/1121 1118/1118/1113
f 2320/2320/1116 2328/2328/2257 2321/2321/2251
f 2313/2313/2244 2321/2321/2251 1138/1138/1133
f 1123/1123/1118 1131/1131/1126 2322/2322/2252
f 2314/2314/2245 2322/2322/2252 2323/2323/2253
f 1135/1135/1130 2324/2324/2254 2316/2316/2247
f 2324/2324/2254 2333/2333/2262 2325/2325/2255
f 2326/2326/1135 2327/2327/2256 2319/2319/2250
f 2327/2327/2256 1134/1134/1129 1126/1126/1121
f 2328/2328/2257 2336/2336/2265 2329/2329/2258
f 2321/2321/2251 2329/2329/2258 1145/1145/1140
f 1131/1131/1126 1139/1139/1134 2330/2330/2259
f 2322/2322/2252 2330/2330/2259 2331/2331/2260
f 1142/1142/1137 2332/2332/2261 2324/2324/2254
f 2332/2332/2261 2341/2341/2269 2333/2333/2262
f 2334/2334/2263 2335/2335/2264 2327/2327/2256
f 2335/2335/2264 1141/1141/1136 1134/1134/1129
f 2336/2336/2265 2344/2344/1139 2337/2337/2266
f 2329/2329/2258 2337/2337/2266 1152/1152/1147
f 1139/1139/1134 1146/1146/1141 2338/2338/2267
f 2330/2330/2259 2338/2338/2267 2339/2339/1149
f 1150/1150/1145 2340/2340/2268 2332/2332/2261
f 2340/2340/2268 2349/2349/2275 2341/2341/2269
f 2342/2342/1150 2343/2343/2270 2335/2335/2264
f 2343/2343/2270 1149/1149/1144 1141/1141/1136
f 2344/2344/1139 2352/2352/2278 2345/2345/2271
f 2337/2337/2266 2345/2345/2271 1160/1160/1155
f 1146/1146/1141 1153/1153/1148 2346/2346/2272
f 2338/2338/2267 2346/2346/2272 2347/2347/2273
f 1157/1157/1152 2348/2348/2274 2340/2340/2268
f 2348/2348/2274 2357/2357/2283 2349/2349/2275
f 2350/2350/2276 2351/2351/2277 2343/2343/2270
f 2351/2351/2277 1156/1156/1151 1149/1149/1144
f 2352/2352/2278 2360/2360/2286 2353/2353/2279
f 2345/2345/2271 2353/2353/2279 1168/1168/1163
f 1153/1153/1148 1161/1161/1156 2354/2354/2280
f 2346/2346/2272 2354/2354/2280 2355/2355/2281
f 1165/1165/1160 2356/2356/2282 2348/2348/2274
f 2356/2356/2282 2365/2365/2291 2357/2357/2283
f 2358/2358/2284 2359/2359/2285 2351/2351/2277
f 2359/2359/2285 1164/1164/1159 1156/1156/1151
f 2360/2360/2286 2368/2368/2294 2361/2361/2287
f 2353/2353/2279 2361/2361/2287 1176/1176/1171
f 1161/1161/1156 1169/1169/1164 2362/2362/2288
f 2354/2354/2280 2362/2362/2288 2363/2363/2289
f 1173/1173/1168 2364/2364/2290 2356/2356/2282
f 2364/2364/2290 2375/2375/2301 2365/2365/2291
f 2366/2366/2292 2367/2367/2293 2359/2359/2285
f 2367/2367/2293 1172/1172/1167 1164/1164/1159
f 2368/2368/2294 2378/2378/2304 2369/2369/2295
f 2361/2361/2287 2369/2369/2295 2370/2370/2296
f 1169/1169/1164 1177/1177/1172 2371/2371/2297
f 2362/2362/2288 2371/2371/2297 2372/2372/2298
f 1173/1173/1168 1179/1179/1174 2373/2373/2299
f 2364/2364/2290 2373/2373/2299 2374/2374/2300
f 2366/2366/2292 2381/2381/1179 2376/2376/2302
f 2367/2367/2293 2376/2376/2302 1185/1185/1180
f 2377/2377/2303 2379/2379/2305 2369/2369/2295
f 2379/2379/2305 1181/1181/1176 2370/2370/2296
f 1182/1182/1177 2380/2380/2306 2371/2371/2297
f 2380/2380/2306 2387/2387/2312 2372/2372/2298
f 1179/1179/1174 1186/1186/1181 1480/1480/1475
f 2373/2373/2299 1480/1480/1475 1482/1482/1477
f 2381/2381/1179 2389/2389/2314 2382/2382/2307
f 2376/2376/2302 2382/2382/2307 2383/2383/2308
f 1488/1488/1483 1487/1487/1482 2379/2379/2305
f 1487/1487/1482 1189/1189/1184 1181/1181/1176
f 1417/1417/1412 2385/2385/2310 2384/2384/2309
f 2385/2385/2310 1188/1188/1183 1187/1187/1182
f 1190/1190/1185 2386/2386/2311 2380/2380/2306
f 2386/2386/2311 2393/2393/2318 2387/2387/2312
f 2388/2388/2313 2390/2390/2315 2382/2382/2307
f 2390/2390/2315 2396/2396/2321 2383/2383/2308
f 1190/1190/1185 2397/2397/2322 2391/2391/2316
f 2386/2386/2311 2391/2391/2316 2392/2392/2317
f 2394/2394/2319 2395/2395/2320 2390/2390/2315
f 2395/2395/2320 1211/1211/1206 2396/2396/2321
f 2397/2397/2322 1206/1206/1201 2398/2398/2323
f 2391/2391/2316 2398/2398/2323 2399/2399/2324
f 1212/1212/1207 1213/1213/1208 2400/2400/2325
f 2401/2401/2326 2400/2400/2325 2402/2402/1211
f 2394/2394/2319 2699/2699/2604 2404/2404/2328
f 2395/2395/2320 2404/2404/2328 2405/2405/2329
f 2406/2406/2330 2409/2409/2333 2407/2407/2331
f 2409/2409/2333 1205/1205/1200 1207/1207/1202
f 2410/2410/2334 2411/2411/2335 2398/2398/2323
f 2411/2411/2335 2700/2700/2605 2399/2399/2324
f 712/712/709 711/711/708 2412/2412/2336
f 1476/1476/1471 2412/2412/2336 2413/2413/2337
f 1465/1465/1460 2420/2420/2344 2414/2414/2338
f 1467/1467/1462 2414/2414/2338 1214/1214/1209
f 2415/2415/2339 2416/2416/2340 1471/1471/1466
f 2416/2416/2340 1414/1414/1409 1415/1415/1410
f 1235/1235/1230 2417/2417/2341 1460/1460/1455
f 2417/2417/2341 2425/2425/2349 1461/1461/1456
f 711/711/708 1215/1215/1210 2418/2418/2342
f 2412/2412/2336 2418/2418/2342 2419/2419/2343
f 2420/2420/2344 2428/2428/2352 2421/2421/2345
f 2414/2414/2338 2421/2421/2345 1242/1242/1237
f 2422/2422/2346 2423/2423/2347 2416/2416/2340
f 2423/2423/2347 1236/1236/1231 1414/1414/1409
f 1237/1237/1232 2424/2424/2348 2417/2417/2341
f 2424/2424/2348 2434/2434/2358 2425/2425/2349
f 1215/1215/1210 1243/1243/1238 2426/2426/2350
f 2418/2418/2342 2426/2426/2350 2427/2427/2351
f 2428/2428/2352 2437/2437/2361 2429/2429/2353
f 2421/2421/2345 2429/2429/2353 2430/2430/2354
f 2431/2431/2355 2432/2432/2356 2423/2423/2347
f 2432/2432/2356 1248/1248/1243 1236/1236/1231
f 1249/1249/1244 2433/2433/2357 2424/2424/2348
f 2433/2433/2357 2442/2442/2366 2434/2434/2358
f 1251/1251/1246 2435/2435/2359 2426/2426/2350
f 2435/2435/2359 2444/2444/2368 2427/2427/2351
f 2436/2436/2360 2438/2438/2362 2429/2429/2353
f 2438/2438/2362 1250/1250/1245 2430/2430/2354
f 2431/2431/2355 2447/2447/2371 2439/2439/2363
f 2432/2432/2356 2439/2439/2363 1263/1263/1258
f 1249/1249/1244 1256/1256/1251 2440/2440/2364
f 2433/2433/2357 2440/2440/2364 2441/2441/2365
f 1258/1258/1253 2443/2443/2367 2435/2435/2359
f 2443/2443/2367 2452/2452/2376 2444/2444/2368
f 2445/2445/2369 2446/2446/2370 2438/2438/2362
f 2446/2446/2370 1257/1257/1252 1250/1250/1245
f 2447/2447/2371 2455/2455/2379 2448/2448/2372
f 2439/2439/2363 2448/2448/2372 1269/1269/1264
f 1256/1256/1251 1264/1264/1259 2449/2449/2373
f 2440/2440/2364 2449/2449/2373 2450/2450/2374
f 1266/1266/1261 2451/2451/2375 2443/2443/2367
f 2451/2451/2375 2460/2460/2384 2452/2452/2376
f 2453/2453/2377 2454/2454/2378 2446/2446/2370
f 2454/2454/2378 1265/1265/1260 1257/1257/1252
f 2455/2455/2379 2463/2463/2387 2456/2456/2380
f 2448/2448/2372 2456/2456/2380 1275/1275/1270
f 1264/1264/1259 1270/1270/1265 2457/2457/2381
f 2449/2449/2373 2457/2457/2381 2458/2458/2382
f 1272/1272/1267 2459/2459/2383 2451/2451/2375
f 2459/2459/2383 2468/2468/2392 2460/2460/2384
f 2461/2461/2385 2462/2462/2386 2454/2454/2378
f 2462/2462/2386 1271/1271/1266 1265/1265/1260
f 2463/2463/2387 2471/2471/2395 2464/2464/2388
f 2456/2456/2380 2464/2464/2388 1281/1281/1276
f 1270/1270/1265 1276/1276/1271 2465/2465/2389
f 2457/2457/2381 2465/2465/2389 2466/2466/2390
f 1278/1278/1273 2467/2467/2391 2459/2459/2383
f 2467/2467/2391 2633/2633/2551 2468/2468/2392
f 2469/2469/2393 2470/2470/2394 2462/2462/2386
f 2470/2470/2394 1277/1277/1272 1271/1271/1266
f 2471/2471/2395 2632/2632/2550 2472/2472/2396
f 2464/2464/2388 2472/2472/2396 1419/1419/1414
f 1276/1276/1271 1282/1282/1277 2473/2473/2397
f 2465/2465/2389 2473/2473/2397 2474/2474/2398
f 2475/2475/2399 2620/2620/2538 2476/2476/2400
f 2477/2477/2401 2476/2476/2400 1225/1225/1220
f 1412/1412/1407 2480/2480/2404 2479/2479/2403
f 2480/2480/2404 2613/2613/1278 2481/2481/2405
f 1210/1210/1205 2482/2482/2406 2407/2407/2331
f 2482/2482/2406 2484/2484/2408 2408/2408/2332
f 1196/1196/1191 2483/2483/2407 2482/2482/2406
f 2483/2483/2407 2489/2489/2413 2484/2484/2408
f 2485/2485/2409 2491/2491/2415 2486/2486/2410
f 2487/2487/2411 2486/2486/2410 1291/1291/1286
f 1198/1198/1193 2488/2488/2412 2483/2483/2407
f 2488/2488/2412 2496/2496/2420 2489/2489/2413
f 1292/1292/1287 2490/2490/2414 1484/1484/1479
f 2490/2490/2414 2504/2504/2428 1485/1485/1480
f 2491/2491/2415 2501/2501/2425 2492/2492/2416
f 2486/2486/2410 2492/2492/2416 2493/2493/2417
f 1198/1198/1193 1288/1288/1283 2494/2494/2418
f 2488/2488/2412 2494/2494/2418 2495/2495/2419
f 2497/2497/2421 2507/2507/2431 2498/2498/2422
f 2499/2499/2423 2498/2498/2422 1299/1299/1294
f 2500/2500/2424 2502/2502/2426 2492/2492/2416
f 2502/2502/2426 1294/1294/1289 2493/2493/2417
f 1295/1295/1290 2503/2503/2427 2490/2490/2414
f 2503/2503/2427 2512/2512/2436 2504/2504/2428
f 1288/1288/1283 1300/1300/1295 2505/2505/2429
f 2494/2494/2418 2505/2505/2429 2506/2506/2430
f 2507/2507/2431 2515/2515/2439 2508/2508/2432
f 2498/2498/2422 2508/2508/2432 1306/1306/1301
f 2509/2509/2433 2510/2510/2434 2502/2502/2426
f 2510/2510/2434 1303/1303/1298 1294/1294/1289
f 1304/1304/1299 2511/2511/2435 2503/2503/2427
f 2511/2511/2435 2520/2520/2444 2512/2512/2436
f 1300/1300/1295 1307/1307/1302 2513/2513/2437
f 2505/2505/2429 2513/2513/2437 2514/2514/2438
f 2515/2515/2439 2523/2523/1308 2516/2516/2440
f 2508/2508/2432 2516/2516/2440 1314/1314/1309
f 2517/2517/2441 2518/2518/2442 2510/2510/2434
f 2518/2518/2442 1310/1310/1305 1303/1303/1298
f 1311/1311/1306 2519/2519/2443 2511/2511/2435
f 2519/2519/2443 2528/2528/2451 2520/2520/2444
f 1307/1307/1302 1315/1315/1310 2521/2521/2445
f 2513/2513/2437 2521/2521/2445 2522/2522/2446
f 2523/2523/1308 2531/2531/2454 2524/2524/2447
f 2516/2516/2440 2524/2524/2447 1322/1322/1317
f 2525/2525/2448 2526/2526/2449 2518/2518/2442
f 2526/2526/2449 1318/1318/1313 1310/1310/1305
f 1319/1319/1314 2527/2527/2450 2519/2519/2443
f 2527/2527/2450 2537/2537/2459 2528/2528/2451
f 1315/1315/1310 1323/1323/1318 2529/2529/2452
f 2521/2521/2445 2529/2529/2452 2530/2530/2453
f 2531/2531/2454 2540/2540/2462 2532/2532/2455
f 2524/2524/2447 2532/2532/2455 2533/2533/2456
f 2534/2534/1319 2535/2535/2457 2526/2526/2449
f 2535/2535/2457 1325/1325/1320 1318/1318/1313
f 1326/1326/1321 2536/2536/2458 2527/2527/2450
f 2536/2536/2458 2545/2545/2467 2537/2537/2459
f 1330/1330/1325 2538/2538/2460 2529/2529/2452
f 2538/2538/2460 2547/2547/2469 2530/2530/2453
f 2539/2539/2461 2541/2541/2463 2532/2532/2455
f 2541/2541/2463 1329/1329/1324 2533/2533/2456
f 2534/2534/1319 2550/2550/2472 2542/2542/2464
f 2535/2535/2457 2542/2542/2464 1338/1338/1333
f 1326/1326/1321 1333/1333/1328 2543/2543/2465
f 2536/2536/2458 2543/2543/2465 2544/2544/2466
f 1336/1336/1331 2546/2546/2468 2538/2538/2460
f 2546/2546/2468 2555/2555/2477 2547/2547/2469
f 2548/2548/2470 2549/2549/2471 2541/2541/2463
f 2549/2549/2471 1335/1335/1330 1329/1329/1324
f 2550/2550/2472 2558/2558/2480 2551/2551/2473
f 2542/2542/2464 2551/2551/2473 1346/1346/1341
f 1333/1333/1328 1339/1339/1334 2552/2552/2474
f 2543/2543/2465 2552/2552/2474 2553/2553/2475
f 1343/1343/1338 2554/2554/2476 2546/2546/2468
f 2554/2554/2476 2563/2563/2485 2555/2555/2477
f 2556/2556/2478 2557/2557/2479 2549/2549/2471
f 2557/2557/2479 1342/1342/1337 1335/1335/1330
f 2558/2558/2480 2566/2566/2488 2559/2559/2481
f 2551/2551/2473 2559/2559/2481 1354/1354/1349
f 1339/1339/1334 1347/1347/1342 2560/2560/2482
f 2552/2552/2474 2560/2560/2482 2561/2561/2483
f 1351/1351/1346 2562/2562/2484 2554/2554/2476
f 2562/2562/2484 2571/2571/2493 2563/2563/2485
f 2564/2564/2486 2565/2565/2487 2557/2557/2479
f 2565/2565/2487 1350/1350/1345 1342/1342/1337
f 2566/2566/2488 2574/2574/1348 2567/2567/2489
f 2559/2559/2481 2567/2567/2489 1362/1362/1357
f 1347/1347/1342 1355/1355/1350 2568/2568/2490
f 2560/2560/2482 2568/2568/2490 2569/2569/2491
f 1359/1359/1354 2570/2570/2492 2562/2562/2484
f 2570/2570/2492 2579/2579/2500 2571/2571/2493
f 2572/2572/2494 2573/2573/2495 2565/2565/2487
f 2573/2573/2495 1358/1358/1353 1350/1350/1345
f 2574/2574/1348 2582/2582/2502 2575/2575/2496
f 2567/2567/2489 2575/2575/2496 1370/1370/1365
f 1355/1355/1350 1363/1363/1358 2576/2576/2497
f 2568/2568/2490 2576/2576/2497 2577/2577/2498
f 1367/1367/1362 2578/2578/2499 2570/2570/2492
f 2578/2578/2499 2587/2587/2507 2579/2579/2500
f 2580/2580/1368 2581/2581/2501 2573/2573/2495
f 2581/2581/2501 1366/1366/1361 1358/1358/1353
f 2582/2582/2502 2590/2590/2510 2583/2583/2503
f 2575/2575/2496 2583/2583/2503 1378/1378/1373
f 1363/1363/1358 1371/1371/1366 2584/2584/2504
f 2576/2576/2497 2584/2584/2504 2585/2585/2505
f 1375/1375/1370 2586/2586/2506 2578/2578/2499
f 2586/2586/2506 2595/2595/2515 2587/2587/2507
f 2588/2588/2508 2589/2589/2509 2581/2581/2501
f 2589/2589/2509 1374/1374/1369 1366/1366/1361
f 2590/2590/2510 2598/2598/2517 2591/2591/2511
f 2583/2583/2503 2591/2591/2511 1386/1386/1381
f 1371/1371/1366 1379/1379/1374 2592/2592/2512
f 2584/2584/2504 2592/2592/2512 2593/2593/2513
f 1383/1383/1378 2594/2594/2514 2586/2586/2506
f 2594/2594/2514 2603/2603/2522 2595/2595/2515
f 2596/2596/1384 2597/2597/2516 2589/2589/2509
f 2597/2597/2516 1382/1382/1377 1374/1374/1369
f 2598/2598/2517 2604/2604/2523 2599/2599/2518
f 2591/2591/2511 2599/2599/2518 1393/1393/1388
f 1379/1379/1374 1387/1387/1382 2600/2600/2519
f 2592/2592/2512 2600/2600/2519 2601/2601/2520
f 1391/1391/1386 2602/2602/2521 2594/2594/2514
f 2602/2602/2521 2610/2610/2529 2603/2603/2522
f 1500/1500/1495 1499/1499/1494 2597/2597/2516
f 1499/1499/1494 1390/1390/1385 1382/1382/1377
f 2604/2604/2523 2615/2615/2533 2605/2605/2524
f 2599/2599/2518 2605/2605/2524 2606/2606/2525
f 1387/1387/1382 1394/1394/1389 1492/1492/1487
f 2600/2600/2519 1492/1492/1487 1494/1494/1489
f 1279/1279/1274 2701/2701/2606 2607/2607/2526
f 2607/2607/2526 2701/2701/2606 1396/1396/1391
f 1391/1391/1386 1227/1227/1222 2608/2608/2527
f 2602/2602/2521 2608/2608/2527 2609/2609/2528
f 1412/1412/1407 1408/1408/1403 2611/2611/2530
f 2480/2480/2404 2611/2611/2530 2612/2612/2531
f 2614/2614/2532 2616/2616/2534 2605/2605/2524
f 2616/2616/2534 1413/1413/1408 2606/2606/2525
f 1408/1408/1403 1410/1410/1405 2617/2617/2535
f 2611/2611/2530 2617/2617/2535 2618/2618/2536
f 2619/2619/2537 2621/2621/2539 2476/2476/2400
f 2621/2621/2539 1424/1424/1419 1225/1225/1220
f 2622/2622/2540 2623/2623/2541 2621/2621/2539
f 2623/2623/2541 2695/2695/2600 1424/1424/1419
f 1227/1227/1222 1226/1226/1221 2624/2624/2542
f 2608/2608/2527 2624/2624/2542 2625/2625/2543
f 2626/2626/2544 2627/2627/2545 2616/2616/2534
f 2627/2627/2545 1411/1411/1406 1413/1413/1408
f 1226/1226/1221 1425/1425/1420 2628/2628/2546
f 2624/2624/2542 2628/2628/2546 2629/2629/2547
f 2630/2630/2548 2631/2631/2549 2627/2627/2545
f 2631/2631/2549 1409/1409/1404 1411/1411/1406
f 2403/2403/2327 2485/2485/2409 2487/2487/2411
f 2401/2401/2326 2487/2487/2411 1193/1193/1188
f 1490/1490/1485 2497/2497/2421 2499/2499/2423
f 1489/1489/1484 2499/2499/2423 1197/1197/1192
f 2469/2469/2393 2475/2475/2399 2477/2477/2401
f 2470/2470/2394 2477/2477/2401 2478/2478/2402
f 1420/1420/1415 2479/2479/2403 2473/2473/2397
f 2479/2479/2403 2481/2481/2405 2474/2474/2398
f 2632/2632/2550 1497/1497/1492 1496/1496/1491
f 2472/2472/2396 1496/1496/1491 1418/1418/1413
f 1422/1422/1417 1501/1501/1496 2467/2467/2391
f 1501/1501/1496 1502/1502/1497 2633/2633/2551
f 2634/2634/1504 2702/2702/2607 2635/2635/2552
f 2703/2703/2608 2704/2704/2609 2705/2705/2610
f 2706/2706/1422 2707/2707/394 2708/2708/2611
f 2709/2709/393 2710/2710/2612 2711/2711/2613
f 2712/2712/390 2713/2713/2614 2714/2714/2615
f 2704/2704/2609 2715/2715/397 2716/2716/398
f 2707/2707/394 2717/2717/2616 2718/2718/2617
f 2719/2719/2618 2711/2711/2613 2720/2720/2619
f 2721/2721/2620 2714/2714/2615 2722/2722/2621
f 2715/2715/397 2723/2723/405 2724/2724/406
f 2717/2717/2616 2725/2725/2622 2726/2726/888
f 2727/2727/2623 2720/2720/2619 2728/2728/2624
f 2729/2729/892 2722/2722/2621 2730/2730/2625
f 2724/2724/406 2723/2723/405 2731/2731/2626
f 2725/2725/2622 2732/2732/2627 2733/2733/2628
f 2734/2734/2629 2728/2728/2624 2735/2735/2630
f 2736/2736/2631 2730/2730/2625 2737/2737/2632
f 2738/2738/413 2731/2731/2626 2739/2739/2555
f 2732/2732/2627 2740/2740/426 2741/2741/2633
f 2735/2735/2630 2742/2742/424 2743/2743/2634
f 2744/2744/423 2737/2737/2632 2745/2745/430
f 2739/2739/2555 2746/2746/428 2747/2747/429
f 2740/2740/426 2748/2748/2635 2749/2749/2636
f 2743/2743/2634 2742/2742/424 2750/2750/2637
f 2745/2745/430 2751/2751/2638 2752/2752/2639
f 2747/2747/429 2746/2746/428 2753/2753/2640
f 2749/2749/2636 2748/2748/2635 2754/2754/2641
f 2755/2755/2642 2750/2750/2637 2756/2756/2643
f 2751/2751/2638 2757/2757/2644 2758/2758/444
f 2753/2753/2640 2759/2759/1560 2760/2760/2645
f 2761/2761/2646 2754/2754/2641 2762/2762/439
f 2756/2756/2643 2763/2763/445 2764/2764/2647
f 2757/2757/2644 2765/2765/457 2766/2766/2648
f 2760/2760/2645 2759/2759/1560 2767/2767/2649
f 2768/2768/2650 2762/2762/439 2769/2769/2651
f 2764/2764/2647 2763/2763/445 2770/2770/2652
f 2765/2765/457 2771/2771/2653 2772/2772/458
f 2773/2773/2654 2767/2767/2649 2774/2774/2655
f 2775/2775/2656 2769/2769/2651 2776/2776/2657
f 2777/2777/2658 2770/2770/2652 2778/2778/2659
f 2771/2771/2653 2779/2779/473 2780/2780/2660
f 2781/2781/2661 2774/2774/2655 2782/2782/2662
f 2783/2783/2663 2776/2776/2657 2784/2784/2664
f 2778/2778/2659 2785/2785/467 2786/2786/468
f 2779/2779/473 2787/2787/479 2788/2788/474
f 2782/2782/2662 2789/2789/471 2790/2790/2665
f 2791/2791/2666 2784/2784/2664 2792/2792/469
f 2786/2786/468 2785/2785/467 2793/2793/2667
f 2787/2787/479 2794/2794/2668 2795/2795/480
f 2790/2790/2665 2789/2789/471 2796/2796/2669
f 2797/2797/2670 2792/2792/469 2798/2798/2671
f 2793/2793/2667 2799/2799/2672 2800/2800/2673
f 2795/2795/480 2794/2794/2668 2801/2801/2674
f 2802/2802/2675 2796/2796/2669 2803/2803/2676
f 2798/2798/2671 2804/2804/490 2805/2805/2677
f 2799/2799/2672 2806/2806/488 2807/2807/2678
f 2808/2808/487 2801/2801/2674 2809/2809/494
f 2810/2810/2679 2803/2803/2676 2811/2811/2680
f 2804/2804/490 2812/2812/2681 2813/2813/491
f 2806/2806/488 2814/2814/2682 2815/2815/2683
f 2816/2816/2684 2809/2809/494 2817/2817/2685
f 2818/2818/2686 2811/2811/2680 2819/2819/2687
f 2812/2812/2681 2820/2820/505 2821/2821/2688
f 2815/2815/2683 2814/2814/2682 2822/2822/2689
f 2823/2823/2690 2817/2817/2685 2824/2824/509
f 2825/2825/2691 2819/2819/2687 2826/2826/2692
f 2820/2820/505 2827/2827/1625 2828/2828/2693
f 2829/2829/2694 2822/2822/2689 2830/2830/2695
f 2824/2824/509 2831/2831/2696 2832/2832/2697
f 2833/2833/2698 2826/2826/2692 2834/2834/2699
f 2828/2828/2693 2827/2827/1625 2835/2835/2700
f 2836/2836/2701 2830/2830/2695 2837/2837/526
f 2831/2831/2696 2838/2838/532 2839/2839/525
f 2840/2840/2702 2834/2834/2699 2841/2841/2703
f 2842/2842/2704 2835/2835/2700 2843/2843/2705
f 2844/2844/519 2837/2837/526 2845/2845/2706
f 2838/2838/532 2846/2846/540 2847/2847/2707
f 2848/2848/2708 2841/2841/2703 2849/2849/2709
f 2850/2850/521 2843/2843/2705 2851/2851/528
f 2852/2852/2710 2845/2845/2706 2853/2853/2711
f 2846/2846/540 2854/2854/2712 2855/2855/2713
f 2849/2849/2709 2856/2856/538 2857/2857/2714
f 2858/2858/2715 2851/2851/528 2859/2859/2716
f 2860/2860/2717 2853/2853/2711 2861/2861/2718
f 2854/2854/2712 2862/2862/555 2863/2863/2719
f 2857/2857/2714 2856/2856/538 2864/2864/2720
f 2865/2865/2721 2859/2859/2716 2866/2866/2722
f 2867/2867/2723 2861/2861/2718 2868/2868/2724
f 2862/2862/555 2869/2869/2725 2870/2870/556
f 2871/2871/2726 2864/2864/2720 2872/2872/560
f 2873/2873/545 2866/2866/2722 2874/2874/2727
f 2875/2875/2728 2868/2868/2724 2876/2876/2729
f 2870/2870/556 2869/2869/2725 2877/2877/2730
f 2878/2878/554 2872/2872/560 2879/2879/2731
f 2874/2874/2727 2880/2880/2732 2881/2881/2733
f 2876/2876/2729 2882/2882/2734 2883/2883/2735
f 2884/2884/2736 2877/2877/2730 2885/2885/570
f 2879/2879/2731 2886/2886/1684 2887/2887/2737
f 2880/2880/2732 2888/2888/2738 2889/2889/567
f 2883/2883/2735 2882/2882/2734 2890/2890/2739
f 2885/2885/570 2891/2891/2740 2892/2892/2741
f 2886/2886/1684 2893/2893/575 2894/2894/2742
f 2889/2889/567 2888/2888/2738 2895/2895/2743
f 2896/2896/2744 2890/2890/2739 2897/2897/2745
f 2891/2891/2740 2898/2898/2746 2899/2899/585
f 2893/2893/575 2900/2900/582 2901/2901/2747
f 2902/2902/574 2895/2895/2743 2903/2903/2748
f 2897/2897/2745 2904/2904/586 2905/2905/2749
f 2898/2898/2746 2906/2906/600 2907/2907/2750
f 2900/2900/582 2908/2908/590 2909/2909/2751
f 2910/2910/581 2903/2903/2748 2911/2911/2752
f 2904/2904/586 2912/2912/594 2913/2913/2753
f 2906/2906/600 2914/2914/2754 2915/2915/2755
f 2908/2908/590 2916/2916/598 2917/2917/2756
f 2918/2918/2757 2911/2911/2752 2919/2919/596
f 2912/2912/594 2920/2920/602 2921/2921/2758
f 2914/2914/2754 2922/2922/2759 2923/2923/2760
f 2916/2916/598 2924/2924/2761 2925/2925/1734
f 2926/2926/2762 2919/2919/596 2927/2927/2763
f 2921/2921/2758 2920/2920/602 2928/2928/2562
f 2922/2922/2759 2929/2929/2764 2930/2930/621
f 2925/2925/1734 2924/2924/2761 2931/2931/618
f 2932/2932/2765 2927/2927/2763 2933/2933/2766
f 2928/2928/2562 2934/2934/2767 2935/2935/2768
f 2929/2929/2764 2936/2936/627 2937/2937/2769
f 2938/2938/613 2931/2931/618 2939/2939/2563
f 2940/2940/612 2933/2933/2766 2941/2941/611
f 2935/2935/2768 2934/2934/2767 2942/2942/2770
f 2936/2936/627 2943/2943/2771 2944/2944/2769
f 2939/2939/2563 2945/2945/625 2946/2946/2772
f 2947/2947/624 2941/2941/611 2948/2948/611
f 2949/2949/2773 2942/2942/2770 2950/2950/635
f 2943/2943/2771 2951/2951/633 2952/2952/2774
f 2946/2946/2772 2945/2945/625 2953/2953/2775
f 2954/2954/2776 2948/2948/611 2955/2955/2777
f 2956/2956/2778 2950/2950/635 2957/2957/2779
f 2951/2951/633 2958/2958/2780 2959/2959/2781
f 2960/2960/2782 2953/2953/2775 2961/2961/2783
f 2962/2962/2784 2955/2955/2777 2963/2963/637
f 2957/2957/2779 2964/2964/2785 2965/2965/2786
f 2958/2958/2780 2966/2966/2787 2967/2967/2788
f 2968/2968/2789 2961/2961/2783 2969/2969/2790
f 2970/2970/638 2963/2963/637 2971/2971/2791
f 2964/2964/2785 2972/2972/651 2973/2973/2792
f 2966/2966/2787 2974/2974/665 2975/2975/2793
f 2969/2969/2790 2976/2976/655 2977/2977/2794
f 2978/2978/2795 2971/2971/2791 2979/2979/2796
f 2972/2972/651 2980/2980/659 2981/2981/2797
f 2974/2974/665 2982/2982/2798 2983/2983/2799
f 2976/2976/655 2984/2984/663 2985/2985/2800
f 2986/2986/2801 2979/2979/2796 2987/2987/661
f 2981/2981/2797 2980/2980/659 2988/2988/2802
f 2982/2982/2798 2989/2989/2803 2990/2990/2804
f 2985/2985/2800 2984/2984/663 2991/2991/2805
f 2992/2992/2806 2987/2987/661 2993/2993/2807
f 2994/2994/2808 2988/2988/2802 2995/2995/2809
f 2989/2989/2803 2996/2996/687 2997/2997/680
f 2998/2998/2810 2991/2991/2805 2999/2999/2811
f 3000/3000/2812 2993/2993/2807 3001/3001/675
f 3002/3002/2813 2995/2995/2809 3003/3003/2814
f 2996/2996/687 3004/3004/2815 3005/3005/2816
f 3006/3006/2817 2999/2999/2811 3007/3007/2818
f 3008/3008/2819 3001/3001/675 3009/3009/683
f 3003/3003/2814 3010/3010/1807 3011/3011/2820
f 3004/3004/2815 3012/3012/2821 3013/3013/696
f 3007/3007/2818 3014/3014/2822 3015/3015/2823
f 3016/3016/2824 3009/3009/683 3017/3017/2825
f 3011/3011/2820 3010/3010/1807 3018/3018/2826
f 3013/3013/696 3012/3012/2821 3019/3019/700
f 3015/3015/2823 3014/3014/2822 3020/3020/1822
f 3017/3017/2825 3021/3021/2827 3022/3022/2828
f 3023/3023/2829 3018/3018/2826 3024/3024/1224
f 3025/3025/1229 3026/3026/2830 3027/3027/707
f 3028/3028/705 3029/3029/1410 3030/3030/1409
f 3031/3031/2831 3032/3032/2832 3033/3033/2833
f 3034/3034/2834 3035/3035/2835 3036/3036/2836
f 3037/3037/2837 3038/3038/1826 3039/3039/2838
f 3040/3040/2839 3041/3041/720 3042/3042/2840
f 3032/3032/2832 3043/3043/2841 3044/3044/2842
f 3045/3045/2843 3046/3046/2844 3047/3047/2845
f 3048/3048/2846 3039/3039/2838 3049/3049/2847
f 3041/3041/720 3050/3050/729 3051/3051/2848
f 3044/3044/2842 3043/3043/2841 3052/3052/2849
f 3047/3047/2845 3046/3046/2844 3053/3053/2850
f 3049/3049/2847 3054/3054/2851 3055/3055/2852
f 3050/3050/729 3056/3056/735 3057/3057/2853
f 3058/3058/2854 3052/3052/2849 3059/3059/2855
f 3053/3053/2850 3060/3060/739 3061/3061/2856
f 3054/3054/2851 3062/3062/2857 3063/3063/2858
f 3057/3057/2853 3056/3056/735 3064/3064/2859
f 3065/3065/742 3059/3059/2855 3066/3066/2860
f 3061/3061/2856 3060/3060/739 3067/3067/2861
f 3062/3062/2857 3068/3068/751 3069/3069/2862
f 3064/3064/2859 3070/3070/2863 3071/3071/2864
f 3072/3072/748 3066/3066/2860 3073/3073/2865
f 3074/3074/2866 3067/3067/2861 3075/3075/2867
f 3068/3068/751 3076/3076/758 3077/3077/752
f 3071/3071/2864 3070/3070/2863 3078/3078/2868
f 3079/3079/2869 3073/3073/2865 3080/3080/762
f 3075/3075/2867 3081/3081/760 3082/3082/2870
f 3076/3076/758 3083/3083/2871 3084/3084/759
f 3085/3085/2872 3078/3078/2868 3086/3086/2873
f 3087/3087/2874 3080/3080/762 3088/3088/2875
f 3082/3082/2870 3081/3081/760 3089/3089/2876
f 3083/3083/2871 3090/3090/773 3091/3091/2877
f 3086/3086/2873 3092/3092/771 3093/3093/2878
f 3094/3094/770 3088/3088/2875 3095/3095/2879
f 3096/3096/2880 3089/3089/2876 3097/3097/2881
f 3090/3090/773 3098/3098/2882 3099/3099/2883
f 3093/3093/2878 3092/3092/771 3100/3100/2884
f 3101/3101/2885 3095/3095/2879 3102/3102/784
f 3103/3103/2886 3097/3097/2881 3104/3104/2887
f 3098/3098/2882 3105/3105/788 3106/3106/781
f 3107/3107/2888 3100/3100/2884 3108/3108/2889
f 3109/3109/785 3102/3102/784 3110/3110/2890
f 3111/3111/2891 3104/3104/2887 3112/3112/2892
f 3105/3105/788 3113/3113/2893 3114/3114/789
f 3115/3115/2894 3108/3108/2889 3116/3116/2895
f 3110/3110/2890 3117/3117/807 3118/3118/2896
f 3119/3119/2897 3112/3112/2892 3120/3120/2898
f 3114/3114/789 3113/3113/2893 3121/3121/2899
f 3122/3122/2900 3116/3116/2895 3123/3123/2901
f 3117/3117/807 3124/3124/2902 3125/3125/808
f 3126/3126/2903 3120/3120/2898 3127/3127/2904
f 3128/3128/797 3121/3121/2899 3129/3129/803
f 3130/3130/2905 3123/3123/2901 3131/3131/2906
f 3124/3124/2902 3132/3132/2907 3133/3133/2908
f 3134/3134/2909 3127/3127/2904 3135/3135/2910
f 3136/3136/2911 3129/3129/803 3137/3137/2912
f 3138/3138/2913 3131/3131/2906 3139/3139/2914
f 3133/3133/2908 3132/3132/2907 3140/3140/2915
f 3141/3141/2916 3135/3135/2910 3142/3142/2917
f 3137/3137/2912 3143/3143/2918 3144/3144/2919
f 3145/3145/2920 3139/3139/2914 3146/3146/832
f 3147/3147/2921 3140/3140/2915 3148/3148/830
f 3149/3149/2922 3142/3142/2917 3150/3150/2571
f 3143/3143/2918 3151/3151/2923 3152/3152/827
f 3153/3153/2924 3146/3146/832 3154/3154/2925
f 3155/3155/2926 3148/3148/830 3156/3156/2927
f 3150/3150/2571 3157/3157/836 3158/3158/1956
f 3151/3151/2923 3159/3159/2928 3160/3160/2929
f 3161/3161/2930 3154/3154/2925 3162/3162/847
f 3163/3163/839 3156/3156/2927 3164/3164/2931
f 3158/3158/1956 3157/3157/836 3165/3165/1961
f 3159/3159/2928 3166/3166/2932 3167/3167/2933
f 3168/3168/2934 3162/3162/847 3169/3169/2935
f 3170/3170/2936 3164/3164/2931 3171/3171/853
f 3172/3172/2937 3165/3165/1961 3173/3173/2938
f 3166/3166/2932 3174/3174/857 3175/3175/2939
f 3169/3169/2935 3176/3176/855 3177/3177/2940
f 3178/3178/854 3171/3171/853 3179/3179/861
f 3180/3180/2941 3173/3173/2938 3181/3181/2942
f 3174/3174/857 3182/3182/2943 3183/3183/858
f 3177/3177/2940 3176/3176/855 3184/3184/2944
f 3185/3185/862 3179/3179/861 3186/3186/868
f 3181/3181/2942 3187/3187/866 3188/3188/2945
f 3182/3182/2943 3189/3189/2946 3190/3190/2947
f 3191/3191/2948 3184/3184/2944 3192/3192/2949
f 3193/3193/2950 3186/3186/868 3194/3194/2951
f 3187/3187/866 3195/3195/874 3196/3196/2952
f 3189/3189/2946 3197/3197/880 3198/3198/2953
f 3199/3199/2954 3192/3192/2949 3200/3200/2955
f 3201/3201/877 3194/3194/2951 3202/3202/2956
f 3196/3196/2952 3195/3195/874 3203/3203/2957
f 3197/3197/880 3204/3204/2958 3205/3205/2959
f 3200/3200/2955 3206/3206/2960 3207/3207/2961
f 3208/3208/2962 3202/3202/2956 3209/3209/2621
f 3210/3210/2963 3203/3203/2957 3211/3211/2964
f 3204/3204/2958 3212/3212/411 3213/3213/2965
f 3206/3206/2960 3214/3214/893 3215/3215/2966
f 3216/3216/892 3209/3209/2621 3217/3217/2967
f 3218/3218/890 3211/3211/2964 3219/3219/904
f 3212/3212/411 3220/3220/902 3221/3221/2968
f 3214/3214/893 3222/3222/2969 3223/3223/2970
f 3224/3224/2971 3217/3217/2967 3225/3225/2972
f 3226/3226/2016 3219/3219/904 3227/3227/912
f 3220/3220/902 3228/3228/2024 3229/3229/2973
f 3222/3222/2969 3230/3230/2974 3231/3231/2030
f 3225/3225/2972 3232/3232/920 3233/3233/2975
f 3234/3234/2976 3227/3227/912 3235/3235/2977
f 3229/3229/2973 3228/3228/2024 3236/3236/2978
f 3231/3231/2030 3230/3230/2974 3237/3237/922
f 3232/3232/920 3238/3238/2979 3239/3239/921
f 3235/3235/2977 3240/3240/918 3241/3241/919
f 3242/3242/2980 3236/3236/2978 3243/3243/916
f 3244/3244/915 3237/3237/922 3245/3245/2981
f 3239/3239/921 3238/3238/2979 3246/3246/2982
f 3241/3241/919 3240/3240/918 3247/3247/2983
f 3243/3243/916 3248/3248/2984 3249/3249/2985
f 3245/3245/2981 3250/3250/928 3251/3251/2986
f 3252/3252/2987 3246/3246/2982 3253/3253/2988
f 3247/3247/2983 3254/3254/932 3255/3255/2989
f 3248/3248/2984 3256/3256/2990 3257/3257/931
f 3251/3251/2986 3250/3250/928 3258/3258/2991
f 3259/3259/2992 3253/3253/2988 3260/3260/2993
f 3254/3254/932 3261/3261/2058 3262/3262/2994
f 3256/3256/2990 3263/3263/2995 3264/3264/938
f 3265/3265/2996 3258/3258/2991 3266/3266/2997
f 3267/3267/942 3260/3260/2993 3268/3268/2998
f 3262/3262/2994 3261/3261/2058 3269/3269/2999
f 3263/3263/2995 3270/3270/3000 3271/3271/3001
f 3266/3266/2997 3272/3272/950 3273/3273/3002
f 3274/3274/3003 3268/3268/2998 3275/3275/956
f 3269/3269/2999 3276/3276/2074 3277/3277/3004
f 3270/3270/3000 3278/3278/3005 3279/3279/953
f 3272/3272/950 3280/3280/958 3281/3281/3006
f 3282/3282/3007 3275/3275/956 3283/3283/963
f 3277/3277/3004 3276/3276/2074 3284/3284/3008
f 3278/3278/3005 3285/3285/3009 3286/3286/961
f 3281/3281/3006 3280/3280/958 3287/3287/972
f 3288/3288/3010 3283/3283/963 3289/3289/3011
f 3290/3290/3012 3284/3284/3008 3291/3291/3013
f 3285/3285/3009 3292/3292/3014 3293/3293/3015
f 3294/3294/965 3287/3287/972 3295/3295/2579
f 3296/3296/971 3289/3289/3011 3297/3297/3016
f 3298/3298/3017 3291/3291/3013 3299/3299/3018
f 3292/3292/3014 3300/3300/3019 3301/3301/3020
f 3295/3295/2579 3302/3302/980 3303/3303/3021
f 3304/3304/979 3297/3297/3016 3305/3305/985
f 3299/3299/3018 3306/3306/983 3307/3307/3022
f 3300/3300/3019 3308/3308/3023 3309/3309/982
f 3302/3302/980 3310/3310/987 3311/3311/3024
f 3312/3312/986 3305/3305/985 3313/3313/3025
f 3307/3307/3022 3306/3306/983 3314/3314/2580
f 3308/3308/3023 3315/3315/995 3316/3316/990
f 3311/3311/3024 3310/3310/987 3317/3317/3026
f 3318/3318/993 3313/3313/3025 3319/3319/999
f 3314/3314/2580 3320/3320/997 3321/3321/998
f 3315/3315/995 3322/3322/1003 3323/3323/3027
f 3324/3324/3028 3317/3317/3026 3325/3325/3029
f 3326/3326/3030 3319/3319/999 3327/3327/3031
f 3321/3321/998 3320/3320/997 3328/3328/3032
f 3322/3322/1003 3329/3329/3033 3330/3330/3034
f 3331/3331/3035 3325/3325/3029 3332/3332/3036
f 3327/3327/3031 3333/3333/3037 3334/3334/3038
f 3328/3328/3032 3335/3335/1012 3336/3336/3039
f 3330/3330/3034 3329/3329/3033 3337/3337/1010
f 3332/3332/3036 3338/3338/1015 3339/3339/3040
f 3333/3333/3037 3340/3340/1028 3341/3341/3041
f 3336/3336/3039 3335/3335/1012 3342/3342/3042
f 3343/3343/3043 3337/3337/1010 3344/3344/1017
f 3338/3338/1015 3345/3345/1022 3346/3346/3044
f 3340/3340/1028 3347/3347/3045 3348/3348/1029
f 3342/3342/3042 3349/3349/1026 3350/3350/3046
f 3351/3351/3047 3344/3344/1017 3352/3352/1024
f 3346/3346/3044 3345/3345/1022 3353/3353/3048
f 3347/3347/3045 3354/3354/1043 3355/3355/3049
f 3349/3349/1026 3356/3356/1033 3357/3357/3050
f 3358/3358/3051 3352/3352/1024 3359/3359/3052
f 3360/3360/3053 3353/3353/3048 3361/3361/3054
f 3354/3354/1043 3362/3362/1050 3363/3363/1044
f 3356/3356/1033 3364/3364/1041 3365/3365/3055
f 3366/3366/1032 3359/3359/3052 3367/3367/3056
f 3368/3368/3057 3361/3361/3054 3369/3369/3058
f 3362/3362/1050 3370/3370/1058 3371/3371/3059
f 3365/3365/3055 3364/3364/1041 3372/3372/3060
f 3373/3373/3061 3367/3367/3056 3374/3374/3062
f 3369/3369/3058 3375/3375/3063 3376/3376/3064
f 3370/3370/1058 3377/3377/3065 3378/3378/3066
f 3379/3379/3067 3372/3372/3060 3380/3380/3068
f 3381/3381/3069 3374/3374/3062 3382/3382/3070
f 3375/3375/3063 3383/3383/1060 3384/3384/3071
f 3377/3377/3065 3385/3385/3072 3386/3386/3073
f 3380/3380/3068 3387/3387/1064 3388/3388/3074
f 3389/3389/3075 3382/3382/3070 3390/3390/1062
f 3383/3383/1060 3391/3391/1068 3392/3392/3076
f 3385/3385/3072 3393/3393/3077 3394/3394/3078
f 3387/3387/1064 3395/3395/1072 3396/3396/3079
f 3397/3397/3080 3390/3390/1062 3398/3398/1070
f 3392/3392/3076 3391/3391/1068 3399/3399/3081
f 3393/3393/3077 3400/3400/3082 3401/3401/1081
f 3396/3396/3079 3395/3395/1072 3402/3402/3083
f 3403/3403/3084 3398/3398/1070 3404/3404/1077
f 3405/3405/3085 3399/3399/3081 3406/3406/3086
f 3401/3401/1081 3400/3400/3082 3407/3407/3087
f 3402/3402/3083 3408/3408/1085 3409/3409/1086
f 3404/3404/1077 3410/3410/3088 3411/3411/3089
f 3412/3412/3090 3406/3406/3086 3413/3413/2586
f 3414/3414/3091 3407/3407/3087 3415/3415/3092
f 3408/3408/1085 3416/3416/3093 3417/3417/3094
f 3410/3410/3088 3418/3418/2219 3419/3419/3095
f 3413/3413/2586 3420/3420/1097 3421/3421/3096
f 3415/3415/3092 3422/3422/3097 3423/3423/1103
f 3416/3416/3093 3424/3424/1101 3425/3425/3098
f 3419/3419/3095 3418/3418/2219 3426/3426/1099
f 3420/3420/1097 3427/3427/1104 3428/3428/3099
f 3422/3422/3097 3429/3429/3100 3430/3430/3101
f 3425/3425/3098 3424/3424/1101 3431/3431/3102
f 3432/3432/3103 3426/3426/1099 3433/3433/3104
f 3427/3427/1104 3434/3434/1111 3435/3435/3105
f 3429/3429/3100 3436/3436/1125 3437/3437/3106
f 3438/3438/3107 3431/3431/3102 3439/3439/3108
f 3440/3440/3109 3433/3433/3104 3441/3441/3110
f 3434/3434/1111 3442/3442/1119 3443/3443/3111
f 3436/3436/1125 3444/3444/3112 3445/3445/3113
f 3446/3446/3114 3439/3439/3108 3447/3447/3115
f 3448/3448/3116 3441/3441/3110 3449/3449/1121
f 3442/3442/1119 3450/3450/1127 3451/3451/1128
f 3444/3444/3112 3452/3452/3117 3453/3453/1134
f 3454/3454/3118 3447/3447/3115 3455/3455/2587
f 3456/3456/3119 3449/3449/1121 3457/3457/3120
f 3451/3451/1128 3450/3450/1127 3458/3458/1142
f 3452/3452/3117 3459/3459/1147 3460/3460/3121
f 3455/3455/2587 3461/3461/2269 3462/3462/3122
f 3463/3463/1130 3457/3457/3120 3464/3464/3123
f 3465/3465/1135 3458/3458/1142 3466/3466/1149
f 3459/3459/1147 3467/3467/3124 3468/3468/1148
f 3462/3462/3122 3461/3461/2269 3469/3469/3125
f 3470/3470/3126 3464/3464/3123 3471/3471/1144
f 3472/3472/3127 3466/3466/1149 3473/3473/3128
f 3467/3467/3124 3474/3474/1163 3475/3475/3129
f 3476/3476/3130 3469/3469/3125 3477/3477/3131
f 3478/3478/3132 3471/3471/1144 3479/3479/3133
f 3473/3473/3128 3480/3480/1157 3481/3481/1158
f 3474/3474/1163 3482/3482/3134 3483/3483/3135
f 3477/3477/3131 3484/3484/1161 3485/3485/3136
f 3486/3486/3137 3479/3479/3133 3487/3487/3138
f 3480/3480/1157 3488/3488/1165 3489/3489/3139
f 3482/3482/3134 3490/3490/3140 3491/3491/1172
f 3484/3484/1161 3492/3492/3141 3493/3493/3142
f 3494/3494/3143 3487/3487/3138 3495/3495/1167
f 3489/3489/3139 3488/3488/1165 3496/3496/3144
f 3491/3491/1172 3490/3490/3140 3497/3497/3145
f 3493/3493/3142 3492/3492/3141 3498/3498/2589
f 3495/3495/1167 3499/3499/3146 3500/3500/3147
f 3501/3501/3148 3496/3496/3144 3502/3502/3149
f 3503/3503/1177 3497/3497/3145 3504/3504/1184
f 3498/3498/2589 3505/3505/1182 3506/3506/3150
f 3499/3499/3146 3507/3507/2308 3508/3508/3151
f 3509/3509/3152 3502/3502/3149 3510/3510/3153
f 3511/3511/3154 3512/3512/1284 3513/3513/3155
f 3514/3514/1286 3515/3515/2417 3516/3516/1287
f 3517/3517/1396 3518/3518/3156 3519/3519/1196
f 3520/3520/3157 3521/3521/3158 3522/3522/3159
f 3523/3523/3160 3524/3524/3161 3525/3525/1206
f 3526/3526/2604 3520/3520/3157 3527/3527/2324
f 3525/3525/1206 3524/3524/3161 3528/3528/3162
f 3511/3511/3154 3529/3529/1202 3530/3530/1201
f 3530/3530/1201 3529/3529/1202 3531/3531/3163
f 3532/3532/3164 3030/3030/1409 3533/3533/3165
f 3534/3534/2330 3535/3535/1212 3536/3536/3166
f 3537/3537/3167 3538/3538/2382 3539/3539/1216
f 3539/3539/1216 3538/3538/2382 3540/3540/3168
f 3541/3541/3169 3540/3540/3168 3542/3542/2398
f 3543/3543/1407 3544/3544/3170 3545/3545/1406
f 3546/3546/3171 3547/3547/703 3024/3024/1224
f 3548/3548/3172 3549/3549/1225 3550/3550/2593
f 3021/3021/2827 3551/3551/704 3552/3552/3173
f 3553/3553/3174 3554/3554/1237 3555/3555/3175
f 3556/3556/1235 3557/3557/3176 3558/3558/1241
f 3034/3034/2834 3559/3559/3177 3557/3557/3176
f 3560/3560/3178 3533/3533/3165 3561/3561/3179
f 3550/3550/2593 3562/3562/1239 3563/3563/1240
f 3564/3564/1234 3558/3558/1241 3565/3565/3180
f 3554/3554/1237 3566/3566/3181 3567/3567/3182
f 3561/3561/3179 3568/3568/1258 3569/3569/3183
f 3562/3562/1239 3570/3570/3184 3571/3571/1248
f 3572/3572/3185 3565/3565/3180 3573/3573/1256
f 3567/3567/3182 3566/3566/3181 3574/3574/3186
f 3568/3568/1258 3575/3575/1264 3576/3576/3187
f 3570/3570/3184 3577/3577/3188 3578/3578/1255
f 3579/3579/1250 3573/3573/1256 3580/3580/3189
f 3581/3581/1246 3574/3574/3186 3582/3582/3190
f 3575/3575/1264 3583/3583/1270 3584/3584/3191
f 3578/3578/1255 3577/3577/3188 3537/3537/3167
f 3580/3580/3189 3585/3585/1262 3586/3586/1263
f 3587/3587/3192 3582/3582/3190 3588/3588/3193
f 3583/3583/1270 3589/3589/3194 3590/3590/3195
f 3585/3585/1262 3591/3591/1268 3592/3592/1269
f 3593/3593/3196 3588/3588/3193 3594/3594/3197
f 3589/3589/3194 3595/3595/3198 3596/3596/3199
f 3591/3591/1268 3597/3597/1274 3598/3598/3200
f 3599/3599/3201 3594/3594/3197 3600/3600/3202
f 3601/3601/2538 3602/3602/3203 3603/3603/3204
f 3518/3518/3156 3604/3604/1281 3605/3605/3205
f 3510/3510/3153 3522/3522/3159 3521/3521/3158
f 3516/3516/1287 3515/3515/2417 3606/3606/3206
f 3607/3607/1190 3528/3528/3162 3608/3608/3207
f 3609/3609/1191 3513/3513/3155 3610/3610/1192
f 3605/3605/3205 3604/3604/1281 3611/3611/3208
f 3610/3610/1192 3612/3612/3209 3613/3613/3210
f 3614/3614/3211 3615/3615/1292 3616/3616/3212
f 3617/3617/3213 3606/3606/3206 3618/3618/3214
f 3619/3619/3215 3611/3611/3208 3620/3620/3216
f 3612/3612/3209 3621/3621/1301 3622/3622/3217
f 3616/3616/3212 3615/3615/1292 3623/3623/3218
f 3624/3624/1299 3618/3618/3214 3625/3625/3219
f 3620/3620/3216 3626/3626/3220 3627/3627/3221
f 3621/3621/1301 3628/3628/1309 3629/3629/3222
f 3630/3630/3223 3623/3623/3218 3631/3631/3224
f 3632/3632/1306 3625/3625/3219 3633/3633/3225
f 3626/3626/3220 3634/3634/1311 3635/3635/3226
f 3628/3628/1309 3636/3636/1317 3637/3637/3227
f 3631/3631/3224 3638/3638/1315 3639/3639/3228
f 3640/3640/3229 3633/3633/3225 3641/3641/3230
f 3635/3635/3226 3634/3634/1311 3642/3642/2596
f 3636/3636/1317 3643/3643/2456 3644/3644/3231
f 3638/3638/1315 3645/3645/1322 3646/3646/3232
f 3641/3641/3230 3647/3647/1333 3648/3648/1328
f 3642/3642/2596 3649/3649/3233 3650/3650/3234
f 3644/3644/3231 3643/3643/2456 3651/3651/1324
f 3646/3646/3232 3645/3645/1322 3652/3652/3235
f 3647/3647/1333 3653/3653/1341 3654/3654/3236
f 3650/3650/3234 3649/3649/3233 3655/3655/3237
f 3656/3656/3238 3651/3651/1324 3657/3657/1330
f 3658/3658/3239 3652/3652/3235 3659/3659/3240
f 3653/3653/1341 3660/3660/3241 3661/3661/3242
f 3655/3655/3237 3662/3662/2485 3663/3663/3243
f 3664/3664/3244 3657/3657/1330 3665/3665/3245
f 3666/3666/3246 3659/3659/3240 3667/3667/3247
f 3660/3660/3241 3668/3668/3248 3669/3669/3249
f 3662/3662/2485 3670/3670/1347 3671/3671/1348
f 3672/3672/3250 3665/3665/3245 3673/3673/3251
f 3674/3674/3252 3667/3667/3247 3675/3675/3253
f 3668/3668/3248 3676/3676/1365 3677/3677/3254
f 3670/3670/1347 3678/3678/1355 3679/3679/3255
f 3680/3680/3256 3673/3673/3251 3681/3681/1353
f 3682/3682/3257 3675/3675/3253 3683/3683/3258
f 3676/3676/1365 3684/3684/3259 3685/3685/3260
f 3678/3678/1355 3686/3686/1363 3687/3687/3261
f 3688/3688/1354 3681/3681/1353 3689/3689/3262
f 3690/3690/3263 3683/3683/3258 3691/3691/3264
f 3684/3684/3259 3692/3692/3265 3693/3693/1374
f 3686/3686/1363 3694/3694/3266 3695/3695/3267
f 3696/3696/3268 3689/3689/3262 3697/3697/3269
f 3698/3698/3270 3691/3691/3264 3699/3699/3271
f 3692/3692/3265 3700/3700/1388 3701/3701/3272
f 3694/3694/3266 3702/3702/1379 3703/3703/3273
f 3704/3704/3274 3697/3697/3269 3705/3705/3275
f 3699/3699/3271 3706/3706/1383 3707/3707/3276
f 3700/3700/1388 3708/3708/3277 3709/3709/3278
f 3703/3703/3273 3702/3702/1379 3710/3710/3279
f 3711/3711/3280 3705/3705/3275 3712/3712/3281
f 3706/3706/1383 3713/3713/1390 3714/3714/1391
f 3715/3715/3282 3710/3710/3279 3716/3716/3283
f 3717/3717/3284 3716/3716/3283 3718/3718/2599
f 3719/3719/1194 3536/3536/3166 3535/3535/1212
f 3718/3718/2599 3720/3720/1397 3721/3721/3285
f 3722/3722/3286 3603/3603/3204 3723/3723/2536
f 3724/3724/1402 3725/3725/3287 3602/3602/3203
f 3726/3726/1419 3727/3727/3288 3728/3728/3289
f 3729/3729/3290 3730/3730/3291 3731/3731/1220
f 3732/3732/708 3733/3733/709 3027/3027/707
f 3734/3734/3292 3735/3735/3293 3614/3614/3211
f 3736/3736/3294 3737/3737/3295 3600/3600/3202
f 3731/3731/1220 3738/3738/1421 3739/3739/3296
f 3596/3596/3199 3595/3595/3198 3740/3740/1413
f 3741/3741/1219 3542/3542/2398 3725/3725/3287
f 3742/3742/1403 3545/3545/1406 3743/3743/1404
f 3543/3543/1407 3744/3744/1416 3544/3544/3170
f 3745/3745/388 3746/3746/1437 2713/2713/2614
f 3747/3747/3297 3045/3045/2843 3748/3748/3298
f 3749/3749/1432 3750/3750/3299 3751/3751/3300
f 3746/3746/1437 3752/3752/1434 3751/3751/3300
f 3753/3753/3301 3754/3754/3302 3751/3751/3300
f 3755/3755/3303 3756/3756/1429 3757/3757/3304
f 3758/3758/3305 3759/3759/1428 3757/3757/3304
f 3760/3760/3306 3761/3761/3307 3757/3757/3304
f 3762/3762/1445 3763/3763/3308 3764/3764/3309
f 2706/2706/1422 3765/3765/3310 3764/3764/3309
f 3766/3766/393 3767/3767/3311 3764/3764/3309
f 3768/3768/1439 3769/3769/3312 3770/3770/3313
f 3771/3771/3314 3772/3772/3315 3770/3770/3313
f 3745/3745/388 3773/3773/3316 3770/3770/3313
f 3774/3774/3317 3775/3775/1461 3776/3776/3318
f 3026/3026/2830 3019/3019/700 3777/3777/3319
f 3778/3778/1462 3027/3027/707 3026/3026/2830
f 3779/3779/1460 3778/3778/1462 3776/3776/3318
f 3780/3780/3320 3781/3781/3321 3782/3782/3322
f 3783/3783/1456 3784/3784/3323 3782/3782/3322
f 3552/3552/3173 3028/3028/705 3785/3785/1455
f 3781/3781/3321 3022/3022/2828 3552/3552/3173
f 3786/3786/3324 3787/3787/3325 3788/3788/3326
f 3025/3025/1229 3733/3733/709 3789/3789/1471
f 3790/3790/1474 3031/3031/2831 3025/3025/1229
f 3791/3791/1472 3790/3790/1474 3788/3788/3326
f 3792/3792/1463 3793/3793/1466 3794/3794/3327
f 3795/3795/1468 3796/3796/3328 3794/3794/3327
f 3551/3551/704 3037/3037/2837 3797/3797/1467
f 3793/3793/1466 3029/3029/1410 3551/3551/704
f 3798/3798/3329 3799/3799/3330 3800/3800/1481
f 3504/3504/1184 3798/3798/3329 3801/3801/1486
f 3513/3513/3155 3512/3512/1284 3801/3801/1486
f 3800/3800/1481 3802/3802/1485 3803/3803/3331
f 3804/3804/1476 3805/3805/1477 3806/3806/3332
f 3807/3807/1479 3808/3808/1480 3804/3804/1476
f 3608/3608/3207 3807/3807/1479 3809/3809/1478
f 3508/3508/3151 3607/3607/1190 3809/3809/1478
f 3810/3810/3333 3811/3811/1495 3812/3812/3334
f 3712/3712/3281 3810/3810/3333 3813/3813/3335
f 3736/3736/3294 3738/3738/1421 3813/3813/3335
f 3812/3812/3334 3814/3814/3336 3815/3815/1496
f 3816/3816/3337 3817/3817/3338 3818/3818/1487
f 3819/3819/3339 3820/3820/3340 3816/3816/3337
f 3740/3740/1413 3819/3819/3339 3821/3821/1490
f 3709/3709/3278 3744/3744/1416 3821/3821/1490
f 3749/3749/1432 3752/3752/1434 3769/3769/3312
f 3752/3752/1434 3746/3746/1437 3745/3745/388
f 3746/3746/1437 3754/3754/3302 3822/3822/3341
f 3754/3754/3302 3753/3753/3301 3823/3823/3342
f 3771/3771/3314 3773/3773/3316 3824/3824/3343
f 3773/3773/3316 3745/3745/388 2712/2712/390
f 2703/2703/2608 3825/3825/3344 3826/3826/1503
f 3827/3827/3345 3826/3826/1503 3828/3828/2601
f 3829/3829/3346 3758/3758/3305 3761/3761/3307
f 3830/3830/3347 3761/3761/3307 3760/3760/3306
f 2706/2706/1422 3760/3760/3306 3756/3756/1429
f 3765/3765/3310 3756/3756/1429 3755/3755/3303
f 2707/2707/394 2706/2706/1422 3767/3767/3311
f 3831/3831/3348 3767/3767/3311 3766/3766/393
f 2709/2709/393 3832/3832/3308 3833/3833/3349
f 3833/3833/3349 3832/3832/3308 3834/3834/3350
f 2713/2713/2614 3822/3822/3341 3835/3835/3351
f 3822/3822/3341 3823/3823/3342 3836/3836/1512
f 3837/3837/2613 3824/3824/3343 3838/3838/3352
f 3824/3824/3343 2712/2712/390 2721/2721/2620
f 3839/3839/3353 3829/3829/3346 3830/3830/3347
f 3840/3840/3354 3830/3830/3347 2708/2708/2611
f 2717/2717/2616 2707/2707/394 3831/3831/3348
f 3841/3841/3355 3831/3831/3348 3842/3842/3356
f 2714/2714/2615 3835/3835/3351 3843/3843/1520
f 3835/3835/3351 3836/3836/1512 3844/3844/406
f 3845/3845/3357 3838/3838/3352 3846/3846/1521
f 3838/3838/3352 2721/2721/2620 2729/2729/892
f 3847/3847/1517 3839/3839/3353 3840/3840/3354
f 3848/3848/3358 3840/3840/3354 2718/2718/2617
f 2725/2725/2622 2717/2717/2616 3841/3841/3355
f 3849/3849/1519 3841/3841/3355 3850/3850/3359
f 2722/2722/2621 3843/3843/1520 3851/3851/3360
f 3843/3843/1520 3844/3844/406 3852/3852/413
f 3853/3853/3361 3846/3846/1521 3854/3854/3362
f 3846/3846/1521 2729/2729/892 2736/2736/2631
f 3855/3855/3363 3847/3847/1517 3848/3848/3358
f 3856/3856/3364 3848/3848/3358 2726/2726/888
f 2732/2732/2627 2725/2725/2622 3849/3849/1519
f 3857/3857/3365 3849/3849/1519 3858/3858/3366
f 2730/2730/2625 3851/3851/3360 3859/3859/1534
f 3851/3851/3360 3852/3852/413 3860/3860/1533
f 3861/3861/2630 3854/3854/3362 3862/3862/3367
f 3854/3854/3362 2736/2736/2631 2744/2744/423
f 3863/3863/1531 3855/3855/3363 3856/3856/3364
f 3864/3864/1530 3856/3856/3364 2733/2733/2628
f 2740/2740/426 2732/2732/2627 3857/3857/3365
f 3865/3865/3368 3857/3857/3365 3866/3866/3369
f 2737/2737/2632 3859/3859/1534 3867/3867/3370
f 3859/3859/1534 3860/3860/1533 3868/3868/1541
f 3869/3869/1544 3862/3862/3367 3870/3870/3371
f 3862/3862/3367 2744/2744/423 3871/3871/3372
f 3872/3872/3373 3863/3863/1531 3864/3864/1530
f 3873/3873/3374 3864/3864/1530 2741/2741/2633
f 2748/2748/2635 2740/2740/426 3865/3865/3368
f 3874/3874/3375 3865/3865/3368 3875/3875/3376
f 2751/2751/2638 2745/2745/430 3867/3867/3370
f 3876/3876/3377 3867/3867/3370 3868/3868/1541
f 3877/3877/3378 3878/3878/3379 3870/3870/3371
f 3879/3879/3380 3870/3870/3371 3871/3871/3372
f 3872/3872/3373 3873/3873/3374 3880/3880/3381
f 3873/3873/3374 2749/2749/2636 2761/2761/2646
f 2748/2748/2635 3874/3874/3375 3881/3881/3382
f 3874/3874/3375 3882/3882/3383 3883/3883/3384
f 2757/2757/2644 2751/2751/2638 3876/3876/3377
f 3884/3884/3385 3876/3876/3377 3885/3885/3386
f 3886/3886/3387 3877/3877/3378 3879/3879/3380
f 3887/3887/1557 3879/3879/3380 2752/2752/2639
f 3888/3888/3388 3880/3880/3381 3889/3889/3389
f 3880/3880/3381 2761/2761/2646 2768/2768/2650
f 2754/2754/2641 3881/3881/3382 3890/3890/1554
f 3881/3881/3382 3883/3883/3384 3891/3891/3390
f 2765/2765/457 2757/2757/2644 3884/3884/3385
f 3892/3892/1563 3884/3884/3385 3893/3893/2645
f 3894/3894/3391 3886/3886/3387 3887/3887/1557
f 3895/3895/3392 3887/3887/1557 2758/2758/444
f 3896/3896/1560 3889/3889/3389 3897/3897/3393
f 3889/3889/3389 2768/2768/2650 2775/2775/2656
f 2762/2762/439 3890/3890/1554 3898/3898/3394
f 3890/3890/1554 3891/3891/3390 3899/3899/3395
f 2771/2771/2653 2765/2765/457 3892/3892/1563
f 3900/3900/3396 3892/3892/1563 3901/3901/3397
f 3902/3902/3398 3894/3894/3391 3895/3895/3392
f 3903/3903/3399 3895/3895/3392 2766/2766/2648
f 3904/3904/3400 3897/3897/3393 3905/3905/3401
f 3897/3897/3393 2775/2775/2656 2783/2783/2663
f 2769/2769/2651 3898/3898/3394 3906/3906/3402
f 3898/3898/3394 3899/3899/3395 3907/3907/3403
f 2779/2779/473 2771/2771/2653 3900/3900/3396
f 3908/3908/3404 3900/3900/3396 3909/3909/3405
f 3910/3910/3406 3902/3902/3398 3903/3903/3399
f 3911/3911/3407 3903/3903/3399 2772/2772/458
f 3912/3912/3408 3905/3905/3401 3913/3913/3409
f 3905/3905/3401 2783/2783/2663 2791/2791/2666
f 2776/2776/2657 3906/3906/3402 3914/3914/3410
f 3906/3906/3402 3907/3907/3403 3915/3915/1576
f 2787/2787/479 2779/2779/473 3908/3908/3404
f 3916/3916/3411 3908/3908/3404 3917/3917/3412
f 3918/3918/3413 3910/3910/3406 3911/3911/3407
f 3919/3919/3414 3911/3911/3407 2780/2780/2660
f 3920/3920/3415 3913/3913/3409 3921/3921/3416
f 3913/3913/3409 2791/2791/2666 2797/2797/2670
f 2784/2784/2664 3914/3914/3410 3922/3922/3417
f 3914/3914/3410 3915/3915/1576 3923/3923/3418
f 2794/2794/2668 2787/2787/479 3916/3916/3411
f 3924/3924/3419 3916/3916/3411 3925/3925/3420
f 3926/3926/1597 3918/3918/3413 3919/3919/3414
f 3927/3927/3421 3919/3919/3414 2788/2788/474
f 3928/3928/1590 3921/3921/3416 3929/3929/3422
f 3921/3921/3416 2797/2797/2670 3930/3930/477
f 2792/2792/469 3922/3922/3417 3931/3931/3423
f 3922/3922/3417 3923/3923/3418 3932/3932/3424
f 2794/2794/2668 3924/3924/3419 3933/3933/3425
f 3924/3924/3419 3934/3934/3426 3935/3935/3427
f 3926/3926/1597 3927/3927/3421 3936/3936/3428
f 3927/3927/3421 2795/2795/480 2808/2808/487
f 3937/3937/3429 3938/3938/3430 3929/3929/3422
f 3939/3939/3431 3929/3929/3422 3930/3930/477
f 2804/2804/490 2798/2798/2671 3931/3931/3423
f 3940/3940/3432 3931/3931/3423 3932/3932/3424
f 2801/2801/2674 3933/3933/3425 3941/3941/3433
f 3933/3933/3425 3935/3935/3427 3942/3942/3434
f 3943/3943/488 3936/3936/3428 3944/3944/1611
f 3936/3936/3428 2808/2808/487 2816/2816/2684
f 3945/3945/3435 3937/3937/3429 3939/3939/3431
f 3946/3946/3436 3939/3939/3431 2805/2805/2677
f 2812/2812/2681 2804/2804/490 3940/3940/3432
f 3947/3947/3437 3940/3940/3432 3948/3948/3438
f 2809/2809/494 3941/3941/3433 3949/3949/3439
f 3941/3941/3433 3942/3942/3434 3950/3950/3440
f 3951/3951/1620 3944/3944/1611 3952/3952/1619
f 3944/3944/1611 2816/2816/2684 2823/2823/2690
f 3953/3953/3441 3945/3945/3435 3946/3946/3436
f 3954/3954/1613 3946/3946/3436 2813/2813/491
f 2820/2820/505 2812/2812/2681 3947/3947/3437
f 3955/3955/1616 3947/3947/3437 3956/3956/3442
f 2817/2817/2685 3949/3949/3439 3957/3957/3443
f 3949/3949/3439 3950/3950/3440 3958/3958/3444
f 3959/3959/3445 3952/3952/1619 3960/3960/3446
f 3952/3952/1619 2823/2823/2690 3961/3961/510
f 3962/3962/3447 3953/3953/3441 3954/3954/1613
f 3963/3963/3448 3954/3954/1613 2821/2821/2688
f 2827/2827/1625 2820/2820/505 3955/3955/1616
f 3964/3964/3449 3955/3955/1616 3965/3965/3450
f 2831/2831/2696 2824/2824/509 3957/3957/3443
f 3966/3966/3451 3957/3957/3443 3958/3958/3444
f 3967/3967/526 3968/3968/3452 3960/3960/3446
f 3969/3969/3453 3960/3960/3446 3961/3961/510
f 3962/3962/3447 3963/3963/3448 3970/3970/3454
f 3963/3963/3448 2828/2828/2693 2842/2842/2704
f 2827/2827/1625 3964/3964/3449 3971/3971/3455
f 3964/3964/3449 3972/3972/3456 3973/3973/519
f 2838/2838/532 2831/2831/2696 3966/3966/3451
f 3974/3974/3457 3966/3966/3451 3975/3975/3458
f 3976/3976/3459 3967/3967/526 3969/3969/3453
f 3977/3977/3460 3969/3969/3453 2832/2832/2697
f 3978/3978/3461 3970/3970/3454 3979/3979/1636
f 3970/3970/3454 2842/2842/2704 2850/2850/521
f 2835/2835/2700 3971/3971/3455 3980/3980/3462
f 3971/3971/3455 3973/3973/519 3981/3981/3463
f 2846/2846/540 2838/2838/532 3974/3974/3457
f 3982/3982/3464 3974/3974/3457 3983/3983/3465
f 3984/3984/3466 3976/3976/3459 3977/3977/3460
f 3985/3985/3467 3977/3977/3460 2839/2839/525
f 3986/3986/3468 3979/3979/1636 3987/3987/3469
f 3979/3979/1636 2850/2850/521 2858/2858/2715
f 2843/2843/2705 3980/3980/3462 3988/3988/1647
f 3980/3980/3462 3981/3981/3463 3989/3989/3470
f 2854/2854/2712 2846/2846/540 3982/3982/3464
f 3990/3990/3471 3982/3982/3464 3991/3991/3472
f 3992/3992/3473 3984/3984/3466 3985/3985/3467
f 3993/3993/3474 3985/3985/3467 2847/2847/2707
f 3994/3994/3475 3987/3987/3469 3995/3995/3476
f 3987/3987/3469 2858/2858/2715 2865/2865/2721
f 2851/2851/528 3988/3988/1647 3996/3996/3477
f 3988/3988/1647 3989/3989/3470 3997/3997/3478
f 2862/2862/555 2854/2854/2712 3990/3990/3471
f 3998/3998/3479 3990/3990/3471 3999/3999/2714
f 4000/4000/2724 3992/3992/3473 3993/3993/3474
f 4001/4001/3480 3993/3993/3474 2855/2855/2713
f 4002/4002/3481 3995/3995/3476 4003/4003/3482
f 3995/3995/3476 2865/2865/2721 2873/2873/545
f 2859/2859/2716 3996/3996/3477 4004/4004/3483
f 3996/3996/3477 3997/3997/3478 4005/4005/2728
f 2869/2869/2725 2862/2862/555 3998/3998/3479
f 4006/4006/3484 3998/3998/3479 4007/4007/3485
f 4008/4008/3486 4000/4000/2724 4001/4001/3480
f 4009/4009/3487 4001/4001/3480 2863/2863/2719
f 4010/4010/3488 4003/4003/3482 4011/4011/3489
f 4003/4003/3482 2873/2873/545 4012/4012/3490
f 2866/2866/2722 4004/4004/3483 4013/4013/3491
f 4004/4004/3483 4005/4005/2728 4014/4014/3492
f 2869/2869/2725 4006/4006/3484 4015/4015/3493
f 4006/4006/3484 4016/4016/1680 4017/4017/3494
f 4008/4008/3486 4009/4009/3487 4018/4018/3495
f 4009/4009/3487 2870/2870/556 2884/2884/2736
f 4019/4019/1677 4020/4020/3496 4011/4011/3489
f 4021/4021/3497 4011/4011/3489 4012/4012/3490
f 2880/2880/2732 2874/2874/2727 4013/4013/3491
f 4022/4022/3498 4013/4013/3491 4014/4014/3492
f 2877/2877/2730 4015/4015/3493 4023/4023/3499
f 4015/4015/3493 4017/4017/3494 4024/4024/3500
f 4025/4025/3501 4018/4018/3495 4026/4026/1689
f 4018/4018/3495 2884/2884/2736 4027/4027/571
f 4028/4028/3502 4019/4019/1677 4021/4021/3497
f 4029/4029/3503 4021/4021/3497 2881/2881/2733
f 2888/2888/2738 2880/2880/2732 4022/4022/3498
f 4030/4030/3504 4022/4022/3498 4031/4031/3505
f 2891/2891/2740 2885/2885/570 4023/4023/3499
f 4032/4032/3506 4023/4023/3499 4024/4024/3500
f 4033/4033/3507 4034/4034/3508 4026/4026/1689
f 4035/4035/3509 4026/4026/1689 4027/4027/571
f 4028/4028/3502 4029/4029/3503 4036/4036/3510
f 4029/4029/3503 2889/2889/567 2902/2902/574
f 2888/2888/2738 4030/4030/3504 4037/4037/3511
f 4030/4030/3504 4038/4038/3512 4039/4039/3513
f 2898/2898/2746 2891/2891/2740 4032/4032/3506
f 4040/4040/3514 4032/4032/3506 4041/4041/3515
f 4042/4042/1706 4033/4033/3507 4035/4035/3509
f 4043/4043/3516 4035/4035/3509 2892/2892/2741
f 4044/4044/1700 4036/4036/3510 4045/4045/3517
f 4036/4036/3510 2902/2902/574 2910/2910/581
f 2895/2895/2743 4037/4037/3511 4046/4046/1702
f 4037/4037/3511 4039/4039/3513 4047/4047/3518
f 2906/2906/600 2898/2898/2746 4040/4040/3514
f 4048/4048/1711 4040/4040/3514 4049/4049/3519
f 4050/4050/1713 4042/4042/1706 4043/4043/3516
f 4051/4051/3520 4043/4043/3516 2899/2899/585
f 4052/4052/1708 4045/4045/3517 4053/4053/3521
f 4045/4045/3517 2910/2910/581 2918/2918/2757
f 2903/2903/2748 4046/4046/1702 4054/4054/3522
f 4046/4046/1702 4047/4047/3518 4055/4055/3523
f 2914/2914/2754 2906/2906/600 4048/4048/1711
f 4056/4056/3524 4048/4048/1711 4057/4057/3525
f 4058/4058/1721 4050/4050/1713 4051/4051/3520
f 4059/4059/3526 4051/4051/3520 2907/2907/2750
f 4060/4060/1715 4053/4053/3521 4061/4061/1714
f 4053/4053/3521 2918/2918/2757 2926/2926/2762
f 2911/2911/2752 4054/4054/3522 4062/4062/3527
f 4054/4054/3522 4055/4055/3523 4063/4063/3528
f 2922/2922/2759 2914/2914/2754 4056/4056/3524
f 4064/4064/3529 4056/4056/3524 4065/4065/3530
f 4066/4066/1729 4058/4058/1721 4059/4059/3526
f 4067/4067/1728 4059/4059/3526 2915/2915/2755
f 4068/4068/1723 4061/4061/1714 4069/4069/3531
f 4061/4061/1714 2926/2926/2762 2932/2932/2765
f 2919/2919/596 4062/4062/3527 4070/4070/3532
f 4062/4062/3527 4063/4063/3528 4071/4071/3533
f 2929/2929/2764 2922/2922/2759 4064/4064/3529
f 4072/4072/3534 4064/4064/3529 4073/4073/1734
f 4074/4074/616 4066/4066/1729 4067/4067/1728
f 4075/4075/1736 4067/4067/1728 2923/2923/2760
f 4076/4076/1731 4069/4069/3531 4077/4077/1730
f 4069/4069/3531 2932/2932/2765 2940/2940/612
f 2927/2927/2763 4070/4070/3532 4078/4078/3535
f 4070/4070/3532 4071/4071/3533 4079/4079/3536
f 2936/2936/627 2929/2929/2764 4072/4072/3534
f 4080/4080/3537 4072/4072/3534 4081/4081/613
f 4082/4082/2770 4074/4074/616 4075/4075/1736
f 4083/4083/1742 4075/4075/1736 2930/2930/621
f 4084/4084/618 4077/4077/1730 4085/4085/3538
f 4077/4077/1730 2940/2940/612 2947/2947/624
f 2933/2933/2766 4078/4078/3535 4086/4086/1740
f 4078/4078/3535 4079/4079/3536 4087/4087/1739
f 2943/2943/2771 2936/2936/627 4080/4080/3537
f 4088/4088/1749 4080/4080/3537 4089/4089/3539
f 4090/4090/3540 4082/4082/2770 4083/4083/1742
f 4091/4091/1750 4083/4083/1742 2937/2937/2769
f 4092/4092/3541 4085/4085/3538 4093/4093/1744
f 4085/4085/3538 2947/2947/624 2954/2954/2776
f 2941/2941/611 4086/4086/1740 4094/4094/1747
f 4086/4086/1740 4087/4087/1739 4095/4095/3542
f 2951/2951/633 2943/2943/2771 4088/4088/1749
f 4096/4096/1756 4088/4088/1749 4097/4097/1755
f 4098/4098/3543 4090/4090/3540 4091/4091/1750
f 4099/4099/1757 4091/4091/1750 2944/2944/2769
f 4100/4100/3544 4093/4093/1744 4101/4101/1752
f 4093/4093/1744 2954/2954/2776 2962/2962/2784
f 2948/2948/611 4094/4094/1747 4102/4102/3545
f 4094/4094/1747 4095/4095/3542 4103/4103/3546
f 2958/2958/2780 2951/2951/633 4096/4096/1756
f 4104/4104/1763 4096/4096/1756 4105/4105/3547
f 4106/4106/2785 4098/4098/3543 4099/4099/1757
f 4107/4107/1764 4099/4099/1757 2952/2952/2774
f 4108/4108/3548 4101/4101/1752 4109/4109/3549
f 4101/4101/1752 2962/2962/2784 2970/2970/638
f 2955/2955/2777 4102/4102/3545 4110/4110/3550
f 4102/4102/3545 4103/4103/3546 4111/4111/3551
f 2966/2966/2787 2958/2958/2780 4104/4104/1763
f 4112/4112/1769 4104/4104/1763 4113/4113/2789
f 4114/4114/3552 4106/4106/2785 4107/4107/1764
f 4115/4115/3553 4107/4107/1764 2959/2959/2781
f 4116/4116/3554 4109/4109/3549 4117/4117/3555
f 4109/4109/3549 2970/2970/638 2978/2978/2795
f 2963/2963/637 4110/4110/3550 4118/4118/3556
f 4110/4110/3550 4111/4111/3551 4119/4119/3557
f 2974/2974/665 2966/2966/2787 4112/4112/1769
f 4120/4120/3558 4112/4112/1769 4121/4121/3559
f 4122/4122/1779 4114/4114/3552 4115/4115/3553
f 4123/4123/3560 4115/4115/3553 2967/2967/2788
f 4124/4124/3561 4117/4117/3555 4125/4125/3562
f 4117/4117/3555 2978/2978/2795 2986/2986/2801
f 2971/2971/2791 4118/4118/3556 4126/4126/3563
f 4118/4118/3556 4119/4119/3557 4127/4127/3564
f 2982/2982/2798 2974/2974/665 4120/4120/3558
f 4128/4128/3565 4120/4120/3558 4129/4129/3566
f 4130/4130/2802 4122/4122/1779 4123/4123/3560
f 4131/4131/3567 4123/4123/3560 2975/2975/2793
f 4132/4132/1781 4125/4125/3562 4133/4133/1780
f 4125/4125/3562 2986/2986/2801 2992/2992/2806
f 2979/2979/2796 4126/4126/3563 4134/4134/3568
f 4126/4126/3563 4127/4127/3564 4135/4135/3569
f 2989/2989/2803 2982/2982/2798 4128/4128/3565
f 4136/4136/3570 4128/4128/3565 4137/4137/3571
f 4138/4138/3572 4130/4130/2802 4131/4131/3567
f 4139/4139/1792 4131/4131/3567 2983/2983/2799
f 4140/4140/1787 4133/4133/1780 4141/4141/3573
f 4133/4133/1780 2992/2992/2806 3000/3000/2812
f 2987/2987/661 4134/4134/3568 4142/4142/1789
f 4134/4134/3568 4135/4135/3569 4143/4143/3574
f 2996/2996/687 2989/2989/2803 4136/4136/3570
f 4144/4144/3575 4136/4136/3570 4145/4145/3576
f 4146/4146/3577 4138/4138/3572 4139/4139/1792
f 4147/4147/3578 4139/4139/1792 2990/2990/2804
f 4148/4148/3579 4141/4141/3573 4149/4149/3580
f 4141/4141/3573 3000/3000/2812 3008/3008/2819
f 2993/2993/2807 4142/4142/1789 4150/4150/3581
f 4142/4142/1789 4143/4143/3574 4151/4151/3582
f 3004/3004/2815 2996/2996/687 4144/4144/3575
f 4152/4152/3583 4144/4144/3575 4153/4153/3584
f 4154/4154/1807 4146/4146/3577 4147/4147/3578
f 4155/4155/3585 4147/4147/3578 2997/2997/680
f 4156/4156/3586 4149/4149/3580 4157/4157/1801
f 4149/4149/3580 3008/3008/2819 3016/3016/2824
f 3001/3001/675 4150/4150/3581 4158/4158/1803
f 4150/4150/3581 4151/4151/3582 4159/4159/3587
f 3012/3012/2821 3004/3004/2815 4152/4152/3583
f 4160/4160/1812 4152/4152/3583 4161/4161/3588
f 4162/4162/3589 4154/4154/1807 4155/4155/3585
f 4163/4163/3590 4155/4155/3585 3005/3005/2816
f 4164/4164/3591 4157/4157/1801 4165/4165/3592
f 4157/4157/1801 3016/3016/2824 4166/4166/3593
f 3009/3009/683 4158/4158/1803 4167/4167/1811
f 4158/4158/1803 4159/4159/3587 4168/4168/3594
f 3012/3012/2821 4160/4160/1812 3777/3777/3319
f 4160/4160/1812 4169/4169/3595 3774/3774/3317
f 4162/4162/3589 4163/4163/3590 4170/4170/3596
f 4163/4163/3590 3013/3013/696 4171/4171/701
f 3780/3780/3320 4172/4172/3597 4165/4165/3592
f 3781/3781/3321 4165/4165/3592 4166/4166/3593
f 3549/3549/1225 3548/3548/3172 4173/4173/3598
f 4174/4174/3599 4173/4173/3598 4175/4175/699
f 3021/3021/2827 3017/3017/2825 4167/4167/1811
f 4176/4176/3600 4167/4167/1811 4168/4168/3594
f 4177/4177/1831 4170/4170/3596 4178/4178/3601
f 4170/4170/3596 4171/4171/701 4179/4179/718
f 4180/4180/1472 4181/4181/3602 4182/4182/1828
f 4183/4183/3603 3036/3036/2836 3035/3035/2835
f 3038/3038/1826 3021/3021/2827 4176/4176/3600
f 4184/4184/1825 4176/4176/3600 4185/4185/1824
f 3032/3032/2832 3031/3031/2831 3790/3790/1474
f 4186/4186/1836 3790/3790/1474 3791/3791/1472
f 4187/4187/720 4188/4188/3604 4178/4178/3601
f 4189/4189/3605 4178/4178/3601 4179/4179/718
f 3795/3795/1468 3797/3797/1467 4190/4190/1832
f 3797/3797/1467 3037/3037/2837 3048/3048/2846
f 3038/3038/1826 4184/4184/1825 4191/4191/1835
f 4184/4184/1825 4192/4192/1834 4193/4193/3606
f 3043/3043/2841 3032/3032/2832 4186/4186/1836
f 4194/4194/3607 4186/4186/1836 4195/4195/1843
f 4196/4196/1847 4187/4187/720 4189/4189/3605
f 4197/4197/3608 4189/4189/3605 3033/3033/2833
f 4198/4198/1840 4190/4190/1832 4199/4199/3609
f 4190/4190/1832 3048/3048/2846 4200/4200/3610
f 3039/3039/2838 4191/4191/1835 4201/4201/3611
f 4191/4191/1835 4193/4193/3606 4202/4202/3612
f 3043/3043/2841 4194/4194/3607 4203/4203/1853
f 4194/4194/3607 4204/4204/2845 4205/4205/3613
f 4196/4196/1847 4197/4197/3608 4206/4206/3614
f 4197/4197/3608 3044/3044/2842 3058/3058/2854
f 4207/4207/3615 4208/4208/725 4199/4199/3609
f 4209/4209/1848 4199/4199/3609 4200/4200/3610
f 3054/3054/2851 3049/3049/2847 4201/4201/3611
f 4210/4210/3616 4201/4201/3611 4202/4202/3612
f 3052/3052/2849 4203/4203/1853 4211/4211/1860
f 4203/4203/1853 4205/4205/3613 4212/4212/3617
f 4213/4213/735 4206/4206/3614 4214/4214/3618
f 4206/4206/3614 3058/3058/2854 3065/3065/742
f 4215/4215/1856 4207/4207/3615 4209/4209/1848
f 4216/4216/3619 4209/4209/1848 3055/3055/2852
f 3062/3062/2857 3054/3054/2851 4210/4210/3616
f 4217/4217/3620 4210/4210/3616 4218/4218/1857
f 3059/3059/2855 4211/4211/1860 4219/4219/3621
f 4211/4211/1860 4212/4212/3617 4220/4220/3622
f 4221/4221/3623 4214/4214/3618 4222/4222/3624
f 4214/4214/3618 3065/3065/742 3072/3072/748
f 4223/4223/3625 4215/4215/1856 4216/4216/3619
f 4224/4224/3626 4216/4216/3619 3063/3063/2858
f 3068/3068/751 3062/3062/2857 4217/4217/3620
f 4225/4225/3627 4217/4217/3620 4226/4226/3628
f 3066/3066/2860 4219/4219/3621 4227/4227/3629
f 4219/4219/3621 4220/4220/3622 4228/4228/3630
f 4229/4229/749 4222/4222/3624 4230/4230/3631
f 4222/4222/3624 3072/3072/748 3079/3079/2869
f 4231/4231/3632 4223/4223/3625 4224/4224/3626
f 4232/4232/3633 4224/4224/3626 3069/3069/2862
f 3076/3076/758 3068/3068/751 4225/4225/3627
f 4233/4233/3634 4225/4225/3627 4234/4234/2864
f 3073/3073/2865 4227/4227/3629 4235/4235/1882
f 4227/4227/3629 4228/4228/3630 4236/4236/3635
f 4237/4237/2868 4230/4230/3631 4238/4238/3636
f 4230/4230/3631 3079/3079/2869 3087/3087/2874
f 4239/4239/1878 4231/4231/3632 4232/4232/3633
f 4240/4240/3637 4232/4232/3633 3077/3077/752
f 3083/3083/2871 3076/3076/758 4233/4233/3634
f 4241/4241/3638 4233/4233/3634 4242/4242/3639
f 3080/3080/762 4235/4235/1882 4243/4243/1890
f 4235/4235/1882 4236/4236/3635 4244/4244/3640
f 4245/4245/3641 4238/4238/3636 4246/4246/1891
f 4238/4238/3636 3087/3087/2874 3094/3094/770
f 4247/4247/3642 4239/4239/1878 4240/4240/3637
f 4248/4248/3643 4240/4240/3637 3084/3084/759
f 3090/3090/773 3083/3083/2871 4241/4241/3638
f 4249/4249/3644 4241/4241/3638 4250/4250/3645
f 3088/3088/2875 4243/4243/1890 4251/4251/3646
f 4243/4243/1890 4244/4244/3640 4252/4252/3647
f 4253/4253/771 4246/4246/1891 4254/4254/3648
f 4246/4246/1891 3094/3094/770 3101/3101/2885
f 4255/4255/3649 4247/4247/3642 4248/4248/3643
f 4256/4256/1893 4248/4248/3643 3091/3091/2877
f 3098/3098/2882 3090/3090/773 4249/4249/3644
f 4257/4257/1896 4249/4249/3644 4258/4258/2878
f 3095/3095/2879 4251/4251/3646 4259/4259/1905
f 4251/4251/3646 4252/4252/3647 4260/4260/3650
f 4261/4261/3651 4254/4254/3648 4262/4262/3652
f 4254/4254/3648 3101/3101/2885 3109/3109/785
f 4263/4263/3653 4255/4255/3649 4256/4256/1893
f 4264/4264/3654 4256/4256/1893 3099/3099/2883
f 3105/3105/788 3098/3098/2882 4257/4257/1896
f 4265/4265/1903 4257/4257/1896 4266/4266/3655
f 3102/3102/784 4259/4259/1905 4267/4267/3656
f 4259/4259/1905 4260/4260/3650 4268/4268/2897
f 4269/4269/3657 4262/4262/3652 4270/4270/1914
f 4262/4262/3652 3109/3109/785 4271/4271/3658
f 4272/4272/3659 4263/4263/3653 4264/4264/3654
f 4273/4273/3660 4264/4264/3654 3106/3106/781
f 3113/3113/2893 3105/3105/788 4265/4265/1903
f 4274/4274/3661 4265/4265/1903 4275/4275/3662
f 3117/3117/807 3110/3110/2890 4267/4267/3656
f 4276/4276/1920 4267/4267/3656 4268/4268/2897
f 4277/4277/3663 4278/4278/3664 4270/4270/1914
f 4279/4279/3665 4270/4270/1914 4271/4271/3658
f 4272/4272/3659 4273/4273/3660 4280/4280/1916
f 4273/4273/3660 3114/3114/789 3128/3128/797
f 3113/3113/2893 4274/4274/3661 4281/4281/3666
f 4274/4274/3661 4282/4282/3667 4283/4283/3668
f 3124/3124/2902 3117/3117/807 4276/4276/1920
f 4284/4284/3669 4276/4276/1920 4285/4285/3670
f 4286/4286/3671 4277/4277/3663 4279/4279/3665
f 4287/4287/1929 4279/4279/3665 3118/3118/2896
f 4288/4288/3672 4280/4280/1916 4289/4289/3673
f 4280/4280/1916 3128/3128/797 3136/3136/2911
f 3121/3121/2899 4281/4281/3666 4290/4290/3674
f 4281/4281/3666 4283/4283/3668 4291/4291/2913
f 3132/3132/2907 3124/3124/2902 4284/4284/3669
f 4292/4292/3675 4284/4284/3669 4293/4293/3676
f 4294/4294/3677 4286/4286/3671 4287/4287/1929
f 4295/4295/1937 4287/4287/1929 3125/3125/808
f 4296/4296/3678 4289/4289/3673 4297/4297/3679
f 4289/4289/3673 3136/3136/2911 4298/4298/812
f 3129/3129/803 4290/4290/3674 4299/4299/3680
f 4290/4290/3674 4291/4291/2913 4300/4300/3681
f 3132/3132/2907 4292/4292/3675 4301/4301/3682
f 4292/4292/3675 4302/4302/3683 4303/4303/1942
f 4294/4294/3677 4295/4295/1937 4304/4304/1945
f 4295/4295/1937 3133/3133/2908 3147/3147/2921
f 4305/4305/3684 4306/4306/3685 4297/4297/3679
f 4307/4307/3686 4297/4297/3679 4298/4298/812
f 3143/3143/2918 3137/3137/2912 4299/4299/3680
f 4308/4308/3687 4299/4299/3680 4300/4300/3681
f 3140/3140/2915 4301/4301/3682 4309/4309/3688
f 4301/4301/3682 4303/4303/1942 4310/4310/3689
f 4311/4311/1952 4304/4304/1945 4312/4312/1951
f 4304/4304/1945 3147/3147/2921 3155/3155/2926
f 4313/4313/1947 4305/4305/3684 4307/4307/3686
f 4314/4314/3690 4307/4307/3686 3144/3144/2919
f 3151/3151/2923 3143/3143/2918 4308/4308/3687
f 4315/4315/3691 4308/4308/3687 4316/4316/825
f 3148/3148/830 4309/4309/3688 4317/4317/3692
f 4309/4309/3688 4310/4310/3689 4318/4318/1956
f 4319/4319/2925 4312/4312/1951 4320/4320/1958
f 4312/4312/1951 3155/3155/2926 3163/3163/839
f 4321/4321/1954 4313/4313/1947 4314/4314/3690
f 4322/4322/3693 4314/4314/3690 3152/3152/827
f 3159/3159/2928 3151/3151/2923 4315/4315/3691
f 4323/4323/3694 4315/4315/3691 4324/4324/3695
f 3156/3156/2927 4317/4317/3692 4325/4325/3696
f 4317/4317/3692 4318/4318/1956 4326/4326/1964
f 4327/4327/847 4320/4320/1958 4328/4328/1966
f 4320/4320/1958 3163/3163/839 3170/3170/2936
f 4329/4329/1961 4321/4321/1954 4322/4322/3693
f 4330/4330/1960 4322/4322/3693 3160/3160/2929
f 3166/3166/2932 3159/3159/2928 4323/4323/3694
f 4331/4331/1963 4323/4323/3694 4332/4332/3697
f 3164/3164/2931 4325/4325/3696 4333/4333/3698
f 4325/4325/3696 4326/4326/1964 4334/4334/3699
f 4335/4335/3700 4328/4328/1966 4336/4336/3701
f 4328/4328/1966 3170/3170/2936 3178/3178/854
f 4337/4337/3702 4329/4329/1961 4330/4330/1960
f 4338/4338/3703 4330/4330/1960 3167/3167/2933
f 3174/3174/857 3166/3166/2932 4331/4331/1963
f 4339/4339/3704 4331/4331/1963 4340/4340/3705
f 3171/3171/853 4333/4333/3698 4341/4341/3706
f 4333/4333/3698 4334/4334/3699 4342/4342/3707
f 4343/4343/3708 4336/4336/3701 4344/4344/3709
f 4336/4336/3701 3178/3178/854 3185/3185/862
f 4345/4345/3710 4337/4337/3702 4338/4338/3703
f 4346/4346/3711 4338/4338/3703 3175/3175/2939
f 3182/3182/2943 3174/3174/857 4339/4339/3704
f 4347/4347/3712 4339/4339/3704 4348/4348/3713
f 3179/3179/861 4341/4341/3706 4349/4349/1988
f 4341/4341/3706 4342/4342/3707 4350/4350/3714
f 4351/4351/3715 4344/4344/3709 4352/4352/1989
f 4344/4344/3709 3185/3185/862 3193/3193/2950
f 4353/4353/1984 4345/4345/3710 4346/4346/3711
f 4354/4354/3716 4346/4346/3711 3183/3183/858
f 3189/3189/2946 3182/3182/2943 4347/4347/3712
f 4355/4355/3717 4347/4347/3712 4356/4356/3718
f 3186/3186/868 4349/4349/1988 4357/4357/3719
f 4349/4349/1988 4350/4350/3714 4358/4358/3720
f 4359/4359/2949 4352/4352/1989 4360/4360/3721
f 4352/4352/1989 3193/3193/2950 3201/3201/877
f 4361/4361/1992 4353/4353/1984 4354/4354/3716
f 4362/4362/1991 4354/4354/3716 3190/3190/2947
f 3197/3197/880 3189/3189/2946 4355/4355/3717
f 4363/4363/1994 4355/4355/3717 4364/4364/3722
f 3194/3194/2951 4357/4357/3719 4365/4365/3723
f 4357/4357/3719 4358/4358/3720 4366/4366/3724
f 4367/4367/3725 4360/4360/3721 4368/4368/3726
f 4360/4360/3721 3201/3201/877 3208/3208/2962
f 4369/4369/2957 4361/4361/1992 4362/4362/1991
f 4370/4370/3727 4362/4362/1991 3198/3198/2953
f 3204/3204/2958 3197/3197/880 4363/4363/1994
f 4371/4371/3728 4363/4363/1994 4372/4372/3729
f 3202/3202/2956 4365/4365/3723 4373/4373/3730
f 4365/4365/3723 4366/4366/3724 4374/4374/2008
f 4375/4375/3731 4368/4368/3726 4376/4376/3732
f 4368/4368/3726 3208/3208/2962 3216/3216/892
f 4377/4377/2006 4369/4369/2957 4370/4370/3727
f 4378/4378/3733 4370/4370/3727 3205/3205/2959
f 3212/3212/411 3204/3204/2958 4371/4371/3728
f 4379/4379/3734 4371/4371/3728 4380/4380/3735
f 3209/3209/2621 4373/4373/3730 4381/4381/2017
f 4373/4373/3730 4374/4374/2008 4382/4382/2016
f 4383/4383/2019 4376/4376/3732 4384/4384/2018
f 4376/4376/3732 3216/3216/892 3224/3224/2971
f 4385/4385/2013 4377/4377/2006 4378/4378/3733
f 4386/4386/3736 4378/4378/3733 3213/3213/2965
f 3220/3220/902 3212/3212/411 4379/4379/3734
f 4387/4387/3737 4379/4379/3734 4388/4388/3738
f 3217/3217/2967 4381/4381/2017 4389/4389/2026
f 4381/4381/2017 4382/4382/2016 4390/4390/3739
f 4391/4391/3740 4384/4384/2018 4392/4392/2027
f 4384/4384/2018 3224/3224/2971 4393/4393/907
f 4394/4394/3741 4385/4385/2013 4386/4386/3736
f 4395/4395/3742 4386/4386/3736 3221/3221/2968
f 3228/3228/2024 3220/3220/902 4387/4387/3737
f 4396/4396/2023 4387/4387/3737 4397/4397/3743
f 3232/3232/920 3225/3225/2972 4389/4389/2026
f 4398/4398/3744 4389/4389/2026 4390/4390/3739
f 4399/4399/3745 4400/4400/3746 4392/4392/2027
f 4401/4401/3747 4392/4392/2027 4393/4393/907
f 4394/4394/3741 4395/4395/3742 4402/4402/3748
f 4395/4395/3742 3229/3229/2973 3242/3242/2980
f 3228/3228/2024 4396/4396/2023 4403/4403/2031
f 4396/4396/2023 4404/4404/3749 4405/4405/3750
f 3238/3238/2979 3232/3232/920 4398/4398/3744
f 4406/4406/3751 4398/4398/3744 4407/4407/913
f 4408/4408/3752 4399/4399/3745 4401/4401/3747
f 4409/4409/2041 4401/4401/3747 3233/3233/2975
f 4410/4410/3753 4402/4402/3748 4411/4411/2034
f 4402/4402/3748 3242/3242/2980 4412/4412/3754
f 3236/3236/2978 4403/4403/2031 4413/4413/3755
f 4403/4403/2031 4405/4405/3750 4414/4414/3756
f 3238/3238/2979 4406/4406/3751 4415/4415/3757
f 4406/4406/3751 4416/4416/919 4417/4417/3758
f 4408/4408/3752 4409/4409/2041 4418/4418/3759
f 4409/4409/2041 3239/3239/921 3252/3252/2987
f 4419/4419/3760 4420/4420/2045 4411/4411/2034
f 4421/4421/3761 4411/4411/2034 4412/4412/3754
f 3248/3248/2984 3243/3243/916 4413/4413/3755
f 4422/4422/3762 4413/4413/3755 4414/4414/3756
f 3246/3246/2982 4415/4415/3757 4423/4423/2054
f 4415/4415/3757 4417/4417/3758 4424/4424/3763
f 4425/4425/2056 4418/4418/3759 4426/4426/3764
f 4418/4418/3759 3252/3252/2987 3259/3259/2992
f 4427/4427/3765 4419/4419/3760 4421/4421/3761
f 4428/4428/3766 4421/4421/3761 3249/3249/2985
f 3256/3256/2990 3248/3248/2984 4422/4422/3762
f 4429/4429/2052 4422/4422/3762 4430/4430/3767
f 3253/3253/2988 4423/4423/2054 4431/4431/3768
f 4423/4423/2054 4424/4424/3763 4432/4432/2994
f 4433/4433/3769 4426/4426/3764 4434/4434/3770
f 4426/4426/3764 3259/3259/2992 3267/3267/942
f 4435/4435/3771 4427/4427/3765 4428/4428/3766
f 4436/4436/3772 4428/4428/3766 3257/3257/931
f 3263/3263/2995 3256/3256/2990 4429/4429/2052
f 4437/4437/3773 4429/4429/2052 4438/4438/3774
f 3260/3260/2993 4431/4431/3768 4439/4439/3775
f 4431/4431/3768 4432/4432/2994 4440/4440/3776
f 4441/4441/2577 4434/4434/3770 4442/4442/3777
f 4434/4434/3770 3267/3267/942 3274/3274/3003
f 4443/4443/3778 4435/4435/3771 4436/4436/3772
f 4444/4444/3779 4436/4436/3772 3264/3264/938
f 3270/3270/3000 3263/3263/2995 4437/4437/3773
f 4445/4445/3780 4437/4437/3773 4446/4446/2067
f 3268/3268/2998 4439/4439/3775 4447/4447/2077
f 4439/4439/3775 4440/4440/3776 4448/4448/3781
f 4449/4449/3782 4442/4442/3777 4450/4450/3783
f 4442/4442/3777 3274/3274/3003 3282/3282/3007
f 4451/4451/2074 4443/4443/3778 4444/4444/3779
f 4452/4452/2073 4444/4444/3779 3271/3271/3001
f 3278/3278/3005 3270/3270/3000 4445/4445/3780
f 4453/4453/3784 4445/4445/3780 4454/4454/2075
f 3275/3275/956 4447/4447/2077 4455/4455/3785
f 4447/4447/2077 4448/4448/3781 4456/4456/3786
f 4457/4457/958 4450/4450/3783 4458/4458/3787
f 4450/4450/3783 3282/3282/3007 3288/3288/3010
f 4459/4459/3788 4451/4451/2074 4452/4452/2073
f 4460/4460/3789 4452/4452/2073 3279/3279/953
f 3285/3285/3009 3278/3278/3005 4453/4453/3784
f 4461/4461/3790 4453/4453/3784 4462/4462/2082
f 3283/3283/963 4455/4455/3785 4463/4463/3791
f 4455/4455/3785 4456/4456/3786 4464/4464/3792
f 4465/4465/972 4458/4458/3787 4466/4466/2094
f 4458/4458/3787 3288/3288/3010 3296/3296/971
f 4467/4467/3793 4459/4459/3788 4460/4460/3789
f 4468/4468/3794 4460/4460/3789 3286/3286/961
f 3292/3292/3014 3285/3285/3009 4461/4461/3790
f 4469/4469/3795 4461/4461/3790 4470/4470/3796
f 3289/3289/3011 4463/4463/3791 4471/4471/3797
f 4463/4463/3791 4464/4464/3792 4472/4472/2100
f 4473/4473/3798 4466/4466/2094 4474/4474/2102
f 4466/4466/2094 3296/3296/971 3304/3304/979
f 4475/4475/3799 4467/4467/3793 4468/4468/3794
f 4476/4476/3800 4468/4468/3794 3293/3293/3015
f 3300/3300/3019 3292/3292/3014 4469/4469/3795
f 4477/4477/2099 4469/4469/3795 4478/4478/3801
f 3297/3297/3016 4471/4471/3797 4479/4479/3802
f 4471/4471/3797 4472/4472/2100 4480/4480/3803
f 4481/4481/3804 4474/4474/2102 4482/4482/3805
f 4474/4474/2102 3304/3304/979 3312/3312/986
f 4483/4483/3806 4475/4475/3799 4476/4476/3800
f 4484/4484/3807 4476/4476/3800 3301/3301/3020
f 3308/3308/3023 3300/3300/3019 4477/4477/2099
f 4485/4485/3808 4477/4477/2099 4486/4486/2105
f 3305/3305/985 4479/4479/3802 4487/4487/3809
f 4479/4479/3802 4480/4480/3803 4488/4488/2114
f 4489/4489/2117 4482/4482/3805 4490/4490/3810
f 4482/4482/3805 3312/3312/986 3318/3318/993
f 4491/4491/2111 4483/4483/3806 4484/4484/3807
f 4492/4492/2110 4484/4484/3807 3309/3309/982
f 3315/3315/995 3308/3308/3023 4485/4485/3808
f 4493/4493/3811 4485/4485/3808 4494/4494/3812
f 3313/3313/3025 4487/4487/3809 4495/4495/3813
f 4487/4487/3809 4488/4488/2114 4496/4496/3814
f 4497/4497/3815 4490/4490/3810 4498/4498/3816
f 4490/4490/3810 3318/3318/993 3326/3326/3030
f 4499/4499/997 4491/4491/2111 4492/4492/2110
f 4500/4500/3817 4492/4492/2110 3316/3316/990
f 3322/3322/1003 3315/3315/995 4493/4493/3811
f 4501/4501/3818 4493/4493/3811 4502/4502/3819
f 3319/3319/999 4495/4495/3813 4503/4503/3820
f 4495/4495/3813 4496/4496/3814 4504/4504/3821
f 4505/4505/3822 4498/4498/3816 4506/4506/3823
f 4498/4498/3816 3326/3326/3030 4507/4507/1007
f 4508/4508/3824 4499/4499/997 4500/4500/3817
f 4509/4509/3825 4500/4500/3817 3323/3323/3027
f 3329/3329/3033 3322/3322/1003 4501/4501/3818
f 4510/4510/3826 4501/4501/3818 4511/4511/3827
f 3333/3333/3037 3327/3327/3031 4503/4503/3820
f 4512/4512/3828 4503/4503/3820 4504/4504/3821
f 4513/4513/2138 4514/4514/3036 4506/4506/3823
f 4515/4515/3829 4506/4506/3823 4507/4507/1007
f 4508/4508/3824 4509/4509/3825 4516/4516/3830
f 4509/4509/3825 3330/3330/3034 3343/3343/3043
f 3329/3329/3033 4510/4510/3826 4517/4517/3831
f 4510/4510/3826 4518/4518/3832 4519/4519/3833
f 3340/3340/1028 3333/3333/3037 4512/4512/3828
f 4520/4520/3834 4512/4512/3828 4521/4521/3835
f 4522/4522/3836 4513/4513/2138 4515/4515/3829
f 4523/4523/2146 4515/4515/3829 3334/3334/3038
f 4524/4524/2141 4516/4516/3830 4525/4525/3837
f 4516/4516/3830 3343/3343/3043 3351/3351/3047
f 3337/3337/1010 4517/4517/3831 4526/4526/3838
f 4517/4517/3831 4519/4519/3833 4527/4527/3839
f 3347/3347/3045 3340/3340/1028 4520/4520/3834
f 4528/4528/3840 4520/4520/3834 4529/4529/3841
f 4530/4530/3842 4522/4522/3836 4523/4523/2146
f 4531/4531/3843 4523/4523/2146 3341/3341/3041
f 4532/4532/3844 4525/4525/3837 4533/4533/2148
f 4525/4525/3837 3351/3351/3047 3358/3358/3051
f 3344/3344/1017 4526/4526/3838 4534/4534/3845
f 4526/4526/3838 4527/4527/3839 4535/4535/3846
f 3354/3354/1043 3347/3347/3045 4528/4528/3840
f 4536/4536/3847 4528/4528/3840 4537/4537/3046
f 4538/4538/3848 4530/4530/3842 4531/4531/3843
f 4539/4539/3849 4531/4531/3843 3348/3348/1029
f 4540/4540/1026 4533/4533/2148 4541/4541/3850
f 4533/4533/2148 3358/3358/3051 3366/3366/1032
f 3352/3352/1024 4534/4534/3845 4542/4542/3851
f 4534/4534/3845 4535/4535/3846 4543/4543/3852
f 3362/3362/1050 3354/3354/1043 4536/4536/3847
f 4544/4544/3853 4536/4536/3847 4545/4545/3854
f 4546/4546/3855 4538/4538/3848 4539/4539/3849
f 4547/4547/2167 4539/4539/3849 3355/3355/3049
f 4548/4548/2162 4541/4541/3850 4549/4549/3856
f 4541/4541/3850 3366/3366/1032 3373/3373/3061
f 3359/3359/3052 4542/4542/3851 4550/4550/3857
f 4542/4542/3851 4543/4543/3852 4551/4551/3858
f 3370/3370/1058 3362/3362/1050 4544/4544/3853
f 4552/4552/3859 4544/4544/3853 4553/4553/3860
f 4554/4554/1052 4546/4546/3855 4547/4547/2167
f 4555/4555/2175 4547/4547/2167 3363/3363/1044
f 4556/4556/3861 4549/4549/3856 4557/4557/3862
f 4549/4549/3856 3373/3373/3061 3381/3381/3069
f 3367/3367/3056 4550/4550/3857 4558/4558/3863
f 4550/4550/3857 4551/4551/3858 4559/4559/3864
f 3377/3377/3065 3370/3370/1058 4552/4552/3859
f 4560/4560/3865 4552/4552/3859 4561/4561/3866
f 4562/4562/2184 4554/4554/1052 4555/4555/2175
f 4563/4563/3867 4555/4555/2175 3371/3371/3059
f 4564/4564/3868 4557/4557/3862 4565/4565/3869
f 4557/4557/3862 3381/3381/3069 3389/3389/3075
f 3374/3374/3062 4558/4558/3863 4566/4566/3870
f 4558/4558/3863 4559/4559/3864 4567/4567/3871
f 3385/3385/3072 3377/3377/3065 4560/4560/3865
f 4568/4568/3872 4560/4560/3865 4569/4569/3873
f 4570/4570/2191 4562/4562/2184 4563/4563/3867
f 4571/4571/3874 4563/4563/3867 3378/3378/3066
f 4572/4572/3068 4565/4565/3869 4573/4573/3875
f 4565/4565/3869 3389/3389/3075 3397/3397/3080
f 3382/3382/3070 4566/4566/3870 4574/4574/3876
f 4566/4566/3870 4567/4567/3871 4575/4575/3877
f 3393/3393/3077 3385/3385/3072 4568/4568/3872
f 4576/4576/3878 4568/4568/3872 4577/4577/3879
f 4578/4578/3880 4570/4570/2191 4571/4571/3874
f 4579/4579/2198 4571/4571/3874 3386/3386/3073
f 4580/4580/3881 4573/4573/3875 4581/4581/3882
f 4573/4573/3875 3397/3397/3080 3403/3403/3084
f 3390/3390/1062 4574/4574/3876 4582/4582/2195
f 4574/4574/3876 4575/4575/3877 4583/4583/3883
f 3400/3400/3082 3393/3393/3077 4576/4576/3878
f 4584/4584/2204 4576/4576/3878 4585/4585/3884
f 4586/4586/3885 4578/4578/3880 4579/4579/2198
f 4587/4587/2206 4579/4579/2198 3394/3394/3078
f 4588/4588/2201 4581/4581/3882 4589/4589/3886
f 4581/4581/3882 3403/3403/3084 4590/4590/3887
f 3398/3398/1070 4582/4582/2195 4591/4591/3888
f 4582/4582/2195 4583/4583/3883 4592/4592/3889
f 3400/3400/3082 4584/4584/2204 4593/4593/3890
f 4584/4584/2204 4594/4594/2213 4595/4595/2212
f 4586/4586/3885 4587/4587/2206 4596/4596/3891
f 4587/4587/2206 3401/3401/1081 3414/3414/3091
f 4597/4597/2209 4598/4598/3892 4589/4589/3886
f 4599/4599/2208 4589/4589/3886 4590/4590/3887
f 3410/3410/3088 3404/3404/1077 4591/4591/3888
f 4600/4600/3893 4591/4591/3888 4592/4592/3889
f 3407/3407/3087 4593/4593/3890 4601/4601/3894
f 4593/4593/3890 4595/4595/2212 4602/4602/3895
f 4603/4603/2223 4596/4596/3891 4604/4604/2222
f 4596/4596/3891 3414/3414/3091 4605/4605/1096
f 4606/4606/3896 4597/4597/2209 4599/4599/2208
f 4607/4607/3897 4599/4599/2208 3411/3411/3089
f 3418/3418/2219 3410/3410/3088 4600/4600/3893
f 4608/4608/3898 4600/4600/3893 4609/4609/2217
f 3422/3422/3097 3415/3415/3092 4601/4601/3894
f 4610/4610/3899 4601/4601/3894 4602/4602/3895
f 4611/4611/2230 4612/4612/2231 4604/4604/2222
f 4613/4613/2229 4604/4604/2222 4605/4605/1096
f 4606/4606/3896 4607/4607/3897 4614/4614/3900
f 4607/4607/3897 3419/3419/3095 3432/3432/3103
f 3418/3418/2219 4608/4608/3898 4615/4615/2227
f 4608/4608/3898 4616/4616/3901 4617/4617/3902
f 3429/3429/3100 3422/3422/3097 4610/4610/3899
f 4618/4618/3903 4610/4610/3899 4619/4619/1102
f 4620/4620/3904 4611/4611/2230 4613/4613/2229
f 4621/4621/2237 4613/4613/2229 3423/3423/1103
f 4622/4622/2233 4614/4614/3900 4623/4623/3905
f 4614/4614/3900 3432/3432/3103 3440/3440/3109
f 3426/3426/1099 4615/4615/2227 4624/4624/3906
f 4615/4615/2227 4617/4617/3902 4625/4625/3907
f 3436/3436/1125 3429/3429/3100 4618/4618/3903
f 4626/4626/3908 4618/4618/3903 4627/4627/3107
f 4628/4628/1119 4620/4620/3904 4621/4621/2237
f 4629/4629/3909 4621/4621/2237 3430/3430/3101
f 4630/4630/3910 4623/4623/3905 4631/4631/2239
f 4623/4623/3905 3440/3440/3109 3448/3448/3116
f 3433/3433/3104 4624/4624/3906 4632/4632/2242
f 4624/4624/3906 4625/4625/3907 4633/4633/3911
f 3444/3444/3112 3436/3436/1125 4626/4626/3908
f 4634/4634/3912 4626/4626/3908 4635/4635/3913
f 4636/4636/3914 4628/4628/1119 4629/4629/3909
f 4637/4637/3915 4629/4629/3909 3437/3437/3106
f 4638/4638/3916 4631/4631/2239 4639/4639/3917
f 4631/4631/2239 3448/3448/3116 3456/3456/3119
f 3441/3441/3110 4632/4632/2242 4640/4640/2250
f 4632/4632/2242 4633/4633/3911 4641/4641/2249
f 3452/3452/3117 3444/3444/3112 4634/4634/3912
f 4642/4642/3918 4634/4634/3912 4643/4643/3919
f 4644/4644/1142 4636/4636/3914 4637/4637/3915
f 4645/4645/2259 4637/4637/3915 3445/3445/3113
f 4646/4646/3920 4639/4639/3917 4647/4647/3921
f 4639/4639/3917 3456/3456/3119 3463/3463/1130
f 3449/3449/1121 4640/4640/2250 4648/4648/2256
f 4640/4640/2250 4641/4641/2249 4649/4649/3922
f 3459/3459/1147 3452/3452/3117 4642/4642/3918
f 4650/4650/3923 4642/4642/3918 4651/4651/3924
f 4652/4652/3925 4644/4644/1142 4645/4645/2259
f 4653/4653/3926 4645/4645/2259 3453/3453/1134
f 4654/4654/2262 4647/4647/3921 4655/4655/3927
f 4647/4647/3921 3463/3463/1130 3470/3470/3126
f 3457/3457/3120 4648/4648/2256 4656/4656/3928
f 4648/4648/2256 4649/4649/3922 4657/4657/3929
f 3467/3467/3124 3459/3459/1147 4650/4650/3923
f 4658/4658/3930 4650/4650/3923 4659/4659/3122
f 4660/4660/2588 4652/4652/3925 4653/4653/3926
f 4661/4661/3931 4653/4653/3926 3460/3460/3121
f 4662/4662/1138 4655/4655/3927 4663/4663/3932
f 4655/4655/3927 3470/3470/3126 3478/3478/3132
f 3464/3464/3123 4656/4656/3928 4664/4664/3933
f 4656/4656/3928 4657/4657/3929 4665/4665/3934
f 3474/3474/1163 3467/3467/3124 4658/4658/3930
f 4666/4666/2279 4658/4658/3930 4667/4667/3130
f 4668/4668/2281 4660/4660/2588 4661/4661/3931
f 4669/4669/2280 4661/4661/3931 3468/3468/1148
f 4670/4670/3935 4663/4663/3932 4671/4671/3936
f 4663/4663/3932 3478/3478/3132 3486/3486/3137
f 3471/3471/1144 4664/4664/3933 4672/4672/2277
f 4664/4664/3933 4665/4665/3934 4673/4673/3937
f 3482/3482/3134 3474/3474/1163 4666/4666/2279
f 4674/4674/3938 4666/4666/2279 4675/4675/3939
f 4676/4676/3940 4668/4668/2281 4669/4669/2280
f 4677/4677/2288 4669/4669/2280 3475/3475/3129
f 4678/4678/3941 4671/4671/3936 4679/4679/3942
f 4671/4671/3936 3486/3486/3137 3494/3494/3143
f 3479/3479/3133 4672/4672/2277 4680/4680/2285
f 4672/4672/2277 4673/4673/3937 4681/4681/3943
f 3490/3490/3140 3482/3482/3134 4674/4674/3938
f 4682/4682/3944 4674/4674/3938 4683/4683/3945
f 4684/4684/3946 4676/4676/3940 4677/4677/2288
f 4685/4685/3947 4677/4677/2288 3483/3483/3135
f 4686/4686/3948 4679/4679/3942 4687/4687/3949
f 4679/4679/3942 3494/3494/3143 4688/4688/3950
f 3487/3487/3138 4680/4680/2285 4689/4689/3951
f 4680/4680/2285 4681/4681/3943 4690/4690/3952
f 3490/3490/3140 4682/4682/3944 4691/4691/2305
f 4682/4682/3944 4692/4692/3953 4693/4693/3954
f 4684/4684/3946 4685/4685/3947 4694/4694/3955
f 4685/4685/3947 3491/3491/1172 3503/3503/1177
f 4695/4695/2300 4696/4696/3141 4687/4687/3949
f 4697/4697/2299 4687/4687/3949 4688/4688/3950
f 3499/3499/3146 3495/3495/1167 4689/4689/3951
f 4698/4698/3956 4689/4689/3951 4690/4690/3952
f 3497/3497/3145 4691/4691/2305 3798/3798/3329
f 4691/4691/2305 4693/4693/3954 3799/3799/3330
f 4699/4699/3149 4694/4694/3955 4700/4700/3957
f 4694/4694/3955 3503/3503/1177 4701/4701/1185
f 3805/3805/1477 4695/4695/2300 4697/4697/2299
f 3806/3806/3332 4697/4697/2299 3500/3500/3147
f 3735/3735/3293 3734/3734/3292 4702/4702/3958
f 4703/4703/3959 4702/4702/3958 3506/3506/3150
f 3507/3507/2308 3499/3499/3146 4698/4698/3956
f 4704/4704/3960 4698/4698/3956 4705/4705/3961
f 4706/4706/2317 4707/4707/3962 4700/4700/3957
f 4708/4708/3963 4700/4700/3957 4701/4701/1185
f 3507/3507/2308 4704/4704/3960 4709/4709/3964
f 4704/4704/3960 4710/4710/3965 4711/4711/2313
f 4712/4712/3966 4706/4706/2317 4708/4708/3963
f 4713/4713/3967 4708/4708/3963 4714/4714/2322
f 4715/4715/3968 4709/4709/3964 4716/4716/2320
f 4709/4709/3964 4711/4711/2313 4717/4717/1204
f 3529/3529/1202 4718/4718/3969 4719/4719/3970
f 4718/4718/3969 4720/4720/2332 4721/4721/3971
f 4712/4712/3966 4713/4713/3967 4722/4722/3972
f 4713/4713/3967 3530/3530/1201 4723/4723/2334
f 4724/4724/3973 4725/4725/3974 4726/4726/3975
f 4727/4727/3976 4726/4726/3975 3524/3524/3161
f 4728/4728/3977 3525/3525/1206 4716/4716/2320
f 4729/4729/3978 4716/4716/2320 4717/4717/1204
f 3029/3029/1410 3793/3793/1466 4730/4730/2340
f 3793/3793/1466 3792/3792/1463 4731/4731/3979
f 3783/3783/1456 3785/3785/1455 4732/4732/3980
f 3785/3785/1455 3028/3028/705 3532/3532/3164
f 4733/4733/2337 3786/3786/3324 3789/3789/1471
f 4734/4734/2336 3789/3789/1471 3733/3733/709
f 3553/3553/3174 3027/3027/707 3778/3778/1462
f 4735/4735/3981 3778/3778/1462 3779/3779/1460
f 3030/3030/1409 4730/4730/2340 4736/4736/2347
f 4730/4730/2340 4731/4731/3979 4737/4737/3982
f 4738/4738/3983 4732/4732/3980 4739/4739/3984
f 4732/4732/3980 3532/3532/3164 3560/3560/3178
f 4740/4740/1233 4733/4733/2337 4734/4734/2336
f 4741/4741/3985 4734/4734/2336 3732/3732/708
f 3554/3554/1237 3553/3553/3174 4735/4735/3981
f 4742/4742/3986 4735/4735/3981 4743/4743/3987
f 3533/3533/3165 4736/4736/2347 4744/4744/2356
f 4736/4736/2347 4737/4737/3982 4745/4745/3988
f 4746/4746/3989 4739/4739/3984 4747/4747/2357
f 4739/4739/3984 3560/3560/3178 4748/4748/3990
f 4749/4749/2351 4740/4740/1233 4741/4741/3985
f 4750/4750/2350 4741/4741/3985 3555/3555/3175
f 3566/3566/3181 3554/3554/1237 4742/4742/3986
f 4751/4751/2353 4742/4742/3986 4752/4752/3991
f 3568/3568/1258 3561/3561/3179 4744/4744/2356
f 4753/4753/3992 4744/4744/2356 4745/4745/3988
f 4754/4754/3993 4755/4755/3994 4747/4747/2357
f 4756/4756/3995 4747/4747/2357 4748/4748/3990
f 4749/4749/2351 4750/4750/2350 4757/4757/3996
f 4750/4750/2350 3567/3567/3182 3581/3581/1246
f 3566/3566/3181 4751/4751/2353 4758/4758/2362
f 4751/4751/2353 4759/4759/2361 4760/4760/3997
f 3575/3575/1264 3568/3568/1258 4753/4753/3992
f 4761/4761/3998 4753/4753/3992 4762/4762/3999
f 4763/4763/4000 4754/4754/3993 4756/4756/3995
f 4764/4764/4001 4756/4756/3995 3569/3569/3183
f 4765/4765/2368 4757/4757/3996 4766/4766/4002
f 4757/4757/3996 3581/3581/1246 3587/3587/3192
f 3574/3574/3186 4758/4758/2362 4767/4767/4003
f 4758/4758/2362 4760/4760/3997 4768/4768/4004
f 3583/3583/1270 3575/3575/1264 4761/4761/3998
f 4769/4769/4005 4761/4761/3998 4770/4770/2379
f 4771/4771/4006 4763/4763/4000 4764/4764/4001
f 4772/4772/4007 4764/4764/4001 3576/3576/3187
f 4773/4773/2376 4766/4766/4002 4774/4774/2375
f 4766/4766/4002 3587/3587/3192 3593/3593/3196
f 3582/3582/3190 4767/4767/4003 4775/4775/4008
f 4767/4767/4003 4768/4768/4004 4776/4776/2377
f 3589/3589/3194 3583/3583/1270 4769/4769/4005
f 4777/4777/4009 4769/4769/4005 4778/4778/2387
f 4779/4779/4010 4771/4771/4006 4772/4772/4007
f 4780/4780/4011 4772/4772/4007 3584/3584/3191
f 4781/4781/4012 4774/4774/2375 4782/4782/4013
f 4774/4774/2375 3593/3593/3196 3599/3599/3201
f 3588/3588/3193 4775/4775/4008 4783/4783/2386
f 4775/4775/4008 4776/4776/2377 4784/4784/4014
f 3595/3595/3198 3589/3589/3194 4777/4777/4009
f 4785/4785/4015 4777/4777/4009 4786/4786/4016
f 4787/4787/2398 4779/4779/4010 4780/4780/4011
f 4788/4788/2397 4780/4780/4011 3590/3590/3195
f 4789/4789/4017 4782/4782/4013 4790/4790/2391
f 4782/4782/4013 3599/3599/3201 3737/3737/3295
f 3594/3594/3197 4783/4783/2386 4791/4791/2394
f 4783/4783/2386 4784/4784/4014 4792/4792/4018
f 4793/4793/4019 4794/4794/2403 4795/4795/4020
f 4794/4794/2403 4796/4796/1415 3543/3543/1407
f 3731/3731/1220 3739/3739/3296 4797/4797/4021
f 4798/4798/2400 4797/4797/4021 4799/4799/2399
f 3528/3528/3162 3524/3524/3161 4726/4726/3975
f 4800/4800/4022 4726/4726/3975 4725/4725/3974
f 3514/3514/1286 3528/3528/3162 4800/4800/4022
f 4801/4801/2410 4800/4800/4022 4802/4802/2409
f 4803/4803/2408 4804/4804/4023 4805/4805/4024
f 4804/4804/4023 3511/3511/3154 3609/3609/1191
f 3515/3515/2417 3514/3514/1286 4801/4801/2410
f 4806/4806/4025 4801/4801/2410 4807/4807/2415
f 3610/3610/1192 3513/3513/3155 3803/3803/3331
f 4808/4808/4026 3803/3803/3331 3802/3802/1485
f 4809/4809/2413 4805/4805/4024 4810/4810/4027
f 4805/4805/4024 3609/3609/1191 4811/4811/4028
f 3515/3515/2417 4806/4806/4025 4812/4812/2426
f 4806/4806/4025 4813/4813/4029 4814/4814/4030
f 4815/4815/4031 4816/4816/4032 4817/4817/4033
f 4816/4816/4032 3516/3516/1287 3617/3617/3213
f 4818/4818/4034 4819/4819/1281 4810/4810/4027
f 4820/4820/2418 4810/4810/4027 4811/4811/4028
f 3612/3612/3209 3610/3610/1192 4808/4808/4026
f 4821/4821/4035 4808/4808/4026 4822/4822/4036
f 3606/3606/3206 4812/4812/2426 4823/4823/4037
f 4812/4812/2426 4814/4814/4030 4824/4824/4038
f 4825/4825/2436 4817/4817/4033 4826/4826/4039
f 4817/4817/4033 3617/3617/3213 3624/3624/1299
f 4827/4827/2430 4818/4818/4034 4820/4820/2418
f 4828/4828/4040 4820/4820/2418 3613/3613/3210
f 3621/3621/1301 3612/3612/3209 4821/4821/4035
f 4829/4829/4041 4821/4821/4035 4830/4830/4042
f 3618/3618/3214 4823/4823/4037 4831/4831/4043
f 4823/4823/4037 4824/4824/4038 4832/4832/4044
f 4833/4833/4045 4826/4826/4039 4834/4834/4046
f 4826/4826/4039 3624/3624/1299 3632/3632/1306
f 4835/4835/4047 4827/4827/2430 4828/4828/4040
f 4836/4836/4048 4828/4828/4040 3622/3622/3217
f 3628/3628/1309 3621/3621/1301 4829/4829/4041
f 4837/4837/4049 4829/4829/4041 4838/4838/4050
f 3625/3625/3219 4831/4831/4043 4839/4839/4051
f 4831/4831/4043 4832/4832/4044 4840/4840/4052
f 4841/4841/4053 4834/4834/4046 4842/4842/4054
f 4834/4834/4046 3632/3632/1306 3640/3640/3229
f 4843/4843/1311 4835/4835/4047 4836/4836/4048
f 4844/4844/2445 4836/4836/4048 3629/3629/3222
f 3636/3636/1317 3628/3628/1309 4837/4837/4049
f 4845/4845/4055 4837/4837/4049 4846/4846/4056
f 3633/3633/3225 4839/4839/4051 4847/4847/2457
f 4839/4839/4051 4840/4840/4052 4848/4848/1319
f 4849/4849/2459 4842/4842/4054 4850/4850/4057
f 4842/4842/4054 3640/3640/3229 4851/4851/1321
f 4852/4852/2453 4843/4843/1311 4844/4844/2445
f 4853/4853/4058 4844/4844/2445 3637/3637/3227
f 3643/3643/2456 3636/3636/1317 4845/4845/4055
f 4854/4854/4059 4845/4845/4055 4855/4855/4060
f 3647/3647/1333 3641/3641/3230 4847/4847/2457
f 4856/4856/4061 4847/4847/2457 4848/4848/1319
f 4857/4857/4062 4858/4858/4063 4850/4850/4057
f 4859/4859/2465 4850/4850/4057 4851/4851/1321
f 4852/4852/2453 4853/4853/4058 4860/4860/4064
f 4853/4853/4058 3644/3644/3231 3656/3656/3238
f 3643/3643/2456 4854/4854/4059 4861/4861/2463
f 4854/4854/4059 4862/4862/3232 4863/4863/4065
f 3653/3653/1341 3647/3647/1333 4856/4856/4061
f 4864/4864/2473 4856/4856/4061 4865/4865/4066
f 4866/4866/4067 4857/4857/4062 4859/4859/2465
f 4867/4867/2474 4859/4859/2465 3648/3648/1328
f 4868/4868/4068 4860/4860/4064 4869/4869/4069
f 4860/4860/4064 3656/3656/3238 3664/3664/3244
f 3651/3651/1324 4861/4861/2463 4870/4870/2471
f 4861/4861/2463 4863/4863/4065 4871/4871/4070
f 3660/3660/3241 3653/3653/1341 4864/4864/2473
f 4872/4872/4071 4864/4864/2473 4873/4873/4072
f 4874/4874/4073 4866/4866/4067 4867/4867/2474
f 4875/4875/2482 4867/4867/2474 3654/3654/3236
f 4876/4876/4074 4869/4869/4069 4877/4877/2476
f 4869/4869/4069 3664/3664/3244 3672/3672/3250
f 3657/3657/1330 4870/4870/2471 4878/4878/4075
f 4870/4870/2471 4871/4871/4070 4879/4879/4076
f 3668/3668/3248 3660/3660/3241 4872/4872/4071
f 4880/4880/2489 4872/4872/4071 4881/4881/4077
f 4882/4882/4078 4874/4874/4073 4875/4875/2482
f 4883/4883/4079 4875/4875/2482 3661/3661/3242
f 4884/4884/4080 4877/4877/2476 4885/4885/2484
f 4877/4877/2476 3672/3672/3250 3680/3680/3256
f 3665/3665/3245 4878/4878/4075 4886/4886/2487
f 4878/4878/4075 4879/4879/4076 4887/4887/4081
f 3676/3676/1365 3668/3668/3248 4880/4880/2489
f 4888/4888/4082 4880/4880/2489 4889/4889/4083
f 4890/4890/4084 4882/4882/4078 4883/4883/4079
f 4891/4891/2497 4883/4883/4079 3669/3669/3249
f 4892/4892/4085 4885/4885/2484 4893/4893/4086
f 4885/4885/2484 3680/3680/3256 3688/3688/1354
f 3673/3673/3251 4886/4886/2487 4894/4894/2495
f 4886/4886/2487 4887/4887/4081 4895/4895/4087
f 3684/3684/3259 3676/3676/1365 4888/4888/4082
f 4896/4896/4088 4888/4888/4082 4897/4897/2502
f 4898/4898/4089 4890/4890/4084 4891/4891/2497
f 4899/4899/4090 4891/4891/2497 3677/3677/3254
f 4900/4900/2500 4893/4893/4086 4901/4901/2499
f 4893/4893/4086 3688/3688/1354 3696/3696/3268
f 3681/3681/1353 4894/4894/2495 4902/4902/2501
f 4894/4894/2495 4895/4895/4087 4903/4903/4091
f 3692/3692/3265 3684/3684/3259 4896/4896/4088
f 4904/4904/2511 4896/4896/4088 4905/4905/4092
f 4906/4906/4093 4898/4898/4089 4899/4899/4090
f 4907/4907/4094 4899/4899/4090 3685/3685/3260
f 4908/4908/2507 4901/4901/2499 4909/4909/4095
f 4901/4901/2499 3696/3696/3268 3704/3704/3274
f 3689/3689/3262 4902/4902/2501 4910/4910/4096
f 4902/4902/2501 4903/4903/4091 4911/4911/4097
f 3700/3700/1388 3692/3692/3265 4904/4904/2511
f 4912/4912/2518 4904/4904/2511 4913/4913/4098
f 4914/4914/4099 4906/4906/4093 4907/4907/4094
f 4915/4915/4100 4907/4907/4094 3693/3693/1374
f 4916/4916/1371 4909/4909/4095 4917/4917/4101
f 4909/4909/4095 3704/3704/3274 3711/3711/3280
f 3697/3697/3269 4910/4910/4096 4918/4918/4102
f 4910/4910/4096 4911/4911/4097 4919/4919/4103
f 3708/3708/3277 3700/3700/1388 4912/4912/2518
f 4920/4920/4104 4912/4912/2518 4921/4921/3273
f 3817/3817/3338 4914/4914/4099 4915/4915/4100
f 3818/3818/1487 4915/4915/4100 3701/3701/3272
f 4922/4922/4105 4917/4917/4101 4923/4923/4106
f 4917/4917/4101 3711/3711/3280 4924/4924/1386
f 3705/3705/3275 4918/4918/4102 3810/3810/3333
f 4918/4918/4102 4919/4919/4103 3811/3811/1495
f 3598/3598/3200 3597/3597/1274 4925/4925/4107
f 4925/4925/4107 3714/3714/1391 3713/3713/1390
f 3708/3708/3277 4920/4920/4104 4926/4926/2534
f 4920/4920/4104 4927/4927/4108 4928/4928/4109
f 3731/3731/1220 4798/4798/2400 4929/4929/4110
f 4798/4798/2400 4930/4930/1280 4931/4931/4111
f 4932/4932/4112 4933/4933/2529 4923/4923/4106
f 4934/4934/4113 4923/4923/4106 4924/4924/1386
f 3726/3726/1419 4929/4929/4110 4935/4935/4114
f 4929/4929/4110 4931/4931/4111 4936/4936/4115
f 4937/4937/4116 4938/4938/4117 4795/4795/4020
f 4939/4939/4118 4795/4795/4020 3543/3543/1407
f 4940/4940/4119 4937/4937/4116 4939/4939/4118
f 4941/4941/4120 4939/4939/4118 3742/3742/1403
f 3544/3544/3170 4926/4926/2534 4942/4942/4121
f 4926/4926/2534 4928/4928/4109 4943/4943/2544
f 4944/4944/2543 4932/4932/4112 4934/4934/4113
f 4945/4945/4122 4934/4934/4113 3730/3730/3291
f 3545/3545/1406 4942/4942/4121 4946/4946/4123
f 4942/4942/4121 4943/4943/2544 4947/4947/2548
f 4948/4948/2547 4944/4944/2543 4945/4945/4122
f 4949/4949/4124 4945/4945/4122 3729/3729/3290
f 4720/4720/2332 4718/4718/3969 4804/4804/4023
f 4718/4718/3969 3529/3529/1202 3511/3511/3154
f 3808/3808/1480 3807/3807/1479 4816/4816/4032
f 3807/3807/1479 3608/3608/3207 3516/3516/1287
f 4787/4787/2398 4788/4788/2397 4794/4794/2403
f 4788/4788/2397 3596/3596/3199 4796/4796/1415
f 3739/3739/3296 3600/3600/3202 4791/4791/2394
f 4797/4797/4021 4791/4791/2394 4792/4792/4018
f 4950/4950/2551 4790/4790/2391 3815/3815/1496
f 4790/4790/2391 3737/3737/3295 3736/3736/3294
f 3740/3740/1413 3595/3595/3198 4785/4785/4015
f 3819/3819/3339 4785/4785/4015 4951/4951/2550
f 4952/4952/2607 4953/4953/4125 4954/4954/2602
f 2703/2703/2608 2705/2705/2610 3825/3825/3344
f 2706/2706/1422 2708/2708/2611 3760/3760/3306
f 2709/2709/393 2711/2711/2613 2719/2719/2618
f 2712/2712/390 2714/2714/2615 2721/2721/2620
f 2704/2704/2609 2716/2716/398 2705/2705/2610
f 2707/2707/394 2718/2718/2617 2708/2708/2611
f 2719/2719/2618 2720/2720/2619 2727/2727/2623
f 2721/2721/2620 2722/2722/2621 2729/2729/892
f 2715/2715/397 2724/2724/406 2716/2716/398
f 2717/2717/2616 2726/2726/888 2718/2718/2617
f 2727/2727/2623 2728/2728/2624 2734/2734/2629
f 2729/2729/892 2730/2730/2625 2736/2736/2631
f 2724/2724/406 2731/2731/2626 2738/2738/413
f 2725/2725/2622 2733/2733/2628 2726/2726/888
f 2734/2734/2629 2735/2735/2630 4955/4955/4126
f 2736/2736/2631 2737/2737/2632 2744/2744/423
f 2738/2738/413 2739/2739/2555 4956/4956/421
f 2732/2732/2627 2741/2741/2633 2733/2733/2628
f 2735/2735/2630 2743/2743/2634 4955/4955/4126
f 2744/2744/423 2745/2745/430 3871/3871/3372
f 2739/2739/2555 2747/2747/429 4956/4956/421
f 2740/2740/426 2749/2749/2636 2741/2741/2633
f 2743/2743/2634 2750/2750/2637 2755/2755/2642
f 2745/2745/430 2752/2752/2639 3871/3871/3372
f 2747/2747/429 2753/2753/2640 4957/4957/4127
f 2749/2749/2636 2754/2754/2641 2761/2761/2646
f 2755/2755/2642 2756/2756/2643 4958/4958/4128
f 2751/2751/2638 2758/2758/444 2752/2752/2639
f 2753/2753/2640 2760/2760/2645 4957/4957/4127
f 2761/2761/2646 2762/2762/439 2768/2768/2650
f 2756/2756/2643 2764/2764/2647 4958/4958/4128
f 2757/2757/2644 2766/2766/2648 2758/2758/444
f 2760/2760/2645 2767/2767/2649 2773/2773/2654
f 2768/2768/2650 2769/2769/2651 2775/2775/2656
f 2764/2764/2647 2770/2770/2652 2777/2777/2658
f 2765/2765/457 2772/2772/458 2766/2766/2648
f 2773/2773/2654 2774/2774/2655 2781/2781/2661
f 2775/2775/2656 2776/2776/2657 2783/2783/2663
f 2777/2777/2658 2778/2778/2659 4959/4959/4129
f 2771/2771/2653 2780/2780/2660 2772/2772/458
f 2781/2781/2661 2782/2782/2662 4960/4960/3412
f 2783/2783/2663 2784/2784/2664 2791/2791/2666
f 2778/2778/2659 2786/2786/468 4959/4959/4129
f 2779/2779/473 2788/2788/474 2780/2780/2660
f 2782/2782/2662 2790/2790/2665 4960/4960/3412
f 2791/2791/2666 2792/2792/469 2797/2797/2670
f 2786/2786/468 2793/2793/2667 4961/4961/4130
f 2787/2787/479 2795/2795/480 2788/2788/474
f 2790/2790/2665 2796/2796/2669 2802/2802/2675
f 2797/2797/2670 2798/2798/2671 3930/3930/477
f 2793/2793/2667 2800/2800/2673 4961/4961/4130
f 2795/2795/480 2801/2801/2674 2808/2808/487
f 2802/2802/2675 2803/2803/2676 2810/2810/2679
f 2798/2798/2671 2805/2805/2677 3930/3930/477
f 2799/2799/2672 2807/2807/2678 2800/2800/2673
f 2808/2808/487 2809/2809/494 2816/2816/2684
f 2810/2810/2679 2811/2811/2680 2818/2818/2686
f 2804/2804/490 2813/2813/491 2805/2805/2677
f 2806/2806/488 2815/2815/2683 2807/2807/2678
f 2816/2816/2684 2817/2817/2685 2823/2823/2690
f 2818/2818/2686 2819/2819/2687 2825/2825/2691
f 2812/2812/2681 2821/2821/2688 2813/2813/491
f 2815/2815/2683 2822/2822/2689 2829/2829/2694
f 2823/2823/2690 2824/2824/509 3961/3961/510
f 2825/2825/2691 2826/2826/2692 2833/2833/2698
f 2820/2820/505 2828/2828/2693 2821/2821/2688
f 2829/2829/2694 2830/2830/2695 2836/2836/2701
f 2824/2824/509 2832/2832/2697 3961/3961/510
f 2833/2833/2698 2834/2834/2699 2840/2840/2702
f 2828/2828/2693 2835/2835/2700 2842/2842/2704
f 2836/2836/2701 2837/2837/526 2844/2844/519
f 2831/2831/2696 2839/2839/525 2832/2832/2697
f 2840/2840/2702 2841/2841/2703 2848/2848/2708
f 2842/2842/2704 2843/2843/2705 2850/2850/521
f 2844/2844/519 2845/2845/2706 2852/2852/2710
f 2838/2838/532 2847/2847/2707 2839/2839/525
f 2848/2848/2708 2849/2849/2709 4962/4962/4131
f 2850/2850/521 2851/2851/528 2858/2858/2715
f 2852/2852/2710 2853/2853/2711 2860/2860/2717
f 2846/2846/540 2855/2855/2713 2847/2847/2707
f 2849/2849/2709 2857/2857/2714 4962/4962/4131
f 2858/2858/2715 2859/2859/2716 2865/2865/2721
f 2860/2860/2717 2861/2861/2718 2867/2867/2723
f 2854/2854/2712 2863/2863/2719 2855/2855/2713
f 2857/2857/2714 2864/2864/2720 2871/2871/2726
f 2865/2865/2721 2866/2866/2722 2873/2873/545
f 2867/2867/2723 2868/2868/2724 2875/2875/2728
f 2862/2862/555 2870/2870/556 2863/2863/2719
f 2871/2871/2726 2872/2872/560 2878/2878/554
f 2873/2873/545 2874/2874/2727 4012/4012/3490
f 2875/2875/2728 2876/2876/2729 4963/4963/4132
f 2870/2870/556 2877/2877/2730 2884/2884/2736
f 2878/2878/554 2879/2879/2731 4964/4964/1679
f 2874/2874/2727 2881/2881/2733 4012/4012/3490
f 2876/2876/2729 2883/2883/2735 4963/4963/4132
f 2884/2884/2736 2885/2885/570 4027/4027/571
f 2879/2879/2731 2887/2887/2737 4964/4964/1679
f 2880/2880/2732 2889/2889/567 2881/2881/2733
f 2883/2883/2735 2890/2890/2739 2896/2896/2744
f 2885/2885/570 2892/2892/2741 4027/4027/571
f 2886/2886/1684 2894/2894/2742 2887/2887/2737
f 2889/2889/567 2895/2895/2743 2902/2902/574
f 2896/2896/2744 2897/2897/2745 4965/4965/4133
f 2891/2891/2740 2899/2899/585 2892/2892/2741
f 2893/2893/575 2901/2901/2747 2894/2894/2742
f 2902/2902/574 2903/2903/2748 2910/2910/581
f 2897/2897/2745 2905/2905/2749 4965/4965/4133
f 2898/2898/2746 2907/2907/2750 2899/2899/585
f 2900/2900/582 2909/2909/2751 2901/2901/2747
f 2910/2910/581 2911/2911/2752 2918/2918/2757
f 2904/2904/586 2913/2913/2753 2905/2905/2749
f 2906/2906/600 2915/2915/2755 2907/2907/2750
f 2908/2908/590 2917/2917/2756 2909/2909/2751
f 2918/2918/2757 2919/2919/596 2926/2926/2762
f 2912/2912/594 2921/2921/2758 2913/2913/2753
f 2914/2914/2754 2923/2923/2760 2915/2915/2755
f 2916/2916/598 2925/2925/1734 2917/2917/2756
f 2926/2926/2762 2927/2927/2763 2932/2932/2765
f 2921/2921/2758 2928/2928/2562 4966/4966/610
f 2922/2922/2759 2930/2930/621 2923/2923/2760
f 2925/2925/1734 2931/2931/618 2938/2938/613
f 2932/2932/2765 2933/2933/2766 2940/2940/612
f 2928/2928/2562 2935/2935/2768 4966/4966/610
f 2929/2929/2764 2937/2937/2769 2930/2930/621
f 2938/2938/613 2939/2939/2563 4967/4967/619
f 2940/2940/612 2941/2941/611 2947/2947/624
f 2935/2935/2768 2942/2942/2770 2949/2949/2773
f 2936/2936/627 2944/2944/2769 2937/2937/2769
f 2939/2939/2563 2946/2946/2772 4967/4967/619
f 2947/2947/624 2948/2948/611 2954/2954/2776
f 2949/2949/2773 2950/2950/635 2956/2956/2778
f 2943/2943/2771 2952/2952/2774 2944/2944/2769
f 2946/2946/2772 2953/2953/2775 2960/2960/2782
f 2954/2954/2776 2955/2955/2777 2962/2962/2784
f 2956/2956/2778 2957/2957/2779 4968/4968/4134
f 2951/2951/633 2959/2959/2781 2952/2952/2774
f 2960/2960/2782 2961/2961/2783 2968/2968/2789
f 2962/2962/2784 2963/2963/637 2970/2970/638
f 2957/2957/2779 2965/2965/2786 4968/4968/4134
f 2958/2958/2780 2967/2967/2788 2959/2959/2781
f 2968/2968/2789 2969/2969/2790 4969/4969/4135
f 2970/2970/638 2971/2971/2791 2978/2978/2795
f 2964/2964/2785 2973/2973/2792 2965/2965/2786
f 2966/2966/2787 2975/2975/2793 2967/2967/2788
f 2969/2969/2790 2977/2977/2794 4969/4969/4135
f 2978/2978/2795 2979/2979/2796 2986/2986/2801
f 2972/2972/651 2981/2981/2797 2973/2973/2792
f 2974/2974/665 2983/2983/2799 2975/2975/2793
f 2976/2976/655 2985/2985/2800 2977/2977/2794
f 2986/2986/2801 2987/2987/661 2992/2992/2806
f 2981/2981/2797 2988/2988/2802 2994/2994/2808
f 2982/2982/2798 2990/2990/2804 2983/2983/2799
f 2985/2985/2800 2991/2991/2805 2998/2998/2810
f 2992/2992/2806 2993/2993/2807 3000/3000/2812
f 2994/2994/2808 2995/2995/2809 3002/3002/2813
f 2989/2989/2803 2997/2997/680 2990/2990/2804
f 2998/2998/2810 2999/2999/2811 3006/3006/2817
f 3000/3000/2812 3001/3001/675 3008/3008/2819
f 3002/3002/2813 3003/3003/2814 4970/4970/4136
f 2996/2996/687 3005/3005/2816 2997/2997/680
f 3006/3006/2817 3007/3007/2818 4971/4971/4137
f 3008/3008/2819 3009/3009/683 3016/3016/2824
f 3003/3003/2814 3011/3011/2820 4970/4970/4136
f 3004/3004/2815 3013/3013/696 3005/3005/2816
f 3007/3007/2818 3015/3015/2823 4971/4971/4137
f 3016/3016/2824 3017/3017/2825 4166/4166/3593
f 3011/3011/2820 3018/3018/2826 3023/3023/2829
f 3013/3013/696 3019/3019/700 4171/4171/701
f 3015/3015/2823 3020/3020/1822 4175/4175/699
f 3017/3017/2825 3022/3022/2828 4166/4166/3593
f 3023/3023/2829 3024/3024/1224 3547/3547/703
f 3019/3019/700 3026/3026/2830 4171/4171/701
f 4171/4171/701 3025/3025/1229 4179/4179/718
f 3026/3026/2830 3025/3025/1229 4171/4171/701
f 4179/4179/718 3025/3025/1229 3031/3031/2831
f 3025/3025/1229 3027/3027/707 3733/3733/709
f 3028/3028/705 3030/3030/1409 3532/3532/3164
f 3031/3031/2831 3033/3033/2833 4179/4179/718
f 3034/3034/2834 3036/3036/2836 3559/3559/3177
f 3037/3037/2837 3039/3039/2838 3048/3048/2846
f 3040/3040/2839 3042/3042/2840 3546/3546/3171
f 3032/3032/2832 3044/3044/2842 3033/3033/2833
f 3045/3045/2843 3047/3047/2845 3748/3748/3298
f 3048/3048/2846 3049/3049/2847 4200/4200/3610
f 3041/3041/720 3051/3051/2848 3042/3042/2840
f 3044/3044/2842 3052/3052/2849 3058/3058/2854
f 3047/3047/2845 3053/3053/2850 4972/4972/4138
f 3049/3049/2847 3055/3055/2852 4200/4200/3610
f 3050/3050/729 3057/3057/2853 3051/3051/2848
f 3058/3058/2854 3059/3059/2855 3065/3065/742
f 3053/3053/2850 3061/3061/2856 4972/4972/4138
f 3054/3054/2851 3063/3063/2858 3055/3055/2852
f 3057/3057/2853 3064/3064/2859 4973/4973/4139
f 3065/3065/742 3066/3066/2860 3072/3072/748
f 3061/3061/2856 3067/3067/2861 3074/3074/2866
f 3062/3062/2857 3069/3069/2862 3063/3063/2858
f 3064/3064/2859 3071/3071/2864 4973/4973/4139
f 3072/3072/748 3073/3073/2865 3079/3079/2869
f 3074/3074/2866 3075/3075/2867 4974/4974/4140
f 3068/3068/751 3077/3077/752 3069/3069/2862
f 3071/3071/2864 3078/3078/2868 3085/3085/2872
f 3079/3079/2869 3080/3080/762 3087/3087/2874
f 3075/3075/2867 3082/3082/2870 4974/4974/4140
f 3076/3076/758 3084/3084/759 3077/3077/752
f 3085/3085/2872 3086/3086/2873 4975/4975/4141
f 3087/3087/2874 3088/3088/2875 3094/3094/770
f 3082/3082/2870 3089/3089/2876 3096/3096/2880
f 3083/3083/2871 3091/3091/2877 3084/3084/759
f 3086/3086/2873 3093/3093/2878 4975/4975/4141
f 3094/3094/770 3095/3095/2879 3101/3101/2885
f 3096/3096/2880 3097/3097/2881 3103/3103/2886
f 3090/3090/773 3099/3099/2883 3091/3091/2877
f 3093/3093/2878 3100/3100/2884 3107/3107/2888
f 3101/3101/2885 3102/3102/784 3109/3109/785
f 3103/3103/2886 3104/3104/2887 3111/3111/2891
f 3098/3098/2882 3106/3106/781 3099/3099/2883
f 3107/3107/2888 3108/3108/2889 3115/3115/2894
f 3109/3109/785 3110/3110/2890 4271/4271/3658
f 3111/3111/2891 3112/3112/2892 3119/3119/2897
f 3105/3105/788 3114/3114/789 3106/3106/781
f 3115/3115/2894 3116/3116/2895 3122/3122/2900
f 3110/3110/2890 3118/3118/2896 4271/4271/3658
f 3119/3119/2897 3120/3120/2898 3126/3126/2903
f 3114/3114/789 3121/3121/2899 3128/3128/797
f 3122/3122/2900 3123/3123/2901 3130/3130/2905
f 3117/3117/807 3125/3125/808 3118/3118/2896
f 3126/3126/2903 3127/3127/2904 3134/3134/2909
f 3128/3128/797 3129/3129/803 3136/3136/2911
f 3130/3130/2905 3131/3131/2906 3138/3138/2913
f 3124/3124/2902 3133/3133/2908 3125/3125/808
f 3134/3134/2909 3135/3135/2910 3141/3141/2916
f 3136/3136/2911 3137/3137/2912 4298/4298/812
f 3138/3138/2913 3139/3139/2914 3145/3145/2920
f 3133/3133/2908 3140/3140/2915 3147/3147/2921
f 3141/3141/2916 3142/3142/2917 3149/3149/2922
f 3137/3137/2912 3144/3144/2919 4298/4298/812
f 3145/3145/2920 3146/3146/832 3153/3153/2924
f 3147/3147/2921 3148/3148/830 3155/3155/2926
f 3149/3149/2922 3150/3150/2571 4976/4976/4142
f 3143/3143/2918 3152/3152/827 3144/3144/2919
f 3153/3153/2924 3154/3154/2925 3161/3161/2930
f 3155/3155/2926 3156/3156/2927 3163/3163/839
f 3150/3150/2571 3158/3158/1956 4976/4976/4142
f 3151/3151/2923 3160/3160/2929 3152/3152/827
f 3161/3161/2930 3162/3162/847 3168/3168/2934
f 3163/3163/839 3164/3164/2931 3170/3170/2936
f 3158/3158/1956 3165/3165/1961 3172/3172/2937
f 3159/3159/2928 3167/3167/2933 3160/3160/2929
f 3168/3168/2934 3169/3169/2935 4977/4977/4143
f 3170/3170/2936 3171/3171/853 3178/3178/854
f 3172/3172/2937 3173/3173/2938 3180/3180/2941
f 3166/3166/2932 3175/3175/2939 3167/3167/2933
f 3169/3169/2935 3177/3177/2940 4977/4977/4143
f 3178/3178/854 3179/3179/861 3185/3185/862
f 3180/3180/2941 3181/3181/2942 4978/4978/4144
f 3174/3174/857 3183/3183/858 3175/3175/2939
f 3177/3177/2940 3184/3184/2944 3191/3191/2948
f 3185/3185/862 3186/3186/868 3193/3193/2950
f 3181/3181/2942 3188/3188/2945 4978/4978/4144
f 3182/3182/2943 3190/3190/2947 3183/3183/858
f 3191/3191/2948 3192/3192/2949 3199/3199/2954
f 3193/3193/2950 3194/3194/2951 3201/3201/877
f 3187/3187/866 3196/3196/2952 3188/3188/2945
f 3189/3189/2946 3198/3198/2953 3190/3190/2947
f 3199/3199/2954 3200/3200/2955 4979/4979/4145
f 3201/3201/877 3202/3202/2956 3208/3208/2962
f 3196/3196/2952 3203/3203/2957 3210/3210/2963
f 3197/3197/880 3205/3205/2959 3198/3198/2953
f 3200/3200/2955 3207/3207/2961 4979/4979/4145
f 3208/3208/2962 3209/3209/2621 3216/3216/892
f 3210/3210/2963 3211/3211/2964 3218/3218/890
f 3204/3204/2958 3213/3213/2965 3205/3205/2959
f 3206/3206/2960 3215/3215/2966 3207/3207/2961
f 3216/3216/892 3217/3217/2967 3224/3224/2971
f 3218/3218/890 3219/3219/904 3226/3226/2016
f 3212/3212/411 3221/3221/2968 3213/3213/2965
f 3214/3214/893 3223/3223/2970 3215/3215/2966
f 3224/3224/2971 3225/3225/2972 4393/4393/907
f 3226/3226/2016 3227/3227/912 3234/3234/2976
f 3220/3220/902 3229/3229/2973 3221/3221/2968
f 3222/3222/2969 3231/3231/2030 3223/3223/2970
f 3225/3225/2972 3233/3233/2975 4393/4393/907
f 3234/3234/2976 3235/3235/2977 4980/4980/913
f 3229/3229/2973 3236/3236/2978 3242/3242/2980
f 3231/3231/2030 3237/3237/922 3244/3244/915
f 3232/3232/920 3239/3239/921 3233/3233/2975
f 3235/3235/2977 3241/3241/919 4980/4980/913
f 3242/3242/2980 3243/3243/916 4412/4412/3754
f 3244/3244/915 3245/3245/2981 4981/4981/4146
f 3239/3239/921 3246/3246/2982 3252/3252/2987
f 3241/3241/919 3247/3247/2983 4982/4982/4147
f 3243/3243/916 3249/3249/2985 4412/4412/3754
f 3245/3245/2981 3251/3251/2986 4981/4981/4146
f 3252/3252/2987 3253/3253/2988 3259/3259/2992
f 3247/3247/2983 3255/3255/2989 4982/4982/4147
f 3248/3248/2984 3257/3257/931 3249/3249/2985
f 3251/3251/2986 3258/3258/2991 3265/3265/2996
f 3259/3259/2992 3260/3260/2993 3267/3267/942
f 3254/3254/932 3262/3262/2994 3255/3255/2989
f 3256/3256/2990 3264/3264/938 3257/3257/931
f 3265/3265/2996 3266/3266/2997 4983/4983/4148
f 3267/3267/942 3268/3268/2998 3274/3274/3003
f 3262/3262/2994 3269/3269/2999 4984/4984/3776
f 3263/3263/2995 3271/3271/3001 3264/3264/938
f 3266/3266/2997 3273/3273/3002 4983/4983/4148
f 3274/3274/3003 3275/3275/956 3282/3282/3007
f 3269/3269/2999 3277/3277/3004 4984/4984/3776
f 3270/3270/3000 3279/3279/953 3271/3271/3001
f 3272/3272/950 3281/3281/3006 3273/3273/3002
f 3282/3282/3007 3283/3283/963 3288/3288/3010
f 3277/3277/3004 3284/3284/3008 3290/3290/3012
f 3278/3278/3005 3286/3286/961 3279/3279/953
f 3281/3281/3006 3287/3287/972 3294/3294/965
f 3288/3288/3010 3289/3289/3011 3296/3296/971
f 3290/3290/3012 3291/3291/3013 3298/3298/3017
f 3285/3285/3009 3293/3293/3015 3286/3286/961
f 3294/3294/965 3295/3295/2579 4985/4985/973
f 3296/3296/971 3297/3297/3016 3304/3304/979
f 3298/3298/3017 3299/3299/3018 4986/4986/4149
f 3292/3292/3014 3301/3301/3020 3293/3293/3015
f 3295/3295/2579 3303/3303/3021 4985/4985/973
f 3304/3304/979 3305/3305/985 3312/3312/986
f 3299/3299/3018 3307/3307/3022 4986/4986/4149
f 3300/3300/3019 3309/3309/982 3301/3301/3020
f 3302/3302/980 3311/3311/3024 3303/3303/3021
f 3312/3312/986 3313/3313/3025 3318/3318/993
f 3307/3307/3022 3314/3314/2580 4987/4987/991
f 3308/3308/3023 3316/3316/990 3309/3309/982
f 3311/3311/3024 3317/3317/3026 3324/3324/3028
f 3318/3318/993 3319/3319/999 3326/3326/3030
f 3314/3314/2580 3321/3321/998 4987/4987/991
f 3315/3315/995 3323/3323/3027 3316/3316/990
f 3324/3324/3028 3325/3325/3029 3331/3331/3035
f 3326/3326/3030 3327/3327/3031 4507/4507/1007
f 3321/3321/998 3328/3328/3032 4988/4988/4150
f 3322/3322/1003 3330/3330/3034 3323/3323/3027
f 3331/3331/3035 3332/3332/3036 4989/4989/4151
f 3327/3327/3031 3334/3334/3038 4507/4507/1007
f 3328/3328/3032 3336/3336/3039 4988/4988/4150
f 3330/3330/3034 3337/3337/1010 3343/3343/3043
f 3332/3332/3036 3339/3339/3040 4989/4989/4151
f 3333/3333/3037 3341/3341/3041 3334/3334/3038
f 3336/3336/3039 3342/3342/3042 4990/4990/4152
f 3343/3343/3043 3344/3344/1017 3351/3351/3047
f 3338/3338/1015 3346/3346/3044 3339/3339/3040
f 3340/3340/1028 3348/3348/1029 3341/3341/3041
f 3342/3342/3042 3350/3350/3046 4990/4990/4152
f 3351/3351/3047 3352/3352/1024 3358/3358/3051
f 3346/3346/3044 3353/3353/3048 3360/3360/3053
f 3347/3347/3045 3355/3355/3049 3348/3348/1029
f 3349/3349/1026 3357/3357/3050 3350/3350/3046
f 3358/3358/3051 3359/3359/3052 3366/3366/1032
f 3360/3360/3053 3361/3361/3054 3368/3368/3057
f 3354/3354/1043 3363/3363/1044 3355/3355/3049
f 3356/3356/1033 3365/3365/3055 3357/3357/3050
f 3366/3366/1032 3367/3367/3056 3373/3373/3061
f 3368/3368/3057 3369/3369/3058 4991/4991/4153
f 3362/3362/1050 3371/3371/3059 3363/3363/1044
f 3365/3365/3055 3372/3372/3060 3379/3379/3067
f 3373/3373/3061 3374/3374/3062 3381/3381/3069
f 3369/3369/3058 3376/3376/3064 4991/4991/4153
f 3370/3370/1058 3378/3378/3066 3371/3371/3059
f 3379/3379/3067 3380/3380/3068 4992/4992/4154
f 3381/3381/3069 3382/3382/3070 3389/3389/3075
f 3375/3375/3063 3384/3384/3071 3376/3376/3064
f 3377/3377/3065 3386/3386/3073 3378/3378/3066
f 3380/3380/3068 3388/3388/3074 4992/4992/4154
f 3389/3389/3075 3390/3390/1062 3397/3397/3080
f 3383/3383/1060 3392/3392/3076 3384/3384/3071
f 3385/3385/3072 3394/3394/3078 3386/3386/3073
f 3387/3387/1064 3396/3396/3079 3388/3388/3074
f 3397/3397/3080 3398/3398/1070 3403/3403/3084
f 3392/3392/3076 3399/3399/3081 3405/3405/3085
f 3393/3393/3077 3401/3401/1081 3394/3394/3078
f 3396/3396/3079 3402/3402/3083 4993/4993/2213
f 3403/3403/3084 3404/3404/1077 4590/4590/3887
f 3405/3405/3085 3406/3406/3086 3412/3412/3090
f 3401/3401/1081 3407/3407/3087 3414/3414/3091
f 3402/3402/3083 3409/3409/1086 4993/4993/2213
f 3404/3404/1077 3411/3411/3089 4590/4590/3887
f 3412/3412/3090 3413/3413/2586 4994/4994/4155
f 3414/3414/3091 3415/3415/3092 4605/4605/1096
f 3408/3408/1085 3417/3417/3094 3409/3409/1086
f 3410/3410/3088 3419/3419/3095 3411/3411/3089
f 3413/3413/2586 3421/3421/3096 4994/4994/4155
f 3415/3415/3092 3423/3423/1103 4605/4605/1096
f 3416/3416/3093 3425/3425/3098 3417/3417/3094
f 3419/3419/3095 3426/3426/1099 3432/3432/3103
f 3420/3420/1097 3428/3428/3099 3421/3421/3096
f 3422/3422/3097 3430/3430/3101 3423/3423/1103
f 3425/3425/3098 3431/3431/3102 3438/3438/3107
f 3432/3432/3103 3433/3433/3104 3440/3440/3109
f 3427/3427/1104 3435/3435/3105 3428/3428/3099
f 3429/3429/3100 3437/3437/3106 3430/3430/3101
f 3438/3438/3107 3439/3439/3108 3446/3446/3114
f 3440/3440/3109 3441/3441/3110 3448/3448/3116
f 3434/3434/1111 3443/3443/3111 3435/3435/3105
f 3436/3436/1125 3445/3445/3113 3437/3437/3106
f 3446/3446/3114 3447/3447/3115 3454/3454/3118
f 3448/3448/3116 3449/3449/1121 3456/3456/3119
f 3442/3442/1119 3451/3451/1128 3443/3443/3111
f 3444/3444/3112 3453/3453/1134 3445/3445/3113
f 3454/3454/3118 3455/3455/2587 4995/4995/1132
f 3456/3456/3119 3457/3457/3120 3463/3463/1130
f 3451/3451/1128 3458/3458/1142 3465/3465/1135
f 3452/3452/3117 3460/3460/3121 3453/3453/1134
f 3455/3455/2587 3462/3462/3122 4995/4995/1132
f 3463/3463/1130 3464/3464/3123 3470/3470/3126
f 3465/3465/1135 3466/3466/1149 3472/3472/3127
f 3459/3459/1147 3468/3468/1148 3460/3460/3121
f 3462/3462/3122 3469/3469/3125 3476/3476/3130
f 3470/3470/3126 3471/3471/1144 3478/3478/3132
f 3472/3472/3127 3473/3473/3128 4996/4996/4156
f 3467/3467/3124 3475/3475/3129 3468/3468/1148
f 3476/3476/3130 3477/3477/3131 4997/4997/3939
f 3478/3478/3132 3479/3479/3133 3486/3486/3137
f 3473/3473/3128 3481/3481/1158 4996/4996/4156
f 3474/3474/1163 3483/3483/3135 3475/3475/3129
f 3477/3477/3131 3485/3485/3136 4997/4997/3939
f 3486/3486/3137 3487/3487/3138 3494/3494/3143
f 3480/3480/1157 3489/3489/3139 3481/3481/1158
f 3482/3482/3134 3491/3491/1172 3483/3483/3135
f 3484/3484/1161 3493/3493/3142 3485/3485/3136
f 3494/3494/3143 3495/3495/1167 4688/4688/3950
f 3489/3489/3139 3496/3496/3144 3501/3501/3148
f 3491/3491/1172 3497/3497/3145 3503/3503/1177
f 3493/3493/3142 3498/3498/2589 4998/4998/1175
f 3495/3495/1167 3500/3500/3147 4688/4688/3950
f 3501/3501/3148 3502/3502/3149 3509/3509/3152
f 3503/3503/1177 3504/3504/1184 4701/4701/1185
f 3498/3498/2589 3506/3506/3150 4998/4998/1175
f 3499/3499/3146 3508/3508/3151 3500/3500/3147
f 3509/3509/3152 3510/3510/3153 4999/4999/4157
f 4701/4701/1185 3512/3512/1284 4714/4714/2322
f 4714/4714/2322 3512/3512/1284 3511/3511/3154
f 3511/3511/3154 3513/3513/3155 3609/3609/1191
f 3512/3512/1284 4701/4701/1185 3504/3504/1184
f 3514/3514/1286 3516/3516/1287 3608/3608/3207
f 3517/3517/1396 3519/3519/1196 3719/3719/1194
f 3520/3520/3157 3522/3522/3159 3527/3527/2324
f 3523/3523/3160 3525/3525/1206 4728/4728/3977
f 3526/3526/2604 3527/3527/2324 5000/5000/4158
f 3525/3525/1206 3528/3528/3162 4715/4715/3968
f 3511/3511/3154 3530/3530/1201 4714/4714/2322
f 3530/3530/1201 3531/3531/3163 4723/4723/2334
f 3532/3532/3164 3533/3533/3165 3560/3560/3178
f 3534/3534/2330 3536/3536/3166 5001/5001/1211
f 3537/3537/3167 3539/3539/1216 5002/5002/4159
f 3539/3539/1216 3540/3540/3168 3541/3541/3169
f 3541/3541/3169 3542/3542/2398 3741/3741/1219
f 3543/3543/1407 3545/3545/1406 3742/3742/1403
f 3546/3546/3171 3024/3024/1224 3040/3040/2839
f 3548/3548/3172 3550/3550/2593 5003/5003/4160
f 3021/3021/2827 3552/3552/3173 3022/3022/2828
f 3552/3552/3173 3551/3551/704 3028/3028/705
f 3028/3028/705 3551/3551/704 3029/3029/1410
f 3551/3551/704 3038/3038/1826 3037/3037/2837
f 3038/3038/1826 3551/3551/704 3021/3021/2827
f 3553/3553/3174 3555/3555/3175 3732/3732/708
f 3556/3556/1235 3558/3558/1241 3564/3564/1234
f 3034/3034/2834 3557/3557/3176 3556/3556/1235
f 3560/3560/3178 3561/3561/3179 4748/4748/3990
f 3550/3550/2593 3563/3563/1240 5003/5003/4160
f 3564/3564/1234 3565/3565/3180 3572/3572/3185
f 3554/3554/1237 3567/3567/3182 3555/3555/3175
f 3561/3561/3179 3569/3569/3183 4748/4748/3990
f 3562/3562/1239 3571/3571/1248 3563/3563/1240
f 3572/3572/3185 3573/3573/1256 3579/3579/1250
f 3567/3567/3182 3574/3574/3186 3581/3581/1246
f 3568/3568/1258 3576/3576/3187 3569/3569/3183
f 3570/3570/3184 3578/3578/1255 3571/3571/1248
f 3579/3579/1250 3580/3580/3189 5004/5004/4161
f 3581/3581/1246 3582/3582/3190 3587/3587/3192
f 3575/3575/1264 3584/3584/3191 3576/3576/3187
f 3578/3578/1255 3537/3537/3167 5002/5002/4159
f 3580/3580/3189 3586/3586/1263 5004/5004/4161
f 3587/3587/3192 3588/3588/3193 3593/3593/3196
f 3583/3583/1270 3590/3590/3195 3584/3584/3191
f 3585/3585/1262 3592/3592/1269 3586/3586/1263
f 3593/3593/3196 3594/3594/3197 3599/3599/3201
f 3589/3589/3194 3596/3596/3199 3590/3590/3195
f 3591/3591/1268 3598/3598/3200 3592/3592/1269
f 3599/3599/3201 3600/3600/3202 3737/3737/3295
f 3601/3601/2538 3603/3603/3204 3722/3722/3286
f 3518/3518/3156 3605/3605/3205 3519/3519/1196
f 3510/3510/3153 3521/3521/3158 4999/4999/4157
f 3516/3516/1287 3606/3606/3206 3617/3617/3213
f 3514/3514/1286 3608/3608/3207 3528/3528/3162
f 3528/3528/3162 3607/3607/1190 4715/4715/3968
f 4715/4715/3968 3607/3607/1190 3507/3507/2308
f 3507/3507/2308 3607/3607/1190 3508/3508/3151
f 3609/3609/1191 3610/3610/1192 4811/4811/4028
f 3605/3605/3205 3611/3611/3208 3619/3619/3215
f 3610/3610/1192 3613/3613/3210 4811/4811/4028
f 3614/3614/3211 3616/3616/3212 5005/5005/4162
f 3617/3617/3213 3618/3618/3214 3624/3624/1299
f 3619/3619/3215 3620/3620/3216 5006/5006/1297
f 3612/3612/3209 3622/3622/3217 3613/3613/3210
f 3616/3616/3212 3623/3623/3218 3630/3630/3223
f 3624/3624/1299 3625/3625/3219 3632/3632/1306
f 3620/3620/3216 3627/3627/3221 5006/5006/1297
f 3621/3621/1301 3629/3629/3222 3622/3622/3217
f 3630/3630/3223 3631/3631/3224 5007/5007/4163
f 3632/3632/1306 3633/3633/3225 3640/3640/3229
f 3626/3626/3220 3635/3635/3226 3627/3627/3221
f 3628/3628/1309 3637/3637/3227 3629/3629/3222
f 3631/3631/3224 3639/3639/3228 5007/5007/4163
f 3640/3640/3229 3641/3641/3230 4851/4851/1321
f 3635/3635/3226 3642/3642/2596 5008/5008/4164
f 3636/3636/1317 3644/3644/3231 3637/3637/3227
f 3638/3638/1315 3646/3646/3232 3639/3639/3228
f 3641/3641/3230 3648/3648/1328 4851/4851/1321
f 3642/3642/2596 3650/3650/3234 5008/5008/4164
f 3644/3644/3231 3651/3651/1324 3656/3656/3238
f 3646/3646/3232 3652/3652/3235 3658/3658/3239
f 3647/3647/1333 3654/3654/3236 3648/3648/1328
f 3650/3650/3234 3655/3655/3237 5009/5009/4165
f 3656/3656/3238 3657/3657/1330 3664/3664/3244
f 3658/3658/3239 3659/3659/3240 3666/3666/3246
f 3653/3653/1341 3661/3661/3242 3654/3654/3236
f 3655/3655/3237 3663/3663/3243 5009/5009/4165
f 3664/3664/3244 3665/3665/3245 3672/3672/3250
f 3666/3666/3246 3667/3667/3247 3674/3674/3252
f 3660/3660/3241 3669/3669/3249 3661/3661/3242
f 3662/3662/2485 3671/3671/1348 3663/3663/3243
f 3672/3672/3250 3673/3673/3251 3680/3680/3256
f 3674/3674/3252 3675/3675/3253 3682/3682/3257
f 3668/3668/3248 3677/3677/3254 3669/3669/3249
f 3670/3670/1347 3679/3679/3255 3671/3671/1348
f 3680/3680/3256 3681/3681/1353 3688/3688/1354
f 3682/3682/3257 3683/3683/3258 3690/3690/3263
f 3676/3676/1365 3685/3685/3260 3677/3677/3254
f 3678/3678/1355 3687/3687/3261 3679/3679/3255
f 3688/3688/1354 3689/3689/3262 3696/3696/3268
f 3690/3690/3263 3691/3691/3264 3698/3698/3270
f 3684/3684/3259 3693/3693/1374 3685/3685/3260
f 3686/3686/1363 3695/3695/3267 3687/3687/3261
f 3696/3696/3268 3697/3697/3269 3704/3704/3274
f 3698/3698/3270 3699/3699/3271 5010/5010/4166
f 3692/3692/3265 3701/3701/3272 3693/3693/1374
f 3694/3694/3266 3703/3703/3273 3695/3695/3267
f 3704/3704/3274 3705/3705/3275 3711/3711/3280
f 3699/3699/3271 3707/3707/3276 5010/5010/4166
f 3700/3700/1388 3709/3709/3278 3701/3701/3272
f 3703/3703/3273 3710/3710/3279 3715/3715/3282
f 3711/3711/3280 3712/3712/3281 4924/4924/1386
f 3706/3706/1383 3714/3714/1391 3707/3707/3276
f 3715/3715/3282 3716/3716/3283 3717/3717/3284
f 3717/3717/3284 3718/3718/2599 5011/5011/1395
f 3719/3719/1194 3535/3535/1212 3517/3517/1396
f 3718/3718/2599 3721/3721/3285 5011/5011/1395
f 3722/3722/3286 3723/3723/2536 5012/5012/4115
f 3724/3724/1402 3602/3602/3203 3601/3601/2538
f 3726/3726/1419 3728/3728/3289 3729/3729/3290
f 3729/3729/3290 3731/3731/1220 3726/3726/1419
f 3732/3732/708 3027/3027/707 3553/3553/3174
f 3734/3734/3292 3614/3614/3211 5005/5005/4162
f 3736/3736/3294 3600/3600/3202 3739/3739/3296
f 3739/3739/3296 3738/3738/1421 3736/3736/3294
f 3738/3738/1421 4924/4924/1386 3712/3712/3281
f 4924/4924/1386 3738/3738/1421 3730/3730/3291
f 3730/3730/3291 3738/3738/1421 3731/3731/1220
f 3596/3596/3199 3740/3740/1413 4796/4796/1415
f 3741/3741/1219 3725/3725/3287 3724/3724/1402
f 3742/3742/1403 3743/3743/1404 5013/5013/4167
f 3544/3544/3170 3744/3744/1416 3708/3708/3277
f 3708/3708/3277 3744/3744/1416 3709/3709/3278
f 3744/3744/1416 4796/4796/1415 3740/3740/1413
f 4796/4796/1415 3744/3744/1416 3543/3543/1407
f 3745/3745/388 2713/2713/2614 2712/2712/390
f 3747/3747/3297 3748/3748/3298 4180/4180/1472
f 3749/3749/1432 3751/3751/3300 3752/3752/1434
f 3746/3746/1437 3751/3751/3300 3754/3754/3302
f 3753/3753/3301 3751/3751/3300 3750/3750/3299
f 3755/3755/3303 3757/3757/3304 3759/3759/1428
f 3758/3758/3305 3757/3757/3304 3761/3761/3307
f 3760/3760/3306 3757/3757/3304 3756/3756/1429
f 3762/3762/1445 3764/3764/3309 3765/3765/3310
f 2706/2706/1422 3764/3764/3309 3767/3767/3311
f 3766/3766/393 3764/3764/3309 3763/3763/3308
f 3768/3768/1439 3770/3770/3313 3772/3772/3315
f 3771/3771/3314 3770/3770/3313 3773/3773/3316
f 3745/3745/388 3770/3770/3313 3769/3769/3312
f 3774/3774/3317 3776/3776/3318 3777/3777/3319
f 3026/3026/2830 3777/3777/3319 3776/3776/3318
f 3778/3778/1462 3026/3026/2830 3776/3776/3318
f 3779/3779/1460 3776/3776/3318 3775/3775/1461
f 3780/3780/3320 3782/3782/3322 3784/3784/3323
f 3783/3783/1456 3782/3782/3322 3785/3785/1455
f 3552/3552/3173 3785/3785/1455 3782/3782/3322
f 3781/3781/3321 3552/3552/3173 3782/3782/3322
f 3786/3786/3324 3788/3788/3326 3789/3789/1471
f 3025/3025/1229 3789/3789/1471 3788/3788/3326
f 3790/3790/1474 3025/3025/1229 3788/3788/3326
f 3791/3791/1472 3788/3788/3326 3787/3787/3325
f 3792/3792/1463 3794/3794/3327 3796/3796/3328
f 3795/3795/1468 3794/3794/3327 3797/3797/1467
f 3551/3551/704 3797/3797/1467 3794/3794/3327
f 3793/3793/1466 3551/3551/704 3794/3794/3327
f 3798/3798/3329 3800/3800/1481 3801/3801/1486
f 3504/3504/1184 3801/3801/1486 3512/3512/1284
f 3513/3513/3155 3801/3801/1486 3803/3803/3331
f 3800/3800/1481 3803/3803/3331 3801/3801/1486
f 3804/3804/1476 3806/3806/3332 3809/3809/1478
f 3807/3807/1479 3804/3804/1476 3809/3809/1478
f 3608/3608/3207 3809/3809/1478 3607/3607/1190
f 3508/3508/3151 3809/3809/1478 3806/3806/3332
f 3810/3810/3333 3812/3812/3334 3813/3813/3335
f 3712/3712/3281 3813/3813/3335 3738/3738/1421
f 3736/3736/3294 3813/3813/3335 3815/3815/1496
f 3812/3812/3334 3815/3815/1496 3813/3813/3335
f 3816/3816/3337 3818/3818/1487 3821/3821/1490
f 3819/3819/3339 3816/3816/3337 3821/3821/1490
f 3740/3740/1413 3821/3821/1490 3744/3744/1416
f 3709/3709/3278 3821/3821/1490 3818/3818/1487
f 3749/3749/1432 3769/3769/3312 3768/3768/1439
f 3752/3752/1434 3745/3745/388 3769/3769/3312
f 3746/3746/1437 3822/3822/3341 2713/2713/2614
f 3754/3754/3302 3823/3823/3342 3822/3822/3341
f 3771/3771/3314 3824/3824/3343 3837/3837/2613
f 3773/3773/3316 2712/2712/390 3824/3824/3343
f 2703/2703/2608 3826/3826/1503 3827/3827/3345
f 3827/3827/3345 3828/3828/2601 5014/5014/4168
f 3829/3829/3346 3761/3761/3307 3830/3830/3347
f 3830/3830/3347 3760/3760/3306 2708/2708/2611
f 2706/2706/1422 3756/3756/1429 3765/3765/3310
f 3765/3765/3310 3755/3755/3303 3762/3762/1445
f 2707/2707/394 3767/3767/3311 3831/3831/3348
f 3831/3831/3348 3766/3766/393 3842/3842/3356
f 2709/2709/393 3833/3833/3349 2710/2710/2612
f 3833/3833/3349 3834/3834/3350 5015/5015/2552
f 2713/2713/2614 3835/3835/3351 2714/2714/2615
f 3822/3822/3341 3836/3836/1512 3835/3835/3351
f 3837/3837/2613 3838/3838/3352 3845/3845/3357
f 3824/3824/3343 2721/2721/2620 3838/3838/3352
f 3839/3839/3353 3830/3830/3347 3840/3840/3354
f 3840/3840/3354 2708/2708/2611 2718/2718/2617
f 2717/2717/2616 3831/3831/3348 3841/3841/3355
f 3841/3841/3355 3842/3842/3356 3850/3850/3359
f 2714/2714/2615 3843/3843/1520 2722/2722/2621
f 3835/3835/3351 3844/3844/406 3843/3843/1520
f 3845/3845/3357 3846/3846/1521 3853/3853/3361
f 3838/3838/3352 2729/2729/892 3846/3846/1521
f 3847/3847/1517 3840/3840/3354 3848/3848/3358
f 3848/3848/3358 2718/2718/2617 2726/2726/888
f 2725/2725/2622 3841/3841/3355 3849/3849/1519
f 3849/3849/1519 3850/3850/3359 3858/3858/3366
f 2722/2722/2621 3851/3851/3360 2730/2730/2625
f 3843/3843/1520 3852/3852/413 3851/3851/3360
f 3853/3853/3361 3854/3854/3362 3861/3861/2630
f 3846/3846/1521 2736/2736/2631 3854/3854/3362
f 3855/3855/3363 3848/3848/3358 3856/3856/3364
f 3856/3856/3364 2726/2726/888 2733/2733/2628
f 2732/2732/2627 3849/3849/1519 3857/3857/3365
f 3857/3857/3365 3858/3858/3366 3866/3866/3369
f 2730/2730/2625 3859/3859/1534 2737/2737/2632
f 3851/3851/3360 3860/3860/1533 3859/3859/1534
f 3861/3861/2630 3862/3862/3367 3869/3869/1544
f 3854/3854/3362 2744/2744/423 3862/3862/3367
f 3863/3863/1531 3856/3856/3364 3864/3864/1530
f 3864/3864/1530 2733/2733/2628 2741/2741/2633
f 2740/2740/426 3857/3857/3365 3865/3865/3368
f 3865/3865/3368 3866/3866/3369 3875/3875/3376
f 2737/2737/2632 3867/3867/3370 2745/2745/430
f 3859/3859/1534 3868/3868/1541 3867/3867/3370
f 3869/3869/1544 3870/3870/3371 3878/3878/3379
f 3862/3862/3367 3871/3871/3372 3870/3870/3371
f 3872/3872/3373 3864/3864/1530 3873/3873/3374
f 3873/3873/3374 2741/2741/2633 2749/2749/2636
f 2748/2748/2635 3865/3865/3368 3874/3874/3375
f 3874/3874/3375 3875/3875/3376 3882/3882/3383
f 2751/2751/2638 3867/3867/3370 3876/3876/3377
f 3876/3876/3377 3868/3868/1541 3885/3885/3386
f 3877/3877/3378 3870/3870/3371 3879/3879/3380
f 3879/3879/3380 3871/3871/3372 2752/2752/2639
f 3872/3872/3373 3880/3880/3381 3888/3888/3388
f 3873/3873/3374 2761/2761/2646 3880/3880/3381
f 2748/2748/2635 3881/3881/3382 2754/2754/2641
f 3874/3874/3375 3883/3883/3384 3881/3881/3382
f 2757/2757/2644 3876/3876/3377 3884/3884/3385
f 3884/3884/3385 3885/3885/3386 3893/3893/2645
f 3886/3886/3387 3879/3879/3380 3887/3887/1557
f 3887/3887/1557 2752/2752/2639 2758/2758/444
f 3888/3888/3388 3889/3889/3389 3896/3896/1560
f 3880/3880/3381 2768/2768/2650 3889/3889/3389
f 2754/2754/2641 3890/3890/1554 2762/2762/439
f 3881/3881/3382 3891/3891/3390 3890/3890/1554
f 2765/2765/457 3884/3884/3385 3892/3892/1563
f 3892/3892/1563 3893/3893/2645 3901/3901/3397
f 3894/3894/3391 3887/3887/1557 3895/3895/3392
f 3895/3895/3392 2758/2758/444 2766/2766/2648
f 3896/3896/1560 3897/3897/3393 3904/3904/3400
f 3889/3889/3389 2775/2775/2656 3897/3897/3393
f 2762/2762/439 3898/3898/3394 2769/2769/2651
f 3890/3890/1554 3899/3899/3395 3898/3898/3394
f 2771/2771/2653 3892/3892/1563 3900/3900/3396
f 3900/3900/3396 3901/3901/3397 3909/3909/3405
f 3902/3902/3398 3895/3895/3392 3903/3903/3399
f 3903/3903/3399 2766/2766/2648 2772/2772/458
f 3904/3904/3400 3905/3905/3401 3912/3912/3408
f 3897/3897/3393 2783/2783/2663 3905/3905/3401
f 2769/2769/2651 3906/3906/3402 2776/2776/2657
f 3898/3898/3394 3907/3907/3403 3906/3906/3402
f 2779/2779/473 3900/3900/3396 3908/3908/3404
f 3908/3908/3404 3909/3909/3405 3917/3917/3412
f 3910/3910/3406 3903/3903/3399 3911/3911/3407
f 3911/3911/3407 2772/2772/458 2780/2780/2660
f 3912/3912/3408 3913/3913/3409 3920/3920/3415
f 3905/3905/3401 2791/2791/2666 3913/3913/3409
f 2776/2776/2657 3914/3914/3410 2784/2784/2664
f 3906/3906/3402 3915/3915/1576 3914/3914/3410
f 2787/2787/479 3908/3908/3404 3916/3916/3411
f 3916/3916/3411 3917/3917/3412 3925/3925/3420
f 3918/3918/3413 3911/3911/3407 3919/3919/3414
f 3919/3919/3414 2780/2780/2660 2788/2788/474
f 3920/3920/3415 3921/3921/3416 3928/3928/1590
f 3913/3913/3409 2797/2797/2670 3921/3921/3416
f 2784/2784/2664 3922/3922/3417 2792/2792/469
f 3914/3914/3410 3923/3923/3418 3922/3922/3417
f 2794/2794/2668 3916/3916/3411 3924/3924/3419
f 3924/3924/3419 3925/3925/3420 3934/3934/3426
f 3926/3926/1597 3919/3919/3414 3927/3927/3421
f 3927/3927/3421 2788/2788/474 2795/2795/480
f 3928/3928/1590 3929/3929/3422 3938/3938/3430
f 3921/3921/3416 3930/3930/477 3929/3929/3422
f 2792/2792/469 3931/3931/3423 2798/2798/2671
f 3922/3922/3417 3932/3932/3424 3931/3931/3423
f 2794/2794/2668 3933/3933/3425 2801/2801/2674
f 3924/3924/3419 3935/3935/3427 3933/3933/3425
f 3926/3926/1597 3936/3936/3428 3943/3943/488
f 3927/3927/3421 2808/2808/487 3936/3936/3428
f 3937/3937/3429 3929/3929/3422 3939/3939/3431
f 3939/3939/3431 3930/3930/477 2805/2805/2677
f 2804/2804/490 3931/3931/3423 3940/3940/3432
f 3940/3940/3432 3932/3932/3424 3948/3948/3438
f 2801/2801/2674 3941/3941/3433 2809/2809/494
f 3933/3933/3425 3942/3942/3434 3941/3941/3433
f 3943/3943/488 3944/3944/1611 3951/3951/1620
f 3936/3936/3428 2816/2816/2684 3944/3944/1611
f 3945/3945/3435 3939/3939/3431 3946/3946/3436
f 3946/3946/3436 2805/2805/2677 2813/2813/491
f 2812/2812/2681 3940/3940/3432 3947/3947/3437
f 3947/3947/3437 3948/3948/3438 3956/3956/3442
f 2809/2809/494 3949/3949/3439 2817/2817/2685
f 3941/3941/3433 3950/3950/3440 3949/3949/3439
f 3951/3951/1620 3952/3952/1619 3959/3959/3445
f 3944/3944/1611 2823/2823/2690 3952/3952/1619
f 3953/3953/3441 3946/3946/3436 3954/3954/1613
f 3954/3954/1613 2813/2813/491 2821/2821/2688
f 2820/2820/505 3947/3947/3437 3955/3955/1616
f 3955/3955/1616 3956/3956/3442 3965/3965/3450
f 2817/2817/2685 3957/3957/3443 2824/2824/509
f 3949/3949/3439 3958/3958/3444 3957/3957/3443
f 3959/3959/3445 3960/3960/3446 3968/3968/3452
f 3952/3952/1619 3961/3961/510 3960/3960/3446
f 3962/3962/3447 3954/3954/1613 3963/3963/3448
f 3963/3963/3448 2821/2821/2688 2828/2828/2693
f 2827/2827/1625 3955/3955/1616 3964/3964/3449
f 3964/3964/3449 3965/3965/3450 3972/3972/3456
f 2831/2831/2696 3957/3957/3443 3966/3966/3451
f 3966/3966/3451 3958/3958/3444 3975/3975/3458
f 3967/3967/526 3960/3960/3446 3969/3969/3453
f 3969/3969/3453 3961/3961/510 2832/2832/2697
f 3962/3962/3447 3970/3970/3454 3978/3978/3461
f 3963/3963/3448 2842/2842/2704 3970/3970/3454
f 2827/2827/1625 3971/3971/3455 2835/2835/2700
f 3964/3964/3449 3973/3973/519 3971/3971/3455
f 2838/2838/532 3966/3966/3451 3974/3974/3457
f 3974/3974/3457 3975/3975/3458 3983/3983/3465
f 3976/3976/3459 3969/3969/3453 3977/3977/3460
f 3977/3977/3460 2832/2832/2697 2839/2839/525
f 3978/3978/3461 3979/3979/1636 3986/3986/3468
f 3970/3970/3454 2850/2850/521 3979/3979/1636
f 2835/2835/2700 3980/3980/3462 2843/2843/2705
f 3971/3971/3455 3981/3981/3463 3980/3980/3462
f 2846/2846/540 3974/3974/3457 3982/3982/3464
f 3982/3982/3464 3983/3983/3465 3991/3991/3472
f 3984/3984/3466 3977/3977/3460 3985/3985/3467
f 3985/3985/3467 2839/2839/525 2847/2847/2707
f 3986/3986/3468 3987/3987/3469 3994/3994/3475
f 3979/3979/1636 2858/2858/2715 3987/3987/3469
f 2843/2843/2705 3988/3988/1647 2851/2851/528
f 3980/3980/3462 3989/3989/3470 3988/3988/1647
f 2854/2854/2712 3982/3982/3464 3990/3990/3471
f 3990/3990/3471 3991/3991/3472 3999/3999/2714
f 3992/3992/3473 3985/3985/3467 3993/3993/3474
f 3993/3993/3474 2847/2847/2707 2855/2855/2713
f 3994/3994/3475 3995/3995/3476 4002/4002/3481
f 3987/3987/3469 2865/2865/2721 3995/3995/3476
f 2851/2851/528 3996/3996/3477 2859/2859/2716
f 3988/3988/1647 3997/3997/3478 3996/3996/3477
f 2862/2862/555 3990/3990/3471 3998/3998/3479
f 3998/3998/3479 3999/3999/2714 4007/4007/3485
f 4000/4000/2724 3993/3993/3474 4001/4001/3480
f 4001/4001/3480 2855/2855/2713 2863/2863/2719
f 4002/4002/3481 4003/4003/3482 4010/4010/3488
f 3995/3995/3476 2873/2873/545 4003/4003/3482
f 2859/2859/2716 4004/4004/3483 2866/2866/2722
f 3996/3996/3477 4005/4005/2728 4004/4004/3483
f 2869/2869/2725 3998/3998/3479 4006/4006/3484
f 4006/4006/3484 4007/4007/3485 4016/4016/1680
f 4008/4008/3486 4001/4001/3480 4009/4009/3487
f 4009/4009/3487 2863/2863/2719 2870/2870/556
f 4010/4010/3488 4011/4011/3489 4020/4020/3496
f 4003/4003/3482 4012/4012/3490 4011/4011/3489
f 2866/2866/2722 4013/4013/3491 2874/2874/2727
f 4004/4004/3483 4014/4014/3492 4013/4013/3491
f 2869/2869/2725 4015/4015/3493 2877/2877/2730
f 4006/4006/3484 4017/4017/3494 4015/4015/3493
f 4008/4008/3486 4018/4018/3495 4025/4025/3501
f 4009/4009/3487 2884/2884/2736 4018/4018/3495
f 4019/4019/1677 4011/4011/3489 4021/4021/3497
f 4021/4021/3497 4012/4012/3490 2881/2881/2733
f 2880/2880/2732 4013/4013/3491 4022/4022/3498
f 4022/4022/3498 4014/4014/3492 4031/4031/3505
f 2877/2877/2730 4023/4023/3499 2885/2885/570
f 4015/4015/3493 4024/4024/3500 4023/4023/3499
f 4025/4025/3501 4026/4026/1689 4034/4034/3508
f 4018/4018/3495 4027/4027/571 4026/4026/1689
f 4028/4028/3502 4021/4021/3497 4029/4029/3503
f 4029/4029/3503 2881/2881/2733 2889/2889/567
f 2888/2888/2738 4022/4022/3498 4030/4030/3504
f 4030/4030/3504 4031/4031/3505 4038/4038/3512
f 2891/2891/2740 4023/4023/3499 4032/4032/3506
f 4032/4032/3506 4024/4024/3500 4041/4041/3515
f 4033/4033/3507 4026/4026/1689 4035/4035/3509
f 4035/4035/3509 4027/4027/571 2892/2892/2741
f 4028/4028/3502 4036/4036/3510 4044/4044/1700
f 4029/4029/3503 2902/2902/574 4036/4036/3510
f 2888/2888/2738 4037/4037/3511 2895/2895/2743
f 4030/4030/3504 4039/4039/3513 4037/4037/3511
f 2898/2898/2746 4032/4032/3506 4040/4040/3514
f 4040/4040/3514 4041/4041/3515 4049/4049/3519
f 4042/4042/1706 4035/4035/3509 4043/4043/3516
f 4043/4043/3516 2892/2892/2741 2899/2899/585
f 4044/4044/1700 4045/4045/3517 4052/4052/1708
f 4036/4036/3510 2910/2910/581 4045/4045/3517
f 2895/2895/2743 4046/4046/1702 2903/2903/2748
f 4037/4037/3511 4047/4047/3518 4046/4046/1702
f 2906/2906/600 4040/4040/3514 4048/4048/1711
f 4048/4048/1711 4049/4049/3519 4057/4057/3525
f 4050/4050/1713 4043/4043/3516 4051/4051/3520
f 4051/4051/3520 2899/2899/585 2907/2907/2750
f 4052/4052/1708 4053/4053/3521 4060/4060/1715
f 4045/4045/3517 2918/2918/2757 4053/4053/3521
f 2903/2903/2748 4054/4054/3522 2911/2911/2752
f 4046/4046/1702 4055/4055/3523 4054/4054/3522
f 2914/2914/2754 4048/4048/1711 4056/4056/3524
f 4056/4056/3524 4057/4057/3525 4065/4065/3530
f 4058/4058/1721 4051/4051/3520 4059/4059/3526
f 4059/4059/3526 2907/2907/2750 2915/2915/2755
f 4060/4060/1715 4061/4061/1714 4068/4068/1723
f 4053/4053/3521 2926/2926/2762 4061/4061/1714
f 2911/2911/2752 4062/4062/3527 2919/2919/596
f 4054/4054/3522 4063/4063/3528 4062/4062/3527
f 2922/2922/2759 4056/4056/3524 4064/4064/3529
f 4064/4064/3529 4065/4065/3530 4073/4073/1734
f 4066/4066/1729 4059/4059/3526 4067/4067/1728
f 4067/4067/1728 2915/2915/2755 2923/2923/2760
f 4068/4068/1723 4069/4069/3531 4076/4076/1731
f 4061/4061/1714 2932/2932/2765 4069/4069/3531
f 2919/2919/596 4070/4070/3532 2927/2927/2763
f 4062/4062/3527 4071/4071/3533 4070/4070/3532
f 2929/2929/2764 4064/4064/3529 4072/4072/3534
f 4072/4072/3534 4073/4073/1734 4081/4081/613
f 4074/4074/616 4067/4067/1728 4075/4075/1736
f 4075/4075/1736 2923/2923/2760 2930/2930/621
f 4076/4076/1731 4077/4077/1730 4084/4084/618
f 4069/4069/3531 2940/2940/612 4077/4077/1730
f 2927/2927/2763 4078/4078/3535 2933/2933/2766
f 4070/4070/3532 4079/4079/3536 4078/4078/3535
f 2936/2936/627 4072/4072/3534 4080/4080/3537
f 4080/4080/3537 4081/4081/613 4089/4089/3539
f 4082/4082/2770 4075/4075/1736 4083/4083/1742
f 4083/4083/1742 2930/2930/621 2937/2937/2769
f 4084/4084/618 4085/4085/3538 4092/4092/3541
f 4077/4077/1730 2947/2947/624 4085/4085/3538
f 2933/2933/2766 4086/4086/1740 2941/2941/611
f 4078/4078/3535 4087/4087/1739 4086/4086/1740
f 2943/2943/2771 4080/4080/3537 4088/4088/1749
f 4088/4088/1749 4089/4089/3539 4097/4097/1755
f 4090/4090/3540 4083/4083/1742 4091/4091/1750
f 4091/4091/1750 2937/2937/2769 2944/2944/2769
f 4092/4092/3541 4093/4093/1744 4100/4100/3544
f 4085/4085/3538 2954/2954/2776 4093/4093/1744
f 2941/2941/611 4094/4094/1747 2948/2948/611
f 4086/4086/1740 4095/4095/3542 4094/4094/1747
f 2951/2951/633 4088/4088/1749 4096/4096/1756
f 4096/4096/1756 4097/4097/1755 4105/4105/3547
f 4098/4098/3543 4091/4091/1750 4099/4099/1757
f 4099/4099/1757 2944/2944/2769 2952/2952/2774
f 4100/4100/3544 4101/4101/1752 4108/4108/3548
f 4093/4093/1744 2962/2962/2784 4101/4101/1752
f 2948/2948/611 4102/4102/3545 2955/2955/2777
f 4094/4094/1747 4103/4103/3546 4102/4102/3545
f 2958/2958/2780 4096/4096/1756 4104/4104/1763
f 4104/4104/1763 4105/4105/3547 4113/4113/2789
f 4106/4106/2785 4099/4099/1757 4107/4107/1764
f 4107/4107/1764 2952/2952/2774 2959/2959/2781
f 4108/4108/3548 4109/4109/3549 4116/4116/3554
f 4101/4101/1752 2970/2970/638 4109/4109/3549
f 2955/2955/2777 4110/4110/3550 2963/2963/637
f 4102/4102/3545 4111/4111/3551 4110/4110/3550
f 2966/2966/2787 4104/4104/1763 4112/4112/1769
f 4112/4112/1769 4113/4113/2789 4121/4121/3559
f 4114/4114/3552 4107/4107/1764 4115/4115/3553
f 4115/4115/3553 2959/2959/2781 2967/2967/2788
f 4116/4116/3554 4117/4117/3555 4124/4124/3561
f 4109/4109/3549 2978/2978/2795 4117/4117/3555
f 2963/2963/637 4118/4118/3556 2971/2971/2791
f 4110/4110/3550 4119/4119/3557 4118/4118/3556
f 2974/2974/665 4112/4112/1769 4120/4120/3558
f 4120/4120/3558 4121/4121/3559 4129/4129/3566
f 4122/4122/1779 4115/4115/3553 4123/4123/3560
f 4123/4123/3560 2967/2967/2788 2975/2975/2793
f 4124/4124/3561 4125/4125/3562 4132/4132/1781
f 4117/4117/3555 2986/2986/2801 4125/4125/3562
f 2971/2971/2791 4126/4126/3563 2979/2979/2796
f 4118/4118/3556 4127/4127/3564 4126/4126/3563
f 2982/2982/2798 4120/4120/3558 4128/4128/3565
f 4128/4128/3565 4129/4129/3566 4137/4137/3571
f 4130/4130/2802 4123/4123/3560 4131/4131/3567
f 4131/4131/3567 2975/2975/2793 2983/2983/2799
f 4132/4132/1781 4133/4133/1780 4140/4140/1787
f 4125/4125/3562 2992/2992/2806 4133/4133/1780
f 2979/2979/2796 4134/4134/3568 2987/2987/661
f 4126/4126/3563 4135/4135/3569 4134/4134/3568
f 2989/2989/2803 4128/4128/3565 4136/4136/3570
f 4136/4136/3570 4137/4137/3571 4145/4145/3576
f 4138/4138/3572 4131/4131/3567 4139/4139/1792
f 4139/4139/1792 2983/2983/2799 2990/2990/2804
f 4140/4140/1787 4141/4141/3573 4148/4148/3579
f 4133/4133/1780 3000/3000/2812 4141/4141/3573
f 2987/2987/661 4142/4142/1789 2993/2993/2807
f 4134/4134/3568 4143/4143/3574 4142/4142/1789
f 2996/2996/687 4136/4136/3570 4144/4144/3575
f 4144/4144/3575 4145/4145/3576 4153/4153/3584
f 4146/4146/3577 4139/4139/1792 4147/4147/3578
f 4147/4147/3578 2990/2990/2804 2997/2997/680
f 4148/4148/3579 4149/4149/3580 4156/4156/3586
f 4141/4141/3573 3008/3008/2819 4149/4149/3580
f 2993/2993/2807 4150/4150/3581 3001/3001/675
f 4142/4142/1789 4151/4151/3582 4150/4150/3581
f 3004/3004/2815 4144/4144/3575 4152/4152/3583
f 4152/4152/3583 4153/4153/3584 4161/4161/3588
f 4154/4154/1807 4147/4147/3578 4155/4155/3585
f 4155/4155/3585 2997/2997/680 3005/3005/2816
f 4156/4156/3586 4157/4157/1801 4164/4164/3591
f 4149/4149/3580 3016/3016/2824 4157/4157/1801
f 3001/3001/675 4158/4158/1803 3009/3009/683
f 4150/4150/3581 4159/4159/3587 4158/4158/1803
f 3012/3012/2821 4152/4152/3583 4160/4160/1812
f 4160/4160/1812 4161/4161/3588 4169/4169/3595
f 4162/4162/3589 4155/4155/3585 4163/4163/3590
f 4163/4163/3590 3005/3005/2816 3013/3013/696
f 4164/4164/3591 4165/4165/3592 4172/4172/3597
f 4157/4157/1801 4166/4166/3593 4165/4165/3592
f 3009/3009/683 4167/4167/1811 3017/3017/2825
f 4158/4158/1803 4168/4168/3594 4167/4167/1811
f 3012/3012/2821 3777/3777/3319 3019/3019/700
f 4160/4160/1812 3774/3774/3317 3777/3777/3319
f 4162/4162/3589 4170/4170/3596 4177/4177/1831
f 4163/4163/3590 4171/4171/701 4170/4170/3596
f 3780/3780/3320 4165/4165/3592 3781/3781/3321
f 3781/3781/3321 4166/4166/3593 3022/3022/2828
f 3549/3549/1225 4173/4173/3598 4174/4174/3599
f 4174/4174/3599 4175/4175/699 3020/3020/1822
f 3021/3021/2827 4167/4167/1811 4176/4176/3600
f 4176/4176/3600 4168/4168/3594 4185/4185/1824
f 4177/4177/1831 4178/4178/3601 4188/4188/3604
f 4170/4170/3596 4179/4179/718 4178/4178/3601
f 4180/4180/1472 4182/4182/1828 3747/3747/3297
f 4183/4183/3603 3035/3035/2835 5016/5016/4169
f 3038/3038/1826 4176/4176/3600 4184/4184/1825
f 4184/4184/1825 4185/4185/1824 4192/4192/1834
f 3032/3032/2832 3790/3790/1474 4186/4186/1836
f 4186/4186/1836 3791/3791/1472 4195/4195/1843
f 4187/4187/720 4178/4178/3601 4189/4189/3605
f 4189/4189/3605 4179/4179/718 3033/3033/2833
f 3795/3795/1468 4190/4190/1832 4198/4198/1840
f 3797/3797/1467 3048/3048/2846 4190/4190/1832
f 3038/3038/1826 4191/4191/1835 3039/3039/2838
f 4184/4184/1825 4193/4193/3606 4191/4191/1835
f 3043/3043/2841 4186/4186/1836 4194/4194/3607
f 4194/4194/3607 4195/4195/1843 4204/4204/2845
f 4196/4196/1847 4189/4189/3605 4197/4197/3608
f 4197/4197/3608 3033/3033/2833 3044/3044/2842
f 4198/4198/1840 4199/4199/3609 4208/4208/725
f 4190/4190/1832 4200/4200/3610 4199/4199/3609
f 3039/3039/2838 4201/4201/3611 3049/3049/2847
f 4191/4191/1835 4202/4202/3612 4201/4201/3611
f 3043/3043/2841 4203/4203/1853 3052/3052/2849
f 4194/4194/3607 4205/4205/3613 4203/4203/1853
f 4196/4196/1847 4206/4206/3614 4213/4213/735
f 4197/4197/3608 3058/3058/2854 4206/4206/3614
f 4207/4207/3615 4199/4199/3609 4209/4209/1848
f 4209/4209/1848 4200/4200/3610 3055/3055/2852
f 3054/3054/2851 4201/4201/3611 4210/4210/3616
f 4210/4210/3616 4202/4202/3612 4218/4218/1857
f 3052/3052/2849 4211/4211/1860 3059/3059/2855
f 4203/4203/1853 4212/4212/3617 4211/4211/1860
f 4213/4213/735 4214/4214/3618 4221/4221/3623
f 4206/4206/3614 3065/3065/742 4214/4214/3618
f 4215/4215/1856 4209/4209/1848 4216/4216/3619
f 4216/4216/3619 3055/3055/2852 3063/3063/2858
f 3062/3062/2857 4210/4210/3616 4217/4217/3620
f 4217/4217/3620 4218/4218/1857 4226/4226/3628
f 3059/3059/2855 4219/4219/3621 3066/3066/2860
f 4211/4211/1860 4220/4220/3622 4219/4219/3621
f 4221/4221/3623 4222/4222/3624 4229/4229/749
f 4214/4214/3618 3072/3072/748 4222/4222/3624
f 4223/4223/3625 4216/4216/3619 4224/4224/3626
f 4224/4224/3626 3063/3063/2858 3069/3069/2862
f 3068/3068/751 4217/4217/3620 4225/4225/3627
f 4225/4225/3627 4226/4226/3628 4234/4234/2864
f 3066/3066/2860 4227/4227/3629 3073/3073/2865
f 4219/4219/3621 4228/4228/3630 4227/4227/3629
f 4229/4229/749 4230/4230/3631 4237/4237/2868
f 4222/4222/3624 3079/3079/2869 4230/4230/3631
f 4231/4231/3632 4224/4224/3626 4232/4232/3633
f 4232/4232/3633 3069/3069/2862 3077/3077/752
f 3076/3076/758 4225/4225/3627 4233/4233/3634
f 4233/4233/3634 4234/4234/2864 4242/4242/3639
f 3073/3073/2865 4235/4235/1882 3080/3080/762
f 4227/4227/3629 4236/4236/3635 4235/4235/1882
f 4237/4237/2868 4238/4238/3636 4245/4245/3641
f 4230/4230/3631 3087/3087/2874 4238/4238/3636
f 4239/4239/1878 4232/4232/3633 4240/4240/3637
f 4240/4240/3637 3077/3077/752 3084/3084/759
f 3083/3083/2871 4233/4233/3634 4241/4241/3638
f 4241/4241/3638 4242/4242/3639 4250/4250/3645
f 3080/3080/762 4243/4243/1890 3088/3088/2875
f 4235/4235/1882 4244/4244/3640 4243/4243/1890
f 4245/4245/3641 4246/4246/1891 4253/4253/771
f 4238/4238/3636 3094/3094/770 4246/4246/1891
f 4247/4247/3642 4240/4240/3637 4248/4248/3643
f 4248/4248/3643 3084/3084/759 3091/3091/2877
f 3090/3090/773 4241/4241/3638 4249/4249/3644
f 4249/4249/3644 4250/4250/3645 4258/4258/2878
f 3088/3088/2875 4251/4251/3646 3095/3095/2879
f 4243/4243/1890 4252/4252/3647 4251/4251/3646
f 4253/4253/771 4254/4254/3648 4261/4261/3651
f 4246/4246/1891 3101/3101/2885 4254/4254/3648
f 4255/4255/3649 4248/4248/3643 4256/4256/1893
f 4256/4256/1893 3091/3091/2877 3099/3099/2883
f 3098/3098/2882 4249/4249/3644 4257/4257/1896
f 4257/4257/1896 4258/4258/2878 4266/4266/3655
f 3095/3095/2879 4259/4259/1905 3102/3102/784
f 4251/4251/3646 4260/4260/3650 4259/4259/1905
f 4261/4261/3651 4262/4262/3652 4269/4269/3657
f 4254/4254/3648 3109/3109/785 4262/4262/3652
f 4263/4263/3653 4256/4256/1893 4264/4264/3654
f 4264/4264/3654 3099/3099/2883 3106/3106/781
f 3105/3105/788 4257/4257/1896 4265/4265/1903
f 4265/4265/1903 4266/4266/3655 4275/4275/3662
f 3102/3102/784 4267/4267/3656 3110/3110/2890
f 4259/4259/1905 4268/4268/2897 4267/4267/3656
f 4269/4269/3657 4270/4270/1914 4278/4278/3664
f 4262/4262/3652 4271/4271/3658 4270/4270/1914
f 4272/4272/3659 4264/4264/3654 4273/4273/3660
f 4273/4273/3660 3106/3106/781 3114/3114/789
f 3113/3113/2893 4265/4265/1903 4274/4274/3661
f 4274/4274/3661 4275/4275/3662 4282/4282/3667
f 3117/3117/807 4267/4267/3656 4276/4276/1920
f 4276/4276/1920 4268/4268/2897 4285/4285/3670
f 4277/4277/3663 4270/4270/1914 4279/4279/3665
f 4279/4279/3665 4271/4271/3658 3118/3118/2896
f 4272/4272/3659 4280/4280/1916 4288/4288/3672
f 4273/4273/3660 3128/3128/797 4280/4280/1916
f 3113/3113/2893 4281/4281/3666 3121/3121/2899
f 4274/4274/3661 4283/4283/3668 4281/4281/3666
f 3124/3124/2902 4276/4276/1920 4284/4284/3669
f 4284/4284/3669 4285/4285/3670 4293/4293/3676
f 4286/4286/3671 4279/4279/3665 4287/4287/1929
f 4287/4287/1929 3118/3118/2896 3125/3125/808
f 4288/4288/3672 4289/4289/3673 4296/4296/3678
f 4280/4280/1916 3136/3136/2911 4289/4289/3673
f 3121/3121/2899 4290/4290/3674 3129/3129/803
f 4281/4281/3666 4291/4291/2913 4290/4290/3674
f 3132/3132/2907 4284/4284/3669 4292/4292/3675
f 4292/4292/3675 4293/4293/3676 4302/4302/3683
f 4294/4294/3677 4287/4287/1929 4295/4295/1937
f 4295/4295/1937 3125/3125/808 3133/3133/2908
f 4296/4296/3678 4297/4297/3679 4306/4306/3685
f 4289/4289/3673 4298/4298/812 4297/4297/3679
f 3129/3129/803 4299/4299/3680 3137/3137/2912
f 4290/4290/3674 4300/4300/3681 4299/4299/3680
f 3132/3132/2907 4301/4301/3682 3140/3140/2915
f 4292/4292/3675 4303/4303/1942 4301/4301/3682
f 4294/4294/3677 4304/4304/1945 4311/4311/1952
f 4295/4295/1937 3147/3147/2921 4304/4304/1945
f 4305/4305/3684 4297/4297/3679 4307/4307/3686
f 4307/4307/3686 4298/4298/812 3144/3144/2919
f 3143/3143/2918 4299/4299/3680 4308/4308/3687
f 4308/4308/3687 4300/4300/3681 4316/4316/825
f 3140/3140/2915 4309/4309/3688 3148/3148/830
f 4301/4301/3682 4310/4310/3689 4309/4309/3688
f 4311/4311/1952 4312/4312/1951 4319/4319/2925
f 4304/4304/1945 3155/3155/2926 4312/4312/1951
f 4313/4313/1947 4307/4307/3686 4314/4314/3690
f 4314/4314/3690 3144/3144/2919 3152/3152/827
f 3151/3151/2923 4308/4308/3687 4315/4315/3691
f 4315/4315/3691 4316/4316/825 4324/4324/3695
f 3148/3148/830 4317/4317/3692 3156/3156/2927
f 4309/4309/3688 4318/4318/1956 4317/4317/3692
f 4319/4319/2925 4320/4320/1958 4327/4327/847
f 4312/4312/1951 3163/3163/839 4320/4320/1958
f 4321/4321/1954 4314/4314/3690 4322/4322/3693
f 4322/4322/3693 3152/3152/827 3160/3160/2929
f 3159/3159/2928 4315/4315/3691 4323/4323/3694
f 4323/4323/3694 4324/4324/3695 4332/4332/3697
f 3156/3156/2927 4325/4325/3696 3164/3164/2931
f 4317/4317/3692 4326/4326/1964 4325/4325/3696
f 4327/4327/847 4328/4328/1966 4335/4335/3700
f 4320/4320/1958 3170/3170/2936 4328/4328/1966
f 4329/4329/1961 4322/4322/3693 4330/4330/1960
f 4330/4330/1960 3160/3160/2929 3167/3167/2933
f 3166/3166/2932 4323/4323/3694 4331/4331/1963
f 4331/4331/1963 4332/4332/3697 4340/4340/3705
f 3164/3164/2931 4333/4333/3698 3171/3171/853
f 4325/4325/3696 4334/4334/3699 4333/4333/3698
f 4335/4335/3700 4336/4336/3701 4343/4343/3708
f 4328/4328/1966 3178/3178/854 4336/4336/3701
f 4337/4337/3702 4330/4330/1960 4338/4338/3703
f 4338/4338/3703 3167/3167/2933 3175/3175/2939
f 3174/3174/857 4331/4331/1963 4339/4339/3704
f 4339/4339/3704 4340/4340/3705 4348/4348/3713
f 3171/3171/853 4341/4341/3706 3179/3179/861
f 4333/4333/3698 4342/4342/3707 4341/4341/3706
f 4343/4343/3708 4344/4344/3709 4351/4351/3715
f 4336/4336/3701 3185/3185/862 4344/4344/3709
f 4345/4345/3710 4338/4338/3703 4346/4346/3711
f 4346/4346/3711 3175/3175/2939 3183/3183/858
f 3182/3182/2943 4339/4339/3704 4347/4347/3712
f 4347/4347/3712 4348/4348/3713 4356/4356/3718
f 3179/3179/861 4349/4349/1988 3186/3186/868
f 4341/4341/3706 4350/4350/3714 4349/4349/1988
f 4351/4351/3715 4352/4352/1989 4359/4359/2949
f 4344/4344/3709 3193/3193/2950 4352/4352/1989
f 4353/4353/1984 4346/4346/3711 4354/4354/3716
f 4354/4354/3716 3183/3183/858 3190/3190/2947
f 3189/3189/2946 4347/4347/3712 4355/4355/3717
f 4355/4355/3717 4356/4356/3718 4364/4364/3722
f 3186/3186/868 4357/4357/3719 3194/3194/2951
f 4349/4349/1988 4358/4358/3720 4357/4357/3719
f 4359/4359/2949 4360/4360/3721 4367/4367/3725
f 4352/4352/1989 3201/3201/877 4360/4360/3721
f 4361/4361/1992 4354/4354/3716 4362/4362/1991
f 4362/4362/1991 3190/3190/2947 3198/3198/2953
f 3197/3197/880 4355/4355/3717 4363/4363/1994
f 4363/4363/1994 4364/4364/3722 4372/4372/3729
f 3194/3194/2951 4365/4365/3723 3202/3202/2956
f 4357/4357/3719 4366/4366/3724 4365/4365/3723
f 4367/4367/3725 4368/4368/3726 4375/4375/3731
f 4360/4360/3721 3208/3208/2962 4368/4368/3726
f 4369/4369/2957 4362/4362/1991 4370/4370/3727
f 4370/4370/3727 3198/3198/2953 3205/3205/2959
f 3204/3204/2958 4363/4363/1994 4371/4371/3728
f 4371/4371/3728 4372/4372/3729 4380/4380/3735
f 3202/3202/2956 4373/4373/3730 3209/3209/2621
f 4365/4365/3723 4374/4374/2008 4373/4373/3730
f 4375/4375/3731 4376/4376/3732 4383/4383/2019
f 4368/4368/3726 3216/3216/892 4376/4376/3732
f 4377/4377/2006 4370/4370/3727 4378/4378/3733
f 4378/4378/3733 3205/3205/2959 3213/3213/2965
f 3212/3212/411 4371/4371/3728 4379/4379/3734
f 4379/4379/3734 4380/4380/3735 4388/4388/3738
f 3209/3209/2621 4381/4381/2017 3217/3217/2967
f 4373/4373/3730 4382/4382/2016 4381/4381/2017
f 4383/4383/2019 4384/4384/2018 4391/4391/3740
f 4376/4376/3732 3224/3224/2971 4384/4384/2018
f 4385/4385/2013 4378/4378/3733 4386/4386/3736
f 4386/4386/3736 3213/3213/2965 3221/3221/2968
f 3220/3220/902 4379/4379/3734 4387/4387/3737
f 4387/4387/3737 4388/4388/3738 4397/4397/3743
f 3217/3217/2967 4389/4389/2026 3225/3225/2972
f 4381/4381/2017 4390/4390/3739 4389/4389/2026
f 4391/4391/3740 4392/4392/2027 4400/4400/3746
f 4384/4384/2018 4393/4393/907 4392/4392/2027
f 4394/4394/3741 4386/4386/3736 4395/4395/3742
f 4395/4395/3742 3221/3221/2968 3229/3229/2973
f 3228/3228/2024 4387/4387/3737 4396/4396/2023
f 4396/4396/2023 4397/4397/3743 4404/4404/3749
f 3232/3232/920 4389/4389/2026 4398/4398/3744
f 4398/4398/3744 4390/4390/3739 4407/4407/913
f 4399/4399/3745 4392/4392/2027 4401/4401/3747
f 4401/4401/3747 4393/4393/907 3233/3233/2975
f 4394/4394/3741 4402/4402/3748 4410/4410/3753
f 4395/4395/3742 3242/3242/2980 4402/4402/3748
f 3228/3228/2024 4403/4403/2031 3236/3236/2978
f 4396/4396/2023 4405/4405/3750 4403/4403/2031
f 3238/3238/2979 4398/4398/3744 4406/4406/3751
f 4406/4406/3751 4407/4407/913 4416/4416/919
f 4408/4408/3752 4401/4401/3747 4409/4409/2041
f 4409/4409/2041 3233/3233/2975 3239/3239/921
f 4410/4410/3753 4411/4411/2034 4420/4420/2045
f 4402/4402/3748 4412/4412/3754 4411/4411/2034
f 3236/3236/2978 4413/4413/3755 3243/3243/916
f 4403/4403/2031 4414/4414/3756 4413/4413/3755
f 3238/3238/2979 4415/4415/3757 3246/3246/2982
f 4406/4406/3751 4417/4417/3758 4415/4415/3757
f 4408/4408/3752 4418/4418/3759 4425/4425/2056
f 4409/4409/2041 3252/3252/2987 4418/4418/3759
f 4419/4419/3760 4411/4411/2034 4421/4421/3761
f 4421/4421/3761 4412/4412/3754 3249/3249/2985
f 3248/3248/2984 4413/4413/3755 4422/4422/3762
f 4422/4422/3762 4414/4414/3756 4430/4430/3767
f 3246/3246/2982 4423/4423/2054 3253/3253/2988
f 4415/4415/3757 4424/4424/3763 4423/4423/2054
f 4425/4425/2056 4426/4426/3764 4433/4433/3769
f 4418/4418/3759 3259/3259/2992 4426/4426/3764
f 4427/4427/3765 4421/4421/3761 4428/4428/3766
f 4428/4428/3766 3249/3249/2985 3257/3257/931
f 3256/3256/2990 4422/4422/3762 4429/4429/2052
f 4429/4429/2052 4430/4430/3767 4438/4438/3774
f 3253/3253/2988 4431/4431/3768 3260/3260/2993
f 4423/4423/2054 4432/4432/2994 4431/4431/3768
f 4433/4433/3769 4434/4434/3770 4441/4441/2577
f 4426/4426/3764 3267/3267/942 4434/4434/3770
f 4435/4435/3771 4428/4428/3766 4436/4436/3772
f 4436/4436/3772 3257/3257/931 3264/3264/938
f 3263/3263/2995 4429/4429/2052 4437/4437/3773
f 4437/4437/3773 4438/4438/3774 4446/4446/2067
f 3260/3260/2993 4439/4439/3775 3268/3268/2998
f 4431/4431/3768 4440/4440/3776 4439/4439/3775
f 4441/4441/2577 4442/4442/3777 4449/4449/3782
f 4434/4434/3770 3274/3274/3003 4442/4442/3777
f 4443/4443/3778 4436/4436/3772 4444/4444/3779
f 4444/4444/3779 3264/3264/938 3271/3271/3001
f 3270/3270/3000 4437/4437/3773 4445/4445/3780
f 4445/4445/3780 4446/4446/2067 4454/4454/2075
f 3268/3268/2998 4447/4447/2077 3275/3275/956
f 4439/4439/3775 4448/4448/3781 4447/4447/2077
f 4449/4449/3782 4450/4450/3783 4457/4457/958
f 4442/4442/3777 3282/3282/3007 4450/4450/3783
f 4451/4451/2074 4444/4444/3779 4452/4452/2073
f 4452/4452/2073 3271/3271/3001 3279/3279/953
f 3278/3278/3005 4445/4445/3780 4453/4453/3784
f 4453/4453/3784 4454/4454/2075 4462/4462/2082
f 3275/3275/956 4455/4455/3785 3283/3283/963
f 4447/4447/2077 4456/4456/3786 4455/4455/3785
f 4457/4457/958 4458/4458/3787 4465/4465/972
f 4450/4450/3783 3288/3288/3010 4458/4458/3787
f 4459/4459/3788 4452/4452/2073 4460/4460/3789
f 4460/4460/3789 3279/3279/953 3286/3286/961
f 3285/3285/3009 4453/4453/3784 4461/4461/3790
f 4461/4461/3790 4462/4462/2082 4470/4470/3796
f 3283/3283/963 4463/4463/3791 3289/3289/3011
f 4455/4455/3785 4464/4464/3792 4463/4463/3791
f 4465/4465/972 4466/4466/2094 4473/4473/3798
f 4458/4458/3787 3296/3296/971 4466/4466/2094
f 4467/4467/3793 4460/4460/3789 4468/4468/3794
f 4468/4468/3794 3286/3286/961 3293/3293/3015
f 3292/3292/3014 4461/4461/3790 4469/4469/3795
f 4469/4469/3795 4470/4470/3796 4478/4478/3801
f 3289/3289/3011 4471/4471/3797 3297/3297/3016
f 4463/4463/3791 4472/4472/2100 4471/4471/3797
f 4473/4473/3798 4474/4474/2102 4481/4481/3804
f 4466/4466/2094 3304/3304/979 4474/4474/2102
f 4475/4475/3799 4468/4468/3794 4476/4476/3800
f 4476/4476/3800 3293/3293/3015 3301/3301/3020
f 3300/3300/3019 4469/4469/3795 4477/4477/2099
f 4477/4477/2099 4478/4478/3801 4486/4486/2105
f 3297/3297/3016 4479/4479/3802 3305/3305/985
f 4471/4471/3797 4480/4480/3803 4479/4479/3802
f 4481/4481/3804 4482/4482/3805 4489/4489/2117
f 4474/4474/2102 3312/3312/986 4482/4482/3805
f 4483/4483/3806 4476/4476/3800 4484/4484/3807
f 4484/4484/3807 3301/3301/3020 3309/3309/982
f 3308/3308/3023 4477/4477/2099 4485/4485/3808
f 4485/4485/3808 4486/4486/2105 4494/4494/3812
f 3305/3305/985 4487/4487/3809 3313/3313/3025
f 4479/4479/3802 4488/4488/2114 4487/4487/3809
f 4489/4489/2117 4490/4490/3810 4497/4497/3815
f 4482/4482/3805 3318/3318/993 4490/4490/3810
f 4491/4491/2111 4484/4484/3807 4492/4492/2110
f 4492/4492/2110 3309/3309/982 3316/3316/990
f 3315/3315/995 4485/4485/3808 4493/4493/3811
f 4493/4493/3811 4494/4494/3812 4502/4502/3819
f 3313/3313/3025 4495/4495/3813 3319/3319/999
f 4487/4487/3809 4496/4496/3814 4495/4495/3813
f 4497/4497/3815 4498/4498/3816 4505/4505/3822
f 4490/4490/3810 3326/3326/3030 4498/4498/3816
f 4499/4499/997 4492/4492/2110 4500/4500/3817
f 4500/4500/3817 3316/3316/990 3323/3323/3027
f 3322/3322/1003 4493/4493/3811 4501/4501/3818
f 4501/4501/3818 4502/4502/3819 4511/4511/3827
f 3319/3319/999 4503/4503/3820 3327/3327/3031
f 4495/4495/3813 4504/4504/3821 4503/4503/3820
f 4505/4505/3822 4506/4506/3823 4514/4514/3036
f 4498/4498/3816 4507/4507/1007 4506/4506/3823
f 4508/4508/3824 4500/4500/3817 4509/4509/3825
f 4509/4509/3825 3323/3323/3027 3330/3330/3034
f 3329/3329/3033 4501/4501/3818 4510/4510/3826
f 4510/4510/3826 4511/4511/3827 4518/4518/3832
f 3333/3333/3037 4503/4503/3820 4512/4512/3828
f 4512/4512/3828 4504/4504/3821 4521/4521/3835
f 4513/4513/2138 4506/4506/3823 4515/4515/3829
f 4515/4515/3829 4507/4507/1007 3334/3334/3038
f 4508/4508/3824 4516/4516/3830 4524/4524/2141
f 4509/4509/3825 3343/3343/3043 4516/4516/3830
f 3329/3329/3033 4517/4517/3831 3337/3337/1010
f 4510/4510/3826 4519/4519/3833 4517/4517/3831
f 3340/3340/1028 4512/4512/3828 4520/4520/3834
f 4520/4520/3834 4521/4521/3835 4529/4529/3841
f 4522/4522/3836 4515/4515/3829 4523/4523/2146
f 4523/4523/2146 3334/3334/3038 3341/3341/3041
f 4524/4524/2141 4525/4525/3837 4532/4532/3844
f 4516/4516/3830 3351/3351/3047 4525/4525/3837
f 3337/3337/1010 4526/4526/3838 3344/3344/1017
f 4517/4517/3831 4527/4527/3839 4526/4526/3838
f 3347/3347/3045 4520/4520/3834 4528/4528/3840
f 4528/4528/3840 4529/4529/3841 4537/4537/3046
f 4530/4530/3842 4523/4523/2146 4531/4531/3843
f 4531/4531/3843 3341/3341/3041 3348/3348/1029
f 4532/4532/3844 4533/4533/2148 4540/4540/1026
f 4525/4525/3837 3358/3358/3051 4533/4533/2148
f 3344/3344/1017 4534/4534/3845 3352/3352/1024
f 4526/4526/3838 4535/4535/3846 4534/4534/3845
f 3354/3354/1043 4528/4528/3840 4536/4536/3847
f 4536/4536/3847 4537/4537/3046 4545/4545/3854
f 4538/4538/3848 4531/4531/3843 4539/4539/3849
f 4539/4539/3849 3348/3348/1029 3355/3355/3049
f 4540/4540/1026 4541/4541/3850 4548/4548/2162
f 4533/4533/2148 3366/3366/1032 4541/4541/3850
f 3352/3352/1024 4542/4542/3851 3359/3359/3052
f 4534/4534/3845 4543/4543/3852 4542/4542/3851
f 3362/3362/1050 4536/4536/3847 4544/4544/3853
f 4544/4544/3853 4545/4545/3854 4553/4553/3860
f 4546/4546/3855 4539/4539/3849 4547/4547/2167
f 4547/4547/2167 3355/3355/3049 3363/3363/1044
f 4548/4548/2162 4549/4549/3856 4556/4556/3861
f 4541/4541/3850 3373/3373/3061 4549/4549/3856
f 3359/3359/3052 4550/4550/3857 3367/3367/3056
f 4542/4542/3851 4551/4551/3858 4550/4550/3857
f 3370/3370/1058 4544/4544/3853 4552/4552/3859
f 4552/4552/3859 4553/4553/3860 4561/4561/3866
f 4554/4554/1052 4547/4547/2167 4555/4555/2175
f 4555/4555/2175 3363/3363/1044 3371/3371/3059
f 4556/4556/3861 4557/4557/3862 4564/4564/3868
f 4549/4549/3856 3381/3381/3069 4557/4557/3862
f 3367/3367/3056 4558/4558/3863 3374/3374/3062
f 4550/4550/3857 4559/4559/3864 4558/4558/3863
f 3377/3377/3065 4552/4552/3859 4560/4560/3865
f 4560/4560/3865 4561/4561/3866 4569/4569/3873
f 4562/4562/2184 4555/4555/2175 4563/4563/3867
f 4563/4563/3867 3371/3371/3059 3378/3378/3066
f 4564/4564/3868 4565/4565/3869 4572/4572/3068
f 4557/4557/3862 3389/3389/3075 4565/4565/3869
f 3374/3374/3062 4566/4566/3870 3382/3382/3070
f 4558/4558/3863 4567/4567/3871 4566/4566/3870
f 3385/3385/3072 4560/4560/3865 4568/4568/3872
f 4568/4568/3872 4569/4569/3873 4577/4577/3879
f 4570/4570/2191 4563/4563/3867 4571/4571/3874
f 4571/4571/3874 3378/3378/3066 3386/3386/3073
f 4572/4572/3068 4573/4573/3875 4580/4580/3881
f 4565/4565/3869 3397/3397/3080 4573/4573/3875
f 3382/3382/3070 4574/4574/3876 3390/3390/1062
f 4566/4566/3870 4575/4575/3877 4574/4574/3876
f 3393/3393/3077 4568/4568/3872 4576/4576/3878
f 4576/4576/3878 4577/4577/3879 4585/4585/3884
f 4578/4578/3880 4571/4571/3874 4579/4579/2198
f 4579/4579/2198 3386/3386/3073 3394/3394/3078
f 4580/4580/3881 4581/4581/3882 4588/4588/2201
f 4573/4573/3875 3403/3403/3084 4581/4581/3882
f 3390/3390/1062 4582/4582/2195 3398/3398/1070
f 4574/4574/3876 4583/4583/3883 4582/4582/2195
f 3400/3400/3082 4576/4576/3878 4584/4584/2204
f 4584/4584/2204 4585/4585/3884 4594/4594/2213
f 4586/4586/3885 4579/4579/2198 4587/4587/2206
f 4587/4587/2206 3394/3394/3078 3401/3401/1081
f 4588/4588/2201 4589/4589/3886 4598/4598/3892
f 4581/4581/3882 4590/4590/3887 4589/4589/3886
f 3398/3398/1070 4591/4591/3888 3404/3404/1077
f 4582/4582/2195 4592/4592/3889 4591/4591/3888
f 3400/3400/3082 4593/4593/3890 3407/3407/3087
f 4584/4584/2204 4595/4595/2212 4593/4593/3890
f 4586/4586/3885 4596/4596/3891 4603/4603/2223
f 4587/4587/2206 3414/3414/3091 4596/4596/3891
f 4597/4597/2209 4589/4589/3886 4599/4599/2208
f 4599/4599/2208 4590/4590/3887 3411/3411/3089
f 3410/3410/3088 4591/4591/3888 4600/4600/3893
f 4600/4600/3893 4592/4592/3889 4609/4609/2217
f 3407/3407/3087 4601/4601/3894 3415/3415/3092
f 4593/4593/3890 4602/4602/3895 4601/4601/3894
f 4603/4603/2223 4604/4604/2222 4612/4612/2231
f 4596/4596/3891 4605/4605/1096 4604/4604/2222
f 4606/4606/3896 4599/4599/2208 4607/4607/3897
f 4607/4607/3897 3411/3411/3089 3419/3419/3095
f 3418/3418/2219 4600/4600/3893 4608/4608/3898
f 4608/4608/3898 4609/4609/2217 4616/4616/3901
f 3422/3422/3097 4601/4601/3894 4610/4610/3899
f 4610/4610/3899 4602/4602/3895 4619/4619/1102
f 4611/4611/2230 4604/4604/2222 4613/4613/2229
f 4613/4613/2229 4605/4605/1096 3423/3423/1103
f 4606/4606/3896 4614/4614/3900 4622/4622/2233
f 4607/4607/3897 3432/3432/3103 4614/4614/3900
f 3418/3418/2219 4615/4615/2227 3426/3426/1099
f 4608/4608/3898 4617/4617/3902 4615/4615/2227
f 3429/3429/3100 4610/4610/3899 4618/4618/3903
f 4618/4618/3903 4619/4619/1102 4627/4627/3107
f 4620/4620/3904 4613/4613/2229 4621/4621/2237
f 4621/4621/2237 3423/3423/1103 3430/3430/3101
f 4622/4622/2233 4623/4623/3905 4630/4630/3910
f 4614/4614/3900 3440/3440/3109 4623/4623/3905
f 3426/3426/1099 4624/4624/3906 3433/3433/3104
f 4615/4615/2227 4625/4625/3907 4624/4624/3906
f 3436/3436/1125 4618/4618/3903 4626/4626/3908
f 4626/4626/3908 4627/4627/3107 4635/4635/3913
f 4628/4628/1119 4621/4621/2237 4629/4629/3909
f 4629/4629/3909 3430/3430/3101 3437/3437/3106
f 4630/4630/3910 4631/4631/2239 4638/4638/3916
f 4623/4623/3905 3448/3448/3116 4631/4631/2239
f 3433/3433/3104 4632/4632/2242 3441/3441/3110
f 4624/4624/3906 4633/4633/3911 4632/4632/2242
f 3444/3444/3112 4626/4626/3908 4634/4634/3912
f 4634/4634/3912 4635/4635/3913 4643/4643/3919
f 4636/4636/3914 4629/4629/3909 4637/4637/3915
f 4637/4637/3915 3437/3437/3106 3445/3445/3113
f 4638/4638/3916 4639/4639/3917 4646/4646/3920
f 4631/4631/2239 3456/3456/3119 4639/4639/3917
f 3441/3441/3110 4640/4640/2250 3449/3449/1121
f 4632/4632/2242 4641/4641/2249 4640/4640/2250
f 3452/3452/3117 4634/4634/3912 4642/4642/3918
f 4642/4642/3918 4643/4643/3919 4651/4651/3924
f 4644/4644/1142 4637/4637/3915 4645/4645/2259
f 4645/4645/2259 3445/3445/3113 3453/3453/1134
f 4646/4646/3920 4647/4647/3921 4654/4654/2262
f 4639/4639/3917 3463/3463/1130 4647/4647/3921
f 3449/3449/1121 4648/4648/2256 3457/3457/3120
f 4640/4640/2250 4649/4649/3922 4648/4648/2256
f 3459/3459/1147 4642/4642/3918 4650/4650/3923
f 4650/4650/3923 4651/4651/3924 4659/4659/3122
f 4652/4652/3925 4645/4645/2259 4653/4653/3926
f 4653/4653/3926 3453/3453/1134 3460/3460/3121
f 4654/4654/2262 4655/4655/3927 4662/4662/1138
f 4647/4647/3921 3470/3470/3126 4655/4655/3927
f 3457/3457/3120 4656/4656/3928 3464/3464/3123
f 4648/4648/2256 4657/4657/3929 4656/4656/3928
f 3467/3467/3124 4650/4650/3923 4658/4658/3930
f 4658/4658/3930 4659/4659/3122 4667/4667/3130
f 4660/4660/2588 4653/4653/3926 4661/4661/3931
f 4661/4661/3931 3460/3460/3121 3468/3468/1148
f 4662/4662/1138 4663/4663/3932 4670/4670/3935
f 4655/4655/3927 3478/3478/3132 4663/4663/3932
f 3464/3464/3123 4664/4664/3933 3471/3471/1144
f 4656/4656/3928 4665/4665/3934 4664/4664/3933
f 3474/3474/1163 4658/4658/3930 4666/4666/2279
f 4666/4666/2279 4667/4667/3130 4675/4675/3939
f 4668/4668/2281 4661/4661/3931 4669/4669/2280
f 4669/4669/2280 3468/3468/1148 3475/3475/3129
f 4670/4670/3935 4671/4671/3936 4678/4678/3941
f 4663/4663/3932 3486/3486/3137 4671/4671/3936
f 3471/3471/1144 4672/4672/2277 3479/3479/3133
f 4664/4664/3933 4673/4673/3937 4672/4672/2277
f 3482/3482/3134 4666/4666/2279 4674/4674/3938
f 4674/4674/3938 4675/4675/3939 4683/4683/3945
f 4676/4676/3940 4669/4669/2280 4677/4677/2288
f 4677/4677/2288 3475/3475/3129 3483/3483/3135
f 4678/4678/3941 4679/4679/3942 4686/4686/3948
f 4671/4671/3936 3494/3494/3143 4679/4679/3942
f 3479/3479/3133 4680/4680/2285 3487/3487/3138
f 4672/4672/2277 4681/4681/3943 4680/4680/2285
f 3490/3490/3140 4674/4674/3938 4682/4682/3944
f 4682/4682/3944 4683/4683/3945 4692/4692/3953
f 4684/4684/3946 4677/4677/2288 4685/4685/3947
f 4685/4685/3947 3483/3483/3135 3491/3491/1172
f 4686/4686/3948 4687/4687/3949 4696/4696/3141
f 4679/4679/3942 4688/4688/3950 4687/4687/3949
f 3487/3487/3138 4689/4689/3951 3495/3495/1167
f 4680/4680/2285 4690/4690/3952 4689/4689/3951
f 3490/3490/3140 4691/4691/2305 3497/3497/3145
f 4682/4682/3944 4693/4693/3954 4691/4691/2305
f 4684/4684/3946 4694/4694/3955 4699/4699/3149
f 4685/4685/3947 3503/3503/1177 4694/4694/3955
f 4695/4695/2300 4687/4687/3949 4697/4697/2299
f 4697/4697/2299 4688/4688/3950 3500/3500/3147
f 3499/3499/3146 4689/4689/3951 4698/4698/3956
f 4698/4698/3956 4690/4690/3952 4705/4705/3961
f 3497/3497/3145 3798/3798/3329 3504/3504/1184
f 4691/4691/2305 3799/3799/3330 3798/3798/3329
f 4699/4699/3149 4700/4700/3957 4707/4707/3962
f 4694/4694/3955 4701/4701/1185 4700/4700/3957
f 3805/3805/1477 4697/4697/2299 3806/3806/3332
f 3806/3806/3332 3500/3500/3147 3508/3508/3151
f 3735/3735/3293 4702/4702/3958 4703/4703/3959
f 4703/4703/3959 3506/3506/3150 3505/3505/1182
f 3507/3507/2308 4698/4698/3956 4704/4704/3960
f 4704/4704/3960 4705/4705/3961 4710/4710/3965
f 4706/4706/2317 4700/4700/3957 4708/4708/3963
f 4708/4708/3963 4701/4701/1185 4714/4714/2322
f 3507/3507/2308 4709/4709/3964 4715/4715/3968
f 4704/4704/3960 4711/4711/2313 4709/4709/3964
f 4712/4712/3966 4708/4708/3963 4713/4713/3967
f 4713/4713/3967 4714/4714/2322 3530/3530/1201
f 4715/4715/3968 4716/4716/2320 3525/3525/1206
f 4709/4709/3964 4717/4717/1204 4716/4716/2320
f 3529/3529/1202 4719/4719/3970 3531/3531/3163
f 4718/4718/3969 4721/4721/3971 4719/4719/3970
f 4712/4712/3966 4722/4722/3972 5017/5017/4170
f 4713/4713/3967 4723/4723/2334 4722/4722/3972
f 4724/4724/3973 4726/4726/3975 4727/4727/3976
f 4727/4727/3976 3524/3524/3161 3523/3523/3160
f 4728/4728/3977 4716/4716/2320 4729/4729/3978
f 4729/4729/3978 4717/4717/1204 5018/5018/4171
f 3029/3029/1410 4730/4730/2340 3030/3030/1409
f 3793/3793/1466 4731/4731/3979 4730/4730/2340
f 3783/3783/1456 4732/4732/3980 4738/4738/3983
f 3785/3785/1455 3532/3532/3164 4732/4732/3980
f 4733/4733/2337 3789/3789/1471 4734/4734/2336
f 4734/4734/2336 3733/3733/709 3732/3732/708
f 3553/3553/3174 3778/3778/1462 4735/4735/3981
f 4735/4735/3981 3779/3779/1460 4743/4743/3987
f 3030/3030/1409 4736/4736/2347 3533/3533/3165
f 4730/4730/2340 4737/4737/3982 4736/4736/2347
f 4738/4738/3983 4739/4739/3984 4746/4746/3989
f 4732/4732/3980 3560/3560/3178 4739/4739/3984
f 4740/4740/1233 4734/4734/2336 4741/4741/3985
f 4741/4741/3985 3732/3732/708 3555/3555/3175
f 3554/3554/1237 4735/4735/3981 4742/4742/3986
f 4742/4742/3986 4743/4743/3987 4752/4752/3991
f 3533/3533/3165 4744/4744/2356 3561/3561/3179
f 4736/4736/2347 4745/4745/3988 4744/4744/2356
f 4746/4746/3989 4747/4747/2357 4755/4755/3994
f 4739/4739/3984 4748/4748/3990 4747/4747/2357
f 4749/4749/2351 4741/4741/3985 4750/4750/2350
f 4750/4750/2350 3555/3555/3175 3567/3567/3182
f 3566/3566/3181 4742/4742/3986 4751/4751/2353
f 4751/4751/2353 4752/4752/3991 4759/4759/2361
f 3568/3568/1258 4744/4744/2356 4753/4753/3992
f 4753/4753/3992 4745/4745/3988 4762/4762/3999
f 4754/4754/3993 4747/4747/2357 4756/4756/3995
f 4756/4756/3995 4748/4748/3990 3569/3569/3183
f 4749/4749/2351 4757/4757/3996 4765/4765/2368
f 4750/4750/2350 3581/3581/1246 4757/4757/3996
f 3566/3566/3181 4758/4758/2362 3574/3574/3186
f 4751/4751/2353 4760/4760/3997 4758/4758/2362
f 3575/3575/1264 4753/4753/3992 4761/4761/3998
f 4761/4761/3998 4762/4762/3999 4770/4770/2379
f 4763/4763/4000 4756/4756/3995 4764/4764/4001
f 4764/4764/4001 3569/3569/3183 3576/3576/3187
f 4765/4765/2368 4766/4766/4002 4773/4773/2376
f 4757/4757/3996 3587/3587/3192 4766/4766/4002
f 3574/3574/3186 4767/4767/4003 3582/3582/3190
f 4758/4758/2362 4768/4768/4004 4767/4767/4003
f 3583/3583/1270 4761/4761/3998 4769/4769/4005
f 4769/4769/4005 4770/4770/2379 4778/4778/2387
f 4771/4771/4006 4764/4764/4001 4772/4772/4007
f 4772/4772/4007 3576/3576/3187 3584/3584/3191
f 4773/4773/2376 4774/4774/2375 4781/4781/4012
f 4766/4766/4002 3593/3593/3196 4774/4774/2375
f 3582/3582/3190 4775/4775/4008 3588/3588/3193
f 4767/4767/4003 4776/4776/2377 4775/4775/4008
f 3589/3589/3194 4769/4769/4005 4777/4777/4009
f 4777/4777/4009 4778/4778/2387 4786/4786/4016
f 4779/4779/4010 4772/4772/4007 4780/4780/4011
f 4780/4780/4011 3584/3584/3191 3590/3590/3195
f 4781/4781/4012 4782/4782/4013 4789/4789/4017
f 4774/4774/2375 3599/3599/3201 4782/4782/4013
f 3588/3588/3193 4783/4783/2386 3594/3594/3197
f 4775/4775/4008 4784/4784/4014 4783/4783/2386
f 3595/3595/3198 4777/4777/4009 4785/4785/4015
f 4785/4785/4015 4786/4786/4016 4951/4951/2550
f 4787/4787/2398 4780/4780/4011 4788/4788/2397
f 4788/4788/2397 3590/3590/3195 3596/3596/3199
f 4789/4789/4017 4790/4790/2391 4950/4950/2551
f 4782/4782/4013 3737/3737/3295 4790/4790/2391
f 3594/3594/3197 4791/4791/2394 3600/3600/3202
f 4783/4783/2386 4792/4792/4018 4791/4791/2394
f 4793/4793/4019 4795/4795/4020 4938/4938/4117
f 4794/4794/2403 3543/3543/1407 4795/4795/4020
f 3731/3731/1220 4797/4797/4021 4798/4798/2400
f 4798/4798/2400 4799/4799/2399 4930/4930/1280
f 3528/3528/3162 4726/4726/3975 4800/4800/4022
f 4800/4800/4022 4725/4725/3974 4802/4802/2409
f 3514/3514/1286 4800/4800/4022 4801/4801/2410
f 4801/4801/2410 4802/4802/2409 4807/4807/2415
f 4803/4803/2408 4805/4805/4024 4809/4809/2413
f 4804/4804/4023 3609/3609/1191 4805/4805/4024
f 3515/3515/2417 4801/4801/2410 4806/4806/4025
f 4806/4806/4025 4807/4807/2415 4813/4813/4029
f 3610/3610/1192 3803/3803/3331 4808/4808/4026
f 4808/4808/4026 3802/3802/1485 4822/4822/4036
f 4809/4809/2413 4810/4810/4027 4819/4819/1281
f 4805/4805/4024 4811/4811/4028 4810/4810/4027
f 3515/3515/2417 4812/4812/2426 3606/3606/3206
f 4806/4806/4025 4814/4814/4030 4812/4812/2426
f 4815/4815/4031 4817/4817/4033 4825/4825/2436
f 4816/4816/4032 3617/3617/3213 4817/4817/4033
f 4818/4818/4034 4810/4810/4027 4820/4820/2418
f 4820/4820/2418 4811/4811/4028 3613/3613/3210
f 3612/3612/3209 4808/4808/4026 4821/4821/4035
f 4821/4821/4035 4822/4822/4036 4830/4830/4042
f 3606/3606/3206 4823/4823/4037 3618/3618/3214
f 4812/4812/2426 4824/4824/4038 4823/4823/4037
f 4825/4825/2436 4826/4826/4039 4833/4833/4045
f 4817/4817/4033 3624/3624/1299 4826/4826/4039
f 4827/4827/2430 4820/4820/2418 4828/4828/4040
f 4828/4828/4040 3613/3613/3210 3622/3622/3217
f 3621/3621/1301 4821/4821/4035 4829/4829/4041
f 4829/4829/4041 4830/4830/4042 4838/4838/4050
f 3618/3618/3214 4831/4831/4043 3625/3625/3219
f 4823/4823/4037 4832/4832/4044 4831/4831/4043
f 4833/4833/4045 4834/4834/4046 4841/4841/4053
f 4826/4826/4039 3632/3632/1306 4834/4834/4046
f 4835/4835/4047 4828/4828/4040 4836/4836/4048
f 4836/4836/4048 3622/3622/3217 3629/3629/3222
f 3628/3628/1309 4829/4829/4041 4837/4837/4049
f 4837/4837/4049 4838/4838/4050 4846/4846/4056
f 3625/3625/3219 4839/4839/4051 3633/3633/3225
f 4831/4831/4043 4840/4840/4052 4839/4839/4051
f 4841/4841/4053 4842/4842/4054 4849/4849/2459
f 4834/4834/4046 3640/3640/3229 4842/4842/4054
f 4843/4843/1311 4836/4836/4048 4844/4844/2445
f 4844/4844/2445 3629/3629/3222 3637/3637/3227
f 3636/3636/1317 4837/4837/4049 4845/4845/4055
f 4845/4845/4055 4846/4846/4056 4855/4855/4060
f 3633/3633/3225 4847/4847/2457 3641/3641/3230
f 4839/4839/4051 4848/4848/1319 4847/4847/2457
f 4849/4849/2459 4850/4850/4057 4858/4858/4063
f 4842/4842/4054 4851/4851/1321 4850/4850/4057
f 4852/4852/2453 4844/4844/2445 4853/4853/4058
f 4853/4853/4058 3637/3637/3227 3644/3644/3231
f 3643/3643/2456 4845/4845/4055 4854/4854/4059
f 4854/4854/4059 4855/4855/4060 4862/4862/3232
f 3647/3647/1333 4847/4847/2457 4856/4856/4061
f 4856/4856/4061 4848/4848/1319 4865/4865/4066
f 4857/4857/4062 4850/4850/4057 4859/4859/2465
f 4859/4859/2465 4851/4851/1321 3648/3648/1328
f 4852/4852/2453 4860/4860/4064 4868/4868/4068
f 4853/4853/4058 3656/3656/3238 4860/4860/4064
f 3643/3643/2456 4861/4861/2463 3651/3651/1324
f 4854/4854/4059 4863/4863/4065 4861/4861/2463
f 3653/3653/1341 4856/4856/4061 4864/4864/2473
f 4864/4864/2473 4865/4865/4066 4873/4873/4072
f 4866/4866/4067 4859/4859/2465 4867/4867/2474
f 4867/4867/2474 3648/3648/1328 3654/3654/3236
f 4868/4868/4068 4869/4869/4069 4876/4876/4074
f 4860/4860/4064 3664/3664/3244 4869/4869/4069
f 3651/3651/1324 4870/4870/2471 3657/3657/1330
f 4861/4861/2463 4871/4871/4070 4870/4870/2471
f 3660/3660/3241 4864/4864/2473 4872/4872/4071
f 4872/4872/4071 4873/4873/4072 4881/4881/4077
f 4874/4874/4073 4867/4867/2474 4875/4875/2482
f 4875/4875/2482 3654/3654/3236 3661/3661/3242
f 4876/4876/4074 4877/4877/2476 4884/4884/4080
f 4869/4869/4069 3672/3672/3250 4877/4877/2476
f 3657/3657/1330 4878/4878/4075 3665/3665/3245
f 4870/4870/2471 4879/4879/4076 4878/4878/4075
f 3668/3668/3248 4872/4872/4071 4880/4880/2489
f 4880/4880/2489 4881/4881/4077 4889/4889/4083
f 4882/4882/4078 4875/4875/2482 4883/4883/4079
f 4883/4883/4079 3661/3661/3242 3669/3669/3249
f 4884/4884/4080 4885/4885/2484 4892/4892/4085
f 4877/4877/2476 3680/3680/3256 4885/4885/2484
f 3665/3665/3245 4886/4886/2487 3673/3673/3251
f 4878/4878/4075 4887/4887/4081 4886/4886/2487
f 3676/3676/1365 4880/4880/2489 4888/4888/4082
f 4888/4888/4082 4889/4889/4083 4897/4897/2502
f 4890/4890/4084 4883/4883/4079 4891/4891/2497
f 4891/4891/2497 3669/3669/3249 3677/3677/3254
f 4892/4892/4085 4893/4893/4086 4900/4900/2500
f 4885/4885/2484 3688/3688/1354 4893/4893/4086
f 3673/3673/3251 4894/4894/2495 3681/3681/1353
f 4886/4886/2487 4895/4895/4087 4894/4894/2495
f 3684/3684/3259 4888/4888/4082 4896/4896/4088
f 4896/4896/4088 4897/4897/2502 4905/4905/4092
f 4898/4898/4089 4891/4891/2497 4899/4899/4090
f 4899/4899/4090 3677/3677/3254 3685/3685/3260
f 4900/4900/2500 4901/4901/2499 4908/4908/2507
f 4893/4893/4086 3696/3696/3268 4901/4901/2499
f 3681/3681/1353 4902/4902/2501 3689/3689/3262
f 4894/4894/2495 4903/4903/4091 4902/4902/2501
f 3692/3692/3265 4896/4896/4088 4904/4904/2511
f 4904/4904/2511 4905/4905/4092 4913/4913/4098
f 4906/4906/4093 4899/4899/4090 4907/4907/4094
f 4907/4907/4094 3685/3685/3260 3693/3693/1374
f 4908/4908/2507 4909/4909/4095 4916/4916/1371
f 4901/4901/2499 3704/3704/3274 4909/4909/4095
f 3689/3689/3262 4910/4910/4096 3697/3697/3269
f 4902/4902/2501 4911/4911/4097 4910/4910/4096
f 3700/3700/1388 4904/4904/2511 4912/4912/2518
f 4912/4912/2518 4913/4913/4098 4921/4921/3273
f 4914/4914/4099 4907/4907/4094 4915/4915/4100
f 4915/4915/4100 3693/3693/1374 3701/3701/3272
f 4916/4916/1371 4917/4917/4101 4922/4922/4105
f 4909/4909/4095 3711/3711/3280 4917/4917/4101
f 3697/3697/3269 4918/4918/4102 3705/3705/3275
f 4910/4910/4096 4919/4919/4103 4918/4918/4102
f 3708/3708/3277 4912/4912/2518 4920/4920/4104
f 4920/4920/4104 4921/4921/3273 4927/4927/4108
f 3817/3817/3338 4915/4915/4100 3818/3818/1487
f 3818/3818/1487 3701/3701/3272 3709/3709/3278
f 4922/4922/4105 4923/4923/4106 4933/4933/2529
f 4917/4917/4101 4924/4924/1386 4923/4923/4106
f 3705/3705/3275 3810/3810/3333 3712/3712/3281
f 4918/4918/4102 3811/3811/1495 3810/3810/3333
f 3598/3598/3200 4925/4925/4107 5019/5019/3337
f 4925/4925/4107 3713/3713/1390 5019/5019/3337
f 3708/3708/3277 4926/4926/2534 3544/3544/3170
f 4920/4920/4104 4928/4928/4109 4926/4926/2534
f 3731/3731/1220 4929/4929/4110 3726/3726/1419
f 4798/4798/2400 4931/4931/4111 4929/4929/4110
f 4932/4932/4112 4923/4923/4106 4934/4934/4113
f 4934/4934/4113 4924/4924/1386 3730/3730/3291
f 3726/3726/1419 4935/4935/4114 3727/3727/3288
f 4929/4929/4110 4936/4936/4115 4935/4935/4114
f 4937/4937/4116 4795/4795/4020 4939/4939/4118
f 4939/4939/4118 3543/3543/1407 3742/3742/1403
f 4940/4940/4119 4939/4939/4118 4941/4941/4120
f 4941/4941/4120 3742/3742/1403 5013/5013/4167
f 3544/3544/3170 4942/4942/4121 3545/3545/1406
f 4926/4926/2534 4943/4943/2544 4942/4942/4121
f 4944/4944/2543 4934/4934/4113 4945/4945/4122
f 4945/4945/4122 3730/3730/3291 3729/3729/3290
f 3545/3545/1406 4946/4946/4123 3743/3743/1404
f 4942/4942/4121 4947/4947/2548 4946/4946/4123
f 4948/4948/2547 4945/4945/4122 4949/4949/4124
f 4949/4949/4124 3729/3729/3290 3728/3728/3289
f 4720/4720/2332 4804/4804/4023 4803/4803/2408
f 4718/4718/3969 3511/3511/3154 4804/4804/4023
f 3808/3808/1480 4816/4816/4032 4815/4815/4031
f 3807/3807/1479 3516/3516/1287 4816/4816/4032
f 4787/4787/2398 4794/4794/2403 4793/4793/4019
f 4788/4788/2397 4796/4796/1415 4794/4794/2403
f 3739/3739/3296 4791/4791/2394 4797/4797/4021
f 4797/4797/4021 4792/4792/4018 4799/4799/2399
f 4950/4950/2551 3815/3815/1496 3814/3814/3336
f 4790/4790/2391 3736/3736/3294 3815/3815/1496
f 3740/3740/1413 4785/4785/4015 3819/3819/3339
f 3819/3819/3339 4951/4951/2550 3820/3820/3340
f 4952/4952/2607 4954/4954/2602 5020/5020/1504
f 5021/5021/4172 5022/5022/4173 5023/5023/4174
f 5024/5024/4175 5025/5025/4176 5026/5026/4177
f 5027/5027/4178 5028/5028/4179 5029/5029/4180
f 5030/5030/4181 5031/5031/4182 5032/5032/4183
f 5033/5033/4184 5034/5034/4185 5035/5035/4186
f 5036/5036/4187 5037/5037/4188 5038/5038/4189
f 5039/5039/4190 5040/5040/4191 5041/5041/4192
f 5042/5042/4193 5043/5043/4194 5044/5044/4195
f 5045/5045/4196 17/17/17 4/4/4
f 5045/5045/4196 4/4/4 5046/5046/4197
f 5047/5047/4198 5048/5048/4199 5049/5049/4200
f 5047/5047/4198 5049/5049/4200 5050/5050/4201
f 22/22/22 10/10/10 5/5/5
f 22/22/22 5/5/5 16/16/16
f 5051/5051/4202 5052/5052/4203 5053/5053/4204
f 5051/5051/4202 5053/5053/4204 5054/5054/4205
f 9/9/9 11/11/11 24/24/24
f 9/9/9 24/24/24 20/20/20
f 7/7/7 1/1/1 3/3/3
f 7/7/7 3/3/3 8/8/8
f 5046/5046/4197 4/4/4 6/6/6
f 5046/5046/4197 6/6/6 5055/5055/4206
f 5/5/5 10/10/10 12/12/12
f 5/5/5 12/12/12 6/6/6
f 11/11/11 9/9/9 8/8/8
f 11/11/11 8/8/8 12/12/12
f 19/19/19 7/7/7 9/9/9
f 19/19/19 9/9/9 20/20/20
f 10/10/10 22/22/22 24/24/24
f 10/10/10 24/24/24 11/11/11
f 23/23/23 21/21/21 20/20/20
f 23/23/23 20/20/20 24/24/24
f 13/13/13 19/19/19 21/21/21
f 13/13/13 21/21/21 14/14/14
f 22/22/22 16/16/16 18/18/18
f 22/22/22 18/18/18 23/23/23
f 17/17/17 5045/5045/4196 5056/5056/4207
f 17/17/17 5056/5056/4207 18/18/18
f 1/1/1 13/13/13 15/15/15
f 1/1/1 15/15/15 2/2/2
f 16/16/16 5/5/5 4/4/4
f 16/16/16 4/4/4 17/17/17
f 7/7/7 19/19/19 13/13/13
f 7/7/7 13/13/13 1/1/1
f 5057/5057/4208 41/41/41 28/28/28
f 5057/5057/4208 28/28/28 5058/5058/4209
f 5059/5059/4210 5060/5060/47 5061/5061/4211
f 5059/5059/4210 5061/5061/4211 5062/5062/4212
f 46/46/46 34/34/34 29/29/29
f 46/46/46 29/29/29 40/40/40
f 5063/5063/4213 5064/5064/4214 5065/5065/4215
f 5063/5063/4213 5065/5065/4215 5066/5066/4216
f 33/33/33 35/35/35 48/48/48
f 33/33/33 48/48/48 44/44/44
f 31/31/31 25/25/25 27/27/27
f 31/31/31 27/27/27 32/32/32
f 5058/5058/4209 28/28/28 30/30/30
f 5058/5058/4209 30/30/30 5067/5067/4217
f 29/29/29 34/34/34 36/36/36
f 29/29/29 36/36/36 30/30/30
f 35/35/35 33/33/33 32/32/32
f 35/35/35 32/32/32 36/36/36
f 43/43/43 31/31/31 33/33/33
f 43/43/43 33/33/33 44/44/44
f 34/34/34 46/46/46 48/48/48
f 34/34/34 48/48/48 35/35/35
f 47/47/47 45/45/45 44/44/44
f 47/47/47 44/44/44 48/48/48
f 37/37/37 43/43/43 45/45/45
f 37/37/37 45/45/45 38/38/38
f 46/46/46 40/40/40 42/42/42
f 46/46/46 42/42/42 47/47/47
f 41/41/41 5057/5057/4208 5068/5068/4212
f 41/41/41 5068/5068/4212 42/42/42
f 25/25/25 37/37/37 39/39/39
f 25/25/25 39/39/39 26/26/26
f 40/40/40 29/29/29 28/28/28
f 40/40/40 28/28/28 41/41/41
f 31/31/31 43/43/43 37/37/37
f 31/31/31 37/37/37 25/25/25
f 5069/5069/4218 65/65/65 52/52/52
f 5069/5069/4218 52/52/52 5070/5070/4219
f 5071/5071/4220 5072/5072/4221 5073/5073/4222
f 5071/5071/4220 5073/5073/4222 5074/5074/4223
f 70/70/70 58/58/58 53/53/53
f 70/70/70 53/53/53 64/64/64
f 5075/5075/4224 5076/5076/54 5077/5077/60
f 5075/5075/4224 5077/5077/60 5078/5078/56
f 57/57/57 59/59/59 72/72/72
f 57/57/57 72/72/72 68/68/68
f 55/55/55 49/49/49 51/51/51
f 55/55/55 51/51/51 56/56/56
f 5070/5070/4219 52/52/52 54/54/54
f 5070/5070/4219 54/54/54 5079/5079/4225
f 53/53/53 58/58/58 60/60/60
f 53/53/53 60/60/60 54/54/54
f 59/59/59 57/57/57 56/56/56
f 59/59/59 56/56/56 60/60/60
f 67/67/67 55/55/55 57/57/57
f 67/67/67 57/57/57 68/68/68
f 58/58/58 70/70/70 72/72/72
f 58/58/58 72/72/72 59/59/59
f 71/71/71 69/69/69 68/68/68
f 71/71/71 68/68/68 72/72/72
f 61/61/61 67/67/67 69/69/69
f 61/61/61 69/69/69 62/62/62
f 70/70/70 64/64/64 66/66/66
f 70/70/70 66/66/66 71/71/71
f 65/65/65 5069/5069/4218 5080/5080/62
f 65/65/65 5080/5080/62 66/66/66
f 49/49/49 61/61/61 63/63/63
f 49/49/49 63/63/63 50/50/50
f 64/64/64 53/53/53 52/52/52
f 64/64/64 52/52/52 65/65/65
f 55/55/55 67/67/67 61/61/61
f 55/55/55 61/61/61 49/49/49
f 5081/5081/4226 89/89/89 76/76/76
f 5081/5081/4226 76/76/76 5082/5082/4227
f 5083/5083/4228 5084/5084/4229 5085/5085/4230
f 5083/5083/4228 5085/5085/4230 5086/5086/4231
f 94/94/94 82/82/82 77/77/77
f 94/94/94 77/77/77 88/88/88
f 5087/5087/75 5088/5088/4232 5089/5089/4233
f 5087/5087/75 5089/5089/4233 5090/5090/4234
f 81/81/81 83/83/83 96/96/96
f 81/81/81 96/96/96 92/92/92
f 79/79/79 73/73/73 75/75/75
f 79/79/79 75/75/75 80/80/80
f 5082/5082/4227 76/76/76 78/78/78
f 5082/5082/4227 78/78/78 5091/5091/4235
f 77/77/77 82/82/82 84/84/84
f 77/77/77 84/84/84 78/78/78
f 83/83/83 81/81/81 80/80/80
f 83/83/83 80/80/80 84/84/84
f 91/91/91 79/79/79 81/81/81
f 91/91/91 81/81/81 92/92/92
f 82/82/82 94/94/94 96/96/96
f 82/82/82 96/96/96 83/83/83
f 95/95/95 93/93/93 92/92/92
f 95/95/95 92/92/92 96/96/96
f 85/85/85 91/91/91 93/93/93
f 85/85/85 93/93/93 86/86/86
f 94/94/94 88/88/88 90/90/90
f 94/94/94 90/90/90 95/95/95
f 89/89/89 5081/5081/4226 5092/5092/4236
f 89/89/89 5092/5092/4236 90/90/90
f 73/73/73 85/85/85 87/87/87
f 73/73/73 87/87/87 74/74/74
f 88/88/88 77/77/77 76/76/76
f 88/88/88 76/76/76 89/89/89
f 79/79/79 91/91/91 85/85/85
f 79/79/79 85/85/85 73/73/73
f 5093/5093/4237 113/113/113 100/100/100
f 5093/5093/4237 100/100/100 5094/5094/4238
f 5095/5095/4239 5096/5096/4240 5097/5097/114
f 5095/5095/4239 5097/5097/114 5098/5098/4241
f 118/118/118 106/106/106 101/101/101
f 118/118/118 101/101/101 112/112/112
f 5099/5099/99 5100/5100/4242 5101/5101/4243
f 5099/5099/99 5101/5101/4243 5102/5102/4244
f 105/105/105 107/107/107 120/120/120
f 105/105/105 120/120/120 116/116/116
f 103/103/103 97/97/97 99/99/99
f 103/103/103 99/99/99 104/104/104
f 5094/5094/4238 100/100/100 102/102/102
f 5094/5094/4238 102/102/102 5103/5103/4245
f 101/101/101 106/106/106 108/108/108
f 101/101/101 108/108/108 102/102/102
f 107/107/107 105/105/105 104/104/104
f 107/107/107 104/104/104 108/108/108
f 115/115/115 103/103/103 105/105/105
f 115/115/115 105/105/105 116/116/116
f 106/106/106 118/118/118 120/120/120
f 106/106/106 120/120/120 107/107/107
f 119/119/119 117/117/117 116/116/116
f 119/119/119 116/116/116 120/120/120
f 109/109/109 115/115/115 117/117/117
f 109/109/109 117/117/117 110/110/110
f 118/118/118 112/112/112 114/114/114
f 118/118/118 114/114/114 119/119/119
f 113/113/113 5093/5093/4237 5104/5104/4246
f 113/113/113 5104/5104/4246 114/114/114
f 97/97/97 109/109/109 111/111/111
f 97/97/97 111/111/111 98/98/98
f 112/112/112 101/101/101 100/100/100
f 112/112/112 100/100/100 113/113/113
f 103/103/103 115/115/115 109/109/109
f 103/103/103 109/109/109 97/97/97
f 5105/5105/4247 137/137/137 124/124/124
f 5105/5105/4247 124/124/124 5106/5106/4248
f 5107/5107/4249 5108/5108/4250 5109/5109/4251
f 5107/5107/4249 5109/5109/4251 5110/5110/4252
f 142/142/142 130/130/130 125/125/125
f 142/142/142 125/125/125 136/136/136
f 5111/5111/123 5112/5112/4253 5113/5113/4254
f 5111/5111/123 5113/5113/4254 5114/5114/4255
f 129/129/129 131/131/131 144/144/144
f 129/129/129 144/144/144 140/140/140
f 127/127/127 121/121/121 123/123/123
f 127/127/127 123/123/123 128/128/128
f 5106/5106/4248 124/124/124 126/126/126
f 5106/5106/4248 126/126/126 5115/5115/123
f 125/125/125 130/130/130 132/132/132
f 125/125/125 132/132/132 126/126/126
f 131/131/131 129/129/129 128/128/128
f 131/131/131 128/128/128 132/132/132
f 139/139/139 127/127/127 129/129/129
f 139/139/139 129/129/129 140/140/140
f 130/130/130 142/142/142 144/144/144
f 130/130/130 144/144/144 131/131/131
f 143/143/143 141/141/141 140/140/140
f 143/143/143 140/140/140 144/144/144
f 133/133/133 139/139/139 141/141/141
f 133/133/133 141/141/141 134/134/134
f 142/142/142 136/136/136 138/138/138
f 142/142/142 138/138/138 143/143/143
f 137/137/137 5105/5105/4247 5116/5116/4252
f 137/137/137 5116/5116/4252 138/138/138
f 121/121/121 133/133/133 135/135/135
f 121/121/121 135/135/135 122/122/122
f 136/136/136 125/125/125 124/124/124
f 136/136/136 124/124/124 137/137/137
f 127/127/127 139/139/139 133/133/133
f 127/127/127 133/133/133 121/121/121
f 5117/5117/4256 161/161/161 148/148/148
f 5117/5117/4256 148/148/148 5118/5118/4257
f 5119/5119/165 5120/5120/4258 5121/5121/162
f 5119/5119/165 5121/5121/162 5122/5122/4259
f 166/166/166 154/154/154 149/149/149
f 166/166/166 149/149/149 160/160/160
f 5123/5123/147 5124/5124/4260 5125/5125/156
f 5123/5123/147 5125/5125/156 5126/5126/4261
f 153/153/153 155/155/155 168/168/168
f 153/153/153 168/168/168 164/164/164
f 151/151/151 145/145/145 147/147/147
f 151/151/151 147/147/147 152/152/152
f 5118/5118/4257 148/148/148 150/150/150
f 5118/5118/4257 150/150/150 5127/5127/4262
f 149/149/149 154/154/154 156/156/156
f 149/149/149 156/156/156 150/150/150
f 155/155/155 153/153/153 152/152/152
f 155/155/155 152/152/152 156/156/156
f 163/163/163 151/151/151 153/153/153
f 163/163/163 153/153/153 164/164/164
f 154/154/154 166/166/166 168/168/168
f 154/154/154 168/168/168 155/155/155
f 167/167/167 165/165/165 164/164/164
f 167/167/167 164/164/164 168/168/168
f 157/157/157 163/163/163 165/165/165
f 157/157/157 165/165/165 158/158/158
f 166/166/166 160/160/160 162/162/162
f 166/166/166 162/162/162 167/167/167
f 161/161/161 5117/5117/4256 5128/5128/4263
f 161/161/161 5128/5128/4263 162/162/162
f 145/145/145 157/157/157 159/159/159
f 145/145/145 159/159/159 146/146/146
f 160/160/160 149/149/149 148/148/148
f 160/160/160 148/148/148 161/161/161
f 151/151/151 163/163/163 157/157/157
f 151/151/151 157/157/157 145/145/145
f 5129/5129/4264 185/185/185 172/172/172
f 5129/5129/4264 172/172/172 5130/5130/4265
f 5131/5131/189 5132/5132/191 5133/5133/4266
f 5131/5131/189 5133/5133/4266 5134/5134/4267
f 190/190/190 178/178/178 173/173/173
f 190/190/190 173/173/173 184/184/184
f 5135/5135/171 5136/5136/4268 5137/5137/4269
f 5135/5135/171 5137/5137/4269 5138/5138/4270
f 177/177/177 179/179/179 192/192/192
f 177/177/177 192/192/192 188/188/188
f 175/175/175 169/169/169 171/171/171
f 175/175/175 171/171/171 176/176/176
f 5130/5130/4265 172/172/172 174/174/174
f 5130/5130/4265 174/174/174 5139/5139/4271
f 173/173/173 178/178/178 180/180/180
f 173/173/173 180/180/180 174/174/174
f 179/179/179 177/177/177 176/176/176
f 179/179/179 176/176/176 180/180/180
f 187/187/187 175/175/175 177/177/177
f 187/187/187 177/177/177 188/188/188
f 178/178/178 190/190/190 192/192/192
f 178/178/178 192/192/192 179/179/179
f 191/191/191 189/189/189 188/188/188
f 191/191/191 188/188/188 192/192/192
f 181/181/181 187/187/187 189/189/189
f 181/181/181 189/189/189 182/182/182
f 190/190/190 184/184/184 186/186/186
f 190/190/190 186/186/186 191/191/191
f 185/185/185 5129/5129/4264 5140/5140/4267
f 185/185/185 5140/5140/4267 186/186/186
f 169/169/169 181/181/181 183/183/183
f 169/169/169 183/183/183 170/170/170
f 184/184/184 173/173/173 172/172/172
f 184/184/184 172/172/172 185/185/185
f 175/175/175 187/187/187 181/181/181
f 175/175/175 181/181/181 169/169/169
f 5141/5141/4272 209/209/209 196/196/196
f 5141/5141/4272 196/196/196 5142/5142/4273
f 5143/5143/4274 5144/5144/4275 5145/5145/4276
f 5143/5143/4274 5145/5145/4276 5146/5146/4277
f 214/214/214 202/202/202 197/197/197
f 214/214/214 197/197/197 208/208/208
f 5147/5147/4278 5148/5148/4279 5149/5149/4280
f 5147/5147/4278 5149/5149/4280 5150/5150/200
f 201/201/201 203/203/203 216/216/216
f 201/201/201 216/216/216 212/212/212
f 199/199/199 193/193/193 195/195/195
f 199/199/199 195/195/195 200/200/200
f 5142/5142/4273 196/196/196 198/198/198
f 5142/5142/4273 198/198/198 5151/5151/4281
f 197/197/197 202/202/202 204/204/204
f 197/197/197 204/204/204 198/198/198
f 203/203/203 201/201/201 200/200/200
f 203/203/203 200/200/200 204/204/204
f 211/211/211 199/199/199 201/201/201
f 211/211/211 201/201/201 212/212/212
f 202/202/202 214/214/214 216/216/216
f 202/202/202 216/216/216 203/203/203
f 215/215/215 213/213/213 212/212/212
f 215/215/215 212/212/212 216/216/216
f 205/205/205 211/211/211 213/213/213
f 205/205/205 213/213/213 206/206/206
f 214/214/214 208/208/208 210/210/210
f 214/214/214 210/210/210 215/215/215
f 209/209/209 5141/5141/4272 5152/5152/4282
f 209/209/209 5152/5152/4282 210/210/210
f 193/193/193 205/205/205 207/207/207
f 193/193/193 207/207/207 194/194/194
f 208/208/208 197/197/197 196/196/196
f 208/208/208 196/196/196 209/209/209
f 199/199/199 211/211/211 205/205/205
f 199/199/199 205/205/205 193/193/193
f 5153/5153/4283 233/233/233 220/220/220
f 5153/5153/4283 220/220/220 5154/5154/4284
f 5155/5155/4285 5156/5156/4286 5157/5157/4287
f 5155/5155/4285 5157/5157/4287 5158/5158/4288
f 238/238/238 226/226/226 221/221/221
f 238/238/238 221/221/221 232/232/232
f 5159/5159/4289 5160/5160/222 5161/5161/4290
f 5159/5159/4289 5161/5161/4290 5162/5162/4291
f 225/225/225 227/227/227 240/240/240
f 225/225/225 240/240/240 236/236/236
f 223/223/223 217/217/217 219/219/219
f 223/223/223 219/219/219 224/224/224
f 5154/5154/4284 220/220/220 222/222/222
f 5154/5154/4284 222/222/222 5163/5163/4292
f 221/221/221 226/226/226 228/228/228
f 221/221/221 228/228/228 222/222/222
f 227/227/227 225/225/225 224/224/224
f 227/227/227 224/224/224 228/228/228
f 235/235/235 223/223/223 225/225/225
f 235/235/235 225/225/225 236/236/236
f 226/226/226 238/238/238 240/240/240
f 226/226/226 240/240/240 227/227/227
f 239/239/239 237/237/237 236/236/236
f 239/239/239 236/236/236 240/240/240
f 229/229/229 235/235/235 237/237/237
f 229/229/229 237/237/237 230/230/230
f 238/238/238 232/232/232 234/234/234
f 238/238/238 234/234/234 239/239/239
f 233/233/233 5153/5153/4283 5164/5164/4293
f 233/233/233 5164/5164/4293 234/234/234
f 217/217/217 229/229/229 231/231/231
f 217/217/217 231/231/231 218/218/218
f 232/232/232 221/221/221 220/220/220
f 232/232/232 220/220/220 233/233/233
f 223/223/223 235/235/235 229/229/229
f 223/223/223 229/229/229 217/217/217
f 5165/5165/4294 257/257/257 244/244/244
f 5165/5165/4294 244/244/244 5166/5166/4295
f 5167/5167/4296 5168/5168/4297 5169/5169/4298
f 5167/5167/4296 5169/5169/4298 5170/5170/4299
f 262/262/262 250/250/250 245/245/245
f 262/262/262 245/245/245 256/256/256
f 5171/5171/4300 5172/5172/246 5173/5173/4301
f 5171/5171/4300 5173/5173/4301 5174/5174/248
f 249/249/249 251/251/251 264/264/264
f 249/249/249 264/264/264 260/260/260
f 247/247/247 241/241/241 243/243/243
f 247/247/247 243/243/243 248/248/248
f 5166/5166/4295 244/244/244 246/246/246
f 5166/5166/4295 246/246/246 5175/5175/4302
f 245/245/245 250/250/250 252/252/252
f 245/245/245 252/252/252 246/246/246
f 251/251/251 249/249/249 248/248/248
f 251/251/251 248/248/248 252/252/252
f 259/259/259 247/247/247 249/249/249
f 259/259/259 249/249/249 260/260/260
f 250/250/250 262/262/262 264/264/264
f 250/250/250 264/264/264 251/251/251
f 263/263/263 261/261/261 260/260/260
f 263/263/263 260/260/260 264/264/264
f 253/253/253 259/259/259 261/261/261
f 253/253/253 261/261/261 254/254/254
f 262/262/262 256/256/256 258/258/258
f 262/262/262 258/258/258 263/263/263
f 257/257/257 5165/5165/4294 5176/5176/4303
f 257/257/257 5176/5176/4303 258/258/258
f 241/241/241 253/253/253 255/255/255
f 241/241/241 255/255/255 242/242/242
f 256/256/256 245/245/245 244/244/244
f 256/256/256 244/244/244 257/257/257
f 247/247/247 259/259/259 253/253/253
f 247/247/247 253/253/253 241/241/241
f 5177/5177/4304 281/281/281 268/268/268
f 5177/5177/4304 268/268/268 5178/5178/4305
f 5179/5179/285 5180/5180/4306 5181/5181/282
f 5179/5179/285 5181/5181/282 5182/5182/4307
f 286/286/286 274/274/274 269/269/269
f 286/286/286 269/269/269 280/280/280
f 5183/5183/267 5184/5184/4308 5185/5185/4309
f 5183/5183/267 5185/5185/4309 5186/5186/4310
f 273/273/273 275/275/275 288/288/288
f 273/273/273 288/288/288 284/284/284
f 271/271/271 265/265/265 267/267/267
f 271/271/271 267/267/267 272/272/272
f 5178/5178/4305 268/268/268 270/270/270
f 5178/5178/4305 270/270/270 5187/5187/4311
f 269/269/269 274/274/274 276/276/276
f 269/269/269 276/276/276 270/270/270
f 275/275/275 273/273/273 272/272/272
f 275/275/275 272/272/272 276/276/276
f 283/283/283 271/271/271 273/273/273
f 283/283/283 273/273/273 284/284/284
f 274/274/274 286/286/286 288/288/288
f 274/274/274 288/288/288 275/275/275
f 287/287/287 285/285/285 284/284/284
f 287/287/287 284/284/284 288/288/288
f 277/277/277 283/283/283 285/285/285
f 277/277/277 285/285/285 278/278/278
f 286/286/286 280/280/280 282/282/282
f 286/286/286 282/282/282 287/287/287
f 281/281/281 5177/5177/4304 5188/5188/4307
f 281/281/281 5188/5188/4307 282/282/282
f 265/265/265 277/277/277 279/279/279
f 265/265/265 279/279/279 266/266/266
f 280/280/280 269/269/269 268/268/268
f 280/280/280 268/268/268 281/281/281
f 271/271/271 283/283/283 277/277/277
f 271/271/271 277/277/277 265/265/265
f 5189/5189/4312 305/305/305 292/292/292
f 5189/5189/4312 292/292/292 5190/5190/4313
f 5191/5191/4314 5192/5192/311 5193/5193/4315
f 5191/5191/4314 5193/5193/4315 5194/5194/4316
f 310/310/310 298/298/298 293/293/293
f 310/310/310 293/293/293 304/304/304
f 5195/5195/291 5196/5196/294 5197/5197/4317
f 5195/5195/291 5197/5197/4317 5198/5198/4318
f 297/297/297 299/299/299 312/312/312
f 297/297/297 312/312/312 308/308/308
f 295/295/295 289/289/289 291/291/291
f 295/295/295 291/291/291 296/296/296
f 5190/5190/4313 292/292/292 294/294/294
f 5190/5190/4313 294/294/294 5199/5199/4319
f 293/293/293 298/298/298 300/300/300
f 293/293/293 300/300/300 294/294/294
f 299/299/299 297/297/297 296/296/296
f 299/299/299 296/296/296 300/300/300
f 307/307/307 295/295/295 297/297/297
f 307/307/307 297/297/297 308/308/308
f 298/298/298 310/310/310 312/312/312
f 298/298/298 312/312/312 299/299/299
f 311/311/311 309/309/309 308/308/308
f 311/311/311 308/308/308 312/312/312
f 301/301/301 307/307/307 309/309/309
f 301/301/301 309/309/309 302/302/302
f 310/310/310 304/304/304 306/306/306
f 310/310/310 306/306/306 311/311/311
f 305/305/305 5189/5189/4312 5200/5200/4320
f 305/305/305 5200/5200/4320 306/306/306
f 289/289/289 301/301/301 303/303/303
f 289/289/289 303/303/303 290/290/290
f 304/304/304 293/293/293 292/292/292
f 304/304/304 292/292/292 305/305/305
f 295/295/295 307/307/307 301/301/301
f 295/295/295 301/301/301 289/289/289
f 5201/5201/4321 329/329/329 316/316/316
f 5201/5201/4321 316/316/316 5202/5202/4322
f 5203/5203/4323 5204/5204/4324 5205/5205/4325
f 5203/5203/4323 5205/5205/4325 5206/5206/326
f 334/334/334 322/322/322 317/317/317
f 334/334/334 317/317/317 328/328/328
f 5207/5207/4326 5208/5208/318 5209/5209/4327
f 5207/5207/4326 5209/5209/4327 5210/5210/320
f 321/321/321 323/323/323 336/336/336
f 321/321/321 336/336/336 332/332/332
f 319/319/319 313/313/313 315/315/315
f 319/319/319 315/315/315 320/320/320
f 5202/5202/4322 316/316/316 318/318/318
f 5202/5202/4322 318/318/318 5211/5211/4328
f 317/317/317 322/322/322 324/324/324
f 317/317/317 324/324/324 318/318/318
f 323/323/323 321/321/321 320/320/320
f 323/323/323 320/320/320 324/324/324
f 331/331/331 319/319/319 321/321/321
f 331/331/331 321/321/321 332/332/332
f 322/322/322 334/334/334 336/336/336
f 322/322/322 336/336/336 323/323/323
f 335/335/335 333/333/333 332/332/332
f 335/335/335 332/332/332 336/336/336
f 325/325/325 331/331/331 333/333/333
f 325/325/325 333/333/333 326/326/326
f 334/334/334 328/328/328 330/330/330
f 334/334/334 330/330/330 335/335/335
f 329/329/329 5201/5201/4321 5212/5212/326
f 329/329/329 5212/5212/326 330/330/330
f 313/313/313 325/325/325 327/327/327
f 313/313/313 327/327/327 314/314/314
f 328/328/328 317/317/317 316/316/316
f 328/328/328 316/316/316 329/329/329
f 319/319/319 331/331/331 325/325/325
f 319/319/319 325/325/325 313/313/313
f 5213/5213/4329 353/353/353 340/340/340
f 5213/5213/4329 340/340/340 5214/5214/4330
f 5215/5215/4331 5216/5216/4332 5217/5217/4333
f 5215/5215/4331 5217/5217/4333 5218/5218/4334
f 358/358/358 346/346/346 341/341/341
f 358/358/358 341/341/341 352/352/352
f 5219/5219/4335 5220/5220/4336 5221/5221/348
f 5219/5219/4335 5221/5221/348 5222/5222/4337
f 345/345/345 347/347/347 360/360/360
f 345/345/345 360/360/360 356/356/356
f 343/343/343 337/337/337 339/339/339
f 343/343/343 339/339/339 344/344/344
f 5214/5214/4330 340/340/340 342/342/342
f 5214/5214/4330 342/342/342 5223/5223/4335
f 341/341/341 346/346/346 348/348/348
f 341/341/341 348/348/348 342/342/342
f 347/347/347 345/345/345 344/344/344
f 347/347/347 344/344/344 348/348/348
f 355/355/355 343/343/343 345/345/345
f 355/355/355 345/345/345 356/356/356
f 346/346/346 358/358/358 360/360/360
f 346/346/346 360/360/360 347/347/347
f 359/359/359 357/357/357 356/356/356
f 359/359/359 356/356/356 360/360/360
f 349/349/349 355/355/355 357/357/357
f 349/349/349 357/357/357 350/350/350
f 358/358/358 352/352/352 354/354/354
f 358/358/358 354/354/354 359/359/359
f 353/353/353 5213/5213/4329 5224/5224/350
f 353/353/353 5224/5224/350 354/354/354
f 337/337/337 349/349/349 351/351/351
f 337/337/337 351/351/351 338/338/338
f 352/352/352 341/341/341 340/340/340
f 352/352/352 340/340/340 353/353/353
f 343/343/343 355/355/355 349/349/349
f 343/343/343 349/349/349 337/337/337
f 5225/5225/4338 377/377/377 364/364/364
f 5225/5225/4338 364/364/364 5226/5226/4339
f 5227/5227/4340 5228/5228/4341 5229/5229/4342
f 5227/5227/4340 5229/5229/4342 5230/5230/374
f 382/382/382 370/370/370 365/365/365
f 382/382/382 365/365/365 376/376/376
f 5231/5231/4343 5232/5232/4344 5233/5233/4345
f 5231/5231/4343 5233/5233/4345 5234/5234/4346
f 369/369/369 371/371/371 384/384/384
f 369/369/369 384/384/384 380/380/380
f 367/367/367 361/361/361 363/363/363
f 367/367/367 363/363/363 368/368/368
f 5226/5226/4339 364/364/364 366/366/366
f 5226/5226/4339 366/366/366 5235/5235/4347
f 365/365/365 370/370/370 372/372/372
f 365/365/365 372/372/372 366/366/366
f 371/371/371 369/369/369 368/368/368
f 371/371/371 368/368/368 372/372/372
f 379/379/379 367/367/367 369/369/369
f 379/379/379 369/369/369 380/380/380
f 370/370/370 382/382/382 384/384/384
f 370/370/370 384/384/384 371/371/371
f 383/383/383 381/381/381 380/380/380
f 383/383/383 380/380/380 384/384/384
f 373/373/373 379/379/379 381/381/381
f 373/373/373 381/381/381 374/374/374
f 382/382/382 376/376/376 378/378/378
f 382/382/382 378/378/378 383/383/383
f 377/377/377 5225/5225/4338 5236/5236/4348
f 377/377/377 5236/5236/4348 378/378/378
f 361/361/361 373/373/373 375/375/375
f 361/361/361 375/375/375 362/362/362
f 376/376/376 365/365/365 364/364/364
f 376/376/376 364/364/364 377/377/377
f 367/367/367 379/379/379 373/373/373
f 367/367/367 373/373/373 361/361/361
f 5025/5025/4176 5023/5023/4174 5237/5237/4349
f 5025/5025/4176 5237/5237/4349 5238/5238/4350
f 5028/5028/4179 5026/5026/4177 5239/5239/4351
f 5028/5028/4179 5239/5239/4351 5240/5240/4352
f 5031/5031/4182 5241/5241/4353 5242/5242/4354
f 5031/5031/4182 5242/5242/4354 5243/5243/4355
f 5244/5244/4356 5245/5245/4357 5246/5246/4358
f 5244/5244/4356 5246/5246/4358 5247/5247/4359
f 5238/5238/4350 5237/5237/4349 5248/5248/4360
f 5238/5238/4350 5248/5248/4360 5249/5249/4361
f 5240/5240/4352 5239/5239/4351 5250/5250/4362
f 5240/5240/4352 5250/5250/4362 5251/5251/4363
f 5243/5243/4355 5242/5242/4354 5252/5252/4364
f 5243/5243/4355 5252/5252/4364 5253/5253/4365
f 5247/5247/4359 5246/5246/4358 5254/5254/4366
f 5247/5247/4359 5254/5254/4366 5255/5255/4367
f 5249/5249/4361 5248/5248/4360 5256/5256/4368
f 5249/5249/4361 5256/5256/4368 5257/5257/4369
f 5251/5251/4363 5250/5250/4362 5258/5258/4370
f 5251/5251/4363 5258/5258/4370 5259/5259/4371
f 5253/5253/4365 5252/5252/4364 5260/5260/4372
f 5253/5253/4365 5260/5260/4372 5261/5261/4373
f 5255/5255/4367 5254/5254/4366 5262/5262/4374
f 5255/5255/4367 5262/5262/4374 5263/5263/4375
f 5257/5257/4369 5256/5256/4368 5264/5264/4376
f 5257/5257/4369 5264/5264/4376 5265/5265/4377
f 5259/5259/4371 5258/5258/4370 5266/5266/4378
f 5259/5259/4371 5266/5266/4378 5267/5267/4379
f 5261/5261/4373 5260/5260/4372 5268/5268/4380
f 5261/5261/4373 5268/5268/4380 5269/5269/4381
f 5263/5263/4375 5262/5262/4374 5270/5270/4382
f 5263/5263/4375 5270/5270/4382 5271/5271/4383
f 5265/5265/4377 5264/5264/4376 5272/5272/4384
f 5265/5265/4377 5272/5272/4384 5273/5273/4385
f 5267/5267/4379 5266/5266/4378 5274/5274/4386
f 5267/5267/4379 5274/5274/4386 5275/5275/4387
f 5269/5269/4381 5268/5268/4380 5276/5276/4388
f 5269/5269/4381 5276/5276/4388 5277/5277/4389
f 5271/5271/4383 5270/5270/4382 5278/5278/4390
f 5271/5271/4383 5278/5278/4390 5279/5279/4391
f 5273/5273/4385 5272/5272/4384 5280/5280/4392
f 5273/5273/4385 5280/5280/4392 5281/5281/4393
f 5275/5275/4387 5274/5274/4386 5282/5282/4394
f 5275/5275/4387 5282/5282/4394 5283/5283/4395
f 5277/5277/4389 5276/5276/4388 5284/5284/4396
f 5277/5277/4389 5284/5284/4396 5285/5285/4397
f 5279/5279/4391 5278/5278/4390 5286/5286/4398
f 5279/5279/4391 5286/5286/4398 5287/5287/4399
f 5281/5281/4393 5280/5280/4392 5288/5288/4400
f 5281/5281/4393 5288/5288/4400 5289/5289/4401
f 5283/5283/4395 5282/5282/4394 5290/5290/4402
f 5283/5283/4395 5290/5290/4402 5291/5291/4403
f 5285/5285/4397 5284/5284/4396 5292/5292/4404
f 5285/5285/4397 5292/5292/4404 5293/5293/4405
f 5286/5286/4398 5294/5294/4406 5295/5295/4407
f 5286/5286/4398 5295/5295/4407 5287/5287/4399
f 5290/5290/4402 5296/5296/4408 5297/5297/4409
f 5290/5290/4402 5297/5297/4409 5291/5291/4403
f 5292/5292/4404 5298/5298/4410 5299/5299/4411
f 5292/5292/4404 5299/5299/4411 5293/5293/4405
f 5295/5295/4407 5294/5294/4406 5300/5300/4412
f 5295/5295/4407 5300/5300/4412 5301/5301/4413
f 5302/5302/4414 5303/5303/4415 5304/5304/4416
f 5302/5302/4414 5304/5304/4416 5305/5305/4417
f 5297/5297/4409 5296/5296/4408 5306/5306/4418
f 5297/5297/4409 5306/5306/4418 5307/5307/4419
f 5299/5299/4411 5298/5298/4410 5308/5308/4420
f 5299/5299/4411 5308/5308/4420 5309/5309/4421
f 5301/5301/4413 5300/5300/4412 5310/5310/4422
f 5301/5301/4413 5310/5310/4422 5311/5311/4423
f 5305/5305/4417 5304/5304/4416 5312/5312/4424
f 5305/5305/4417 5312/5312/4424 5313/5313/4425
f 5307/5307/4419 5306/5306/4418 5314/5314/4426
f 5307/5307/4419 5314/5314/4426 5315/5315/4427
f 5309/5309/4421 5308/5308/4420 5316/5316/4428
f 5309/5309/4421 5316/5316/4428 5317/5317/4429
f 5311/5311/4423 5310/5310/4422 5318/5318/4430
f 5311/5311/4423 5318/5318/4430 5319/5319/4431
f 5313/5313/4425 5312/5312/4424 5320/5320/4432
f 5313/5313/4425 5320/5320/4432 5321/5321/4433
f 5315/5315/4427 5314/5314/4426 5322/5322/4434
f 5315/5315/4427 5322/5322/4434 5323/5323/4435
f 5317/5317/4429 5316/5316/4428 5324/5324/4436
f 5317/5317/4429 5324/5324/4436 5325/5325/4437
f 5319/5319/4431 5318/5318/4430 5326/5326/4438
f 5319/5319/4431 5326/5326/4438 5327/5327/4439
f 5321/5321/4433 5320/5320/4432 5328/5328/4440
f 5321/5321/4433 5328/5328/4440 5329/5329/4441
f 5323/5323/4435 5322/5322/4434 5330/5330/4442
f 5323/5323/4435 5330/5330/4442 5331/5331/4443
f 5325/5325/4437 5324/5324/4436 5332/5332/4444
f 5325/5325/4437 5332/5332/4444 5333/5333/4445
f 5327/5327/4439 5326/5326/4438 5334/5334/4446
f 5327/5327/4439 5334/5334/4446 5335/5335/4447
f 5329/5329/4441 5328/5328/4440 5336/5336/4448
f 5329/5329/4441 5336/5336/4448 5337/5337/4449
f 5331/5331/4443 5330/5330/4442 5338/5338/4450
f 5331/5331/4443 5338/5338/4450 5339/5339/4451
f 5333/5333/4445 5332/5332/4444 5340/5340/4452
f 5333/5333/4445 5340/5340/4452 5341/5341/4453
f 5335/5335/4447 5334/5334/4446 5342/5342/4454
f 5335/5335/4447 5342/5342/4454 5343/5343/4455
f 5337/5337/4449 5336/5336/4448 5344/5344/4456
f 5337/5337/4449 5344/5344/4456 5345/5345/4457
f 5339/5339/4451 5338/5338/4450 5346/5346/4458
f 5339/5339/4451 5346/5346/4458 5347/5347/4459
f 5341/5341/4453 5340/5340/4452 5348/5348/4460
f 5341/5341/4453 5348/5348/4460 5349/5349/4461
f 5342/5342/4454 5350/5350/4462 5351/5351/4463
f 5342/5342/4454 5351/5351/4463 5343/5343/4455
f 5344/5344/4456 5352/5352/4464 5353/5353/4465
f 5344/5344/4456 5353/5353/4465 5345/5345/4457
f 5346/5346/4458 5354/5354/4466 5355/5355/4467
f 5346/5346/4458 5355/5355/4467 5347/5347/4459
f 5348/5348/4460 5356/5356/4468 5357/5357/4469
f 5348/5348/4460 5357/5357/4469 5349/5349/4461
f 5350/5350/4462 5358/5358/4470 5359/5359/4471
f 5350/5350/4462 5359/5359/4471 5351/5351/4463
f 5288/5288/4400 5303/5303/4415 5302/5302/4414
f 5288/5288/4400 5302/5302/4414 5289/5289/4401
f 5352/5352/4464 5360/5360/4472 5361/5361/4473
f 5352/5352/4464 5361/5361/4473 5353/5353/4465
f 5354/5354/4466 5362/5362/4474 5363/5363/4475
f 5354/5354/4466 5363/5363/4475 5355/5355/4467
f 5356/5356/4468 5364/5364/4476 5365/5365/4477
f 5356/5356/4468 5365/5365/4477 5357/5357/4469
f 5358/5358/4470 5366/5366/4478 5367/5367/4479
f 5358/5358/4470 5367/5367/4479 5359/5359/4471
f 5360/5360/4472 5368/5368/4480 5369/5369/4481
f 5360/5360/4472 5369/5369/4481 5361/5361/4473
f 5362/5362/4474 5370/5370/4482 5371/5371/4483
f 5362/5362/4474 5371/5371/4483 5363/5363/4475
f 5364/5364/4476 5372/5372/4484 5373/5373/4485
f 5364/5364/4476 5373/5373/4485 5365/5365/4477
f 5366/5366/4478 5374/5374/4486 5375/5375/4487
f 5366/5366/4478 5375/5375/4487 5367/5367/4479
f 5368/5368/4480 5376/5376/4488 5377/5377/4489
f 5368/5368/4480 5377/5377/4489 5369/5369/4481
f 5370/5370/4482 5378/5378/4490 5379/5379/4491
f 5370/5370/4482 5379/5379/4491 5371/5371/4483
f 5372/5372/4484 5380/5380/4492 5381/5381/4493
f 5372/5372/4484 5381/5381/4493 5373/5373/4485
f 5374/5374/4486 5382/5382/4494 5383/5383/4495
f 5374/5374/4486 5383/5383/4495 5375/5375/4487
f 5376/5376/4488 5384/5384/4496 5385/5385/4497
f 5376/5376/4488 5385/5385/4497 5377/5377/4489
f 5378/5378/4490 5386/5386/4498 5387/5387/4499
f 5378/5378/4490 5387/5387/4499 5379/5379/4491
f 5380/5380/4492 5388/5388/4500 5389/5389/4501
f 5380/5380/4492 5389/5389/4501 5381/5381/4493
f 5382/5382/4494 5390/5390/4502 5391/5391/4503
f 5382/5382/4494 5391/5391/4503 5383/5383/4495
f 5384/5384/4496 5392/5392/4504 5393/5393/4505
f 5384/5384/4496 5393/5393/4505 5385/5385/4497
f 5386/5386/4498 5394/5394/4506 5395/5395/4507
f 5386/5386/4498 5395/5395/4507 5387/5387/4499
f 5388/5388/4500 5396/5396/4508 5397/5397/4509
f 5388/5388/4500 5397/5397/4509 5389/5389/4501
f 5390/5390/4502 5398/5398/4510 5399/5399/4511
f 5390/5390/4502 5399/5399/4511 5391/5391/4503
f 5392/5392/4504 5400/5400/4512 5401/5401/4513
f 5392/5392/4504 5401/5401/4513 5393/5393/4505
f 5394/5394/4506 5402/5402/4514 5403/5403/4515
f 5394/5394/4506 5403/5403/4515 5395/5395/4507
f 5396/5396/4508 5404/5404/4516 5405/5405/4517
f 5396/5396/4508 5405/5405/4517 5397/5397/4509
f 5398/5398/4510 5406/5406/4518 5407/5407/4519
f 5398/5398/4510 5407/5407/4519 5399/5399/4511
f 5400/5400/4512 5408/5408/4520 5409/5409/4521
f 5400/5400/4512 5409/5409/4521 5401/5401/4513
f 5402/5402/4514 5410/5410/4522 5411/5411/4523
f 5402/5402/4514 5411/5411/4523 5403/5403/4515
f 5404/5404/4516 5412/5412/4524 5413/5413/4525
f 5404/5404/4516 5413/5413/4525 5405/5405/4517
f 5407/5407/4519 5406/5406/4518 5414/5414/4526
f 5407/5407/4519 5414/5414/4526 5415/5415/4527
f 5409/5409/4521 5408/5408/4520 5416/5416/4528
f 5409/5409/4521 5416/5416/4528 5417/5417/4529
f 5411/5411/4523 5410/5410/4522 5418/5418/4530
f 5411/5411/4523 5418/5418/4530 5419/5419/4531
f 5413/5413/4525 5412/5412/4524 5420/5420/4532
f 5413/5413/4525 5420/5420/4532 5421/5421/4533
f 5415/5415/4527 5414/5414/4526 5422/5422/4534
f 5415/5415/4527 5422/5422/4534 5423/5423/4535
f 5417/5417/4529 5416/5416/4528 5424/5424/4536
f 5417/5417/4529 5424/5424/4536 5425/5425/4537
f 5419/5419/4531 5418/5418/4530 5426/5426/4538
f 5419/5419/4531 5426/5426/4538 5427/5427/4539
f 5421/5421/4533 5420/5420/4532 5428/5428/4540
f 5421/5421/4533 5428/5428/4540 5429/5429/4541
f 5423/5423/4535 5422/5422/4534 5430/5430/4542
f 5423/5423/4535 5430/5430/4542 5431/5431/4543
f 5425/5425/4537 5424/5424/4536 5432/5432/4544
f 5425/5425/4537 5432/5432/4544 5433/5433/4545
f 5427/5427/4539 5426/5426/4538 5434/5434/4546
f 5427/5427/4539 5434/5434/4546 5435/5435/4547
f 5429/5429/4541 5428/5428/4540 5436/5436/4548
f 5429/5429/4541 5436/5436/4548 5437/5437/4549
f 5431/5431/4543 5430/5430/4542 5438/5438/4550
f 5431/5431/4543 5438/5438/4550 5439/5439/4551
f 5433/5433/4545 5432/5432/4544 5440/5440/4552
f 5433/5433/4545 5440/5440/4552 5441/5441/4553
f 5435/5435/4547 5434/5434/4546 5442/5442/4554
f 5435/5435/4547 5442/5442/4554 5443/5443/4555
f 5437/5437/4549 5436/5436/4548 5444/5444/4556
f 5437/5437/4549 5444/5444/4556 5445/5445/4557
f 5439/5439/4551 5438/5438/4550 5446/5446/4558
f 5439/5439/4551 5446/5446/4558 5447/5447/4559
f 5441/5441/4553 5440/5440/4552 5448/5448/4560
f 5441/5441/4553 5448/5448/4560 5449/5449/4561
f 5443/5443/4555 5442/5442/4554 5450/5450/4562
f 5443/5443/4555 5450/5450/4562 5451/5451/4563
f 5445/5445/4557 5444/5444/4556 5452/5452/4564
f 5445/5445/4557 5452/5452/4564 5453/5453/4565
f 5447/5447/4559 5446/5446/4558 5454/5454/4566
f 5447/5447/4559 5454/5454/4566 5455/5455/4567
f 5449/5449/4561 5448/5448/4560 5456/5456/4568
f 5449/5449/4561 5456/5456/4568 5457/5457/4569
f 5451/5451/4563 5450/5450/4562 5458/5458/4570
f 5451/5451/4563 5458/5458/4570 5459/5459/4571
f 5453/5453/4565 5452/5452/4564 5460/5460/4572
f 5453/5453/4565 5460/5460/4572 5461/5461/4573
f 5455/5455/4567 5454/5454/4566 5462/5462/4574
f 5455/5455/4567 5462/5462/4574 5463/5463/4575
f 5457/5457/4569 5456/5456/4568 5464/5464/4576
f 5457/5457/4569 5464/5464/4576 5465/5465/4577
f 5459/5459/4571 5458/5458/4570 5466/5466/4578
f 5459/5459/4571 5466/5466/4578 5467/5467/4579
f 5461/5461/4573 5460/5460/4572 5468/5468/4580
f 5461/5461/4573 5468/5468/4580 5469/5469/4581
f 5463/5463/4575 5462/5462/4574 5470/5470/4582
f 5463/5463/4575 5470/5470/4582 5471/5471/4583
f 5465/5465/4577 5464/5464/4576 5472/5472/4584
f 5465/5465/4577 5472/5472/4584 5473/5473/4585
f 5467/5467/4579 5466/5466/4578 5474/5474/4586
f 5467/5467/4579 5474/5474/4586 5475/5475/4587
f 5469/5469/4581 5468/5468/4580 5476/5476/4588
f 5469/5469/4581 5476/5476/4588 5477/5477/4589
f 5471/5471/4583 5470/5470/4582 5478/5478/4590
f 5471/5471/4583 5478/5478/4590 5479/5479/4591
f 5473/5473/4585 5472/5472/4584 5480/5480/4592
f 5473/5473/4585 5480/5480/4592 5481/5481/4593
f 5475/5475/4587 5474/5474/4586 5482/5482/4594
f 5475/5475/4587 5482/5482/4594 5483/5483/4595
f 5477/5477/4589 5476/5476/4588 5484/5484/4596
f 5477/5477/4589 5484/5484/4596 5485/5485/4597
f 5479/5479/4591 5478/5478/4590 5486/5486/4598
f 5479/5479/4591 5486/5486/4598 5487/5487/4599
f 5481/5481/4593 5480/5480/4592 5488/5488/4600
f 5481/5481/4593 5488/5488/4600 5489/5489/4601
f 5483/5483/4595 5482/5482/4594 5490/5490/4602
f 5483/5483/4595 5490/5490/4602 5491/5491/4603
f 5485/5485/4597 5484/5484/4596 5492/5492/4604
f 5485/5485/4597 5492/5492/4604 5493/5493/4605
f 5487/5487/4599 5486/5486/4598 5494/5494/4606
f 5487/5487/4599 5494/5494/4606 5495/5495/4607
f 5489/5489/4601 5488/5488/4600 5496/5496/4608
f 5489/5489/4601 5496/5496/4608 5497/5497/4609
f 5491/5491/4603 5490/5490/4602 5498/5498/4610
f 5491/5491/4603 5498/5498/4610 5499/5499/4611
f 5493/5493/4605 5492/5492/4604 5500/5500/4612
f 5493/5493/4605 5500/5500/4612 5501/5501/4613
f 5495/5495/4607 5494/5494/4606 5502/5502/4614
f 5495/5495/4607 5502/5502/4614 5503/5503/4615
f 5497/5497/4609 5496/5496/4608 5504/5504/4616
f 5497/5497/4609 5504/5504/4616 5505/5505/4617
f 5499/5499/4611 5498/5498/4610 5506/5506/4618
f 5499/5499/4611 5506/5506/4618 5507/5507/4619
f 5501/5501/4613 5500/5500/4612 5508/5508/4620
f 5501/5501/4613 5508/5508/4620 5509/5509/4621
f 5503/5503/4615 5502/5502/4614 5510/5510/4622
f 5503/5503/4615 5510/5510/4622 5511/5511/4623
f 5505/5505/4617 5504/5504/4616 5512/5512/4624
f 5505/5505/4617 5512/5512/4624 5513/5513/4625
f 5507/5507/4619 5506/5506/4618 5514/5514/4626
f 5507/5507/4619 5514/5514/4626 5515/5515/4627
f 5509/5509/4621 5508/5508/4620 5516/5516/4628
f 5509/5509/4621 5516/5516/4628 5517/5517/4629
f 5511/5511/4623 5510/5510/4622 5518/5518/4630
f 5511/5511/4623 5518/5518/4630 5519/5519/4631
f 5513/5513/4625 5512/5512/4624 5520/5520/4632
f 5513/5513/4625 5520/5520/4632 5521/5521/4633
f 5515/5515/4627 5514/5514/4626 5522/5522/4634
f 5515/5515/4627 5522/5522/4634 5523/5523/4635
f 5517/5517/4629 5516/5516/4628 5524/5524/4636
f 5517/5517/4629 5524/5524/4636 5525/5525/4637
f 5518/5518/4630 5526/5526/4638 5527/5527/4639
f 5518/5518/4630 5527/5527/4639 5519/5519/4631
f 5522/5522/4634 5528/5528/4640 5529/5529/4641
f 5522/5522/4634 5529/5529/4641 5523/5523/4635
f 5524/5524/4636 5530/5530/4642 5531/5531/4643
f 5524/5524/4636 5531/5531/4643 5525/5525/4637
f 5526/5526/4638 5532/5532/4644 5533/5533/4645
f 5526/5526/4638 5533/5533/4645 5527/5527/4639
f 5528/5528/4640 5534/5534/4646 5535/5535/4647
f 5528/5528/4640 5535/5535/4647 5529/5529/4641
f 5530/5530/4642 5536/5536/4648 5537/5537/4649
f 5530/5530/4642 5537/5537/4649 5531/5531/4643
f 5533/5533/4645 5532/5532/4644 5538/5538/4650
f 5533/5533/4645 5538/5538/4650 5539/5539/4651
f 5520/5520/4632 5540/5540/4652 5541/5541/4653
f 5520/5520/4632 5541/5541/4653 5521/5521/4633
f 5542/5542/4654 5543/5543/4655 5544/5544/4656
f 5542/5542/4654 5544/5544/4656 5545/5545/4657
f 5535/5535/4647 5534/5534/4646 5546/5546/4658
f 5535/5535/4647 5546/5546/4658 5547/5547/4659
f 5537/5537/4649 5536/5536/4648 5548/5548/4660
f 5537/5537/4649 5548/5548/4660 5549/5549/4661
f 5538/5538/4650 5550/5550/4662 5551/5551/4663
f 5538/5538/4650 5551/5551/4663 5539/5539/4651
f 5544/5544/4656 5552/5552/4664 5553/5553/4665
f 5544/5544/4656 5553/5553/4665 5545/5545/4657
f 5546/5546/4658 5554/5554/4666 5555/5555/4667
f 5546/5546/4658 5555/5555/4667 5547/5547/4659
f 5548/5548/4660 5556/5556/4668 5557/5557/4669
f 5548/5548/4660 5557/5557/4669 5549/5549/4661
f 5550/5550/4662 5558/5558/4670 5559/5559/4671
f 5550/5550/4662 5559/5559/4671 5551/5551/4663
f 5554/5554/4666 5560/5560/4672 5561/5561/4673
f 5554/5554/4666 5561/5561/4673 5555/5555/4667
f 5556/5556/4668 5562/5562/4674 5563/5563/4675
f 5556/5556/4668 5563/5563/4675 5557/5557/4669
f 5558/5558/4670 5564/5564/4676 5565/5565/4677
f 5558/5558/4670 5565/5565/4677 5559/5559/4671
f 5566/5566/4678 5567/5567/4679 5568/5568/4680
f 5566/5566/4678 5568/5568/4680 5569/5569/4681
f 5570/5570/4682 5566/5566/4678 5569/5569/4681
f 5570/5570/4682 5569/5569/4681 5571/5571/4683
f 5560/5560/4672 5572/5572/4684 5573/5573/4685
f 5560/5560/4672 5573/5573/4685 5561/5561/4673
f 5562/5562/4674 5574/5574/4686 5575/5575/4687
f 5562/5562/4674 5575/5575/4687 5563/5563/4675
f 5564/5564/4676 5576/5576/4688 5577/5577/4689
f 5564/5564/4676 5577/5577/4689 5565/5565/4677
f 5552/5552/4664 5570/5570/4682 5571/5571/4683
f 5552/5552/4664 5571/5571/4683 5553/5553/4665
f 5572/5572/4684 5578/5578/4690 5579/5579/4691
f 5572/5572/4684 5579/5579/4691 5573/5573/4685
f 5574/5574/4686 5580/5580/4692 5581/5581/4693
f 5574/5574/4686 5581/5581/4693 5575/5575/4687
f 5577/5577/4689 5576/5576/4688 5582/5582/4694
f 5577/5577/4689 5582/5582/4694 5583/5583/4695
f 5584/5584/4696 5585/5585/4697 5586/5586/4698
f 5584/5584/4696 5586/5586/4698 5587/5587/4699
f 5568/5568/4680 5567/5567/4679 5584/5584/4696
f 5568/5568/4680 5584/5584/4696 5587/5587/4699
f 5579/5579/4691 5578/5578/4690 5588/5588/4700
f 5579/5579/4691 5588/5588/4700 5589/5589/4701
f 5581/5581/4693 5580/5580/4692 5590/5590/4702
f 5581/5581/4693 5590/5590/4702 5591/5591/4703
f 5582/5582/4694 5592/5592/4704 5593/5593/4705
f 5582/5582/4694 5593/5593/4705 5583/5583/4695
f 5588/5588/4700 5594/5594/4706 5595/5595/4707
f 5588/5588/4700 5595/5595/4707 5589/5589/4701
f 5590/5590/4702 5596/5596/4708 5597/5597/4709
f 5590/5590/4702 5597/5597/4709 5591/5591/4703
f 5592/5592/4704 5598/5598/4710 5599/5599/4711
f 5592/5592/4704 5599/5599/4711 5593/5593/4705
f 5585/5585/4697 5600/5600/4712 5601/5601/4713
f 5585/5585/4697 5601/5601/4713 5586/5586/4698
f 5594/5594/4706 5602/5602/4714 5603/5603/4715
f 5594/5594/4706 5603/5603/4715 5595/5595/4707
f 5596/5596/4708 5604/5604/4716 5605/5605/4717
f 5596/5596/4708 5605/5605/4717 5597/5597/4709
f 5599/5599/4711 5598/5598/4710 5606/5606/4718
f 5599/5599/4711 5606/5606/4718 5607/5607/4719
f 5601/5601/4713 5600/5600/4712 5608/5608/4720
f 5601/5601/4713 5608/5608/4720 5609/5609/4721
f 5603/5603/4715 5602/5602/4714 5610/5610/4722
f 5603/5603/4715 5610/5610/4722 5611/5611/4723
f 5605/5605/4717 5604/5604/4716 5612/5612/4724
f 5605/5605/4717 5612/5612/4724 5613/5613/4725
f 5606/5606/4718 5614/5614/4726 5615/5615/4727
f 5606/5606/4718 5615/5615/4727 5607/5607/4719
f 5608/5608/4720 5616/5616/4728 5617/5617/4729
f 5608/5608/4720 5617/5617/4729 5609/5609/4721
f 5610/5610/4722 5618/5618/4730 5619/5619/4731
f 5610/5610/4722 5619/5619/4731 5611/5611/4723
f 5612/5612/4724 5620/5620/4732 5621/5621/4733
f 5612/5612/4724 5621/5621/4733 5613/5613/4725
f 5614/5614/4726 5622/5622/4734 5623/5623/4735
f 5614/5614/4726 5623/5623/4735 5615/5615/4727
f 5616/5616/4728 5624/5624/4736 5625/5625/4737
f 5616/5616/4728 5625/5625/4737 5617/5617/4729
f 5618/5618/4730 5626/5626/4738 5627/5627/4739
f 5618/5618/4730 5627/5627/4739 5619/5619/4731
f 5620/5620/4732 5628/5628/4740 5629/5629/4741
f 5620/5620/4732 5629/5629/4741 5621/5621/4733
f 5622/5622/4734 5630/5630/4742 5631/5631/4743
f 5622/5622/4734 5631/5631/4743 5623/5623/4735
f 5624/5624/4736 5632/5632/4744 5633/5633/4745
f 5624/5624/4736 5633/5633/4745 5625/5625/4737
f 5626/5626/4738 5634/5634/4746 5635/5635/4747
f 5626/5626/4738 5635/5635/4747 5627/5627/4739
f 5628/5628/4740 5636/5636/4748 5637/5637/4749
f 5628/5628/4740 5637/5637/4749 5629/5629/4741
f 5630/5630/4742 5638/5638/4750 5639/5639/4751
f 5630/5630/4742 5639/5639/4751 5631/5631/4743
f 5632/5632/4744 5640/5640/4752 5641/5641/4753
f 5632/5632/4744 5641/5641/4753 5633/5633/4745
f 5634/5634/4746 5642/5642/4754 5643/5643/4755
f 5634/5634/4746 5643/5643/4755 5635/5635/4747
f 5636/5636/4748 5644/5644/4756 5645/5645/4757
f 5636/5636/4748 5645/5645/4757 5637/5637/4749
f 5638/5638/4750 5043/5043/4194 5034/5034/4185
f 5638/5638/4750 5034/5034/4185 5639/5639/4751
f 5640/5640/4752 5033/5033/4184 5037/5037/4188
f 5640/5640/4752 5037/5037/4188 5641/5641/4753
f 5642/5642/4754 5036/5036/4187 5040/5040/4191
f 5642/5642/4754 5040/5040/4191 5643/5643/4755
f 5644/5644/4756 5646/5646/4758 5044/5044/4195
f 5644/5644/4756 5044/5044/4195 5645/5645/4757
f 5647/5647/4759 5648/5648/4760 5649/5649/4761
f 5647/5647/4759 5649/5649/4761 5650/5650/4186
f 5022/5022/4173 5032/5032/4183 5245/5245/4357
f 5022/5022/4173 5245/5245/4357 5244/5244/4356
f 5540/5540/4652 5543/5543/4655 5542/5542/4654
f 5540/5540/4652 5542/5542/4654 5541/5541/4653
f 5021/5021/4172 5030/5030/4181 5032/5032/4183
f 5021/5021/4172 5032/5032/4183 5022/5022/4173
f 5022/5022/4173 5244/5244/4356 5237/5237/4349
f 5022/5022/4173 5237/5237/4349 5023/5023/4174
f 5031/5031/4182 5243/5243/4355 5245/5245/4357
f 5031/5031/4182 5245/5245/4357 5032/5032/4183
f 5023/5023/4174 5025/5025/4176 5024/5024/4175
f 5023/5023/4174 5024/5024/4175 5021/5021/4172
f 5025/5025/4176 5238/5238/4350 5239/5239/4351
f 5025/5025/4176 5239/5239/4351 5026/5026/4177
f 5026/5026/4177 5028/5028/4179 5027/5027/4178
f 5026/5026/4177 5027/5027/4178 5024/5024/4175
f 5028/5028/4179 5240/5240/4352 5651/5651/4762
f 5028/5028/4179 5651/5651/4762 5029/5029/4180
f 5241/5241/4353 5031/5031/4182 5030/5030/4181
f 5241/5241/4353 5030/5030/4181 5652/5652/4763
f 5244/5244/4356 5247/5247/4359 5248/5248/4360
f 5244/5244/4356 5248/5248/4360 5237/5237/4349
f 5243/5243/4355 5253/5253/4365 5246/5246/4358
f 5243/5243/4355 5246/5246/4358 5245/5245/4357
f 5238/5238/4350 5249/5249/4361 5250/5250/4362
f 5238/5238/4350 5250/5250/4362 5239/5239/4351
f 5240/5240/4352 5251/5251/4363 5653/5653/4764
f 5240/5240/4352 5653/5653/4764 5651/5651/4762
f 5247/5247/4359 5255/5255/4367 5256/5256/4368
f 5247/5247/4359 5256/5256/4368 5248/5248/4360
f 5253/5253/4365 5261/5261/4373 5254/5254/4366
f 5253/5253/4365 5254/5254/4366 5246/5246/4358
f 5249/5249/4361 5257/5257/4369 5258/5258/4370
f 5249/5249/4361 5258/5258/4370 5250/5250/4362
f 5251/5251/4363 5259/5259/4371 5654/5654/4765
f 5251/5251/4363 5654/5654/4765 5653/5653/4764
f 5255/5255/4367 5263/5263/4375 5264/5264/4376
f 5255/5255/4367 5264/5264/4376 5256/5256/4368
f 5261/5261/4373 5269/5269/4381 5262/5262/4374
f 5261/5261/4373 5262/5262/4374 5254/5254/4366
f 5257/5257/4369 5265/5265/4377 5266/5266/4378
f 5257/5257/4369 5266/5266/4378 5258/5258/4370
f 5259/5259/4371 5267/5267/4379 5655/5655/4766
f 5259/5259/4371 5655/5655/4766 5654/5654/4765
f 5263/5263/4375 5271/5271/4383 5272/5272/4384
f 5263/5263/4375 5272/5272/4384 5264/5264/4376
f 5269/5269/4381 5277/5277/4389 5270/5270/4382
f 5269/5269/4381 5270/5270/4382 5262/5262/4374
f 5265/5265/4377 5273/5273/4385 5274/5274/4386
f 5265/5265/4377 5274/5274/4386 5266/5266/4378
f 5267/5267/4379 5275/5275/4387 5656/5656/4767
f 5267/5267/4379 5656/5656/4767 5655/5655/4766
f 5271/5271/4383 5279/5279/4391 5280/5280/4392
f 5271/5271/4383 5280/5280/4392 5272/5272/4384
f 5277/5277/4389 5285/5285/4397 5278/5278/4390
f 5277/5277/4389 5278/5278/4390 5270/5270/4382
f 5273/5273/4385 5281/5281/4393 5282/5282/4394
f 5273/5273/4385 5282/5282/4394 5274/5274/4386
f 5275/5275/4387 5283/5283/4395 5657/5657/4768
f 5275/5275/4387 5657/5657/4768 5656/5656/4767
f 5279/5279/4391 5287/5287/4399 5288/5288/4400
f 5279/5279/4391 5288/5288/4400 5280/5280/4392
f 5285/5285/4397 5293/5293/4405 5286/5286/4398
f 5285/5285/4397 5286/5286/4398 5278/5278/4390
f 5281/5281/4393 5289/5289/4401 5290/5290/4402
f 5281/5281/4393 5290/5290/4402 5282/5282/4394
f 5283/5283/4395 5291/5291/4403 5658/5658/4769
f 5283/5283/4395 5658/5658/4769 5657/5657/4768
f 5287/5287/4399 5295/5295/4407 5303/5303/4415
f 5287/5287/4399 5303/5303/4415 5288/5288/4400
f 5293/5293/4405 5299/5299/4411 5294/5294/4406
f 5293/5293/4405 5294/5294/4406 5286/5286/4398
f 5289/5289/4401 5302/5302/4414 5296/5296/4408
f 5289/5289/4401 5296/5296/4408 5290/5290/4402
f 5291/5291/4403 5297/5297/4409 5659/5659/4770
f 5291/5291/4403 5659/5659/4770 5658/5658/4769
f 5295/5295/4407 5301/5301/4413 5304/5304/4416
f 5295/5295/4407 5304/5304/4416 5303/5303/4415
f 5299/5299/4411 5309/5309/4421 5300/5300/4412
f 5299/5299/4411 5300/5300/4412 5294/5294/4406
f 5302/5302/4414 5305/5305/4417 5306/5306/4418
f 5302/5302/4414 5306/5306/4418 5296/5296/4408
f 5297/5297/4409 5307/5307/4419 5660/5660/4771
f 5297/5297/4409 5660/5660/4771 5659/5659/4770
f 5301/5301/4413 5311/5311/4423 5312/5312/4424
f 5301/5301/4413 5312/5312/4424 5304/5304/4416
f 5309/5309/4421 5317/5317/4429 5310/5310/4422
f 5309/5309/4421 5310/5310/4422 5300/5300/4412
f 5305/5305/4417 5313/5313/4425 5314/5314/4426
f 5305/5305/4417 5314/5314/4426 5306/5306/4418
f 5307/5307/4419 5315/5315/4427 5661/5661/4772
f 5307/5307/4419 5661/5661/4772 5660/5660/4771
f 5311/5311/4423 5319/5319/4431 5320/5320/4432
f 5311/5311/4423 5320/5320/4432 5312/5312/4424
f 5317/5317/4429 5325/5325/4437 5318/5318/4430
f 5317/5317/4429 5318/5318/4430 5310/5310/4422
f 5313/5313/4425 5321/5321/4433 5322/5322/4434
f 5313/5313/4425 5322/5322/4434 5314/5314/4426
f 5315/5315/4427 5323/5323/4435 5662/5662/4773
f 5315/5315/4427 5662/5662/4773 5661/5661/4772
f 5319/5319/4431 5327/5327/4439 5328/5328/4440
f 5319/5319/4431 5328/5328/4440 5320/5320/4432
f 5325/5325/4437 5333/5333/4445 5326/5326/4438
f 5325/5325/4437 5326/5326/4438 5318/5318/4430
f 5321/5321/4433 5329/5329/4441 5330/5330/4442
f 5321/5321/4433 5330/5330/4442 5322/5322/4434
f 5323/5323/4435 5331/5331/4443 5663/5663/4774
f 5323/5323/4435 5663/5663/4774 5662/5662/4773
f 5327/5327/4439 5335/5335/4447 5336/5336/4448
f 5327/5327/4439 5336/5336/4448 5328/5328/4440
f 5333/5333/4445 5341/5341/4453 5334/5334/4446
f 5333/5333/4445 5334/5334/4446 5326/5326/4438
f 5329/5329/4441 5337/5337/4449 5338/5338/4450
f 5329/5329/4441 5338/5338/4450 5330/5330/4442
f 5331/5331/4443 5339/5339/4451 5664/5664/4452
f 5331/5331/4443 5664/5664/4452 5663/5663/4774
f 5335/5335/4447 5343/5343/4455 5344/5344/4456
f 5335/5335/4447 5344/5344/4456 5336/5336/4448
f 5341/5341/4453 5349/5349/4461 5342/5342/4454
f 5341/5341/4453 5342/5342/4454 5334/5334/4446
f 5337/5337/4449 5345/5345/4457 5346/5346/4458
f 5337/5337/4449 5346/5346/4458 5338/5338/4450
f 5339/5339/4451 5347/5347/4459 5665/5665/4775
f 5339/5339/4451 5665/5665/4775 5664/5664/4452
f 5343/5343/4455 5351/5351/4463 5352/5352/4464
f 5343/5343/4455 5352/5352/4464 5344/5344/4456
f 5349/5349/4461 5357/5357/4469 5350/5350/4462
f 5349/5349/4461 5350/5350/4462 5342/5342/4454
f 5345/5345/4457 5353/5353/4465 5354/5354/4466
f 5345/5345/4457 5354/5354/4466 5346/5346/4458
f 5347/5347/4459 5355/5355/4467 5666/5666/4776
f 5347/5347/4459 5666/5666/4776 5665/5665/4775
f 5351/5351/4463 5359/5359/4471 5360/5360/4472
f 5351/5351/4463 5360/5360/4472 5352/5352/4464
f 5357/5357/4469 5365/5365/4477 5358/5358/4470
f 5357/5357/4469 5358/5358/4470 5350/5350/4462
f 5353/5353/4465 5361/5361/4473 5362/5362/4474
f 5353/5353/4465 5362/5362/4474 5354/5354/4466
f 5355/5355/4467 5363/5363/4475 5667/5667/4777
f 5355/5355/4467 5667/5667/4777 5666/5666/4776
f 5359/5359/4471 5367/5367/4479 5368/5368/4480
f 5359/5359/4471 5368/5368/4480 5360/5360/4472
f 5365/5365/4477 5373/5373/4485 5366/5366/4478
f 5365/5365/4477 5366/5366/4478 5358/5358/4470
f 5361/5361/4473 5369/5369/4481 5370/5370/4482
f 5361/5361/4473 5370/5370/4482 5362/5362/4474
f 5363/5363/4475 5371/5371/4483 5668/5668/4778
f 5363/5363/4475 5668/5668/4778 5667/5667/4777
f 5367/5367/4479 5375/5375/4487 5376/5376/4488
f 5367/5367/4479 5376/5376/4488 5368/5368/4480
f 5373/5373/4485 5381/5381/4493 5374/5374/4486
f 5373/5373/4485 5374/5374/4486 5366/5366/4478
f 5369/5369/4481 5377/5377/4489 5378/5378/4490
f 5369/5369/4481 5378/5378/4490 5370/5370/4482
f 5371/5371/4483 5379/5379/4491 5669/5669/4779
f 5371/5371/4483 5669/5669/4779 5668/5668/4778
f 5375/5375/4487 5383/5383/4495 5384/5384/4496
f 5375/5375/4487 5384/5384/4496 5376/5376/4488
f 5381/5381/4493 5389/5389/4501 5382/5382/4494
f 5381/5381/4493 5382/5382/4494 5374/5374/4486
f 5377/5377/4489 5385/5385/4497 5386/5386/4498
f 5377/5377/4489 5386/5386/4498 5378/5378/4490
f 5379/5379/4491 5387/5387/4499 5670/5670/4780
f 5379/5379/4491 5670/5670/4780 5669/5669/4779
f 5383/5383/4495 5391/5391/4503 5392/5392/4504
f 5383/5383/4495 5392/5392/4504 5384/5384/4496
f 5389/5389/4501 5397/5397/4509 5390/5390/4502
f 5389/5389/4501 5390/5390/4502 5382/5382/4494
f 5385/5385/4497 5393/5393/4505 5394/5394/4506
f 5385/5385/4497 5394/5394/4506 5386/5386/4498
f 5387/5387/4499 5395/5395/4507 5671/5671/4781
f 5387/5387/4499 5671/5671/4781 5670/5670/4780
f 5391/5391/4503 5399/5399/4511 5400/5400/4512
f 5391/5391/4503 5400/5400/4512 5392/5392/4504
f 5397/5397/4509 5405/5405/4517 5398/5398/4510
f 5397/5397/4509 5398/5398/4510 5390/5390/4502
f 5393/5393/4505 5401/5401/4513 5402/5402/4514
f 5393/5393/4505 5402/5402/4514 5394/5394/4506
f 5395/5395/4507 5403/5403/4515 5672/5672/4782
f 5395/5395/4507 5672/5672/4782 5671/5671/4781
f 5399/5399/4511 5407/5407/4519 5408/5408/4520
f 5399/5399/4511 5408/5408/4520 5400/5400/4512
f 5405/5405/4517 5413/5413/4525 5406/5406/4518
f 5405/5405/4517 5406/5406/4518 5398/5398/4510
f 5401/5401/4513 5409/5409/4521 5410/5410/4522
f 5401/5401/4513 5410/5410/4522 5402/5402/4514
f 5403/5403/4515 5411/5411/4523 5673/5673/4783
f 5403/5403/4515 5673/5673/4783 5672/5672/4782
f 5407/5407/4519 5415/5415/4527 5416/5416/4528
f 5407/5407/4519 5416/5416/4528 5408/5408/4520
f 5413/5413/4525 5421/5421/4533 5414/5414/4526
f 5413/5413/4525 5414/5414/4526 5406/5406/4518
f 5409/5409/4521 5417/5417/4529 5418/5418/4530
f 5409/5409/4521 5418/5418/4530 5410/5410/4522
f 5411/5411/4523 5419/5419/4531 5674/5674/4784
f 5411/5411/4523 5674/5674/4784 5673/5673/4783
f 5415/5415/4527 5423/5423/4535 5424/5424/4536
f 5415/5415/4527 5424/5424/4536 5416/5416/4528
f 5421/5421/4533 5429/5429/4541 5422/5422/4534
f 5421/5421/4533 5422/5422/4534 5414/5414/4526
f 5417/5417/4529 5425/5425/4537 5426/5426/4538
f 5417/5417/4529 5426/5426/4538 5418/5418/4530
f 5419/5419/4531 5427/5427/4539 5675/5675/4785
f 5419/5419/4531 5675/5675/4785 5674/5674/4784
f 5423/5423/4535 5431/5431/4543 5432/5432/4544
f 5423/5423/4535 5432/5432/4544 5424/5424/4536
f 5429/5429/4541 5437/5437/4549 5430/5430/4542
f 5429/5429/4541 5430/5430/4542 5422/5422/4534
f 5425/5425/4537 5433/5433/4545 5434/5434/4546
f 5425/5425/4537 5434/5434/4546 5426/5426/4538
f 5427/5427/4539 5435/5435/4547 5676/5676/4786
f 5427/5427/4539 5676/5676/4786 5675/5675/4785
f 5431/5431/4543 5439/5439/4551 5440/5440/4552
f 5431/5431/4543 5440/5440/4552 5432/5432/4544
f 5437/5437/4549 5445/5445/4557 5438/5438/4550
f 5437/5437/4549 5438/5438/4550 5430/5430/4542
f 5433/5433/4545 5441/5441/4553 5442/5442/4554
f 5433/5433/4545 5442/5442/4554 5434/5434/4546
f 5435/5435/4547 5443/5443/4555 5677/5677/4787
f 5435/5435/4547 5677/5677/4787 5676/5676/4786
f 5439/5439/4551 5447/5447/4559 5448/5448/4560
f 5439/5439/4551 5448/5448/4560 5440/5440/4552
f 5445/5445/4557 5453/5453/4565 5446/5446/4558
f 5445/5445/4557 5446/5446/4558 5438/5438/4550
f 5441/5441/4553 5449/5449/4561 5450/5450/4562
f 5441/5441/4553 5450/5450/4562 5442/5442/4554
f 5443/5443/4555 5451/5451/4563 5678/5678/4788
f 5443/5443/4555 5678/5678/4788 5677/5677/4787
f 5447/5447/4559 5455/5455/4567 5456/5456/4568
f 5447/5447/4559 5456/5456/4568 5448/5448/4560
f 5453/5453/4565 5461/5461/4573 5454/5454/4566
f 5453/5453/4565 5454/5454/4566 5446/5446/4558
f 5449/5449/4561 5457/5457/4569 5458/5458/4570
f 5449/5449/4561 5458/5458/4570 5450/5450/4562
f 5451/5451/4563 5459/5459/4571 5679/5679/4789
f 5451/5451/4563 5679/5679/4789 5678/5678/4788
f 5455/5455/4567 5463/5463/4575 5464/5464/4576
f 5455/5455/4567 5464/5464/4576 5456/5456/4568
f 5461/5461/4573 5469/5469/4581 5462/5462/4574
f 5461/5461/4573 5462/5462/4574 5454/5454/4566
f 5457/5457/4569 5465/5465/4577 5466/5466/4578
f 5457/5457/4569 5466/5466/4578 5458/5458/4570
f 5459/5459/4571 5467/5467/4579 5680/5680/4790
f 5459/5459/4571 5680/5680/4790 5679/5679/4789
f 5463/5463/4575 5471/5471/4583 5472/5472/4584
f 5463/5463/4575 5472/5472/4584 5464/5464/4576
f 5469/5469/4581 5477/5477/4589 5470/5470/4582
f 5469/5469/4581 5470/5470/4582 5462/5462/4574
f 5465/5465/4577 5473/5473/4585 5474/5474/4586
f 5465/5465/4577 5474/5474/4586 5466/5466/4578
f 5467/5467/4579 5475/5475/4587 5681/5681/4791
f 5467/5467/4579 5681/5681/4791 5680/5680/4790
f 5471/5471/4583 5479/5479/4591 5480/5480/4592
f 5471/5471/4583 5480/5480/4592 5472/5472/4584
f 5477/5477/4589 5485/5485/4597 5478/5478/4590
f 5477/5477/4589 5478/5478/4590 5470/5470/4582
f 5473/5473/4585 5481/5481/4593 5482/5482/4594
f 5473/5473/4585 5482/5482/4594 5474/5474/4586
f 5475/5475/4587 5483/5483/4595 5682/5682/4792
f 5475/5475/4587 5682/5682/4792 5681/5681/4791
f 5479/5479/4591 5487/5487/4599 5488/5488/4600
f 5479/5479/4591 5488/5488/4600 5480/5480/4592
f 5485/5485/4597 5493/5493/4605 5486/5486/4598
f 5485/5485/4597 5486/5486/4598 5478/5478/4590
f 5481/5481/4593 5489/5489/4601 5490/5490/4602
f 5481/5481/4593 5490/5490/4602 5482/5482/4594
f 5483/5483/4595 5491/5491/4603 5683/5683/4793
f 5483/5483/4595 5683/5683/4793 5682/5682/4792
f 5487/5487/4599 5495/5495/4607 5496/5496/4608
f 5487/5487/4599 5496/5496/4608 5488/5488/4600
f 5493/5493/4605 5501/5501/4613 5494/5494/4606
f 5493/5493/4605 5494/5494/4606 5486/5486/4598
f 5489/5489/4601 5497/5497/4609 5498/5498/4610
f 5489/5489/4601 5498/5498/4610 5490/5490/4602
f 5491/5491/4603 5499/5499/4611 5684/5684/4794
f 5491/5491/4603 5684/5684/4794 5683/5683/4793
f 5495/5495/4607 5503/5503/4615 5504/5504/4616
f 5495/5495/4607 5504/5504/4616 5496/5496/4608
f 5501/5501/4613 5509/5509/4621 5502/5502/4614
f 5501/5501/4613 5502/5502/4614 5494/5494/4606
f 5497/5497/4609 5505/5505/4617 5506/5506/4618
f 5497/5497/4609 5506/5506/4618 5498/5498/4610
f 5499/5499/4611 5507/5507/4619 5685/5685/4795
f 5499/5499/4611 5685/5685/4795 5684/5684/4794
f 5503/5503/4615 5511/5511/4623 5512/5512/4624
f 5503/5503/4615 5512/5512/4624 5504/5504/4616
f 5509/5509/4621 5517/5517/4629 5510/5510/4622
f 5509/5509/4621 5510/5510/4622 5502/5502/4614
f 5505/5505/4617 5513/5513/4625 5514/5514/4626
f 5505/5505/4617 5514/5514/4626 5506/5506/4618
f 5507/5507/4619 5515/5515/4627 5686/5686/4796
f 5507/5507/4619 5686/5686/4796 5685/5685/4795
f 5511/5511/4623 5519/5519/4631 5520/5520/4632
f 5511/5511/4623 5520/5520/4632 5512/5512/4624
f 5517/5517/4629 5525/5525/4637 5518/5518/4630
f 5517/5517/4629 5518/5518/4630 5510/5510/4622
f 5513/5513/4625 5521/5521/4633 5522/5522/4634
f 5513/5513/4625 5522/5522/4634 5514/5514/4626
f 5515/5515/4627 5523/5523/4635 5687/5687/4797
f 5515/5515/4627 5687/5687/4797 5686/5686/4796
f 5519/5519/4631 5527/5527/4639 5540/5540/4652
f 5519/5519/4631 5540/5540/4652 5520/5520/4632
f 5525/5525/4637 5531/5531/4643 5526/5526/4638
f 5525/5525/4637 5526/5526/4638 5518/5518/4630
f 5521/5521/4633 5541/5541/4653 5528/5528/4640
f 5521/5521/4633 5528/5528/4640 5522/5522/4634
f 5523/5523/4635 5529/5529/4641 5688/5688/4798
f 5523/5523/4635 5688/5688/4798 5687/5687/4797
f 5527/5527/4639 5533/5533/4645 5543/5543/4655
f 5527/5527/4639 5543/5543/4655 5540/5540/4652
f 5531/5531/4643 5537/5537/4649 5532/5532/4644
f 5531/5531/4643 5532/5532/4644 5526/5526/4638
f 5541/5541/4653 5542/5542/4654 5534/5534/4646
f 5541/5541/4653 5534/5534/4646 5528/5528/4640
f 5529/5529/4641 5535/5535/4647 5689/5689/4799
f 5529/5529/4641 5689/5689/4799 5688/5688/4798
f 5533/5533/4645 5539/5539/4651 5544/5544/4656
f 5533/5533/4645 5544/5544/4656 5543/5543/4655
f 5537/5537/4649 5549/5549/4661 5538/5538/4650
f 5537/5537/4649 5538/5538/4650 5532/5532/4644
f 5542/5542/4654 5545/5545/4657 5546/5546/4658
f 5542/5542/4654 5546/5546/4658 5534/5534/4646
f 5535/5535/4647 5547/5547/4659 5690/5690/4800
f 5535/5535/4647 5690/5690/4800 5689/5689/4799
f 5539/5539/4651 5551/5551/4663 5552/5552/4664
f 5539/5539/4651 5552/5552/4664 5544/5544/4656
f 5549/5549/4661 5557/5557/4669 5550/5550/4662
f 5549/5549/4661 5550/5550/4662 5538/5538/4650
f 5545/5545/4657 5553/5553/4665 5554/5554/4666
f 5545/5545/4657 5554/5554/4666 5546/5546/4658
f 5547/5547/4659 5555/5555/4667 5691/5691/4801
f 5547/5547/4659 5691/5691/4801 5690/5690/4800
f 5551/5551/4663 5559/5559/4671 5570/5570/4682
f 5551/5551/4663 5570/5570/4682 5552/5552/4664
f 5557/5557/4669 5563/5563/4675 5558/5558/4670
f 5557/5557/4669 5558/5558/4670 5550/5550/4662
f 5553/5553/4665 5571/5571/4683 5560/5560/4672
f 5553/5553/4665 5560/5560/4672 5554/5554/4666
f 5555/5555/4667 5561/5561/4673 5692/5692/4802
f 5555/5555/4667 5692/5692/4802 5691/5691/4801
f 5559/5559/4671 5565/5565/4677 5566/5566/4678
f 5559/5559/4671 5566/5566/4678 5570/5570/4682
f 5563/5563/4675 5575/5575/4687 5564/5564/4676
f 5563/5563/4675 5564/5564/4676 5558/5558/4670
f 5571/5571/4683 5569/5569/4681 5572/5572/4684
f 5571/5571/4683 5572/5572/4684 5560/5560/4672
f 5561/5561/4673 5573/5573/4685 5693/5693/4803
f 5561/5561/4673 5693/5693/4803 5692/5692/4802
f 5565/5565/4677 5577/5577/4689 5567/5567/4679
f 5565/5565/4677 5567/5567/4679 5566/5566/4678
f 5575/5575/4687 5581/5581/4693 5576/5576/4688
f 5575/5575/4687 5576/5576/4688 5564/5564/4676
f 5569/5569/4681 5568/5568/4680 5578/5578/4690
f 5569/5569/4681 5578/5578/4690 5572/5572/4684
f 5573/5573/4685 5579/5579/4691 5694/5694/4692
f 5573/5573/4685 5694/5694/4692 5693/5693/4803
f 5577/5577/4689 5583/5583/4695 5584/5584/4696
f 5577/5577/4689 5584/5584/4696 5567/5567/4679
f 5581/5581/4693 5591/5591/4703 5582/5582/4694
f 5581/5581/4693 5582/5582/4694 5576/5576/4688
f 5568/5568/4680 5587/5587/4699 5588/5588/4700
f 5568/5568/4680 5588/5588/4700 5578/5578/4690
f 5579/5579/4691 5589/5589/4701 5695/5695/4804
f 5579/5579/4691 5695/5695/4804 5694/5694/4692
f 5583/5583/4695 5593/5593/4705 5585/5585/4697
f 5583/5583/4695 5585/5585/4697 5584/5584/4696
f 5591/5591/4703 5597/5597/4709 5592/5592/4704
f 5591/5591/4703 5592/5592/4704 5582/5582/4694
f 5587/5587/4699 5586/5586/4698 5594/5594/4706
f 5587/5587/4699 5594/5594/4706 5588/5588/4700
f 5589/5589/4701 5595/5595/4707 5696/5696/4805
f 5589/5589/4701 5696/5696/4805 5695/5695/4804
f 5593/5593/4705 5599/5599/4711 5600/5600/4712
f 5593/5593/4705 5600/5600/4712 5585/5585/4697
f 5597/5597/4709 5605/5605/4717 5598/5598/4710
f 5597/5597/4709 5598/5598/4710 5592/5592/4704
f 5586/5586/4698 5601/5601/4713 5602/5602/4714
f 5586/5586/4698 5602/5602/4714 5594/5594/4706
f 5595/5595/4707 5603/5603/4715 5697/5697/4716
f 5595/5595/4707 5697/5697/4716 5696/5696/4805
f 5599/5599/4711 5607/5607/4719 5608/5608/4720
f 5599/5599/4711 5608/5608/4720 5600/5600/4712
f 5605/5605/4717 5613/5613/4725 5606/5606/4718
f 5605/5605/4717 5606/5606/4718 5598/5598/4710
f 5601/5601/4713 5609/5609/4721 5610/5610/4722
f 5601/5601/4713 5610/5610/4722 5602/5602/4714
f 5603/5603/4715 5611/5611/4723 5698/5698/4806
f 5603/5603/4715 5698/5698/4806 5697/5697/4716
f 5607/5607/4719 5615/5615/4727 5616/5616/4728
f 5607/5607/4719 5616/5616/4728 5608/5608/4720
f 5613/5613/4725 5621/5621/4733 5614/5614/4726
f 5613/5613/4725 5614/5614/4726 5606/5606/4718
f 5609/5609/4721 5617/5617/4729 5618/5618/4730
f 5609/5609/4721 5618/5618/4730 5610/5610/4722
f 5611/5611/4723 5619/5619/4731 5699/5699/4807
f 5611/5611/4723 5699/5699/4807 5698/5698/4806
f 5615/5615/4727 5623/5623/4735 5624/5624/4736
f 5615/5615/4727 5624/5624/4736 5616/5616/4728
f 5621/5621/4733 5629/5629/4741 5622/5622/4734
f 5621/5621/4733 5622/5622/4734 5614/5614/4726
f 5617/5617/4729 5625/5625/4737 5626/5626/4738
f 5617/5617/4729 5626/5626/4738 5618/5618/4730
f 5619/5619/4731 5627/5627/4739 5700/5700/4808
f 5619/5619/4731 5700/5700/4808 5699/5699/4807
f 5623/5623/4735 5631/5631/4743 5632/5632/4744
f 5623/5623/4735 5632/5632/4744 5624/5624/4736
f 5629/5629/4741 5637/5637/4749 5630/5630/4742
f 5629/5629/4741 5630/5630/4742 5622/5622/4734
f 5625/5625/4737 5633/5633/4745 5634/5634/4746
f 5625/5625/4737 5634/5634/4746 5626/5626/4738
f 5627/5627/4739 5635/5635/4747 5701/5701/4809
f 5627/5627/4739 5701/5701/4809 5700/5700/4808
f 5631/5631/4743 5639/5639/4751 5640/5640/4752
f 5631/5631/4743 5640/5640/4752 5632/5632/4744
f 5637/5637/4749 5645/5645/4757 5638/5638/4750
f 5637/5637/4749 5638/5638/4750 5630/5630/4742
f 5633/5633/4745 5641/5641/4753 5642/5642/4754
f 5633/5633/4745 5642/5642/4754 5634/5634/4746
f 5635/5635/4747 5643/5643/4755 5702/5702/4810
f 5635/5635/4747 5702/5702/4810 5701/5701/4809
f 5639/5639/4751 5034/5034/4185 5033/5033/4184
f 5639/5639/4751 5033/5033/4184 5640/5640/4752
f 5034/5034/4185 5043/5043/4194 5042/5042/4193
f 5034/5034/4185 5042/5042/4193 5035/5035/4186
f 5645/5645/4757 5044/5044/4195 5043/5043/4194
f 5645/5645/4757 5043/5043/4194 5638/5638/4750
f 5641/5641/4753 5037/5037/4188 5036/5036/4187
f 5641/5641/4753 5036/5036/4187 5642/5642/4754
f 5035/5035/4186 5038/5038/4189 5037/5037/4188
f 5035/5035/4186 5037/5037/4188 5033/5033/4184
f 5643/5643/4755 5040/5040/4191 5039/5039/4190
f 5643/5643/4755 5039/5039/4190 5702/5702/4810
f 5038/5038/4189 5041/5041/4192 5040/5040/4191
f 5038/5038/4189 5040/5040/4191 5036/5036/4187
f 5703/5703/4811 5042/5042/4193 5044/5044/4195
f 5703/5703/4811 5044/5044/4195 5646/5646/4758
f 5704/5704/4181 5705/5705/4172 5706/5706/4175
f 5704/5704/4181 5706/5706/4175 5707/5707/4812
f 5708/5708/4813 5709/5709/4814 5710/5710/4815
f 5708/5708/4813 5710/5710/4815 5711/5711/4816
f 5712/5712/4817 5713/5713/4818 5714/5714/4819
f 5712/5712/4817 5714/5714/4819 5715/5715/4820
f 5716/5716/4821 5717/5717/4822 5718/5718/4823
f 5716/5716/4821 5718/5718/4823 5719/5719/4824
f 5720/5720/4825 5721/5721/4826 5722/5722/4827
f 5720/5720/4825 5722/5722/4827 5723/5723/4828
f 5724/5724/4829 5725/5725/4830 5726/5726/4831
f 5724/5724/4829 5726/5726/4831 5727/5727/4832
f 5728/5728/4833 5729/5729/4834 5730/5730/4835
f 5728/5728/4833 5730/5730/4835 5731/5731/4836
f 5732/5732/4837 5733/5733/4838 5734/5734/4839
f 5732/5732/4837 5734/5734/4839 5735/5735/4840
f 5736/5736/4841 5737/5737/4842 5738/5738/4843
f 5736/5736/4841 5738/5738/4843 5739/5739/4844
f 5740/5740/4845 5741/5741/4846 5742/5742/4847
f 5740/5740/4845 5742/5742/4847 5743/5743/4848
f 5720/5720/4825 5744/5744/4849 5745/5745/4850
f 5720/5720/4825 5745/5745/4850 5746/5746/4851
f 5729/5729/4834 5747/5747/4852 5745/5745/4850
f 5729/5729/4834 5745/5745/4850 5744/5744/4849
f 5734/5734/4839 5746/5746/4851 5745/5745/4850
f 5734/5734/4839 5745/5745/4850 5747/5747/4852
f 5721/5721/4826 5748/5748/4853 5749/5749/4854
f 5721/5721/4826 5749/5749/4854 5750/5750/4855
f 5733/5733/4838 5751/5751/4856 5749/5749/4854
f 5733/5733/4838 5749/5749/4854 5748/5748/4853
f 5712/5712/4817 5750/5750/4855 5749/5749/4854
f 5712/5712/4817 5749/5749/4854 5751/5751/4856
f 5717/5717/4822 5752/5752/4857 5753/5753/4858
f 5717/5717/4822 5753/5753/4858 5754/5754/4859
f 5735/5735/4840 5755/5755/4860 5753/5753/4858
f 5735/5735/4840 5753/5753/4858 5752/5752/4857
f 5728/5728/4833 5754/5754/4859 5753/5753/4858
f 5728/5728/4833 5753/5753/4858 5755/5755/4860
f 5713/5713/4818 5756/5756/4861 5757/5757/4862
f 5713/5713/4818 5757/5757/4862 5758/5758/4863
f 5732/5732/4837 5759/5759/4864 5757/5757/4862
f 5732/5732/4837 5757/5757/4862 5756/5756/4861
f 5716/5716/4821 5758/5758/4863 5757/5757/4862
f 5716/5716/4821 5757/5757/4862 5759/5759/4864
f 5710/5710/4815 5760/5760/4865 5761/5761/4866
f 5710/5710/4815 5761/5761/4866 5762/5762/4867
f 5730/5730/4835 5763/5763/4868 5761/5761/4866
f 5730/5730/4835 5761/5761/4866 5760/5760/4865
f 5723/5723/4828 5764/5764/4869 5761/5761/4866
f 5723/5723/4828 5761/5761/4866 5763/5763/4868
f 5725/5725/4830 5762/5762/4867 5761/5761/4866
f 5725/5725/4830 5761/5761/4866 5764/5764/4869
f 5722/5722/4827 5765/5765/4870 5766/5766/4871
f 5722/5722/4827 5766/5766/4871 5767/5767/4872
f 5715/5715/4820 5768/5768/4873 5766/5766/4871
f 5715/5715/4820 5766/5766/4871 5765/5765/4870
f 5741/5741/4846 5769/5769/4874 5766/5766/4871
f 5741/5741/4846 5766/5766/4871 5768/5768/4873
f 5726/5726/4831 5767/5767/4872 5766/5766/4871
f 5726/5726/4831 5766/5766/4871 5769/5769/4874
f 5714/5714/4819 5770/5770/4875 5771/5771/4876
f 5714/5714/4819 5771/5771/4876 5772/5772/4877
f 5719/5719/4824 5773/5773/4878 5771/5771/4876
f 5719/5719/4824 5771/5771/4876 5770/5770/4875
f 5737/5737/4842 5774/5774/4879 5771/5771/4876
f 5737/5737/4842 5771/5771/4876 5773/5773/4878
f 5742/5742/4847 5772/5772/4877 5771/5771/4876
f 5742/5742/4847 5771/5771/4876 5774/5774/4879
f 5718/5718/4823 5775/5775/4880 5776/5776/4881
f 5718/5718/4823 5776/5776/4881 5777/5777/4882
f 5731/5731/4836 5778/5778/4883 5776/5776/4881
f 5731/5731/4836 5776/5776/4881 5775/5775/4880
f 5709/5709/4814 5779/5779/4884 5776/5776/4881
f 5709/5709/4814 5776/5776/4881 5778/5778/4883
f 5738/5738/4843 5777/5777/4882 5776/5776/4881
f 5738/5738/4843 5776/5776/4881 5779/5779/4884
f 5711/5711/4816 5710/5710/4815 5762/5762/4867
f 5711/5711/4816 5762/5762/4867 5780/5780/4885
f 5780/5780/4885 5762/5762/4867 5725/5725/4830
f 5780/5780/4885 5725/5725/4830 5724/5724/4829
f 5723/5723/4828 5722/5722/4827 5767/5767/4872
f 5723/5723/4828 5767/5767/4872 5764/5764/4869
f 5764/5764/4869 5767/5767/4872 5726/5726/4831
f 5764/5764/4869 5726/5726/4831 5725/5725/4830
f 5741/5741/4846 5740/5740/4845 5781/5781/4886
f 5741/5741/4846 5781/5781/4886 5769/5769/4874
f 5769/5769/4874 5781/5781/4886 5727/5727/4832
f 5769/5769/4874 5727/5727/4832 5726/5726/4831
f 5715/5715/4820 5714/5714/4819 5772/5772/4877
f 5715/5715/4820 5772/5772/4877 5768/5768/4873
f 5768/5768/4873 5772/5772/4877 5742/5742/4847
f 5768/5768/4873 5742/5742/4847 5741/5741/4846
f 5737/5737/4842 5736/5736/4841 5782/5782/4887
f 5737/5737/4842 5782/5782/4887 5774/5774/4879
f 5774/5774/4879 5782/5782/4887 5743/5743/4848
f 5774/5774/4879 5743/5743/4848 5742/5742/4847
f 5719/5719/4824 5718/5718/4823 5777/5777/4882
f 5719/5719/4824 5777/5777/4882 5773/5773/4878
f 5773/5773/4878 5777/5777/4882 5738/5738/4843
f 5773/5773/4878 5738/5738/4843 5737/5737/4842
f 5709/5709/4814 5708/5708/4813 5783/5783/4888
f 5709/5709/4814 5783/5783/4888 5779/5779/4884
f 5779/5779/4884 5783/5783/4888 5739/5739/4844
f 5779/5779/4884 5739/5739/4844 5738/5738/4843
f 5731/5731/4836 5730/5730/4835 5760/5760/4865
f 5731/5731/4836 5760/5760/4865 5778/5778/4883
f 5778/5778/4883 5760/5760/4865 5710/5710/4815
f 5778/5778/4883 5710/5710/4815 5709/5709/4814
f 5734/5734/4839 5733/5733/4838 5748/5748/4853
f 5734/5734/4839 5748/5748/4853 5746/5746/4851
f 5746/5746/4851 5748/5748/4853 5721/5721/4826
f 5746/5746/4851 5721/5721/4826 5720/5720/4825
f 5733/5733/4838 5732/5732/4837 5756/5756/4861
f 5733/5733/4838 5756/5756/4861 5751/5751/4856
f 5751/5751/4856 5756/5756/4861 5713/5713/4818
f 5751/5751/4856 5713/5713/4818 5712/5712/4817
f 5732/5732/4837 5735/5735/4840 5752/5752/4857
f 5732/5732/4837 5752/5752/4857 5759/5759/4864
f 5759/5759/4864 5752/5752/4857 5717/5717/4822
f 5759/5759/4864 5717/5717/4822 5716/5716/4821
f 5735/5735/4840 5734/5734/4839 5747/5747/4852
f 5735/5735/4840 5747/5747/4852 5755/5755/4860
f 5755/5755/4860 5747/5747/4852 5729/5729/4834
f 5755/5755/4860 5729/5729/4834 5728/5728/4833
f 5730/5730/4835 5729/5729/4834 5744/5744/4849
f 5730/5730/4835 5744/5744/4849 5763/5763/4868
f 5763/5763/4868 5744/5744/4849 5720/5720/4825
f 5763/5763/4868 5720/5720/4825 5723/5723/4828
f 5712/5712/4817 5715/5715/4820 5765/5765/4870
f 5712/5712/4817 5765/5765/4870 5750/5750/4855
f 5750/5750/4855 5765/5765/4870 5722/5722/4827
f 5750/5750/4855 5722/5722/4827 5721/5721/4826
f 5716/5716/4821 5719/5719/4824 5770/5770/4875
f 5716/5716/4821 5770/5770/4875 5758/5758/4863
f 5758/5758/4863 5770/5770/4875 5714/5714/4819
f 5758/5758/4863 5714/5714/4819 5713/5713/4818
f 5728/5728/4833 5731/5731/4836 5775/5775/4880
f 5728/5728/4833 5775/5775/4880 5754/5754/4859
f 5754/5754/4859 5775/5775/4880 5718/5718/4823
f 5754/5754/4859 5718/5718/4823 5717/5717/4822
f 5784/5784/4889 5785/5785/4814 5786/5786/4815
f 5784/5784/4889 5786/5786/4815 5787/5787/4890
f 5788/5788/4817 5789/5789/4818 5790/5790/4819
f 5788/5788/4817 5790/5790/4819 5791/5791/4820
f 5792/5792/4821 5793/5793/4822 5794/5794/4823
f 5792/5792/4821 5794/5794/4823 5795/5795/4824
f 5796/5796/4825 5797/5797/4826 5798/5798/4827
f 5796/5796/4825 5798/5798/4827 5799/5799/4828
f 5800/5800/4891 5801/5801/4830 5802/5802/4831
f 5800/5800/4891 5802/5802/4831 5803/5803/4832
f 5804/5804/4833 5805/5805/4834 5806/5806/4835
f 5804/5804/4833 5806/5806/4835 5807/5807/4836
f 5808/5808/4837 5809/5809/4838 5810/5810/4839
f 5808/5808/4837 5810/5810/4839 5811/5811/4840
f 5812/5812/4892 5813/5813/4842 5814/5814/4843
f 5812/5812/4892 5814/5814/4843 5815/5815/4844
f 5816/5816/4893 5817/5817/4846 5818/5818/4894
f 5816/5816/4893 5818/5818/4894 5819/5819/4848
f 5796/5796/4825 5820/5820/4849 5821/5821/4850
f 5796/5796/4825 5821/5821/4850 5822/5822/4851
f 5805/5805/4834 5823/5823/4852 5821/5821/4850
f 5805/5805/4834 5821/5821/4850 5820/5820/4849
f 5810/5810/4839 5822/5822/4851 5821/5821/4850
f 5810/5810/4839 5821/5821/4850 5823/5823/4852
f 5797/5797/4826 5824/5824/4853 5825/5825/4854
f 5797/5797/4826 5825/5825/4854 5826/5826/4855
f 5809/5809/4838 5827/5827/4856 5825/5825/4854
f 5809/5809/4838 5825/5825/4854 5824/5824/4853
f 5788/5788/4817 5826/5826/4855 5825/5825/4854
f 5788/5788/4817 5825/5825/4854 5827/5827/4856
f 5793/5793/4822 5828/5828/4857 5829/5829/4858
f 5793/5793/4822 5829/5829/4858 5830/5830/4859
f 5811/5811/4840 5831/5831/4860 5829/5829/4858
f 5811/5811/4840 5829/5829/4858 5828/5828/4857
f 5804/5804/4833 5830/5830/4859 5829/5829/4858
f 5804/5804/4833 5829/5829/4858 5831/5831/4860
f 5789/5789/4818 5832/5832/4861 5833/5833/4895
f 5789/5789/4818 5833/5833/4895 5834/5834/4863
f 5808/5808/4837 5835/5835/4864 5833/5833/4895
f 5808/5808/4837 5833/5833/4895 5832/5832/4861
f 5792/5792/4821 5834/5834/4863 5833/5833/4895
f 5792/5792/4821 5833/5833/4895 5835/5835/4864
f 5786/5786/4815 5836/5836/4865 5837/5837/4866
f 5786/5786/4815 5837/5837/4866 5838/5838/4896
f 5806/5806/4835 5839/5839/4897 5837/5837/4866
f 5806/5806/4835 5837/5837/4866 5836/5836/4865
f 5799/5799/4828 5840/5840/4869 5837/5837/4866
f 5799/5799/4828 5837/5837/4866 5839/5839/4897
f 5801/5801/4830 5838/5838/4896 5837/5837/4866
f 5801/5801/4830 5837/5837/4866 5840/5840/4869
f 5798/5798/4827 5841/5841/4898 5842/5842/4871
f 5798/5798/4827 5842/5842/4871 5843/5843/4872
f 5791/5791/4820 5844/5844/4899 5842/5842/4871
f 5791/5791/4820 5842/5842/4871 5841/5841/4898
f 5817/5817/4846 5845/5845/4874 5842/5842/4871
f 5817/5817/4846 5842/5842/4871 5844/5844/4899
f 5802/5802/4831 5843/5843/4872 5842/5842/4871
f 5802/5802/4831 5842/5842/4871 5845/5845/4874
f 5790/5790/4819 5846/5846/4875 5847/5847/4876
f 5790/5790/4819 5847/5847/4876 5848/5848/4900
f 5795/5795/4824 5849/5849/4878 5847/5847/4876
f 5795/5795/4824 5847/5847/4876 5846/5846/4875
f 5813/5813/4842 5850/5850/4879 5847/5847/4876
f 5813/5813/4842 5847/5847/4876 5849/5849/4878
f 5818/5818/4894 5848/5848/4900 5847/5847/4876
f 5818/5818/4894 5847/5847/4876 5850/5850/4879
f 5794/5794/4823 5851/5851/4880 5852/5852/4881
f 5794/5794/4823 5852/5852/4881 5853/5853/4882
f 5807/5807/4836 5854/5854/4883 5852/5852/4881
f 5807/5807/4836 5852/5852/4881 5851/5851/4880
f 5785/5785/4814 5855/5855/4884 5852/5852/4881
f 5785/5785/4814 5852/5852/4881 5854/5854/4883
f 5814/5814/4843 5853/5853/4882 5852/5852/4881
f 5814/5814/4843 5852/5852/4881 5855/5855/4884
f 5787/5787/4890 5786/5786/4815 5838/5838/4896
f 5787/5787/4890 5838/5838/4896 5856/5856/4885
f 5856/5856/4885 5838/5838/4896 5801/5801/4830
f 5856/5856/4885 5801/5801/4830 5800/5800/4891
f 5799/5799/4828 5798/5798/4827 5843/5843/4872
f 5799/5799/4828 5843/5843/4872 5840/5840/4869
f 5840/5840/4869 5843/5843/4872 5802/5802/4831
f 5840/5840/4869 5802/5802/4831 5801/5801/4830
f 5817/5817/4846 5816/5816/4893 5857/5857/4886
f 5817/5817/4846 5857/5857/4886 5845/5845/4874
f 5845/5845/4874 5857/5857/4886 5803/5803/4832
f 5845/5845/4874 5803/5803/4832 5802/5802/4831
f 5791/5791/4820 5790/5790/4819 5848/5848/4900
f 5791/5791/4820 5848/5848/4900 5844/5844/4899
f 5844/5844/4899 5848/5848/4900 5818/5818/4894
f 5844/5844/4899 5818/5818/4894 5817/5817/4846
f 5813/5813/4842 5812/5812/4892 5858/5858/4887
f 5813/5813/4842 5858/5858/4887 5850/5850/4879
f 5850/5850/4879 5858/5858/4887 5819/5819/4848
f 5850/5850/4879 5819/5819/4848 5818/5818/4894
f 5795/5795/4824 5794/5794/4823 5853/5853/4882
f 5795/5795/4824 5853/5853/4882 5849/5849/4878
f 5849/5849/4878 5853/5853/4882 5814/5814/4843
f 5849/5849/4878 5814/5814/4843 5813/5813/4842
f 5785/5785/4814 5784/5784/4889 5859/5859/4888
f 5785/5785/4814 5859/5859/4888 5855/5855/4884
f 5855/5855/4884 5859/5859/4888 5815/5815/4844
f 5855/5855/4884 5815/5815/4844 5814/5814/4843
f 5807/5807/4836 5806/5806/4835 5836/5836/4865
f 5807/5807/4836 5836/5836/4865 5854/5854/4883
f 5854/5854/4883 5836/5836/4865 5786/5786/4815
f 5854/5854/4883 5786/5786/4815 5785/5785/4814
f 5810/5810/4839 5809/5809/4838 5824/5824/4853
f 5810/5810/4839 5824/5824/4853 5822/5822/4851
f 5822/5822/4851 5824/5824/4853 5797/5797/4826
f 5822/5822/4851 5797/5797/4826 5796/5796/4825
f 5809/5809/4838 5808/5808/4837 5832/5832/4861
f 5809/5809/4838 5832/5832/4861 5827/5827/4856
f 5827/5827/4856 5832/5832/4861 5789/5789/4818
f 5827/5827/4856 5789/5789/4818 5788/5788/4817
f 5808/5808/4837 5811/5811/4840 5828/5828/4857
f 5808/5808/4837 5828/5828/4857 5835/5835/4864
f 5835/5835/4864 5828/5828/4857 5793/5793/4822
f 5835/5835/4864 5793/5793/4822 5792/5792/4821
f 5811/5811/4840 5810/5810/4839 5823/5823/4852
f 5811/5811/4840 5823/5823/4852 5831/5831/4860
f 5831/5831/4860 5823/5823/4852 5805/5805/4834
f 5831/5831/4860 5805/5805/4834 5804/5804/4833
f 5806/5806/4835 5805/5805/4834 5820/5820/4849
f 5806/5806/4835 5820/5820/4849 5839/5839/4897
f 5839/5839/4897 5820/5820/4849 5796/5796/4825
f 5839/5839/4897 5796/5796/4825 5799/5799/4828
f 5788/5788/4817 5791/5791/4820 5841/5841/4898
f 5788/5788/4817 5841/5841/4898 5826/5826/4855
f 5826/5826/4855 5841/5841/4898 5798/5798/4827
f 5826/5826/4855 5798/5798/4827 5797/5797/4826
f 5792/5792/4821 5795/5795/4824 5846/5846/4875
f 5792/5792/4821 5846/5846/4875 5834/5834/4863
f 5834/5834/4863 5846/5846/4875 5790/5790/4819
f 5834/5834/4863 5790/5790/4819 5789/5789/4818
f 5804/5804/4833 5807/5807/4836 5851/5851/4880
f 5804/5804/4833 5851/5851/4880 5830/5830/4859
f 5830/5830/4859 5851/5851/4880 5794/5794/4823
f 5830/5830/4859 5794/5794/4823 5793/5793/4822
f 5860/5860/4890 5861/5861/4889 5862/5862/4814
f 5860/5860/4890 5862/5862/4814 5863/5863/4815
f 5864/5864/4818 5865/5865/4901 5866/5866/4902
f 5864/5864/4818 5866/5866/4902 5867/5867/4817
f 5868/5868/4826 5869/5869/4827 5870/5870/4903
f 5868/5868/4826 5870/5870/4903 5871/5871/4825
f 5872/5872/4822 5873/5873/4904 5874/5874/4824
f 5872/5872/4822 5874/5874/4824 5875/5875/4821
f 5876/5876/4905 5877/5877/4906 5878/5878/4907
f 5876/5876/4905 5878/5878/4907 5879/5879/4843
f 5880/5880/4834 5881/5881/4835 5882/5882/4836
f 5880/5880/4834 5882/5882/4836 5883/5883/4833
f 5884/5884/4908 5885/5885/4839 5886/5886/4840
f 5884/5884/4908 5886/5886/4840 5887/5887/4837
f 5888/5888/4832 5889/5889/4909 5890/5890/4910
f 5888/5888/4832 5890/5890/4910 5891/5891/4831
f 5892/5892/4848 5893/5893/4911 5894/5894/4846
f 5892/5892/4848 5894/5894/4846 5895/5895/4912
f 5872/5872/4822 5896/5896/4857 5897/5897/4913
f 5872/5872/4822 5897/5897/4913 5898/5898/4859
f 5883/5883/4833 5898/5898/4859 5897/5897/4913
f 5883/5883/4833 5897/5897/4913 5899/5899/4860
f 5886/5886/4840 5899/5899/4860 5897/5897/4913
f 5886/5886/4840 5897/5897/4913 5896/5896/4857
f 5875/5875/4821 5900/5900/4863 5901/5901/4895
f 5875/5875/4821 5901/5901/4895 5902/5902/4864
f 5887/5887/4837 5902/5902/4864 5901/5901/4895
f 5887/5887/4837 5901/5901/4895 5903/5903/4861
f 5864/5864/4818 5903/5903/4861 5901/5901/4895
f 5864/5864/4818 5901/5901/4895 5900/5900/4863
f 5871/5871/4825 5904/5904/4914 5905/5905/4850
f 5871/5871/4825 5905/5905/4850 5906/5906/4915
f 5885/5885/4839 5906/5906/4915 5905/5905/4850
f 5885/5885/4839 5905/5905/4850 5907/5907/4852
f 5880/5880/4834 5907/5907/4852 5905/5905/4850
f 5880/5880/4834 5905/5905/4850 5904/5904/4914
f 5867/5867/4817 5908/5908/4855 5909/5909/4854
f 5867/5867/4817 5909/5909/4854 5910/5910/4856
f 5884/5884/4908 5910/5910/4856 5909/5909/4854
f 5884/5884/4908 5909/5909/4854 5911/5911/4853
f 5868/5868/4826 5911/5911/4853 5909/5909/4854
f 5868/5868/4826 5909/5909/4854 5908/5908/4855
f 5862/5862/4814 5912/5912/4884 5913/5913/4916
f 5862/5862/4814 5913/5913/4916 5914/5914/4917
f 5882/5882/4836 5914/5914/4917 5913/5913/4916
f 5882/5882/4836 5913/5913/4916 5915/5915/4918
f 5873/5873/4904 5915/5915/4918 5913/5913/4916
f 5873/5873/4904 5913/5913/4916 5916/5916/4882
f 5879/5879/4843 5916/5916/4882 5913/5913/4916
f 5879/5879/4843 5913/5913/4916 5912/5912/4884
f 5874/5874/4824 5917/5917/4878 5918/5918/4919
f 5874/5874/4824 5918/5918/4919 5919/5919/4875
f 5865/5865/4901 5919/5919/4875 5918/5918/4919
f 5865/5865/4901 5918/5918/4919 5920/5920/4920
f 5895/5895/4912 5920/5920/4920 5918/5918/4919
f 5895/5895/4912 5918/5918/4919 5921/5921/4921
f 5878/5878/4907 5921/5921/4921 5918/5918/4919
f 5878/5878/4907 5918/5918/4919 5917/5917/4878
f 5866/5866/4902 5922/5922/4873 5923/5923/4871
f 5866/5866/4902 5923/5923/4871 5924/5924/4898
f 5869/5869/4827 5924/5924/4898 5923/5923/4871
f 5869/5869/4827 5923/5923/4871 5925/5925/4922
f 5891/5891/4831 5925/5925/4922 5923/5923/4871
f 5891/5891/4831 5923/5923/4871 5926/5926/4874
f 5894/5894/4846 5926/5926/4874 5923/5923/4871
f 5894/5894/4846 5923/5923/4871 5922/5922/4873
f 5870/5870/4903 5927/5927/4869 5928/5928/4866
f 5870/5870/4903 5928/5928/4866 5929/5929/4897
f 5881/5881/4835 5929/5929/4897 5928/5928/4866
f 5881/5881/4835 5928/5928/4866 5930/5930/4923
f 5863/5863/4815 5930/5930/4923 5928/5928/4866
f 5863/5863/4815 5928/5928/4866 5931/5931/4867
f 5890/5890/4910 5931/5931/4867 5928/5928/4866
f 5890/5890/4910 5928/5928/4866 5927/5927/4869
f 5861/5861/4889 5932/5932/4924 5912/5912/4884
f 5861/5861/4889 5912/5912/4884 5862/5862/4814
f 5932/5932/4924 5876/5876/4905 5879/5879/4843
f 5932/5932/4924 5879/5879/4843 5912/5912/4884
f 5873/5873/4904 5916/5916/4882 5917/5917/4878
f 5873/5873/4904 5917/5917/4878 5874/5874/4824
f 5916/5916/4882 5879/5879/4843 5878/5878/4907
f 5916/5916/4882 5878/5878/4907 5917/5917/4878
f 5895/5895/4912 5921/5921/4921 5933/5933/4887
f 5895/5895/4912 5933/5933/4887 5892/5892/4848
f 5921/5921/4921 5878/5878/4907 5877/5877/4906
f 5921/5921/4921 5877/5877/4906 5933/5933/4887
f 5865/5865/4901 5920/5920/4920 5922/5922/4873
f 5865/5865/4901 5922/5922/4873 5866/5866/4902
f 5920/5920/4920 5895/5895/4912 5894/5894/4846
f 5920/5920/4920 5894/5894/4846 5922/5922/4873
f 5891/5891/4831 5926/5926/4874 5934/5934/4886
f 5891/5891/4831 5934/5934/4886 5888/5888/4832
f 5926/5926/4874 5894/5894/4846 5893/5893/4911
f 5926/5926/4874 5893/5893/4911 5934/5934/4886
f 5869/5869/4827 5925/5925/4922 5927/5927/4869
f 5869/5869/4827 5927/5927/4869 5870/5870/4903
f 5925/5925/4922 5891/5891/4831 5890/5890/4910
f 5925/5925/4922 5890/5890/4910 5927/5927/4869
f 5863/5863/4815 5931/5931/4867 5935/5935/4885
f 5863/5863/4815 5935/5935/4885 5860/5860/4890
f 5931/5931/4867 5890/5890/4910 5889/5889/4909
f 5931/5931/4867 5889/5889/4909 5935/5935/4885
f 5881/5881/4835 5930/5930/4923 5914/5914/4917
f 5881/5881/4835 5914/5914/4917 5882/5882/4836
f 5930/5930/4923 5863/5863/4815 5862/5862/4814
f 5930/5930/4923 5862/5862/4814 5914/5914/4917
f 5886/5886/4840 5896/5896/4857 5902/5902/4864
f 5886/5886/4840 5902/5902/4864 5887/5887/4837
f 5896/5896/4857 5872/5872/4822 5875/5875/4821
f 5896/5896/4857 5875/5875/4821 5902/5902/4864
f 5887/5887/4837 5903/5903/4861 5910/5910/4856
f 5887/5887/4837 5910/5910/4856 5884/5884/4908
f 5903/5903/4861 5864/5864/4818 5867/5867/4817
f 5903/5903/4861 5867/5867/4817 5910/5910/4856
f 5884/5884/4908 5911/5911/4853 5906/5906/4915
f 5884/5884/4908 5906/5906/4915 5885/5885/4839
f 5911/5911/4853 5868/5868/4826 5871/5871/4825
f 5911/5911/4853 5871/5871/4825 5906/5906/4915
f 5885/5885/4839 5907/5907/4852 5899/5899/4860
f 5885/5885/4839 5899/5899/4860 5886/5886/4840
f 5907/5907/4852 5880/5880/4834 5883/5883/4833
f 5907/5907/4852 5883/5883/4833 5899/5899/4860
f 5882/5882/4836 5915/5915/4918 5898/5898/4859
f 5882/5882/4836 5898/5898/4859 5883/5883/4833
f 5915/5915/4918 5873/5873/4904 5872/5872/4822
f 5915/5915/4918 5872/5872/4822 5898/5898/4859
f 5864/5864/4818 5900/5900/4863 5919/5919/4875
f 5864/5864/4818 5919/5919/4875 5865/5865/4901
f 5900/5900/4863 5875/5875/4821 5874/5874/4824
f 5900/5900/4863 5874/5874/4824 5919/5919/4875
f 5868/5868/4826 5908/5908/4855 5924/5924/4898
f 5868/5868/4826 5924/5924/4898 5869/5869/4827
f 5908/5908/4855 5867/5867/4817 5866/5866/4902
f 5908/5908/4855 5866/5866/4902 5924/5924/4898
f 5880/5880/4834 5904/5904/4914 5929/5929/4897
f 5880/5880/4834 5929/5929/4897 5881/5881/4835
f 5904/5904/4914 5871/5871/4825 5870/5870/4903
f 5904/5904/4914 5870/5870/4903 5929/5929/4897
f 5936/5936/4890 5937/5937/4889 5938/5938/4814
f 5936/5936/4890 5938/5938/4814 5939/5939/4815
f 5940/5940/4818 5941/5941/4901 5942/5942/4820
f 5940/5940/4818 5942/5942/4820 5943/5943/4817
f 5944/5944/4826 5945/5945/4827 5946/5946/4903
f 5944/5944/4826 5946/5946/4903 5947/5947/4825
f 5948/5948/4822 5949/5949/4904 5950/5950/4824
f 5948/5948/4822 5950/5950/4824 5951/5951/4821
f 5952/5952/4905 5953/5953/4925 5954/5954/4907
f 5952/5952/4905 5954/5954/4907 5955/5955/4926
f 5956/5956/4834 5957/5957/4835 5958/5958/4836
f 5956/5956/4834 5958/5958/4836 5959/5959/4833
f 5960/5960/4908 5961/5961/4927 5962/5962/4840
f 5960/5960/4908 5962/5962/4840 5963/5963/4837
f 5964/5964/4832 5965/5965/4909 5966/5966/4910
f 5964/5964/4832 5966/5966/4910 5967/5967/4831
f 5968/5968/4848 5969/5969/4928 5970/5970/4846
f 5968/5968/4848 5970/5970/4846 5971/5971/4894
f 5948/5948/4822 5972/5972/4857 5973/5973/4913
f 5948/5948/4822 5973/5973/4913 5974/5974/4929
f 5959/5959/4833 5974/5974/4929 5973/5973/4913
f 5959/5959/4833 5973/5973/4913 5975/5975/4860
f 5962/5962/4840 5975/5975/4860 5973/5973/4913
f 5962/5962/4840 5973/5973/4913 5972/5972/4857
f 5951/5951/4821 5976/5976/4863 5977/5977/4895
f 5951/5951/4821 5977/5977/4895 5978/5978/4864
f 5963/5963/4837 5978/5978/4864 5977/5977/4895
f 5963/5963/4837 5977/5977/4895 5979/5979/4861
f 5940/5940/4818 5979/5979/4861 5977/5977/4895
f 5940/5940/4818 5977/5977/4895 5976/5976/4863
f 5947/5947/4825 5980/5980/4914 5981/5981/4850
f 5947/5947/4825 5981/5981/4850 5982/5982/4915
f 5961/5961/4927 5982/5982/4915 5981/5981/4850
f 5961/5961/4927 5981/5981/4850 5983/5983/4852
f 5956/5956/4834 5983/5983/4852 5981/5981/4850
f 5956/5956/4834 5981/5981/4850 5980/5980/4914
f 5943/5943/4817 5984/5984/4855 5985/5985/4930
f 5943/5943/4817 5985/5985/4930 5986/5986/4856
f 5960/5960/4908 5986/5986/4856 5985/5985/4930
f 5960/5960/4908 5985/5985/4930 5987/5987/4853
f 5944/5944/4826 5987/5987/4853 5985/5985/4930
f 5944/5944/4826 5985/5985/4930 5984/5984/4855
f 5938/5938/4814 5988/5988/4884 5989/5989/4916
f 5938/5938/4814 5989/5989/4916 5990/5990/4931
f 5958/5958/4836 5990/5990/4931 5989/5989/4916
f 5958/5958/4836 5989/5989/4916 5991/5991/4918
f 5949/5949/4904 5991/5991/4918 5989/5989/4916
f 5949/5949/4904 5989/5989/4916 5992/5992/4882
f 5955/5955/4926 5992/5992/4882 5989/5989/4916
f 5955/5955/4926 5989/5989/4916 5988/5988/4884
f 5950/5950/4824 5993/5993/4878 5994/5994/4876
f 5950/5950/4824 5994/5994/4876 5995/5995/4932
f 5941/5941/4901 5995/5995/4932 5994/5994/4876
f 5941/5941/4901 5994/5994/4876 5996/5996/4920
f 5971/5971/4894 5996/5996/4920 5994/5994/4876
f 5971/5971/4894 5994/5994/4876 5997/5997/4921
f 5954/5954/4907 5997/5997/4921 5994/5994/4876
f 5954/5954/4907 5994/5994/4876 5993/5993/4878
f 5942/5942/4820 5998/5998/4933 5999/5999/4934
f 5942/5942/4820 5999/5999/4934 6000/6000/4935
f 5945/5945/4827 6000/6000/4935 5999/5999/4934
f 5945/5945/4827 5999/5999/4934 6001/6001/4922
f 5967/5967/4831 6001/6001/4922 5999/5999/4934
f 5967/5967/4831 5999/5999/4934 6002/6002/4874
f 5970/5970/4846 6002/6002/4874 5999/5999/4934
f 5970/5970/4846 5999/5999/4934 5998/5998/4933
f 5946/5946/4903 6003/6003/4869 6004/6004/4936
f 5946/5946/4903 6004/6004/4936 6005/6005/4897
f 5957/5957/4835 6005/6005/4897 6004/6004/4936
f 5957/5957/4835 6004/6004/4936 6006/6006/4923
f 5939/5939/4815 6006/6006/4923 6004/6004/4936
f 5939/5939/4815 6004/6004/4936 6007/6007/4867
f 5966/5966/4910 6007/6007/4867 6004/6004/4936
f 5966/5966/4910 6004/6004/4936 6003/6003/4869
f 5937/5937/4889 6008/6008/4924 5988/5988/4884
f 5937/5937/4889 5988/5988/4884 5938/5938/4814
f 6008/6008/4924 5952/5952/4905 5955/5955/4926
f 6008/6008/4924 5955/5955/4926 5988/5988/4884
f 5949/5949/4904 5992/5992/4882 5993/5993/4878
f 5949/5949/4904 5993/5993/4878 5950/5950/4824
f 5992/5992/4882 5955/5955/4926 5954/5954/4907
f 5992/5992/4882 5954/5954/4907 5993/5993/4878
f 5971/5971/4894 5997/5997/4921 6009/6009/4887
f 5971/5971/4894 6009/6009/4887 5968/5968/4848
f 5997/5997/4921 5954/5954/4907 5953/5953/4925
f 5997/5997/4921 5953/5953/4925 6009/6009/4887
f 5941/5941/4901 5996/5996/4920 5998/5998/4933
f 5941/5941/4901 5998/5998/4933 5942/5942/4820
f 5996/5996/4920 5971/5971/4894 5970/5970/4846
f 5996/5996/4920 5970/5970/4846 5998/5998/4933
f 5967/5967/4831 6002/6002/4874 6010/6010/4937
f 5967/5967/4831 6010/6010/4937 5964/5964/4832
f 6002/6002/4874 5970/5970/4846 5969/5969/4928
f 6002/6002/4874 5969/5969/4928 6010/6010/4937
f 5945/5945/4827 6001/6001/4922 6003/6003/4869
f 5945/5945/4827 6003/6003/4869 5946/5946/4903
f 6001/6001/4922 5967/5967/4831 5966/5966/4910
f 6001/6001/4922 5966/5966/4910 6003/6003/4869
f 5939/5939/4815 6007/6007/4867 6011/6011/4885
f 5939/5939/4815 6011/6011/4885 5936/5936/4890
f 6007/6007/4867 5966/5966/4910 5965/5965/4909
f 6007/6007/4867 5965/5965/4909 6011/6011/4885
f 5957/5957/4835 6006/6006/4923 5990/5990/4931
f 5957/5957/4835 5990/5990/4931 5958/5958/4836
f 6006/6006/4923 5939/5939/4815 5938/5938/4814
f 6006/6006/4923 5938/5938/4814 5990/5990/4931
f 5962/5962/4840 5972/5972/4857 5978/5978/4864
f 5962/5962/4840 5978/5978/4864 5963/5963/4837
f 5972/5972/4857 5948/5948/4822 5951/5951/4821
f 5972/5972/4857 5951/5951/4821 5978/5978/4864
f 5963/5963/4837 5979/5979/4861 5986/5986/4856
f 5963/5963/4837 5986/5986/4856 5960/5960/4908
f 5979/5979/4861 5940/5940/4818 5943/5943/4817
f 5979/5979/4861 5943/5943/4817 5986/5986/4856
f 5960/5960/4908 5987/5987/4853 5982/5982/4915
f 5960/5960/4908 5982/5982/4915 5961/5961/4927
f 5987/5987/4853 5944/5944/4826 5947/5947/4825
f 5987/5987/4853 5947/5947/4825 5982/5982/4915
f 5961/5961/4927 5983/5983/4852 5975/5975/4860
f 5961/5961/4927 5975/5975/4860 5962/5962/4840
f 5983/5983/4852 5956/5956/4834 5959/5959/4833
f 5983/5983/4852 5959/5959/4833 5975/5975/4860
f 5958/5958/4836 5991/5991/4918 5974/5974/4929
f 5958/5958/4836 5974/5974/4929 5959/5959/4833
f 5991/5991/4918 5949/5949/4904 5948/5948/4822
f 5991/5991/4918 5948/5948/4822 5974/5974/4929
f 5940/5940/4818 5976/5976/4863 5995/5995/4932
f 5940/5940/4818 5995/5995/4932 5941/5941/4901
f 5976/5976/4863 5951/5951/4821 5950/5950/4824
f 5976/5976/4863 5950/5950/4824 5995/5995/4932
f 5944/5944/4826 5984/5984/4855 6000/6000/4935
f 5944/5944/4826 6000/6000/4935 5945/5945/4827
f 5984/5984/4855 5943/5943/4817 5942/5942/4820
f 5984/5984/4855 5942/5942/4820 6000/6000/4935
f 5956/5956/4834 5980/5980/4914 6005/6005/4897
f 5956/5956/4834 6005/6005/4897 5957/5957/4835
f 5980/5980/4914 5947/5947/4825 5946/5946/4903
f 5980/5980/4914 5946/5946/4903 6005/6005/4897
s 0
f 6013/6012/4938 6023/6013/4938 6012/6014/4938
f 6023/6013/4938 6013/6012/4938 6022/6015/4938
f 6022/6015/4938 6013/6012/4938 6014/6016/4938
f 6022/6015/4938 6014/6016/4938 6021/6017/4938
f 6021/6017/4938 6014/6016/4938 6015/6018/4938
f 6021/6017/4938 6015/6018/4938 6020/6019/4938
f 6020/6019/4938 6015/6018/4938 6016/6020/4938
f 6020/6019/4938 6016/6020/4938 6019/6021/4938
f 6019/6021/4938 6016/6020/4938 6017/6022/4938
f 6019/6021/4938 6017/6022/4938 6018/6023/4938
f 6025/6024/4938 6035/6025/4938 6024/6026/4938
f 6035/6025/4938 6025/6024/4938 6034/6027/4938
f 6034/6027/4938 6025/6024/4938 6026/6028/4938
f 6034/6027/4938 6026/6028/4938 6033/6029/4938
f 6033/6029/4938 6026/6028/4938 6027/6030/4938
f 6033/6029/4938 6027/6030/4938 6032/6031/4938
f 6032/6031/4938 6027/6030/4938 6028/6032/4938
f 6032/6031/4938 6028/6032/4938 6031/6033/4938
f 6031/6033/4938 6028/6032/4938 6029/6034/4938
f 6031/6033/4938 6029/6034/4938 6030/6035/4938
f 6044/6036/4938 6042/6037/4938 6043/6038/4938
f 6042/6037/4938 6044/6036/4938 6041/6039/4938
f 6041/6039/4938 6044/6036/4938 6045/6040/4938
f 6041/6039/4938 6045/6040/4938 6040/6041/4938
f 6040/6041/4938 6045/6040/4938 6046/6042/4938
f 6040/6041/4938 6046/6042/4938 6039/6043/4938
f 6039/6043/4938 6046/6042/4938 6047/6044/4938
f 6039/6043/4938 6047/6044/4938 6038/6045/4938
f 6038/6045/4938 6047/6044/4938 6036/6046/4938
f 6038/6045/4938 6036/6046/4938 6037/6047/4938
f 6056/6048/4938 6054/6049/4938 6055/6050/4938
f 6054/6049/4938 6056/6048/4938 6053/6051/4938
f 6053/6051/4938 6056/6048/4938 6057/6052/4938
f 6053/6051/4938 6057/6052/4938 6052/6053/4938
f 6052/6053/4938 6057/6052/4938 6058/6054/4938
f 6052/6053/4938 6058/6054/4938 6051/6055/4938
f 6051/6055/4938 6058/6054/4938 6059/6056/4938
f 6051/6055/4938 6059/6056/4938 6050/6057/4938
f 6050/6057/4938 6059/6056/4938 6048/6058/4938
f 6050/6057/4938 6048/6058/4938 6049/6059/4938
