# Blender 5.1.1
# www.blender.org
mtllib Prichal.mtl
o Plane.006
v -4.936956 1.074124 4.329198
v -5.411103 1.074124 3.509597
v -5.219853 1.074124 3.945120
v -3.952510 1.074124 4.953966
v -4.786454 1.074124 4.479700
v -4.400282 1.074124 4.760525
v -5.466968 1.074124 3.301107
v -5.592419 1.074124 2.345218
v -5.555675 1.074124 2.827203
v -2.782808 1.074124 5.130076
v -3.773504 1.074124 5.001930
v -3.285240 1.074124 5.092543
v -2.783889 0.000000 5.130076
v -3.773105 0.000000 5.002038
v -3.285440 0.000000 5.092574
v -5.466971 0.000000 3.301094
v -5.592419 0.000000 2.345346
v -5.555676 0.000000 2.827236
v -3.953413 0.000000 4.953724
v -4.786449 0.000000 4.479704
v -4.400545 0.000000 4.760455
v -4.937157 0.000000 4.328998
v -5.411061 0.000000 3.509753
v -5.219899 0.000000 3.945107
v 5.592419 0.000000 2.345347
v 5.466971 0.000000 3.301094
v 5.555676 0.000000 2.827236
v 3.773105 0.000000 5.002038
v 2.783889 0.000000 5.130076
v 3.285440 0.000000 5.092574
v 5.411061 0.000000 3.509753
v 4.937157 0.000000 4.328998
v 5.219899 0.000000 3.945107
v 4.786449 0.000000 4.479704
v 3.953413 0.000000 4.953724
v 4.400545 0.000000 4.760455
v -3.773105 0.000000 -0.871962
v -2.783889 0.000000 -1.000000
v -3.285440 0.000000 -0.962498
v -5.592419 0.000000 1.784729
v -5.466971 0.000000 0.828982
v -5.555676 0.000000 1.302840
v -4.786449 0.000000 -0.349629
v -3.953413 0.000000 -0.823648
v -4.400545 0.000000 -0.630380
v -5.411061 0.000000 0.620323
v -4.937157 0.000000 -0.198922
v -5.219899 0.000000 0.184969
v 2.783889 0.000000 -1.000000
v 3.773105 0.000000 -0.871962
v 3.285440 0.000000 -0.962498
v 5.466971 0.000000 0.828982
v 5.592419 0.000000 1.784729
v 5.555676 0.000000 1.302840
v 3.953413 0.000000 -0.823648
v 4.786449 0.000000 -0.349629
v 4.400545 0.000000 -0.630380
v 4.937157 0.000000 -0.198921
v 5.411061 0.000000 0.620323
v 5.219899 0.000000 0.184969
v 5.592419 1.074124 2.345218
v 5.466968 1.074124 3.301107
v 5.555675 1.074124 2.827203
v 3.773504 1.074124 5.001930
v 2.782808 1.074124 5.130076
v 3.285240 1.074124 5.092543
v 5.411103 1.074124 3.509597
v 4.936956 1.074124 4.329198
v 5.219853 1.074124 3.945120
v 4.786454 1.074124 4.479700
v 3.952510 1.074124 4.953966
v 4.400282 1.074124 4.760525
v -3.773504 1.074124 -0.871855
v -2.782808 1.074124 -1.000000
v -3.285240 1.074124 -0.962467
v -5.592419 1.074124 1.784858
v -5.466968 1.074124 0.828969
v -5.555675 1.074124 1.302873
v -4.786454 1.074124 -0.349624
v -3.952510 1.074124 -0.823890
v -4.400282 1.074124 -0.630449
v -5.411103 1.074124 0.620479
v -4.936956 1.074124 -0.199122
v -5.219853 1.074124 0.184956
v 2.782808 1.074124 -1.000000
v 3.773504 1.074124 -0.871855
v 3.285240 1.074124 -0.962467
v 5.466968 1.074124 0.828969
v 5.592419 1.074124 1.784858
v 5.555675 1.074124 1.302873
v 3.952510 1.074124 -0.823890
v 4.786454 1.074124 -0.349624
v 4.400282 1.074124 -0.630449
v 4.936956 1.074124 -0.199122
v 5.411103 1.074124 0.620479
v 5.219853 1.074124 0.184956
v -5.336379 1.074124 4.546655
v -5.799270 1.074124 3.720868
v -5.612854 1.074124 4.159021
v -4.285666 1.074124 5.264315
v -5.109966 1.074124 4.780891
v -4.729111 1.074124 5.066724
v -5.885644 1.074124 3.387377
v -6.007120 1.074124 2.430661
v -5.971540 1.074124 2.912888
v -3.027166 1.074124 5.471126
v -4.015280 1.074124 5.339268
v -3.528842 1.074124 5.432505
v 6.007120 1.074124 2.430661
v 5.885644 1.074124 3.387377
v 5.971540 1.074124 2.912888
v 4.015280 1.074124 5.339268
v 3.027165 1.074124 5.471126
v 3.528841 1.074124 5.432505
v 5.799270 1.074124 3.720868
v 5.336379 1.074124 4.546655
v 5.612854 1.074124 4.159021
v 5.109966 1.074124 4.780891
v 4.285666 1.074124 5.264315
v 4.729111 1.074124 5.066724
v -4.015280 1.074124 -1.209192
v -3.027166 1.074124 -1.341050
v -3.528842 1.074124 -1.302430
v -6.007120 1.074124 1.699415
v -5.885644 1.074124 0.742699
v -5.971540 1.074124 1.217188
v -5.109966 1.074124 -0.650815
v -4.285666 1.074124 -1.134239
v -4.729111 1.074124 -0.936648
v -5.799270 1.074124 0.409208
v -5.336379 1.074124 -0.416578
v -5.612854 1.074124 -0.028944
v 3.027165 1.074124 -1.341050
v 4.015280 1.074124 -1.209192
v 3.528841 1.074124 -1.302430
v 5.885644 1.074124 0.742699
v 6.007120 1.074124 1.699415
v 5.971540 1.074124 1.217188
v 4.285666 1.074124 -1.134239
v 5.109966 1.074124 -0.650815
v 4.729111 1.074124 -0.936648
v 5.336379 1.074124 -0.416578
v 5.799270 1.074124 0.409208
v 5.612854 1.074124 -0.028944
v -5.799221 1.673142 3.721060
v -5.336515 1.673142 4.546514
v -5.612880 1.673142 4.159035
v -5.109967 1.673142 4.780890
v -4.286472 1.673142 5.264091
v -4.729347 1.673142 5.066658
v -6.007120 1.673142 2.430789
v -5.885645 1.673142 3.387372
v -5.971540 1.673142 2.912924
v -4.014937 1.673142 5.339363
v -3.028246 1.673142 5.471126
v -3.529058 1.673142 5.432533
v 5.885645 1.673142 3.387372
v 6.007120 1.673142 2.430789
v 5.971540 1.673142 2.912924
v 3.028246 1.673142 5.471126
v 4.014937 1.673142 5.339363
v 3.529058 1.673142 5.432533
v 5.336515 1.673142 4.546514
v 5.799221 1.673142 3.721060
v 5.612880 1.673142 4.159035
v 4.286472 1.673142 5.264091
v 5.109967 1.673142 4.780890
v 4.729347 1.673142 5.066658
v -3.028246 1.673142 -1.341050
v -4.014937 1.673142 -1.209287
v -3.529058 1.673142 -1.302457
v -5.885645 1.673142 0.742704
v -6.007120 1.673142 1.699287
v -5.971540 1.673142 1.217152
v -4.286472 1.673142 -1.134015
v -5.109967 1.673142 -0.650814
v -4.729347 1.673142 -0.936582
v -5.336514 1.673142 -0.416438
v -5.799221 1.673142 0.409016
v -5.612879 1.673142 -0.028959
v 4.014937 1.673142 -1.209287
v 3.028246 1.673142 -1.341050
v 3.529058 1.673142 -1.302457
v 6.007120 1.673142 1.699287
v 5.885645 1.673142 0.742704
v 5.971540 1.673142 1.217152
v 5.109967 1.673142 -0.650814
v 4.286472 1.673142 -1.134015
v 4.729347 1.673142 -0.936582
v 5.799221 1.673142 0.409016
v 5.336514 1.673142 -0.416438
v 5.612879 1.673142 -0.028959
v -5.052526 1.673142 4.715817
v -4.685201 1.673142 4.991604
v -4.257137 1.673142 5.182435
v -3.995201 1.673142 5.255045
v -3.517550 1.673142 5.346638
v -3.024917 1.673142 5.384600
v 3.024917 1.673142 5.384600
v 3.517550 1.673142 5.346638
v 3.995201 1.673142 5.255045
v 4.257137 1.673142 5.182435
v 4.685201 1.673142 4.991604
v 5.052526 1.673142 4.715818
v 5.269818 1.673142 4.491018
v 5.536956 1.673142 4.116476
v 5.717076 1.673142 3.693121
v 5.801077 1.673142 3.368792
v 5.885585 1.673142 2.902002
v 5.920594 1.673142 2.427601
v 5.920594 1.673142 1.702475
v 5.885585 1.673142 1.228074
v 5.801077 1.673142 0.761284
v 5.717076 1.673142 0.436955
v 5.536955 1.673142 0.013600
v 5.269817 1.673142 -0.360942
v 5.052526 1.673142 -0.585742
v 4.685201 1.673142 -0.861527
v 4.257137 1.673142 -1.052359
v 3.995200 1.673142 -1.124970
v 3.517550 1.673142 -1.216562
v 3.024917 1.673142 -1.254524
v -3.024917 1.673142 -1.254524
v -3.517550 1.673142 -1.216562
v -3.995201 1.673142 -1.124970
v -4.257137 1.673142 -1.052359
v -4.685202 1.673142 -0.861527
v -5.052526 1.673142 -0.585742
v -5.269817 1.673142 -0.360942
v -5.536955 1.673142 0.013600
v -5.717076 1.673142 0.436955
v -5.801077 1.673142 0.761284
v -5.885585 1.673142 1.228074
v -5.920594 1.673142 1.702475
v -5.920594 1.673142 2.427601
v -5.885585 1.673142 2.902002
v -5.801077 1.673142 3.368792
v -5.717076 1.673142 3.693121
v -5.536956 1.673142 4.116476
v -5.269818 1.673142 4.491018
v -1.382244 0.000000 -1.000000
v 1.382244 0.000000 -1.000000
v -1.382244 1.074124 -1.000000
v 1.382244 1.074124 -1.000000
v -1.382244 1.074124 -1.341050
v 1.382244 1.074124 -1.341050
v -1.382244 1.673142 -1.341050
v 1.382244 1.673142 -1.341050
v -1.382244 1.673142 -1.254524
v 1.382244 1.673142 -1.254524
v 3.529058 1.763299 5.432533
v 3.028246 1.763299 5.471126
v 4.014937 1.763299 5.339363
v 5.109967 1.763299 4.780890
v 4.729347 1.763299 5.066658
v 4.286472 1.763299 5.264091
v -3.529058 1.763299 -1.302457
v -3.028246 1.763299 -1.341050
v -4.014937 1.763299 -1.209287
v -5.109967 1.763299 -0.650814
v -4.729347 1.763299 -0.936582
v -4.286472 1.763299 -1.134015
v 5.799221 1.763299 3.721060
v 5.612880 1.763299 4.159035
v 5.336515 1.763299 4.546514
v -5.799221 1.763299 0.409016
v -5.612879 1.763299 -0.028959
v -5.336514 1.763299 -0.416438
v 6.007120 1.763299 2.430789
v 5.971540 1.763299 2.912924
v 5.885645 1.763299 3.387372
v -4.729347 1.763299 5.066658
v -5.109967 1.763299 4.780890
v -4.286472 1.763299 5.264091
v -3.028246 1.763299 5.471126
v -3.529058 1.763299 5.432533
v -4.014937 1.763299 5.339363
v -6.007120 1.763299 1.699287
v -5.971540 1.763299 1.217152
v -5.885645 1.763299 0.742704
v 5.885645 1.763299 0.742704
v 5.971540 1.763299 1.217152
v 6.007120 1.763299 1.699287
v -5.612880 1.763299 4.159035
v -5.799221 1.763299 3.721060
v -5.336515 1.763299 4.546514
v 5.336514 1.763299 -0.416438
v 5.612879 1.763299 -0.028959
v 5.799221 1.763299 0.409016
v -5.971540 1.763299 2.912924
v -6.007120 1.763299 2.430789
v -5.885645 1.763299 3.387372
v 4.286472 1.763299 -1.134015
v 4.729347 1.763299 -0.936582
v 5.109967 1.763299 -0.650814
v 3.028246 1.763299 -1.341050
v 3.529058 1.763299 -1.302457
v 4.014937 1.763299 -1.209287
v 1.382244 1.763299 -1.341050
v -4.685201 1.763299 4.991604
v -5.052526 1.763299 4.715817
v -5.269818 1.763299 4.491018
v -4.257137 1.763299 5.182435
v -3.995201 1.763299 5.255045
v -3.517550 1.763299 5.346638
v -3.024917 1.763299 5.384600
v 3.024917 1.763299 5.384600
v 3.517550 1.763299 5.346638
v 3.995201 1.763299 5.255045
v 4.257137 1.763299 5.182435
v 4.685201 1.763299 4.991604
v 5.052526 1.763299 4.715818
v 5.269818 1.763299 4.491018
v 5.536956 1.763299 4.116476
v 5.717076 1.763299 3.693121
v 5.801077 1.763299 3.368792
v 5.885585 1.763299 2.902002
v 5.920594 1.763299 2.427601
v 5.920594 1.763299 1.702475
v 5.885585 1.763299 1.228074
v 5.801077 1.763299 0.761284
v 5.717076 1.763299 0.436955
v 5.536955 1.763299 0.013600
v 5.269817 1.763299 -0.360942
v 5.052526 1.763299 -0.585742
v 4.685201 1.763299 -0.861527
v 4.257137 1.763299 -1.052359
v 3.995200 1.763299 -1.124970
v 3.517550 1.763299 -1.216562
v 3.024917 1.763299 -1.254524
v 1.382244 1.763299 -1.254524
v -3.517550 1.763299 -1.216562
v -3.024917 1.763299 -1.254524
v -3.995201 1.763299 -1.124970
v -4.257137 1.763299 -1.052359
v -4.685202 1.763299 -0.861527
v -5.052526 1.763299 -0.585742
v -5.269817 1.763299 -0.360942
v -5.536955 1.763299 0.013600
v -5.717076 1.763299 0.436955
v -5.801077 1.763299 0.761284
v -5.885585 1.763299 1.228074
v -5.920594 1.763299 1.702475
v -5.920594 1.763299 2.427601
v -5.885585 1.763299 2.902002
v -5.801077 1.763299 3.368792
v -5.717076 1.763299 3.693121
v -5.536956 1.763299 4.116476
v -1.382244 1.763299 -1.341050
v -1.382244 1.763299 -1.254524
v -1.382244 0.749217 1.000000
v 1.382244 0.749217 1.000000
v -1.382244 0.749217 -1.341050
v 1.382244 0.749217 -1.341050
v -1.382244 1.673142 -1.341050
v -1.382244 1.673142 1.000000
v 1.382244 1.673142 1.000000
v 1.382244 1.673142 -1.341050
v -1.421825 4.045410 -19.623158
v -1.421825 4.045410 -19.657234
v -1.406857 4.045410 -19.640196
v -1.421825 4.045410 -17.872103
v 1.382244 3.040026 -28.395472
v -1.382244 3.040026 -28.395472
v 1.382244 4.045410 -28.395472
v -1.382244 4.045410 -28.395472
v -1.421825 4.045410 -17.906179
v -1.406857 4.045410 -17.889141
v -1.421825 4.045410 -16.121048
v -1.421825 4.045410 -16.155125
v -1.406857 4.045410 -16.138086
v -1.421825 4.045410 -14.369992
v -1.421825 4.045410 -14.404071
v -1.406857 4.045410 -14.387032
v -1.421825 4.045410 -12.618937
v -1.421825 4.045410 -12.653016
v -1.406857 4.045410 -12.635977
v -1.421825 4.045410 -10.867883
v -1.421825 4.045410 -10.901961
v -1.406857 4.045410 -10.884922
v -1.421825 4.045410 -9.116828
v -1.421825 4.045410 -9.150907
v -1.406857 4.045410 -9.133867
v -1.421825 4.045410 -7.365773
v -1.421825 4.045410 -7.399852
v -1.406857 4.045410 -7.382812
v -1.421825 2.285520 -4.218561
v -1.421825 2.267326 -4.184483
v -1.406857 2.276423 -4.201522
v -1.421825 1.521917 -2.788325
v -1.421825 1.503722 -2.754247
v -1.406857 1.512820 -2.771286
v -1.421825 2.509107 -2.754247
v -1.421825 2.527301 -2.788325
v -1.406857 2.518204 -2.771286
v -1.421825 3.272710 -4.184483
v -1.421825 3.290905 -4.218561
v -1.406857 3.281807 -4.201522
v 1.421825 2.527301 -2.788325
v 1.421825 2.509107 -2.754247
v 1.406857 2.518204 -2.771286
v 1.421825 3.290905 -4.218561
v 1.421825 3.272710 -4.184483
v 1.406857 3.281807 -4.201522
v 1.421825 2.267326 -4.184483
v 1.421825 2.285520 -4.218561
v 1.406857 2.276423 -4.201522
v 1.421825 1.503722 -2.754247
v 1.421825 1.521917 -2.788325
v 1.406857 1.512820 -2.771286
v -1.421825 4.036313 -5.614718
v -1.421825 4.045410 -5.648797
v -1.406857 4.045410 -5.631758
v 1.421825 4.045410 -5.648797
v 1.421825 4.036313 -5.614718
v 1.406857 4.045410 -5.631758
v -1.421825 3.040026 -5.648797
v -1.421825 3.030929 -5.614718
v -1.406857 3.040026 -5.631758
v 1.421825 3.030929 -5.614718
v 1.421825 3.040026 -5.648797
v 1.406857 3.040026 -5.631758
v 1.382244 3.040026 -5.648797
v 1.382244 3.030929 -5.614718
v 1.367693 3.040026 -5.631758
v -1.382244 3.030929 -5.614718
v -1.382244 3.040026 -5.648797
v -1.367693 3.040026 -5.631758
v 1.382244 4.036313 -5.614718
v 1.382244 4.045410 -5.648797
v 1.367693 4.045410 -5.631758
v -1.382244 4.045410 -5.648797
v -1.382244 4.036313 -5.614718
v -1.367693 4.045410 -5.631758
v 1.382244 1.521917 -2.788325
v 1.382244 1.503722 -2.754247
v 1.367693 1.512820 -2.771286
v 1.382244 2.285520 -4.218561
v 1.382244 2.267326 -4.184483
v 1.367693 2.276423 -4.201522
v 1.382244 3.272710 -4.184483
v 1.382244 3.290905 -4.218561
v 1.367693 3.281807 -4.201522
v 1.382244 2.509107 -2.754247
v 1.382244 2.527301 -2.788325
v 1.367693 2.518204 -2.771286
v -1.382244 3.290905 -4.218561
v -1.382244 3.272710 -4.184483
v -1.367693 3.281807 -4.201522
v -1.382244 2.527301 -2.788325
v -1.382244 2.509107 -2.754247
v -1.367693 2.518204 -2.771286
v -1.382244 1.503722 -2.754247
v -1.382244 1.521917 -2.788325
v -1.367693 1.512820 -2.771286
v -1.382244 2.267326 -4.184483
v -1.382244 2.285520 -4.218561
v -1.367693 2.276423 -4.201522
v -1.382244 4.045410 -7.399852
v -1.382244 4.045410 -7.365773
v -1.367693 4.045410 -7.382812
v -1.382244 4.045410 -9.150907
v -1.382244 4.045410 -9.116828
v -1.367693 4.045410 -9.133867
v -1.382244 4.045410 -10.901961
v -1.382244 4.045410 -10.867883
v -1.367693 4.045410 -10.884922
v -1.382244 4.045410 -12.653016
v -1.382244 4.045410 -12.618937
v -1.367693 4.045410 -12.635977
v -1.382244 4.045410 -14.404071
v -1.382244 4.045410 -14.369992
v -1.367693 4.045410 -14.387032
v -1.382244 4.045410 -16.155125
v -1.382244 4.045410 -16.121048
v -1.367693 4.045410 -16.138086
v -1.382244 4.045410 -17.906179
v -1.382244 4.045410 -17.872103
v -1.367693 4.045410 -17.889141
v -1.382244 4.045410 -19.657234
v -1.382244 4.045410 -19.623158
v -1.367693 4.045410 -19.640196
v -1.382244 4.045410 -21.408289
v -1.382244 4.045410 -21.374212
v -1.367693 4.045410 -21.391251
v -1.382244 4.045410 -23.159344
v -1.382244 4.045410 -23.125267
v -1.367693 4.045410 -23.142305
v -1.382244 4.045410 -24.910398
v -1.382244 4.045410 -24.876322
v -1.367693 4.045410 -24.893360
v -1.382244 4.045410 -26.661455
v -1.382244 4.045410 -26.627378
v -1.367693 4.045410 -26.644417
v -1.382244 3.040026 -26.627378
v -1.382244 3.040026 -26.661455
v -1.367693 3.040026 -26.644417
v -1.382244 3.040026 -24.876324
v -1.382244 3.040026 -24.910400
v -1.367693 3.040026 -24.893362
v -1.382244 3.040026 -23.125269
v -1.382244 3.040026 -23.159346
v -1.367693 3.040026 -23.142307
v -1.382244 3.040026 -21.374214
v -1.382244 3.040026 -21.408291
v -1.367693 3.040026 -21.391253
v -1.382244 3.040026 -19.623159
v -1.382244 3.040026 -19.657236
v -1.367693 3.040026 -19.640198
v -1.382244 3.040026 -17.872105
v -1.382244 3.040026 -17.906181
v -1.367693 3.040026 -17.889143
v -1.382244 3.040026 -16.121050
v -1.382244 3.040026 -16.155127
v -1.367693 3.040026 -16.138088
v -1.382244 3.040026 -14.369994
v -1.382244 3.040026 -14.404073
v -1.367693 3.040026 -14.387033
v -1.382244 3.040026 -12.618939
v -1.382244 3.040026 -12.653018
v -1.367693 3.040026 -12.635979
v -1.382244 3.040026 -10.867885
v -1.382244 3.040026 -10.901963
v -1.367693 3.040026 -10.884924
v -1.382244 3.040026 -9.116829
v -1.382244 3.040026 -9.150908
v -1.367693 3.040026 -9.133868
v -1.382244 3.040026 -7.365774
v -1.382244 3.040026 -7.399852
v -1.367693 3.040026 -7.382813
v 1.382244 3.040026 -26.661455
v 1.382244 3.040026 -26.627378
v 1.367693 3.040026 -26.644417
v 1.382244 3.040026 -24.910400
v 1.382244 3.040026 -24.876324
v 1.367693 3.040026 -24.893362
v 1.382244 3.040026 -23.159346
v 1.382244 3.040026 -23.125269
v 1.367693 3.040026 -23.142307
v 1.382244 3.040026 -21.408291
v 1.382244 3.040026 -21.374214
v 1.367693 3.040026 -21.391253
v 1.382244 3.040026 -19.657236
v 1.382244 3.040026 -19.623159
v 1.367693 3.040026 -19.640198
v 1.382244 3.040026 -17.906181
v 1.382244 3.040026 -17.872105
v 1.367693 3.040026 -17.889143
v 1.382244 3.040026 -16.155127
v 1.382244 3.040026 -16.121050
v 1.367693 3.040026 -16.138088
v 1.382244 3.040026 -14.404073
v 1.382244 3.040026 -14.369994
v 1.367693 3.040026 -14.387033
v 1.382244 3.040026 -12.653018
v 1.382244 3.040026 -12.618939
v 1.367693 3.040026 -12.635979
v 1.382244 3.040026 -10.901963
v 1.382244 3.040026 -10.867885
v 1.367693 3.040026 -10.884924
v 1.382244 3.040026 -9.150908
v 1.382244 3.040026 -9.116829
v 1.367693 3.040026 -9.133868
v 1.382244 3.040026 -7.399852
v 1.382244 3.040026 -7.365774
v 1.367693 3.040026 -7.382813
v 1.382244 4.045410 -26.627378
v 1.382244 4.045410 -26.661455
v 1.367693 4.045410 -26.644417
v 1.382244 4.045410 -24.876324
v 1.382244 4.045410 -24.910400
v 1.367693 4.045410 -24.893362
v 1.382244 4.045410 -23.125269
v 1.382244 4.045410 -23.159346
v 1.367693 4.045410 -23.142307
v 1.382244 4.045410 -21.374214
v 1.382244 4.045410 -21.408291
v 1.367693 4.045410 -21.391253
v 1.382244 4.045410 -19.623159
v 1.382244 4.045410 -19.657236
v 1.367693 4.045410 -19.640198
v 1.382244 4.045410 -17.872105
v 1.382244 4.045410 -17.906181
v 1.367693 4.045410 -17.889143
v 1.382244 4.045410 -16.121050
v 1.382244 4.045410 -16.155127
v 1.367693 4.045410 -16.138088
v 1.382244 4.045410 -14.369994
v 1.382244 4.045410 -14.404073
v 1.367693 4.045410 -14.387033
v 1.382244 4.045410 -12.618939
v 1.382244 4.045410 -12.653018
v 1.367693 4.045410 -12.635979
v 1.382244 4.045410 -10.867885
v 1.382244 4.045410 -10.901963
v 1.367693 4.045410 -10.884924
v 1.382244 4.045410 -9.116829
v 1.382244 4.045410 -9.150908
v 1.367693 4.045410 -9.133868
v 1.382244 4.045410 -7.365774
v 1.382244 4.045410 -7.399852
v 1.367693 4.045410 -7.382813
v -1.406857 4.045410 -21.391251
v -1.421825 4.045410 -21.408289
v -1.421825 4.045410 -21.374212
v -1.406857 4.045410 -23.142305
v -1.421825 4.045410 -23.159344
v -1.421825 4.045410 -23.125267
v -1.406857 4.045410 -24.893360
v -1.421825 4.045410 -24.910398
v -1.421825 4.045410 -24.876322
v -1.406857 4.045410 -26.644417
v -1.421825 4.045410 -26.661455
v -1.421825 4.045410 -26.627378
v -1.406857 3.040026 -26.644417
v -1.421825 3.040026 -26.627378
v -1.421825 3.040026 -26.661455
v -1.406857 3.040026 -24.893362
v -1.421825 3.040026 -24.876324
v -1.421825 3.040026 -24.910400
v -1.406857 3.040026 -23.142307
v -1.421825 3.040026 -23.125269
v -1.421825 3.040026 -23.159346
v -1.406857 3.040026 -21.391253
v -1.421825 3.040026 -21.374214
v -1.421825 3.040026 -21.408291
v -1.406857 3.040026 -19.640198
v -1.421825 3.040026 -19.623159
v -1.421825 3.040026 -19.657236
v -1.406857 3.040026 -17.889143
v -1.421825 3.040026 -17.872105
v -1.421825 3.040026 -17.906181
v -1.406857 3.040026 -16.138088
v -1.421825 3.040026 -16.121050
v -1.421825 3.040026 -16.155127
v -1.406857 3.040026 -14.387033
v -1.421825 3.040026 -14.369994
v -1.421825 3.040026 -14.404073
v -1.406857 3.040026 -12.635979
v -1.421825 3.040026 -12.618939
v -1.421825 3.040026 -12.653018
v -1.406857 3.040026 -10.884924
v -1.421825 3.040026 -10.867885
v -1.421825 3.040026 -10.901963
v -1.406857 3.040026 -9.133868
v -1.421825 3.040026 -9.116829
v -1.421825 3.040026 -9.150908
v -1.406857 3.040026 -7.382813
v -1.421825 3.040026 -7.365774
v -1.421825 3.040026 -7.399852
v 1.406857 3.040026 -26.644417
v 1.421825 3.040026 -26.661455
v 1.421825 3.040026 -26.627378
v 1.406857 3.040026 -24.893362
v 1.421825 3.040026 -24.910400
v 1.421825 3.040026 -24.876324
v 1.406857 3.040026 -23.142307
v 1.421825 3.040026 -23.159346
v 1.421825 3.040026 -23.125269
v 1.406857 3.040026 -21.391253
v 1.421825 3.040026 -21.408291
v 1.421825 3.040026 -21.374214
v 1.406857 3.040026 -19.640198
v 1.421825 3.040026 -19.657236
v 1.421825 3.040026 -19.623159
v 1.406857 3.040026 -17.889143
v 1.421825 3.040026 -17.906181
v 1.421825 3.040026 -17.872105
v 1.406857 3.040026 -16.138088
v 1.421825 3.040026 -16.155127
v 1.421825 3.040026 -16.121050
v 1.406857 3.040026 -14.387033
v 1.421825 3.040026 -14.404073
v 1.421825 3.040026 -14.369994
v 1.406857 3.040026 -12.635979
v 1.421825 3.040026 -12.653018
v 1.421825 3.040026 -12.618939
v 1.406857 3.040026 -10.884924
v 1.421825 3.040026 -10.901963
v 1.421825 3.040026 -10.867885
v 1.406857 3.040026 -9.133868
v 1.421825 3.040026 -9.150908
v 1.421825 3.040026 -9.116829
v 1.406857 3.040026 -7.382813
v 1.421825 3.040026 -7.399852
v 1.421825 3.040026 -7.365774
v 1.406857 4.045410 -26.644417
v 1.421825 4.045410 -26.627378
v 1.421825 4.045410 -26.661455
v 1.406857 4.045410 -24.893362
v 1.421825 4.045410 -24.876324
v 1.421825 4.045410 -24.910400
v 1.406857 4.045410 -23.142307
v 1.421825 4.045410 -23.125269
v 1.421825 4.045410 -23.159346
v 1.406857 4.045410 -21.391253
v 1.421825 4.045410 -21.374214
v 1.421825 4.045410 -21.408291
v 1.406857 4.045410 -19.640198
v 1.421825 4.045410 -19.623159
v 1.421825 4.045410 -19.657236
v 1.406857 4.045410 -17.889143
v 1.421825 4.045410 -17.872105
v 1.421825 4.045410 -17.906181
v 1.406857 4.045410 -16.138088
v 1.421825 4.045410 -16.121050
v 1.421825 4.045410 -16.155127
v 1.406857 4.045410 -14.387033
v 1.421825 4.045410 -14.369994
v 1.421825 4.045410 -14.404073
v 1.406857 4.045410 -12.635979
v 1.421825 4.045410 -12.618939
v 1.421825 4.045410 -12.653018
v 1.406857 4.045410 -10.884924
v 1.421825 4.045410 -10.867885
v 1.421825 4.045410 -10.901963
v 1.406857 4.045410 -9.133868
v 1.421825 4.045410 -9.116829
v 1.421825 4.045410 -9.150908
v 1.406857 4.045410 -7.382813
v 1.421825 4.045410 -7.365774
v 1.421825 4.045410 -7.399852
v -1.382244 1.819938 -1.335505
v -1.382244 1.819938 1.005546
v 1.382244 1.819938 1.005546
v 1.382244 1.819938 -1.335505
v 1.382244 4.110747 -28.389925
v -1.382244 4.110747 -28.389925
v 1.367693 4.110747 -5.626212
v 1.382244 4.101650 -5.609173
v 1.382244 4.110747 -5.643251
v -1.367693 4.110747 -5.626212
v -1.382244 4.110747 -5.643251
v -1.382244 4.101650 -5.609173
v 1.367693 3.347144 -4.195976
v 1.382244 3.338047 -4.178937
v 1.382244 3.356241 -4.213016
v 1.367693 2.583541 -2.765740
v 1.382244 2.574444 -2.748701
v 1.382244 2.592638 -2.782780
v -1.367693 3.347144 -4.195976
v -1.382244 3.356241 -4.213016
v -1.382244 3.338047 -4.178937
v -1.367693 2.583541 -2.765740
v -1.382244 2.592638 -2.782780
v -1.382244 2.574444 -2.748701
v -1.367693 4.110747 -7.377267
v -1.382244 4.110747 -7.394306
v -1.382244 4.110747 -7.360228
v -1.367693 4.110747 -9.128322
v -1.382244 4.110747 -9.145361
v -1.382244 4.110747 -9.111282
v -1.367693 4.110747 -10.879376
v -1.382244 4.110747 -10.896416
v -1.382244 4.110747 -10.862337
v -1.367693 4.110747 -12.630431
v -1.382244 4.110747 -12.647470
v -1.382244 4.110747 -12.613392
v -1.367693 4.110747 -14.381486
v -1.382244 4.110747 -14.398525
v -1.382244 4.110747 -14.364447
v -1.367693 4.110747 -16.132540
v -1.382244 4.110747 -16.149578
v -1.382244 4.110747 -16.115501
v -1.367693 4.110747 -17.883595
v -1.382244 4.110747 -17.900633
v -1.382244 4.110747 -17.866556
v -1.367693 4.110747 -19.634649
v -1.382244 4.110747 -19.651688
v -1.382244 4.110747 -19.617611
v -1.367693 4.110747 -21.385704
v -1.382244 4.110747 -21.402742
v -1.382244 4.110747 -21.368666
v -1.367693 4.110747 -23.136759
v -1.382244 4.110747 -23.153797
v -1.382244 4.110747 -23.119720
v -1.367693 4.110747 -24.887814
v -1.382244 4.110747 -24.904852
v -1.382244 4.110747 -24.870775
v -1.367693 4.110747 -26.638870
v -1.382244 4.110747 -26.655909
v -1.382244 4.110747 -26.621832
v 1.367693 4.110747 -26.638870
v 1.382244 4.110747 -26.621832
v 1.382244 4.110747 -26.655909
v 1.367693 4.110747 -24.887815
v 1.382244 4.110747 -24.870777
v 1.382244 4.110747 -24.904854
v 1.367693 4.110747 -23.136761
v 1.382244 4.110747 -23.119722
v 1.382244 4.110747 -23.153799
v 1.367693 4.110747 -21.385706
v 1.382244 4.110747 -21.368668
v 1.382244 4.110747 -21.402744
v 1.367693 4.110747 -19.634651
v 1.382244 4.110747 -19.617613
v 1.382244 4.110747 -19.651690
v 1.367693 4.110747 -17.883596
v 1.382244 4.110747 -17.866558
v 1.382244 4.110747 -17.900635
v 1.367693 4.110747 -16.132542
v 1.382244 4.110747 -16.115503
v 1.382244 4.110747 -16.149580
v 1.367693 4.110747 -14.381488
v 1.382244 4.110747 -14.364449
v 1.382244 4.110747 -14.398527
v 1.367693 4.110747 -12.630433
v 1.382244 4.110747 -12.613394
v 1.382244 4.110747 -12.647472
v 1.367693 4.110747 -10.879378
v 1.382244 4.110747 -10.862339
v 1.382244 4.110747 -10.896418
v 1.367693 4.110747 -9.128323
v 1.382244 4.110747 -9.111283
v 1.382244 4.110747 -9.145362
v 1.367693 4.110747 -7.377267
v 1.382244 4.110747 -7.360228
v 1.382244 4.110747 -7.394307
v -2.033706 1.673142 -1.341050
v -2.033706 1.673142 1.000000
v 2.033706 1.673142 1.000000
v 2.033706 1.673142 -1.341050
v -2.033706 4.045410 -21.391251
v -2.033706 4.110747 -21.385704
v 2.033706 4.045410 -5.631758
v 2.033706 4.036313 -5.614718
v 2.033706 4.045410 -5.648797
v -2.033706 4.045410 -5.631758
v -2.033706 4.045410 -5.648797
v -2.033706 4.036313 -5.614718
v 2.033706 3.281807 -4.201522
v 2.033706 3.272710 -4.184483
v 2.033706 3.290905 -4.218561
v 2.033706 2.518204 -2.771286
v 2.033706 2.509107 -2.754247
v 2.033706 2.527301 -2.788325
v -2.033706 3.281807 -4.201522
v -2.033706 3.290905 -4.218561
v -2.033706 3.272710 -4.184483
v -2.033706 2.518204 -2.771286
v -2.033706 2.527301 -2.788325
v -2.033706 2.509107 -2.754247
v -2.033706 4.045410 -7.382812
v -2.033706 4.045410 -7.399852
v -2.033706 4.045410 -7.365773
v -2.033706 4.045410 -9.133867
v -2.033706 4.045410 -9.150907
v -2.033706 4.045410 -9.116828
v -2.033706 4.045410 -10.884922
v -2.033706 4.045410 -10.901961
v -2.033706 4.045410 -10.867883
v -2.033706 4.045410 -12.635977
v -2.033706 4.045410 -12.653016
v -2.033706 4.045410 -12.618937
v -2.033706 4.045410 -14.387032
v -2.033706 4.045410 -14.404071
v -2.033706 4.045410 -14.369992
v -2.033706 4.045410 -16.138086
v -2.033706 4.045410 -16.155125
v -2.033706 4.045410 -16.121048
v -2.033706 4.045410 -17.889141
v -2.033706 4.045410 -17.906179
v -2.033706 4.045410 -17.872103
v -2.033706 4.045410 -19.640196
v -2.033706 4.045410 -19.657234
v -2.033706 4.045410 -19.623158
v -2.033706 4.045410 -21.408289
v -2.033706 4.045410 -21.374212
v -2.033706 4.045410 -23.142305
v -2.033706 4.045410 -23.159344
v -2.033706 4.045410 -23.125267
v -2.033706 4.045410 -24.893360
v -2.033706 4.045410 -24.910398
v -2.033706 4.045410 -24.876322
v -2.033706 4.045410 -26.644417
v -2.033706 4.045410 -26.661455
v -2.033706 4.045410 -26.627378
v 2.033706 4.045410 -26.644417
v 2.033706 4.045410 -26.627378
v 2.033706 4.045410 -26.661455
v 2.033706 4.045410 -24.893362
v 2.033706 4.045410 -24.876324
v 2.033706 4.045410 -24.910400
v 2.033706 4.045410 -23.142307
v 2.033706 4.045410 -23.125269
v 2.033706 4.045410 -23.159346
v 2.033706 4.045410 -21.391253
v 2.033706 4.045410 -21.374214
v 2.033706 4.045410 -21.408291
v 2.033706 4.045410 -19.640198
v 2.033706 4.045410 -19.623159
v 2.033706 4.045410 -19.657236
v 2.033706 4.045410 -17.889143
v 2.033706 4.045410 -17.872105
v 2.033706 4.045410 -17.906181
v 2.033706 4.045410 -16.138088
v 2.033706 4.045410 -16.121050
v 2.033706 4.045410 -16.155127
v 2.033706 4.045410 -14.387033
v 2.033706 4.045410 -14.369994
v 2.033706 4.045410 -14.404073
v 2.033706 4.045410 -12.635979
v 2.033706 4.045410 -12.618939
v 2.033706 4.045410 -12.653018
v 2.033706 4.045410 -10.884924
v 2.033706 4.045410 -10.867885
v 2.033706 4.045410 -10.901963
v 2.033706 4.045410 -9.133868
v 2.033706 4.045410 -9.116829
v 2.033706 4.045410 -9.150908
v 2.033706 4.045410 -7.382813
v 2.033706 4.045410 -7.365774
v 2.033706 4.045410 -7.399852
v -2.033706 4.110747 -10.862337
v -2.033706 4.110747 -9.145361
v 2.033706 4.110747 -16.149580
v -2.033706 4.110747 -19.617611
v 2.033706 4.101650 -5.609173
v 2.033706 4.110747 -5.626212
v 2.033706 4.110747 -19.651690
v 2.033706 4.110747 -21.368668
v 2.033706 4.110747 -16.115503
v 2.033706 4.110747 -16.132542
v -2.033706 4.110747 -21.368666
v -2.033706 4.110747 -19.651688
v -2.033706 4.110747 -19.634649
v 2.033706 4.110747 -7.394307
v 2.033706 4.110747 -9.111283
v -2.033706 4.045410 -28.395472
v 2.033706 4.045410 -28.395472
v -2.033706 1.819938 -1.335505
v -2.033706 1.819938 1.005546
v 2.033706 1.819938 1.005546
v 2.033706 1.819938 -1.335505
v 2.033706 4.110747 -5.643251
v -2.033706 4.110747 -5.626212
v -2.033706 4.110747 -5.643251
v -2.033706 4.101650 -5.609173
v 2.033706 3.347144 -4.195976
v 2.033706 3.338047 -4.178937
v 2.033706 3.356241 -4.213016
v 2.033706 2.583541 -2.765740
v 2.033706 2.574444 -2.748701
v 2.033706 2.592638 -2.782780
v -2.033706 3.347144 -4.195976
v -2.033706 3.356241 -4.213016
v -2.033706 3.338047 -4.178937
v -2.033706 2.583541 -2.765740
v -2.033706 2.592638 -2.782780
v -2.033706 2.574444 -2.748701
v -2.033706 4.110747 -7.377267
v -2.033706 4.110747 -7.394306
v -2.033706 4.110747 -7.360228
v -2.033706 4.110747 -9.128322
v -2.033706 4.110747 -9.111282
v -2.033706 4.110747 -10.879376
v -2.033706 4.110747 -10.896416
v -2.033706 4.110747 -12.630431
v -2.033706 4.110747 -12.647470
v -2.033706 4.110747 -12.613392
v -2.033706 4.110747 -14.381486
v -2.033706 4.110747 -14.398525
v -2.033706 4.110747 -14.364447
v -2.033706 4.110747 -16.132540
v -2.033706 4.110747 -16.149578
v -2.033706 4.110747 -16.115501
v -2.033706 4.110747 -17.883595
v -2.033706 4.110747 -17.900633
v -2.033706 4.110747 -17.866556
v -2.033706 4.110747 -21.402742
v -2.033706 4.110747 -23.136759
v -2.033706 4.110747 -23.153797
v -2.033706 4.110747 -23.119720
v -2.033706 4.110747 -24.887814
v -2.033706 4.110747 -24.904852
v -2.033706 4.110747 -24.870775
v -2.033706 4.110747 -26.638870
v -2.033706 4.110747 -26.655909
v -2.033706 4.110747 -26.621832
v 2.033706 4.110747 -26.638870
v 2.033706 4.110747 -26.621832
v 2.033706 4.110747 -26.655909
v 2.033706 4.110747 -24.887815
v 2.033706 4.110747 -24.870777
v 2.033706 4.110747 -24.904854
v 2.033706 4.110747 -23.136761
v 2.033706 4.110747 -23.119722
v 2.033706 4.110747 -23.153799
v 2.033706 4.110747 -21.385706
v 2.033706 4.110747 -21.402744
v 2.033706 4.110747 -19.634651
v 2.033706 4.110747 -19.617613
v 2.033706 4.110747 -17.883596
v 2.033706 4.110747 -17.866558
v 2.033706 4.110747 -17.900635
v 2.033706 4.110747 -14.381488
v 2.033706 4.110747 -14.364449
v 2.033706 4.110747 -14.398527
v 2.033706 4.110747 -12.630433
v 2.033706 4.110747 -12.613394
v 2.033706 4.110747 -12.647472
v 2.033706 4.110747 -10.879378
v 2.033706 4.110747 -10.862339
v 2.033706 4.110747 -10.896418
v 2.033706 4.110747 -9.128323
v 2.033706 4.110747 -9.145362
v 2.033706 4.110747 -7.377267
v 2.033706 4.110747 -7.360228
v -2.033706 4.110747 -28.389925
v 2.033706 4.110747 -28.389925
v 1.962118 2.094351 -1.335505
v -1.962214 2.094351 -1.335505
v -1.962214 2.094351 -1.335505
v -1.962214 2.094351 -1.870056
v -1.962214 2.380702 -1.870056
v -1.962214 2.380702 -2.404607
v -1.962214 2.667053 -2.404607
v -1.962214 2.667053 -2.939158
v -1.962214 2.953404 -2.939158
v -1.962214 2.953404 -3.473709
v -1.962214 3.239756 -3.473709
v -1.962214 3.239756 -4.008260
v -1.962214 3.526107 -4.008260
v -1.962214 3.526107 -4.542811
v -1.962214 3.812458 -4.542811
v -1.962214 3.812458 -5.077362
v -1.962214 4.098809 -5.077362
v -1.962214 4.098809 -5.611913
v 1.962118 2.094351 -1.335505
v 1.948716 4.098809 -5.611913
v 1.949608 4.098809 -5.077362
v 1.950503 3.812458 -5.077362
v 1.951395 3.812458 -4.542811
v 1.952290 3.526107 -4.542811
v 1.953182 3.526107 -4.008260
v 1.954077 3.239756 -4.008260
v 1.954969 3.239756 -3.473709
v 1.955864 2.953404 -3.473709
v 1.956757 2.953404 -2.939158
v 1.957652 2.667053 -2.939158
v 1.958544 2.667053 -2.404607
v 1.959439 2.380702 -2.404607
v 1.960331 2.380702 -1.870056
v 1.961226 2.094351 -1.870056
v -1.962214 1.754601 -1.335505
v 1.962118 1.754601 -1.335505
vn -0.1825 -0.0000 -0.9832
vn -0.0745 0.0001 -0.9972
vn 0.1825 -0.0000 -0.9832
vn 0.0745 0.0001 -0.9972
vn 0.5882 -0.0000 0.8087
vn 0.3967 0.0001 0.9180
vn 0.0745 0.0001 0.9972
vn 0.1825 -0.0000 0.9832
vn -0.5882 -0.0000 -0.8087
vn -0.3967 0.0001 -0.9180
vn 0.9156 -0.0000 0.4021
vn 0.8052 -0.0000 0.5930
vn -0.9156 -0.0000 -0.4021
vn -0.8052 -0.0000 -0.5930
vn 0.9971 -0.0000 0.0760
vn 0.9829 -0.0000 0.1840
vn -0.9829 -0.0000 0.1840
vn -0.9971 -0.0000 0.0760
vn -0.9829 -0.0000 -0.1840
vn -0.9971 -0.0000 -0.0760
vn 0.9829 -0.0000 -0.1840
vn 0.9971 -0.0000 -0.0760
vn -0.8052 -0.0000 0.5930
vn -0.9156 -0.0000 0.4021
vn 0.8052 -0.0000 -0.5930
vn 0.9156 -0.0000 -0.4021
vn -0.3967 0.0001 0.9180
vn -0.5882 -0.0000 0.8087
vn 0.3967 0.0001 -0.9180
vn 0.5882 -0.0000 -0.8087
vn -0.0745 0.0001 0.9972
vn -0.1825 -0.0000 0.9832
vn -0.0000 -1.0000 -0.0000
vn 0.0768 -0.0001 0.9970
vn 0.1883 -0.0001 0.9821
vn 0.6003 -0.0001 0.7998
vn 0.4071 -0.0001 0.9134
vn -0.0768 -0.0001 -0.9970
vn -0.1883 -0.0001 -0.9821
vn -0.6003 -0.0001 -0.7998
vn -0.4071 -0.0001 -0.9134
vn 0.9202 -0.0000 0.3915
vn 0.8141 -0.0000 0.5807
vn -0.9202 -0.0000 -0.3915
vn -0.8141 -0.0000 -0.5807
vn 0.9973 -0.0000 0.0736
vn 0.9840 -0.0000 0.1781
vn -0.6003 -0.0001 0.7998
vn -0.4071 -0.0001 0.9134
vn -0.0768 -0.0001 0.9970
vn -0.1883 -0.0001 0.9821
vn -0.9973 -0.0000 -0.0736
vn -0.9840 -0.0000 -0.1781
vn 0.9840 -0.0000 -0.1781
vn 0.9973 -0.0000 -0.0736
vn -0.9202 -0.0000 0.3915
vn -0.8141 -0.0000 0.5807
vn 0.8141 -0.0000 -0.5807
vn 0.9202 -0.0000 -0.3915
vn -0.9973 -0.0000 0.0736
vn -0.9840 -0.0000 0.1781
vn 0.4071 -0.0001 -0.9134
vn 0.6003 -0.0001 -0.7998
vn 0.0768 -0.0001 -0.9970
vn 0.1883 -0.0001 -0.9821
vn -0.9659 -0.0000 0.2588
vn -0.7071 -0.0000 0.7071
vn -0.2588 -0.0000 0.9659
vn -1.0000 -0.0000 -0.0000
vn -0.0000 -0.0000 1.0000
vn 0.9659 -0.0000 0.2588
vn 1.0000 -0.0000 -0.0000
vn 0.2588 -0.0000 0.9659
vn 0.7071 -0.0000 0.7071
vn -0.0000 -0.0000 -1.0000
vn -0.2588 -0.0000 -0.9659
vn -0.9659 -0.0000 -0.2588
vn -0.7071 -0.0000 -0.7071
vn 0.2588 -0.0000 -0.9659
vn 0.9659 -0.0000 -0.2588
vn 0.7071 -0.0000 -0.7071
vn -0.7190 -0.0000 0.6950
vn -0.9681 -0.0000 0.2507
vn -0.2671 -0.0000 0.9637
vn 0.9681 -0.0000 0.2507
vn 0.2671 -0.0000 0.9637
vn 0.7190 -0.0000 0.6950
vn -0.2671 -0.0000 -0.9637
vn -0.9681 -0.0000 -0.2507
vn -0.7190 -0.0000 -0.6950
vn 0.2671 -0.0000 -0.9637
vn 0.9681 -0.0000 -0.2507
vn 0.7190 -0.0000 -0.6950
vn -0.0000 1.0000 -0.0000
vn -0.1883 -0.0000 -0.9821
vn -0.0768 -0.0000 -0.9970
vn 0.4072 -0.0000 0.9134
vn 0.6004 -0.0000 0.7997
vn 0.1883 -0.0000 0.9821
vn -0.6004 -0.0000 -0.7997
vn 0.0768 -0.0000 0.9970
vn -0.4072 -0.0000 -0.9134
vn 0.0768 -0.0000 -0.9970
vn 0.1883 -0.0000 -0.9821
vn 0.4072 -0.0000 -0.9134
vn -0.1883 -0.0000 0.9821
vn 0.6004 -0.0000 -0.7997
vn -0.0768 -0.0000 0.9970
vn -0.4072 -0.0000 0.9134
vn -0.6004 -0.0000 0.7997
vn -0.0000 -0.8821 -0.4710
vn -0.0000 0.8821 0.4710
vn -0.2817 0.9270 0.2475
vn 0.2817 -0.9270 -0.2475
vn 0.2817 0.9270 0.2475
vn -0.2817 -0.9270 -0.2475
vn -0.0000 0.8822 0.4710
vn -0.0000 0.0846 -0.9964
vn -0.0000 -0.8607 -0.5091
vn -0.0000 -0.8822 -0.4710
vn -0.0000 -0.0378 0.9993
vn 1.0000 -0.0000 -0.0017
vn 1.0000 0.0031 -0.0017
vt 0.932748 0.694605
vt 0.896484 0.694619
vt 0.896495 0.678134
vt 0.932759 0.678141
vt 0.896499 0.661171
vt 0.932763 0.661208
vt 0.896484 0.439819
vt 0.932748 0.439833
vt 0.932759 0.456297
vt 0.896495 0.456304
vt 0.932763 0.473230
vt 0.896499 0.473267
vt 0.915821 0.328285
vt 0.879557 0.328285
vt 0.879543 0.315247
vt 0.915807 0.315256
vt 0.879533 0.300130
vt 0.915797 0.300160
vt 0.879524 0.260639
vt 0.915789 0.260675
vt 0.915790 0.277608
vt 0.879526 0.277602
vt 0.915795 0.294073
vt 0.879531 0.294086
vt 0.932689 0.728817
vt 0.896425 0.728818
vt 0.896457 0.715780
vt 0.932721 0.715789
vt 0.896479 0.700662
vt 0.932743 0.700693
vt 0.918874 0.309291
vt 0.955138 0.309285
vt 0.955139 0.323989
vt 0.918875 0.323988
vt 0.955141 0.336955
vt 0.918876 0.336948
vt 0.955142 0.032747
vt 0.918878 0.032752
vt 0.918878 0.018048
vt 0.955142 0.018049
vt 0.918878 0.005081
vt 0.955142 0.005088
vt 0.918872 0.269979
vt 0.955137 0.269975
vt 0.955137 0.286247
vt 0.918873 0.286248
vt 0.955137 0.302247
vt 0.918873 0.302246
vt 0.955142 0.123254
vt 0.918878 0.123255
vt 0.918878 0.107255
vt 0.955142 0.107256
vt 0.918878 0.090982
vt 0.955142 0.090987
vt 0.918878 0.039791
vt 0.955142 0.039792
vt 0.955142 0.055790
vt 0.918878 0.055791
vt 0.955142 0.072059
vt 0.918878 0.072064
vt 0.918873 0.218784
vt 0.955137 0.218783
vt 0.955137 0.234783
vt 0.918873 0.234782
vt 0.955137 0.251056
vt 0.918872 0.251052
vt 0.955142 0.157958
vt 0.918878 0.157965
vt 0.918878 0.144998
vt 0.955142 0.144997
vt 0.918878 0.130294
vt 0.955142 0.130299
vt 0.918876 0.184078
vt 0.955141 0.184071
vt 0.955139 0.197039
vt 0.918875 0.197040
vt 0.955138 0.211744
vt 0.918874 0.211739
vt 0.915797 0.033213
vt 0.879533 0.033243
vt 0.879543 0.018126
vt 0.915807 0.018117
vt 0.879557 0.005088
vt 0.915821 0.005088
vt 0.932743 0.433745
vt 0.896479 0.433776
vt 0.896457 0.418658
vt 0.932721 0.418649
vt 0.896425 0.405620
vt 0.932689 0.405621
vt 0.915789 0.072698
vt 0.879524 0.072734
vt 0.879526 0.055771
vt 0.915790 0.055765
vt 0.879531 0.039287
vt 0.915795 0.039300
vt 0.448138 0.788596
vt 0.455464 0.775110
vt 0.468404 0.784661
vt 0.461197 0.797930
vt 0.483077 0.791118
vt 0.475959 0.804224
vt 0.522305 0.797240
vt 0.519427 0.811241
vt 0.503180 0.810040
vt 0.506067 0.795999
vt 0.487194 0.807140
vt 0.490101 0.793004
vt 0.576295 0.409722
vt 0.573389 0.423857
vt 0.557423 0.420862
vt 0.560309 0.406822
vt 0.541184 0.419621
vt 0.544063 0.405620
vt 0.490101 0.423857
vt 0.487194 0.409722
vt 0.503180 0.406822
vt 0.506067 0.420862
vt 0.519427 0.405620
vt 0.522305 0.419621
vt 0.544063 0.811241
vt 0.541184 0.797240
vt 0.557423 0.795999
vt 0.560309 0.810040
vt 0.573389 0.793004
vt 0.576295 0.807140
vt 0.608026 0.775110
vt 0.615352 0.788596
vt 0.602292 0.797930
vt 0.595086 0.784661
vt 0.587531 0.804224
vt 0.580413 0.791118
vt 0.455464 0.441751
vt 0.448138 0.428266
vt 0.461197 0.418931
vt 0.468404 0.432200
vt 0.475959 0.412638
vt 0.483077 0.425743
vt 0.434415 0.474987
vt 0.423959 0.463740
vt 0.430616 0.448768
vt 0.440932 0.459870
vt 0.440246 0.435910
vt 0.450393 0.446832
vt 0.428482 0.514478
vt 0.416992 0.506229
vt 0.418293 0.489291
vt 0.429746 0.497516
vt 0.421434 0.472868
vt 0.432799 0.481031
vt 0.642055 0.743993
vt 0.630690 0.735830
vt 0.633743 0.719346
vt 0.645197 0.727570
vt 0.635008 0.702383
vt 0.646498 0.710633
vt 0.630690 0.481031
vt 0.642055 0.472868
vt 0.645197 0.489291
vt 0.633743 0.497516
vt 0.646498 0.506229
vt 0.635008 0.514478
vt 0.432799 0.735830
vt 0.421434 0.743993
vt 0.418293 0.727570
vt 0.429746 0.719346
vt 0.416992 0.710633
vt 0.428482 0.702383
vt 0.613096 0.446832
vt 0.623243 0.435910
vt 0.632873 0.448768
vt 0.622557 0.459870
vt 0.639530 0.463740
vt 0.629074 0.474987
vt 0.450393 0.770029
vt 0.440246 0.780951
vt 0.430616 0.768093
vt 0.440932 0.756991
vt 0.423959 0.753122
vt 0.434415 0.741874
vt 0.580413 0.425743
vt 0.587531 0.412638
vt 0.602292 0.418931
vt 0.595086 0.432200
vt 0.615352 0.428266
vt 0.608026 0.441751
vt 0.623243 0.780951
vt 0.613096 0.770029
vt 0.622557 0.756991
vt 0.632873 0.768093
vt 0.629074 0.741874
vt 0.639530 0.753122
vt 0.876166 0.680380
vt 0.896390 0.680343
vt 0.896392 0.697281
vt 0.876168 0.697288
vt 0.896397 0.713704
vt 0.876173 0.713692
vt 0.896425 0.750662
vt 0.876201 0.750662
vt 0.876186 0.737812
vt 0.896410 0.737804
vt 0.876177 0.722860
vt 0.896400 0.722833
vt 0.856180 0.274759
vt 0.876404 0.274723
vt 0.876400 0.291660
vt 0.856176 0.291668
vt 0.876389 0.308083
vt 0.856165 0.308072
vt 0.876325 0.345042
vt 0.856102 0.345042
vt 0.856134 0.332191
vt 0.876358 0.332183
vt 0.856157 0.317239
vt 0.876381 0.317212
vt 0.919696 0.764603
vt 0.899472 0.764597
vt 0.899471 0.749811
vt 0.919695 0.749811
vt 0.899470 0.736730
vt 0.919694 0.736725
vt 0.896390 0.786450
vt 0.876166 0.786444
vt 0.876166 0.771657
vt 0.896390 0.771658
vt 0.876166 0.758575
vt 0.896390 0.758570
vt 0.919698 0.808162
vt 0.899474 0.808158
vt 0.899473 0.791880
vt 0.919697 0.791881
vt 0.899473 0.775862
vt 0.919697 0.775862
vt 0.876201 0.405620
vt 0.896425 0.405621
vt 0.896410 0.418479
vt 0.876186 0.418471
vt 0.896400 0.433450
vt 0.876177 0.433423
vt 0.896390 0.475939
vt 0.876166 0.475903
vt 0.876168 0.458995
vt 0.896392 0.459002
vt 0.876173 0.442590
vt 0.896397 0.442579
vt 0.896390 0.830010
vt 0.876166 0.830006
vt 0.876166 0.813728
vt 0.896390 0.813729
vt 0.876166 0.797710
vt 0.896390 0.797710
vt 0.919697 0.865151
vt 0.899473 0.865151
vt 0.899473 0.849132
vt 0.919697 0.849131
vt 0.899474 0.832854
vt 0.919698 0.832850
vt 0.876166 0.898264
vt 0.896390 0.898257
vt 0.896390 0.913050
vt 0.876166 0.913051
vt 0.896390 0.926137
vt 0.876166 0.926133
vt 0.919694 0.904292
vt 0.899470 0.904287
vt 0.899471 0.891204
vt 0.919695 0.891204
vt 0.899472 0.876417
vt 0.919696 0.876410
vt 0.876166 0.854702
vt 0.896390 0.854698
vt 0.896390 0.870979
vt 0.876166 0.870980
vt 0.896390 0.886998
vt 0.876166 0.886998
vt 0.876381 0.027830
vt 0.856157 0.027803
vt 0.856134 0.012850
vt 0.876358 0.012858
vt 0.856101 -0.000000
vt 0.876325 0.000000
vt 0.876404 0.070319
vt 0.856180 0.070282
vt 0.856176 0.053374
vt 0.876400 0.053381
vt 0.856165 0.036970
vt 0.876389 0.036958
vt 0.915829 -0.000000
vt 0.879564 0.000007
vt 0.791438 0.373383
vt 0.775474 0.376378
vt 0.759239 0.377618
vt 0.740351 0.377618
vt 0.724116 0.376378
vt 0.708151 0.373383
vt 0.701122 0.371496
vt 0.686454 0.365042
vt 0.673521 0.355496
vt 0.668443 0.350408
vt 0.658985 0.337379
vt 0.652473 0.322283
vt 0.650846 0.316195
vt 0.647795 0.299731
vt 0.646532 0.282798
vt 0.646532 0.235476
vt 0.646532 0.142142
vt 0.646532 0.094821
vt 0.647795 0.077887
vt 0.650846 0.061423
vt 0.652473 0.055336
vt 0.658985 0.040240
vt 0.668443 0.027211
vt 0.673521 0.022123
vt 0.686454 0.012577
vt 0.701122 0.006123
vt 0.708151 0.004235
vt 0.724116 0.001241
vt 0.740351 -0.000000
vt 0.759238 -0.000000
vt 0.775474 0.001241
vt 0.791438 0.004235
vt 0.798468 0.006123
vt 0.813135 0.012577
vt 0.826069 0.022123
vt 0.831146 0.027211
vt 0.840605 0.040240
vt 0.847116 0.055336
vt 0.848744 0.061423
vt 0.851794 0.077887
vt 0.853058 0.094821
vt 0.853058 0.282798
vt 0.851794 0.299731
vt 0.848744 0.316195
vt 0.847116 0.322283
vt 0.840605 0.337379
vt 0.831146 0.350408
vt 0.826069 0.355496
vt 0.813135 0.365042
vt 0.798468 0.371496
vt 0.915829 0.333373
vt 0.879564 0.333366
vt 0.932763 0.613886
vt 0.896499 0.613886
vt 0.955142 -0.000000
vt 0.918878 0.000000
vt 0.918877 0.178989
vt 0.955141 0.178990
vt 0.428482 0.655097
vt 0.416992 0.655097
vt 0.896390 0.934045
vt 0.876166 0.934045
vt 0.919692 0.728818
vt 0.899468 0.728818
vt 0.876404 0.219188
vt 0.856180 0.219188
vt 0.896390 0.750662
vt 0.876166 0.750662
vt 0.919692 0.912201
vt 0.899468 0.912201
vt 0.850587 0.434928
vt 0.859880 0.447329
vt 0.866310 0.461781
vt 0.868757 0.470625
vt 0.871843 0.486751
vt 0.873122 0.503383
vt 0.873122 0.707636
vt 0.871843 0.724268
vt 0.868757 0.740394
vt 0.866310 0.749237
vt 0.859880 0.763690
vt 0.850587 0.776091
vt 0.843013 0.783427
vt 0.830392 0.792446
vt 0.816127 0.798527
vt 0.805199 0.801363
vt 0.789470 0.804216
vt 0.773485 0.805398
vt 0.749051 0.805398
vt 0.733066 0.804216
vt 0.717337 0.801363
vt 0.706409 0.798527
vt 0.692143 0.792446
vt 0.679523 0.783427
vt 0.671948 0.776091
vt 0.662656 0.763690
vt 0.656225 0.749237
vt 0.653779 0.740394
vt 0.650692 0.724268
vt 0.649413 0.707636
vt 0.649413 0.652176
vt 0.649413 0.558843
vt 0.649413 0.503383
vt 0.650692 0.486751
vt 0.653779 0.470625
vt 0.656225 0.461781
vt 0.662656 0.447329
vt 0.671948 0.434928
vt 0.679523 0.427592
vt 0.692143 0.418573
vt 0.706409 0.412492
vt 0.717337 0.409656
vt 0.733066 0.406802
vt 0.749051 0.405620
vt 0.773485 0.405620
vt 0.789470 0.406802
vt 0.805199 0.409656
vt 0.816127 0.412492
vt 0.830392 0.418573
vt 0.843013 0.427592
vt 0.853122 0.308072
vt 0.853132 0.291668
vt 0.918872 0.186579
vt 0.918872 0.199224
vt 0.915829 0.199224
vt 0.915829 0.186579
vt 0.918872 0.213517
vt 0.915829 0.213517
vt 0.896428 0.891204
vt 0.896429 0.876417
vt 0.918872 0.224467
vt 0.915829 0.224467
vt 0.853137 0.274759
vt 0.918872 0.240227
vt 0.915829 0.240227
vt 0.896426 0.904287
vt 0.918872 0.256243
vt 0.915829 0.256243
vt 0.873143 0.737812
vt 0.873133 0.722860
vt 0.918872 0.280725
vt 0.915829 0.280725
vt 0.918872 0.296741
vt 0.915829 0.296741
vt 0.873122 0.926133
vt 0.873122 0.913051
vt 0.873157 0.750662
vt 0.918872 0.312501
vt 0.915829 0.312501
vt 0.918872 0.323451
vt 0.915829 0.323451
vt 0.918872 0.337744
vt 0.915829 0.337744
vt 0.873122 0.898264
vt 0.873129 0.713692
vt 0.873124 0.697288
vt 0.918872 0.350389
vt 0.915829 0.350389
vt 0.918872 0.357979
vt 0.915829 0.357979
vt 0.896430 0.849132
vt 0.896430 0.832854
vt 0.879524 0.000000
vt 0.879493 0.012401
vt 0.876449 0.012401
vt 0.876481 0.000000
vt 0.873122 0.680380
vt 0.879471 0.026854
vt 0.876427 0.026854
vt 0.896429 0.865151
vt 0.879463 0.035697
vt 0.876419 0.035697
vt 0.879452 0.051823
vt 0.876409 0.051823
vt 0.879448 0.068455
vt 0.876404 0.068455
vt 0.873122 0.813728
vt 0.873122 0.797710
vt 0.879448 0.272708
vt 0.876404 0.272708
vt 0.879452 0.289340
vt 0.876409 0.289340
vt 0.873122 0.830006
vt 0.649453 0.402046
vt 0.646532 0.402046
vt 0.646532 0.399003
vt 0.649453 0.399003
vt 0.879463 0.305466
vt 0.876419 0.305466
vt 0.649453 0.405090
vt 0.646532 0.405090
vt 0.646532 0.402046
vt 0.649453 0.402046
vt 0.879471 0.314310
vt 0.876427 0.314310
vt 0.879493 0.328762
vt 0.876449 0.328762
vt 0.873124 0.458995
vt 0.873129 0.442590
vt 0.871163 0.873854
vt 0.871163 0.929313
vt 0.868119 0.929313
vt 0.868119 0.873854
vt 0.915829 0.178989
vt 0.915830 0.171399
vt 0.918874 0.171399
vt 0.918872 0.178989
vt 0.879524 0.341163
vt 0.876481 0.341163
vt 0.873122 0.475903
vt 0.853137 0.219188
vt 0.896424 0.912201
vt 0.853122 0.036970
vt 0.853113 0.027803
vt 0.873133 0.433423
vt 0.873143 0.418471
vt 0.873122 0.758575
vt 0.873122 0.750662
vt 0.646498 0.652176
vt 0.646498 0.558843
vt 0.876404 0.125854
vt 0.856180 0.125854
vt 0.428482 0.561764
vt 0.416992 0.561764
vt 0.932763 0.520552
vt 0.896499 0.520552
vt 0.440250 0.375331
vt 0.430621 0.362481
vt 0.433150 0.360990
vt 0.442442 0.373392
vt 0.423968 0.347529
vt 0.426719 0.346538
vt 0.421432 0.338361
vt 0.424273 0.337695
vt 0.418292 0.321957
vt 0.421186 0.321568
vt 0.416992 0.305049
vt 0.419907 0.304936
vt 0.416992 0.100572
vt 0.419907 0.100684
vt 0.418292 0.083663
vt 0.421186 0.084052
vt 0.421432 0.067259
vt 0.424273 0.067926
vt 0.423968 0.058092
vt 0.426719 0.059082
vt 0.430621 0.043140
vt 0.433150 0.044630
vt 0.440250 0.030289
vt 0.442442 0.032229
vt 0.448147 0.022641
vt 0.450017 0.024893
vt 0.461203 0.013310
vt 0.462637 0.015873
vt 0.475961 0.007019
vt 0.476903 0.009792
vt 0.487205 0.004101
vt 0.487831 0.006956
vt 0.503192 0.001201
vt 0.503560 0.004103
vt 0.519438 -0.000000
vt 0.519545 0.002921
vt 0.544086 -0.000000
vt 0.543979 0.002921
vt 0.560332 0.001201
vt 0.559964 0.004103
vt 0.576319 0.004101
vt 0.575693 0.006956
vt 0.587562 0.007019
vt 0.586621 0.009792
vt 0.602320 0.013310
vt 0.600886 0.015874
vt 0.615377 0.022641
vt 0.613507 0.024893
vt 0.623274 0.030289
vt 0.621081 0.032229
vt 0.632903 0.043140
vt 0.630374 0.044630
vt 0.639556 0.058092
vt 0.636804 0.059082
vt 0.642092 0.067259
vt 0.639251 0.067926
vt 0.645231 0.083663
vt 0.642337 0.084052
vt 0.646532 0.100572
vt 0.643616 0.100684
vt 0.646532 0.249477
vt 0.646532 0.305049
vt 0.643616 0.304936
vt 0.643616 0.249477
vt 0.645231 0.321957
vt 0.642337 0.321568
vt 0.642092 0.338361
vt 0.639251 0.337695
vt 0.639556 0.347529
vt 0.636804 0.346538
vt 0.632903 0.362481
vt 0.630374 0.360990
vt 0.623274 0.375331
vt 0.621081 0.373392
vt 0.615377 0.382980
vt 0.613507 0.380728
vt 0.602320 0.392310
vt 0.600886 0.389747
vt 0.587562 0.398601
vt 0.586621 0.395828
vt 0.576319 0.401519
vt 0.575693 0.398664
vt 0.560332 0.404419
vt 0.559964 0.401517
vt 0.544086 0.405620
vt 0.543979 0.402699
vt 0.519438 0.405620
vt 0.519545 0.402699
vt 0.503192 0.404419
vt 0.503560 0.401517
vt 0.487205 0.401519
vt 0.487831 0.398664
vt 0.475961 0.398601
vt 0.476903 0.395828
vt 0.461203 0.392310
vt 0.462637 0.389747
vt 0.448147 0.382980
vt 0.450017 0.380728
vt 0.646532 0.156143
vt 0.643616 0.156143
vt 0.873122 0.870980
vt 0.873122 0.854702
vt 0.918872 0.178989
vt 0.915829 0.178989
vt 0.548868 0.823642
vt 0.548882 0.811241
vt 0.551926 0.811241
vt 0.551912 0.823642
vt 0.548859 0.838095
vt 0.551903 0.838095
vt 0.853058 0.345042
vt 0.853090 0.332191
vt 0.873122 0.886998
vt 0.548855 0.846938
vt 0.551899 0.846938
vt 0.548850 0.863064
vt 0.551894 0.863064
vt 0.853113 0.317239
vt 0.548849 0.879696
vt 0.551892 0.879696
vt 0.853090 0.012850
vt 0.548849 0.935156
vt 0.551892 0.935156
vt 0.871161 0.857222
vt 0.868117 0.857222
vt 0.896429 0.764597
vt 0.896428 0.749811
vt 0.853058 -0.000000
vt 0.871156 0.841095
vt 0.868112 0.841095
vt 0.871153 0.832252
vt 0.868109 0.832252
vt 0.896426 0.736730
vt 0.871143 0.817800
vt 0.868099 0.817800
vt 0.853137 0.070282
vt 0.853132 0.053374
vt 0.871129 0.805398
vt 0.868086 0.805398
vt 0.873122 0.934045
vt 0.915830 0.007589
vt 0.915829 -0.000000
vt 0.918872 -0.000000
vt 0.918874 0.007589
vt 0.873122 0.786444
vt 0.873122 0.771657
vt 0.915832 0.020233
vt 0.918875 0.020233
vt 0.915833 0.034525
vt 0.918876 0.034525
vt 0.915833 0.045475
vt 0.918877 0.045475
vt 0.915834 0.061234
vt 0.918877 0.061234
vt 0.896429 0.775862
vt 0.915834 0.077251
vt 0.918878 0.077251
vt 0.896430 0.808158
vt 0.896430 0.791880
vt 0.915834 0.101732
vt 0.918878 0.101732
vt 0.915834 0.117749
vt 0.918877 0.117749
vt 0.896424 0.728818
vt 0.915833 0.133509
vt 0.918877 0.133509
vt 0.853137 0.125854
vt 0.915833 0.144459
vt 0.918876 0.144459
vt 0.873157 0.405620
vt 0.915831 0.158753
vt 0.918875 0.158753
vt 0.138659 0.995366
vt 0.138659 0.916495
vt 0.231993 0.916495
vt 0.231993 0.995366
vt 0.394997 0.589366
vt 0.394997 0.531520
vt 0.416992 0.531520
vt 0.416992 0.589366
vt 0.652956 0.402658
vt 0.651807 0.402658
vt 0.652381 0.402152
vt 0.718797 0.827393
vt 0.718797 0.920727
vt 0.687604 0.920727
vt 0.687604 0.827393
vt 0.735976 0.942032
vt 0.718797 0.864884
vt 0.749245 0.858104
vt 0.766423 0.935252
vt 0.814050 0.864884
vt 0.796871 0.942032
vt 0.766423 0.935252
vt 0.783602 0.858104
vt 0.652956 0.404485
vt 0.651807 0.404485
vt 0.652381 0.403980
vt 0.657549 0.402658
vt 0.656401 0.402658
vt 0.656975 0.402152
vt 0.233329 0.648360
vt 0.233329 0.649508
vt 0.232824 0.648934
vt 0.233329 0.530372
vt 0.233329 0.531520
vt 0.232824 0.530946
vt 0.682647 0.827393
vt 0.682647 0.920727
vt 0.648704 0.920727
vt 0.648704 0.827393
vt 0.233329 0.353390
vt 0.233329 0.354538
vt 0.232824 0.353964
vt 0.233329 0.235402
vt 0.233329 0.236550
vt 0.232824 0.235976
vt 0.233329 0.117414
vt 0.233329 0.118562
vt 0.232824 0.117988
vt 0.137323 0.708502
vt 0.137323 0.707354
vt 0.137828 0.707928
vt 0.137323 0.590514
vt 0.137323 0.589366
vt 0.137828 0.589940
vt 0.137323 0.472526
vt 0.137323 0.471378
vt 0.137828 0.471952
vt 0.137323 0.354538
vt 0.137323 0.353390
vt 0.137828 0.353964
vt 0.137323 0.236550
vt 0.137323 0.235402
vt 0.137828 0.235976
vt 0.137323 0.118562
vt 0.137323 0.117414
vt 0.137828 0.117988
vt 0.656975 0.403163
vt 0.651827 0.399003
vt 0.652975 0.399003
vt 0.652401 0.399508
vt 0.656420 0.399003
vt 0.657568 0.399003
vt 0.656994 0.399508
vt 0.657549 0.400830
vt 0.658697 0.400830
vt 0.658123 0.401336
vt 0.652956 0.400830
vt 0.654104 0.400830
vt 0.653530 0.401335
vt 0.652956 0.402658
vt 0.654104 0.402658
vt 0.653530 0.403163
vt 0.137323 0.817374
vt 0.137323 0.816186
vt 0.137828 0.816780
vt 0.649453 0.399003
vt 0.650640 0.399003
vt 0.650046 0.399508
vt 0.650640 0.402658
vt 0.649453 0.402658
vt 0.650046 0.402152
vt 0.233329 0.816186
vt 0.233329 0.817374
vt 0.232824 0.816780
vt 0.650640 0.400830
vt 0.651807 0.400830
vt 0.651214 0.401335
vt 0.137323 0.767516
vt 0.137323 0.766348
vt 0.137828 0.766922
vt 0.644056 0.811241
vt 0.644056 0.845184
vt 0.642905 0.845799
vt 0.642905 0.811855
vt 0.854208 0.345349
vt 0.854208 0.379292
vt 0.853058 0.378985
vt 0.853058 0.345042
vt 0.854208 0.379292
vt 0.854208 0.345349
vt 0.855359 0.345042
vt 0.855359 0.378985
vt 0.654123 0.400830
vt 0.652975 0.400830
vt 0.653549 0.400325
vt 0.655252 0.404485
vt 0.654104 0.404485
vt 0.654678 0.403980
vt 0.655252 0.402658
vt 0.654104 0.402658
vt 0.654678 0.402152
vt 0.655271 0.400830
vt 0.654123 0.400830
vt 0.654697 0.400325
vt 0.658697 0.404485
vt 0.657549 0.404485
vt 0.658123 0.403980
vt 0.658716 0.400830
vt 0.657568 0.400830
vt 0.658142 0.400325
vt 0.659845 0.402658
vt 0.658697 0.402658
vt 0.659271 0.402152
vt 0.659845 0.404485
vt 0.658697 0.404485
vt 0.659271 0.403980
vt 0.659864 0.400830
vt 0.658716 0.400830
vt 0.659290 0.400325
vt 0.233329 0.707354
vt 0.233329 0.708502
vt 0.232824 0.707928
vt 0.233329 0.589366
vt 0.233329 0.590514
vt 0.232824 0.589940
vt 0.233329 0.471378
vt 0.233329 0.472526
vt 0.232824 0.471952
vt 0.233329 0.412384
vt 0.233329 0.413532
vt 0.232824 0.412958
vt 0.233329 0.294396
vt 0.233329 0.295544
vt 0.232824 0.294970
vt 0.233329 0.176408
vt 0.233329 0.177556
vt 0.232824 0.176982
vt 0.233329 0.058420
vt 0.233329 0.059568
vt 0.232824 0.058994
vt 0.137323 0.649508
vt 0.137323 0.648360
vt 0.137828 0.648934
vt 0.137323 0.531520
vt 0.137323 0.530372
vt 0.137828 0.530946
vt 0.137323 0.413532
vt 0.137323 0.412384
vt 0.137828 0.412958
vt 0.137323 0.295544
vt 0.137323 0.294396
vt 0.137828 0.294970
vt 0.137323 0.177556
vt 0.137323 0.176408
vt 0.137828 0.176982
vt 0.137323 0.059568
vt 0.137323 0.058420
vt 0.137828 0.058994
vt 0.659845 0.402658
vt 0.660993 0.402658
vt 0.660419 0.403163
vt 0.659845 0.400830
vt 0.660993 0.400830
vt 0.660419 0.401335
vt 0.659864 0.399003
vt 0.661013 0.399003
vt 0.660438 0.399508
vt 0.655252 0.402658
vt 0.655826 0.403163
vt 0.655252 0.400830
vt 0.656400 0.400830
vt 0.655826 0.401335
vt 0.655271 0.399003
vt 0.656420 0.399003
vt 0.655846 0.399508
vt 0.137323 0.867231
vt 0.137323 0.866043
vt 0.137828 0.866637
vt 0.649453 0.402658
vt 0.650640 0.402658
vt 0.650047 0.403163
vt 0.651827 0.400830
vt 0.651233 0.400325
vt 0.233329 0.866043
vt 0.233329 0.867231
vt 0.232824 0.866637
vt 0.650640 0.404485
vt 0.651214 0.403980
vt 0.233329 0.766348
vt 0.233329 0.767516
vt 0.232824 0.766922
vt 0.642906 0.811241
vt 0.642906 0.845184
vt 0.641755 0.845799
vt 0.641755 0.811855
vt 0.656401 0.401321
vt 0.656975 0.400830
vt 0.872499 0.873285
vt 0.872499 0.907229
vt 0.871163 0.907229
vt 0.871163 0.873285
vt 0.655826 0.402658
vt 0.655252 0.402166
vt 0.629167 0.914605
vt 0.629167 0.880662
vt 0.630503 0.880662
vt 0.630503 0.914605
vt 0.139150 0.471952
vt 0.138659 0.472526
vt 0.657549 0.401321
vt 0.654104 0.403994
vt 0.653530 0.404485
vt 0.870058 0.345042
vt 0.870058 0.378985
vt 0.868722 0.378985
vt 0.868722 0.345042
vt 0.138659 0.412384
vt 0.139150 0.412958
vt 0.231993 0.708502
vt 0.231501 0.707928
vt 0.621149 0.914605
vt 0.621149 0.880661
vt 0.622485 0.880661
vt 0.622485 0.914605
vt 0.652956 0.403994
vt 0.910804 0.333373
vt 0.910804 0.367316
vt 0.909467 0.367316
vt 0.909467 0.333373
vt 0.138659 0.413532
vt 0.231993 0.707354
vt 0.656420 0.400339
vt 0.655846 0.400830
vt 0.622485 0.914605
vt 0.622485 0.880662
vt 0.623822 0.880662
vt 0.623822 0.914605
vt 0.138659 0.353390
vt 0.139150 0.353964
vt 0.231993 0.649508
vt 0.231501 0.648934
vt 0.871395 0.345042
vt 0.871395 0.378985
vt 0.870058 0.378985
vt 0.870058 0.345042
vt 0.655271 0.400339
vt 0.644242 0.913685
vt 0.644242 0.879742
vt 0.645578 0.879742
vt 0.645578 0.913685
vt 0.138659 0.354538
vt 0.231993 0.648360
vt 0.138659 0.816186
vt 0.139150 0.816780
vt 0.859368 0.345042
vt 0.859368 0.378985
vt 0.858031 0.378985
vt 0.858031 0.345042
vt 0.138659 0.294396
vt 0.139150 0.294970
vt 0.231993 0.590514
vt 0.231501 0.589940
vt 0.625158 0.880662
vt 0.625158 0.914605
vt 0.859368 0.345042
vt 0.860704 0.345042
vt 0.860704 0.378985
vt 0.138659 0.817374
vt 0.871163 0.839342
vt 0.871163 0.805398
vt 0.872499 0.805398
vt 0.872499 0.839342
vt 0.138659 0.295544
vt 0.631840 0.880662
vt 0.631840 0.914605
vt 0.231993 0.589366
vt 0.138659 0.866043
vt 0.139150 0.866637
vt 0.621149 0.914605
vt 0.619813 0.914605
vt 0.619813 0.880661
vt 0.138659 0.235402
vt 0.139150 0.235976
vt 0.871395 0.378985
vt 0.871395 0.345042
vt 0.872731 0.345042
vt 0.872731 0.378985
vt 0.231993 0.531520
vt 0.231501 0.530946
vt 0.860704 0.378985
vt 0.860704 0.345042
vt 0.862040 0.345042
vt 0.862040 0.378985
vt 0.633176 0.880662
vt 0.633176 0.914605
vt 0.631840 0.914605
vt 0.138659 0.867231
vt 0.626494 0.880662
vt 0.626494 0.914605
vt 0.625158 0.914605
vt 0.625158 0.880662
vt 0.138659 0.236550
vt 0.909467 0.401260
vt 0.910804 0.401260
vt 0.231993 0.530372
vt 0.650640 0.400339
vt 0.650046 0.400830
vt 0.911680 0.946144
vt 0.911680 0.912201
vt 0.913016 0.912201
vt 0.913016 0.946144
vt 0.138659 0.176408
vt 0.139150 0.176982
vt 0.634512 0.880662
vt 0.634512 0.914605
vt 0.231993 0.472526
vt 0.231501 0.471952
vt 0.856695 0.345042
vt 0.856695 0.378985
vt 0.855359 0.378985
vt 0.855359 0.345042
vt 0.871163 0.873285
vt 0.649453 0.400339
vt 0.910343 0.946144
vt 0.910343 0.912201
vt 0.138659 0.177556
vt 0.635849 0.880662
vt 0.635849 0.914605
vt 0.231993 0.471378
vt 0.650640 0.403994
vt 0.650047 0.404485
vt 0.858031 0.378985
vt 0.138659 0.117414
vt 0.139150 0.117988
vt 0.910804 0.367316
vt 0.910804 0.333373
vt 0.912140 0.333373
vt 0.912140 0.367316
vt 0.231993 0.413532
vt 0.231501 0.412958
vt 0.652975 0.399494
vt 0.653549 0.399003
vt 0.637185 0.880662
vt 0.637185 0.914605
vt 0.635849 0.914605
vt 0.635849 0.880662
vt 0.649453 0.403994
vt 0.138659 0.118562
vt 0.862040 0.378985
vt 0.862040 0.345042
vt 0.863377 0.345042
vt 0.863377 0.378985
vt 0.231993 0.412384
vt 0.649453 0.401321
vt 0.654123 0.399494
vt 0.138659 0.058420
vt 0.139150 0.058994
vt 0.638521 0.880661
vt 0.638521 0.914605
vt 0.637185 0.914605
vt 0.637185 0.880661
vt 0.231993 0.354538
vt 0.231501 0.353964
vt 0.654104 0.403149
vt 0.654678 0.402658
vt 0.872731 0.378985
vt 0.872731 0.345042
vt 0.874067 0.345042
vt 0.874067 0.378985
vt 0.650640 0.401321
vt 0.138659 0.059568
vt 0.641755 0.880661
vt 0.641755 0.914605
vt 0.640419 0.914605
vt 0.640419 0.880661
vt 0.231993 0.353390
vt 0.650640 0.399494
vt 0.651233 0.399003
vt 0.655252 0.403149
vt 0.657549 0.403994
vt 0.656975 0.404485
vt 0.863377 0.378985
vt 0.863377 0.345042
vt 0.864713 0.345042
vt 0.864713 0.378985
vt 0.231993 0.295544
vt 0.231501 0.294970
vt 0.654104 0.401321
vt 0.654678 0.400830
vt 0.640419 0.880661
vt 0.640419 0.914605
vt 0.639082 0.914605
vt 0.639082 0.880661
vt 0.651827 0.399494
vt 0.656401 0.403994
vt 0.231993 0.766348
vt 0.231501 0.766922
vt 0.139150 0.766922
vt 0.138659 0.766348
vt 0.138659 0.708502
vt 0.139150 0.707928
vt 0.581869 0.864675
vt 0.551926 0.880661
vt 0.551926 0.827227
vt 0.581869 0.811241
vt 0.231993 0.816186
vt 0.231501 0.816780
vt 0.138659 0.767516
vt 0.231993 0.767516
vt 0.551926 0.939205
vt 0.585869 0.939205
vt 0.585869 0.997173
vt 0.551926 0.997173
vt 0.866005 0.995737
vt 0.832062 0.995737
vt 0.832062 0.937770
vt 0.866005 0.937770
vt 0.611812 0.864675
vt 0.611812 0.811241
vt 0.641755 0.827227
vt 0.394997 0.590514
vt 0.394506 0.589940
vt 0.416992 0.589940
vt 0.416992 0.590514
vt 0.394506 0.117988
vt 0.394015 0.118562
vt 0.372020 0.118562
vt 0.372020 0.117988
vt 0.733291 0.812776
vt 0.766423 0.805398
vt 0.231501 0.866637
vt 0.231993 0.867231
vt 0.909467 0.386807
vt 0.879524 0.402794
vt 0.879524 0.349360
vt 0.909467 0.333373
vt 0.231993 0.866043
vt 0.231993 0.817374
vt 0.021994 0.866052
vt 0.022486 0.866646
vt 0.000000 0.866646
vt 0.000000 0.866052
vt 0.022486 0.708034
vt 0.021994 0.708608
vt 0.000000 0.708608
vt 0.000000 0.708034
vt 0.611812 0.880662
vt 0.581869 0.864675
vt 0.581869 0.811241
vt 0.611812 0.827228
vt 0.766423 0.805398
vt 0.799555 0.812776
vt 0.989085 0.236957
vt 0.955141 0.236957
vt 0.955141 0.178989
vt 0.989085 0.178989
vt 0.394015 0.531520
vt 0.394015 0.589366
vt 0.372020 0.589366
vt 0.372020 0.531520
vt 0.989085 0.057968
vt 0.955142 0.057968
vt 0.955142 0.000000
vt 0.989085 -0.000000
vt 0.394506 0.530946
vt 0.394997 0.530372
vt 0.416992 0.530372
vt 0.416992 0.530946
vt 0.989085 0.115936
vt 0.955142 0.115936
vt 0.955142 0.057968
vt 0.989085 0.057968
vt 0.021994 0.867239
vt 0.000000 0.867239
vt 0.989085 0.173904
vt 0.955142 0.173904
vt 0.955142 0.115936
vt 0.989085 0.115936
vt 0.021994 0.648457
vt 0.022486 0.649031
vt 0.000000 0.649031
vt 0.000000 0.648457
vt 0.976374 0.521556
vt 0.942430 0.521557
vt 0.942430 0.463589
vt 0.976374 0.463589
vt 0.394015 0.117414
vt 0.372020 0.117414
vt 0.952816 0.394923
vt 0.918872 0.394923
vt 0.918872 0.336955
vt 0.952816 0.336955
vt 0.021994 0.816248
vt 0.022486 0.816841
vt 0.000000 0.816841
vt 0.000000 0.816248
vt 0.953641 0.919277
vt 0.919698 0.919277
vt 0.919698 0.861309
vt 0.953641 0.861309
vt 0.021994 0.649605
vt 0.000000 0.649605
vt 0.966706 0.728452
vt 0.932763 0.728452
vt 0.932763 0.670484
vt 0.966706 0.670484
vt 0.971653 0.786786
vt 0.937710 0.786786
vt 0.937710 0.728818
vt 0.971653 0.728818
vt 0.394506 0.176982
vt 0.394015 0.177556
vt 0.372020 0.177556
vt 0.372020 0.176982
vt 0.971653 0.844754
vt 0.937710 0.844754
vt 0.021994 0.817434
vt 0.000000 0.817434
vt 0.976374 0.463588
vt 0.942430 0.463588
vt 0.942430 0.405620
vt 0.976374 0.405620
vt 0.021994 0.589454
vt 0.022486 0.590028
vt 0.000000 0.590028
vt 0.000000 0.589454
vt 0.394997 0.648360
vt 0.416992 0.648360
vt 0.585869 0.939205
vt 0.551926 0.939205
vt 0.551926 0.880661
vt 0.585869 0.880661
vt 0.231993 0.058420
vt 0.231501 0.058994
vt 0.138659 0.000000
vt 0.231993 0.000000
vt 0.231993 0.117414
vt 0.231501 0.117988
vt 0.231993 0.059568
vt 0.231993 0.176408
vt 0.231501 0.176982
vt 0.231993 0.118562
vt 0.231993 0.235402
vt 0.231501 0.235976
vt 0.231993 0.177556
vt 0.231993 0.294396
vt 0.231993 0.236550
vt 0.138659 0.471378
vt 0.139150 0.530946
vt 0.138659 0.530372
vt 0.139150 0.589940
vt 0.138659 0.589366
vt 0.138659 0.531520
vt 0.139150 0.648934
vt 0.138659 0.648360
vt 0.138659 0.590514
vt 0.138659 0.707354
vt 0.138659 0.649508
vt 0.585869 0.880662
vt 0.619813 0.880662
vt 0.619813 0.939205
vt 0.585869 0.939205
vt 0.953641 0.919278
vt 0.987584 0.919278
vt 0.987584 0.977246
vt 0.953641 0.977246
vt 0.976374 0.637493
vt 0.942431 0.637493
vt 0.942431 0.579525
vt 0.976374 0.579525
vt 0.919698 0.919278
vt 0.953641 0.919278
vt 0.953641 0.977246
vt 0.919698 0.977246
vt 0.952816 0.336955
vt 0.986759 0.336955
vt 0.986759 0.394923
vt 0.952816 0.394923
vt 0.953641 0.861309
vt 0.987584 0.861309
vt 0.987584 0.919277
vt 0.953641 0.919277
vt 0.942431 0.521556
vt 0.976374 0.521556
vt 0.976374 0.579525
vt 0.942431 0.579525
vt 0.585869 0.939205
vt 0.619813 0.939205
vt 0.619813 0.997173
vt 0.585869 0.997173
vt 0.718797 0.942032
vt 0.752741 0.942032
vt 0.752741 1.000000
vt 0.718797 1.000000
vt 0.752741 0.942032
vt 0.786684 0.942032
vt 0.786684 1.000000
vt 0.955141 0.236957
vt 0.989085 0.236957
vt 0.989085 0.294925
vt 0.955141 0.294925
vt 0.873122 0.934046
vt 0.907066 0.934046
vt 0.907066 0.992014
vt 0.873122 0.992014
vt 0.644056 0.845184
vt 0.644056 0.811241
vt 0.645207 0.811855
vt 0.645207 0.845799
vt 0.645347 0.845184
vt 0.645347 0.811241
vt 0.646498 0.811855
vt 0.646498 0.845799
vt 0.630503 0.948548
vt 0.631654 0.914605
vt 0.631654 0.948548
vt 0.629353 0.948548
vt 0.629353 0.914605
vt 0.630503 0.914605
vt 0.630503 0.948548
vt 0.631840 0.948548
vt 0.632990 0.914605
vt 0.632990 0.948548
vt 0.909193 0.946144
vt 0.909193 0.912201
vt 0.910343 0.912201
vt 0.910343 0.946144
vt 0.908042 0.946144
vt 0.908042 0.912201
vt 0.644428 0.947629
vt 0.644428 0.913685
vt 0.645578 0.913685
vt 0.645578 0.947629
vt 0.642905 0.947629
vt 0.642905 0.913685
vt 0.644056 0.913685
vt 0.644056 0.947629
vt 0.641755 0.947629
vt 0.641755 0.913685
vt 0.642905 0.913685
vt 0.642905 0.947629
vt 0.621149 0.948548
vt 0.621149 0.914605
vt 0.622300 0.914605
vt 0.622300 0.948548
vt 0.619999 0.948548
vt 0.619999 0.914605
vt 0.621149 0.948548
vt 0.641755 0.879742
vt 0.641755 0.845799
vt 0.642905 0.845799
vt 0.642905 0.879742
vt 0.641755 0.879742
vt 0.642905 0.879742
vt 0.628981 0.914605
vt 0.628981 0.948548
vt 0.627831 0.948548
vt 0.627831 0.914605
vt 0.627459 0.914605
vt 0.627459 0.948548
vt 0.626309 0.948548
vt 0.626309 0.914605
vt 0.624972 0.914605
vt 0.624972 0.948548
vt 0.623822 0.948548
vt 0.623822 0.914605
vt 0.623822 0.948548
vt 0.622671 0.948548
vt 0.622671 0.914605
vt 0.626309 0.914605
vt 0.626309 0.948548
vt 0.625158 0.948548
vt 0.634326 0.914605
vt 0.634327 0.948548
vt 0.633176 0.948548
vt 0.635663 0.914605
vt 0.635663 0.948548
vt 0.634512 0.948548
vt 0.634512 0.914605
vt 0.636999 0.914605
vt 0.636999 0.948548
vt 0.635849 0.948548
vt 0.638150 0.914605
vt 0.638150 0.948548
vt 0.636999 0.948548
vt 0.636999 0.914605
vt 0.641569 0.914605
vt 0.641569 0.948548
vt 0.640419 0.948548
vt 0.640419 0.914605
vt 0.640419 0.948548
vt 0.639268 0.948548
vt 0.639268 0.914605
vt 0.956292 0.294925
vt 0.956292 0.328869
vt 0.955141 0.328869
vt 0.955141 0.294925
vt 0.913476 0.367316
vt 0.913476 0.333373
vt 0.914813 0.333373
vt 0.914813 0.367316
vt 0.656400 0.402166
vt 0.659290 0.399003
vt 0.659864 0.399494
vt 0.875404 0.345042
vt 0.875404 0.378985
vt 0.874067 0.378985
vt 0.874067 0.345042
vt 0.653530 0.402658
vt 0.652956 0.402166
vt 0.913476 0.401260
vt 0.913476 0.367316
vt 0.914813 0.367316
vt 0.914813 0.401260
vt 0.658716 0.399494
vt 0.866049 0.345042
vt 0.866049 0.378985
vt 0.864713 0.378985
vt 0.864713 0.345042
vt 0.654104 0.402166
vt 0.652381 0.402658
vt 0.652956 0.403149
vt 0.914813 0.401260
vt 0.914813 0.367316
vt 0.916149 0.367316
vt 0.916149 0.401260
vt 0.655826 0.404485
vt 0.655252 0.403994
vt 0.876740 0.345042
vt 0.876740 0.378985
vt 0.875404 0.378985
vt 0.875404 0.345042
vt 0.651807 0.403149
vt 0.917485 0.367316
vt 0.917485 0.401260
vt 0.656401 0.403994
vt 0.659271 0.402658
vt 0.659845 0.403149
vt 0.867386 0.345042
vt 0.867386 0.378985
vt 0.866049 0.378985
vt 0.866049 0.345042
vt 0.658123 0.402658
vt 0.657549 0.402166
vt 0.917485 0.401259
vt 0.918822 0.367316
vt 0.918822 0.401259
vt 0.658697 0.403149
vt 0.912140 0.367316
vt 0.912140 0.401260
vt 0.658697 0.402166
vt 0.659271 0.400830
vt 0.659845 0.401321
vt 0.871163 0.941172
vt 0.871163 0.907229
vt 0.872499 0.941172
vt 0.660438 0.400830
vt 0.659864 0.400339
vt 0.878076 0.345042
vt 0.878076 0.378985
vt 0.876740 0.378985
vt 0.876740 0.345042
vt 0.658697 0.401321
vt 0.918361 0.946144
vt 0.918361 0.912201
vt 0.919698 0.912201
vt 0.919698 0.946144
vt 0.661013 0.400339
vt 0.658142 0.399003
vt 0.658716 0.399494
vt 0.913476 0.333373
vt 0.913476 0.367316
vt 0.912140 0.333373
vt 0.656994 0.400830
vt 0.656420 0.400339
vt 0.651214 0.402658
vt 0.651807 0.403149
vt 0.917025 0.946144
vt 0.917025 0.912201
vt 0.657568 0.399494
vt 0.879413 0.345042
vt 0.879413 0.378985
vt 0.878076 0.378985
vt 0.878076 0.345042
vt 0.657568 0.400339
vt 0.658123 0.402658
vt 0.658697 0.403149
vt 0.650640 0.403149
vt 0.915689 0.946144
vt 0.915689 0.912201
vt 0.917025 0.912201
vt 0.917025 0.946144
vt 0.660419 0.402658
vt 0.659845 0.402166
vt 0.650640 0.402166
vt 0.868722 0.378985
vt 0.657549 0.403149
vt 0.627831 0.880662
vt 0.627831 0.914605
vt 0.626494 0.914605
vt 0.626494 0.880662
vt 0.660993 0.402166
vt 0.652381 0.400830
vt 0.652956 0.401321
vt 0.651807 0.402166
vt 0.913476 0.367316
vt 0.913476 0.401260
vt 0.652401 0.400830
vt 0.651827 0.400339
vt 0.629167 0.880661
vt 0.627831 0.914605
vt 0.627831 0.880661
vt 0.651807 0.401321
vt 0.642905 0.879742
vt 0.644242 0.845799
vt 0.652975 0.400339
vt 0.654697 0.399003
vt 0.655271 0.399494
vt 0.914352 0.946144
vt 0.914352 0.912201
vt 0.660419 0.404485
vt 0.659845 0.403994
vt 0.644242 0.913685
vt 0.654123 0.399494
vt 0.914352 0.912201
vt 0.660993 0.403994
vt 0.655252 0.401321
vt 0.645578 0.845799
vt 0.115328 0.995333
vt 0.021994 0.995333
vt 0.021994 0.916450
vt 0.115328 0.916450
vt 0.115328 0.766462
vt 0.114837 0.767036
vt 0.022486 0.767036
vt 0.021994 0.766462
vt 0.114837 0.708034
vt 0.115328 0.708608
vt 0.115328 0.816248
vt 0.114837 0.816841
vt 0.021994 0.767630
vt 0.115328 0.767630
vt 0.115328 0.866052
vt 0.114837 0.866646
vt 0.115328 0.817434
vt 0.115328 0.867239
vt 0.115328 0.707459
vt 0.021994 0.707459
vt 0.114837 0.649031
vt 0.115328 0.649605
vt 0.115328 0.648457
vt 0.021994 0.590602
vt 0.114837 0.590028
vt 0.115328 0.590602
vt 0.115328 0.589454
vt 0.021994 0.531599
vt 0.022486 0.531025
vt 0.114837 0.531025
vt 0.115328 0.531599
vt 0.115328 0.530451
vt 0.021994 0.530451
vt 0.021994 0.472596
vt 0.022486 0.472022
vt 0.114837 0.472022
vt 0.115328 0.472597
vt 0.115328 0.471448
vt 0.021994 0.471448
vt 0.021994 0.413594
vt 0.022486 0.413020
vt 0.114837 0.413020
vt 0.115328 0.413594
vt 0.115328 0.412445
vt 0.021994 0.412445
vt 0.021994 0.354591
vt 0.022486 0.354017
vt 0.114837 0.354017
vt 0.115328 0.354591
vt 0.115328 0.353443
vt 0.021994 0.353443
vt 0.021994 0.295588
vt 0.022486 0.295014
vt 0.114837 0.295014
vt 0.115328 0.295588
vt 0.115328 0.294440
vt 0.021994 0.294440
vt 0.021994 0.236585
vt 0.022486 0.236011
vt 0.114837 0.236011
vt 0.115328 0.236585
vt 0.115328 0.235437
vt 0.021994 0.235437
vt 0.021994 0.177583
vt 0.022486 0.177008
vt 0.114837 0.177008
vt 0.115328 0.177583
vt 0.115328 0.176434
vt 0.021994 0.176434
vt 0.021994 0.118580
vt 0.022486 0.118006
vt 0.114837 0.118006
vt 0.115328 0.118580
vt 0.115328 0.117432
vt 0.021994 0.117431
vt 0.021994 0.059577
vt 0.022486 0.059003
vt 0.114837 0.059003
vt 0.115328 0.059577
vt 0.115328 0.058429
vt 0.021994 0.058429
vt 0.021994 0.000000
vt 0.115328 0.000000
vt 0.394506 0.471952
vt 0.394997 0.471378
vt 0.416992 0.471378
vt 0.416992 0.471952
vt 0.000000 0.058429
vt 0.000000 0.000000
vt 0.137323 0.767036
vt 0.137323 0.767630
vt 0.000000 0.590602
vt 0.394015 0.590514
vt 0.394015 0.648360
vt 0.372020 0.648360
vt 0.372020 0.590514
vt 0.137323 0.000000
vt 0.137323 0.058429
vt 0.137323 0.766462
vt 0.394015 0.176408
vt 0.372020 0.176408
vt 0.000000 0.531025
vt 0.000000 0.530451
vt 0.646498 0.920727
vt 0.646498 0.827393
vt 0.394506 0.766922
vt 0.394015 0.767516
vt 0.372020 0.767516
vt 0.372020 0.766922
vt 0.394997 0.472526
vt 0.416992 0.472526
vt 0.000000 0.767036
vt 0.000000 0.766462
vt 0.394506 0.235976
vt 0.394015 0.236550
vt 0.372020 0.236550
vt 0.372020 0.235976
vt 0.000000 0.531599
vt 0.394506 0.412958
vt 0.394997 0.412384
vt 0.416992 0.412384
vt 0.416992 0.412958
vt 0.000000 0.117431
vt 0.000000 0.059577
vt 0.000000 0.767630
vt 0.000000 0.472022
vt 0.000000 0.471448
vt 0.394997 0.707354
vt 0.394997 0.649508
vt 0.416992 0.649508
vt 0.416992 0.707354
vt 0.394015 0.766348
vt 0.372020 0.766348
vt 0.137323 0.059577
vt 0.137323 0.117432
vt 0.394015 0.235402
vt 0.372020 0.235402
vt 0.000000 0.472596
vt 0.394015 0.649508
vt 0.394015 0.707354
vt 0.372020 0.707354
vt 0.372020 0.649508
vt 0.394506 0.766922
vt 0.394997 0.766348
vt 0.416992 0.766348
vt 0.416992 0.766922
vt 0.394997 0.413532
vt 0.416992 0.413532
vt 0.394506 0.294970
vt 0.394015 0.295544
vt 0.372020 0.295544
vt 0.372020 0.294970
vt 0.000000 0.413020
vt 0.000000 0.412445
vt 0.394506 0.353964
vt 0.394997 0.353390
vt 0.416992 0.353390
vt 0.416992 0.353964
vt 0.000000 0.176434
vt 0.000000 0.118580
vt 0.000000 0.995333
vt 0.000000 0.916450
vt 0.000000 0.413594
vt 0.394015 0.867231
vt 0.394015 0.916673
vt 0.372020 0.916673
vt 0.372020 0.867231
vt 0.394997 0.767516
vt 0.416992 0.767516
vt 0.137323 0.118580
vt 0.137323 0.176434
vt 0.394015 0.294396
vt 0.372020 0.294396
vt 0.000000 0.354017
vt 0.000000 0.353443
vt 0.394997 0.354538
vt 0.416992 0.354538
vt 0.137323 0.916450
vt 0.137323 0.995333
vt 0.394506 0.353964
vt 0.394015 0.354538
vt 0.372020 0.354538
vt 0.372020 0.353964
vt 0.000000 0.354591
vt 0.394015 0.817374
vt 0.394015 0.866043
vt 0.372020 0.866043
vt 0.372020 0.817374
vt 0.394506 0.294970
vt 0.394997 0.294396
vt 0.416992 0.294396
vt 0.416992 0.294970
vt 0.000000 0.235437
vt 0.000000 0.177583
vt 0.000000 0.295014
vt 0.000000 0.294440
vt 0.137323 0.177583
vt 0.137323 0.235437
vt 0.394015 0.353390
vt 0.372020 0.353390
vt 0.000000 0.295588
vt 0.394997 0.295544
vt 0.416992 0.295544
vt 0.394506 0.412958
vt 0.394015 0.413532
vt 0.372020 0.413532
vt 0.372020 0.412958
vt 0.000000 0.236011
vt 0.394997 0.866043
vt 0.394997 0.817374
vt 0.416992 0.817374
vt 0.416992 0.866043
vt 0.394506 0.235976
vt 0.394997 0.235402
vt 0.416992 0.235402
vt 0.416992 0.235976
vt 0.000000 0.236585
vt 0.394997 0.058420
vt 0.394997 0.000000
vt 0.416992 0.000000
vt 0.416992 0.058420
vt 0.137323 0.236585
vt 0.137323 0.294440
vt 0.394015 0.000000
vt 0.394015 0.058420
vt 0.372020 0.058420
vt 0.372020 0.000000
vt 0.394015 0.412384
vt 0.372020 0.412384
vt 0.000000 0.177008
vt 0.394997 0.236550
vt 0.416992 0.236550
vt 0.394506 0.471952
vt 0.394015 0.472526
vt 0.372020 0.472526
vt 0.372020 0.471952
vt 0.394506 0.176982
vt 0.394997 0.176408
vt 0.416992 0.176408
vt 0.416992 0.176982
vt 0.394997 0.117414
vt 0.394997 0.059568
vt 0.416992 0.059568
vt 0.416992 0.117414
vt 0.000000 0.118006
vt 0.394997 0.916673
vt 0.394997 0.867231
vt 0.416992 0.867231
vt 0.416992 0.916673
vt 0.137323 0.295588
vt 0.137323 0.353443
vt 0.394015 0.059568
vt 0.372020 0.059568
vt 0.394015 0.471378
vt 0.372020 0.471378
vt 0.394997 0.177556
vt 0.416992 0.177556
vt 0.394506 0.530946
vt 0.372020 0.530946
vt 0.000000 0.059003
vt 0.394506 0.117988
vt 0.416992 0.117988
vt 0.282019 0.235576
vt 0.281968 0.236149
vt 0.279755 0.236143
vt 0.279805 0.235570
vt 0.235593 0.765036
vt 0.235543 0.765609
vt 0.233329 0.765603
vt 0.233379 0.765030
vt 0.287132 0.177257
vt 0.282069 0.235003
vt 0.279855 0.234997
vt 0.284919 0.177251
vt 0.348598 0.815363
vt 0.369551 0.766209
vt 0.371765 0.766203
vt 0.350812 0.815357
vt 0.369807 0.765609
vt 0.369756 0.765036
vt 0.371970 0.765030
vt 0.372020 0.765603
vt 0.359428 0.647251
vt 0.354365 0.589504
vt 0.356579 0.589498
vt 0.361642 0.647245
vt 0.344037 0.471719
vt 0.343987 0.471146
vt 0.346200 0.471140
vt 0.346251 0.471713
vt 0.250984 0.589504
vt 0.245921 0.647251
vt 0.243707 0.647245
vt 0.248771 0.589498
vt 0.338823 0.412254
vt 0.338772 0.411681
vt 0.340986 0.411674
vt 0.341036 0.412248
vt 0.276855 0.294469
vt 0.276804 0.295042
vt 0.274591 0.295036
vt 0.274641 0.294463
vt 0.328444 0.293896
vt 0.323381 0.236149
vt 0.325595 0.236143
vt 0.330658 0.293889
vt 0.338873 0.412827
vt 0.341087 0.412821
vt 0.276905 0.293896
vt 0.274691 0.293890
vt 0.364592 0.706143
vt 0.359529 0.648397
vt 0.361743 0.648391
vt 0.366806 0.706137
vt 0.323280 0.235003
vt 0.318217 0.177257
vt 0.320431 0.177251
vt 0.325494 0.234997
vt 0.343936 0.470573
vt 0.346150 0.470567
vt 0.240757 0.706143
vt 0.240707 0.706716
vt 0.238493 0.706710
vt 0.238543 0.706137
vt 0.287233 0.176111
vt 0.287183 0.176684
vt 0.284969 0.176678
vt 0.285019 0.176105
vt 0.349201 0.530612
vt 0.349151 0.530039
vt 0.351364 0.530033
vt 0.351415 0.530606
vt 0.256148 0.530612
vt 0.251085 0.588358
vt 0.248871 0.588352
vt 0.253935 0.530606
vt 0.235798 0.766209
vt 0.233585 0.766203
vt 0.240656 0.707289
vt 0.238443 0.707283
vt 0.354264 0.588358
vt 0.356478 0.588352
vt 0.364693 0.707289
vt 0.366907 0.707283
vt 0.292296 0.118364
vt 0.290082 0.118358
vt 0.349100 0.529466
vt 0.351314 0.529459
vt 0.245871 0.647824
vt 0.243657 0.647818
vt 0.307889 0.059472
vt 0.307839 0.058899
vt 0.310052 0.058892
vt 0.310103 0.059466
vt 0.292397 0.117218
vt 0.292347 0.117791
vt 0.290133 0.117785
vt 0.290183 0.117212
vt 0.318116 0.176111
vt 0.313053 0.118364
vt 0.315267 0.118358
vt 0.320330 0.176104
vt 0.354315 0.588931
vt 0.356528 0.588925
vt 0.256751 0.815363
vt 0.254537 0.815357
vt 0.245820 0.648397
vt 0.243607 0.648391
vt 0.261312 0.471719
vt 0.256249 0.529466
vt 0.254035 0.529460
vt 0.259099 0.471713
vt 0.307788 0.058326
vt 0.310002 0.058319
vt 0.251035 0.588931
vt 0.248821 0.588925
vt 0.313003 0.117791
vt 0.315216 0.117785
vt 0.297561 0.058326
vt 0.297511 0.058899
vt 0.295297 0.058892
vt 0.295347 0.058319
vt 0.297460 0.059472
vt 0.295246 0.059466
vt 0.359479 0.647824
vt 0.361692 0.647818
vt 0.312952 0.117218
vt 0.315166 0.117212
vt 0.348087 0.816563
vt 0.348343 0.815963
vt 0.350556 0.815957
vt 0.350301 0.816557
vt 0.302675 0.916912
vt 0.326623 0.866918
vt 0.328837 0.866912
vt 0.307628 0.916666
vt 0.256199 0.530039
vt 0.253985 0.530033
vt 0.266476 0.412827
vt 0.261413 0.470573
vt 0.259199 0.470567
vt 0.264263 0.412821
vt 0.318167 0.176684
vt 0.320380 0.176677
vt 0.302675 0.000006
vt 0.300461 -0.000000
vt 0.364643 0.706716
vt 0.366856 0.706710
vt 0.302675 0.000006
vt 0.304888 -0.000000
vt 0.326878 0.866318
vt 0.329092 0.866312
vt 0.302675 0.916912
vt 0.295771 0.995648
vt 0.290817 0.995402
vt 0.297721 0.916666
vt 0.261363 0.471146
vt 0.259149 0.471140
vt 0.323331 0.235576
vt 0.325544 0.235570
vt 0.327134 0.865718
vt 0.329348 0.865712
vt 0.271640 0.353934
vt 0.266577 0.411681
vt 0.264363 0.411675
vt 0.269427 0.353928
vt 0.309579 0.995648
vt 0.314532 0.995402
vt 0.333709 0.353934
vt 0.335923 0.353928
vt 0.257007 0.815963
vt 0.254793 0.815957
vt 0.266527 0.412254
vt 0.264313 0.412248
vt 0.328545 0.295042
vt 0.328495 0.294469
vt 0.330708 0.294463
vt 0.330759 0.295036
vt 0.257262 0.816563
vt 0.278215 0.865718
vt 0.276001 0.865712
vt 0.255049 0.816557
vt 0.271741 0.352788
vt 0.269527 0.352782
vt 0.278471 0.866318
vt 0.276257 0.866312
vt 0.278727 0.866918
vt 0.276513 0.866912
vt 0.271691 0.353361
vt 0.269477 0.353355
vt 0.333608 0.352788
vt 0.335822 0.352782
vt 0.333659 0.353361
vt 0.335872 0.353355
vt 0.000000 0.707459
vt 0.137323 0.816248
vt 0.137323 0.816841
vt 0.394506 0.058994
vt 0.372020 0.058994
vt 0.394506 0.816780
vt 0.416992 0.816780
vt 0.394015 0.995544
vt 0.372020 0.995544
vt 0.137323 0.817434
vt 0.137323 0.866052
vt 0.137323 0.866646
vt 0.394506 0.648934
vt 0.416992 0.648934
vt 0.394015 0.530372
vt 0.372020 0.530372
vt 0.394997 0.816186
vt 0.416992 0.816186
vt 0.137323 0.708608
vt 0.394997 0.995544
vt 0.416992 0.995544
vt 0.137323 0.867239
vt 0.394506 0.866637
vt 0.416992 0.866637
vt 0.682647 0.805398
vt 0.687604 0.805398
vt 0.137323 0.707459
vt 0.137323 0.708034
vt 0.394997 0.708502
vt 0.394506 0.707928
vt 0.416992 0.707928
vt 0.416992 0.708502
vt 0.137323 0.648457
vt 0.137323 0.649031
vt 0.394015 0.816186
vt 0.394506 0.816780
vt 0.372020 0.816780
vt 0.372020 0.816186
vt 0.137323 0.649605
vt 0.137323 0.589454
vt 0.137323 0.590028
vt 0.687604 0.942721
vt 0.682647 0.942721
vt 0.137323 0.590602
vt 0.394506 0.866637
vt 0.372020 0.866637
vt 0.137323 0.530451
vt 0.137323 0.531025
vt 0.137323 0.531599
vt 0.137323 0.471448
vt 0.137323 0.472022
vt 0.137323 0.472597
vt 0.137323 0.412445
vt 0.137323 0.413020
vt 0.137323 0.413594
vt 0.137323 0.354017
vt 0.137323 0.354591
vt 0.137323 0.295014
vt 0.394506 0.707928
vt 0.372020 0.707928
vt 0.137323 0.236011
vt 0.648704 0.942721
vt 0.646498 0.942721
vt 0.394015 0.708502
vt 0.372020 0.708502
vt 0.646498 0.805398
vt 0.648704 0.805398
vt 0.394506 0.648934
vt 0.372020 0.648934
vt 0.137323 0.177008
vt 0.394506 0.058994
vt 0.416992 0.058994
vt 0.137323 0.118006
vt 0.394506 0.589940
vt 0.372020 0.589940
vt 0.137323 0.059003
vt 0.394997 0.118562
vt 0.416992 0.118562
vt 0.937710 0.728818
vt 0.937710 0.861309
vt 0.919698 0.861279
vt 0.919698 0.728818
vt 0.942431 0.405620
vt 0.942431 0.538082
vt 0.932763 0.538052
vt 0.932763 0.405620
vt 0.832062 0.805398
vt 0.832062 0.937830
vt 0.814050 0.937800
vt 0.814050 0.805398
vt 0.942431 0.538082
vt 0.942431 0.670484
vt 0.932763 0.670454
vt 0.932763 0.538082
vt 0.850074 0.805398
vt 0.850074 0.937770
vt 0.832062 0.937739
vt 0.832062 0.805398
vt 0.510178 0.811241
vt 0.510178 0.943582
vt 0.500510 0.943552
vt 0.500510 0.811241
vt 0.868086 0.805398
vt 0.868086 0.937709
vt 0.850074 0.937679
vt 0.850074 0.805398
vt 0.519845 0.811241
vt 0.519845 0.943522
vt 0.510178 0.943491
vt 0.510178 0.811241
vt 0.435004 0.811241
vt 0.435004 0.943491
vt 0.416992 0.943461
vt 0.416992 0.811241
vt 0.529513 0.811241
vt 0.529513 0.943461
vt 0.519846 0.943431
vt 0.519846 0.811241
vt 0.453016 0.811241
vt 0.453016 0.943431
vt 0.435004 0.943401
vt 0.435004 0.811241
vt 0.539181 0.811241
vt 0.539181 0.943401
vt 0.529513 0.943371
vt 0.529513 0.811241
vt 0.482498 0.811241
vt 0.482498 0.943371
vt 0.464486 0.943341
vt 0.464486 0.811241
vt 0.548849 0.811241
vt 0.548849 0.943341
vt 0.539181 0.943310
vt 0.539181 0.811241
vt 0.500510 0.811241
vt 0.500510 0.943310
vt 0.482498 0.943280
vt 0.482498 0.811241
vt 0.646532 0.399003
vt 0.453016 0.943733
vt 0.453016 0.811241
vt 0.464486 0.811241
vt 0.464486 0.943733
vt 0.646532 0.377619
vt 0.656213 0.392850
vt 0.646532 0.399003
vt 0.681779 0.393527
vt 0.673257 0.398092
vt 0.673257 0.377618
vt 0.707345 0.393527
vt 0.698823 0.398092
vt 0.698823 0.377618
vt 0.664734 0.393527
vt 0.656213 0.398092
vt 0.656213 0.377618
vt 0.728483 0.395666
vt 0.718815 0.395666
vt 0.728483 0.377618
vt 0.757486 0.395666
vt 0.747818 0.395666
vt 0.757486 0.377618
vt 0.673257 0.393527
vt 0.664735 0.398092
vt 0.664735 0.377618
vt 0.738150 0.377618
vt 0.747818 0.377618
vt 0.738150 0.395666
vt 0.707345 0.395666
vt 0.707345 0.377618
vt 0.718815 0.395666
vt 0.728483 0.395666
vt 0.728483 0.377618
vt 0.738151 0.395666
vt 0.786489 0.395666
vt 0.786489 0.377618
vt 0.796157 0.395666
vt 0.767154 0.395666
vt 0.767154 0.377618
vt 0.776821 0.395666
vt 0.681779 0.393527
vt 0.690301 0.377618
vt 0.690301 0.398092
vt 0.776821 0.395666
vt 0.776821 0.377618
vt 0.786489 0.395666
vt 0.690301 0.393527
vt 0.698822 0.377618
vt 0.698822 0.398092
vt 0.757486 0.395666
vt 0.757486 0.377619
vt 0.767154 0.395666
s 0
usemtl Prichal
f 37/1/1 73/2/1 75/3/1 39/4/1
f 39/4/2 75/3/2 74/5/2 38/6/2
f 86/7/3 50/8/3 51/9/3 87/10/3
f 87/10/4 51/9/4 49/11/4 85/12/4
f 34/13/5 70/14/5 72/15/5 36/16/5
f 36/16/6 72/15/6 71/17/6 35/18/6
f 65/19/7 29/20/7 30/21/7 66/22/7
f 66/22/8 30/21/8 28/23/8 64/24/8
f 43/25/9 79/26/9 81/27/9 45/28/9
f 45/28/10 81/27/10 80/29/10 44/30/10
f 31/31/11 67/32/11 69/33/11 33/34/11
f 33/34/12 69/33/12 68/35/12 32/36/12
f 46/37/13 82/38/13 84/39/13 48/40/13
f 48/40/14 84/39/14 83/41/14 47/42/14
f 25/43/15 61/44/15 63/45/15 27/46/15
f 27/46/16 63/45/16 62/47/16 26/48/16
f 16/49/17 7/50/17 9/51/17 18/52/17
f 18/52/18 9/51/18 8/53/18 17/54/18
f 77/55/19 41/56/19 42/57/19 78/58/19
f 78/58/20 42/57/20 40/59/20 76/60/20
f 52/61/21 88/62/21 90/63/21 54/64/21
f 54/64/22 90/63/22 89/65/22 53/66/22
f 22/67/23 1/68/23 3/69/23 24/70/23
f 24/70/24 3/69/24 2/71/24 23/72/24
f 58/73/25 94/74/25 96/75/25 60/76/25
f 60/76/26 96/75/26 95/77/26 59/78/26
f 19/79/27 4/80/27 6/81/27 21/82/27
f 21/82/28 6/81/28 5/83/28 20/84/28
f 55/85/29 91/86/29 93/87/29 57/88/29
f 57/88/30 93/87/30 92/89/30 56/90/30
f 13/91/31 10/92/31 12/93/31 15/94/31
f 15/94/32 12/93/32 11/95/32 14/96/32
f 131/97/33 83/98/33 84/99/33 132/100/33
f 132/100/33 84/99/33 82/101/33 130/102/33
f 76/103/33 124/104/33 126/105/33 78/106/33
f 78/106/33 126/105/33 125/107/33 77/108/33
f 110/109/33 62/110/33 63/111/33 111/112/33
f 111/112/33 63/111/33 61/113/33 109/114/33
f 88/115/33 136/116/33 138/117/33 90/118/33
f 90/118/33 138/117/33 137/119/33 89/120/33
f 104/121/33 8/122/33 9/123/33 105/124/33
f 105/124/33 9/123/33 7/125/33 103/126/33
f 1/127/33 97/128/33 99/129/33 3/130/33
f 3/130/33 99/129/33 98/131/33 2/132/33
f 94/133/33 142/134/33 144/135/33 96/136/33
f 96/136/33 144/135/33 143/137/33 95/138/33
f 91/139/33 139/140/33 141/141/33 93/142/33
f 93/142/33 141/141/33 140/143/33 92/144/33
f 85/145/33 133/146/33 135/147/33 87/148/33
f 87/148/33 135/147/33 134/149/33 86/150/33
f 107/151/33 11/152/33 12/153/33 108/154/33
f 108/154/33 12/153/33 10/155/33 106/156/33
f 64/157/33 112/158/33 114/159/33 66/160/33
f 66/160/33 114/159/33 113/161/33 65/162/33
f 73/163/33 121/164/33 123/165/33 75/166/33
f 75/166/33 123/165/33 122/167/33 74/168/33
f 70/169/33 118/170/33 120/171/33 72/172/33
f 72/172/33 120/171/33 119/173/33 71/174/33
f 79/175/33 127/176/33 129/177/33 81/178/33
f 81/178/33 129/177/33 128/179/33 80/180/33
f 67/181/33 115/182/33 117/183/33 69/184/33
f 69/184/33 117/183/33 116/185/33 68/186/33
f 101/187/33 5/188/33 6/189/33 102/190/33
f 102/190/33 6/189/33 4/191/33 100/192/33
f 160/193/34 113/194/34 114/195/34 162/196/34
f 162/196/35 114/195/35 112/197/35 161/198/35
f 118/199/36 167/200/36 168/201/36 120/202/36
f 120/202/37 168/201/37 166/203/37 119/204/37
f 169/205/38 122/206/38 123/207/38 171/208/38
f 171/208/39 123/207/39 121/209/39 170/210/39
f 127/211/40 176/212/40 177/213/40 129/214/40
f 129/214/41 177/213/41 175/215/41 128/216/41
f 115/217/42 164/218/42 165/219/42 117/220/42
f 117/220/43 165/219/43 163/221/43 116/222/43
f 130/223/44 179/224/44 180/225/44 132/226/44
f 132/226/45 180/225/45 178/227/45 131/228/45
f 109/229/46 158/230/46 159/231/46 111/232/46
f 111/232/47 159/231/47 157/233/47 110/234/47
f 148/235/48 101/236/48 102/237/48 150/238/48
f 150/238/49 102/237/49 100/239/49 149/240/49
f 106/241/50 155/242/50 156/243/50 108/244/50
f 108/244/51 156/243/51 154/245/51 107/246/51
f 124/247/52 173/248/52 174/249/52 126/250/52
f 126/250/53 174/249/53 172/251/53 125/252/53
f 136/253/54 185/254/54 186/255/54 138/256/54
f 138/256/55 186/255/55 184/257/55 137/258/55
f 145/259/56 98/260/56 99/261/56 147/262/56
f 147/262/57 99/261/57 97/263/57 146/264/57
f 142/265/58 191/266/58 192/267/58 144/268/58
f 144/268/59 192/267/59 190/269/59 143/270/59
f 151/271/60 104/272/60 105/273/60 153/274/60
f 153/274/61 105/273/61 103/275/61 152/276/61
f 139/277/62 188/278/62 189/279/62 141/280/62
f 141/280/63 189/279/63 187/281/63 140/282/63
f 133/283/64 182/284/64 183/285/64 135/286/64
f 135/286/65 183/285/65 181/287/65 134/288/65
f 1/127/33 5/188/33 101/187/33 97/128/33
f 16/49/66 23/72/66 2/71/66 7/50/66
f 22/289/67 20/84/67 5/83/67 1/290/67
f 7/125/33 2/132/33 98/131/33 103/126/33
f 4/191/33 11/152/33 107/151/33 100/192/33
f 19/79/68 14/96/68 11/95/68 4/80/68
f 40/59/69 17/54/69 8/53/69 76/60/69
f 76/103/33 8/122/33 104/121/33 124/104/33
f 10/155/33 65/162/33 113/161/33 106/156/33
f 13/91/70 29/20/70 65/19/70 10/92/70
f 16/291/33 18/292/33 17/293/33 40/294/33 42/295/33 41/296/33 46/297/33 48/298/33 47/299/33 43/300/33 45/301/33 44/302/33 37/303/33 39/304/33 38/305/33 241/306/33 242/307/33 49/308/33 51/309/33 50/310/33 55/311/33 57/312/33 56/313/33 58/314/33 60/315/33 59/316/33 52/317/33 54/318/33 53/319/33 25/320/33 27/321/33 26/322/33 31/323/33 33/324/33 32/325/33 34/326/33 36/327/33 35/328/33 28/329/33 30/330/33 29/331/33 13/332/33 15/333/33 14/334/33 19/335/33 21/336/33 20/337/33 22/338/33 24/339/33 23/340/33
f 31/31/71 26/48/71 62/47/71 67/32/71
f 25/43/72 53/66/72 89/65/72 61/44/72
f 28/23/73 35/18/73 71/17/73 64/24/73
f 34/13/74 32/341/74 68/342/74 70/14/74
f 241/343/75 38/6/75 74/5/75 243/344/75
f 37/1/76 44/30/76 80/29/76 73/2/76
f 46/37/77 41/56/77 77/55/77 82/38/77
f 43/345/78 47/42/78 83/41/78 79/346/78
f 55/85/79 50/8/79 86/7/79 91/86/79
f 52/61/80 59/78/80 95/77/80 88/62/80
f 58/73/81 56/347/81 92/348/81 94/74/81
f 67/181/33 62/110/33 110/109/33 115/182/33
f 61/113/33 89/120/33 137/119/33 109/114/33
f 64/157/33 71/174/33 119/173/33 112/158/33
f 70/169/33 68/186/33 116/185/33 118/170/33
f 243/349/33 74/168/33 122/167/33 245/350/33
f 73/163/33 80/180/33 128/179/33 121/164/33
f 82/101/33 77/108/33 125/107/33 130/102/33
f 79/175/33 83/98/33 131/97/33 127/176/33
f 91/139/33 86/150/33 134/149/33 139/140/33
f 88/115/33 95/138/33 143/137/33 136/116/33
f 94/133/33 92/144/33 140/143/33 142/134/33
f 97/263/82 101/351/82 148/352/82 146/264/82
f 103/275/83 98/260/83 145/259/83 152/276/83
f 100/239/84 107/246/84 154/245/84 149/240/84
f 124/247/69 104/272/69 151/271/69 173/248/69
f 106/241/70 113/194/70 160/193/70 155/242/70
f 115/217/85 110/234/85 157/233/85 164/218/85
f 109/229/72 137/258/72 184/257/72 158/230/72
f 112/197/86 119/204/86 166/203/86 161/198/86
f 118/353/87 116/222/87 163/221/87 167/354/87
f 245/355/75 122/206/75 169/205/75 247/356/75
f 121/209/88 128/216/88 175/215/88 170/210/88
f 130/223/89 125/252/89 172/251/89 179/224/89
f 127/357/90 131/228/90 178/227/90 176/358/90
f 139/277/91 134/288/91 181/287/91 188/278/91
f 136/253/92 143/270/92 190/269/92 185/254/92
f 142/265/93 140/359/93 187/360/93 191/266/93
f 193/361/94 194/362/94 195/363/94 196/364/94 197/365/94 198/366/94 199/367/94 200/368/94 201/369/94 202/370/94 203/371/94 204/372/94 205/373/94 206/374/94 207/375/94 208/376/94 209/377/94 210/378/94 211/379/94 212/380/94 213/381/94 214/382/94 215/383/94 216/384/94 217/385/94 218/386/94 219/387/94 220/388/94 221/389/94 222/390/94 250/391/94 249/392/94 223/393/94 224/394/94 225/395/94 226/396/94 227/397/94 228/398/94 229/399/94 230/400/94 231/401/94 232/402/94 233/403/94 234/404/94 235/405/94 236/406/94 237/407/94 238/408/94 239/409/94 240/410/94
f 171/208/95 170/210/95 259/411/95 257/412/95
f 216/413/57 215/414/57 323/415/57 324/416/57
f 215/414/56 214/417/56 322/418/56 323/415/56
f 190/269/59 192/267/59 288/419/59 289/420/59
f 214/417/83 213/421/83 321/422/83 322/418/83
f 169/205/96 171/208/96 257/412/96 258/423/96
f 213/421/61 212/424/61 320/425/61 321/422/61
f 192/267/58 191/266/58 287/426/58 288/419/58
f 212/424/60 211/427/60 319/428/60 320/425/60
f 166/203/97 168/201/97 255/429/97 256/430/97
f 211/427/69 210/431/69 318/432/69 319/428/69
f 210/431/52 209/433/52 317/434/52 318/432/52
f 147/262/57 146/264/57 286/435/57 284/436/57
f 168/201/98 167/200/98 254/437/98 255/429/98
f 209/433/53 208/438/53 316/439/53 317/434/53
f 208/438/89 207/440/89 315/441/89 316/439/89
f 207/440/44 206/442/44 314/443/44 315/441/44
f 145/259/56 147/262/56 284/436/56 285/444/56
f 162/196/99 161/198/99 253/445/99 251/446/99
f 206/442/45 205/447/45 313/448/45 314/443/45
f 205/447/90 204/449/90 312/450/90 313/448/90
f 184/257/55 186/255/55 282/451/55 283/452/55
f 204/453/100 203/454/100 311/455/100 312/456/100
f 160/193/101 162/196/101 251/446/101 252/457/101
f 203/454/102 202/458/102 310/459/102 311/455/102
f 186/255/54 185/254/54 281/460/54 282/451/54
f 202/458/88 201/461/88 309/462/88 310/459/88
f 201/461/95 200/463/95 308/464/95 309/462/95
f 200/463/96 199/465/96 307/466/96 308/464/96
f 172/251/53 174/249/53 279/467/53 280/468/53
f 199/465/75 198/469/75 306/470/75 307/466/75
f 198/469/103 197/471/103 305/472/103 306/470/103
f 174/249/52 173/248/52 278/473/52 279/467/52
f 249/474/72 247/475/72 349/476/72 350/477/72
f 197/471/104 196/478/104 304/479/104 305/472/104
f 248/480/69 250/481/69 331/482/69 299/483/69
f 196/478/91 195/484/91 303/485/91 304/479/91
f 195/484/105 194/486/105 300/487/105 303/485/105
f 154/245/106 156/243/106 276/488/106 277/489/106
f 223/490/70 249/491/70 350/492/70 333/493/70
f 193/494/93 240/495/93 302/496/93 301/497/93
f 194/486/107 193/498/107 301/499/107 300/487/107
f 156/243/108 155/242/108 275/500/108 276/488/108
f 247/356/75 169/205/75 258/423/75 349/501/75
f 191/266/93 187/360/93 295/502/93 287/426/93
f 185/254/92 190/269/92 289/420/92 281/460/92
f 188/278/91 181/287/91 298/503/91 293/504/91
f 150/238/109 149/240/109 274/505/109 272/506/109
f 176/358/90 178/227/90 268/507/90 260/508/90
f 248/509/94 247/510/94 249/392/94 250/391/94
f 133/283/75 246/511/75 248/512/75 182/284/75
f 246/511/75 245/355/75 247/356/75 248/512/75
f 85/145/33 244/513/33 246/514/33 133/146/33
f 244/513/33 243/349/33 245/350/33 246/514/33
f 49/11/75 242/515/75 244/516/75 85/12/75
f 242/515/75 241/343/75 243/344/75 244/516/75
f 273/517/94 272/518/94 300/519/94 301/520/94
f 272/518/94 274/521/94 303/522/94 300/519/94
f 274/521/94 277/523/94 304/524/94 303/522/94
f 277/523/94 276/525/94 305/526/94 304/524/94
f 276/525/94 275/527/94 306/528/94 305/526/94
f 275/527/94 252/529/94 307/530/94 306/528/94
f 252/529/94 251/531/94 308/532/94 307/530/94
f 251/531/94 253/533/94 309/534/94 308/532/94
f 253/533/94 256/535/94 310/536/94 309/534/94
f 256/535/94 255/537/94 311/538/94 310/536/94
f 255/537/94 254/539/94 312/540/94 311/538/94
f 254/539/94 265/541/94 313/542/94 312/540/94
f 265/541/94 264/543/94 314/544/94 313/542/94
f 264/543/94 263/545/94 315/546/94 314/544/94
f 263/545/94 271/547/94 316/548/94 315/546/94
f 271/547/94 270/549/94 317/550/94 316/548/94
f 270/549/94 269/551/94 318/552/94 317/550/94
f 269/551/94 283/553/94 319/554/94 318/552/94
f 283/553/94 282/555/94 320/556/94 319/554/94
f 282/555/94 281/557/94 321/558/94 320/556/94
f 281/557/94 289/559/94 322/560/94 321/558/94
f 289/559/94 288/561/94 323/562/94 322/560/94
f 288/561/94 287/563/94 324/564/94 323/562/94
f 287/563/94 295/565/94 325/566/94 324/564/94
f 295/565/94 294/567/94 326/568/94 325/566/94
f 294/567/94 293/569/94 327/570/94 326/568/94
f 293/569/94 298/571/94 328/572/94 327/570/94
f 298/571/94 297/573/94 329/574/94 328/572/94
f 297/573/94 296/575/94 330/576/94 329/574/94
f 349/577/94 258/578/94 333/579/94 350/580/94
f 258/578/94 257/581/94 332/582/94 333/579/94
f 257/581/94 259/583/94 334/584/94 332/582/94
f 259/583/94 262/585/94 335/586/94 334/584/94
f 262/585/94 261/587/94 336/588/94 335/586/94
f 261/587/94 260/589/94 337/590/94 336/588/94
f 260/589/94 268/591/94 338/592/94 337/590/94
f 268/591/94 267/593/94 339/594/94 338/592/94
f 267/593/94 266/595/94 340/596/94 339/594/94
f 266/595/94 280/597/94 341/598/94 340/596/94
f 280/597/94 279/599/94 342/600/94 341/598/94
f 279/599/94 278/601/94 343/602/94 342/600/94
f 278/601/94 291/603/94 344/604/94 343/602/94
f 291/603/94 290/605/94 345/606/94 344/604/94
f 290/605/94 292/607/94 346/608/94 345/606/94
f 292/607/94 285/609/94 347/610/94 346/608/94
f 285/609/94 284/611/94 348/612/94 347/610/94
f 284/611/94 286/613/94 302/614/94 348/612/94
f 286/613/94 273/517/94 301/520/94 302/614/94
f 296/575/94 299/615/94 331/616/94 330/576/94
f 151/271/60 153/274/60 290/617/60 291/618/60
f 217/619/82 216/413/82 324/416/82 325/620/82
f 218/621/110 217/622/110 325/623/110 326/624/110
f 219/625/109 218/621/109 326/624/109 327/626/109
f 177/213/100 176/212/100 260/627/100 261/628/100
f 153/274/61 152/276/61 292/629/61 290/617/61
f 220/630/84 219/625/84 327/626/84 328/631/84
f 221/632/106 220/630/106 328/631/106 329/633/106
f 175/215/102 177/213/102 261/628/102 262/634/102
f 222/635/108 221/632/108 329/633/108 330/636/108
f 189/279/105 188/278/105 293/504/105 294/637/105
f 250/638/70 222/635/70 330/636/70 331/639/70
f 224/640/101 223/490/101 333/493/101 332/641/101
f 165/219/42 164/218/42 263/642/42 264/643/42
f 187/281/107 189/279/107 294/637/107 295/644/107
f 225/645/99 224/640/99 332/641/99 334/646/99
f 226/647/86 225/645/86 334/646/86 335/648/86
f 163/221/43 165/219/43 264/643/43 265/649/43
f 227/650/97 226/647/97 335/648/97 336/651/97
f 183/285/103 182/284/103 296/652/103 297/653/103
f 228/654/98 227/650/98 336/651/98 337/655/98
f 146/264/82 148/352/82 273/656/82 286/435/82
f 229/657/87 228/658/87 337/659/87 338/660/87
f 180/225/44 179/224/44 266/661/44 267/662/44
f 152/276/83 145/259/83 285/444/83 292/629/83
f 181/287/104 183/285/104 297/653/104 298/503/104
f 230/663/43 229/657/43 338/660/43 339/664/43
f 149/240/84 154/245/84 277/489/84 274/505/84
f 231/665/42 230/663/42 339/664/42 340/666/42
f 178/227/45 180/225/45 267/662/45 268/507/45
f 173/248/69 151/271/69 291/618/69 278/473/69
f 232/667/85 231/665/85 340/666/85 341/668/85
f 155/242/70 160/193/70 252/457/70 275/500/70
f 233/669/47 232/667/47 341/668/47 342/670/47
f 164/218/85 157/233/85 271/671/85 263/642/85
f 234/672/46 233/669/46 342/670/46 343/673/46
f 159/231/46 158/230/46 269/674/46 270/675/46
f 158/230/72 184/257/72 283/452/72 269/674/72
f 235/676/72 234/672/72 343/673/72 344/677/72
f 161/198/86 166/203/86 256/430/86 253/445/86
f 236/678/55 235/676/55 344/677/55 345/679/55
f 157/233/47 159/231/47 270/675/47 271/671/47
f 167/354/87 163/221/87 265/649/87 254/680/87
f 237/681/54 236/678/54 345/679/54 346/682/54
f 182/284/75 248/512/75 299/683/75 296/652/75
f 238/684/92 237/681/92 346/682/92 347/685/92
f 148/235/110 150/238/110 272/506/110 273/686/110
f 170/210/88 175/215/88 262/634/88 259/411/88
f 239/687/59 238/684/59 347/685/59 348/688/59
f 179/224/89 172/251/89 280/468/89 266/661/89
f 240/495/58 239/687/58 348/688/58 302/496/58
f 351/689/33 353/690/33 354/691/33 352/692/33
f 595/693/33 591/694/33 903/695/33 907/696/33
f 709/697/94 710/698/94 708/699/94
f 351/700/70 352/701/70 357/702/70 356/703/70
f 352/704/72 354/705/72 358/706/72 357/707/72
f 353/708/69 351/709/69 356/710/69 355/711/69
f 694/712/94 695/713/94 693/714/94
f 688/715/94 689/716/94 687/717/94
f 682/718/33 683/719/33 681/720/33
f 676/721/33 677/722/33 675/723/33
f 363/724/75 364/725/75 366/726/75 365/727/75
f 667/728/33 668/729/33 666/730/33
f 661/731/33 662/732/33 660/733/33
f 655/734/33 656/735/33 654/736/33
f 649/737/33 650/738/33 648/739/33
f 643/740/33 644/741/33 642/742/33
f 637/743/33 638/744/33 636/745/33
f 631/746/33 632/747/33 630/748/33
f 625/749/33 626/750/33 624/751/33
f 619/752/33 620/753/33 618/754/33
f 613/716/94 614/715/94 612/755/94
f 607/756/94 608/757/94 606/758/94
f 360/759/94 359/760/94 361/761/94
f 370/762/94 369/763/94 371/764/94
f 376/765/94 375/766/94 377/767/94
f 382/768/94 381/769/94 383/770/94
f 388/771/111 387/772/111 389/773/111
f 394/774/112 393/775/112 395/776/112
f 400/777/112 399/778/112 401/779/112
f 406/780/111 405/781/111 407/782/111
f 412/783/113 411/784/113 413/785/113
f 418/786/114 417/787/114 419/788/114
f 397/789/69 387/790/69 388/791/69 396/792/69
f 415/793/72 420/794/72 421/795/72 414/796/72
f 418/797/69 411/798/69 412/799/69 417/800/69
f 721/801/94 722/802/94 720/803/94
f 718/804/94 719/805/94 717/806/94
f 715/807/94 716/808/94 714/809/94
f 712/810/94 713/811/94 711/812/94
f 706/813/94 707/814/94 705/815/94
f 703/816/94 704/817/94 702/818/94
f 700/819/94 701/820/94 699/821/94
f 697/822/94 698/823/94 696/824/94
f 691/825/94 692/826/94 690/827/94
f 685/828/33 686/829/33 684/830/33
f 679/831/33 680/832/33 678/833/33
f 673/834/33 674/835/33 672/836/33
f 670/837/33 671/838/33 669/839/33
f 664/840/33 665/841/33 663/842/33
f 658/843/33 659/844/33 657/845/33
f 652/846/33 653/847/33 651/848/33
f 646/849/33 647/850/33 645/851/33
f 640/852/33 641/853/33 639/854/33
f 634/855/33 635/856/33 633/857/33
f 628/858/33 629/859/33 627/860/33
f 622/861/33 623/862/33 621/863/33
f 616/864/33 617/865/33 615/866/33
f 610/867/94 611/868/94 609/869/94
f 604/870/94 605/871/94 603/872/94
f 367/873/94 362/874/94 368/875/94
f 373/876/94 372/716/94 374/877/94
f 379/878/94 378/879/94 380/880/94
f 385/881/94 384/882/94 386/883/94
f 391/884/111 390/885/111 392/886/111
f 397/887/112 396/888/112 398/889/112
f 403/890/112 402/783/112 404/891/112
f 409/892/111 408/893/111 410/894/111
f 415/713/115 414/895/115 416/896/115
f 421/897/116 420/898/116 422/899/116
f 394/900/69 390/901/69 391/902/69 393/903/69
f 568/904/94 569/905/94 687/717/94 689/716/94
f 594/906/70 559/907/70 680/908/70 715/909/70
f 467/910/94 465/911/94 379/878/94 380/880/94
f 558/912/75 595/913/75 716/914/75 679/915/75
f 518/916/33 516/917/33 637/743/33 636/745/33
f 569/905/94 567/918/94 688/715/94 687/717/94
f 463/919/94 464/920/94 383/770/94 381/769/94
f 597/921/70 562/922/70 683/923/70 718/924/70
f 514/925/33 515/926/33 633/857/33 635/856/33
f 565/927/33 566/928/33 684/830/33 686/829/33
f 561/929/75 598/930/75 719/931/75 682/932/75
f 464/920/94 462/933/94 382/768/94 383/770/94
f 600/934/70 565/935/70 686/936/70 721/937/70
f 515/926/33 513/938/33 634/855/33 633/857/33
f 566/928/33 564/939/33 685/828/33 684/830/33
f 460/940/94 461/941/94 386/883/94 384/882/94
f 564/942/75 601/943/75 722/944/75 685/945/75
f 511/946/33 512/947/33 630/748/33 632/747/33
f 562/948/33 563/949/33 681/720/33 683/719/33
f 441/950/70 439/951/70 405/952/70 403/953/70
f 461/941/94 459/954/94 385/881/94 386/883/94
f 438/955/75 442/956/75 402/957/75 406/958/75
f 512/947/33 510/959/33 631/746/33 630/748/33
f 563/949/33 561/960/33 682/718/33 681/720/33
f 457/961/111 458/962/111 389/773/111 387/772/111
f 444/963/70 436/964/70 408/965/70 400/966/70
f 508/967/33 509/968/33 627/860/33 629/859/33
f 559/969/33 560/970/33 678/833/33 680/832/33
f 435/945/75 445/944/75 399/971/75 409/972/75
f 495/964/70 493/973/70 614/974/70 616/975/70
f 458/962/111 456/976/111 388/771/111 389/773/111
f 456/977/70 448/978/70 396/979/70 388/980/70
f 509/968/33 507/981/33 628/858/33 627/860/33
f 492/982/75 496/983/75 617/915/75 613/914/75
f 560/970/33 558/984/33 679/831/33 678/833/33
f 454/985/111 455/986/111 392/886/111 390/885/111
f 447/930/75 457/987/75 387/988/75 397/989/75
f 505/990/33 506/991/33 624/751/33 626/750/33
f 498/992/70 490/993/70 611/994/70 619/995/70
f 556/996/33 557/997/33 675/723/33 677/722/33
f 453/998/70 451/999/70 393/1000/70 391/1001/70
f 489/1002/75 499/1003/75 620/1004/75 610/982/75
f 455/986/111 453/1005/111 391/884/111 392/886/111
f 450/1006/75 454/1007/75 390/1008/75 394/1009/75
f 506/991/33 504/1010/33 625/749/33 624/751/33
f 501/1011/70 487/936/70 608/935/70 622/1012/70
f 557/997/33 555/1013/33 676/721/33 675/723/33
f 451/1014/112 452/1015/112 395/776/112 393/775/112
f 423/1016/75 430/1017/75 414/1018/75 421/1019/75
f 502/1020/33 503/1021/33 621/863/33 623/862/33
f 486/1022/75 502/1023/75 623/1003/75 607/1002/75
f 553/1024/33 554/1025/33 672/836/33 674/835/33
f 429/1026/70 424/1027/70 420/1028/70 415/1029/70
f 504/1030/70 484/977/70 605/980/70 625/906/70
f 452/1015/112 450/1031/112 394/774/112 395/776/112
f 432/1017/75 427/1016/75 417/1032/75 412/1033/75
f 503/1021/33 501/1034/33 622/861/33 621/863/33
f 483/1035/75 505/1036/75 626/1023/75 604/1022/75
f 554/1025/33 552/1037/33 673/834/33 672/836/33
f 448/1038/112 449/1039/112 398/889/112 396/888/112
f 426/1027/70 433/1026/70 411/966/70 418/1040/70
f 499/1041/33 500/1042/33 618/754/33 620/753/33
f 507/1043/70 481/1044/70 359/1045/70 628/1046/70
f 550/1047/33 551/1048/33 669/839/33 671/838/33
f 601/1049/94 602/1050/94 720/803/94 722/802/94
f 480/1051/75 508/1052/75 629/1053/75 360/1054/75
f 449/1039/112 447/1055/112 397/887/112 398/889/112
f 500/1042/33 498/1056/33 619/752/33 618/754/33
f 510/1057/70 478/1058/70 362/1059/70 631/1060/70
f 551/1048/33 549/1061/33 670/837/33 669/839/33
f 445/1062/117 446/1015/117 401/779/117 399/778/117
f 602/1050/94 600/1063/94 721/801/94 720/803/94
f 496/1064/33 497/1065/33 615/866/33 617/865/33
f 477/1066/75 511/1067/75 632/1068/75 367/1069/75
f 547/1070/33 548/1071/33 666/730/33 668/729/33
f 598/1072/94 599/1073/94 717/806/94 719/805/94
f 513/1074/70 475/1075/70 369/1076/70 634/1077/70
f 446/1015/112 444/1078/112 400/777/112 401/779/112
f 497/1065/33 495/1079/33 616/864/33 615/866/33
f 474/1080/75 514/1081/75 635/1082/75 370/1083/75
f 548/1071/33 546/1084/33 667/728/33 666/730/33
f 442/1085/112 443/1086/112 404/891/112 402/783/112
f 599/1073/94 597/1087/94 718/804/94 717/806/94
f 493/1088/94 494/1089/94 612/755/94 614/715/94
f 516/1090/70 472/1091/70 372/1092/70 637/1093/70
f 544/1094/33 545/1095/33 663/842/33 665/841/33
f 595/1096/94 596/1097/94 714/809/94 716/808/94
f 471/1098/75 517/1099/75 638/1100/75 373/1101/75
f 443/1086/112 441/1102/112 403/890/112 404/891/112
f 494/1089/94 492/1103/94 613/716/94 612/755/94
f 423/1104/33 425/1105/33 428/1106/33 427/1107/33 528/1108/33 530/1109/33 566/928/33 565/927/33
f 442/1110/72 438/1111/72 424/1112/72 429/1113/72
f 438/1114/111 440/1115/111 458/962/111 457/961/111 426/1116/111 428/1106/111 425/1105/111 424/1117/111
f 430/1118/72 423/1119/72 565/1120/72 600/1121/72
f 427/1122/69 432/1123/69 460/1124/69 528/1125/69
f 457/1080/69 447/1126/69 433/1127/69 426/1128/69
f 594/1129/33 596/1130/33 905/1131/33 906/1132/33
f 491/1133/33 490/1134/33 874/1135/33 872/1136/33
f 358/706/72 354/705/72 436/1137/72 444/1138/72
f 354/691/111 353/690/111 453/1005/111 455/986/111 437/1139/111 436/1140/111
f 445/1141/72 435/1142/72 439/1143/72 441/1144/72
f 435/1145/111 437/1139/111 455/986/111 454/985/111 456/976/111 458/962/111 440/1115/111 439/1146/111
f 740/1147/112 738/1148/112 942/1149/112 944/1150/112
f 816/1151/94 817/1152/94 1008/1153/94 1007/1154/94
f 454/1155/69 450/1156/69 448/1157/69 456/1158/69
f 353/708/69 355/711/69 451/1159/69 453/1160/69
f 529/1161/69 459/1162/69 463/1163/69 525/1164/69
f 469/1165/33 465/1166/33 850/1167/33 854/1168/33
f 526/1169/69 462/1170/69 466/1171/69 522/1172/69
f 593/1173/33 592/1174/33 904/1175/33 902/1176/33
f 523/1177/69 465/1178/69 469/1179/69 519/1180/69
f 738/1148/112 739/1181/112 943/1182/112 942/1149/112
f 520/1183/69 468/1184/69 472/1185/69 516/1186/69
f 815/1187/94 813/1188/94 1005/1189/94 1006/1190/94
f 517/1191/69 471/1192/69 475/1193/69 513/1194/69
f 489/1195/33 491/1133/33 872/1136/33 873/1196/33
f 514/1197/69 474/1198/69 478/1199/69 510/1200/69
f 737/1201/112 735/1202/112 939/1203/112 941/1204/112
f 511/1205/69 477/1206/69 481/1207/69 507/1208/69
f 813/1188/94 814/1209/94 928/1210/94 1005/1189/94
f 508/1211/69 480/1212/69 484/1213/69 504/1214/69
f 591/694/33 593/1173/33 902/1176/33 903/695/33
f 505/1215/69 483/1216/69 487/1217/69 501/1218/69
f 488/1219/33 487/1220/33 871/1221/33 869/1222/33
f 502/1223/69 486/1224/69 490/1216/69 498/1215/69
f 735/1202/112 736/1225/112 940/1226/112 939/1203/112
f 499/1227/69 489/1228/69 493/1229/69 495/1230/69
f 812/1231/94 810/1232/94 1002/1233/94 1004/1234/94
f 598/1235/33 594/1129/33 906/1132/33 910/1236/33
f 496/1237/69 492/1238/69 366/1239/69 364/1240/69
f 531/1241/33 533/1242/33 497/1065/33 496/1064/33 364/1243/33 363/1244/33
f 534/1245/33 536/1246/33 500/1042/33 499/1041/33 495/1079/33 497/1065/33 533/1242/33 532/1247/33
f 537/1248/33 539/1249/33 503/1021/33 502/1020/33 498/1056/33 500/1042/33 536/1246/33 535/1250/33
f 540/1251/33 542/1252/33 506/991/33 505/990/33 501/1034/33 503/1021/33 539/1249/33 538/1253/33
f 543/1254/33 545/1095/33 509/968/33 508/967/33 504/1010/33 506/991/33 542/1252/33 541/1255/33
f 546/1084/33 548/1071/33 512/947/33 511/946/33 507/981/33 509/968/33 545/1095/33 544/1094/33
f 549/1061/33 551/1048/33 515/926/33 514/925/33 510/959/33 512/947/33 548/1071/33 547/1070/33
f 552/1037/33 554/1025/33 518/916/33 517/1256/33 513/938/33 515/926/33 551/1048/33 550/1047/33
f 555/1013/33 557/997/33 521/1257/33 520/1258/33 516/917/33 518/916/33 554/1025/33 553/1024/33
f 558/984/33 560/970/33 524/1259/33 523/1260/33 519/1261/33 521/1257/33 557/997/33 556/996/33
f 561/960/33 563/949/33 527/1262/33 526/1263/33 522/1264/33 524/1259/33 560/970/33 559/969/33
f 564/939/33 566/928/33 530/1109/33 529/1265/33 525/1266/33 527/1262/33 563/949/33 562/948/33
f 568/1267/72 531/1268/72 363/1269/72 365/1270/72
f 571/1271/72 534/1272/72 532/1273/72 567/1274/72
f 574/1275/72 537/1276/72 535/1277/72 570/1278/72
f 577/1279/72 540/1280/72 538/1281/72 573/1282/72
f 580/1283/72 543/1284/72 541/1285/72 576/1286/72
f 583/1287/72 546/1288/72 544/1289/72 579/1290/72
f 586/1291/72 549/1292/72 547/1293/72 582/1294/72
f 589/1295/72 552/1296/72 550/1297/72 585/1298/72
f 592/1299/72 555/1300/72 553/1301/72 588/1302/72
f 595/1303/72 558/1304/72 556/1305/72 591/1301/72
f 598/1306/72 561/1307/72 559/1308/72 594/1309/72
f 601/1310/72 564/1311/72 562/1312/72 597/1313/72
f 409/1314/72 399/1315/72 400/1316/72 408/1317/72
f 406/1318/72 402/1319/72 403/1320/72 405/1321/72
f 685/1322/72 722/915/72 721/1323/72 686/1324/72
f 682/1325/72 719/1326/72 718/1327/72 683/1328/72
f 679/1329/72 716/983/72 715/1330/72 680/1331/72
f 676/1332/72 713/1333/72 712/1334/72 677/1335/72
f 673/1336/72 710/1337/72 709/1333/72 674/1332/72
f 670/1338/72 707/1339/72 706/1340/72 671/1341/72
f 667/1342/72 704/1343/72 703/1344/72 668/1345/72
f 664/1346/72 701/1347/72 700/1348/72 665/1349/72
f 661/1350/72 698/1351/72 697/1352/72 662/1353/72
f 658/1354/72 695/1355/72 694/929/72 659/1356/72
f 655/1357/72 692/1358/72 691/1359/72 656/1360/72
f 652/1347/72 689/1361/72 688/1362/72 653/1348/72
f 385/1363/69 650/1364/69 649/1365/69 384/1366/69
f 382/1367/69 647/1368/69 646/1369/69 381/1370/69
f 379/1371/69 644/1372/69 643/1373/69 378/945/69
f 376/1374/69 641/1375/69 640/1376/69 375/1377/69
f 373/1378/69 638/1379/69 637/1380/69 372/972/69
f 370/1381/69 635/1382/69 634/1383/69 369/1003/69
f 367/1384/69 632/1385/69 631/1386/69 362/1387/69
f 360/1388/69 629/1389/69 628/1390/69 359/1036/69
f 604/1391/69 626/1392/69 625/1393/69 605/1394/69
f 607/1395/69 623/1396/69 622/1397/69 608/1099/69
f 610/1398/69 620/1399/69 619/1400/69 611/1401/69
f 613/1402/69 617/1403/69 616/1404/69 614/1405/69
f 517/1256/33 518/916/33 636/745/33 638/744/33
f 555/1406/75 592/1407/75 713/1408/75 676/1409/75
f 466/1410/94 467/910/94 380/880/94 378/879/94
f 572/1411/94 570/1412/94 691/825/94 690/827/94
f 521/1257/33 519/1261/33 640/852/33 639/854/33
f 591/1413/70 556/1414/70 677/1415/70 712/1416/70
f 470/1417/94 468/1418/94 376/765/94 377/767/94
f 552/1419/75 589/1420/75 710/1421/75 673/1422/75
f 571/1423/94 572/1411/94 690/827/94 692/826/94
f 520/1258/33 521/1257/33 639/854/33 641/853/33
f 588/1424/70 553/1425/70 674/1426/70 709/1427/70
f 469/1428/94 470/1417/94 377/767/94 375/766/94
f 575/1429/94 573/1430/94 694/712/94 693/714/94
f 524/1259/33 522/1264/33 643/740/33 642/742/33
f 549/1431/75 586/1432/75 707/1433/75 670/1434/75
f 473/1435/94 471/1436/94 373/876/94 374/877/94
f 585/1437/70 550/1438/70 671/1439/70 706/1440/70
f 574/1441/94 575/1429/94 693/714/94 695/713/94
f 523/1260/33 524/1259/33 642/742/33 644/741/33
f 546/1434/75 583/1433/75 704/1442/75 667/1443/75
f 472/1444/94 473/1435/94 374/877/94 372/716/94
f 578/1445/94 576/1446/94 697/822/94 696/824/94
f 527/1262/33 525/1266/33 646/849/33 645/851/33
f 582/1447/70 547/1448/70 668/1449/70 703/1450/70
f 476/1451/94 474/1452/94 370/762/94 371/764/94
f 425/1105/33 423/1104/33 421/897/33 422/899/33
f 543/1453/75 580/1442/75 701/1454/75 664/1455/75
f 577/1456/94 578/1445/94 696/824/94 698/823/94
f 526/1263/33 527/1262/33 645/851/33 647/850/33
f 579/1457/70 544/1458/70 665/1012/70 700/935/70
f 475/1459/94 476/1451/94 371/764/94 369/763/94
f 581/1460/94 579/1461/94 700/819/94 699/821/94
f 424/1117/111 425/1105/111 422/899/111 420/898/111
f 530/1109/33 528/1108/33 649/737/33 648/739/33
f 540/1462/75 577/1463/75 698/907/75 661/1464/75
f 479/1465/94 477/1466/94 367/873/94 368/875/94
f 428/1106/111 426/1116/111 418/786/111 419/788/111
f 576/1467/70 541/1468/70 662/1469/70 697/1470/70
f 580/1471/94 581/1460/94 699/821/94 701/820/94
f 529/1265/33 530/1109/33 648/739/33 650/738/33
f 537/1472/75 574/1473/75 695/1474/75 658/1475/75
f 478/1476/94 479/1465/94 368/875/94 362/874/94
f 584/1477/94 582/1478/94 703/816/94 702/818/94
f 427/1107/33 428/1106/33 419/788/33 417/787/33
f 533/1242/33 531/1241/33 652/846/33 651/848/33
f 573/1479/70 538/1480/70 659/1457/70 694/1481/70
f 482/1482/94 480/1483/94 360/759/94 361/761/94
f 431/1484/112 429/1485/112 415/713/112 416/896/112
f 534/1486/75 571/1487/75 692/1473/75 655/1472/75
f 583/1488/94 584/1477/94 702/818/94 704/817/94
f 532/1247/33 533/1242/33 651/848/33 653/847/33
f 570/1489/70 535/1490/70 656/1491/70 691/1492/70
f 481/1493/94 482/1482/94 361/761/94 359/760/94
f 587/1494/94 585/1495/94 706/813/94 705/815/94
f 430/1496/94 431/1484/94 416/896/94 414/895/94
f 536/1246/33 534/1245/33 655/734/33 654/736/33
f 531/1497/75 568/1498/75 689/1499/75 652/1500/75
f 485/1501/94 483/1502/94 604/870/94 603/872/94
f 434/1484/94 432/1503/94 412/783/94 413/785/94
f 567/924/70 532/1504/70 653/1448/70 688/1447/70
f 586/1505/94 587/1494/94 705/815/94 707/814/94
f 535/1250/33 536/1246/33 654/736/33 656/735/33
f 459/1506/75 529/1507/75 650/1508/75 385/1509/75
f 484/1510/94 485/1501/94 603/872/94 605/871/94
f 590/1511/94 588/1512/94 709/697/94 708/699/94
f 433/1513/112 434/1484/112 413/785/112 411/784/112
f 539/1249/33 537/1248/33 658/843/33 657/845/33
f 528/1458/70 460/1457/70 384/1514/70 649/1515/70
f 488/1516/94 486/1517/94 607/756/94 606/758/94
f 437/1139/111 435/1145/111 409/892/111 410/894/111
f 462/1518/75 526/912/75 647/1519/75 382/1520/75
f 589/1521/94 590/1511/94 708/699/94 710/698/94
f 538/1253/33 539/1249/33 657/845/33 659/844/33
f 525/1522/70 463/791/70 381/1523/70 646/956/70
f 487/1524/94 488/1516/94 606/758/94 608/757/94
f 593/1525/94 591/1526/94 712/810/94 711/812/94
f 436/1140/111 437/1139/111 410/894/111 408/893/111
f 542/1252/33 540/1251/33 661/731/33 660/733/33
f 465/1498/75 523/1497/75 644/1527/75 379/1528/75
f 491/1529/94 489/1530/94 610/867/94 609/869/94
f 440/1115/111 438/1114/111 406/780/111 407/782/111
f 522/1343/70 466/1522/70 378/956/70 643/1531/70
f 592/1532/94 593/1525/94 711/812/94 713/811/94
f 541/1255/33 542/1252/33 660/733/33 662/732/33
f 468/1533/75 520/1527/75 641/1019/75 376/1018/75
f 490/1534/94 491/1529/94 609/869/94 611/868/94
f 596/1097/94 594/1535/94 715/807/94 714/809/94
f 439/1146/111 440/1115/111 407/782/111 405/781/111
f 545/1095/33 543/1254/33 664/840/33 663/842/33
f 519/956/70 469/1523/70 375/1536/70 640/957/70
f 724/1537/94 725/1538/94 726/1539/94 723/1540/94
f 733/1541/94 732/1542/94 729/1543/94 731/1544/94 817/1152/94 816/1151/94 747/1545/94 749/1546/94
f 742/1547/112 741/1548/112 735/1202/112 737/1201/112 730/1549/112 729/1543/112 732/1542/112 734/1550/112
f 745/1551/112 744/1552/112 738/1148/112 740/1147/112 736/1225/112 735/1202/112 741/1548/112 743/1553/112
f 723/1540/112 726/1539/112 739/1181/112 738/1148/112 744/1552/112 746/1554/112
f 748/1555/94 747/1545/94 816/1151/94 818/1556/94 814/1209/94 813/1188/94 750/1557/94 752/1558/94
f 751/1559/94 750/1557/94 813/1188/94 815/1187/94 811/1560/94 810/1232/94 753/1561/94 755/1562/94
f 754/1563/94 753/1561/94 810/1232/94 812/1231/94 808/1564/94 807/1565/94 756/1566/94 758/1567/94
f 757/1568/94 756/1566/94 807/1565/94 809/1569/94 805/1570/94 804/1571/94 759/1572/94 761/1573/94
f 760/1574/94 759/1572/94 804/1571/94 806/1575/94 802/1576/94 801/1577/94 762/1578/94 764/1579/94
f 763/1580/94 762/1578/94 801/1577/94 803/1581/94 799/1582/94 798/1583/94 765/1584/94 767/1585/94
f 766/1586/94 765/1584/94 798/1583/94 800/1587/94 796/1588/94 795/1589/94 768/1590/94 770/1591/94
f 769/1592/94 768/1590/94 795/1589/94 797/1593/94 793/1594/94 792/1595/94 771/1596/94 773/1597/94
f 772/1598/94 771/1596/94 792/1595/94 794/1599/94 790/1600/94 789/1601/94 774/1602/94 776/1603/94
f 775/1604/94 774/1602/94 789/1601/94 791/1605/94 787/1606/94 786/1607/94 777/1608/94 779/1609/94
f 778/1610/94 777/1608/94 786/1607/94 788/1611/94 784/1612/94 783/1613/94 780/1614/94 782/1615/94
f 781/1616/94 780/1614/94 783/1613/94 785/1617/94 727/1618/94 728/1619/94
f 590/1620/33 589/1621/33 901/1622/33 899/1623/33
f 727/1618/94 785/1617/94 982/1624/94 1010/1625/94
f 734/1550/117 732/1542/117 936/1626/117 938/1627/117
f 810/1232/94 811/1560/94 1003/1628/94 1002/1233/94
f 466/1629/33 462/1630/33 847/1631/33 851/1632/33
f 781/1616/94 728/1619/94 1009/1633/94 978/1634/94
f 732/1542/94 733/1541/94 937/1635/94 936/1626/94
f 486/1636/33 488/1219/33 869/1222/33 870/1637/33
f 809/1569/94 807/1565/94 999/1638/94 1001/1639/94
f 365/727/118 366/726/118 728/1640/118 727/1641/118
f 434/1642/111 433/1643/111 830/1644/111 828/1645/111
f 588/1646/33 590/1620/33 899/1623/33 900/1647/33
f 731/1544/94 729/1543/94 919/1648/94 935/1649/94
f 485/1650/33 484/1651/33 868/1652/33 823/1653/33
f 807/1565/94 808/1564/94 1000/1654/94 999/1638/94
f 587/1655/33 586/1656/33 898/1657/33 896/1658/33
f 784/1612/94 788/1611/94 985/1659/94 981/1660/94
f 729/1543/117 730/1549/117 918/1661/117 919/1648/117
f 806/1575/94 804/1571/94 996/1662/94 998/1663/94
f 601/1664/33 597/1665/33 909/1666/33 913/1667/33
f 432/1668/33 434/1642/33 828/1645/33 829/1669/33
f 778/1610/94 782/1615/94 979/1670/94 975/1671/94
f 483/1672/33 485/1650/33 823/1653/33 867/1673/33
f 804/1571/94 805/1570/94 997/1674/94 996/1662/94
f 463/1675/33 459/1676/33 844/1677/33 848/1678/33
f 431/1679/33 430/1680/33 827/1681/33 825/1682/33
f 585/1683/33 587/1655/33 896/1658/33 897/1684/33
f 482/1685/33 481/1686/33 866/1687/33 864/1688/33
f 803/1581/94 801/1577/94 923/1689/94 916/1690/94
f 584/1691/33 583/1692/33 895/1693/33 893/1694/33
f 787/1606/94 791/1605/94 988/1695/94 984/1696/94
f 726/1539/94 725/1538/94 933/1697/94 934/1698/94
f 801/1577/94 802/1576/94 922/1699/94 923/1689/94
f 451/1700/119 355/1701/119 819/1702/119 842/1703/119
f 429/1704/120 431/1679/120 825/1682/120 826/1705/120
f 775/1604/94 779/1609/94 976/1706/94 972/1707/94
f 480/1708/33 482/1685/33 864/1688/33 865/1709/33
f 800/1587/94 798/1583/94 993/1710/94 995/1711/94
f 582/1712/33 584/1691/33 893/1694/33 894/1713/33
f 724/1537/94 723/1540/94 931/1714/94 932/1715/94
f 479/1716/33 478/1717/33 863/1718/33 861/1719/33
f 798/1583/94 799/1582/94 994/1720/94 993/1710/94
f 448/1721/111 450/1722/111 841/1723/111 839/1724/111
f 581/1725/33 580/1726/33 892/1727/33 890/1728/33
f 790/1600/94 794/1599/94 990/1729/94 987/1730/94
f 797/1593/94 795/1589/94 991/1731/94 920/1732/94
f 772/1598/94 776/1603/94 973/1733/94 970/1734/94
f 477/1735/33 479/1716/33 861/1719/33 862/1736/33
f 795/1589/94 796/1588/94 992/1737/94 991/1731/94
f 579/1738/33 581/1725/33 890/1728/33 891/1739/33
f 476/1740/33 475/1741/33 860/1742/33 858/1743/33
f 794/1599/94 792/1595/94 989/1744/94 990/1729/94
f 445/1745/111 441/1746/111 832/1747/111 836/1748/111
f 578/1749/33 577/1750/33 889/1751/33 887/1752/33
f 793/1594/94 797/1593/94 920/1732/94 921/1753/94
f 356/703/121 357/702/121 725/725/121 724/724/121
f 568/1754/33 365/1755/33 930/1756/33 880/1757/33
f 792/1595/94 793/1594/94 921/1753/94 989/1744/94
f 769/1592/94 773/1597/94 924/1758/94 925/1759/94
f 366/1760/33 492/1761/33 876/1762/33 929/1763/33
f 474/1764/33 476/1740/33 858/1743/33 859/1765/33
f 791/1605/94 789/1601/94 986/1766/94 988/1695/94
f 576/1767/33 578/1749/33 887/1752/33 888/1768/33
f 473/1769/33 472/1770/33 857/1771/33 855/1772/33
f 789/1601/94 790/1600/94 987/1730/94 986/1766/94
f 575/1773/33 574/1774/33 886/1775/33 884/1776/33
f 796/1588/94 800/1587/94 995/1711/94 992/1737/94
f 571/1777/33 567/1778/33 879/1779/33 883/1780/33
f 788/1611/94 786/1607/94 983/1781/94 985/1659/94
f 358/1782/119 444/1783/119 835/1784/119 822/1785/119
f 766/1586/94 770/1591/94 917/1786/94 968/1787/94
f 493/1788/33 489/1195/33 873/1196/33 877/1789/33
f 471/1790/33 473/1769/33 855/1772/33 856/1791/33
f 786/1607/94 787/1606/94 984/1696/94 983/1781/94
f 573/1792/33 575/1773/33 884/1776/33 885/1793/33
f 470/1794/33 469/1165/33 854/1168/33 852/1795/33
f 785/1617/94 783/1613/94 980/1796/94 982/1624/94
f 572/1797/33 571/1777/33 883/1780/33 881/1798/33
f 799/1582/94 803/1581/94 916/1690/94 994/1720/94
f 823/1799/69 868/1800/69 924/1801/69 824/1802/69
f 829/1803/69 828/1804/69 936/1805/69 937/1806/69
f 871/1807/69 867/1808/69 970/1809/69 973/1810/69
f 833/1811/72 826/1812/72 918/1813/72 941/1814/72
f 825/1815/72 827/1816/72 935/1817/72 919/1818/72
f 910/1819/72 906/1820/72 1003/1821/72 1006/1822/72
f 900/1823/72 899/1824/72 996/1825/72 997/1826/72
f 867/1808/69 823/1799/69 824/1802/69 970/1809/69
f 851/1827/69 847/1828/69 915/1829/69 914/1830/69
f 896/1831/72 898/1832/72 916/1833/72 923/1834/72
f 864/1835/69 866/1836/69 917/1837/69 926/1838/69
f 826/1812/72 825/1815/72 919/1818/72 918/1813/72
f 892/1839/72 888/1840/72 921/1841/72 920/1842/72
f 897/1843/72 896/1831/72 923/1834/72 922/1844/72
f 868/1800/69 865/1845/69 925/1846/69 924/1801/69
f 865/1845/69 864/1835/69 926/1838/69 925/1846/69
f 913/1847/72 909/1848/72 928/1849/72 927/1850/72
f 889/1851/72 885/1852/72 987/1853/72 990/1854/72
f 899/1824/72 901/1855/72 998/1856/72 996/1825/72
f 844/1857/69 843/1858/69 951/1859/69 952/1860/69
f 870/1861/69 869/1862/69 971/1863/69 972/1864/69
f 903/1865/72 902/1866/72 999/1867/72 1000/1868/72
f 854/1869/69 850/1870/69 957/1871/69 960/1872/69
f 828/1804/69 830/1873/69 938/1874/69 936/1805/69
f 843/1858/69 845/1875/69 953/1876/69 951/1859/69
f 907/1877/72 903/1865/72 1000/1868/72 1004/1878/72
f 827/1816/72 912/1879/72 1008/1880/72 935/1817/72
f 869/1862/69 871/1807/69 973/1810/69 971/1863/69
f 874/1881/69 870/1861/69 972/1864/69 976/1882/69
f 902/1866/72 904/1883/72 1001/1884/72 999/1867/72
f 847/1828/69 846/1885/69 954/1886/69 915/1829/69
f 879/1887/72 878/1888/72 980/1889/72 981/1890/72
f 845/1875/69 829/1803/69 937/1806/69 953/1876/69
f 873/1891/69 872/1892/69 974/1893/69 975/1894/69
f 886/1895/72 882/1896/72 984/1897/72 988/1898/72
f 906/1820/72 905/1899/72 1002/1900/72 1003/1821/72
f 830/1873/69 838/1901/69 946/1902/69 938/1874/69
f 846/1885/69 848/1903/69 955/1904/69 954/1886/69
f 857/1905/69 853/1906/69 959/1907/69 963/1908/69
f 878/1888/72 880/1909/72 982/1910/72 980/1889/72
f 872/1892/69 874/1881/69 976/1882/69 974/1893/69
f 905/1899/72 907/1877/72 1004/1878/72 1002/1900/72
f 850/1870/69 849/1911/69 956/1912/69 957/1871/69
f 904/1883/72 900/1823/72 997/1826/72 1001/1884/72
f 882/1896/72 881/1913/72 983/1914/72 984/1897/72
f 876/1915/69 875/1916/69 977/1917/69 978/1918/69
f 877/1919/69 873/1891/69 975/1894/69 979/1920/69
f 909/1848/72 908/1921/72 1005/1922/72 928/1849/72
f 883/1923/72 879/1887/72 981/1890/72 985/1924/72
f 849/1911/69 851/1827/69 914/1830/69 956/1912/69
f 832/1925/72 831/1926/72 939/1927/72 940/1928/72
f 881/1913/72 883/1923/72 985/1924/72 983/1914/72
f 822/1929/72 835/1930/72 943/1931/72 934/1932/72
f 875/1916/69 877/1919/69 979/1920/69 977/1917/69
f 908/1921/72 910/1819/72 1006/1822/72 1005/1922/72
f 853/1906/69 852/1933/69 958/1934/69 959/1907/69
f 860/1935/69 856/1936/69 962/1937/69 966/1938/69
f 885/1852/72 884/1939/72 986/1940/72 987/1853/72
f 929/1941/69 876/1915/69 978/1918/69 1009/1942/69
f 912/1879/72 911/1943/72 1007/1944/72 1008/1880/72
f 901/1855/72 897/1843/72 922/1844/72 998/1856/72
f 831/1926/72 833/1811/72 941/1814/72 939/1927/72
f 880/1909/72 930/1945/72 1010/1946/72 982/1910/72
f 852/1933/69 854/1869/69 960/1872/69 958/1934/69
f 835/1930/72 834/1947/72 942/1948/72 943/1931/72
f 884/1939/72 886/1895/72 988/1898/72 986/1940/72
f 819/1949/69 820/1950/69 932/1951/69 931/1952/69
f 911/1943/72 913/1847/72 927/1850/72 1007/1944/72
f 856/1936/69 855/1953/69 961/1954/69 962/1937/69
f 888/1840/72 887/1955/72 989/1956/72 921/1841/72
f 836/1957/72 832/1925/72 940/1928/72 944/1958/72
f 863/1959/69 859/1960/69 965/1961/69 969/1962/69
f 834/1947/72 836/1957/72 944/1958/72 942/1948/72
f 821/1963/72 822/1929/72 934/1932/72 933/1964/72
f 855/1953/69 857/1905/69 963/1908/69 961/1954/69
f 898/1832/72 894/1965/72 994/1966/72 916/1833/72
f 838/1901/69 837/1967/69 945/1968/69 946/1902/69
f 887/1955/72 889/1851/72 990/1854/72 989/1956/72
f 859/1960/69 858/1969/69 964/1970/69 965/1961/69
f 891/1971/72 890/1972/72 991/1973/72 992/1974/72
f 839/1975/69 841/1976/69 949/1977/69 947/1978/69
f 837/1967/69 839/1975/69 947/1978/69 945/1968/69
f 858/1969/69 860/1935/69 966/1938/69 964/1970/69
f 866/1836/69 862/1979/69 968/1980/69 917/1837/69
f 841/1976/69 840/1981/69 948/1982/69 949/1977/69
f 890/1972/72 892/1839/72 920/1842/72 991/1973/72
f 842/1983/69 819/1949/69 931/1952/69 950/1984/69
f 862/1979/69 861/1985/69 967/1986/69 968/1980/69
f 895/1987/72 891/1971/72 992/1974/72 995/1988/72
f 894/1965/72 893/1989/72 993/1990/72 994/1966/72
f 840/1981/69 842/1983/69 950/1984/69 948/1982/69
f 848/1903/69 844/1857/69 952/1860/69 955/1904/69
f 861/1985/69 863/1959/69 969/1962/69 967/1986/69
f 893/1989/72 895/1987/72 995/1988/72 993/1990/72
f 818/1556/94 816/1151/94 1007/1154/94 927/1991/94
f 741/1548/112 742/1547/112 946/1992/112 945/1993/112
f 492/1761/33 494/1994/33 875/1995/33 876/1762/33
f 441/1746/111 443/1996/111 831/1997/111 832/1747/111
f 730/1549/112 737/1201/112 941/1204/112 918/1661/112
f 355/1701/33 356/1998/33 820/1999/33 819/1702/33
f 743/1553/112 741/1548/112 945/1993/112 947/2000/112
f 596/1130/33 595/693/33 907/696/33 905/1131/33
f 817/1152/94 731/1544/94 935/1649/94 1008/1153/94
f 744/1552/112 745/1551/112 949/2001/112 948/2002/112
f 494/1994/33 493/1788/33 877/1789/33 875/1995/33
f 597/1665/33 599/2003/33 908/2004/33 909/1666/33
f 472/1770/33 468/2005/33 853/2006/33 857/1771/33
f 443/1996/111 442/2007/111 833/2008/111 831/1997/111
f 733/1541/94 749/1546/94 953/2009/94 937/1635/94
f 357/2010/33 358/1782/33 822/1785/33 821/2011/33
f 746/1554/112 744/1552/112 948/2002/112 950/2012/112
f 444/1783/111 446/2013/111 834/2014/111 835/1784/111
f 592/1174/33 588/1646/33 900/1647/33 904/1175/33
f 742/1547/112 734/1550/112 938/1627/112 946/1992/112
f 356/703/121 724/724/121 932/2015/121 820/2016/121
f 747/1545/94 748/1555/94 952/2017/94 951/2018/94
f 599/2003/33 598/1235/33 910/1236/33 908/2004/33
f 749/1546/94 747/1545/94 951/2018/94 953/2009/94
f 600/2019/33 602/2020/33 911/2021/33 912/2022/33
f 446/2013/111 445/1745/111 836/1748/111 834/2014/111
f 750/1557/94 751/1559/94 915/2023/94 954/2024/94
f 447/2025/111 449/2026/111 837/2027/111 838/2028/111
f 475/1741/33 471/1790/33 856/1791/33 860/1742/33
f 752/1558/94 750/1557/94 954/2024/94 955/2029/94
f 602/2020/33 601/1664/33 913/1667/33 911/2021/33
f 589/1621/33 585/1683/33 897/1684/33 901/1622/33
f 739/1181/112 726/1539/112 934/1698/112 943/1182/112
f 753/1561/94 754/1563/94 957/2030/94 956/2031/94
f 449/2026/111 448/1721/111 839/1724/111 837/2027/111
f 736/1225/112 740/1147/112 944/1150/112 940/1226/112
f 725/725/121 357/702/121 821/2032/121 933/2033/121
f 755/1562/94 753/1561/94 956/2031/94 914/2034/94
f 450/1722/120 452/2035/120 840/2036/120 841/1723/120
f 745/1551/112 743/1553/112 947/2000/112 949/2001/112
f 756/1566/94 757/1568/94 959/2037/94 958/2038/94
f 478/1717/33 474/1764/33 859/1765/33 863/1718/33
f 758/1567/94 756/1566/94 958/2038/94 960/2039/94
f 452/2035/111 451/1700/111 842/1703/111 840/2036/111
f 586/1656/33 582/1712/33 894/1713/33 898/1657/33
f 723/1540/112 746/1554/112 950/2012/112 931/1714/112
f 759/1572/94 760/1574/94 962/2040/94 961/2041/94
f 748/1555/94 752/1558/94 955/2029/94 952/2017/94
f 761/1573/94 759/1572/94 961/2041/94 963/2042/94
f 814/1209/94 818/1556/94 927/1991/94 928/1210/94
f 762/1578/94 763/1580/94 965/2043/94 964/2044/94
f 481/1686/33 477/1735/33 862/1736/33 866/1687/33
f 764/1579/94 762/1578/94 964/2044/94 966/2045/94
f 583/1692/33 579/1738/33 891/1739/33 895/1693/33
f 751/1559/94 755/1562/94 914/2034/94 915/2023/94
f 765/1584/94 766/1586/94 968/1787/94 967/2046/94
f 811/1560/94 815/1187/94 1006/1190/94 1003/1628/94
f 767/1585/94 765/1584/94 967/2046/94 969/2047/94
f 768/1590/94 769/1592/94 925/1759/94 926/2048/94
f 459/1676/33 461/2049/33 843/2050/33 844/1677/33
f 484/1651/33 480/1708/33 865/1709/33 868/1652/33
f 754/1563/94 758/1567/94 960/2039/94 957/2030/94
f 770/1591/94 768/1590/94 926/2048/94 917/1786/94
f 580/1726/33 576/1767/33 888/1768/33 892/1727/33
f 808/1564/94 812/1231/94 1004/1234/94 1000/1654/94
f 771/1596/94 772/1598/94 970/1734/94 824/2051/94
f 728/1640/118 366/726/118 929/2052/118 1009/2053/118
f 461/2049/33 460/2054/33 845/2055/33 843/2050/33
f 442/2007/111 429/1704/111 826/1705/111 833/2008/111
f 773/1597/94 771/1596/94 824/2051/94 924/1758/94
f 365/727/118 727/1641/118 1010/2056/118 930/2057/118
f 462/1630/33 464/2058/33 846/2059/33 847/1631/33
f 757/1568/94 761/1573/94 963/2042/94 959/2037/94
f 774/1602/94 775/1604/94 972/1707/94 971/2060/94
f 487/1220/33 483/1672/33 867/1673/33 871/1221/33
f 805/1570/94 809/1569/94 1001/1639/94 997/1674/94
f 776/1603/94 774/1602/94 971/2060/94 973/1733/94
f 464/2058/33 463/1675/33 848/1678/33 846/2059/33
f 577/1750/33 573/1792/33 885/1793/33 889/1751/33
f 567/1778/33 569/2061/33 878/2062/33 879/1779/33
f 777/1608/94 778/1610/94 975/1671/94 974/2063/94
f 465/1166/33 467/2064/33 849/2065/33 850/1167/33
f 760/1574/94 764/1579/94 966/2045/94 962/2040/94
f 430/1680/33 600/2019/33 912/2022/33 827/1681/33
f 779/1609/94 777/1608/94 974/2063/94 976/1706/94
f 802/1576/94 806/1575/94 998/1663/94 922/1699/94
f 569/2061/33 568/1754/33 880/1757/33 878/2062/33
f 460/2054/33 432/1668/33 829/1669/33 845/2055/33
f 780/1614/94 781/1616/94 978/1634/94 977/2066/94
f 490/1134/33 486/1636/33 870/1637/33 874/1135/33
f 467/2064/33 466/1629/33 851/1632/33 849/2065/33
f 570/2067/33 572/1797/33 881/1798/33 882/2068/33
f 433/1643/111 447/2025/111 838/2028/111 830/1644/111
f 782/1615/94 780/1614/94 977/2066/94 979/1670/94
f 574/1774/33 570/2067/33 882/2068/33 886/1775/33
f 468/2005/33 470/1794/33 852/1795/33 853/2006/33
f 763/1580/94 767/1585/94 969/2047/94 965/2043/94
f 783/1613/94 784/1612/94 981/1660/94 980/1796/94
f 1013/2069/94 1029/2070/94 1044/2071/94 1014/2072/94
f 1014/2073/70 1044/2074/70 1043/2075/70 1015/2076/70
f 1015/2077/94 1043/2078/94 1042/2079/94 1016/2080/94
f 1016/2081/70 1042/2082/70 1041/2083/70 1017/2084/70
f 1017/2085/94 1041/2086/94 1040/2087/94 1018/2088/94
f 1018/2089/70 1040/2090/70 1039/2091/70 1019/2092/70
f 1019/2093/94 1039/2094/94 1038/2095/94 1020/2096/94
f 1020/2097/70 1038/2098/70 1037/2099/70 1021/2100/70
f 1021/2101/94 1037/2102/94 1036/2103/94 1022/2104/94
f 1022/2105/70 1036/2106/70 1035/2107/70 1023/2108/70
f 1023/2109/94 1035/2110/94 1034/2111/94 1024/2112/94
f 1024/2113/70 1034/2114/70 1033/2115/70 1025/2116/70
f 1025/2117/94 1033/2118/94 1032/2119/94 1026/2120/94
f 1026/2121/70 1032/2122/70 1031/2123/70 1027/2124/70
f 1027/2125/94 1031/2126/94 1030/2127/94 1028/2128/94
f 1029/2129/94 1013/2129/94 1012/2129/94 1011/2129/94
f 1013/2130/75 1029/2131/75 1046/2132/75 1045/2133/75
f 1044/2134/122 1029/2135/122 1046/2136/122
f 1043/2137/123 1044/2138/123 1042/2139/123
f 1041/2140/123 1042/2141/123 1040/2142/123
f 1039/2143/123 1040/2144/123 1038/2145/123
f 1037/2146/123 1038/2147/123 1036/2148/123
f 1035/2149/123 1036/2150/123 1034/2151/123
f 1033/2152/123 1034/2153/123 1032/2154/123
f 1031/2155/123 1032/2156/123 1030/2157/123
f 1013/2158/69 1014/2159/69 1045/2160/69
f 1015/2161/69 1016/2162/69 1014/2163/69
f 1017/2164/69 1018/2165/69 1016/2166/69
f 1019/2167/69 1020/2168/69 1018/2169/69
f 1021/2170/69 1022/2171/69 1020/2172/69
f 1023/2173/69 1024/2174/69 1022/2175/69
f 1025/2176/69 1026/2177/69 1024/2178/69
f 1027/2179/69 1028/2180/69 1026/2181/69
o Plane.013
v 2.013706 4.229154 -5.606366
v 2.013706 3.440793 -4.216235
v 2.013706 4.987256 -5.606366
v 2.013706 4.198895 -4.216235
v 2.033706 4.110747 -5.606368
v 2.033706 3.322387 -4.216232
v 2.033706 4.987256 -5.606368
v 2.033706 4.198895 -4.216232
v 2.033706 4.110747 -5.631758
v 2.033706 3.322387 -4.190843
v 2.033706 4.987256 -5.631758
v 2.033706 4.198895 -4.190843
v 2.033706 5.038388 -5.606368
v 2.033706 4.250028 -4.216232
v 2.033706 5.038388 -5.631758
v 2.033706 4.250028 -4.190843
v 1.993706 4.987256 -5.606368
v 1.993706 4.110747 -5.606368
v 1.993706 3.322387 -4.216232
v 1.993706 4.198895 -4.216232
v 1.993706 4.987256 -5.631758
v 1.993706 4.110747 -5.631758
v 1.993706 3.322387 -4.190843
v 1.993706 4.198895 -4.190843
v 1.993706 4.250028 -4.190843
v 1.993706 4.250028 -4.216232
v 1.993706 5.038388 -5.606368
v 1.993706 5.038388 -5.631758
v 2.013706 3.440793 -4.165452
v 2.013706 2.680661 -2.792360
v 2.013706 4.198895 -4.165452
v 2.013706 3.438763 -2.792360
v 2.033706 3.322387 -4.165454
v 2.033706 2.562255 -2.792357
v 2.033706 4.198895 -4.165454
v 2.033706 3.438763 -2.792357
v 2.033706 3.322387 -4.190843
v 2.033706 2.562255 -2.766968
v 2.033706 4.198895 -4.190843
v 2.033706 3.438763 -2.766968
v 2.033706 4.250028 -4.165454
v 2.033706 3.489896 -2.792357
v 2.033706 4.250028 -4.190843
v 2.033706 3.489896 -2.766968
v 1.993706 4.198895 -4.165454
v 1.993706 3.322387 -4.165454
v 1.993706 2.562255 -2.792357
v 1.993706 3.438763 -2.792357
v 1.993706 4.198895 -4.190843
v 1.993706 3.322387 -4.190843
v 1.993706 2.562255 -2.766968
v 1.993706 3.438763 -2.766968
v 1.993706 3.489896 -2.766968
v 1.993706 3.489896 -2.792357
v 1.993706 4.250028 -4.165454
v 1.993706 4.250028 -4.190843
v 2.013706 2.680661 -2.741577
v 2.013706 1.938344 -1.368485
v 2.013706 3.438763 -2.741577
v 2.013706 2.696446 -1.368485
v 2.033706 2.562255 -2.741579
v 2.033706 1.819938 -1.368483
v 2.033706 3.438763 -2.741579
v 2.033706 2.696446 -1.368483
v 2.033706 2.562255 -2.766968
v 2.033706 1.819938 -1.343093
v 2.033706 3.438763 -2.766968
v 2.033706 2.696446 -1.343093
v 2.033706 3.489896 -2.741579
v 2.033706 2.747579 -1.368483
v 2.033706 3.489896 -2.766968
v 2.033706 2.747579 -1.343093
v 1.993706 3.438763 -2.741579
v 1.993706 2.562255 -2.741579
v 1.993706 1.819938 -1.368483
v 1.993706 2.696446 -1.368483
v 1.993706 3.438763 -2.766968
v 1.993706 2.562255 -2.766968
v 1.993706 1.819938 -1.343093
v 1.993706 2.696446 -1.343093
v 1.993706 2.747579 -1.343093
v 1.993706 2.747579 -1.368483
v 1.993706 3.489896 -2.741579
v 1.993706 3.489896 -2.766968
v 2.033706 4.090569 -5.631758
v 2.033706 4.090569 -5.606368
v 1.993706 4.090569 -5.631758
v 1.993706 4.090569 -5.606368
v -2.013706 4.229154 -28.361645
v -2.013706 4.229154 -26.532324
v -2.013706 4.987256 -28.361645
v -2.013706 4.987256 -26.532324
v -1.993706 4.110747 -28.361647
v -1.993706 4.110747 -26.532322
v -1.993706 4.987256 -28.361647
v -1.993706 4.987256 -26.532322
v -1.993706 4.110747 -28.395472
v -1.993706 4.110747 -26.498497
v -1.993706 4.987256 -28.395472
v -1.993706 4.987256 -26.498497
v -1.993706 5.038388 -28.361647
v -1.993706 5.038388 -26.532322
v -1.993706 5.038388 -28.395472
v -1.993706 5.038388 -26.498497
v -2.033707 4.987256 -28.361647
v -2.033707 4.110747 -28.361647
v -2.033707 4.110747 -26.532322
v -2.033707 4.987256 -26.532322
v -2.033707 4.987256 -28.395472
v -2.033707 4.110747 -28.395472
v -2.033707 4.110747 -26.498497
v -2.033707 4.987256 -26.498497
v -2.033707 5.038388 -26.498497
v -2.033707 5.038388 -26.532322
v -2.033707 5.038388 -28.361647
v -2.033707 5.038388 -28.395472
v -2.013706 4.229154 -26.464668
v -2.013706 4.229154 -24.635347
v -2.013706 4.987256 -26.464668
v -2.013706 4.987256 -24.635347
v -1.993706 4.110747 -26.464670
v -1.993706 4.110747 -24.635345
v -1.993706 4.987256 -26.464670
v -1.993706 4.987256 -24.635345
v -1.993706 4.110747 -26.498497
v -1.993706 4.110747 -24.601521
v -1.993706 4.987256 -26.498497
v -1.993706 4.987256 -24.601521
v -1.993706 5.038388 -26.464670
v -1.993706 5.038388 -24.635345
v -1.993706 5.038388 -26.498497
v -1.993706 5.038388 -24.601521
v -2.033707 4.987256 -26.464670
v -2.033707 4.110747 -26.464670
v -2.033707 4.110747 -24.635345
v -2.033707 4.987256 -24.635345
v -2.033707 4.987256 -26.498497
v -2.033707 4.110747 -26.498497
v -2.033707 4.110747 -24.601521
v -2.033707 4.987256 -24.601521
v -2.033707 5.038388 -24.601521
v -2.033707 5.038388 -24.635345
v -2.033707 5.038388 -26.464670
v -2.033707 5.038388 -26.498497
v -2.013706 4.229154 -24.567692
v -2.013706 4.229154 -22.738373
v -2.013706 4.987256 -24.567692
v -2.013706 4.987256 -22.738373
v -1.993706 4.110747 -24.567694
v -1.993706 4.110747 -22.738369
v -1.993706 4.987256 -24.567694
v -1.993706 4.987256 -22.738369
v -1.993706 4.110747 -24.601521
v -1.993706 4.110747 -22.704544
v -1.993706 4.987256 -24.601521
v -1.993706 4.987256 -22.704544
v -1.993706 5.038388 -24.567694
v -1.993706 5.038388 -22.738369
v -1.993706 5.038388 -24.601521
v -1.993706 5.038388 -22.704544
v -2.033707 4.987256 -24.567694
v -2.033707 4.110747 -24.567694
v -2.033707 4.110747 -22.738369
v -2.033707 4.987256 -22.738369
v -2.033707 4.987256 -24.601521
v -2.033707 4.110747 -24.601521
v -2.033707 4.110747 -22.704544
v -2.033707 4.987256 -22.704544
v -2.033707 5.038388 -22.704544
v -2.033707 5.038388 -22.738369
v -2.033707 5.038388 -24.567694
v -2.033707 5.038388 -24.601521
v -2.013706 4.229154 -22.670715
v -2.013706 4.229154 -20.841396
v -2.013706 4.987256 -22.670715
v -2.013706 4.987256 -20.841396
v -1.993706 4.110747 -22.670719
v -1.993706 4.110747 -20.841393
v -1.993706 4.987256 -22.670719
v -1.993706 4.987256 -20.841393
v -1.993706 4.110747 -22.704544
v -1.993706 4.110747 -20.807568
v -1.993706 4.987256 -22.704544
v -1.993706 4.987256 -20.807568
v -1.993706 5.038388 -22.670719
v -1.993706 5.038388 -20.841393
v -1.993706 5.038388 -22.704544
v -1.993706 5.038388 -20.807568
v -2.033707 4.987256 -22.670719
v -2.033707 4.110747 -22.670719
v -2.033707 4.110747 -20.841393
v -2.033707 4.987256 -20.841393
v -2.033707 4.987256 -22.704544
v -2.033707 4.110747 -22.704544
v -2.033707 4.110747 -20.807568
v -2.033707 4.987256 -20.807568
v -2.033707 5.038388 -20.807568
v -2.033707 5.038388 -20.841393
v -2.033707 5.038388 -22.670719
v -2.033707 5.038388 -22.704544
v -2.013706 4.229154 -20.773739
v -2.013706 4.229154 -18.944420
v -2.013706 4.987256 -20.773739
v -2.013706 4.987256 -18.944420
v -1.993706 4.110747 -20.773743
v -1.993706 4.110747 -18.944416
v -1.993706 4.987256 -20.773743
v -1.993706 4.987256 -18.944416
v -1.993706 4.110747 -20.807568
v -1.993706 4.110747 -18.910591
v -1.993706 4.987256 -20.807568
v -1.993706 4.987256 -18.910591
v -1.993706 5.038388 -20.773743
v -1.993706 5.038388 -18.944416
v -1.993706 5.038388 -20.807568
v -1.993706 5.038388 -18.910591
v -2.033707 4.987256 -20.773743
v -2.033707 4.110747 -20.773743
v -2.033707 4.110747 -18.944416
v -2.033707 4.987256 -18.944416
v -2.033707 4.987256 -20.807568
v -2.033707 4.110747 -20.807568
v -2.033707 4.110747 -18.910591
v -2.033707 4.987256 -18.910591
v -2.033707 5.038388 -18.910591
v -2.033707 5.038388 -18.944416
v -2.033707 5.038388 -20.773743
v -2.033707 5.038388 -20.807568
v -2.013706 4.229154 -18.876762
v -2.013706 4.229154 -17.047443
v -2.013706 4.987256 -18.876762
v -2.013706 4.987256 -17.047443
v -1.993706 4.110747 -18.876766
v -1.993706 4.110747 -17.047440
v -1.993706 4.987256 -18.876766
v -1.993706 4.987256 -17.047440
v -1.993706 4.110747 -18.910591
v -1.993706 4.110747 -17.013615
v -1.993706 4.987256 -18.910591
v -1.993706 4.987256 -17.013615
v -1.993706 5.038388 -18.876766
v -1.993706 5.038388 -17.047440
v -1.993706 5.038388 -18.910591
v -1.993706 5.038388 -17.013615
v -2.033707 4.987256 -18.876766
v -2.033707 4.110747 -18.876766
v -2.033707 4.110747 -17.047440
v -2.033707 4.987256 -17.047440
v -2.033707 4.987256 -18.910591
v -2.033707 4.110747 -18.910591
v -2.033707 4.110747 -17.013615
v -2.033707 4.987256 -17.013615
v -2.033707 5.038388 -17.013615
v -2.033707 5.038388 -17.047440
v -2.033707 5.038388 -18.876766
v -2.033707 5.038388 -18.910591
v -2.013706 4.229154 -16.979786
v -2.013706 4.229154 -15.150467
v -2.013706 4.987256 -16.979786
v -2.013706 4.987256 -15.150467
v -1.993706 4.110747 -16.979790
v -1.993706 4.110747 -15.150465
v -1.993706 4.987256 -16.979790
v -1.993706 4.987256 -15.150465
v -1.993706 4.110747 -17.013615
v -1.993706 4.110747 -15.116638
v -1.993706 4.987256 -17.013615
v -1.993706 4.987256 -15.116638
v -1.993706 5.038388 -16.979790
v -1.993706 5.038388 -15.150465
v -1.993706 5.038388 -17.013615
v -1.993706 5.038388 -15.116638
v -2.033707 4.987256 -16.979790
v -2.033707 4.110747 -16.979790
v -2.033707 4.110747 -15.150465
v -2.033707 4.987256 -15.150465
v -2.033707 4.987256 -17.013615
v -2.033707 4.110747 -17.013615
v -2.033707 4.110747 -15.116638
v -2.033707 4.987256 -15.116638
v -2.033707 5.038388 -15.116638
v -2.033707 5.038388 -15.150465
v -2.033707 5.038388 -16.979790
v -2.033707 5.038388 -17.013615
v -2.013706 4.229154 -15.082811
v -2.013706 4.229154 -13.253490
v -2.013706 4.987256 -15.082811
v -2.013706 4.987256 -13.253490
v -1.993706 4.110747 -15.082813
v -1.993706 4.110747 -13.253489
v -1.993706 4.987256 -15.082813
v -1.993706 4.987256 -13.253489
v -1.993706 4.110747 -15.116638
v -1.993706 4.110747 -13.219664
v -1.993706 4.987256 -15.116638
v -1.993706 4.987256 -13.219664
v -1.993706 5.038388 -15.082813
v -1.993706 5.038388 -13.253489
v -1.993706 5.038388 -15.116638
v -1.993706 5.038388 -13.219664
v -2.033707 4.987256 -15.082813
v -2.033707 4.110747 -15.082813
v -2.033707 4.110747 -13.253489
v -2.033707 4.987256 -13.253489
v -2.033707 4.987256 -15.116638
v -2.033707 4.110747 -15.116638
v -2.033707 4.110747 -13.219664
v -2.033707 4.987256 -13.219664
v -2.033707 5.038388 -13.219664
v -2.033707 5.038388 -13.253489
v -2.033707 5.038388 -15.082813
v -2.033707 5.038388 -15.116638
v -2.013706 4.229154 -13.185835
v -2.013706 4.229154 -11.356515
v -2.013706 4.987256 -13.185835
v -2.013706 4.987256 -11.356515
v -1.993706 4.110747 -13.185837
v -1.993706 4.110747 -11.356512
v -1.993706 4.987256 -13.185837
v -1.993706 4.987256 -11.356512
v -1.993706 4.110747 -13.219664
v -1.993706 4.110747 -11.322687
v -1.993706 4.987256 -13.219664
v -1.993706 4.987256 -11.322687
v -1.993706 5.038388 -13.185837
v -1.993706 5.038388 -11.356512
v -1.993706 5.038388 -13.219664
v -1.993706 5.038388 -11.322687
v -2.033707 4.987256 -13.185837
v -2.033707 4.110747 -13.185837
v -2.033707 4.110747 -11.356512
v -2.033707 4.987256 -11.356512
v -2.033707 4.987256 -13.219664
v -2.033707 4.110747 -13.219664
v -2.033707 4.110747 -11.322687
v -2.033707 4.987256 -11.322687
v -2.033707 5.038388 -11.322687
v -2.033707 5.038388 -11.356512
v -2.033707 5.038388 -13.185837
v -2.033707 5.038388 -13.219664
v -2.013706 4.229154 -11.288858
v -2.013706 4.229154 -9.459539
v -2.013706 4.987256 -11.288858
v -2.013706 4.987256 -9.459539
v -1.993706 4.110747 -11.288861
v -1.993706 4.110747 -9.459536
v -1.993706 4.987256 -11.288861
v -1.993706 4.987256 -9.459536
v -1.993706 4.110747 -11.322687
v -1.993706 4.110747 -9.425711
v -1.993706 4.987256 -11.322687
v -1.993706 4.987256 -9.425711
v -1.993706 5.038388 -11.288861
v -1.993706 5.038388 -9.459536
v -1.993706 5.038388 -11.322687
v -1.993706 5.038388 -9.425711
v -2.033707 4.987256 -11.288861
v -2.033707 4.110747 -11.288861
v -2.033707 4.110747 -9.459536
v -2.033707 4.987256 -9.459536
v -2.033707 4.987256 -11.322687
v -2.033707 4.110747 -11.322687
v -2.033707 4.110747 -9.425711
v -2.033707 4.987256 -9.425711
v -2.033707 5.038388 -9.425711
v -2.033707 5.038388 -9.459536
v -2.033707 5.038388 -11.288861
v -2.033707 5.038388 -11.322687
v -2.013706 4.229154 -9.391882
v -2.013706 4.229154 -7.562563
v -2.013706 4.987256 -9.391882
v -2.013706 4.987256 -7.562563
v -1.993706 4.110747 -9.391886
v -1.993706 4.110747 -7.562560
v -1.993706 4.987256 -9.391886
v -1.993706 4.987256 -7.562560
v -1.993706 4.110747 -9.425711
v -1.993706 4.110747 -7.528734
v -1.993706 4.987256 -9.425711
v -1.993706 4.987256 -7.528734
v -1.993706 5.038388 -9.391886
v -1.993706 5.038388 -7.562560
v -1.993706 5.038388 -9.425711
v -1.993706 5.038388 -7.528734
v -2.033707 4.987256 -9.391886
v -2.033707 4.110747 -9.391886
v -2.033707 4.110747 -7.562560
v -2.033707 4.987256 -7.562560
v -2.033707 4.987256 -9.425711
v -2.033707 4.110747 -9.425711
v -2.033707 4.110747 -7.528734
v -2.033707 4.987256 -7.528734
v -2.033707 5.038388 -7.528734
v -2.033707 5.038388 -7.562560
v -2.033707 5.038388 -9.391886
v -2.033707 5.038388 -9.425711
v -2.013706 4.229154 -7.494906
v -2.013706 4.229154 -5.665586
v -2.013706 4.987256 -7.494906
v -2.013706 4.987256 -5.665586
v -1.993706 4.110747 -7.494909
v -1.993706 4.110747 -5.665584
v -1.993706 4.987256 -7.494909
v -1.993706 4.987256 -5.665584
v -1.993706 4.110747 -7.528734
v -1.993706 4.110747 -5.631758
v -1.993706 4.987256 -7.528734
v -1.993706 4.987256 -5.631758
v -1.993706 5.038388 -7.494909
v -1.993706 5.038388 -5.665584
v -1.993706 5.038388 -7.528734
v -1.993706 5.038388 -5.631758
v -2.033707 4.987256 -7.494909
v -2.033707 4.110747 -7.494909
v -2.033707 4.110747 -5.665584
v -2.033707 4.987256 -5.665584
v -2.033707 4.987256 -7.528734
v -2.033707 4.110747 -7.528734
v -2.033707 4.110747 -5.631758
v -2.033707 4.987256 -5.631758
v -2.033707 5.038388 -5.631758
v -2.033707 5.038388 -5.665584
v -2.033707 5.038388 -7.494909
v -2.033707 5.038388 -7.528734
v 2.013706 4.229154 -28.361645
v 2.013706 4.229154 -26.532324
v 2.013706 4.987256 -28.361645
v 2.013706 4.987256 -26.532324
v 2.033706 4.110747 -28.361647
v 2.033706 4.110747 -26.532322
v 2.033706 4.987256 -28.361647
v 2.033706 4.987256 -26.532322
v 2.033706 4.110747 -28.395472
v 2.033706 4.110747 -26.498497
v 2.033706 4.987256 -28.395472
v 2.033706 4.987256 -26.498497
v 2.033706 5.038388 -28.361647
v 2.033706 5.038388 -26.532322
v 2.033706 5.038388 -28.395472
v 2.033706 5.038388 -26.498497
v 1.993706 4.987256 -28.361647
v 1.993706 4.110747 -28.361647
v 1.993706 4.110747 -26.532322
v 1.993706 4.987256 -26.532322
v 1.993706 4.987256 -28.395472
v 1.993706 4.110747 -28.395472
v 1.993706 4.110747 -26.498497
v 1.993706 4.987256 -26.498497
v 1.993706 5.038388 -26.498497
v 1.993706 5.038388 -26.532322
v 1.993706 5.038388 -28.361647
v 1.993706 5.038388 -28.395472
v 2.013706 4.229154 -26.464668
v 2.013706 4.229154 -24.635347
v 2.013706 4.987256 -26.464668
v 2.013706 4.987256 -24.635347
v 2.033706 4.110747 -26.464670
v 2.033706 4.110747 -24.635345
v 2.033706 4.987256 -26.464670
v 2.033706 4.987256 -24.635345
v 2.033706 4.110747 -26.498497
v 2.033706 4.110747 -24.601521
v 2.033706 4.987256 -26.498497
v 2.033706 4.987256 -24.601521
v 2.033706 5.038388 -26.464670
v 2.033706 5.038388 -24.635345
v 2.033706 5.038388 -26.498497
v 2.033706 5.038388 -24.601521
v 1.993706 4.987256 -26.464670
v 1.993706 4.110747 -26.464670
v 1.993706 4.110747 -24.635345
v 1.993706 4.987256 -24.635345
v 1.993706 4.987256 -26.498497
v 1.993706 4.110747 -26.498497
v 1.993706 4.110747 -24.601521
v 1.993706 4.987256 -24.601521
v 1.993706 5.038388 -24.601521
v 1.993706 5.038388 -24.635345
v 1.993706 5.038388 -26.464670
v 1.993706 5.038388 -26.498497
v 2.013706 4.229154 -24.567692
v 2.013706 4.229154 -22.738373
v 2.013706 4.987256 -24.567692
v 2.013706 4.987256 -22.738373
v 2.033706 4.110747 -24.567694
v 2.033706 4.110747 -22.738369
v 2.033706 4.987256 -24.567694
v 2.033706 4.987256 -22.738369
v 2.033706 4.110747 -24.601521
v 2.033706 4.110747 -22.704544
v 2.033706 4.987256 -24.601521
v 2.033706 4.987256 -22.704544
v 2.033706 5.038388 -24.567694
v 2.033706 5.038388 -22.738369
v 2.033706 5.038388 -24.601521
v 2.033706 5.038388 -22.704544
v 1.993706 4.987256 -24.567694
v 1.993706 4.110747 -24.567694
v 1.993706 4.110747 -22.738369
v 1.993706 4.987256 -22.738369
v 1.993706 4.987256 -24.601521
v 1.993706 4.110747 -24.601521
v 1.993706 4.110747 -22.704544
v 1.993706 4.987256 -22.704544
v 1.993706 5.038388 -22.704544
v 1.993706 5.038388 -22.738369
v 1.993706 5.038388 -24.567694
v 1.993706 5.038388 -24.601521
v 2.013706 4.229154 -22.670715
v 2.013706 4.229154 -20.841396
v 2.013706 4.987256 -22.670715
v 2.013706 4.987256 -20.841396
v 2.033706 4.110747 -22.670719
v 2.033706 4.110747 -20.841393
v 2.033706 4.987256 -22.670719
v 2.033706 4.987256 -20.841393
v 2.033706 4.110747 -22.704544
v 2.033706 4.110747 -20.807568
v 2.033706 4.987256 -22.704544
v 2.033706 4.987256 -20.807568
v 2.033706 5.038388 -22.670719
v 2.033706 5.038388 -20.841393
v 2.033706 5.038388 -22.704544
v 2.033706 5.038388 -20.807568
v 1.993706 4.987256 -22.670719
v 1.993706 4.110747 -22.670719
v 1.993706 4.110747 -20.841393
v 1.993706 4.987256 -20.841393
v 1.993706 4.987256 -22.704544
v 1.993706 4.110747 -22.704544
v 1.993706 4.110747 -20.807568
v 1.993706 4.987256 -20.807568
v 1.993706 5.038388 -20.807568
v 1.993706 5.038388 -20.841393
v 1.993706 5.038388 -22.670719
v 1.993706 5.038388 -22.704544
v 2.013706 4.229154 -20.773739
v 2.013706 4.229154 -18.944420
v 2.013706 4.987256 -20.773739
v 2.013706 4.987256 -18.944420
v 2.033706 4.110747 -20.773743
v 2.033706 4.110747 -18.944416
v 2.033706 4.987256 -20.773743
v 2.033706 4.987256 -18.944416
v 2.033706 4.110747 -20.807568
v 2.033706 4.110747 -18.910591
v 2.033706 4.987256 -20.807568
v 2.033706 4.987256 -18.910591
v 2.033706 5.038388 -20.773743
v 2.033706 5.038388 -18.944416
v 2.033706 5.038388 -20.807568
v 2.033706 5.038388 -18.910591
v 1.993706 4.987256 -20.773743
v 1.993706 4.110747 -20.773743
v 1.993706 4.110747 -18.944416
v 1.993706 4.987256 -18.944416
v 1.993706 4.987256 -20.807568
v 1.993706 4.110747 -20.807568
v 1.993706 4.110747 -18.910591
v 1.993706 4.987256 -18.910591
v 1.993706 5.038388 -18.910591
v 1.993706 5.038388 -18.944416
v 1.993706 5.038388 -20.773743
v 1.993706 5.038388 -20.807568
v 2.013706 4.229154 -18.876762
v 2.013706 4.229154 -17.047443
v 2.013706 4.987256 -18.876762
v 2.013706 4.987256 -17.047443
v 2.033706 4.110747 -18.876766
v 2.033706 4.110747 -17.047440
v 2.033706 4.987256 -18.876766
v 2.033706 4.987256 -17.047440
v 2.033706 4.110747 -18.910591
v 2.033706 4.110747 -17.013615
v 2.033706 4.987256 -18.910591
v 2.033706 4.987256 -17.013615
v 2.033706 5.038388 -18.876766
v 2.033706 5.038388 -17.047440
v 2.033706 5.038388 -18.910591
v 2.033706 5.038388 -17.013615
v 1.993706 4.987256 -18.876766
v 1.993706 4.110747 -18.876766
v 1.993706 4.110747 -17.047440
v 1.993706 4.987256 -17.047440
v 1.993706 4.987256 -18.910591
v 1.993706 4.110747 -18.910591
v 1.993706 4.110747 -17.013615
v 1.993706 4.987256 -17.013615
v 1.993706 5.038388 -17.013615
v 1.993706 5.038388 -17.047440
v 1.993706 5.038388 -18.876766
v 1.993706 5.038388 -18.910591
v 2.013706 4.229154 -16.979786
v 2.013706 4.229154 -15.150467
v 2.013706 4.987256 -16.979786
v 2.013706 4.987256 -15.150467
v 2.033706 4.110747 -16.979790
v 2.033706 4.110747 -15.150465
v 2.033706 4.987256 -16.979790
v 2.033706 4.987256 -15.150465
v 2.033706 4.110747 -17.013615
v 2.033706 4.110747 -15.116638
v 2.033706 4.987256 -17.013615
v 2.033706 4.987256 -15.116638
v 2.033706 5.038388 -16.979790
v 2.033706 5.038388 -15.150465
v 2.033706 5.038388 -17.013615
v 2.033706 5.038388 -15.116638
v 1.993706 4.987256 -16.979790
v 1.993706 4.110747 -16.979790
v 1.993706 4.110747 -15.150465
v 1.993706 4.987256 -15.150465
v 1.993706 4.987256 -17.013615
v 1.993706 4.110747 -17.013615
v 1.993706 4.110747 -15.116638
v 1.993706 4.987256 -15.116638
v 1.993706 5.038388 -15.116638
v 1.993706 5.038388 -15.150465
v 1.993706 5.038388 -16.979790
v 1.993706 5.038388 -17.013615
v 2.013706 4.229154 -15.082811
v 2.013706 4.229154 -13.253490
v 2.013706 4.987256 -15.082811
v 2.013706 4.987256 -13.253490
v 2.033706 4.110747 -15.082813
v 2.033706 4.110747 -13.253489
v 2.033706 4.987256 -15.082813
v 2.033706 4.987256 -13.253489
v 2.033706 4.110747 -15.116638
v 2.033706 4.110747 -13.219664
v 2.033706 4.987256 -15.116638
v 2.033706 4.987256 -13.219664
v 2.033706 5.038388 -15.082813
v 2.033706 5.038388 -13.253489
v 2.033706 5.038388 -15.116638
v 2.033706 5.038388 -13.219664
v 1.993706 4.987256 -15.082813
v 1.993706 4.110747 -15.082813
v 1.993706 4.110747 -13.253489
v 1.993706 4.987256 -13.253489
v 1.993706 4.987256 -15.116638
v 1.993706 4.110747 -15.116638
v 1.993706 4.110747 -13.219664
v 1.993706 4.987256 -13.219664
v 1.993706 5.038388 -13.219664
v 1.993706 5.038388 -13.253489
v 1.993706 5.038388 -15.082813
v 1.993706 5.038388 -15.116638
v 2.013706 4.229154 -13.185835
v 2.013706 4.229154 -11.356515
v 2.013706 4.987256 -13.185835
v 2.013706 4.987256 -11.356515
v 2.033706 4.110747 -13.185837
v 2.033706 4.110747 -11.356512
v 2.033706 4.987256 -13.185837
v 2.033706 4.987256 -11.356512
v 2.033706 4.110747 -13.219664
v 2.033706 4.110747 -11.322687
v 2.033706 4.987256 -13.219664
v 2.033706 4.987256 -11.322687
v 2.033706 5.038388 -13.185837
v 2.033706 5.038388 -11.356512
v 2.033706 5.038388 -13.219664
v 2.033706 5.038388 -11.322687
v 1.993706 4.987256 -13.185837
v 1.993706 4.110747 -13.185837
v 1.993706 4.110747 -11.356512
v 1.993706 4.987256 -11.356512
v 1.993706 4.987256 -13.219664
v 1.993706 4.110747 -13.219664
v 1.993706 4.110747 -11.322687
v 1.993706 4.987256 -11.322687
v 1.993706 5.038388 -11.322687
v 1.993706 5.038388 -11.356512
v 1.993706 5.038388 -13.185837
v 1.993706 5.038388 -13.219664
v 2.013706 4.229154 -11.288858
v 2.013706 4.229154 -9.459539
v 2.013706 4.987256 -11.288858
v 2.013706 4.987256 -9.459539
v 2.033706 4.110747 -11.288861
v 2.033706 4.110747 -9.459536
v 2.033706 4.987256 -11.288861
v 2.033706 4.987256 -9.459536
v 2.033706 4.110747 -11.322687
v 2.033706 4.110747 -9.425711
v 2.033706 4.987256 -11.322687
v 2.033706 4.987256 -9.425711
v 2.033706 5.038388 -11.288861
v 2.033706 5.038388 -9.459536
v 2.033706 5.038388 -11.322687
v 2.033706 5.038388 -9.425711
v 1.993706 4.987256 -11.288861
v 1.993706 4.110747 -11.288861
v 1.993706 4.110747 -9.459536
v 1.993706 4.987256 -9.459536
v 1.993706 4.987256 -11.322687
v 1.993706 4.110747 -11.322687
v 1.993706 4.110747 -9.425711
v 1.993706 4.987256 -9.425711
v 1.993706 5.038388 -9.425711
v 1.993706 5.038388 -9.459536
v 1.993706 5.038388 -11.288861
v 1.993706 5.038388 -11.322687
v 2.013706 4.229154 -9.391882
v 2.013706 4.229154 -7.562563
v 2.013706 4.987256 -9.391882
v 2.013706 4.987256 -7.562563
v 2.033706 4.110747 -9.391886
v 2.033706 4.110747 -7.562560
v 2.033706 4.987256 -9.391886
v 2.033706 4.987256 -7.562560
v 2.033706 4.110747 -9.425711
v 2.033706 4.110747 -7.528734
v 2.033706 4.987256 -9.425711
v 2.033706 4.987256 -7.528734
v 2.033706 5.038388 -9.391886
v 2.033706 5.038388 -7.562560
v 2.033706 5.038388 -9.425711
v 2.033706 5.038388 -7.528734
v 1.993706 4.987256 -9.391886
v 1.993706 4.110747 -9.391886
v 1.993706 4.110747 -7.562560
v 1.993706 4.987256 -7.562560
v 1.993706 4.987256 -9.425711
v 1.993706 4.110747 -9.425711
v 1.993706 4.110747 -7.528734
v 1.993706 4.987256 -7.528734
v 1.993706 5.038388 -7.528734
v 1.993706 5.038388 -7.562560
v 1.993706 5.038388 -9.391886
v 1.993706 5.038388 -9.425711
v 2.013706 4.229154 -7.494906
v 2.013706 4.229154 -5.665586
v 2.013706 4.987256 -7.494906
v 2.013706 4.987256 -5.665586
v 2.033706 4.110747 -7.494909
v 2.033706 4.110747 -5.665584
v 2.033706 4.987256 -7.494909
v 2.033706 4.987256 -5.665584
v 2.033706 4.110747 -7.528734
v 2.033706 4.110747 -5.631758
v 2.033706 4.987256 -7.528734
v 2.033706 4.987256 -5.631758
v 2.033706 5.038388 -7.494909
v 2.033706 5.038388 -5.665584
v 2.033706 5.038388 -7.528734
v 2.033706 5.038388 -5.631758
v 1.993706 4.987256 -7.494909
v 1.993706 4.110747 -7.494909
v 1.993706 4.110747 -5.665584
v 1.993706 4.987256 -5.665584
v 1.993706 4.987256 -7.528734
v 1.993706 4.110747 -7.528734
v 1.993706 4.110747 -5.631758
v 1.993706 4.987256 -5.631758
v 1.993706 5.038388 -5.631758
v 1.993706 5.038388 -5.665584
v 1.993706 5.038388 -7.494909
v 1.993706 5.038388 -7.528734
v 2.013706 1.873007 -1.307221
v 2.013706 1.873007 0.522099
v 2.013706 2.631109 -1.307221
v 2.013706 2.631109 0.522099
v 2.033706 1.754601 -1.307224
v 2.033706 1.754601 0.522101
v 2.033706 2.631109 -1.307224
v 2.033706 2.631109 0.522101
v 2.033706 1.754601 -1.341049
v 2.033706 1.754601 0.555927
v 2.033706 2.631109 -1.341049
v 2.033706 2.631109 0.555927
v 2.033706 2.682242 -1.307224
v 2.033706 2.682242 0.522101
v 2.033706 2.682242 -1.341049
v 2.033706 2.682242 0.555927
v 1.993706 2.631109 -1.307224
v 1.993706 1.754601 -1.307224
v 1.993706 1.754601 0.522101
v 1.993706 2.631109 0.522101
v 1.993706 2.631109 -1.341049
v 1.993706 1.754601 -1.341049
v 1.993706 1.754601 0.555927
v 1.993706 2.631109 0.555927
v 1.993706 2.682242 0.555927
v 1.993706 2.682242 0.522101
v 1.993706 2.682242 -1.307224
v 1.993706 2.682242 -1.341049
v -2.013706 1.938344 -1.307221
v -2.013706 1.938344 0.522099
v -2.013706 2.696446 -1.307221
v -2.013706 2.696446 0.522099
v -1.993706 1.819938 -1.307224
v -1.993706 1.819938 0.522101
v -1.993706 2.696446 -1.307224
v -1.993706 2.696446 0.522101
v -1.993706 1.819938 -1.341049
v -1.993706 1.819938 0.555927
v -1.993706 2.696446 -1.341049
v -1.993706 2.696446 0.555927
v -1.993706 2.747579 -1.307224
v -1.993706 2.747579 0.522101
v -1.993706 2.747579 -1.341049
v -1.993706 2.747579 0.555927
v -2.033707 2.696446 -1.307224
v -2.033707 1.819938 -1.307224
v -2.033707 1.819938 0.522101
v -2.033707 2.696446 0.522101
v -2.033707 2.696446 -1.341049
v -2.033707 1.819938 -1.341049
v -2.033707 1.819938 0.555927
v -2.033707 2.696446 0.555927
v -2.033707 2.747579 0.555927
v -2.033707 2.747579 0.522101
v -2.033707 2.747579 -1.307224
v -2.033707 2.747579 -1.341049
v -2.013706 4.229154 -5.606366
v -2.013706 3.440793 -4.216235
v -2.013706 4.987256 -5.606366
v -2.013706 4.198895 -4.216235
v -1.993706 4.110748 -5.606368
v -1.993706 3.322387 -4.216232
v -1.993706 4.987256 -5.606368
v -1.993706 4.198895 -4.216232
v -1.993706 4.110748 -5.631758
v -1.993706 3.322387 -4.190843
v -1.993706 4.987256 -5.631758
v -1.993706 4.198895 -4.190843
v -1.993706 5.038389 -5.606368
v -1.993706 4.250028 -4.216232
v -1.993706 5.038389 -5.631758
v -1.993706 4.250028 -4.190843
v -2.033707 4.987256 -5.606368
v -2.033707 4.110748 -5.606368
v -2.033707 3.322387 -4.216232
v -2.033707 4.198895 -4.216232
v -2.033707 4.987256 -5.631758
v -2.033707 4.110748 -5.631758
v -2.033707 3.322387 -4.190843
v -2.033707 4.198895 -4.190843
v -2.033707 4.250028 -4.190843
v -2.033707 4.250028 -4.216232
v -2.033707 5.038389 -5.606368
v -2.033707 5.038389 -5.631758
v -2.013706 3.440793 -4.165452
v -2.013706 2.680661 -2.792360
v -2.013706 4.198895 -4.165452
v -2.013706 3.438763 -2.792360
v -1.993706 3.322387 -4.165454
v -1.993706 2.562255 -2.792357
v -1.993706 4.198895 -4.165454
v -1.993706 3.438763 -2.792357
v -1.993706 3.322387 -4.190843
v -1.993706 2.562255 -2.766968
v -1.993706 4.198895 -4.190843
v -1.993706 3.438763 -2.766968
v -1.993706 4.250028 -4.165454
v -1.993706 3.489896 -2.792357
v -1.993706 4.250028 -4.190843
v -1.993706 3.489896 -2.766968
v -2.033707 4.198895 -4.165454
v -2.033707 3.322387 -4.165454
v -2.033707 2.562255 -2.792357
v -2.033707 3.438763 -2.792357
v -2.033707 4.198895 -4.190843
v -2.033707 3.322387 -4.190843
v -2.033707 2.562255 -2.766968
v -2.033707 3.438763 -2.766968
v -2.033707 3.489896 -2.766968
v -2.033707 3.489896 -2.792357
v -2.033707 4.250028 -4.165454
v -2.033707 4.250028 -4.190843
v -2.013706 2.680661 -2.741577
v -2.013706 1.938345 -1.368485
v -2.013706 3.438763 -2.741577
v -2.013706 2.696447 -1.368485
v -1.993706 2.562255 -2.741579
v -1.993706 1.819939 -1.368483
v -1.993706 3.438763 -2.741579
v -1.993706 2.696447 -1.368483
v -1.993706 2.562255 -2.766968
v -1.993706 1.819939 -1.343093
v -1.993706 3.438763 -2.766968
v -1.993706 2.696447 -1.343093
v -1.993706 3.489896 -2.741579
v -1.993706 2.747580 -1.368483
v -1.993706 3.489896 -2.766968
v -1.993706 2.747580 -1.343093
v -2.033707 3.438763 -2.741579
v -2.033707 2.562255 -2.741579
v -2.033707 1.819939 -1.368483
v -2.033707 2.696447 -1.368483
v -2.033707 3.438763 -2.766968
v -2.033707 2.562255 -2.766968
v -2.033707 1.819939 -1.343093
v -2.033707 2.696447 -1.343093
v -2.033707 2.747580 -1.343093
v -2.033707 2.747580 -1.368483
v -2.033707 3.489896 -2.741579
v -2.033707 3.489896 -2.766968
v -1.993706 4.090570 -5.631758
v -1.993706 4.090570 -5.606368
v -2.033707 4.090570 -5.631758
v -2.033707 4.090570 -5.606368
vn 1.0000 -0.0000 -0.0000
vn -1.0000 -0.0000 -0.0000
vn -0.0000 -0.0000 -1.0000
vn -0.0000 1.0000 -0.0000
vn -0.0000 -0.0000 1.0000
vn -0.0000 -0.8699 -0.4933
vn -0.0000 0.8699 0.4933
vn -0.0000 -1.0000 -0.0000
vn -0.0000 -0.8749 -0.4843
vn -0.0000 0.8749 0.4843
vn -0.0000 -0.8797 -0.4756
vn -0.0000 0.8797 0.4756
vt 0.831645 -1.821305
vt -0.180319 -1.821305
vt -0.180319 -1.231150
vt 0.831645 -1.821306
vt -0.180319 -1.231151
vt 0.831645 -1.231152
vt 0.000000 0.000000
vt 0.482971 -1.821304
vt -0.528993 -1.821305
vt -0.528993 -1.231150
vt 0.482971 -1.821305
vt -0.528993 -1.231150
vt 0.482971 -1.231150
vt 0.134297 -1.821304
vt -0.877667 -1.821305
vt -0.877667 -1.231151
vt 0.134297 -1.821305
vt -0.877667 -1.231150
vt 0.134297 -1.231150
vt 1.174101 -0.045077
vt -0.174101 -0.045077
vt -0.174101 0.545077
vt 1.174101 0.545077
s 0
usemtl MetallFence.001
f 1048/2182/124 1047/2183/124 1049/2184/124
f 1048/2185/124 1049/2186/124 1050/2187/124
f 1076/2189/124 1075/2190/124 1077/2191/124
f 1076/2192/124 1077/2193/124 1078/2194/124
f 1104/2195/124 1103/2196/124 1105/2197/124
f 1104/2198/124 1105/2199/124 1106/2200/124
f 1136/2201/124 1135/2202/124 1137/2203/124
f 1136/2201/124 1137/2203/124 1138/2204/124
f 1164/2201/124 1163/2202/124 1165/2203/124
f 1164/2201/124 1165/2203/124 1166/2204/124
f 1192/2201/124 1191/2202/124 1193/2203/124
f 1192/2201/124 1193/2203/124 1194/2204/124
f 1220/2201/124 1219/2202/124 1221/2203/124
f 1220/2201/124 1221/2203/124 1222/2204/124
f 1248/2201/124 1247/2202/124 1249/2203/124
f 1248/2201/124 1249/2203/124 1250/2204/124
f 1276/2201/124 1275/2202/124 1277/2203/124
f 1276/2201/124 1277/2203/124 1278/2204/124
f 1304/2201/124 1303/2202/124 1305/2203/124
f 1304/2201/124 1305/2203/124 1306/2204/124
f 1332/2201/124 1331/2202/124 1333/2203/124
f 1332/2201/124 1333/2203/124 1334/2204/124
f 1360/2201/124 1359/2202/124 1361/2203/124
f 1360/2201/124 1361/2203/124 1362/2204/124
f 1388/2201/124 1387/2202/124 1389/2203/124
f 1388/2201/124 1389/2203/124 1390/2204/124
f 1416/2201/124 1415/2202/124 1417/2203/124
f 1416/2201/124 1417/2203/124 1418/2204/124
f 1444/2201/124 1443/2202/124 1445/2203/124
f 1444/2201/124 1445/2203/124 1446/2204/124
f 1472/2201/124 1471/2202/124 1473/2203/124
f 1472/2201/124 1473/2203/124 1474/2204/124
f 1500/2201/124 1499/2202/124 1501/2203/124
f 1500/2201/124 1501/2203/124 1502/2204/124
f 1528/2201/124 1527/2202/124 1529/2203/124
f 1528/2201/124 1529/2203/124 1530/2204/124
f 1556/2201/124 1555/2202/124 1557/2203/124
f 1556/2201/124 1557/2203/124 1558/2204/124
f 1584/2201/124 1583/2202/124 1585/2203/124
f 1584/2201/124 1585/2203/124 1586/2204/124
f 1612/2201/124 1611/2202/124 1613/2203/124
f 1612/2201/124 1613/2203/124 1614/2204/124
f 1640/2201/124 1639/2202/124 1641/2203/124
f 1640/2201/124 1641/2203/124 1642/2204/124
f 1668/2201/124 1667/2202/124 1669/2203/124
f 1668/2201/124 1669/2203/124 1670/2204/124
f 1696/2201/124 1695/2202/124 1697/2203/124
f 1696/2201/124 1697/2203/124 1698/2204/124
f 1724/2201/124 1723/2202/124 1725/2203/124
f 1724/2201/124 1725/2203/124 1726/2204/124
f 1752/2201/124 1751/2202/124 1753/2203/124
f 1752/2201/124 1753/2203/124 1754/2204/124
f 1780/2201/124 1779/2202/124 1781/2203/124
f 1780/2201/124 1781/2203/124 1782/2204/124
f 1808/2201/124 1807/2202/124 1809/2203/124
f 1808/2201/124 1809/2203/124 1810/2204/124
f 1836/2201/124 1835/2202/124 1837/2203/124
f 1836/2201/124 1837/2203/124 1838/2204/124
f 1864/2182/124 1863/2183/124 1865/2184/124
f 1864/2185/124 1865/2186/124 1866/2187/124
f 1892/2189/124 1891/2190/124 1893/2191/124
f 1892/2192/124 1893/2193/124 1894/2194/124
f 1920/2195/124 1919/2196/124 1921/2197/124
f 1920/2198/124 1921/2199/124 1922/2200/124
usemtl Black
f 1054/2188/124 1058/2188/124 1056/2188/124 1052/2188/124
f 1051/2188/124 1055/2188/124 1057/2188/124 1053/2188/124
f 1057/2188/124 1061/2188/124 1059/2188/124 1053/2188/124
f 1054/2188/124 1060/2188/124 1062/2188/124 1058/2188/124
f 1053/2188/124 1059/2188/124 1060/2188/124 1054/2188/124
f 1066/2188/125 1065/2188/125 1069/2188/125 1070/2188/125
f 1064/2188/125 1063/2188/125 1067/2188/125 1068/2188/125
f 1067/2188/125 1063/2188/125 1073/2188/125 1074/2188/125
f 1066/2188/125 1070/2188/125 1071/2188/125 1072/2188/125
f 1063/2188/125 1066/2188/125 1072/2188/125 1073/2188/125
f 1057/2188/126 1055/2188/126 1068/2188/126 1067/2188/126
f 1059/2188/127 1061/2188/127 1074/2188/127 1073/2188/127
f 1051/2188/128 1064/2188/128 1134/2188/128 1132/2188/128
f 1058/2188/128 1062/2188/128 1071/2188/128 1070/2188/128
f 1056/2188/128 1058/2188/128 1070/2188/128 1069/2188/128
f 1061/2188/126 1057/2188/126 1067/2188/126 1074/2188/126
f 1051/2188/128 1053/2188/128 1063/2188/128 1064/2188/128
f 1053/2188/129 1054/2188/129 1066/2188/129 1063/2188/129
f 1054/2188/126 1052/2188/126 1065/2188/126 1066/2188/126
f 1062/2188/127 1060/2188/127 1072/2188/127 1071/2188/127
f 1060/2188/130 1059/2188/130 1073/2188/130 1072/2188/130
f 1052/2188/131 1056/2188/131 1069/2188/131 1065/2188/131
f 1082/2188/124 1086/2188/124 1084/2188/124 1080/2188/124
f 1079/2188/124 1083/2188/124 1085/2188/124 1081/2188/124
f 1085/2188/124 1089/2188/124 1087/2188/124 1081/2188/124
f 1082/2188/124 1088/2188/124 1090/2188/124 1086/2188/124
f 1081/2188/124 1087/2188/124 1088/2188/124 1082/2188/124
f 1094/2188/125 1093/2188/125 1097/2188/125 1098/2188/125
f 1092/2188/125 1091/2188/125 1095/2188/125 1096/2188/125
f 1095/2188/125 1091/2188/125 1101/2188/125 1102/2188/125
f 1094/2188/125 1098/2188/125 1099/2188/125 1100/2188/125
f 1091/2188/125 1094/2188/125 1100/2188/125 1101/2188/125
f 1085/2188/126 1083/2188/126 1096/2188/126 1095/2188/126
f 1087/2188/127 1089/2188/127 1102/2188/127 1101/2188/127
f 1083/2188/131 1079/2188/131 1092/2188/131 1096/2188/131
f 1086/2188/128 1090/2188/128 1099/2188/128 1098/2188/128
f 1084/2188/128 1086/2188/128 1098/2188/128 1097/2188/128
f 1089/2188/126 1085/2188/126 1095/2188/126 1102/2188/126
f 1079/2188/128 1081/2188/128 1091/2188/128 1092/2188/128
f 1081/2188/132 1082/2188/132 1094/2188/132 1091/2188/132
f 1082/2188/126 1080/2188/126 1093/2188/126 1094/2188/126
f 1090/2188/127 1088/2188/127 1100/2188/127 1099/2188/127
f 1088/2188/133 1087/2188/133 1101/2188/133 1100/2188/133
f 1080/2188/131 1084/2188/131 1097/2188/131 1093/2188/131
f 1110/2188/124 1114/2188/124 1112/2188/124 1108/2188/124
f 1107/2188/124 1111/2188/124 1113/2188/124 1109/2188/124
f 1113/2188/124 1117/2188/124 1115/2188/124 1109/2188/124
f 1110/2188/124 1116/2188/124 1118/2188/124 1114/2188/124
f 1109/2188/124 1115/2188/124 1116/2188/124 1110/2188/124
f 1122/2188/125 1121/2188/125 1125/2188/125 1126/2188/125
f 1120/2188/125 1119/2188/125 1123/2188/125 1124/2188/125
f 1123/2188/125 1119/2188/125 1129/2188/125 1130/2188/125
f 1122/2188/125 1126/2188/125 1127/2188/125 1128/2188/125
f 1119/2188/125 1122/2188/125 1128/2188/125 1129/2188/125
f 1113/2188/126 1111/2188/126 1124/2188/126 1123/2188/126
f 1115/2188/127 1117/2188/127 1130/2188/127 1129/2188/127
f 1111/2188/131 1107/2188/131 1120/2188/131 1124/2188/131
f 1114/2188/128 1118/2188/128 1127/2188/128 1126/2188/128
f 1112/2188/128 1114/2188/128 1126/2188/128 1125/2188/128
f 1117/2188/126 1113/2188/126 1123/2188/126 1130/2188/126
f 1107/2188/128 1109/2188/128 1119/2188/128 1120/2188/128
f 1109/2188/134 1110/2188/134 1122/2188/134 1119/2188/134
f 1110/2188/126 1108/2188/126 1121/2188/126 1122/2188/126
f 1118/2188/127 1116/2188/127 1128/2188/127 1127/2188/127
f 1116/2188/135 1115/2188/135 1129/2188/135 1128/2188/135
f 1108/2188/131 1112/2188/131 1125/2188/131 1121/2188/131
f 1131/2188/131 1132/2188/131 1134/2188/131 1133/2188/131
f 1068/2188/126 1055/2188/126 1131/2188/126 1133/2188/126
f 1055/2188/124 1051/2188/124 1132/2188/124 1131/2188/124
f 1064/2188/125 1068/2188/125 1133/2188/125 1134/2188/125
f 1142/2188/124 1146/2188/124 1144/2188/124 1140/2188/124
f 1139/2188/124 1143/2188/124 1145/2188/124 1141/2188/124
f 1145/2188/124 1149/2188/124 1147/2188/124 1141/2188/124
f 1142/2188/124 1148/2188/124 1150/2188/124 1146/2188/124
f 1141/2188/124 1147/2188/124 1148/2188/124 1142/2188/124
f 1154/2188/125 1153/2188/125 1157/2188/125 1158/2188/125
f 1152/2188/125 1151/2188/125 1155/2188/125 1156/2188/125
f 1155/2188/125 1151/2188/125 1161/2188/125 1162/2188/125
f 1154/2188/125 1158/2188/125 1159/2188/125 1160/2188/125
f 1151/2188/125 1154/2188/125 1160/2188/125 1161/2188/125
f 1145/2188/126 1143/2188/126 1156/2188/126 1155/2188/126
f 1147/2188/127 1149/2188/127 1162/2188/127 1161/2188/127
f 1143/2188/131 1139/2188/131 1152/2188/131 1156/2188/131
f 1146/2188/128 1150/2188/128 1159/2188/128 1158/2188/128
f 1144/2188/128 1146/2188/128 1158/2188/128 1157/2188/128
f 1149/2188/126 1145/2188/126 1155/2188/126 1162/2188/126
f 1139/2188/128 1141/2188/128 1151/2188/128 1152/2188/128
f 1141/2188/131 1142/2188/131 1154/2188/131 1151/2188/131
f 1142/2188/126 1140/2188/126 1153/2188/126 1154/2188/126
f 1150/2188/127 1148/2188/127 1160/2188/127 1159/2188/127
f 1148/2188/127 1147/2188/127 1161/2188/127 1160/2188/127
f 1140/2188/131 1144/2188/131 1157/2188/131 1153/2188/131
f 1170/2188/124 1174/2188/124 1172/2188/124 1168/2188/124
f 1167/2188/124 1171/2188/124 1173/2188/124 1169/2188/124
f 1173/2188/124 1177/2188/124 1175/2188/124 1169/2188/124
f 1170/2188/124 1176/2188/124 1178/2188/124 1174/2188/124
f 1169/2188/124 1175/2188/124 1176/2188/124 1170/2188/124
f 1182/2188/125 1181/2188/125 1185/2188/125 1186/2188/125
f 1180/2188/125 1179/2188/125 1183/2188/125 1184/2188/125
f 1183/2188/125 1179/2188/125 1189/2188/125 1190/2188/125
f 1182/2188/125 1186/2188/125 1187/2188/125 1188/2188/125
f 1179/2188/125 1182/2188/125 1188/2188/125 1189/2188/125
f 1173/2188/126 1171/2188/126 1184/2188/126 1183/2188/126
f 1175/2188/127 1177/2188/127 1190/2188/127 1189/2188/127
f 1171/2188/131 1167/2188/131 1180/2188/131 1184/2188/131
f 1174/2188/128 1178/2188/128 1187/2188/128 1186/2188/128
f 1172/2188/128 1174/2188/128 1186/2188/128 1185/2188/128
f 1177/2188/126 1173/2188/126 1183/2188/126 1190/2188/126
f 1167/2188/128 1169/2188/128 1179/2188/128 1180/2188/128
f 1169/2188/131 1170/2188/131 1182/2188/131 1179/2188/131
f 1170/2188/126 1168/2188/126 1181/2188/126 1182/2188/126
f 1178/2188/127 1176/2188/127 1188/2188/127 1187/2188/127
f 1176/2188/127 1175/2188/127 1189/2188/127 1188/2188/127
f 1168/2188/131 1172/2188/131 1185/2188/131 1181/2188/131
f 1198/2188/124 1202/2188/124 1200/2188/124 1196/2188/124
f 1195/2188/124 1199/2188/124 1201/2188/124 1197/2188/124
f 1201/2188/124 1205/2188/124 1203/2188/124 1197/2188/124
f 1198/2188/124 1204/2188/124 1206/2188/124 1202/2188/124
f 1197/2188/124 1203/2188/124 1204/2188/124 1198/2188/124
f 1210/2188/125 1209/2188/125 1213/2188/125 1214/2188/125
f 1208/2188/125 1207/2188/125 1211/2188/125 1212/2188/125
f 1211/2188/125 1207/2188/125 1217/2188/125 1218/2188/125
f 1210/2188/125 1214/2188/125 1215/2188/125 1216/2188/125
f 1207/2188/125 1210/2188/125 1216/2188/125 1217/2188/125
f 1201/2188/126 1199/2188/126 1212/2188/126 1211/2188/126
f 1203/2188/127 1205/2188/127 1218/2188/127 1217/2188/127
f 1199/2188/131 1195/2188/131 1208/2188/131 1212/2188/131
f 1202/2188/128 1206/2188/128 1215/2188/128 1214/2188/128
f 1200/2188/128 1202/2188/128 1214/2188/128 1213/2188/128
f 1205/2188/126 1201/2188/126 1211/2188/126 1218/2188/126
f 1195/2188/128 1197/2188/128 1207/2188/128 1208/2188/128
f 1197/2188/131 1198/2188/131 1210/2188/131 1207/2188/131
f 1198/2188/126 1196/2188/126 1209/2188/126 1210/2188/126
f 1206/2188/127 1204/2188/127 1216/2188/127 1215/2188/127
f 1204/2188/127 1203/2188/127 1217/2188/127 1216/2188/127
f 1196/2188/131 1200/2188/131 1213/2188/131 1209/2188/131
f 1226/2188/124 1230/2188/124 1228/2188/124 1224/2188/124
f 1223/2188/124 1227/2188/124 1229/2188/124 1225/2188/124
f 1229/2188/124 1233/2188/124 1231/2188/124 1225/2188/124
f 1226/2188/124 1232/2188/124 1234/2188/124 1230/2188/124
f 1225/2188/124 1231/2188/124 1232/2188/124 1226/2188/124
f 1238/2188/125 1237/2188/125 1241/2188/125 1242/2188/125
f 1236/2188/125 1235/2188/125 1239/2188/125 1240/2188/125
f 1239/2188/125 1235/2188/125 1245/2188/125 1246/2188/125
f 1238/2188/125 1242/2188/125 1243/2188/125 1244/2188/125
f 1235/2188/125 1238/2188/125 1244/2188/125 1245/2188/125
f 1229/2188/126 1227/2188/126 1240/2188/126 1239/2188/126
f 1231/2188/127 1233/2188/127 1246/2188/127 1245/2188/127
f 1227/2188/131 1223/2188/131 1236/2188/131 1240/2188/131
f 1230/2188/128 1234/2188/128 1243/2188/128 1242/2188/128
f 1228/2188/128 1230/2188/128 1242/2188/128 1241/2188/128
f 1233/2188/126 1229/2188/126 1239/2188/126 1246/2188/126
f 1223/2188/128 1225/2188/128 1235/2188/128 1236/2188/128
f 1225/2188/131 1226/2188/131 1238/2188/131 1235/2188/131
f 1226/2188/126 1224/2188/126 1237/2188/126 1238/2188/126
f 1234/2188/127 1232/2188/127 1244/2188/127 1243/2188/127
f 1232/2188/127 1231/2188/127 1245/2188/127 1244/2188/127
f 1224/2188/131 1228/2188/131 1241/2188/131 1237/2188/131
f 1254/2188/124 1258/2188/124 1256/2188/124 1252/2188/124
f 1251/2188/124 1255/2188/124 1257/2188/124 1253/2188/124
f 1257/2188/124 1261/2188/124 1259/2188/124 1253/2188/124
f 1254/2188/124 1260/2188/124 1262/2188/124 1258/2188/124
f 1253/2188/124 1259/2188/124 1260/2188/124 1254/2188/124
f 1266/2188/125 1265/2188/125 1269/2188/125 1270/2188/125
f 1264/2188/125 1263/2188/125 1267/2188/125 1268/2188/125
f 1267/2188/125 1263/2188/125 1273/2188/125 1274/2188/125
f 1266/2188/125 1270/2188/125 1271/2188/125 1272/2188/125
f 1263/2188/125 1266/2188/125 1272/2188/125 1273/2188/125
f 1257/2188/126 1255/2188/126 1268/2188/126 1267/2188/126
f 1259/2188/127 1261/2188/127 1274/2188/127 1273/2188/127
f 1255/2188/131 1251/2188/131 1264/2188/131 1268/2188/131
f 1258/2188/128 1262/2188/128 1271/2188/128 1270/2188/128
f 1256/2188/128 1258/2188/128 1270/2188/128 1269/2188/128
f 1261/2188/126 1257/2188/126 1267/2188/126 1274/2188/126
f 1251/2188/128 1253/2188/128 1263/2188/128 1264/2188/128
f 1253/2188/131 1254/2188/131 1266/2188/131 1263/2188/131
f 1254/2188/126 1252/2188/126 1265/2188/126 1266/2188/126
f 1262/2188/127 1260/2188/127 1272/2188/127 1271/2188/127
f 1260/2188/127 1259/2188/127 1273/2188/127 1272/2188/127
f 1252/2188/131 1256/2188/131 1269/2188/131 1265/2188/131
f 1282/2188/124 1286/2188/124 1284/2188/124 1280/2188/124
f 1279/2188/124 1283/2188/124 1285/2188/124 1281/2188/124
f 1285/2188/124 1289/2188/124 1287/2188/124 1281/2188/124
f 1282/2188/124 1288/2188/124 1290/2188/124 1286/2188/124
f 1281/2188/124 1287/2188/124 1288/2188/124 1282/2188/124
f 1294/2188/125 1293/2188/125 1297/2188/125 1298/2188/125
f 1292/2188/125 1291/2188/125 1295/2188/125 1296/2188/125
f 1295/2188/125 1291/2188/125 1301/2188/125 1302/2188/125
f 1294/2188/125 1298/2188/125 1299/2188/125 1300/2188/125
f 1291/2188/125 1294/2188/125 1300/2188/125 1301/2188/125
f 1285/2188/126 1283/2188/126 1296/2188/126 1295/2188/126
f 1287/2188/127 1289/2188/127 1302/2188/127 1301/2188/127
f 1283/2188/131 1279/2188/131 1292/2188/131 1296/2188/131
f 1286/2188/128 1290/2188/128 1299/2188/128 1298/2188/128
f 1284/2188/128 1286/2188/128 1298/2188/128 1297/2188/128
f 1289/2188/126 1285/2188/126 1295/2188/126 1302/2188/126
f 1279/2188/128 1281/2188/128 1291/2188/128 1292/2188/128
f 1281/2188/131 1282/2188/131 1294/2188/131 1291/2188/131
f 1282/2188/126 1280/2188/126 1293/2188/126 1294/2188/126
f 1290/2188/127 1288/2188/127 1300/2188/127 1299/2188/127
f 1288/2188/127 1287/2188/127 1301/2188/127 1300/2188/127
f 1280/2188/131 1284/2188/131 1297/2188/131 1293/2188/131
f 1310/2188/124 1314/2188/124 1312/2188/124 1308/2188/124
f 1307/2188/124 1311/2188/124 1313/2188/124 1309/2188/124
f 1313/2188/124 1317/2188/124 1315/2188/124 1309/2188/124
f 1310/2188/124 1316/2188/124 1318/2188/124 1314/2188/124
f 1309/2188/124 1315/2188/124 1316/2188/124 1310/2188/124
f 1322/2188/125 1321/2188/125 1325/2188/125 1326/2188/125
f 1320/2188/125 1319/2188/125 1323/2188/125 1324/2188/125
f 1323/2188/125 1319/2188/125 1329/2188/125 1330/2188/125
f 1322/2188/125 1326/2188/125 1327/2188/125 1328/2188/125
f 1319/2188/125 1322/2188/125 1328/2188/125 1329/2188/125
f 1313/2188/126 1311/2188/126 1324/2188/126 1323/2188/126
f 1315/2188/127 1317/2188/127 1330/2188/127 1329/2188/127
f 1311/2188/131 1307/2188/131 1320/2188/131 1324/2188/131
f 1314/2188/128 1318/2188/128 1327/2188/128 1326/2188/128
f 1312/2188/128 1314/2188/128 1326/2188/128 1325/2188/128
f 1317/2188/126 1313/2188/126 1323/2188/126 1330/2188/126
f 1307/2188/128 1309/2188/128 1319/2188/128 1320/2188/128
f 1309/2188/131 1310/2188/131 1322/2188/131 1319/2188/131
f 1310/2188/126 1308/2188/126 1321/2188/126 1322/2188/126
f 1318/2188/127 1316/2188/127 1328/2188/127 1327/2188/127
f 1316/2188/127 1315/2188/127 1329/2188/127 1328/2188/127
f 1308/2188/131 1312/2188/131 1325/2188/131 1321/2188/131
f 1338/2188/124 1342/2188/124 1340/2188/124 1336/2188/124
f 1335/2188/124 1339/2188/124 1341/2188/124 1337/2188/124
f 1341/2188/124 1345/2188/124 1343/2188/124 1337/2188/124
f 1338/2188/124 1344/2188/124 1346/2188/124 1342/2188/124
f 1337/2188/124 1343/2188/124 1344/2188/124 1338/2188/124
f 1350/2188/125 1349/2188/125 1353/2188/125 1354/2188/125
f 1348/2188/125 1347/2188/125 1351/2188/125 1352/2188/125
f 1351/2188/125 1347/2188/125 1357/2188/125 1358/2188/125
f 1350/2188/125 1354/2188/125 1355/2188/125 1356/2188/125
f 1347/2188/125 1350/2188/125 1356/2188/125 1357/2188/125
f 1341/2188/126 1339/2188/126 1352/2188/126 1351/2188/126
f 1343/2188/127 1345/2188/127 1358/2188/127 1357/2188/127
f 1339/2188/131 1335/2188/131 1348/2188/131 1352/2188/131
f 1342/2188/128 1346/2188/128 1355/2188/128 1354/2188/128
f 1340/2188/128 1342/2188/128 1354/2188/128 1353/2188/128
f 1345/2188/126 1341/2188/126 1351/2188/126 1358/2188/126
f 1335/2188/128 1337/2188/128 1347/2188/128 1348/2188/128
f 1337/2188/131 1338/2188/131 1350/2188/131 1347/2188/131
f 1338/2188/126 1336/2188/126 1349/2188/126 1350/2188/126
f 1346/2188/127 1344/2188/127 1356/2188/127 1355/2188/127
f 1344/2188/127 1343/2188/127 1357/2188/127 1356/2188/127
f 1336/2188/131 1340/2188/131 1353/2188/131 1349/2188/131
f 1366/2188/124 1370/2188/124 1368/2188/124 1364/2188/124
f 1363/2188/124 1367/2188/124 1369/2188/124 1365/2188/124
f 1369/2188/124 1373/2188/124 1371/2188/124 1365/2188/124
f 1366/2188/124 1372/2188/124 1374/2188/124 1370/2188/124
f 1365/2188/124 1371/2188/124 1372/2188/124 1366/2188/124
f 1378/2188/125 1377/2188/125 1381/2188/125 1382/2188/125
f 1376/2188/125 1375/2188/125 1379/2188/125 1380/2188/125
f 1379/2188/125 1375/2188/125 1385/2188/125 1386/2188/125
f 1378/2188/125 1382/2188/125 1383/2188/125 1384/2188/125
f 1375/2188/125 1378/2188/125 1384/2188/125 1385/2188/125
f 1369/2188/126 1367/2188/126 1380/2188/126 1379/2188/126
f 1371/2188/127 1373/2188/127 1386/2188/127 1385/2188/127
f 1367/2188/131 1363/2188/131 1376/2188/131 1380/2188/131
f 1370/2188/128 1374/2188/128 1383/2188/128 1382/2188/128
f 1368/2188/128 1370/2188/128 1382/2188/128 1381/2188/128
f 1373/2188/126 1369/2188/126 1379/2188/126 1386/2188/126
f 1363/2188/128 1365/2188/128 1375/2188/128 1376/2188/128
f 1365/2188/131 1366/2188/131 1378/2188/131 1375/2188/131
f 1366/2188/126 1364/2188/126 1377/2188/126 1378/2188/126
f 1374/2188/127 1372/2188/127 1384/2188/127 1383/2188/127
f 1372/2188/127 1371/2188/127 1385/2188/127 1384/2188/127
f 1364/2188/131 1368/2188/131 1381/2188/131 1377/2188/131
f 1394/2188/124 1398/2188/124 1396/2188/124 1392/2188/124
f 1391/2188/124 1395/2188/124 1397/2188/124 1393/2188/124
f 1397/2188/124 1401/2188/124 1399/2188/124 1393/2188/124
f 1394/2188/124 1400/2188/124 1402/2188/124 1398/2188/124
f 1393/2188/124 1399/2188/124 1400/2188/124 1394/2188/124
f 1406/2188/125 1405/2188/125 1409/2188/125 1410/2188/125
f 1404/2188/125 1403/2188/125 1407/2188/125 1408/2188/125
f 1407/2188/125 1403/2188/125 1413/2188/125 1414/2188/125
f 1406/2188/125 1410/2188/125 1411/2188/125 1412/2188/125
f 1403/2188/125 1406/2188/125 1412/2188/125 1413/2188/125
f 1397/2188/126 1395/2188/126 1408/2188/126 1407/2188/126
f 1399/2188/127 1401/2188/127 1414/2188/127 1413/2188/127
f 1395/2188/131 1391/2188/131 1404/2188/131 1408/2188/131
f 1398/2188/128 1402/2188/128 1411/2188/128 1410/2188/128
f 1396/2188/128 1398/2188/128 1410/2188/128 1409/2188/128
f 1401/2188/126 1397/2188/126 1407/2188/126 1414/2188/126
f 1391/2188/128 1393/2188/128 1403/2188/128 1404/2188/128
f 1393/2188/131 1394/2188/131 1406/2188/131 1403/2188/131
f 1394/2188/126 1392/2188/126 1405/2188/126 1406/2188/126
f 1402/2188/127 1400/2188/127 1412/2188/127 1411/2188/127
f 1400/2188/127 1399/2188/127 1413/2188/127 1412/2188/127
f 1392/2188/131 1396/2188/131 1409/2188/131 1405/2188/131
f 1422/2188/124 1426/2188/124 1424/2188/124 1420/2188/124
f 1419/2188/124 1423/2188/124 1425/2188/124 1421/2188/124
f 1425/2188/124 1429/2188/124 1427/2188/124 1421/2188/124
f 1422/2188/124 1428/2188/124 1430/2188/124 1426/2188/124
f 1421/2188/124 1427/2188/124 1428/2188/124 1422/2188/124
f 1434/2188/125 1433/2188/125 1437/2188/125 1438/2188/125
f 1432/2188/125 1431/2188/125 1435/2188/125 1436/2188/125
f 1435/2188/125 1431/2188/125 1441/2188/125 1442/2188/125
f 1434/2188/125 1438/2188/125 1439/2188/125 1440/2188/125
f 1431/2188/125 1434/2188/125 1440/2188/125 1441/2188/125
f 1425/2188/126 1423/2188/126 1436/2188/126 1435/2188/126
f 1427/2188/127 1429/2188/127 1442/2188/127 1441/2188/127
f 1423/2188/131 1419/2188/131 1432/2188/131 1436/2188/131
f 1426/2188/128 1430/2188/128 1439/2188/128 1438/2188/128
f 1424/2188/128 1426/2188/128 1438/2188/128 1437/2188/128
f 1429/2188/126 1425/2188/126 1435/2188/126 1442/2188/126
f 1419/2188/128 1421/2188/128 1431/2188/128 1432/2188/128
f 1421/2188/131 1422/2188/131 1434/2188/131 1431/2188/131
f 1422/2188/126 1420/2188/126 1433/2188/126 1434/2188/126
f 1430/2188/127 1428/2188/127 1440/2188/127 1439/2188/127
f 1428/2188/127 1427/2188/127 1441/2188/127 1440/2188/127
f 1420/2188/131 1424/2188/131 1437/2188/131 1433/2188/131
f 1450/2188/124 1454/2188/124 1452/2188/124 1448/2188/124
f 1447/2188/124 1451/2188/124 1453/2188/124 1449/2188/124
f 1453/2188/124 1457/2188/124 1455/2188/124 1449/2188/124
f 1450/2188/124 1456/2188/124 1458/2188/124 1454/2188/124
f 1449/2188/124 1455/2188/124 1456/2188/124 1450/2188/124
f 1462/2188/125 1461/2188/125 1465/2188/125 1466/2188/125
f 1460/2188/125 1459/2188/125 1463/2188/125 1464/2188/125
f 1463/2188/125 1459/2188/125 1469/2188/125 1470/2188/125
f 1462/2188/125 1466/2188/125 1467/2188/125 1468/2188/125
f 1459/2188/125 1462/2188/125 1468/2188/125 1469/2188/125
f 1453/2188/126 1451/2188/126 1464/2188/126 1463/2188/126
f 1455/2188/127 1457/2188/127 1470/2188/127 1469/2188/127
f 1451/2188/131 1447/2188/131 1460/2188/131 1464/2188/131
f 1454/2188/128 1458/2188/128 1467/2188/128 1466/2188/128
f 1452/2188/128 1454/2188/128 1466/2188/128 1465/2188/128
f 1457/2188/126 1453/2188/126 1463/2188/126 1470/2188/126
f 1447/2188/128 1449/2188/128 1459/2188/128 1460/2188/128
f 1449/2188/131 1450/2188/131 1462/2188/131 1459/2188/131
f 1450/2188/126 1448/2188/126 1461/2188/126 1462/2188/126
f 1458/2188/127 1456/2188/127 1468/2188/127 1467/2188/127
f 1456/2188/127 1455/2188/127 1469/2188/127 1468/2188/127
f 1448/2188/131 1452/2188/131 1465/2188/131 1461/2188/131
f 1478/2188/124 1482/2188/124 1480/2188/124 1476/2188/124
f 1475/2188/124 1479/2188/124 1481/2188/124 1477/2188/124
f 1481/2188/124 1485/2188/124 1483/2188/124 1477/2188/124
f 1478/2188/124 1484/2188/124 1486/2188/124 1482/2188/124
f 1477/2188/124 1483/2188/124 1484/2188/124 1478/2188/124
f 1490/2188/125 1489/2188/125 1493/2188/125 1494/2188/125
f 1488/2188/125 1487/2188/125 1491/2188/125 1492/2188/125
f 1491/2188/125 1487/2188/125 1497/2188/125 1498/2188/125
f 1490/2188/125 1494/2188/125 1495/2188/125 1496/2188/125
f 1487/2188/125 1490/2188/125 1496/2188/125 1497/2188/125
f 1481/2188/126 1479/2188/126 1492/2188/126 1491/2188/126
f 1483/2188/127 1485/2188/127 1498/2188/127 1497/2188/127
f 1479/2188/131 1475/2188/131 1488/2188/131 1492/2188/131
f 1482/2188/128 1486/2188/128 1495/2188/128 1494/2188/128
f 1480/2188/128 1482/2188/128 1494/2188/128 1493/2188/128
f 1485/2188/126 1481/2188/126 1491/2188/126 1498/2188/126
f 1475/2188/128 1477/2188/128 1487/2188/128 1488/2188/128
f 1477/2188/131 1478/2188/131 1490/2188/131 1487/2188/131
f 1478/2188/126 1476/2188/126 1489/2188/126 1490/2188/126
f 1486/2188/127 1484/2188/127 1496/2188/127 1495/2188/127
f 1484/2188/127 1483/2188/127 1497/2188/127 1496/2188/127
f 1476/2188/131 1480/2188/131 1493/2188/131 1489/2188/131
f 1506/2188/124 1510/2188/124 1508/2188/124 1504/2188/124
f 1503/2188/124 1507/2188/124 1509/2188/124 1505/2188/124
f 1509/2188/124 1513/2188/124 1511/2188/124 1505/2188/124
f 1506/2188/124 1512/2188/124 1514/2188/124 1510/2188/124
f 1505/2188/124 1511/2188/124 1512/2188/124 1506/2188/124
f 1518/2188/125 1517/2188/125 1521/2188/125 1522/2188/125
f 1516/2188/125 1515/2188/125 1519/2188/125 1520/2188/125
f 1519/2188/125 1515/2188/125 1525/2188/125 1526/2188/125
f 1518/2188/125 1522/2188/125 1523/2188/125 1524/2188/125
f 1515/2188/125 1518/2188/125 1524/2188/125 1525/2188/125
f 1509/2188/126 1507/2188/126 1520/2188/126 1519/2188/126
f 1511/2188/127 1513/2188/127 1526/2188/127 1525/2188/127
f 1507/2188/131 1503/2188/131 1516/2188/131 1520/2188/131
f 1510/2188/128 1514/2188/128 1523/2188/128 1522/2188/128
f 1508/2188/128 1510/2188/128 1522/2188/128 1521/2188/128
f 1513/2188/126 1509/2188/126 1519/2188/126 1526/2188/126
f 1503/2188/128 1505/2188/128 1515/2188/128 1516/2188/128
f 1505/2188/131 1506/2188/131 1518/2188/131 1515/2188/131
f 1506/2188/126 1504/2188/126 1517/2188/126 1518/2188/126
f 1514/2188/127 1512/2188/127 1524/2188/127 1523/2188/127
f 1512/2188/127 1511/2188/127 1525/2188/127 1524/2188/127
f 1504/2188/131 1508/2188/131 1521/2188/131 1517/2188/131
f 1534/2188/124 1538/2188/124 1536/2188/124 1532/2188/124
f 1531/2188/124 1535/2188/124 1537/2188/124 1533/2188/124
f 1537/2188/124 1541/2188/124 1539/2188/124 1533/2188/124
f 1534/2188/124 1540/2188/124 1542/2188/124 1538/2188/124
f 1533/2188/124 1539/2188/124 1540/2188/124 1534/2188/124
f 1546/2188/125 1545/2188/125 1549/2188/125 1550/2188/125
f 1544/2188/125 1543/2188/125 1547/2188/125 1548/2188/125
f 1547/2188/125 1543/2188/125 1553/2188/125 1554/2188/125
f 1546/2188/125 1550/2188/125 1551/2188/125 1552/2188/125
f 1543/2188/125 1546/2188/125 1552/2188/125 1553/2188/125
f 1537/2188/126 1535/2188/126 1548/2188/126 1547/2188/126
f 1539/2188/127 1541/2188/127 1554/2188/127 1553/2188/127
f 1535/2188/131 1531/2188/131 1544/2188/131 1548/2188/131
f 1538/2188/128 1542/2188/128 1551/2188/128 1550/2188/128
f 1536/2188/128 1538/2188/128 1550/2188/128 1549/2188/128
f 1541/2188/126 1537/2188/126 1547/2188/126 1554/2188/126
f 1531/2188/128 1533/2188/128 1543/2188/128 1544/2188/128
f 1533/2188/131 1534/2188/131 1546/2188/131 1543/2188/131
f 1534/2188/126 1532/2188/126 1545/2188/126 1546/2188/126
f 1542/2188/127 1540/2188/127 1552/2188/127 1551/2188/127
f 1540/2188/127 1539/2188/127 1553/2188/127 1552/2188/127
f 1532/2188/131 1536/2188/131 1549/2188/131 1545/2188/131
f 1562/2188/124 1566/2188/124 1564/2188/124 1560/2188/124
f 1559/2188/124 1563/2188/124 1565/2188/124 1561/2188/124
f 1565/2188/124 1569/2188/124 1567/2188/124 1561/2188/124
f 1562/2188/124 1568/2188/124 1570/2188/124 1566/2188/124
f 1561/2188/124 1567/2188/124 1568/2188/124 1562/2188/124
f 1574/2188/125 1573/2188/125 1577/2188/125 1578/2188/125
f 1572/2188/125 1571/2188/125 1575/2188/125 1576/2188/125
f 1575/2188/125 1571/2188/125 1581/2188/125 1582/2188/125
f 1574/2188/125 1578/2188/125 1579/2188/125 1580/2188/125
f 1571/2188/125 1574/2188/125 1580/2188/125 1581/2188/125
f 1565/2188/126 1563/2188/126 1576/2188/126 1575/2188/126
f 1567/2188/127 1569/2188/127 1582/2188/127 1581/2188/127
f 1563/2188/131 1559/2188/131 1572/2188/131 1576/2188/131
f 1566/2188/128 1570/2188/128 1579/2188/128 1578/2188/128
f 1564/2188/128 1566/2188/128 1578/2188/128 1577/2188/128
f 1569/2188/126 1565/2188/126 1575/2188/126 1582/2188/126
f 1559/2188/128 1561/2188/128 1571/2188/128 1572/2188/128
f 1561/2188/131 1562/2188/131 1574/2188/131 1571/2188/131
f 1562/2188/126 1560/2188/126 1573/2188/126 1574/2188/126
f 1570/2188/127 1568/2188/127 1580/2188/127 1579/2188/127
f 1568/2188/127 1567/2188/127 1581/2188/127 1580/2188/127
f 1560/2188/131 1564/2188/131 1577/2188/131 1573/2188/131
f 1590/2188/124 1594/2188/124 1592/2188/124 1588/2188/124
f 1587/2188/124 1591/2188/124 1593/2188/124 1589/2188/124
f 1593/2188/124 1597/2188/124 1595/2188/124 1589/2188/124
f 1590/2188/124 1596/2188/124 1598/2188/124 1594/2188/124
f 1589/2188/124 1595/2188/124 1596/2188/124 1590/2188/124
f 1602/2188/125 1601/2188/125 1605/2188/125 1606/2188/125
f 1600/2188/125 1599/2188/125 1603/2188/125 1604/2188/125
f 1603/2188/125 1599/2188/125 1609/2188/125 1610/2188/125
f 1602/2188/125 1606/2188/125 1607/2188/125 1608/2188/125
f 1599/2188/125 1602/2188/125 1608/2188/125 1609/2188/125
f 1593/2188/126 1591/2188/126 1604/2188/126 1603/2188/126
f 1595/2188/127 1597/2188/127 1610/2188/127 1609/2188/127
f 1591/2188/131 1587/2188/131 1600/2188/131 1604/2188/131
f 1594/2188/128 1598/2188/128 1607/2188/128 1606/2188/128
f 1592/2188/128 1594/2188/128 1606/2188/128 1605/2188/128
f 1597/2188/126 1593/2188/126 1603/2188/126 1610/2188/126
f 1587/2188/128 1589/2188/128 1599/2188/128 1600/2188/128
f 1589/2188/131 1590/2188/131 1602/2188/131 1599/2188/131
f 1590/2188/126 1588/2188/126 1601/2188/126 1602/2188/126
f 1598/2188/127 1596/2188/127 1608/2188/127 1607/2188/127
f 1596/2188/127 1595/2188/127 1609/2188/127 1608/2188/127
f 1588/2188/131 1592/2188/131 1605/2188/131 1601/2188/131
f 1618/2188/124 1622/2188/124 1620/2188/124 1616/2188/124
f 1615/2188/124 1619/2188/124 1621/2188/124 1617/2188/124
f 1621/2188/124 1625/2188/124 1623/2188/124 1617/2188/124
f 1618/2188/124 1624/2188/124 1626/2188/124 1622/2188/124
f 1617/2188/124 1623/2188/124 1624/2188/124 1618/2188/124
f 1630/2188/125 1629/2188/125 1633/2188/125 1634/2188/125
f 1628/2188/125 1627/2188/125 1631/2188/125 1632/2188/125
f 1631/2188/125 1627/2188/125 1637/2188/125 1638/2188/125
f 1630/2188/125 1634/2188/125 1635/2188/125 1636/2188/125
f 1627/2188/125 1630/2188/125 1636/2188/125 1637/2188/125
f 1621/2188/126 1619/2188/126 1632/2188/126 1631/2188/126
f 1623/2188/127 1625/2188/127 1638/2188/127 1637/2188/127
f 1619/2188/131 1615/2188/131 1628/2188/131 1632/2188/131
f 1622/2188/128 1626/2188/128 1635/2188/128 1634/2188/128
f 1620/2188/128 1622/2188/128 1634/2188/128 1633/2188/128
f 1625/2188/126 1621/2188/126 1631/2188/126 1638/2188/126
f 1615/2188/128 1617/2188/128 1627/2188/128 1628/2188/128
f 1617/2188/131 1618/2188/131 1630/2188/131 1627/2188/131
f 1618/2188/126 1616/2188/126 1629/2188/126 1630/2188/126
f 1626/2188/127 1624/2188/127 1636/2188/127 1635/2188/127
f 1624/2188/127 1623/2188/127 1637/2188/127 1636/2188/127
f 1616/2188/131 1620/2188/131 1633/2188/131 1629/2188/131
f 1646/2188/124 1650/2188/124 1648/2188/124 1644/2188/124
f 1643/2188/124 1647/2188/124 1649/2188/124 1645/2188/124
f 1649/2188/124 1653/2188/124 1651/2188/124 1645/2188/124
f 1646/2188/124 1652/2188/124 1654/2188/124 1650/2188/124
f 1645/2188/124 1651/2188/124 1652/2188/124 1646/2188/124
f 1658/2188/125 1657/2188/125 1661/2188/125 1662/2188/125
f 1656/2188/125 1655/2188/125 1659/2188/125 1660/2188/125
f 1659/2188/125 1655/2188/125 1665/2188/125 1666/2188/125
f 1658/2188/125 1662/2188/125 1663/2188/125 1664/2188/125
f 1655/2188/125 1658/2188/125 1664/2188/125 1665/2188/125
f 1649/2188/126 1647/2188/126 1660/2188/126 1659/2188/126
f 1651/2188/127 1653/2188/127 1666/2188/127 1665/2188/127
f 1647/2188/131 1643/2188/131 1656/2188/131 1660/2188/131
f 1650/2188/128 1654/2188/128 1663/2188/128 1662/2188/128
f 1648/2188/128 1650/2188/128 1662/2188/128 1661/2188/128
f 1653/2188/126 1649/2188/126 1659/2188/126 1666/2188/126
f 1643/2188/128 1645/2188/128 1655/2188/128 1656/2188/128
f 1645/2188/131 1646/2188/131 1658/2188/131 1655/2188/131
f 1646/2188/126 1644/2188/126 1657/2188/126 1658/2188/126
f 1654/2188/127 1652/2188/127 1664/2188/127 1663/2188/127
f 1652/2188/127 1651/2188/127 1665/2188/127 1664/2188/127
f 1644/2188/131 1648/2188/131 1661/2188/131 1657/2188/131
f 1674/2188/124 1678/2188/124 1676/2188/124 1672/2188/124
f 1671/2188/124 1675/2188/124 1677/2188/124 1673/2188/124
f 1677/2188/124 1681/2188/124 1679/2188/124 1673/2188/124
f 1674/2188/124 1680/2188/124 1682/2188/124 1678/2188/124
f 1673/2188/124 1679/2188/124 1680/2188/124 1674/2188/124
f 1686/2188/125 1685/2188/125 1689/2188/125 1690/2188/125
f 1684/2188/125 1683/2188/125 1687/2188/125 1688/2188/125
f 1687/2188/125 1683/2188/125 1693/2188/125 1694/2188/125
f 1686/2188/125 1690/2188/125 1691/2188/125 1692/2188/125
f 1683/2188/125 1686/2188/125 1692/2188/125 1693/2188/125
f 1677/2188/126 1675/2188/126 1688/2188/126 1687/2188/126
f 1679/2188/127 1681/2188/127 1694/2188/127 1693/2188/127
f 1675/2188/131 1671/2188/131 1684/2188/131 1688/2188/131
f 1678/2188/128 1682/2188/128 1691/2188/128 1690/2188/128
f 1676/2188/128 1678/2188/128 1690/2188/128 1689/2188/128
f 1681/2188/126 1677/2188/126 1687/2188/126 1694/2188/126
f 1671/2188/128 1673/2188/128 1683/2188/128 1684/2188/128
f 1673/2188/131 1674/2188/131 1686/2188/131 1683/2188/131
f 1674/2188/126 1672/2188/126 1685/2188/126 1686/2188/126
f 1682/2188/127 1680/2188/127 1692/2188/127 1691/2188/127
f 1680/2188/127 1679/2188/127 1693/2188/127 1692/2188/127
f 1672/2188/131 1676/2188/131 1689/2188/131 1685/2188/131
f 1702/2188/124 1706/2188/124 1704/2188/124 1700/2188/124
f 1699/2188/124 1703/2188/124 1705/2188/124 1701/2188/124
f 1705/2188/124 1709/2188/124 1707/2188/124 1701/2188/124
f 1702/2188/124 1708/2188/124 1710/2188/124 1706/2188/124
f 1701/2188/124 1707/2188/124 1708/2188/124 1702/2188/124
f 1714/2188/125 1713/2188/125 1717/2188/125 1718/2188/125
f 1712/2188/125 1711/2188/125 1715/2188/125 1716/2188/125
f 1715/2188/125 1711/2188/125 1721/2188/125 1722/2188/125
f 1714/2188/125 1718/2188/125 1719/2188/125 1720/2188/125
f 1711/2188/125 1714/2188/125 1720/2188/125 1721/2188/125
f 1705/2188/126 1703/2188/126 1716/2188/126 1715/2188/126
f 1707/2188/127 1709/2188/127 1722/2188/127 1721/2188/127
f 1703/2188/131 1699/2188/131 1712/2188/131 1716/2188/131
f 1706/2188/128 1710/2188/128 1719/2188/128 1718/2188/128
f 1704/2188/128 1706/2188/128 1718/2188/128 1717/2188/128
f 1709/2188/126 1705/2188/126 1715/2188/126 1722/2188/126
f 1699/2188/128 1701/2188/128 1711/2188/128 1712/2188/128
f 1701/2188/131 1702/2188/131 1714/2188/131 1711/2188/131
f 1702/2188/126 1700/2188/126 1713/2188/126 1714/2188/126
f 1710/2188/127 1708/2188/127 1720/2188/127 1719/2188/127
f 1708/2188/127 1707/2188/127 1721/2188/127 1720/2188/127
f 1700/2188/131 1704/2188/131 1717/2188/131 1713/2188/131
f 1730/2188/124 1734/2188/124 1732/2188/124 1728/2188/124
f 1727/2188/124 1731/2188/124 1733/2188/124 1729/2188/124
f 1733/2188/124 1737/2188/124 1735/2188/124 1729/2188/124
f 1730/2188/124 1736/2188/124 1738/2188/124 1734/2188/124
f 1729/2188/124 1735/2188/124 1736/2188/124 1730/2188/124
f 1742/2188/125 1741/2188/125 1745/2188/125 1746/2188/125
f 1740/2188/125 1739/2188/125 1743/2188/125 1744/2188/125
f 1743/2188/125 1739/2188/125 1749/2188/125 1750/2188/125
f 1742/2188/125 1746/2188/125 1747/2188/125 1748/2188/125
f 1739/2188/125 1742/2188/125 1748/2188/125 1749/2188/125
f 1733/2188/126 1731/2188/126 1744/2188/126 1743/2188/126
f 1735/2188/127 1737/2188/127 1750/2188/127 1749/2188/127
f 1731/2188/131 1727/2188/131 1740/2188/131 1744/2188/131
f 1734/2188/128 1738/2188/128 1747/2188/128 1746/2188/128
f 1732/2188/128 1734/2188/128 1746/2188/128 1745/2188/128
f 1737/2188/126 1733/2188/126 1743/2188/126 1750/2188/126
f 1727/2188/128 1729/2188/128 1739/2188/128 1740/2188/128
f 1729/2188/131 1730/2188/131 1742/2188/131 1739/2188/131
f 1730/2188/126 1728/2188/126 1741/2188/126 1742/2188/126
f 1738/2188/127 1736/2188/127 1748/2188/127 1747/2188/127
f 1736/2188/127 1735/2188/127 1749/2188/127 1748/2188/127
f 1728/2188/131 1732/2188/131 1745/2188/131 1741/2188/131
f 1758/2188/124 1762/2188/124 1760/2188/124 1756/2188/124
f 1755/2188/124 1759/2188/124 1761/2188/124 1757/2188/124
f 1761/2188/124 1765/2188/124 1763/2188/124 1757/2188/124
f 1758/2188/124 1764/2188/124 1766/2188/124 1762/2188/124
f 1757/2188/124 1763/2188/124 1764/2188/124 1758/2188/124
f 1770/2188/125 1769/2188/125 1773/2188/125 1774/2188/125
f 1768/2188/125 1767/2188/125 1771/2188/125 1772/2188/125
f 1771/2188/125 1767/2188/125 1777/2188/125 1778/2188/125
f 1770/2188/125 1774/2188/125 1775/2188/125 1776/2188/125
f 1767/2188/125 1770/2188/125 1776/2188/125 1777/2188/125
f 1761/2188/126 1759/2188/126 1772/2188/126 1771/2188/126
f 1763/2188/127 1765/2188/127 1778/2188/127 1777/2188/127
f 1759/2188/131 1755/2188/131 1768/2188/131 1772/2188/131
f 1762/2188/128 1766/2188/128 1775/2188/128 1774/2188/128
f 1760/2188/128 1762/2188/128 1774/2188/128 1773/2188/128
f 1765/2188/126 1761/2188/126 1771/2188/126 1778/2188/126
f 1755/2188/128 1757/2188/128 1767/2188/128 1768/2188/128
f 1757/2188/131 1758/2188/131 1770/2188/131 1767/2188/131
f 1758/2188/126 1756/2188/126 1769/2188/126 1770/2188/126
f 1766/2188/127 1764/2188/127 1776/2188/127 1775/2188/127
f 1764/2188/127 1763/2188/127 1777/2188/127 1776/2188/127
f 1756/2188/131 1760/2188/131 1773/2188/131 1769/2188/131
f 1786/2188/124 1790/2188/124 1788/2188/124 1784/2188/124
f 1783/2188/124 1787/2188/124 1789/2188/124 1785/2188/124
f 1789/2188/124 1793/2188/124 1791/2188/124 1785/2188/124
f 1786/2188/124 1792/2188/124 1794/2188/124 1790/2188/124
f 1785/2188/124 1791/2188/124 1792/2188/124 1786/2188/124
f 1798/2188/125 1797/2188/125 1801/2188/125 1802/2188/125
f 1796/2188/125 1795/2188/125 1799/2188/125 1800/2188/125
f 1799/2188/125 1795/2188/125 1805/2188/125 1806/2188/125
f 1798/2188/125 1802/2188/125 1803/2188/125 1804/2188/125
f 1795/2188/125 1798/2188/125 1804/2188/125 1805/2188/125
f 1789/2188/126 1787/2188/126 1800/2188/126 1799/2188/126
f 1791/2188/127 1793/2188/127 1806/2188/127 1805/2188/127
f 1787/2188/131 1783/2188/131 1796/2188/131 1800/2188/131
f 1790/2188/128 1794/2188/128 1803/2188/128 1802/2188/128
f 1788/2188/128 1790/2188/128 1802/2188/128 1801/2188/128
f 1793/2188/126 1789/2188/126 1799/2188/126 1806/2188/126
f 1783/2188/128 1785/2188/128 1795/2188/128 1796/2188/128
f 1785/2188/131 1786/2188/131 1798/2188/131 1795/2188/131
f 1786/2188/126 1784/2188/126 1797/2188/126 1798/2188/126
f 1794/2188/127 1792/2188/127 1804/2188/127 1803/2188/127
f 1792/2188/127 1791/2188/127 1805/2188/127 1804/2188/127
f 1784/2188/131 1788/2188/131 1801/2188/131 1797/2188/131
f 1814/2188/124 1818/2188/124 1816/2188/124 1812/2188/124
f 1811/2188/124 1815/2188/124 1817/2188/124 1813/2188/124
f 1817/2188/124 1821/2188/124 1819/2188/124 1813/2188/124
f 1814/2188/124 1820/2188/124 1822/2188/124 1818/2188/124
f 1813/2188/124 1819/2188/124 1820/2188/124 1814/2188/124
f 1826/2188/125 1825/2188/125 1829/2188/125 1830/2188/125
f 1824/2188/125 1823/2188/125 1827/2188/125 1828/2188/125
f 1827/2188/125 1823/2188/125 1833/2188/125 1834/2188/125
f 1826/2188/125 1830/2188/125 1831/2188/125 1832/2188/125
f 1823/2188/125 1826/2188/125 1832/2188/125 1833/2188/125
f 1817/2188/126 1815/2188/126 1828/2188/126 1827/2188/126
f 1819/2188/127 1821/2188/127 1834/2188/127 1833/2188/127
f 1815/2188/131 1811/2188/131 1824/2188/131 1828/2188/131
f 1818/2188/128 1822/2188/128 1831/2188/128 1830/2188/128
f 1816/2188/128 1818/2188/128 1830/2188/128 1829/2188/128
f 1821/2188/126 1817/2188/126 1827/2188/126 1834/2188/126
f 1811/2188/128 1813/2188/128 1823/2188/128 1824/2188/128
f 1813/2188/131 1814/2188/131 1826/2188/131 1823/2188/131
f 1814/2188/126 1812/2188/126 1825/2188/126 1826/2188/126
f 1822/2188/127 1820/2188/127 1832/2188/127 1831/2188/127
f 1820/2188/127 1819/2188/127 1833/2188/127 1832/2188/127
f 1812/2188/131 1816/2188/131 1829/2188/131 1825/2188/131
f 1842/2188/124 1846/2188/124 1844/2188/124 1840/2188/124
f 1839/2188/124 1843/2188/124 1845/2188/124 1841/2188/124
f 1845/2188/124 1849/2188/124 1847/2188/124 1841/2188/124
f 1842/2188/124 1848/2188/124 1850/2188/124 1846/2188/124
f 1841/2188/124 1847/2188/124 1848/2188/124 1842/2188/124
f 1854/2188/125 1853/2188/125 1857/2188/125 1858/2188/125
f 1852/2188/125 1851/2188/125 1855/2188/125 1856/2188/125
f 1855/2188/125 1851/2188/125 1861/2188/125 1862/2188/125
f 1854/2188/125 1858/2188/125 1859/2188/125 1860/2188/125
f 1851/2188/125 1854/2188/125 1860/2188/125 1861/2188/125
f 1845/2188/126 1843/2188/126 1856/2188/126 1855/2188/126
f 1847/2188/127 1849/2188/127 1862/2188/127 1861/2188/127
f 1843/2188/131 1839/2188/131 1852/2188/131 1856/2188/131
f 1846/2188/128 1850/2188/128 1859/2188/128 1858/2188/128
f 1844/2188/128 1846/2188/128 1858/2188/128 1857/2188/128
f 1849/2188/126 1845/2188/126 1855/2188/126 1862/2188/126
f 1839/2188/128 1841/2188/128 1851/2188/128 1852/2188/128
f 1841/2188/131 1842/2188/131 1854/2188/131 1851/2188/131
f 1842/2188/126 1840/2188/126 1853/2188/126 1854/2188/126
f 1850/2188/127 1848/2188/127 1860/2188/127 1859/2188/127
f 1848/2188/127 1847/2188/127 1861/2188/127 1860/2188/127
f 1840/2188/131 1844/2188/131 1857/2188/131 1853/2188/131
f 1870/2188/124 1874/2188/124 1872/2188/124 1868/2188/124
f 1867/2188/124 1871/2188/124 1873/2188/124 1869/2188/124
f 1873/2188/124 1877/2188/124 1875/2188/124 1869/2188/124
f 1870/2188/124 1876/2188/124 1878/2188/124 1874/2188/124
f 1869/2188/124 1875/2188/124 1876/2188/124 1870/2188/124
f 1882/2188/125 1881/2188/125 1885/2188/125 1886/2188/125
f 1880/2188/125 1879/2188/125 1883/2188/125 1884/2188/125
f 1883/2188/125 1879/2188/125 1889/2188/125 1890/2188/125
f 1882/2188/125 1886/2188/125 1887/2188/125 1888/2188/125
f 1879/2188/125 1882/2188/125 1888/2188/125 1889/2188/125
f 1873/2188/126 1871/2188/126 1884/2188/126 1883/2188/126
f 1875/2188/127 1877/2188/127 1890/2188/127 1889/2188/127
f 1867/2188/128 1880/2188/128 1950/2188/128 1948/2188/128
f 1874/2188/128 1878/2188/128 1887/2188/128 1886/2188/128
f 1872/2188/128 1874/2188/128 1886/2188/128 1885/2188/128
f 1877/2188/126 1873/2188/126 1883/2188/126 1890/2188/126
f 1867/2188/128 1869/2188/128 1879/2188/128 1880/2188/128
f 1869/2188/129 1870/2188/129 1882/2188/129 1879/2188/129
f 1870/2188/126 1868/2188/126 1881/2188/126 1882/2188/126
f 1878/2188/127 1876/2188/127 1888/2188/127 1887/2188/127
f 1876/2188/130 1875/2188/130 1889/2188/130 1888/2188/130
f 1868/2188/131 1872/2188/131 1885/2188/131 1881/2188/131
f 1898/2188/124 1902/2188/124 1900/2188/124 1896/2188/124
f 1895/2188/124 1899/2188/124 1901/2188/124 1897/2188/124
f 1901/2188/124 1905/2188/124 1903/2188/124 1897/2188/124
f 1898/2188/124 1904/2188/124 1906/2188/124 1902/2188/124
f 1897/2188/124 1903/2188/124 1904/2188/124 1898/2188/124
f 1910/2188/125 1909/2188/125 1913/2188/125 1914/2188/125
f 1908/2188/125 1907/2188/125 1911/2188/125 1912/2188/125
f 1911/2188/125 1907/2188/125 1917/2188/125 1918/2188/125
f 1910/2188/125 1914/2188/125 1915/2188/125 1916/2188/125
f 1907/2188/125 1910/2188/125 1916/2188/125 1917/2188/125
f 1901/2188/126 1899/2188/126 1912/2188/126 1911/2188/126
f 1903/2188/127 1905/2188/127 1918/2188/127 1917/2188/127
f 1899/2188/131 1895/2188/131 1908/2188/131 1912/2188/131
f 1902/2188/128 1906/2188/128 1915/2188/128 1914/2188/128
f 1900/2188/128 1902/2188/128 1914/2188/128 1913/2188/128
f 1905/2188/126 1901/2188/126 1911/2188/126 1918/2188/126
f 1895/2188/128 1897/2188/128 1907/2188/128 1908/2188/128
f 1897/2188/132 1898/2188/132 1910/2188/132 1907/2188/132
f 1898/2188/126 1896/2188/126 1909/2188/126 1910/2188/126
f 1906/2188/127 1904/2188/127 1916/2188/127 1915/2188/127
f 1904/2188/133 1903/2188/133 1917/2188/133 1916/2188/133
f 1896/2188/131 1900/2188/131 1913/2188/131 1909/2188/131
f 1926/2188/124 1930/2188/124 1928/2188/124 1924/2188/124
f 1923/2188/124 1927/2188/124 1929/2188/124 1925/2188/124
f 1929/2188/124 1933/2188/124 1931/2188/124 1925/2188/124
f 1926/2188/124 1932/2188/124 1934/2188/124 1930/2188/124
f 1925/2188/124 1931/2188/124 1932/2188/124 1926/2188/124
f 1938/2188/125 1937/2188/125 1941/2188/125 1942/2188/125
f 1936/2188/125 1935/2188/125 1939/2188/125 1940/2188/125
f 1939/2188/125 1935/2188/125 1945/2188/125 1946/2188/125
f 1938/2188/125 1942/2188/125 1943/2188/125 1944/2188/125
f 1935/2188/125 1938/2188/125 1944/2188/125 1945/2188/125
f 1929/2188/126 1927/2188/126 1940/2188/126 1939/2188/126
f 1931/2188/127 1933/2188/127 1946/2188/127 1945/2188/127
f 1927/2188/131 1923/2188/131 1936/2188/131 1940/2188/131
f 1930/2188/128 1934/2188/128 1943/2188/128 1942/2188/128
f 1928/2188/128 1930/2188/128 1942/2188/128 1941/2188/128
f 1933/2188/126 1929/2188/126 1939/2188/126 1946/2188/126
f 1923/2188/128 1925/2188/128 1935/2188/128 1936/2188/128
f 1925/2188/134 1926/2188/134 1938/2188/134 1935/2188/134
f 1926/2188/126 1924/2188/126 1937/2188/126 1938/2188/126
f 1934/2188/127 1932/2188/127 1944/2188/127 1943/2188/127
f 1932/2188/135 1931/2188/135 1945/2188/135 1944/2188/135
f 1924/2188/131 1928/2188/131 1941/2188/131 1937/2188/131
f 1947/2188/131 1948/2188/131 1950/2188/131 1949/2188/131
f 1884/2188/126 1871/2188/126 1947/2188/126 1949/2188/126
f 1871/2188/124 1867/2188/124 1948/2188/124 1947/2188/124
f 1880/2188/125 1884/2188/125 1949/2188/125 1950/2188/125
o Street_Light_1.001
v -1.855028 4.090569 -15.780407
v -1.872146 4.090569 -15.778721
v -1.888606 4.090569 -15.773727
v -1.903775 4.090569 -15.765619
v -1.917071 4.090569 -15.754708
v -1.927983 4.090569 -15.741412
v -1.936091 4.090569 -15.726242
v -1.941084 4.090569 -15.709783
v -1.942770 4.090569 -15.692665
v -1.941084 4.090569 -15.675548
v -1.936091 4.090569 -15.659088
v -1.927983 4.090569 -15.643918
v -1.917071 4.090569 -15.630622
v -1.903775 4.090569 -15.619711
v -1.888606 4.090569 -15.611602
v -1.872146 4.090569 -15.606609
v -1.855028 4.090569 -15.604923
v -1.837911 4.090569 -15.606609
v -1.821451 4.090569 -15.611602
v -1.806282 4.090569 -15.619711
v -1.792985 4.090569 -15.630622
v -1.782074 4.090569 -15.643918
v -1.773965 4.090569 -15.659087
v -1.768972 4.090569 -15.675548
v -1.767287 4.090569 -15.692665
v -1.768972 4.090569 -15.709783
v -1.773965 4.090569 -15.726242
v -1.782074 4.090569 -15.741411
v -1.792985 4.090569 -15.754707
v -1.806282 4.090569 -15.765619
v -1.821451 4.090569 -15.773727
v -1.859826 4.362546 -15.733390
v -1.874176 4.362546 -15.728958
v -1.895642 4.362546 -15.698983
v -1.894621 4.362546 -15.682625
v -1.886850 4.362546 -15.667046
v -1.874577 4.362546 -15.656859
v -1.859341 4.362546 -15.652144
v -1.828948 4.362546 -15.661370
v -1.819972 4.362546 -15.672057
v -1.814451 4.362546 -15.688571
v -1.815595 4.362546 -15.702978
v -1.823366 4.362546 -15.718557
v -1.835639 4.362546 -15.728744
v -1.847170 4.362546 -15.732705
v -1.855028 4.317020 -15.780407
v -1.872146 4.317020 -15.778721
v -1.863170 4.333443 -15.775320
v -1.897403 4.316601 -15.769935
v -1.894311 4.333444 -15.766156
v -1.917071 4.317020 -15.754708
v -1.927983 4.317020 -15.741412
v -1.919594 4.333678 -15.744799
v -1.939784 4.317070 -15.716761
v -1.934526 4.333487 -15.717176
v -1.942633 4.316601 -15.683089
v -1.937876 4.333395 -15.692665
v -1.936091 4.317020 -15.659088
v -1.934526 4.333487 -15.668153
v -1.927983 4.317020 -15.643918
v -1.910200 4.316601 -15.623946
v -1.919594 4.333678 -15.640532
v -1.901056 4.333395 -15.623779
v -1.888606 4.317020 -15.611603
v -1.872146 4.317020 -15.606609
v -1.878394 4.333682 -15.612896
v -1.855028 4.317020 -15.604923
v -1.828545 4.316601 -15.608612
v -1.846237 4.333678 -15.610147
v -1.823324 4.333395 -15.616123
v -1.806282 4.317020 -15.619711
v -1.786311 4.316601 -15.637491
v -1.801418 4.333229 -15.628969
v -1.786143 4.333395 -15.646637
v -1.773965 4.317020 -15.659087
v -1.768972 4.317020 -15.675548
v -1.775686 4.333909 -15.668597
v -1.767424 4.316601 -15.702244
v -1.771957 4.332978 -15.700847
v -1.773965 4.317020 -15.726242
v -1.778487 4.333395 -15.724369
v -1.782074 4.317020 -15.741411
v -1.792985 4.317020 -15.754707
v -1.791332 4.333229 -15.746274
v -1.806282 4.317020 -15.765619
v -1.830353 4.316601 -15.777267
v -1.815943 4.333909 -15.765787
v -1.838866 4.333395 -15.773921
v -1.860638 4.362549 -15.749619
v -1.888192 4.362555 -15.739719
v -1.908071 4.362554 -15.714635
v -1.911983 4.362549 -15.687056
v -1.905334 4.362548 -15.665777
v -1.891335 4.362549 -15.648426
v -1.864851 4.362556 -15.635943
v -1.833058 4.362555 -15.639623
v -1.810789 4.362549 -15.656359
v -1.798306 4.362556 -15.682843
v -1.800443 4.362548 -15.709223
v -1.810789 4.362549 -15.728971
v -1.833057 4.362554 -15.745708
v -1.856119 8.374628 -15.733773
v -1.874998 8.374628 -15.728495
v -1.886646 8.374628 -15.718685
v -1.893958 8.374628 -15.705519
v -1.895022 8.374628 -15.682765
v -1.886235 8.374628 -15.666329
v -1.873734 8.374628 -15.656432
v -1.852604 8.374628 -15.651571
v -1.823625 8.374624 -15.666606
v -1.814379 8.374628 -15.689512
v -1.816601 8.374628 -15.706294
v -1.823981 8.374628 -15.719274
v -1.836481 8.374628 -15.729171
v -1.837911 4.090569 -15.778721
v -1.860370 8.383299 -15.751215
v -1.865347 8.374622 -15.744275
v -1.887522 8.374626 -15.733744
v -1.881884 8.383432 -15.745081
v -1.896465 8.383444 -15.734159
v -1.901244 8.374625 -15.717463
v -1.906577 8.383554 -15.721117
v -1.906998 8.374626 -15.697913
v -1.912472 8.383444 -15.704212
v -1.905338 8.374626 -15.678523
v -1.913654 8.383432 -15.688069
v -1.893232 8.374620 -15.656529
v -1.907387 8.383432 -15.666025
v -1.896465 8.383444 -15.651444
v -1.871141 8.374626 -15.643104
v -1.883004 8.383411 -15.641091
v -1.848276 8.374624 -15.640791
v -1.861092 8.383411 -15.634352
v -1.843697 8.383444 -15.635437
v -1.821848 8.374646 -15.652881
v -1.826276 8.383392 -15.643369
v -1.813751 8.383444 -15.651444
v -1.808971 8.374624 -15.668140
v -1.803639 8.383554 -15.664485
v -1.803218 8.374626 -15.687690
v -1.796700 8.383297 -15.686505
v -1.804878 8.374626 -15.707082
v -1.797744 8.383444 -15.704212
v -1.816983 8.374620 -15.729074
v -1.803640 8.383555 -15.721118
v -1.818260 8.383297 -15.738555
v -1.839922 8.374624 -15.742863
v -1.838736 8.383555 -15.749218
v -1.866518 8.518492 -15.750166
v -1.849997 8.527309 -15.744691
v -1.883423 8.518380 -15.744270
v -1.869387 8.527311 -15.743031
v -1.900860 8.518639 -15.729650
v -1.891377 8.527319 -15.730924
v -1.911524 8.518380 -15.709173
v -1.905168 8.527311 -15.707987
v -1.913595 8.518492 -15.692801
v -1.911112 8.518380 -15.675072
v -1.906977 8.527311 -15.686771
v -1.900174 8.518639 -15.655117
v -1.898743 8.527317 -15.663646
v -1.882172 8.518380 -15.640663
v -1.879768 8.527311 -15.646666
v -1.860327 8.518639 -15.634288
v -1.860218 8.527310 -15.640912
v -1.843697 8.518492 -15.635437
v -1.816866 8.518764 -15.648523
v -1.841189 8.527317 -15.642746
v -1.802828 8.518503 -15.666025
v -1.816164 8.527308 -15.657877
v -1.796581 8.518381 -15.687751
v -1.803346 8.527327 -15.682507
v -1.798843 8.518637 -15.709358
v -1.805411 8.527311 -15.708835
v -1.809354 8.518639 -15.729650
v -1.814803 8.527310 -15.725879
v -1.826792 8.518380 -15.744270
v -1.830447 8.527311 -15.738937
v -1.848811 8.518639 -15.751209
v -1.820172 8.051050 -15.722054
v -1.820464 8.067584 -15.718596
v -1.820666 8.079935 -15.707685
v -1.820714 8.083186 -15.687101
v -1.820551 8.072581 -15.669512
v -1.820283 8.057234 -15.663958
v -1.820083 8.046085 -15.665092
v -1.819834 8.031517 -15.674367
v -1.819735 8.025472 -15.692865
v -1.819835 8.031565 -15.711308
v -1.464974 8.208235 -15.721605
v -1.531716 8.197976 -15.722548
v -1.172479 8.203205 -15.721565
v -1.172228 8.216677 -15.716660
v -1.172016 8.227993 -15.701339
v -1.172022 8.227725 -15.684882
v -1.172118 8.222572 -15.674822
v -1.172278 8.213964 -15.667505
v -1.172479 8.203214 -15.664039
v -1.172690 8.191956 -15.664952
v -1.172877 8.181908 -15.670101
v -1.173014 8.174589 -15.678708
v -1.173081 8.171015 -15.689957
v -1.173040 8.173207 -15.704631
v -1.172877 8.181903 -15.715499
v -1.172690 8.191948 -15.720649
v -1.588809 8.178715 -15.722556
v -1.584571 8.192558 -15.719155
v -1.552062 8.203064 -15.719159
v -1.585214 8.201667 -15.711739
v -1.552334 8.212240 -15.711715
v -1.585653 8.207176 -15.701488
v -1.552471 8.216700 -15.704055
v -1.551377 8.219257 -15.695735
v -1.585135 8.208580 -15.689916
v -1.552701 8.217745 -15.684194
v -1.585311 8.205051 -15.678843
v -1.552361 8.212233 -15.673888
v -1.584683 8.197709 -15.669827
v -1.552101 8.203054 -15.666444
v -1.584484 8.187042 -15.664230
v -1.531707 8.197977 -15.663054
v -1.574161 8.179981 -15.662986
v -1.515756 8.192646 -15.663600
v -1.580756 8.164736 -15.666430
v -1.527977 8.183672 -15.665359
v -1.547790 8.170358 -15.669722
v -1.579104 8.155983 -15.673923
v -1.546902 8.163066 -15.678761
v -1.577042 8.150126 -15.687507
v -1.546495 8.160311 -15.687112
v -1.578264 8.150681 -15.701421
v -1.544056 8.160445 -15.695890
v -1.546607 8.161983 -15.704074
v -1.579193 8.155983 -15.711718
v -1.547195 8.166288 -15.711715
v -1.582562 8.166713 -15.720668
v -1.528047 8.180964 -15.719138
v -1.516509 8.210451 -15.719606
v -1.480497 8.216254 -15.717659
v -1.518667 8.219868 -15.711782
v -1.481252 8.222885 -15.711857
v -1.518750 8.225388 -15.701495
v -1.481411 8.227268 -15.704310
v -1.517981 8.226653 -15.689878
v -1.479712 8.229612 -15.695745
v -1.481462 8.228986 -15.686890
v -1.518712 8.223139 -15.678698
v -1.481377 8.226158 -15.678630
v -1.518635 8.215698 -15.669674
v -1.480962 8.218731 -15.669602
v -1.512470 8.209036 -15.665239
v -1.464909 8.208238 -15.663998
v -1.517331 8.177771 -15.669666
v -1.484981 8.185490 -15.666407
v -1.516865 8.170385 -15.678694
v -1.483918 8.176491 -15.673846
v -1.483517 8.172100 -15.681521
v -1.515966 8.167130 -15.689867
v -1.483148 8.169905 -15.689864
v -1.516740 8.168143 -15.701482
v -1.483572 8.171011 -15.701430
v -1.517059 8.173633 -15.711784
v -1.483929 8.176489 -15.711753
v -1.485014 8.185487 -15.719194
v -1.515702 8.192655 -15.722003
v -1.839165 7.975363 -15.654988
v -1.823981 7.975363 -15.666329
v -1.816220 7.975363 -15.680255
v -1.814379 7.975363 -15.696091
v -1.818738 7.975363 -15.711428
v -1.828635 7.975363 -15.723927
v -1.839538 7.975363 -15.730390
v -1.828635 8.134817 -15.661675
v -1.818738 8.134817 -15.674175
v -1.814379 8.134817 -15.689512
v -1.816220 8.134817 -15.705348
v -1.823981 8.134817 -15.719274
v -1.839165 8.134817 -15.730615
v -1.839538 8.134817 -15.655213
v -1.834642 8.134817 -15.646053
v -1.834642 7.975363 -15.646053
v -1.834642 7.975363 -15.739550
v -1.821803 7.975363 -15.731802
v -1.806873 7.975363 -15.711389
v -1.804158 7.975363 -15.686879
v -1.810302 7.975363 -15.667833
v -1.823189 7.975363 -15.652658
v -1.821803 8.134817 -15.653801
v -1.806873 8.134817 -15.674214
v -1.804158 8.134817 -15.698724
v -1.810302 8.134817 -15.717770
v -1.823189 8.134817 -15.732945
v -1.834642 8.134817 -15.739550
v -1.223412 8.187646 -15.581161
v -1.177379 8.259678 -15.647619
v -1.208797 8.210515 -15.585505
v -1.195612 8.231146 -15.598116
v -1.185149 8.247518 -15.617757
v -1.176116 8.261652 -15.715661
v -1.223412 8.187646 -15.804442
v -1.178431 8.258031 -15.743096
v -1.185149 8.247518 -15.767845
v -1.195612 8.231146 -15.787487
v -1.208797 8.210515 -15.800097
v -0.819541 8.153943 -15.669942
v -0.919459 8.153943 -15.581161
v -0.826104 8.153943 -15.642507
v -0.843810 8.153943 -15.617757
v -0.868316 8.153943 -15.598116
v -0.894769 8.153943 -15.585505
v -0.919258 8.261652 -15.669942
v -0.919258 8.187646 -15.581161
v -0.815575 8.187646 -15.669942
v -0.919258 8.258029 -15.642502
v -0.919258 8.247523 -15.617766
v -0.893719 8.258029 -15.669942
v -0.892996 8.253737 -15.641616
v -0.893908 8.243820 -15.618968
v -0.867475 8.247523 -15.669942
v -0.868767 8.243768 -15.642622
v -0.866409 8.232101 -15.621686
v -0.893633 8.187646 -15.585507
v -0.866337 8.187646 -15.598109
v -0.919258 8.210519 -15.585507
v -0.892837 8.211125 -15.590655
v -0.868339 8.210361 -15.602552
v -0.919258 8.231138 -15.598109
v -0.893838 8.230174 -15.602615
v -0.873176 8.226804 -15.611046
v -0.823955 8.210519 -15.669942
v -0.842780 8.231138 -15.669942
v -0.822537 8.187646 -15.642502
v -0.831620 8.211258 -15.641774
v -0.848607 8.230136 -15.642693
v -0.840962 8.187646 -15.617766
v -0.848057 8.210419 -15.618923
v -0.919459 8.153943 -15.804442
v -0.819541 8.153943 -15.715661
v -0.894769 8.153943 -15.800097
v -0.868316 8.153943 -15.787487
v -0.843810 8.153943 -15.767845
v -0.826104 8.153943 -15.743096
v -0.919258 8.261652 -15.715661
v -0.815575 8.187646 -15.715661
v -0.919258 8.187646 -15.804442
v -0.893719 8.258029 -15.715661
v -0.867475 8.247523 -15.715661
v -0.919258 8.258029 -15.743101
v -0.892838 8.253737 -15.743829
v -0.868819 8.243820 -15.742910
v -0.919258 8.247523 -15.767837
v -0.893838 8.243768 -15.766680
v -0.822537 8.187646 -15.743101
v -0.840962 8.187646 -15.767837
v -0.823955 8.210519 -15.715661
v -0.831614 8.211125 -15.743987
v -0.847972 8.210361 -15.766634
v -0.842780 8.231138 -15.715661
v -0.848689 8.230174 -15.742981
v -0.866195 8.231813 -15.764118
v -0.919258 8.210519 -15.800096
v -0.919258 8.231138 -15.787493
v -0.893633 8.187646 -15.800096
v -0.892995 8.211258 -15.794948
v -0.893908 8.230136 -15.783051
v -0.866337 8.187646 -15.787493
v -0.868287 8.210419 -15.782988
v -0.873176 8.226804 -15.774556
v -1.238194 8.164514 -15.581161
v -1.232413 8.153943 -15.581161
v -1.237236 8.158611 -15.581161
v -1.238194 8.164514 -15.804442
v -1.235390 8.155539 -15.804442
v -0.956278 8.163877 -15.776786
v -0.983920 8.163877 -15.773874
v -1.009676 8.163877 -15.765338
v -1.031795 8.163877 -15.751759
v -1.048767 8.163877 -15.734062
v -1.059435 8.163877 -15.713454
v -1.063075 8.163877 -15.691339
v -1.059435 8.163877 -15.669224
v -1.048767 8.163877 -15.648616
v -1.031795 8.163877 -15.630919
v -1.009676 8.163877 -15.617340
v -0.983920 8.163877 -15.608804
v -0.956278 8.163877 -15.605892
v -0.928638 8.163877 -15.608804
v -0.902881 8.163877 -15.617340
v -0.880762 8.163877 -15.630919
v -0.863791 8.163877 -15.648616
v -0.853121 8.163877 -15.669224
v -0.849483 8.163877 -15.691339
v -0.853121 8.163877 -15.713454
v -0.863791 8.163877 -15.734062
v -0.880762 8.163877 -15.751759
v -0.902881 8.163877 -15.765338
v -0.928638 8.163877 -15.773874
v -0.956278 8.153335 -15.776786
v -0.965602 8.124174 -15.747763
v -0.956278 8.138272 -15.764985
v -0.983920 8.153335 -15.773874
v -0.980102 8.138272 -15.762476
v -0.975228 8.114405 -15.728653
v -1.009676 8.153335 -15.765338
v -1.002303 8.138272 -15.755118
v -0.999985 8.124792 -15.737421
v -1.031795 8.153335 -15.751759
v -1.021366 8.138272 -15.743415
v -0.998279 8.113461 -15.711205
v -0.982141 8.105848 -15.699861
v -1.048767 8.153335 -15.734062
v -1.035994 8.138272 -15.728162
v -1.022886 8.124782 -15.713799
v -1.059435 8.153335 -15.713454
v -1.045189 8.138272 -15.710401
v -1.063075 8.153335 -15.691339
v -1.048326 8.138272 -15.691339
v -1.028948 8.125350 -15.691339
v -1.007367 8.114902 -15.685975
v -1.059435 8.153335 -15.669224
v -1.045189 8.138272 -15.672278
v -1.022885 8.124782 -15.668879
v -0.979619 8.105900 -15.679804
v -1.048767 8.153335 -15.648616
v -1.035994 8.138272 -15.654516
v -0.996010 8.114401 -15.666617
v -1.031795 8.153335 -15.630919
v -1.021366 8.138272 -15.639263
v -0.999985 8.124792 -15.645257
v -1.009676 8.153335 -15.617340
v -1.002303 8.138272 -15.627560
v -0.975228 8.114405 -15.654025
v -0.959894 8.105829 -15.669482
v -0.983920 8.153335 -15.608804
v -0.980102 8.138272 -15.620202
v -0.965602 8.124174 -15.634916
v -0.956278 8.153335 -15.605892
v -0.956278 8.138272 -15.617693
v -0.949816 8.114022 -15.652171
v -0.928638 8.153335 -15.608804
v -0.932455 8.138272 -15.620202
v -0.929000 8.124794 -15.637761
v -0.902881 8.153335 -15.617340
v -0.910255 8.138272 -15.627560
v -0.925894 8.114403 -15.659230
v -0.940198 8.105929 -15.673824
v -0.880762 8.153335 -15.630919
v -0.891191 8.138272 -15.639263
v -0.899165 8.124787 -15.655879
v -0.863791 8.153335 -15.648616
v -0.876563 8.138272 -15.654516
v -0.909918 8.114400 -15.675671
v -0.929585 8.105917 -15.685637
v -0.853121 8.153335 -15.669224
v -0.867368 8.138272 -15.672278
v -0.886086 8.125350 -15.676291
v -0.849483 8.153335 -15.691339
v -0.864231 8.138272 -15.691339
v -0.889547 8.121826 -15.691338
v -0.853121 8.153335 -15.713454
v -0.956285 8.102710 -15.691338
v -0.867368 8.138272 -15.710401
v -0.886086 8.125350 -15.706388
v -0.909920 8.114398 -15.707008
v -0.934834 8.105837 -15.705429
v -0.863791 8.153335 -15.734062
v -0.876563 8.138272 -15.728162
v -0.899165 8.124786 -15.726798
v -0.880762 8.153335 -15.751759
v -0.891191 8.138272 -15.743415
v -0.925893 8.114404 -15.723449
v -0.902881 8.153335 -15.765338
v -0.910255 8.138272 -15.755118
v -0.929000 8.124794 -15.744917
v -0.928638 8.153335 -15.773874
v -0.932455 8.138272 -15.762476
v -0.949816 8.114022 -15.730507
v -0.959894 8.105829 -15.713196
v -1.817519 8.374628 -15.677232
v -1.832253 8.374657 -15.659418
v -1.886724 4.362546 -15.718748
v -1.844561 4.362546 -15.653265
v 1.906762 4.090569 -15.604923
v 1.923880 4.090569 -15.606609
v 1.940340 4.090569 -15.611602
v 1.955509 4.090569 -15.619710
v 1.968805 4.090569 -15.630622
v 1.979717 4.090569 -15.643918
v 1.987825 4.090569 -15.659087
v 1.992818 4.090569 -15.675548
v 1.994504 4.090569 -15.692665
v 1.992818 4.090569 -15.709783
v 1.987825 4.090569 -15.726242
v 1.979717 4.090569 -15.741411
v 1.968805 4.090569 -15.754707
v 1.955509 4.090569 -15.765619
v 1.940340 4.090569 -15.773727
v 1.923880 4.090569 -15.778721
v 1.906762 4.090569 -15.780407
v 1.889645 4.090569 -15.778721
v 1.873185 4.090569 -15.773727
v 1.858016 4.090569 -15.765619
v 1.844719 4.090569 -15.754707
v 1.833808 4.090569 -15.741411
v 1.825699 4.090569 -15.726242
v 1.820706 4.090569 -15.709783
v 1.819021 4.090569 -15.692665
v 1.820706 4.090569 -15.675548
v 1.825699 4.090569 -15.659087
v 1.833808 4.090569 -15.643918
v 1.844719 4.090569 -15.630622
v 1.858016 4.090569 -15.619710
v 1.873185 4.090569 -15.611602
v 1.911560 4.362546 -15.651940
v 1.925910 4.362546 -15.656372
v 1.947376 4.362546 -15.686347
v 1.946355 4.362546 -15.702704
v 1.938584 4.362546 -15.718285
v 1.926311 4.362546 -15.728471
v 1.911075 4.362546 -15.733186
v 1.880682 4.362546 -15.723959
v 1.871706 4.362546 -15.713273
v 1.866184 4.362546 -15.696759
v 1.867329 4.362546 -15.682351
v 1.875100 4.362546 -15.666772
v 1.887373 4.362546 -15.656586
v 1.898904 4.362546 -15.652625
v 1.906762 4.317020 -15.604923
v 1.923880 4.317020 -15.606609
v 1.914904 4.333443 -15.610010
v 1.949137 4.316601 -15.615395
v 1.946045 4.333444 -15.619174
v 1.968805 4.317020 -15.630622
v 1.979717 4.317020 -15.643918
v 1.971328 4.333678 -15.640532
v 1.991518 4.317070 -15.668569
v 1.986260 4.333487 -15.668154
v 1.994367 4.316601 -15.702241
v 1.989610 4.333395 -15.692665
v 1.987825 4.317020 -15.726242
v 1.986260 4.333487 -15.717176
v 1.979717 4.317020 -15.741411
v 1.961934 4.316601 -15.761384
v 1.971328 4.333678 -15.744799
v 1.952790 4.333395 -15.761550
v 1.940340 4.317020 -15.773727
v 1.923880 4.317020 -15.778721
v 1.930128 4.333682 -15.772434
v 1.906762 4.317020 -15.780407
v 1.880279 4.316601 -15.776717
v 1.897971 4.333678 -15.775184
v 1.875058 4.333395 -15.769206
v 1.858016 4.317020 -15.765619
v 1.838045 4.316601 -15.747839
v 1.853152 4.333229 -15.756361
v 1.837877 4.333395 -15.738692
v 1.825699 4.317020 -15.726242
v 1.820706 4.317020 -15.709783
v 1.827420 4.333909 -15.716732
v 1.819158 4.316601 -15.683086
v 1.823691 4.332978 -15.684484
v 1.825699 4.317020 -15.659087
v 1.830221 4.333395 -15.660960
v 1.833808 4.317020 -15.643918
v 1.844719 4.317020 -15.630622
v 1.843066 4.333229 -15.639055
v 1.858016 4.317020 -15.619710
v 1.882087 4.316601 -15.608064
v 1.867677 4.333909 -15.619543
v 1.890600 4.333395 -15.611409
v 1.912372 4.362549 -15.635711
v 1.939926 4.362555 -15.645610
v 1.959805 4.362554 -15.670694
v 1.963717 4.362549 -15.698275
v 1.957068 4.362548 -15.719553
v 1.943069 4.362549 -15.736904
v 1.916585 4.362556 -15.749387
v 1.884792 4.362555 -15.745707
v 1.862523 4.362549 -15.728971
v 1.850040 4.362556 -15.702487
v 1.852177 4.362548 -15.676106
v 1.862523 4.362549 -15.656358
v 1.884791 4.362554 -15.639623
v 1.907853 8.374628 -15.651557
v 1.926732 8.374628 -15.656836
v 1.938380 8.374628 -15.666645
v 1.945692 8.374628 -15.679811
v 1.946756 8.374628 -15.702565
v 1.937969 8.374628 -15.719000
v 1.925468 8.374628 -15.728897
v 1.904338 8.374628 -15.733759
v 1.875359 8.374624 -15.718724
v 1.866113 8.374628 -15.695818
v 1.868335 8.374628 -15.679035
v 1.875715 8.374628 -15.666056
v 1.888215 8.374628 -15.656159
v 1.889645 4.090569 -15.606609
v 1.912104 8.383299 -15.634115
v 1.917081 8.374622 -15.641055
v 1.939256 8.374626 -15.651587
v 1.933618 8.383432 -15.640249
v 1.948199 8.383444 -15.651172
v 1.952978 8.374625 -15.667867
v 1.958311 8.383554 -15.664213
v 1.958732 8.374626 -15.687417
v 1.964206 8.383444 -15.681118
v 1.957072 8.374626 -15.706806
v 1.965388 8.383432 -15.697260
v 1.944966 8.374620 -15.728800
v 1.959121 8.383432 -15.719305
v 1.948199 8.383444 -15.733886
v 1.922875 8.374626 -15.742226
v 1.934738 8.383411 -15.744239
v 1.900010 8.374624 -15.744539
v 1.912826 8.383411 -15.750978
v 1.895431 8.383444 -15.749892
v 1.873582 8.374646 -15.732450
v 1.878010 8.383392 -15.741961
v 1.865485 8.383444 -15.733886
v 1.860705 8.374624 -15.717189
v 1.855373 8.383554 -15.720845
v 1.854952 8.374626 -15.697639
v 1.848434 8.383297 -15.698825
v 1.856612 8.374626 -15.678248
v 1.849478 8.383444 -15.681118
v 1.868717 8.374620 -15.656256
v 1.855373 8.383555 -15.664211
v 1.869994 8.383297 -15.646775
v 1.891656 8.374624 -15.642467
v 1.890470 8.383555 -15.636112
v 1.918252 8.518492 -15.635164
v 1.901731 8.527309 -15.640638
v 1.935158 8.518380 -15.641060
v 1.921121 8.527311 -15.642300
v 1.952594 8.518639 -15.655680
v 1.943111 8.527319 -15.654407
v 1.963258 8.518380 -15.676157
v 1.956902 8.527311 -15.677342
v 1.965329 8.518492 -15.692529
v 1.962846 8.518380 -15.710258
v 1.958711 8.527311 -15.698559
v 1.951908 8.518639 -15.730213
v 1.950477 8.527317 -15.721684
v 1.933906 8.518380 -15.744666
v 1.931502 8.527311 -15.738664
v 1.912061 8.518639 -15.751042
v 1.911952 8.527310 -15.744418
v 1.895431 8.518492 -15.749892
v 1.868600 8.518764 -15.736807
v 1.892923 8.527317 -15.742583
v 1.854562 8.518503 -15.719304
v 1.867898 8.527308 -15.727453
v 1.848315 8.518381 -15.697579
v 1.855080 8.527327 -15.702824
v 1.850577 8.518637 -15.675972
v 1.857145 8.527311 -15.676495
v 1.861088 8.518639 -15.655681
v 1.866537 8.527310 -15.659451
v 1.878525 8.518380 -15.641060
v 1.882181 8.527311 -15.646393
v 1.900545 8.518639 -15.634121
v 1.871906 8.051050 -15.663277
v 1.872198 8.067584 -15.666734
v 1.872400 8.079935 -15.677645
v 1.872448 8.083186 -15.698228
v 1.872285 8.072581 -15.715818
v 1.872017 8.057234 -15.721373
v 1.871817 8.046085 -15.720239
v 1.871568 8.031517 -15.710963
v 1.871469 8.025472 -15.692464
v 1.871569 8.031565 -15.674023
v 1.516708 8.208235 -15.663724
v 1.583450 8.197976 -15.662781
v 1.224213 8.203205 -15.663764
v 1.223962 8.216677 -15.668670
v 1.223750 8.227993 -15.683990
v 1.223756 8.227725 -15.700447
v 1.223852 8.222572 -15.710507
v 1.224012 8.213964 -15.717825
v 1.224213 8.203214 -15.721291
v 1.224424 8.191956 -15.720378
v 1.224611 8.181908 -15.715229
v 1.224748 8.174589 -15.706622
v 1.224815 8.171015 -15.695374
v 1.224774 8.173207 -15.680699
v 1.224611 8.181903 -15.669830
v 1.224424 8.191948 -15.664680
v 1.640543 8.178715 -15.662774
v 1.636305 8.192558 -15.666175
v 1.603796 8.203064 -15.666170
v 1.636948 8.201667 -15.673592
v 1.604068 8.212240 -15.673615
v 1.637387 8.207176 -15.683842
v 1.604205 8.216700 -15.681275
v 1.603111 8.219257 -15.689595
v 1.636869 8.208580 -15.695415
v 1.604435 8.217745 -15.701137
v 1.637045 8.205051 -15.706487
v 1.604095 8.212233 -15.711441
v 1.636417 8.197709 -15.715503
v 1.603835 8.203054 -15.718886
v 1.636218 8.187042 -15.721100
v 1.583441 8.197977 -15.722276
v 1.625895 8.179981 -15.722344
v 1.567490 8.192646 -15.721729
v 1.632489 8.164736 -15.718900
v 1.579711 8.183672 -15.719972
v 1.599524 8.170358 -15.715609
v 1.630838 8.155983 -15.711408
v 1.598636 8.163066 -15.706569
v 1.628776 8.150126 -15.697824
v 1.598229 8.160311 -15.698218
v 1.629998 8.150681 -15.683908
v 1.595790 8.160445 -15.689440
v 1.598341 8.161983 -15.681255
v 1.630927 8.155983 -15.673613
v 1.598929 8.166288 -15.673615
v 1.634296 8.166713 -15.664662
v 1.579781 8.180964 -15.666192
v 1.568243 8.210451 -15.665724
v 1.532231 8.216254 -15.667671
v 1.570401 8.219868 -15.673549
v 1.532986 8.222885 -15.673473
v 1.570484 8.225388 -15.683835
v 1.533144 8.227268 -15.681019
v 1.569715 8.226653 -15.695453
v 1.531446 8.229612 -15.689586
v 1.533196 8.228986 -15.698441
v 1.570446 8.223139 -15.706633
v 1.533111 8.226158 -15.706700
v 1.570369 8.215698 -15.715656
v 1.532696 8.218731 -15.715728
v 1.564204 8.209036 -15.720091
v 1.516643 8.208238 -15.721333
v 1.569065 8.177771 -15.715663
v 1.536715 8.185490 -15.718923
v 1.568599 8.170385 -15.706635
v 1.535652 8.176491 -15.711483
v 1.535251 8.172100 -15.703808
v 1.567700 8.167130 -15.695463
v 1.534882 8.169905 -15.695466
v 1.568474 8.168143 -15.683848
v 1.535306 8.171011 -15.683900
v 1.568793 8.173633 -15.673546
v 1.535663 8.176489 -15.673576
v 1.536748 8.185487 -15.666136
v 1.567436 8.192655 -15.663327
v 1.890899 7.975363 -15.730342
v 1.875715 7.975363 -15.719001
v 1.867954 7.975363 -15.705075
v 1.866113 7.975363 -15.689239
v 1.870472 7.975363 -15.673903
v 1.880369 7.975363 -15.661402
v 1.891272 7.975363 -15.654940
v 1.880369 8.134817 -15.723655
v 1.870472 8.134817 -15.711155
v 1.866113 8.134817 -15.695818
v 1.867954 8.134817 -15.679981
v 1.875715 8.134817 -15.666056
v 1.890899 8.134817 -15.654716
v 1.891272 8.134817 -15.730117
v 1.886376 8.134817 -15.739277
v 1.886376 7.975363 -15.739277
v 1.886376 7.975363 -15.645780
v 1.873537 7.975363 -15.653528
v 1.858607 7.975363 -15.673941
v 1.855892 7.975363 -15.698450
v 1.862036 7.975363 -15.717497
v 1.874923 7.975363 -15.732673
v 1.873537 8.134817 -15.731528
v 1.858607 8.134817 -15.711116
v 1.855892 8.134817 -15.686606
v 1.862036 8.134817 -15.667561
v 1.874923 8.134817 -15.652385
v 1.886376 8.134817 -15.645780
v 1.275146 8.187646 -15.804170
v 1.229113 8.259678 -15.737711
v 1.260530 8.210515 -15.799825
v 1.247346 8.231146 -15.787214
v 1.236883 8.247518 -15.767572
v 1.227850 8.261652 -15.669669
v 1.275146 8.187646 -15.580888
v 1.230165 8.258031 -15.642234
v 1.236883 8.247518 -15.617484
v 1.247346 8.231146 -15.597843
v 1.260530 8.210515 -15.585233
v 0.871275 8.153943 -15.715388
v 0.971193 8.153943 -15.804170
v 0.877838 8.153943 -15.742824
v 0.895544 8.153943 -15.767572
v 0.920050 8.153943 -15.787214
v 0.946503 8.153943 -15.799825
v 0.970992 8.261652 -15.715388
v 0.970992 8.187646 -15.804170
v 0.867309 8.187646 -15.715388
v 0.970992 8.258029 -15.742828
v 0.970992 8.247523 -15.767564
v 0.945453 8.258029 -15.715388
v 0.944730 8.253737 -15.743714
v 0.945642 8.243820 -15.766361
v 0.919209 8.247523 -15.715388
v 0.920501 8.243768 -15.742708
v 0.918143 8.232101 -15.763644
v 0.945367 8.187646 -15.799823
v 0.918071 8.187646 -15.787220
v 0.970992 8.210519 -15.799823
v 0.944571 8.211125 -15.794675
v 0.920073 8.210361 -15.782778
v 0.970992 8.231138 -15.787220
v 0.945572 8.230174 -15.782715
v 0.924910 8.226804 -15.774283
v 0.875689 8.210519 -15.715388
v 0.894514 8.231138 -15.715388
v 0.874271 8.187646 -15.742828
v 0.883354 8.211258 -15.743556
v 0.900341 8.230136 -15.742638
v 0.892696 8.187646 -15.767564
v 0.899791 8.210419 -15.766407
v 0.971193 8.153943 -15.580888
v 0.871275 8.153943 -15.669669
v 0.946503 8.153943 -15.585233
v 0.920050 8.153943 -15.597843
v 0.895544 8.153943 -15.617484
v 0.877838 8.153943 -15.642234
v 0.970992 8.261652 -15.669669
v 0.867309 8.187646 -15.669669
v 0.970992 8.187646 -15.580888
v 0.945453 8.258029 -15.669669
v 0.919209 8.247523 -15.669669
v 0.970992 8.258029 -15.642229
v 0.944571 8.253737 -15.641501
v 0.920553 8.243820 -15.642420
v 0.970992 8.247523 -15.617494
v 0.945572 8.243768 -15.618650
v 0.874271 8.187646 -15.642229
v 0.892696 8.187646 -15.617494
v 0.875689 8.210519 -15.669669
v 0.883348 8.211125 -15.641343
v 0.899706 8.210361 -15.618695
v 0.894514 8.231138 -15.669669
v 0.900423 8.230174 -15.642349
v 0.917929 8.231813 -15.621211
v 0.970992 8.210519 -15.585235
v 0.970992 8.231138 -15.597836
v 0.945367 8.187646 -15.585235
v 0.944729 8.211258 -15.590383
v 0.945642 8.230136 -15.602280
v 0.918071 8.187646 -15.597836
v 0.920021 8.210419 -15.602343
v 0.924910 8.226804 -15.610773
v 1.289928 8.164514 -15.804170
v 1.284147 8.153943 -15.804170
v 1.288970 8.158611 -15.804170
v 1.289928 8.164514 -15.580888
v 1.287124 8.155539 -15.580888
v 1.008012 8.163877 -15.608544
v 1.035654 8.163877 -15.611456
v 1.061410 8.163877 -15.619992
v 1.083529 8.163877 -15.633571
v 1.100501 8.163877 -15.651268
v 1.111169 8.163877 -15.671876
v 1.114809 8.163877 -15.693991
v 1.111169 8.163877 -15.716106
v 1.100501 8.163877 -15.736714
v 1.083529 8.163877 -15.754411
v 1.061410 8.163877 -15.767990
v 1.035654 8.163877 -15.776525
v 1.008012 8.163877 -15.779437
v 0.980371 8.163877 -15.776525
v 0.954615 8.163877 -15.767990
v 0.932496 8.163877 -15.754411
v 0.915524 8.163877 -15.736714
v 0.904855 8.163877 -15.716106
v 0.901217 8.163877 -15.693991
v 0.904855 8.163877 -15.671876
v 0.915524 8.163877 -15.651268
v 0.932496 8.163877 -15.633571
v 0.954615 8.163877 -15.619992
v 0.980371 8.163877 -15.611456
v 1.008012 8.153335 -15.608544
v 1.017336 8.124174 -15.637568
v 1.008012 8.138272 -15.620344
v 1.035654 8.153335 -15.611456
v 1.031836 8.138272 -15.622854
v 1.026962 8.114405 -15.656677
v 1.061410 8.153335 -15.619992
v 1.054037 8.138272 -15.630211
v 1.051719 8.124792 -15.647909
v 1.083529 8.153335 -15.633571
v 1.073100 8.138272 -15.641915
v 1.050013 8.113461 -15.674124
v 1.033875 8.105848 -15.685470
v 1.100501 8.153335 -15.651268
v 1.087728 8.138272 -15.657167
v 1.074620 8.124782 -15.671532
v 1.111169 8.153335 -15.671876
v 1.096923 8.138272 -15.674930
v 1.114809 8.153335 -15.693991
v 1.100060 8.138272 -15.693991
v 1.080682 8.125350 -15.693991
v 1.059101 8.114902 -15.699355
v 1.111169 8.153335 -15.716106
v 1.096923 8.138272 -15.713052
v 1.074619 8.124782 -15.716452
v 1.031353 8.105900 -15.705526
v 1.100501 8.153335 -15.736714
v 1.087728 8.138272 -15.730814
v 1.047744 8.114401 -15.718712
v 1.083529 8.153335 -15.754411
v 1.073100 8.138272 -15.746067
v 1.051719 8.124792 -15.740073
v 1.061410 8.153335 -15.767990
v 1.054037 8.138272 -15.757771
v 1.026962 8.114405 -15.731304
v 1.011628 8.105829 -15.715847
v 1.035654 8.153335 -15.776525
v 1.031836 8.138272 -15.765128
v 1.017336 8.124174 -15.750414
v 1.008012 8.153335 -15.779437
v 1.008012 8.138272 -15.767637
v 1.001550 8.114022 -15.733159
v 0.980371 8.153335 -15.776525
v 0.984189 8.138272 -15.765128
v 0.980734 8.124794 -15.747569
v 0.954615 8.153335 -15.767990
v 0.961989 8.138272 -15.757771
v 0.977628 8.114403 -15.726099
v 0.991931 8.105929 -15.711506
v 0.932496 8.153335 -15.754411
v 0.942925 8.138272 -15.746067
v 0.950899 8.124787 -15.729450
v 0.915524 8.153335 -15.736714
v 0.928297 8.138272 -15.730814
v 0.961652 8.114400 -15.709660
v 0.981319 8.105917 -15.699693
v 0.904855 8.153335 -15.716106
v 0.919102 8.138272 -15.713052
v 0.937819 8.125350 -15.709039
v 0.901217 8.153335 -15.693991
v 0.915965 8.138272 -15.693991
v 0.941281 8.121826 -15.693993
v 0.904855 8.153335 -15.671876
v 1.008018 8.102710 -15.693993
v 0.919102 8.138272 -15.674930
v 0.937819 8.125350 -15.678943
v 0.961654 8.114398 -15.678322
v 0.986568 8.105837 -15.679900
v 0.915524 8.153335 -15.651268
v 0.928297 8.138272 -15.657167
v 0.950899 8.124786 -15.658532
v 0.932496 8.153335 -15.633571
v 0.942925 8.138272 -15.641915
v 0.977627 8.114404 -15.661881
v 0.954615 8.153335 -15.619992
v 0.961989 8.138272 -15.630211
v 0.980734 8.124794 -15.640413
v 0.980371 8.153335 -15.611456
v 0.984189 8.138272 -15.622854
v 1.001550 8.114022 -15.654823
v 1.011628 8.105829 -15.672134
v 1.869253 8.374628 -15.708098
v 1.883987 8.374657 -15.725912
v 1.938457 4.362546 -15.666582
v 1.896295 4.362546 -15.732065
v -1.855029 4.090569 -5.912966
v -1.872147 4.090569 -5.911280
v -1.888607 4.090569 -5.906286
v -1.903776 4.090569 -5.898178
v -1.917072 4.090569 -5.887267
v -1.927984 4.090569 -5.873971
v -1.936092 4.090569 -5.858801
v -1.941085 4.090569 -5.842341
v -1.942771 4.090569 -5.825224
v -1.941085 4.090569 -5.808106
v -1.936092 4.090569 -5.791647
v -1.927984 4.090569 -5.776477
v -1.917072 4.090569 -5.763181
v -1.903776 4.090569 -5.752270
v -1.888607 4.090569 -5.744161
v -1.872147 4.090569 -5.739168
v -1.855029 4.090569 -5.737482
v -1.837912 4.090569 -5.739168
v -1.821452 4.090569 -5.744161
v -1.806283 4.090569 -5.752270
v -1.792987 4.090569 -5.763181
v -1.782075 4.090569 -5.776477
v -1.773967 4.090569 -5.791647
v -1.768974 4.090569 -5.808106
v -1.767288 4.090569 -5.825224
v -1.768974 4.090569 -5.842341
v -1.773967 4.090569 -5.858801
v -1.782075 4.090569 -5.873971
v -1.792987 4.090569 -5.887266
v -1.806283 4.090569 -5.898178
v -1.821452 4.090569 -5.906286
v -1.859827 4.362546 -5.865949
v -1.874177 4.362546 -5.861517
v -1.895643 4.362546 -5.831542
v -1.894622 4.362546 -5.815184
v -1.886851 4.362546 -5.799604
v -1.874578 4.362546 -5.789418
v -1.859342 4.362546 -5.784703
v -1.828949 4.362546 -5.793929
v -1.819973 4.362546 -5.804616
v -1.814452 4.362546 -5.821130
v -1.815596 4.362546 -5.835537
v -1.823367 4.362546 -5.851116
v -1.835640 4.362546 -5.861302
v -1.847172 4.362546 -5.865264
v -1.855029 4.317020 -5.912966
v -1.872147 4.317020 -5.911280
v -1.863171 4.333443 -5.907879
v -1.897404 4.316601 -5.902493
v -1.894313 4.333444 -5.898715
v -1.917072 4.317020 -5.887266
v -1.927984 4.317020 -5.873970
v -1.919595 4.333678 -5.877357
v -1.939785 4.317070 -5.849319
v -1.934527 4.333487 -5.849735
v -1.942634 4.316601 -5.815648
v -1.937877 4.333395 -5.825224
v -1.936092 4.317020 -5.791647
v -1.934527 4.333487 -5.800712
v -1.927984 4.317020 -5.776477
v -1.910202 4.316601 -5.756505
v -1.919595 4.333678 -5.773090
v -1.901057 4.333395 -5.756338
v -1.888607 4.317020 -5.744162
v -1.872147 4.317020 -5.739168
v -1.878396 4.333682 -5.745455
v -1.855029 4.317020 -5.737482
v -1.828546 4.316601 -5.741171
v -1.846238 4.333678 -5.742705
v -1.823325 4.333395 -5.748682
v -1.806283 4.317020 -5.752270
v -1.786313 4.316601 -5.770050
v -1.801420 4.333229 -5.761528
v -1.786144 4.333395 -5.779196
v -1.773967 4.317020 -5.791647
v -1.768974 4.317020 -5.808106
v -1.775687 4.333909 -5.801156
v -1.767425 4.316601 -5.834803
v -1.771958 4.332978 -5.833405
v -1.773967 4.317020 -5.858801
v -1.778488 4.333395 -5.856928
v -1.782075 4.317020 -5.873970
v -1.792987 4.317020 -5.887266
v -1.791333 4.333229 -5.878833
v -1.806283 4.317020 -5.898178
v -1.830354 4.316601 -5.909825
v -1.815944 4.333909 -5.898346
v -1.838867 4.333395 -5.906480
v -1.860639 4.362549 -5.882178
v -1.888193 4.362555 -5.872278
v -1.908072 4.362554 -5.847194
v -1.911984 4.362549 -5.819614
v -1.905336 4.362548 -5.798336
v -1.891336 4.362549 -5.780985
v -1.864852 4.362556 -5.768502
v -1.833059 4.362555 -5.772182
v -1.810790 4.362549 -5.788918
v -1.798307 4.362556 -5.815402
v -1.800445 4.362548 -5.841782
v -1.810790 4.362549 -5.861530
v -1.833059 4.362554 -5.878266
v -1.856120 8.374628 -5.866332
v -1.875000 8.374628 -5.861053
v -1.886647 8.374628 -5.851244
v -1.893959 8.374628 -5.838078
v -1.895023 8.374628 -5.815324
v -1.886236 8.374628 -5.798888
v -1.873736 8.374628 -5.788991
v -1.852605 8.374628 -5.784130
v -1.823626 8.374624 -5.799165
v -1.814380 8.374628 -5.822071
v -1.816602 8.374628 -5.838853
v -1.823982 8.374628 -5.851832
v -1.836482 8.374628 -5.861730
v -1.837912 4.090569 -5.911280
v -1.860371 8.383299 -5.883774
v -1.865348 8.374622 -5.876834
v -1.887523 8.374626 -5.866302
v -1.881885 8.383432 -5.877640
v -1.896466 8.383444 -5.866717
v -1.901245 8.374625 -5.850022
v -1.906578 8.383554 -5.853676
v -1.906999 8.374626 -5.830472
v -1.912473 8.383444 -5.836771
v -1.905339 8.374626 -5.811082
v -1.913656 8.383432 -5.820628
v -1.893234 8.374620 -5.789088
v -1.907388 8.383432 -5.798584
v -1.896466 8.383444 -5.784003
v -1.871142 8.374626 -5.775662
v -1.883005 8.383411 -5.773650
v -1.848277 8.374624 -5.773350
v -1.861093 8.383411 -5.766911
v -1.843698 8.383444 -5.767996
v -1.821849 8.374646 -5.785439
v -1.826277 8.383392 -5.775928
v -1.813752 8.383444 -5.784003
v -1.808972 8.374624 -5.800699
v -1.803641 8.383554 -5.797044
v -1.803219 8.374626 -5.820249
v -1.796701 8.383297 -5.819064
v -1.804879 8.374626 -5.839641
v -1.797745 8.383444 -5.836771
v -1.816984 8.374620 -5.861632
v -1.803641 8.383555 -5.853677
v -1.818262 8.383297 -5.871114
v -1.839923 8.374624 -5.875422
v -1.838737 8.383555 -5.881777
v -1.866519 8.518492 -5.882725
v -1.849998 8.527309 -5.877250
v -1.883425 8.518380 -5.876829
v -1.869388 8.527311 -5.875589
v -1.900862 8.518639 -5.862208
v -1.891379 8.527319 -5.863482
v -1.911525 8.518380 -5.841732
v -1.905169 8.527311 -5.840546
v -1.913596 8.518492 -5.825360
v -1.911113 8.518380 -5.807631
v -1.906978 8.527311 -5.819330
v -1.900175 8.518639 -5.787676
v -1.898744 8.527317 -5.796205
v -1.882173 8.518380 -5.773222
v -1.879770 8.527311 -5.779224
v -1.860328 8.518639 -5.766847
v -1.860219 8.527310 -5.773471
v -1.843698 8.518492 -5.767996
v -1.816867 8.518764 -5.781082
v -1.841190 8.527317 -5.775305
v -1.802829 8.518503 -5.798584
v -1.816165 8.527308 -5.790436
v -1.796582 8.518381 -5.820310
v -1.803348 8.527327 -5.815065
v -1.798844 8.518637 -5.841917
v -1.805412 8.527311 -5.841393
v -1.809355 8.518639 -5.862208
v -1.814804 8.527310 -5.858438
v -1.826793 8.518380 -5.876829
v -1.830448 8.527311 -5.871496
v -1.848812 8.518639 -5.883768
v -1.820173 8.051050 -5.854612
v -1.820466 8.067584 -5.851155
v -1.820667 8.079935 -5.840244
v -1.820715 8.083186 -5.819660
v -1.820552 8.072581 -5.802071
v -1.820284 8.057234 -5.796516
v -1.820084 8.046085 -5.797650
v -1.819835 8.031517 -5.806926
v -1.819736 8.025472 -5.825424
v -1.819836 8.031565 -5.843866
v -1.464975 8.208235 -5.854164
v -1.531717 8.197976 -5.855107
v -1.172481 8.203205 -5.854124
v -1.172229 8.216677 -5.849219
v -1.172017 8.227993 -5.833898
v -1.172023 8.227725 -5.817441
v -1.172119 8.222572 -5.807381
v -1.172280 8.213964 -5.800064
v -1.172481 8.203214 -5.796597
v -1.172691 8.191956 -5.797511
v -1.172878 8.181908 -5.802660
v -1.173015 8.174589 -5.811267
v -1.173082 8.171015 -5.822515
v -1.173041 8.173207 -5.837190
v -1.172878 8.181903 -5.848058
v -1.172691 8.191948 -5.853208
v -1.588810 8.178715 -5.855115
v -1.584572 8.192558 -5.851714
v -1.552063 8.203064 -5.851718
v -1.585215 8.201667 -5.844297
v -1.552336 8.212240 -5.844274
v -1.585654 8.207176 -5.834047
v -1.552472 8.216700 -5.836614
v -1.551378 8.219257 -5.828294
v -1.585136 8.208580 -5.822474
v -1.552703 8.217745 -5.816752
v -1.585312 8.205051 -5.811402
v -1.552362 8.212233 -5.806447
v -1.584684 8.197709 -5.802386
v -1.552102 8.203054 -5.799003
v -1.584485 8.187042 -5.796789
v -1.531708 8.197977 -5.795612
v -1.574162 8.179981 -5.795545
v -1.515758 8.192646 -5.796159
v -1.580757 8.164736 -5.798989
v -1.527979 8.183672 -5.797917
v -1.547791 8.170358 -5.802280
v -1.579105 8.155983 -5.806481
v -1.546904 8.163066 -5.811319
v -1.577043 8.150126 -5.820065
v -1.546496 8.160311 -5.819671
v -1.578266 8.150681 -5.833980
v -1.544057 8.160445 -5.828449
v -1.546608 8.161983 -5.836633
v -1.579194 8.155983 -5.844276
v -1.547197 8.166288 -5.844274
v -1.582563 8.166713 -5.853227
v -1.528048 8.180964 -5.851697
v -1.516510 8.210451 -5.852165
v -1.480498 8.216254 -5.850218
v -1.518669 8.219868 -5.844340
v -1.481254 8.222885 -5.844416
v -1.518751 8.225388 -5.834054
v -1.481412 8.227268 -5.836869
v -1.517982 8.226653 -5.822436
v -1.479714 8.229612 -5.828303
v -1.481464 8.228986 -5.819448
v -1.518713 8.223139 -5.811256
v -1.481378 8.226158 -5.811189
v -1.518636 8.215698 -5.802233
v -1.480963 8.218731 -5.802161
v -1.512471 8.209036 -5.797798
v -1.464911 8.208238 -5.796556
v -1.517332 8.177771 -5.802225
v -1.484982 8.185490 -5.798965
v -1.516866 8.170385 -5.811253
v -1.483919 8.176491 -5.806405
v -1.483519 8.172100 -5.814081
v -1.515968 8.167130 -5.822426
v -1.483149 8.169905 -5.822423
v -1.516741 8.168143 -5.834041
v -1.483573 8.171011 -5.833989
v -1.517060 8.173633 -5.844343
v -1.483930 8.176489 -5.844312
v -1.485016 8.185487 -5.851753
v -1.515704 8.192655 -5.854562
v -1.839166 7.975363 -5.787547
v -1.823982 7.975363 -5.798888
v -1.816221 7.975363 -5.812814
v -1.814380 7.975363 -5.828650
v -1.818740 7.975363 -5.843987
v -1.828636 7.975363 -5.856486
v -1.839539 7.975363 -5.862948
v -1.828636 8.134817 -5.794234
v -1.818740 8.134817 -5.806734
v -1.814380 8.134817 -5.822071
v -1.816221 8.134817 -5.837907
v -1.823982 8.134817 -5.851832
v -1.839166 8.134817 -5.863173
v -1.839539 8.134817 -5.787772
v -1.834643 8.134817 -5.778612
v -1.834643 7.975363 -5.778612
v -1.834643 7.975363 -5.872108
v -1.821804 7.975363 -5.864361
v -1.806874 7.975363 -5.843947
v -1.804159 7.975363 -5.819438
v -1.810303 7.975363 -5.800392
v -1.823190 7.975363 -5.785216
v -1.821804 8.134817 -5.786360
v -1.806874 8.134817 -5.806773
v -1.804159 8.134817 -5.831283
v -1.810303 8.134817 -5.850328
v -1.823190 8.134817 -5.865504
v -1.834643 8.134817 -5.872108
v -1.223413 8.187646 -5.713719
v -1.177380 8.259678 -5.780178
v -1.208798 8.210515 -5.718064
v -1.195613 8.231146 -5.730675
v -1.185150 8.247518 -5.750317
v -1.176118 8.261652 -5.848220
v -1.223413 8.187646 -5.937001
v -1.178432 8.258031 -5.875655
v -1.185150 8.247518 -5.900404
v -1.195613 8.231146 -5.920046
v -1.208798 8.210515 -5.932656
v -0.819542 8.153943 -5.802501
v -0.919460 8.153943 -5.713719
v -0.826105 8.153943 -5.775065
v -0.843811 8.153943 -5.750317
v -0.868317 8.153943 -5.730675
v -0.894770 8.153943 -5.718064
v -0.919259 8.261652 -5.802501
v -0.919259 8.187646 -5.713719
v -0.815576 8.187646 -5.802501
v -0.919259 8.258029 -5.775061
v -0.919259 8.247523 -5.750325
v -0.893720 8.258029 -5.802501
v -0.892997 8.253737 -5.774175
v -0.893909 8.243820 -5.751527
v -0.867476 8.247523 -5.802501
v -0.868768 8.243768 -5.775181
v -0.866410 8.232101 -5.754245
v -0.893635 8.187646 -5.718066
v -0.866338 8.187646 -5.730668
v -0.919259 8.210519 -5.718066
v -0.892838 8.211125 -5.723214
v -0.868340 8.210361 -5.735111
v -0.919259 8.231138 -5.730668
v -0.893840 8.230174 -5.735174
v -0.873177 8.226804 -5.743605
v -0.823956 8.210519 -5.802501
v -0.842781 8.231138 -5.802501
v -0.822539 8.187646 -5.775061
v -0.831621 8.211258 -5.774333
v -0.848608 8.230136 -5.775251
v -0.840963 8.187646 -5.750325
v -0.848058 8.210419 -5.751482
v -0.919460 8.153943 -5.937001
v -0.819542 8.153943 -5.848220
v -0.894770 8.153943 -5.932656
v -0.868317 8.153943 -5.920046
v -0.843811 8.153943 -5.900404
v -0.826105 8.153943 -5.875655
v -0.919259 8.261652 -5.848220
v -0.815576 8.187646 -5.848220
v -0.919259 8.187646 -5.937001
v -0.893720 8.258029 -5.848220
v -0.867476 8.247523 -5.848220
v -0.919259 8.258029 -5.875660
v -0.892839 8.253737 -5.876388
v -0.868820 8.243820 -5.875469
v -0.919259 8.247523 -5.900395
v -0.893840 8.243768 -5.899239
v -0.822539 8.187646 -5.875660
v -0.840963 8.187646 -5.900395
v -0.823956 8.210519 -5.848220
v -0.831615 8.211125 -5.876546
v -0.847973 8.210361 -5.899193
v -0.842781 8.231138 -5.848220
v -0.848690 8.230174 -5.875540
v -0.866196 8.231813 -5.896677
v -0.919259 8.210519 -5.932654
v -0.919259 8.231138 -5.920052
v -0.893635 8.187646 -5.932654
v -0.892997 8.211258 -5.927506
v -0.893909 8.230136 -5.915609
v -0.866338 8.187646 -5.920052
v -0.868288 8.210419 -5.915546
v -0.873177 8.226804 -5.907115
v -1.238195 8.164514 -5.713719
v -1.232414 8.153943 -5.713719
v -1.237237 8.158611 -5.713719
v -1.238195 8.164514 -5.937001
v -1.235391 8.155539 -5.937001
v -0.956280 8.163877 -5.909345
v -0.983921 8.163877 -5.906433
v -1.009678 8.163877 -5.897897
v -1.031796 8.163877 -5.884317
v -1.048768 8.163877 -5.866621
v -1.059437 8.163877 -5.846013
v -1.063076 8.163877 -5.823898
v -1.059437 8.163877 -5.801783
v -1.048768 8.163877 -5.781175
v -1.031796 8.163877 -5.763478
v -1.009678 8.163877 -5.749899
v -0.983921 8.163877 -5.741363
v -0.956280 8.163877 -5.738451
v -0.928639 8.163877 -5.741363
v -0.902882 8.163877 -5.749899
v -0.880763 8.163877 -5.763478
v -0.863792 8.163877 -5.781175
v -0.853122 8.163877 -5.801783
v -0.849484 8.163877 -5.823898
v -0.853122 8.163877 -5.846013
v -0.863792 8.163877 -5.866621
v -0.880763 8.163877 -5.884317
v -0.902882 8.163877 -5.897897
v -0.928639 8.163877 -5.906433
v -0.956280 8.153335 -5.909345
v -0.965603 8.124174 -5.880322
v -0.956280 8.138272 -5.897545
v -0.983921 8.153335 -5.906433
v -0.980103 8.138272 -5.895035
v -0.975229 8.114405 -5.861212
v -1.009678 8.153335 -5.897897
v -1.002304 8.138272 -5.887677
v -0.999986 8.124792 -5.869980
v -1.031796 8.153335 -5.884317
v -1.021367 8.138272 -5.875974
v -0.998280 8.113461 -5.843764
v -0.982142 8.105848 -5.832419
v -1.048768 8.153335 -5.866621
v -1.035995 8.138272 -5.860722
v -1.022887 8.124782 -5.846357
v -1.059437 8.153335 -5.846013
v -1.045191 8.138272 -5.842959
v -1.063076 8.153335 -5.823898
v -1.048327 8.138272 -5.823898
v -1.028949 8.125350 -5.823898
v -1.007368 8.114902 -5.818534
v -1.059437 8.153335 -5.801783
v -1.045191 8.138272 -5.804837
v -1.022887 8.124782 -5.801437
v -0.979620 8.105900 -5.812363
v -1.048768 8.153335 -5.781175
v -1.035995 8.138272 -5.787075
v -0.996011 8.114401 -5.799177
v -1.031796 8.153335 -5.763478
v -1.021367 8.138272 -5.771822
v -0.999986 8.124792 -5.777816
v -1.009678 8.153335 -5.749899
v -1.002304 8.138272 -5.760118
v -0.975229 8.114405 -5.786584
v -0.959895 8.105829 -5.802041
v -0.983921 8.153335 -5.741363
v -0.980103 8.138272 -5.752761
v -0.965603 8.124174 -5.767475
v -0.956280 8.153335 -5.738451
v -0.956280 8.138272 -5.750252
v -0.949817 8.114022 -5.784730
v -0.928639 8.153335 -5.741363
v -0.932456 8.138272 -5.752761
v -0.929001 8.124794 -5.770320
v -0.902882 8.153335 -5.749899
v -0.910256 8.138272 -5.760118
v -0.925895 8.114403 -5.791789
v -0.940199 8.105929 -5.806383
v -0.880763 8.153335 -5.763478
v -0.891192 8.138272 -5.771822
v -0.899166 8.124787 -5.788438
v -0.863792 8.153335 -5.781175
v -0.876564 8.138272 -5.787075
v -0.909919 8.114400 -5.808229
v -0.929586 8.105917 -5.818196
v -0.853122 8.153335 -5.801783
v -0.867369 8.138272 -5.804837
v -0.886087 8.125350 -5.808849
v -0.849484 8.153335 -5.823898
v -0.864232 8.138272 -5.823898
v -0.889548 8.121826 -5.823896
v -0.853122 8.153335 -5.846013
v -0.956286 8.102710 -5.823896
v -0.867369 8.138272 -5.842959
v -0.886087 8.125350 -5.838946
v -0.909921 8.114398 -5.839567
v -0.934836 8.105837 -5.837988
v -0.863792 8.153335 -5.866621
v -0.876564 8.138272 -5.860722
v -0.899166 8.124786 -5.859357
v -0.880763 8.153335 -5.884317
v -0.891192 8.138272 -5.875974
v -0.925895 8.114404 -5.856008
v -0.902882 8.153335 -5.897897
v -0.910256 8.138272 -5.887677
v -0.929001 8.124794 -5.877476
v -0.928639 8.153335 -5.906433
v -0.932456 8.138272 -5.895035
v -0.949817 8.114022 -5.863066
v -0.959895 8.105829 -5.845755
v -1.817520 8.374628 -5.809791
v -1.832255 8.374657 -5.791977
v -1.886725 4.362546 -5.851307
v -1.844562 4.362546 -5.785824
v 1.906761 4.090569 -5.737482
v 1.923879 4.090569 -5.739168
v 1.940338 4.090569 -5.744162
v 1.955508 4.090569 -5.752270
v 1.968804 4.090569 -5.763181
v 1.979716 4.090569 -5.776477
v 1.987824 4.090569 -5.791647
v 1.992817 4.090569 -5.808106
v 1.994503 4.090569 -5.825224
v 1.992817 4.090569 -5.842341
v 1.987824 4.090569 -5.858801
v 1.979716 4.090569 -5.873971
v 1.968804 4.090569 -5.887267
v 1.955508 4.090569 -5.898178
v 1.940338 4.090569 -5.906287
v 1.923879 4.090569 -5.911280
v 1.906761 4.090569 -5.912966
v 1.889643 4.090569 -5.911280
v 1.873184 4.090569 -5.906287
v 1.858014 4.090569 -5.898178
v 1.844718 4.090569 -5.887267
v 1.833807 4.090569 -5.873971
v 1.825698 4.090569 -5.858802
v 1.820705 4.090569 -5.842341
v 1.819020 4.090569 -5.825224
v 1.820705 4.090569 -5.808106
v 1.825698 4.090569 -5.791647
v 1.833807 4.090569 -5.776478
v 1.844718 4.090569 -5.763182
v 1.858014 4.090569 -5.752270
v 1.873184 4.090569 -5.744162
v 1.911558 4.362546 -5.784499
v 1.925909 4.362546 -5.788931
v 1.947375 4.362546 -5.818906
v 1.946354 4.362546 -5.835264
v 1.938582 4.362546 -5.850843
v 1.926309 4.362546 -5.861030
v 1.911073 4.362546 -5.865745
v 1.880680 4.362546 -5.856519
v 1.871705 4.362546 -5.845832
v 1.866183 4.362546 -5.829318
v 1.867327 4.362546 -5.814911
v 1.875099 4.362546 -5.799332
v 1.887372 4.362546 -5.789145
v 1.898903 4.362546 -5.785184
v 1.906761 4.317020 -5.737482
v 1.923879 4.317020 -5.739168
v 1.914902 4.333443 -5.742569
v 1.949136 4.316601 -5.747954
v 1.946044 4.333444 -5.751733
v 1.968804 4.317020 -5.763181
v 1.979716 4.317020 -5.776477
v 1.971327 4.333678 -5.773090
v 1.991516 4.317070 -5.801128
v 1.986259 4.333487 -5.800713
v 1.994365 4.316601 -5.834800
v 1.989609 4.333395 -5.825224
v 1.987824 4.317020 -5.858801
v 1.986259 4.333487 -5.849736
v 1.979716 4.317020 -5.873971
v 1.961933 4.316601 -5.893943
v 1.971327 4.333678 -5.877357
v 1.952789 4.333395 -5.894110
v 1.940338 4.317020 -5.906286
v 1.923879 4.317020 -5.911280
v 1.930127 4.333682 -5.904993
v 1.906761 4.317020 -5.912966
v 1.880278 4.316601 -5.909277
v 1.897970 4.333678 -5.907743
v 1.875057 4.333395 -5.901766
v 1.858014 4.317020 -5.898178
v 1.838044 4.316601 -5.880398
v 1.853151 4.333229 -5.888920
v 1.837876 4.333395 -5.871252
v 1.825698 4.317020 -5.858802
v 1.820705 4.317020 -5.842341
v 1.827419 4.333909 -5.849292
v 1.819157 4.316601 -5.815645
v 1.823690 4.332978 -5.817042
v 1.825698 4.317020 -5.791647
v 1.830220 4.333395 -5.793520
v 1.833807 4.317020 -5.776478
v 1.844718 4.317020 -5.763182
v 1.843064 4.333229 -5.771615
v 1.858014 4.317020 -5.752270
v 1.882086 4.316601 -5.740623
v 1.867676 4.333909 -5.752102
v 1.890599 4.333395 -5.743968
v 1.912370 4.362549 -5.768270
v 1.939925 4.362555 -5.778170
v 1.959804 4.362554 -5.803254
v 1.963716 4.362549 -5.830833
v 1.957067 4.362548 -5.852112
v 1.943068 4.362549 -5.869463
v 1.916584 4.362556 -5.881946
v 1.884791 4.362555 -5.878266
v 1.862522 4.362549 -5.861530
v 1.850039 4.362556 -5.835046
v 1.852176 4.362548 -5.808666
v 1.862522 4.362549 -5.788918
v 1.884790 4.362554 -5.772182
v 1.907852 8.374628 -5.784116
v 1.926731 8.374628 -5.789394
v 1.938379 8.374628 -5.799204
v 1.945691 8.374628 -5.812370
v 1.946754 8.374628 -5.835124
v 1.937968 8.374628 -5.851560
v 1.925467 8.374628 -5.861457
v 1.904337 8.374628 -5.866318
v 1.875357 8.374624 -5.851283
v 1.866112 8.374628 -5.828377
v 1.868333 8.374628 -5.811595
v 1.875714 8.374628 -5.798615
v 1.888214 8.374628 -5.788718
v 1.889643 4.090569 -5.739168
v 1.912103 8.383299 -5.766674
v 1.917080 8.374622 -5.773614
v 1.939255 8.374626 -5.784145
v 1.933617 8.383432 -5.772808
v 1.948198 8.383444 -5.783731
v 1.952977 8.374625 -5.800426
v 1.958309 8.383554 -5.796772
v 1.958730 8.374626 -5.819976
v 1.964205 8.383444 -5.813677
v 1.957071 8.374626 -5.839366
v 1.965387 8.383432 -5.829820
v 1.944965 8.374620 -5.861360
v 1.959120 8.383432 -5.851864
v 1.948198 8.383444 -5.866445
v 1.922873 8.374626 -5.874785
v 1.934737 8.383411 -5.876798
v 1.900008 8.374624 -5.877098
v 1.912825 8.383411 -5.883537
v 1.895430 8.383444 -5.882452
v 1.873581 8.374646 -5.865008
v 1.878009 8.383392 -5.874520
v 1.865484 8.383444 -5.866445
v 1.860704 8.374624 -5.849749
v 1.855372 8.383554 -5.853404
v 1.854951 8.374626 -5.830199
v 1.848433 8.383297 -5.831384
v 1.856611 8.374626 -5.810807
v 1.849477 8.383444 -5.813677
v 1.868716 8.374620 -5.788815
v 1.855372 8.383555 -5.796771
v 1.869993 8.383297 -5.779334
v 1.891655 8.374624 -5.775026
v 1.890469 8.383555 -5.768671
v 1.918251 8.518492 -5.767723
v 1.901730 8.527309 -5.773198
v 1.935156 8.518380 -5.773619
v 1.921119 8.527311 -5.774858
v 1.952593 8.518639 -5.788239
v 1.943110 8.527319 -5.786965
v 1.963257 8.518380 -5.808716
v 1.956901 8.527311 -5.809902
v 1.965328 8.518492 -5.825088
v 1.962845 8.518380 -5.842817
v 1.958710 8.527311 -5.831118
v 1.951907 8.518639 -5.862772
v 1.950475 8.527317 -5.854243
v 1.933905 8.518380 -5.877226
v 1.931501 8.527311 -5.871223
v 1.912060 8.518639 -5.883601
v 1.911951 8.527310 -5.876977
v 1.895430 8.518492 -5.882452
v 1.868598 8.518764 -5.869366
v 1.892922 8.527317 -5.875143
v 1.854561 8.518503 -5.851864
v 1.867897 8.527308 -5.860012
v 1.848314 8.518381 -5.830138
v 1.855079 8.527327 -5.835382
v 1.850576 8.518637 -5.808531
v 1.857144 8.527311 -5.809054
v 1.861087 8.518639 -5.788239
v 1.866535 8.527310 -5.792010
v 1.878524 8.518380 -5.773619
v 1.882179 8.527311 -5.778952
v 1.900544 8.518639 -5.766680
v 1.871905 8.051050 -5.795835
v 1.872197 8.067584 -5.799293
v 1.872399 8.079935 -5.810204
v 1.872447 8.083186 -5.830788
v 1.872284 8.072581 -5.848377
v 1.872016 8.057234 -5.853931
v 1.871816 8.046085 -5.852798
v 1.871567 8.031517 -5.843522
v 1.871468 8.025472 -5.825024
v 1.871568 8.031565 -5.806581
v 1.516707 8.208235 -5.796284
v 1.583449 8.197976 -5.795341
v 1.224212 8.203205 -5.796324
v 1.223961 8.216677 -5.801229
v 1.223749 8.227993 -5.816550
v 1.223754 8.227725 -5.833007
v 1.223850 8.222572 -5.843067
v 1.224011 8.213964 -5.850384
v 1.224212 8.203214 -5.853850
v 1.224423 8.191956 -5.852937
v 1.224610 8.181908 -5.847788
v 1.224747 8.174589 -5.839181
v 1.224813 8.171015 -5.827932
v 1.224772 8.173207 -5.813258
v 1.224610 8.181903 -5.802390
v 1.224423 8.191948 -5.797240
v 1.640542 8.178715 -5.795333
v 1.636304 8.192558 -5.798734
v 1.603795 8.203064 -5.798730
v 1.636947 8.201667 -5.806150
v 1.604067 8.212240 -5.806174
v 1.637385 8.207176 -5.816401
v 1.604203 8.216700 -5.813834
v 1.603110 8.219257 -5.822154
v 1.636868 8.208580 -5.827973
v 1.604434 8.217745 -5.833695
v 1.637043 8.205051 -5.839046
v 1.604093 8.212233 -5.844001
v 1.636415 8.197709 -5.848062
v 1.603834 8.203054 -5.851445
v 1.636217 8.187042 -5.853659
v 1.583440 8.197977 -5.854836
v 1.625894 8.179981 -5.854903
v 1.567489 8.192646 -5.854289
v 1.632488 8.164736 -5.851459
v 1.579710 8.183672 -5.852530
v 1.599522 8.170358 -5.848167
v 1.630836 8.155983 -5.843966
v 1.598635 8.163066 -5.839128
v 1.628775 8.150126 -5.830382
v 1.598228 8.160311 -5.830777
v 1.629997 8.150681 -5.816468
v 1.595789 8.160445 -5.821999
v 1.598340 8.161983 -5.813815
v 1.630926 8.155983 -5.806171
v 1.598928 8.166288 -5.806174
v 1.634295 8.166713 -5.797221
v 1.579780 8.180964 -5.798751
v 1.568242 8.210451 -5.798283
v 1.532230 8.216254 -5.800230
v 1.570400 8.219868 -5.806108
v 1.532985 8.222885 -5.806032
v 1.570482 8.225388 -5.816394
v 1.533143 8.227268 -5.813579
v 1.569714 8.226653 -5.828012
v 1.531445 8.229612 -5.822145
v 1.533195 8.228986 -5.830999
v 1.570445 8.223139 -5.839191
v 1.533110 8.226158 -5.839259
v 1.570368 8.215698 -5.848215
v 1.532695 8.218731 -5.848287
v 1.564202 8.209036 -5.852650
v 1.516642 8.208238 -5.853891
v 1.569063 8.177771 -5.848223
v 1.536714 8.185490 -5.851482
v 1.568598 8.170385 -5.839195
v 1.535650 8.176491 -5.844043
v 1.535250 8.172100 -5.836367
v 1.567699 8.167130 -5.828022
v 1.534881 8.169905 -5.828025
v 1.568473 8.168143 -5.816407
v 1.535305 8.171011 -5.816459
v 1.568792 8.173633 -5.806105
v 1.535661 8.176489 -5.806136
v 1.536747 8.185487 -5.798695
v 1.567435 8.192655 -5.795886
v 1.890898 7.975363 -5.862901
v 1.875714 7.975363 -5.851560
v 1.867953 7.975363 -5.837634
v 1.866112 7.975363 -5.821798
v 1.870471 7.975363 -5.806461
v 1.880368 7.975363 -5.793962
v 1.891271 7.975363 -5.787499
v 1.880368 8.134817 -5.856214
v 1.870471 8.134817 -5.843714
v 1.866112 8.134817 -5.828377
v 1.867953 8.134817 -5.812541
v 1.875714 8.134817 -5.798615
v 1.890898 8.134817 -5.787274
v 1.891271 8.134817 -5.862676
v 1.886375 8.134817 -5.871836
v 1.886375 7.975363 -5.871836
v 1.886375 7.975363 -5.778339
v 1.873535 7.975363 -5.786087
v 1.858606 7.975363 -5.806500
v 1.855891 7.975363 -5.831010
v 1.862035 7.975363 -5.850056
v 1.874922 7.975363 -5.865232
v 1.873535 8.134817 -5.864088
v 1.858606 8.134817 -5.843675
v 1.855891 8.134817 -5.819165
v 1.862035 8.134817 -5.800119
v 1.874922 8.134817 -5.784944
v 1.886375 8.134817 -5.778339
v 1.275144 8.187646 -5.936728
v 1.229112 8.259678 -5.870270
v 1.260529 8.210515 -5.932384
v 1.247345 8.231146 -5.919773
v 1.236881 8.247518 -5.900132
v 1.227849 8.261652 -5.802228
v 1.275144 8.187646 -5.713447
v 1.230164 8.258031 -5.774793
v 1.236881 8.247518 -5.750044
v 1.247345 8.231146 -5.730402
v 1.260529 8.210515 -5.717792
v 0.871274 8.153943 -5.847947
v 0.971192 8.153943 -5.936728
v 0.877836 8.153943 -5.875382
v 0.895542 8.153943 -5.900132
v 0.920049 8.153943 -5.919773
v 0.946502 8.153943 -5.932384
v 0.970991 8.261652 -5.847947
v 0.970991 8.187646 -5.936728
v 0.867307 8.187646 -5.847947
v 0.970991 8.258029 -5.875387
v 0.970991 8.247523 -5.900123
v 0.945452 8.258029 -5.847947
v 0.944729 8.253737 -5.876273
v 0.945641 8.243820 -5.898921
v 0.919208 8.247523 -5.847947
v 0.920500 8.243768 -5.875267
v 0.918142 8.232101 -5.896203
v 0.945366 8.187646 -5.932382
v 0.918070 8.187646 -5.919780
v 0.970991 8.210519 -5.932382
v 0.944570 8.211125 -5.927234
v 0.920072 8.210361 -5.915337
v 0.970991 8.231138 -5.919780
v 0.945571 8.230174 -5.915274
v 0.924909 8.226804 -5.906843
v 0.875688 8.210519 -5.847947
v 0.894513 8.231138 -5.847947
v 0.874270 8.187646 -5.875387
v 0.883353 8.211258 -5.876115
v 0.900339 8.230136 -5.875196
v 0.892695 8.187646 -5.900123
v 0.899790 8.210419 -5.898966
v 0.971192 8.153943 -5.713447
v 0.871274 8.153943 -5.802228
v 0.946502 8.153943 -5.717792
v 0.920049 8.153943 -5.730402
v 0.895542 8.153943 -5.750044
v 0.877836 8.153943 -5.774793
v 0.970991 8.261652 -5.802228
v 0.867307 8.187646 -5.802228
v 0.970991 8.187646 -5.713447
v 0.945452 8.258029 -5.802228
v 0.919208 8.247523 -5.802228
v 0.970991 8.258029 -5.774788
v 0.944570 8.253737 -5.774060
v 0.920552 8.243820 -5.774979
v 0.970991 8.247523 -5.750052
v 0.945571 8.243768 -5.751209
v 0.874270 8.187646 -5.774788
v 0.892695 8.187646 -5.750052
v 0.875688 8.210519 -5.802228
v 0.883346 8.211125 -5.773902
v 0.899705 8.210361 -5.751255
v 0.894513 8.231138 -5.802228
v 0.900422 8.230174 -5.774908
v 0.917928 8.231813 -5.753771
v 0.970991 8.210519 -5.717793
v 0.970991 8.231138 -5.730396
v 0.945366 8.187646 -5.717793
v 0.944728 8.211258 -5.722941
v 0.945641 8.230136 -5.734838
v 0.918070 8.187646 -5.730396
v 0.920020 8.210419 -5.734901
v 0.924909 8.226804 -5.743333
v 1.289927 8.164514 -5.936728
v 1.284146 8.153943 -5.936728
v 1.288968 8.158611 -5.936728
v 1.289927 8.164514 -5.713447
v 1.287122 8.155539 -5.713447
v 1.008011 8.163877 -5.741103
v 1.035652 8.163877 -5.744015
v 1.061409 8.163877 -5.752551
v 1.083528 8.163877 -5.766130
v 1.100499 8.163877 -5.783827
v 1.111168 8.163877 -5.804435
v 1.114807 8.163877 -5.826550
v 1.111168 8.163877 -5.848665
v 1.100499 8.163877 -5.869273
v 1.083528 8.163877 -5.886970
v 1.061409 8.163877 -5.900549
v 1.035652 8.163877 -5.909085
v 1.008011 8.163877 -5.911997
v 0.980370 8.163877 -5.909085
v 0.954613 8.163877 -5.900549
v 0.932495 8.163877 -5.886970
v 0.915523 8.163877 -5.869273
v 0.904854 8.163877 -5.848665
v 0.901215 8.163877 -5.826550
v 0.904854 8.163877 -5.804435
v 0.915523 8.163877 -5.783827
v 0.932495 8.163877 -5.766130
v 0.954613 8.163877 -5.752551
v 0.980370 8.163877 -5.744015
v 1.008011 8.153335 -5.741103
v 1.017334 8.124174 -5.770126
v 1.008011 8.138272 -5.752904
v 1.035652 8.153335 -5.744015
v 1.031835 8.138272 -5.755413
v 1.026961 8.114405 -5.789236
v 1.061409 8.153335 -5.752551
v 1.054035 8.138272 -5.762771
v 1.051718 8.124792 -5.780468
v 1.083528 8.153335 -5.766130
v 1.073099 8.138272 -5.774474
v 1.050012 8.113461 -5.806684
v 1.033874 8.105848 -5.818028
v 1.100499 8.153335 -5.783827
v 1.087727 8.138272 -5.789727
v 1.074619 8.124782 -5.804090
v 1.111168 8.153335 -5.804435
v 1.096922 8.138272 -5.807488
v 1.114807 8.153335 -5.826550
v 1.100059 8.138272 -5.826550
v 1.080681 8.125350 -5.826550
v 1.059099 8.114902 -5.831914
v 1.111168 8.153335 -5.848665
v 1.096922 8.138272 -5.845611
v 1.074618 8.124782 -5.849010
v 1.031352 8.105900 -5.838085
v 1.100499 8.153335 -5.869273
v 1.087727 8.138272 -5.863373
v 1.047742 8.114401 -5.851271
v 1.083528 8.153335 -5.886970
v 1.073099 8.138272 -5.878626
v 1.051718 8.124792 -5.872632
v 1.061409 8.153335 -5.900549
v 1.054035 8.138272 -5.890329
v 1.026961 8.114405 -5.863864
v 1.011626 8.105829 -5.848407
v 1.035652 8.153335 -5.909085
v 1.031835 8.138272 -5.897687
v 1.017335 8.124174 -5.882973
v 1.008011 8.153335 -5.911997
v 1.008011 8.138272 -5.900196
v 1.001549 8.114022 -5.865718
v 0.980370 8.153335 -5.909085
v 0.984187 8.138272 -5.897687
v 0.980733 8.124794 -5.880128
v 0.954613 8.153335 -5.900549
v 0.961988 8.138272 -5.890329
v 0.977627 8.114403 -5.858659
v 0.991930 8.105929 -5.844065
v 0.932495 8.153335 -5.886970
v 0.942924 8.138272 -5.878626
v 0.950897 8.124787 -5.862010
v 0.915523 8.153335 -5.869273
v 0.928296 8.138272 -5.863373
v 0.961650 8.114400 -5.842218
v 0.981318 8.105917 -5.832252
v 0.904854 8.153335 -5.848665
v 0.919101 8.138272 -5.845611
v 0.937818 8.125350 -5.841599
v 0.901215 8.153335 -5.826550
v 0.915964 8.138272 -5.826550
v 0.941280 8.121826 -5.826551
v 0.904854 8.153335 -5.804435
v 1.008017 8.102710 -5.826551
v 0.919101 8.138272 -5.807488
v 0.937818 8.125350 -5.811502
v 0.961653 8.114398 -5.810881
v 0.986567 8.105837 -5.812460
v 0.915523 8.153335 -5.783827
v 0.928296 8.138272 -5.789727
v 0.950898 8.124786 -5.791091
v 0.932495 8.153335 -5.766130
v 0.942924 8.138272 -5.774474
v 0.977626 8.114404 -5.794440
v 0.954613 8.153335 -5.752551
v 0.961988 8.138272 -5.762771
v 0.980733 8.124794 -5.772972
v 0.980370 8.153335 -5.744015
v 0.984187 8.138272 -5.755413
v 1.001549 8.114022 -5.787382
v 1.011626 8.105829 -5.804693
v 1.869252 8.374628 -5.840657
v 1.883986 8.374657 -5.858471
v 1.938456 4.362546 -5.799141
v 1.896294 4.362546 -5.864624
v -1.855027 4.090569 -24.794806
v -1.872145 4.090569 -24.793119
v -1.888605 4.090569 -24.788126
v -1.903774 4.090569 -24.780018
v -1.917070 4.090569 -24.769108
v -1.927982 4.090569 -24.755810
v -1.936090 4.090569 -24.740641
v -1.941083 4.090569 -24.724182
v -1.942769 4.090569 -24.707064
v -1.941083 4.090569 -24.689945
v -1.936090 4.090569 -24.673487
v -1.927982 4.090569 -24.658318
v -1.917070 4.090569 -24.645020
v -1.903774 4.090569 -24.634109
v -1.888605 4.090569 -24.625999
v -1.872145 4.090569 -24.621008
v -1.855027 4.090569 -24.619322
v -1.837910 4.090569 -24.621008
v -1.821450 4.090569 -24.625999
v -1.806280 4.090569 -24.634109
v -1.792984 4.090569 -24.645020
v -1.782073 4.090569 -24.658318
v -1.773964 4.090569 -24.673487
v -1.768971 4.090569 -24.689945
v -1.767286 4.090569 -24.707064
v -1.768971 4.090569 -24.724182
v -1.773964 4.090569 -24.740641
v -1.782073 4.090569 -24.755810
v -1.792984 4.090569 -24.769106
v -1.806280 4.090569 -24.780018
v -1.821450 4.090569 -24.788126
v -1.859825 4.362546 -24.747787
v -1.874175 4.362546 -24.743357
v -1.895641 4.362546 -24.713383
v -1.894620 4.362546 -24.697023
v -1.886848 4.362546 -24.681444
v -1.874575 4.362546 -24.671257
v -1.859340 4.362546 -24.666542
v -1.828946 4.362546 -24.675770
v -1.819971 4.362546 -24.686455
v -1.814450 4.362546 -24.702969
v -1.815594 4.362546 -24.717377
v -1.823365 4.362546 -24.732956
v -1.835638 4.362546 -24.743141
v -1.847169 4.362546 -24.747105
v -1.855027 4.317020 -24.794806
v -1.872145 4.317020 -24.793119
v -1.863169 4.333443 -24.789719
v -1.897402 4.316601 -24.784332
v -1.894310 4.333444 -24.780556
v -1.917070 4.317020 -24.769106
v -1.927982 4.317020 -24.755810
v -1.919593 4.333678 -24.759197
v -1.939783 4.317070 -24.731159
v -1.934525 4.333487 -24.731575
v -1.942632 4.316601 -24.697487
v -1.937875 4.333395 -24.707064
v -1.936090 4.317020 -24.673487
v -1.934525 4.333487 -24.682552
v -1.927982 4.317020 -24.658318
v -1.910199 4.316601 -24.638344
v -1.919593 4.333678 -24.654930
v -1.901055 4.333395 -24.638178
v -1.888605 4.317020 -24.626001
v -1.872145 4.317020 -24.621008
v -1.878393 4.333682 -24.627295
v -1.855027 4.317020 -24.619322
v -1.828544 4.316601 -24.623011
v -1.846236 4.333678 -24.624546
v -1.823323 4.333395 -24.630522
v -1.806280 4.317020 -24.634109
v -1.786310 4.316601 -24.651890
v -1.801417 4.333229 -24.643368
v -1.786142 4.333395 -24.661036
v -1.773964 4.317020 -24.673487
v -1.768971 4.317020 -24.689945
v -1.775685 4.333909 -24.682995
v -1.767423 4.316601 -24.716642
v -1.771956 4.332978 -24.715244
v -1.773964 4.317020 -24.740641
v -1.778486 4.333395 -24.738768
v -1.782073 4.317020 -24.755810
v -1.792984 4.317020 -24.769106
v -1.791331 4.333229 -24.760674
v -1.806280 4.317020 -24.780018
v -1.830352 4.316601 -24.791664
v -1.815942 4.333909 -24.780186
v -1.838865 4.333395 -24.788319
v -1.860637 4.362549 -24.764019
v -1.888191 4.362555 -24.754118
v -1.908070 4.362554 -24.729034
v -1.911982 4.362549 -24.701454
v -1.905333 4.362548 -24.680176
v -1.891334 4.362549 -24.662825
v -1.864850 4.362556 -24.650341
v -1.833057 4.362555 -24.654022
v -1.810788 4.362549 -24.670757
v -1.798305 4.362556 -24.697243
v -1.800442 4.362548 -24.723621
v -1.810788 4.362549 -24.743370
v -1.833056 4.362554 -24.760105
v -1.856118 8.374628 -24.748173
v -1.874997 8.374628 -24.742893
v -1.886645 8.374628 -24.733084
v -1.893957 8.374628 -24.719917
v -1.895021 8.374628 -24.697163
v -1.886234 8.374628 -24.680729
v -1.873733 8.374628 -24.670830
v -1.852603 8.374628 -24.665970
v -1.823624 8.374624 -24.681004
v -1.814378 8.374628 -24.703911
v -1.816600 8.374628 -24.720692
v -1.823980 8.374628 -24.733673
v -1.836480 8.374628 -24.743568
v -1.837910 4.090569 -24.793119
v -1.860369 8.383299 -24.765614
v -1.865346 8.374622 -24.758675
v -1.887521 8.374626 -24.748142
v -1.881883 8.383432 -24.759480
v -1.896464 8.383444 -24.748558
v -1.901243 8.374625 -24.731861
v -1.906576 8.383554 -24.735516
v -1.906997 8.374626 -24.712311
v -1.912471 8.383444 -24.718611
v -1.905337 8.374626 -24.692921
v -1.913653 8.383432 -24.702469
v -1.893231 8.374620 -24.670929
v -1.907386 8.383432 -24.680424
v -1.896464 8.383444 -24.665844
v -1.871140 8.374626 -24.657501
v -1.883003 8.383411 -24.655491
v -1.848275 8.374624 -24.655190
v -1.861091 8.383411 -24.648750
v -1.843696 8.383444 -24.649836
v -1.821847 8.374646 -24.667278
v -1.826275 8.383392 -24.657768
v -1.813750 8.383444 -24.665844
v -1.808970 8.374624 -24.682539
v -1.803638 8.383554 -24.678883
v -1.803217 8.374626 -24.702087
v -1.796699 8.383297 -24.700905
v -1.804877 8.374626 -24.721481
v -1.797743 8.383444 -24.718611
v -1.816982 8.374620 -24.743473
v -1.803638 8.383555 -24.735516
v -1.818259 8.383297 -24.752953
v -1.839921 8.374624 -24.757261
v -1.838735 8.383555 -24.763617
v -1.866517 8.518492 -24.764565
v -1.849996 8.527309 -24.759090
v -1.883422 8.518380 -24.758669
v -1.869386 8.527311 -24.757429
v -1.900859 8.518639 -24.744049
v -1.891376 8.527319 -24.745323
v -1.911523 8.518380 -24.723572
v -1.905167 8.527311 -24.722385
v -1.913594 8.518492 -24.707199
v -1.911111 8.518380 -24.689470
v -1.906976 8.527311 -24.701170
v -1.900173 8.518639 -24.669516
v -1.898742 8.527317 -24.678043
v -1.882171 8.518380 -24.655062
v -1.879767 8.527311 -24.661064
v -1.860326 8.518639 -24.648685
v -1.860217 8.527310 -24.655312
v -1.843696 8.518492 -24.649836
v -1.816865 8.518764 -24.662922
v -1.841188 8.527317 -24.657145
v -1.802827 8.518503 -24.680424
v -1.816163 8.527308 -24.672276
v -1.796580 8.518381 -24.702148
v -1.803345 8.527327 -24.696905
v -1.798842 8.518637 -24.723757
v -1.805410 8.527311 -24.723232
v -1.809353 8.518639 -24.744049
v -1.814801 8.527310 -24.740276
v -1.826790 8.518380 -24.758669
v -1.830446 8.527311 -24.753336
v -1.848810 8.518639 -24.765608
v -1.820171 8.051050 -24.736452
v -1.820463 8.067584 -24.732994
v -1.820665 8.079935 -24.722084
v -1.820713 8.083186 -24.701500
v -1.820550 8.072581 -24.683910
v -1.820282 8.057234 -24.678356
v -1.820082 8.046085 -24.679489
v -1.819833 8.031517 -24.688766
v -1.819734 8.025472 -24.707264
v -1.819834 8.031565 -24.725706
v -1.464973 8.208235 -24.736004
v -1.531715 8.197976 -24.736946
v -1.172478 8.203205 -24.735964
v -1.172227 8.216677 -24.731060
v -1.172015 8.227993 -24.715736
v -1.172021 8.227725 -24.699280
v -1.172117 8.222572 -24.689220
v -1.172277 8.213964 -24.681904
v -1.172478 8.203214 -24.678436
v -1.172689 8.191956 -24.679352
v -1.172876 8.181908 -24.684500
v -1.173013 8.174589 -24.693108
v -1.173080 8.171015 -24.704355
v -1.173039 8.173207 -24.719028
v -1.172876 8.181903 -24.729897
v -1.172689 8.191948 -24.735046
v -1.588808 8.178715 -24.736954
v -1.584570 8.192558 -24.733555
v -1.552061 8.203064 -24.733559
v -1.585213 8.201667 -24.726137
v -1.552333 8.212240 -24.726112
v -1.585652 8.207176 -24.715887
v -1.552470 8.216700 -24.718452
v -1.551376 8.219257 -24.710133
v -1.585134 8.208580 -24.704315
v -1.552700 8.217745 -24.698593
v -1.585310 8.205051 -24.693241
v -1.552359 8.212233 -24.688286
v -1.584682 8.197709 -24.684227
v -1.552100 8.203054 -24.680843
v -1.584483 8.187042 -24.678629
v -1.531706 8.197977 -24.677452
v -1.574160 8.179981 -24.677383
v -1.515755 8.192646 -24.677998
v -1.580755 8.164736 -24.680828
v -1.527976 8.183672 -24.679756
v -1.547789 8.170358 -24.684120
v -1.579103 8.155983 -24.688320
v -1.546901 8.163066 -24.693159
v -1.577041 8.150126 -24.701904
v -1.546494 8.160311 -24.701511
v -1.578263 8.150681 -24.715820
v -1.544055 8.160445 -24.710289
v -1.546606 8.161983 -24.718472
v -1.579192 8.155983 -24.726116
v -1.547194 8.166288 -24.726112
v -1.582561 8.166713 -24.735065
v -1.528046 8.180964 -24.733536
v -1.516508 8.210451 -24.734005
v -1.480496 8.216254 -24.732058
v -1.518666 8.219868 -24.726181
v -1.481251 8.222885 -24.726255
v -1.518749 8.225388 -24.715893
v -1.481409 8.227268 -24.718708
v -1.517980 8.226653 -24.704277
v -1.479711 8.229612 -24.710144
v -1.481461 8.228986 -24.701288
v -1.518711 8.223139 -24.693096
v -1.481376 8.226158 -24.693027
v -1.518634 8.215698 -24.684072
v -1.480961 8.218731 -24.684002
v -1.512468 8.209036 -24.679638
v -1.464908 8.208238 -24.678396
v -1.517330 8.177771 -24.684065
v -1.484980 8.185490 -24.680805
v -1.516864 8.170385 -24.693092
v -1.483917 8.176491 -24.688244
v -1.483516 8.172100 -24.695921
v -1.515965 8.167130 -24.704266
v -1.483147 8.169905 -24.704262
v -1.516739 8.168143 -24.715881
v -1.483571 8.171011 -24.715828
v -1.517058 8.173633 -24.726183
v -1.483928 8.176489 -24.726151
v -1.485013 8.185487 -24.733593
v -1.515701 8.192655 -24.736401
v -1.839164 7.975363 -24.669388
v -1.823980 7.975363 -24.680729
v -1.816219 7.975363 -24.694653
v -1.814378 7.975363 -24.710489
v -1.818737 7.975363 -24.725826
v -1.828634 7.975363 -24.738327
v -1.839537 7.975363 -24.744789
v -1.828634 8.134817 -24.676075
v -1.818737 8.134817 -24.688574
v -1.814378 8.134817 -24.703911
v -1.816219 8.134817 -24.719746
v -1.823980 8.134817 -24.733673
v -1.839164 8.134817 -24.745014
v -1.839537 8.134817 -24.669613
v -1.834641 8.134817 -24.660452
v -1.834641 7.975363 -24.660452
v -1.834641 7.975363 -24.753948
v -1.821802 7.975363 -24.746201
v -1.806872 7.975363 -24.725788
v -1.804157 7.975363 -24.701279
v -1.810301 7.975363 -24.682232
v -1.823188 7.975363 -24.667057
v -1.821802 8.134817 -24.668200
v -1.806872 8.134817 -24.688614
v -1.804157 8.134817 -24.713123
v -1.810301 8.134817 -24.732168
v -1.823188 8.134817 -24.747345
v -1.834641 8.134817 -24.753948
v -1.223411 8.187646 -24.595558
v -1.177378 8.259678 -24.662018
v -1.208796 8.210515 -24.599903
v -1.195611 8.231146 -24.612514
v -1.185148 8.247518 -24.632156
v -1.176116 8.261652 -24.730061
v -1.223410 8.187646 -24.818840
v -1.178430 8.258031 -24.757496
v -1.185148 8.247518 -24.782244
v -1.195611 8.231146 -24.801886
v -1.208795 8.210515 -24.814495
v -0.819540 8.153943 -24.684341
v -0.919458 8.153943 -24.595558
v -0.826103 8.153943 -24.656906
v -0.843809 8.153943 -24.632156
v -0.868315 8.153943 -24.612514
v -0.894768 8.153943 -24.599903
v -0.919257 8.261652 -24.684341
v -0.919257 8.187646 -24.595558
v -0.815574 8.187646 -24.684341
v -0.919257 8.258029 -24.656900
v -0.919257 8.247523 -24.632164
v -0.893718 8.258029 -24.684341
v -0.892995 8.253737 -24.656013
v -0.893907 8.243820 -24.633366
v -0.867474 8.247523 -24.684341
v -0.868766 8.243768 -24.657021
v -0.866408 8.232101 -24.636086
v -0.893632 8.187646 -24.599907
v -0.866336 8.187646 -24.612507
v -0.919257 8.210519 -24.599907
v -0.892836 8.211125 -24.605053
v -0.868338 8.210361 -24.616951
v -0.919257 8.231138 -24.612507
v -0.893837 8.230174 -24.617014
v -0.873175 8.226804 -24.625444
v -0.823954 8.210519 -24.684341
v -0.842779 8.231138 -24.684341
v -0.822536 8.187646 -24.656900
v -0.831619 8.211258 -24.656174
v -0.848606 8.230136 -24.657091
v -0.840961 8.187646 -24.632164
v -0.848056 8.210419 -24.633322
v -0.919458 8.153943 -24.818840
v -0.819540 8.153943 -24.730061
v -0.894768 8.153943 -24.814495
v -0.868315 8.153943 -24.801886
v -0.843809 8.153943 -24.782244
v -0.826103 8.153943 -24.757496
v -0.919257 8.261652 -24.730061
v -0.815574 8.187646 -24.730061
v -0.919257 8.187646 -24.818840
v -0.893718 8.258029 -24.730061
v -0.867474 8.247523 -24.730061
v -0.919257 8.258029 -24.757500
v -0.892837 8.253737 -24.758228
v -0.868818 8.243820 -24.757309
v -0.919257 8.247523 -24.782234
v -0.893837 8.243768 -24.781078
v -0.822536 8.187646 -24.757500
v -0.840961 8.187646 -24.782234
v -0.823954 8.210519 -24.730061
v -0.831612 8.211125 -24.758385
v -0.847971 8.210361 -24.781033
v -0.842779 8.231138 -24.730061
v -0.848688 8.230174 -24.757380
v -0.866194 8.231813 -24.778517
v -0.919257 8.210519 -24.814495
v -0.919257 8.231138 -24.801891
v -0.893632 8.187646 -24.814495
v -0.892994 8.211258 -24.809345
v -0.893907 8.230136 -24.797449
v -0.866336 8.187646 -24.801891
v -0.868286 8.210419 -24.797386
v -0.873175 8.226804 -24.788956
v -1.238193 8.164514 -24.595558
v -1.232412 8.153943 -24.595558
v -1.237235 8.158611 -24.595558
v -1.238193 8.164514 -24.818840
v -1.235389 8.155539 -24.818840
v -0.956277 8.163877 -24.791183
v -0.983919 8.163877 -24.788273
v -1.009675 8.163877 -24.779736
v -1.031794 8.163877 -24.766157
v -1.048766 8.163877 -24.748461
v -1.059434 8.163877 -24.727852
v -1.063074 8.163877 -24.705738
v -1.059434 8.163877 -24.683622
v -1.048766 8.163877 -24.663013
v -1.031794 8.163877 -24.645317
v -1.009676 8.163877 -24.631739
v -0.983919 8.163877 -24.623203
v -0.956277 8.163877 -24.620291
v -0.928636 8.163877 -24.623203
v -0.902880 8.163877 -24.631739
v -0.880761 8.163877 -24.645317
v -0.863789 8.163877 -24.663013
v -0.853120 8.163877 -24.683622
v -0.849481 8.163877 -24.705738
v -0.853120 8.163877 -24.727852
v -0.863789 8.163877 -24.748461
v -0.880761 8.163877 -24.766157
v -0.902880 8.163877 -24.779736
v -0.928636 8.163877 -24.788273
v -0.956277 8.153335 -24.791183
v -0.965601 8.124174 -24.762161
v -0.956277 8.138272 -24.779385
v -0.983919 8.153335 -24.788273
v -0.980101 8.138272 -24.776875
v -0.975227 8.114405 -24.743052
v -1.009675 8.153335 -24.779736
v -1.002302 8.138272 -24.769516
v -0.999984 8.124792 -24.751820
v -1.031794 8.153335 -24.766157
v -1.021365 8.138272 -24.757812
v -0.998278 8.113461 -24.725605
v -0.982140 8.105848 -24.714260
v -1.048766 8.153335 -24.748461
v -1.035993 8.138272 -24.742561
v -1.022885 8.124782 -24.728197
v -1.059434 8.153335 -24.727852
v -1.045188 8.138272 -24.724800
v -1.063074 8.153335 -24.705738
v -1.048325 8.138272 -24.705738
v -1.028947 8.125350 -24.705738
v -1.007365 8.114902 -24.700375
v -1.059434 8.153335 -24.683622
v -1.045188 8.138272 -24.686676
v -1.022884 8.124782 -24.683277
v -0.979618 8.105900 -24.694202
v -1.048766 8.153335 -24.663013
v -1.035993 8.138272 -24.668915
v -0.996009 8.114401 -24.681017
v -1.031794 8.153335 -24.645317
v -1.021365 8.138272 -24.653662
v -0.999984 8.124792 -24.659657
v -1.009676 8.153335 -24.631739
v -1.002302 8.138272 -24.641958
v -0.975227 8.114405 -24.668423
v -0.959893 8.105829 -24.683880
v -0.983919 8.153335 -24.623203
v -0.980101 8.138272 -24.634602
v -0.965601 8.124174 -24.649315
v -0.956277 8.153335 -24.620291
v -0.956277 8.138272 -24.632092
v -0.949815 8.114022 -24.666569
v -0.928636 8.153335 -24.623203
v -0.932454 8.138272 -24.634602
v -0.928999 8.124794 -24.652161
v -0.902880 8.153335 -24.631739
v -0.910254 8.138272 -24.641958
v -0.925893 8.114403 -24.673630
v -0.940197 8.105929 -24.688223
v -0.880761 8.153335 -24.645317
v -0.891190 8.138272 -24.653662
v -0.899164 8.124787 -24.670277
v -0.863789 8.153335 -24.663013
v -0.876562 8.138272 -24.668915
v -0.909917 8.114400 -24.690069
v -0.929584 8.105917 -24.700035
v -0.853120 8.153335 -24.683622
v -0.867367 8.138272 -24.686676
v -0.886084 8.125350 -24.690689
v -0.849481 8.153335 -24.705738
v -0.864230 8.138272 -24.705738
v -0.889546 8.121826 -24.705736
v -0.853120 8.153335 -24.727852
v -0.956284 8.102710 -24.705736
v -0.867367 8.138272 -24.724800
v -0.886084 8.125350 -24.720787
v -0.909919 8.114398 -24.721407
v -0.934833 8.105837 -24.719828
v -0.863789 8.153335 -24.748461
v -0.876562 8.138272 -24.742561
v -0.899164 8.124786 -24.741196
v -0.880761 8.153335 -24.766157
v -0.891190 8.138272 -24.757812
v -0.925892 8.114404 -24.737846
v -0.902880 8.153335 -24.779736
v -0.910254 8.138272 -24.769516
v -0.928999 8.124794 -24.759315
v -0.928636 8.153335 -24.788273
v -0.932454 8.138272 -24.776875
v -0.949815 8.114022 -24.744905
v -0.959893 8.105829 -24.727594
v -1.817518 8.374628 -24.691631
v -1.832252 8.374657 -24.673817
v -1.886722 4.362546 -24.733147
v -1.844560 4.362546 -24.667664
v 1.906763 4.090569 -24.619322
v 1.923881 4.090569 -24.621008
v 1.940341 4.090569 -24.626001
v 1.955510 4.090569 -24.634109
v 1.968806 4.090569 -24.645020
v 1.979718 4.090569 -24.658318
v 1.987826 4.090569 -24.673487
v 1.992819 4.090569 -24.689945
v 1.994505 4.090569 -24.707064
v 1.992819 4.090569 -24.724182
v 1.987826 4.090569 -24.740641
v 1.979718 4.090569 -24.755810
v 1.968806 4.090569 -24.769108
v 1.955510 4.090569 -24.780018
v 1.940341 4.090569 -24.788128
v 1.923881 4.090569 -24.793119
v 1.906763 4.090569 -24.794806
v 1.889646 4.090569 -24.793119
v 1.873186 4.090569 -24.788128
v 1.858017 4.090569 -24.780018
v 1.844721 4.090569 -24.769108
v 1.833809 4.090569 -24.755810
v 1.825701 4.090569 -24.740643
v 1.820708 4.090569 -24.724182
v 1.819022 4.090569 -24.707064
v 1.820708 4.090569 -24.689945
v 1.825701 4.090569 -24.673487
v 1.833809 4.090569 -24.658318
v 1.844721 4.090569 -24.645021
v 1.858017 4.090569 -24.634109
v 1.873186 4.090569 -24.626001
v 1.911561 4.362546 -24.666340
v 1.925911 4.362546 -24.670771
v 1.947377 4.362546 -24.700745
v 1.946356 4.362546 -24.717104
v 1.938585 4.362546 -24.732683
v 1.926312 4.362546 -24.742870
v 1.911076 4.362546 -24.747585
v 1.880683 4.362546 -24.738358
v 1.871707 4.362546 -24.727673
v 1.866185 4.362546 -24.711159
v 1.867330 4.362546 -24.696751
v 1.875101 4.362546 -24.681171
v 1.887374 4.362546 -24.670986
v 1.898906 4.362546 -24.667023
v 1.906763 4.317020 -24.619322
v 1.923881 4.317020 -24.621008
v 1.914905 4.333443 -24.624409
v 1.949138 4.316601 -24.629795
v 1.946047 4.333444 -24.633572
v 1.968806 4.317020 -24.645020
v 1.979718 4.317020 -24.658318
v 1.971329 4.333678 -24.654930
v 1.991519 4.317070 -24.682968
v 1.986261 4.333487 -24.682552
v 1.994368 4.316601 -24.716640
v 1.989611 4.333395 -24.707064
v 1.987826 4.317020 -24.740641
v 1.986261 4.333487 -24.731575
v 1.979718 4.317020 -24.755810
v 1.961935 4.316601 -24.775784
v 1.971329 4.333678 -24.759197
v 1.952791 4.333395 -24.775949
v 1.940341 4.317020 -24.788126
v 1.923881 4.317020 -24.793119
v 1.930129 4.333682 -24.786833
v 1.906763 4.317020 -24.794806
v 1.880280 4.316601 -24.791117
v 1.897972 4.333678 -24.789581
v 1.875059 4.333395 -24.783606
v 1.858017 4.317020 -24.780018
v 1.838046 4.316601 -24.762238
v 1.853153 4.333229 -24.770760
v 1.837878 4.333395 -24.753092
v 1.825701 4.317020 -24.740643
v 1.820708 4.317020 -24.724182
v 1.827421 4.333909 -24.731133
v 1.819159 4.316601 -24.697485
v 1.823692 4.332978 -24.698883
v 1.825701 4.317020 -24.673487
v 1.830222 4.333395 -24.675360
v 1.833809 4.317020 -24.658318
v 1.844721 4.317020 -24.645021
v 1.843066 4.333229 -24.653454
v 1.858017 4.317020 -24.634109
v 1.882088 4.316601 -24.622463
v 1.867678 4.333909 -24.633942
v 1.890601 4.333395 -24.625809
v 1.912373 4.362549 -24.650108
v 1.939927 4.362555 -24.660009
v 1.959806 4.362554 -24.685093
v 1.963718 4.362549 -24.712673
v 1.957069 4.362548 -24.733952
v 1.943070 4.362549 -24.751303
v 1.916586 4.362556 -24.763786
v 1.884793 4.362555 -24.760105
v 1.862524 4.362549 -24.743370
v 1.850041 4.362556 -24.716885
v 1.852178 4.362548 -24.690506
v 1.862524 4.362549 -24.670757
v 1.884793 4.362554 -24.654022
v 1.907854 8.374628 -24.665955
v 1.926733 8.374628 -24.671234
v 1.938381 8.374628 -24.681044
v 1.945693 8.374628 -24.694210
v 1.946757 8.374628 -24.716965
v 1.937970 8.374628 -24.733398
v 1.925470 8.374628 -24.743298
v 1.904339 8.374628 -24.748158
v 1.875360 8.374624 -24.733124
v 1.866114 8.374628 -24.710217
v 1.868335 8.374628 -24.693436
v 1.875716 8.374628 -24.680454
v 1.888216 8.374628 -24.670559
v 1.889646 4.090569 -24.621008
v 1.912105 8.383299 -24.648514
v 1.917082 8.374622 -24.655453
v 1.939257 8.374626 -24.665985
v 1.933619 8.383432 -24.654648
v 1.948200 8.383444 -24.665569
v 1.952979 8.374625 -24.682266
v 1.958312 8.383554 -24.678612
v 1.958733 8.374626 -24.701817
v 1.964207 8.383444 -24.695517
v 1.957073 8.374626 -24.721207
v 1.965389 8.383432 -24.711658
v 1.944968 8.374620 -24.743198
v 1.959122 8.383432 -24.733704
v 1.948200 8.383444 -24.748283
v 1.922876 8.374626 -24.756626
v 1.934739 8.383411 -24.758636
v 1.900011 8.374624 -24.758938
v 1.912827 8.383411 -24.765377
v 1.895432 8.383444 -24.764292
v 1.873583 8.374646 -24.746849
v 1.878011 8.383392 -24.756359
v 1.865486 8.383444 -24.748283
v 1.860706 8.374624 -24.731588
v 1.855375 8.383554 -24.735245
v 1.854953 8.374626 -24.712040
v 1.848435 8.383297 -24.713223
v 1.856613 8.374626 -24.692646
v 1.849479 8.383444 -24.695517
v 1.868718 8.374620 -24.670654
v 1.855375 8.383555 -24.678612
v 1.869995 8.383297 -24.661175
v 1.891657 8.374624 -24.656866
v 1.890471 8.383555 -24.650511
v 1.918253 8.518492 -24.649563
v 1.901732 8.527309 -24.655037
v 1.935158 8.518380 -24.655458
v 1.921122 8.527311 -24.656698
v 1.952595 8.518639 -24.670078
v 1.943113 8.527319 -24.668804
v 1.963259 8.518380 -24.690556
v 1.956903 8.527311 -24.691742
v 1.965330 8.518492 -24.706928
v 1.962847 8.518380 -24.724657
v 1.958712 8.527311 -24.712957
v 1.951909 8.518639 -24.744612
v 1.950478 8.527317 -24.736084
v 1.933907 8.518380 -24.759066
v 1.931504 8.527311 -24.753063
v 1.912062 8.518639 -24.765442
v 1.911953 8.527310 -24.758816
v 1.895432 8.518492 -24.764292
v 1.868601 8.518764 -24.751205
v 1.892924 8.527317 -24.756983
v 1.854563 8.518503 -24.733704
v 1.867899 8.527308 -24.741852
v 1.848316 8.518381 -24.711979
v 1.855081 8.527327 -24.717222
v 1.850578 8.518637 -24.690371
v 1.857146 8.527311 -24.690895
v 1.861089 8.518639 -24.670078
v 1.866538 8.527310 -24.673851
v 1.878526 8.518380 -24.655458
v 1.882182 8.527311 -24.660791
v 1.900546 8.518639 -24.648520
v 1.871907 8.051050 -24.677675
v 1.872199 8.067584 -24.681133
v 1.872401 8.079935 -24.692043
v 1.872449 8.083186 -24.712627
v 1.872286 8.072581 -24.730217
v 1.872018 8.057234 -24.735771
v 1.871818 8.046085 -24.734638
v 1.871569 8.031517 -24.725361
v 1.871470 8.025472 -24.706863
v 1.871570 8.031565 -24.688421
v 1.516709 8.208235 -24.678123
v 1.583451 8.197976 -24.677181
v 1.224214 8.203205 -24.678164
v 1.223963 8.216677 -24.683067
v 1.223751 8.227993 -24.698391
v 1.223757 8.227725 -24.714848
v 1.223853 8.222572 -24.724907
v 1.224014 8.213964 -24.732224
v 1.224214 8.203214 -24.735691
v 1.224425 8.191956 -24.734776
v 1.224612 8.181908 -24.729628
v 1.224749 8.174589 -24.721020
v 1.224816 8.171015 -24.709772
v 1.224775 8.173207 -24.695099
v 1.224612 8.181903 -24.684231
v 1.224425 8.191948 -24.679081
v 1.640544 8.178715 -24.677174
v 1.636306 8.192558 -24.680573
v 1.603797 8.203064 -24.680569
v 1.636949 8.201667 -24.687990
v 1.604069 8.212240 -24.688015
v 1.637388 8.207176 -24.698240
v 1.604206 8.216700 -24.695675
v 1.603112 8.219257 -24.703995
v 1.636870 8.208580 -24.709812
v 1.604437 8.217745 -24.715534
v 1.637046 8.205051 -24.720886
v 1.604096 8.212233 -24.725842
v 1.636418 8.197709 -24.729900
v 1.603836 8.203054 -24.733284
v 1.636219 8.187042 -24.735498
v 1.583442 8.197977 -24.736675
v 1.625896 8.179981 -24.736744
v 1.567491 8.192646 -24.736130
v 1.632490 8.164736 -24.733299
v 1.579713 8.183672 -24.734371
v 1.599525 8.170358 -24.730007
v 1.630839 8.155983 -24.725807
v 1.598637 8.163066 -24.720968
v 1.628777 8.150126 -24.712223
v 1.598230 8.160311 -24.712616
v 1.629999 8.150681 -24.698307
v 1.595791 8.160445 -24.703838
v 1.598342 8.161983 -24.695656
v 1.630928 8.155983 -24.688011
v 1.598931 8.166288 -24.688015
v 1.634297 8.166713 -24.679062
v 1.579782 8.180964 -24.680592
v 1.568244 8.210451 -24.680122
v 1.532232 8.216254 -24.682070
v 1.570402 8.219868 -24.687946
v 1.532987 8.222885 -24.687872
v 1.570485 8.225388 -24.698235
v 1.533146 8.227268 -24.695419
v 1.569716 8.226653 -24.709850
v 1.531447 8.229612 -24.703983
v 1.533198 8.228986 -24.712839
v 1.570447 8.223139 -24.721031
v 1.533112 8.226158 -24.721100
v 1.570370 8.215698 -24.730055
v 1.532697 8.218731 -24.730125
v 1.564204 8.209036 -24.734489
v 1.516644 8.208238 -24.735731
v 1.569066 8.177771 -24.730062
v 1.536716 8.185490 -24.733322
v 1.568600 8.170385 -24.721035
v 1.535653 8.176491 -24.725883
v 1.535252 8.172100 -24.718206
v 1.567702 8.167130 -24.709862
v 1.534883 8.169905 -24.709866
v 1.568475 8.168143 -24.698246
v 1.535307 8.171011 -24.698299
v 1.568794 8.173633 -24.687944
v 1.535664 8.176489 -24.687977
v 1.536750 8.185487 -24.680534
v 1.567437 8.192655 -24.677727
v 1.890900 7.975363 -24.744740
v 1.875716 7.975363 -24.733398
v 1.867955 7.975363 -24.719475
v 1.866114 7.975363 -24.703638
v 1.870474 7.975363 -24.688301
v 1.880370 7.975363 -24.675800
v 1.891273 7.975363 -24.669338
v 1.880370 8.134817 -24.738052
v 1.870474 8.134817 -24.725554
v 1.866114 8.134817 -24.710217
v 1.867955 8.134817 -24.694382
v 1.875716 8.134817 -24.680454
v 1.890900 8.134817 -24.669113
v 1.891273 8.134817 -24.744514
v 1.886377 8.134817 -24.753675
v 1.886377 7.975363 -24.753675
v 1.886377 7.975363 -24.660179
v 1.873538 7.975363 -24.667927
v 1.858608 7.975363 -24.688339
v 1.855893 7.975363 -24.712849
v 1.862037 7.975363 -24.731895
v 1.874924 7.975363 -24.747070
v 1.873538 8.134817 -24.745928
v 1.858608 8.134817 -24.725513
v 1.855893 8.134817 -24.701004
v 1.862037 8.134817 -24.681959
v 1.874924 8.134817 -24.666782
v 1.886377 8.134817 -24.660179
v 1.275147 8.187646 -24.818569
v 1.229114 8.259678 -24.752110
v 1.260532 8.210515 -24.814224
v 1.247347 8.231146 -24.801613
v 1.236884 8.247518 -24.781971
v 1.227852 8.261652 -24.684067
v 1.275147 8.187646 -24.595287
v 1.230166 8.258031 -24.656631
v 1.236884 8.247518 -24.631884
v 1.247347 8.231146 -24.612242
v 1.260532 8.210515 -24.599632
v 0.871276 8.153943 -24.729786
v 0.971194 8.153943 -24.818569
v 0.877839 8.153943 -24.757221
v 0.895545 8.153943 -24.781971
v 0.920051 8.153943 -24.801613
v 0.946504 8.153943 -24.814224
v 0.970993 8.261652 -24.729786
v 0.970993 8.187646 -24.818569
v 0.867310 8.187646 -24.729786
v 0.970993 8.258029 -24.757227
v 0.970993 8.247523 -24.781963
v 0.945454 8.258029 -24.729786
v 0.944731 8.253737 -24.758114
v 0.945643 8.243820 -24.780762
v 0.919210 8.247523 -24.729786
v 0.920502 8.243768 -24.757107
v 0.918144 8.232101 -24.778042
v 0.945369 8.187646 -24.814220
v 0.918072 8.187646 -24.801620
v 0.970993 8.210519 -24.814220
v 0.944572 8.211125 -24.809074
v 0.920074 8.210361 -24.797176
v 0.970993 8.231138 -24.801620
v 0.945574 8.230174 -24.797113
v 0.924911 8.226804 -24.788683
v 0.875690 8.210519 -24.729786
v 0.894515 8.231138 -24.729786
v 0.874273 8.187646 -24.757227
v 0.883355 8.211258 -24.757954
v 0.900342 8.230136 -24.757036
v 0.892697 8.187646 -24.781963
v 0.899792 8.210419 -24.780806
v 0.971194 8.153943 -24.595287
v 0.871276 8.153943 -24.684067
v 0.946504 8.153943 -24.599632
v 0.920051 8.153943 -24.612242
v 0.895545 8.153943 -24.631884
v 0.877839 8.153943 -24.656631
v 0.970993 8.261652 -24.684067
v 0.867310 8.187646 -24.684067
v 0.970993 8.187646 -24.595287
v 0.945454 8.258029 -24.684067
v 0.919210 8.247523 -24.684067
v 0.970993 8.258029 -24.656628
v 0.944573 8.253737 -24.655899
v 0.920554 8.243820 -24.656818
v 0.970993 8.247523 -24.631893
v 0.945574 8.243768 -24.633049
v 0.874273 8.187646 -24.656628
v 0.892697 8.187646 -24.631893
v 0.875690 8.210519 -24.684067
v 0.883349 8.211125 -24.655743
v 0.899707 8.210361 -24.633095
v 0.894515 8.231138 -24.684067
v 0.900424 8.230174 -24.656748
v 0.917930 8.231813 -24.635611
v 0.970993 8.210519 -24.599632
v 0.970993 8.231138 -24.612236
v 0.945369 8.187646 -24.599632
v 0.944731 8.211258 -24.604782
v 0.945643 8.230136 -24.616678
v 0.918072 8.187646 -24.612236
v 0.920022 8.210419 -24.616741
v 0.924911 8.226804 -24.625172
v 1.289929 8.164514 -24.818569
v 1.284148 8.153943 -24.818569
v 1.288971 8.158611 -24.818569
v 1.289929 8.164514 -24.595287
v 1.287125 8.155539 -24.595287
v 1.008013 8.163877 -24.622944
v 1.035655 8.163877 -24.625854
v 1.061412 8.163877 -24.634392
v 1.083530 8.163877 -24.647970
v 1.100502 8.163877 -24.665667
v 1.111171 8.163877 -24.686275
v 1.114810 8.163877 -24.708389
v 1.111171 8.163877 -24.730505
v 1.100502 8.163877 -24.751114
v 1.083530 8.163877 -24.768810
v 1.061412 8.163877 -24.782389
v 1.035655 8.163877 -24.790924
v 1.008013 8.163877 -24.793837
v 0.980373 8.163877 -24.790924
v 0.954616 8.163877 -24.782389
v 0.932497 8.163877 -24.768810
v 0.915526 8.163877 -24.751114
v 0.904856 8.163877 -24.730505
v 0.901218 8.163877 -24.708389
v 0.904856 8.163877 -24.686275
v 0.915526 8.163877 -24.665667
v 0.932497 8.163877 -24.647970
v 0.954616 8.163877 -24.634392
v 0.980373 8.163877 -24.625854
v 1.008013 8.153335 -24.622944
v 1.017337 8.124174 -24.651966
v 1.008013 8.138272 -24.634743
v 1.035655 8.153335 -24.625854
v 1.031837 8.138272 -24.637253
v 1.026963 8.114405 -24.671076
v 1.061412 8.153335 -24.634392
v 1.054038 8.138272 -24.644611
v 1.051720 8.124792 -24.662308
v 1.083530 8.153335 -24.647970
v 1.073101 8.138272 -24.656315
v 1.050014 8.113461 -24.688522
v 1.033876 8.105848 -24.699867
v 1.100502 8.153335 -24.665667
v 1.087729 8.138272 -24.671566
v 1.074621 8.124782 -24.685930
v 1.111171 8.153335 -24.686275
v 1.096925 8.138272 -24.689327
v 1.114810 8.153335 -24.708389
v 1.100061 8.138272 -24.708389
v 1.080683 8.125350 -24.708389
v 1.059102 8.114902 -24.713753
v 1.111171 8.153335 -24.730505
v 1.096925 8.138272 -24.727451
v 1.074620 8.124782 -24.730850
v 1.031354 8.105900 -24.719925
v 1.100502 8.153335 -24.751114
v 1.087729 8.138272 -24.745213
v 1.047745 8.114401 -24.733110
v 1.083530 8.153335 -24.768810
v 1.073101 8.138272 -24.760466
v 1.051720 8.124792 -24.754471
v 1.061412 8.153335 -24.782389
v 1.054038 8.138272 -24.772169
v 1.026963 8.114405 -24.745705
v 1.011629 8.105829 -24.730247
v 1.035655 8.153335 -24.790924
v 1.031837 8.138272 -24.779526
v 1.017337 8.124174 -24.764812
v 1.008013 8.153335 -24.793837
v 1.008013 8.138272 -24.782036
v 1.001551 8.114022 -24.747559
v 0.980373 8.153335 -24.790924
v 0.984190 8.138272 -24.779526
v 0.980735 8.124794 -24.761967
v 0.954616 8.153335 -24.782389
v 0.961990 8.138272 -24.772169
v 0.977629 8.114403 -24.740498
v 0.991933 8.105929 -24.725904
v 0.932497 8.153335 -24.768810
v 0.942926 8.138272 -24.760466
v 0.950900 8.124787 -24.743851
v 0.915526 8.153335 -24.751114
v 0.928298 8.138272 -24.745213
v 0.961653 8.114400 -24.724058
v 0.981320 8.105917 -24.714092
v 0.904856 8.153335 -24.730505
v 0.919103 8.138272 -24.727451
v 0.937821 8.125350 -24.723438
v 0.901218 8.153335 -24.708389
v 0.915966 8.138272 -24.708389
v 0.941282 8.121826 -24.708391
v 0.904856 8.153335 -24.686275
v 1.008020 8.102710 -24.708391
v 0.919103 8.138272 -24.689327
v 0.937821 8.125350 -24.693340
v 0.961655 8.114398 -24.692720
v 0.986570 8.105837 -24.694300
v 0.915526 8.153335 -24.665667
v 0.928298 8.138272 -24.671566
v 0.950900 8.124786 -24.672932
v 0.932497 8.153335 -24.647970
v 0.942926 8.138272 -24.656315
v 0.977628 8.114404 -24.676281
v 0.954616 8.153335 -24.634392
v 0.961990 8.138272 -24.644611
v 0.980735 8.124794 -24.654812
v 0.980373 8.153335 -24.625854
v 0.984190 8.138272 -24.637253
v 1.001551 8.114022 -24.669222
v 1.011629 8.105829 -24.686533
v 1.869254 8.374628 -24.722496
v 1.883989 8.374657 -24.740311
v 1.938459 4.362546 -24.680981
v 1.896296 4.362546 -24.746464
vn -0.1263 0.6851 0.7174
vn -0.2468 0.4826 0.8404
vn 0.0820 0.4812 0.8728
vn 0.2736 0.6868 0.6734
vn -0.4135 0.6826 -0.6025
vn -0.4088 0.4859 -0.7725
vn -0.6828 0.4792 -0.5515
vn 0.2799 0.6783 -0.6794
vn 0.4237 0.4836 -0.7659
vn 0.1628 0.4877 -0.8577
vn 0.3447 0.4847 0.8039
vn -0.6735 0.6842 -0.2797
vn 0.5594 0.4702 0.6826
vn -0.8395 0.4776 -0.2592
vn -0.7312 0.6799 0.0561
vn -0.8361 0.4782 0.2689
vn -0.6471 0.6793 0.3461
vn 0.7200 0.6807 0.1350
vn 0.8403 0.4811 0.2498
vn 0.8765 0.4754 -0.0758
vn 0.7028 0.6769 -0.2189
vn -0.5502 -0.0011 -0.8351
vn -0.4718 0.1547 -0.8680
vn -0.3919 -0.0008 -0.9200
vn -0.9821 0.0002 -0.1886
vn -0.9525 0.1428 -0.2689
vn -0.9281 -0.0006 -0.3723
vn -0.9820 -0.0011 0.1887
vn -0.9858 0.1417 0.0899
vn -1.0000 0.0002 0.0021
vn -0.5609 -0.0011 0.8279
vn -0.6186 0.1467 0.7719
vn -0.7000 -0.0008 0.7141
vn 0.3767 -0.0011 0.9263
vn 0.2992 0.1454 0.9431
vn 0.2048 -0.0008 0.9788
vn 0.8279 -0.0011 0.5609
vn 0.7735 0.1435 0.6174
vn 0.7141 -0.0008 0.7000
vn 0.9820 -0.0011 -0.1887
vn 0.9843 0.1464 -0.0988
vn 1.0000 -0.0008 -0.0099
vn 0.2014 -0.0011 -0.9795
vn 0.2758 0.1459 -0.9501
vn 0.3735 -0.0008 -0.9276
vn -0.8364 0.1424 -0.5294
vn -0.6848 0.1475 -0.7136
vn -0.9126 0.1476 0.3812
vn -0.4755 0.4890 0.7313
vn -0.6879 0.4793 0.5449
vn -0.1790 0.1507 0.9722
vn -0.3949 0.1380 0.9083
vn 0.0003 1.0000 0.0003
vn 0.0004 1.0000 0.0002
vn 0.0003 1.0000 0.0001
vn 0.0002 1.0000 0.0001
vn 0.0001 1.0000 -0.0000
vn 0.0001 1.0000 -0.0001
vn 0.0001 1.0000 -0.0002
vn 0.0001 1.0000 -0.0003
vn -0.0000 1.0000 -0.0005
vn -0.0001 1.0000 -0.0003
vn -0.0002 1.0000 -0.0001
vn -0.0004 1.0000 -0.0001
vn -0.0004 1.0000 -0.0002
vn -0.0002 1.0000 0.0003
vn -0.0001 1.0000 0.0003
vn -0.7950 -0.0002 -0.6066
vn -0.9619 0.0002 -0.2734
vn -0.7692 -0.0000 -0.6390
vn 0.8724 -0.0002 0.4887
vn 0.7655 0.0001 0.6435
vn 0.6253 -0.0001 0.7804
vn 0.9265 0.0001 0.3764
vn -0.9657 -0.0001 0.2595
vn -0.9754 0.0002 0.2204
vn -0.9837 -0.0002 -0.1797
vn 0.2738 -0.0002 0.9618
vn 0.0554 0.0002 0.9985
vn -0.0909 -0.0001 0.9959
vn -0.8957 -0.0063 0.4446
vn -0.9493 0.0060 0.3143
vn -0.9962 -0.0036 0.0869
vn -0.7135 -0.0013 0.7006
vn -0.7626 0.0050 0.6468
vn 0.8290 -0.3109 -0.4649
vn 0.7807 0.0076 -0.6248
vn 0.9609 0.0047 -0.2769
vn 0.5815 -0.3043 -0.7545
vn 0.4808 0.0075 -0.8768
vn 0.2820 -0.0073 -0.9594
vn 0.1217 0.0061 -0.9925
vn -0.8787 -0.0047 -0.4773
vn -0.7715 0.0047 -0.6362
vn -0.7093 -0.0017 -0.7049
vn -0.9771 -0.0026 -0.2129
vn -0.9586 0.0038 -0.2846
vn -0.0000 -1.0000 0.0003
vn 0.0001 -1.0000 0.0004
vn -0.0000 -1.0000 0.0004
vn 0.0002 -1.0000 -0.0007
vn 0.0003 -1.0000 -0.0009
vn 0.0001 -1.0000 -0.0002
vn -0.0000 -1.0000 0.0002
vn -0.0001 -1.0000 0.0004
vn -0.0005 -1.0000 0.0011
vn -0.0004 -1.0000 0.0006
vn -0.0004 -1.0000 -0.0001
vn -0.0002 -1.0000 -0.0002
vn -0.0001 -1.0000 0.0003
vn 0.0003 -1.0000 -0.0002
vn 0.0004 -1.0000 -0.0004
vn 0.0003 -1.0000 -0.0004
vn -0.5863 -0.5549 0.5902
vn -0.5795 -0.6006 0.5508
vn -0.3764 -0.6158 0.6922
vn -0.2476 -0.6021 0.7591
vn -0.0888 -0.6040 0.7920
vn 0.1382 -0.6049 0.7842
vn 0.2195 -0.5889 0.7778
vn 0.3659 -0.5922 0.7179
vn 0.4849 -0.5917 0.6440
vn 0.5650 -0.5892 0.5776
vn 0.7966 -0.5871 -0.1439
vn 0.7680 -0.6020 -0.2187
vn -0.2186 0.6021 -0.7679
vn -0.1439 0.5872 -0.7965
vn -0.3845 0.6063 -0.6961
vn -0.7939 0.6016 0.0884
vn -0.8069 0.5905 -0.0157
vn -0.7552 0.6062 0.2494
vn -0.6706 0.5887 0.4514
vn 0.5835 0.6122 0.5336
vn 0.4806 0.6105 0.6295
vn 0.8427 0.3132 0.4380
vn 0.7974 0.5826 0.1572
vn 0.9528 0.2944 0.0737
vn -0.1063 -0.0045 -0.9943
vn -0.1831 0.0015 -0.9831
vn -0.0364 0.0559 0.9978
vn 0.0169 -0.0701 0.9974
vn -0.1347 0.2905 0.9474
vn 0.1097 -0.2298 -0.9670
vn 0.1431 -0.3612 -0.9214
vn 0.3759 -0.7448 -0.5514
vn 0.1879 -0.3755 0.9076
vn 0.1811 -0.4395 0.8798
vn -0.0215 0.5456 -0.8378
vn -0.0004 0.2686 -0.9632
vn -0.0675 0.4650 -0.8827
vn 0.3829 -0.7565 0.5303
vn 0.2993 -0.7356 0.6077
vn 0.3668 -0.9126 0.1805
vn -0.4639 0.8634 0.1985
vn -0.3524 0.8216 0.4481
vn -0.3873 0.9182 0.0828
vn -0.2924 0.5395 0.7896
vn -0.2639 0.6065 0.7500
vn 0.3674 -0.8883 -0.2754
vn 0.4520 -0.8920 -0.0014
vn -0.0363 0.8755 0.4818
vn 0.0048 0.7847 0.6198
vn 0.0049 0.9680 0.2509
vn -0.0233 0.6326 0.7742
vn 0.0052 0.4883 0.8727
vn 0.0357 -0.7737 -0.6326
vn 0.0055 -0.9206 -0.3904
vn 0.0429 -0.9543 -0.2957
vn 0.0050 0.1338 -0.9910
vn -0.0310 0.1370 -0.9901
vn -0.0009 0.2837 0.9589
vn 0.0047 0.1153 0.9933
vn 0.0192 -0.4958 -0.8682
vn 0.0058 -0.6310 -0.7758
vn 0.0067 0.6006 -0.7996
vn -0.0333 0.7724 -0.6342
vn 0.0211 -0.1729 -0.9847
vn 0.0046 -0.2729 -0.9620
vn 0.0215 -0.4910 0.8709
vn 0.0054 -0.6194 0.7850
vn 0.0046 -0.2727 0.9621
vn -0.0376 0.9239 -0.3807
vn 0.0061 0.9557 -0.2943
vn -0.0297 0.9938 -0.1070
vn 0.0395 -0.7613 0.6472
vn 0.0050 -0.8792 0.4765
vn -0.2569 0.9630 -0.0814
vn -0.1430 0.9445 -0.2956
vn -0.2444 0.8954 -0.3723
vn -0.3747 0.8812 -0.2882
vn -0.1426 0.9846 0.1012
vn -0.2515 0.9253 0.2839
vn -0.1293 0.8735 0.4693
vn -0.2062 0.7525 0.6254
vn -0.1009 0.6461 0.7565
vn -0.1304 0.4697 0.8731
vn 0.0882 -0.6442 0.7598
vn 0.0813 -0.3602 0.9293
vn 0.1915 -0.6397 0.7443
vn 0.2439 -0.8463 0.4737
vn 0.1607 -0.9821 0.0984
vn 0.2725 -0.9431 0.1905
vn 0.2604 -0.9603 -0.1002
vn 0.2546 -0.8910 -0.3758
vn 0.1607 -0.9416 -0.2958
vn 0.1144 -0.4721 -0.8741
vn 0.1150 -0.7593 -0.6404
vn 0.2125 -0.7400 -0.6381
vn -0.0448 0.3839 0.9223
vn -0.0302 0.1420 0.9894
vn 0.0206 -0.1585 0.9871
vn 0.1404 -0.8702 0.4723
vn -0.5941 -0.0055 0.8044
vn -0.5099 0.0024 0.8603
vn -0.6574 0.0033 0.7536
vn -0.7528 -0.0051 0.6582
vn -0.8901 0.0045 0.4558
vn -0.9517 -0.0045 0.3071
vn -0.9967 0.0045 0.0805
vn -0.9967 -0.0045 -0.0805
vn -0.9517 0.0045 -0.3071
vn -0.8900 -0.0045 -0.4558
vn -0.7528 0.0051 -0.6582
vn -0.6574 -0.0033 -0.7536
vn -0.5941 0.0055 -0.8044
vn 0.9260 -0.0050 -0.3774
vn 0.9949 0.0075 -0.1007
vn 0.9949 -0.0075 0.1007
vn 0.9260 0.0050 0.3774
vn 0.8810 -0.0027 0.4731
vn -0.0000 1.0000 -0.0000
vn -0.0000 -1.0000 -0.0000
vn -0.0001 -1.0000 -0.0000
vn 0.0001 -1.0000 -0.0000
vn 0.4553 0.8503 0.2639
vn 0.4969 0.6953 0.5193
vn 0.6286 0.7158 0.3041
vn -0.0017 0.9757 0.2193
vn 0.0737 0.9622 0.2621
vn 0.0721 0.9949 0.0699
vn -0.1522 -0.8922 -0.4252
vn -0.0600 -0.8197 -0.5697
vn 0.0558 -0.8881 -0.4562
vn -0.0004 -1.0000 -0.0012
vn -0.2262 -0.9661 -0.1242
vn -0.0333 -0.9553 -0.2937
vn -0.3266 -0.9145 -0.2387
vn -0.2866 -0.8362 -0.4676
vn -0.2082 -0.9644 0.1633
vn -0.3876 -0.9205 0.0496
vn -0.4504 -0.8591 0.2431
vn -0.3007 -0.9079 0.2922
vn -0.0333 -0.9547 0.2958
vn -0.2877 -0.8343 0.4702
vn -0.1476 -0.8903 0.4307
vn -0.0600 -0.8197 0.5697
vn 0.0535 -0.8855 0.4615
vn 0.1408 -0.9586 0.2474
vn 0.2283 -0.8998 0.3717
vn 0.1769 -0.8233 0.5393
vn 0.2508 -0.9650 0.0771
vn 0.3534 -0.9175 0.1824
vn 0.3787 -0.8470 0.3731
vn 0.4618 -0.8870 -0.0025
vn 0.4843 -0.8576 0.1731
vn 0.1918 -0.9629 -0.1898
vn 0.4843 -0.8576 -0.1731
vn 0.3515 -0.9196 -0.1753
vn 0.3787 -0.8470 -0.3731
vn 0.2264 -0.8973 -0.3789
vn 0.1769 -0.8233 -0.5393
vn 0.9942 -0.0001 0.1073
vn -0.7800 -0.0000 0.6258
vn 0.7800 -0.0001 -0.6258
vn 0.9516 0.0001 -0.3072
vn 0.9597 -0.0000 -0.2812
vn 0.0165 0.1390 -0.9902
vn 0.0084 0.0006 -1.0000
vn -0.2071 0.0009 -0.9783
vn -0.2166 0.1436 -0.9656
vn 0.5634 0.6732 -0.4789
vn 0.6653 0.4859 -0.5668
vn -0.8769 0.4803 -0.0165
vn 0.5672 0.6835 0.4595
vn 0.7331 0.4889 0.4728
vn 0.8089 0.4840 -0.3339
vn -0.4517 0.6805 0.5769
vn -0.7011 0.0006 -0.7130
vn -0.8390 0.0010 -0.5442
vn -0.9271 0.0006 0.3749
vn -0.8246 0.0009 0.5657
vn -0.8208 0.1482 0.5517
vn -0.3904 0.0006 0.9206
vn -0.1951 -0.0000 0.9808
vn 0.0122 0.0009 0.9999
vn 0.0026 0.1500 0.9887
vn 0.5588 0.0016 0.8293
vn 0.5470 0.1353 0.8261
vn 0.9206 0.0006 0.3904
vn 0.9086 0.1391 0.3938
vn 0.9831 0.0009 0.1830
vn 0.9750 0.1438 0.1697
vn 0.9271 0.0006 -0.3749
vn 0.9158 0.1493 -0.3729
vn 0.8315 -0.0000 -0.5556
vn 0.8267 0.1435 -0.5441
vn 0.7071 -0.0000 -0.7071
vn 0.6897 0.1492 -0.7086
vn 0.5453 0.0009 -0.8382
vn 0.5468 0.1485 -0.8240
vn -0.0780 0.6777 -0.7312
vn -0.0916 0.4842 -0.8702
vn 0.0001 1.0000 0.0003
vn -0.0000 1.0000 0.0003
vn -0.0001 1.0000 -0.0005
vn -0.0002 1.0000 -0.0000
vn -0.0001 1.0000 0.0002
vn 0.9975 0.0001 0.0713
vn 0.5066 0.0002 0.8622
vn -0.7711 -0.0000 0.6368
vn -0.4523 0.0001 0.8919
vn 0.7627 -0.0000 -0.6468
vn -0.0081 0.0001 -1.0000
vn -0.1150 -0.0000 -0.9934
vn -0.4686 0.0001 -0.8834
vn -0.4687 0.0001 -0.8834
vn 0.4571 0.0001 -0.8894
vn 0.4570 0.0001 -0.8894
vn 0.1606 -0.0000 -0.9870
vn 0.8860 0.0016 0.4637
vn 0.9945 0.0007 0.1052
vn -0.9999 0.0027 0.0171
vn 0.9788 -0.0015 -0.2046
vn -0.4619 0.0014 0.8869
vn -0.4605 0.0014 0.8876
vn -0.0004 -1.0000 0.0004
vn -0.0002 -1.0000 0.0002
vn -0.0003 -1.0000 0.0004
vn -0.1133 -0.0002 0.9936
vn -0.1118 -0.0002 0.9937
vn -0.4675 -0.0001 -0.8840
vn -0.4708 -0.0001 -0.8822
vn 0.2518 0.0010 0.9678
vn 0.4836 -0.0015 0.8753
vn 0.6228 0.0027 0.7823
vn 0.6743 -0.0010 0.7385
vn 0.0001 -1.0000 0.0001
vn -0.0002 -1.0000 -0.0001
vn -0.0002 -1.0000 -0.0000
vn 0.0002 -1.0000 -0.0001
vn 0.0002 -1.0000 -0.0002
vn -0.6986 -0.6117 -0.3711
vn -0.6930 -0.6121 -0.3810
vn -0.5820 -0.5908 -0.5588
vn -0.4996 -0.6025 -0.6224
vn -0.3543 -0.6096 -0.7091
vn -0.0408 -0.5894 -0.8068
vn -0.1535 -0.5905 -0.7923
vn -0.7930 -0.6020 -0.0934
vn -0.7884 -0.5881 -0.1803
vn -0.7997 -0.5959 0.0733
vn -0.7708 -0.5956 0.2262
vn -0.7067 -0.6089 0.3603
vn 0.7059 -0.6049 0.3687
vn 0.6991 -0.6059 0.3798
vn 0.7929 -0.6032 0.0865
vn 0.7923 -0.6027 0.0944
vn 0.2315 -0.6248 -0.7457
vn 0.2186 -0.6247 -0.7497
vn 0.5853 -0.5825 -0.5641
vn 0.0945 0.6028 -0.7922
vn 0.0865 0.6033 -0.7928
vn -0.6531 0.5887 -0.4764
vn -0.7497 0.6209 -0.2290
vn -0.7450 0.6212 -0.2430
vn -0.5641 0.5825 -0.5852
vn -0.5992 0.5875 0.5438
vn -0.3700 0.6074 0.7030
vn -0.3817 0.6083 0.6959
vn -0.0767 0.6093 0.7892
vn -0.0864 0.6084 0.7889
vn 0.1816 0.5899 0.7868
vn 0.2596 0.5878 0.7662
vn 0.7622 0.6113 -0.2129
vn 0.7564 0.6091 -0.2387
vn 0.6251 0.5958 -0.5043
vn 0.6195 0.5958 -0.5112
vn 0.3883 0.5951 -0.7036
vn 0.3775 0.5950 -0.7095
vn -0.0394 0.0710 -0.9967
vn -0.2084 0.3853 -0.8990
vn -0.1946 0.4544 -0.8693
vn -0.4118 0.7692 -0.4886
vn -0.3086 0.7287 -0.6113
vn 0.2914 -0.7141 -0.6365
vn 0.0046 -0.9967 0.0808
vn 0.0427 -0.9954 0.0859
vn -0.0386 0.9819 0.1856
vn 0.0428 -0.9206 0.3881
vn 0.9998 -0.0187 -0.0000
vn -0.1334 0.4598 -0.8779
vn -0.2042 0.7470 -0.6327
vn -0.1203 0.7640 -0.6339
vn 0.6588 -0.0018 -0.7524
vn 0.6608 -0.0018 -0.7506
vn 0.5087 -0.0009 -0.8610
vn -0.9999 -0.0172 -0.0000
vn -0.5099 -0.0024 -0.8603
vn 0.8810 0.0027 -0.4731
vn 0.6608 0.0018 0.7506
vn 0.6588 0.0018 0.7524
vn 0.5087 0.0009 0.8610
vn -0.0001 1.0000 -0.0000
vn -0.8870 -0.0007 0.4617
vn -0.8870 0.0007 -0.4617
vn 0.0713 0.9955 -0.0628
vn -0.0015 0.9983 -0.0584
vn -0.0000 0.0601 0.9982
vn -0.0000 0.0001 1.0000
vn 0.0851 -0.0016 0.9964
vn 0.0865 0.0948 0.9917
vn 0.9862 -0.1132 0.1209
vn 0.9862 -0.1132 -0.1209
vn 0.9859 0.1164 -0.1202
vn 0.9859 0.1164 0.1202
vn -0.0020 -1.0000 -0.0028
vn 0.2587 0.9635 0.0687
vn 0.2649 0.9252 0.2718
vn 0.0713 0.8522 0.5184
vn 0.2564 0.8204 0.5110
vn 0.2644 0.6377 0.7235
vn 0.0760 0.6502 0.7560
vn 0.4654 0.8823 0.0702
vn 0.4392 0.5982 0.6702
vn 0.0844 0.3587 0.9296
vn 0.2994 0.0921 0.9497
vn 0.2929 0.3610 0.8854
vn 0.5252 0.0867 0.8465
vn 0.5021 0.3622 0.7853
vn 0.6597 0.4095 0.6302
vn 0.7223 0.0945 0.6851
vn 0.9045 0.1104 0.4119
vn 0.8541 0.5091 0.1064
vn 0.7917 0.4794 0.3787
vn 0.6530 0.7529 0.0820
vn 0.0733 0.9619 -0.2634
vn 0.2585 0.9636 -0.0684
vn 0.2659 0.9250 -0.2713
vn 0.4656 0.8823 -0.0699
vn 0.4553 0.8502 -0.2642
vn 0.6284 0.7159 -0.3043
vn 0.6532 0.7527 -0.0824
vn 0.0718 0.8511 -0.5200
vn 0.2572 0.8202 -0.5111
vn 0.4985 0.6927 -0.5212
vn 0.8540 0.5093 -0.1066
vn 0.9046 0.1101 -0.4117
vn 0.7919 0.4781 -0.3798
vn 0.7222 0.0939 -0.6853
vn 0.6601 0.4086 -0.6303
vn 0.5250 0.0870 -0.8466
vn 0.5020 0.3621 -0.7854
vn 0.4383 0.5983 -0.6707
vn 0.2996 0.0924 -0.9496
vn 0.0865 0.0948 -0.9917
vn 0.0841 0.3585 -0.9297
vn 0.2920 0.3619 -0.8853
vn 0.0757 0.6504 -0.7558
vn 0.2641 0.6376 -0.7237
vn -0.0000 0.9611 -0.2763
vn -0.0000 0.8382 -0.5453
vn -0.0000 0.6188 -0.7855
vn -0.0000 0.3031 -0.9530
vn -0.0000 0.0601 -0.9982
vn 0.9000 -0.0936 -0.4256
vn 0.7150 -0.0604 -0.6965
vn 0.5218 -0.0318 -0.8525
vn 0.2975 -0.0114 -0.9546
vn 0.0852 -0.0017 -0.9964
vn 0.2975 -0.0114 0.9547
vn 0.5218 -0.0318 0.8525
vn 0.7151 -0.0604 0.6965
vn 0.9000 -0.0936 0.4256
vn -0.0003 0.8403 0.5421
vn -0.0000 0.6188 0.7855
vn -0.0000 0.3030 0.9530
vn -0.0000 -0.0000 -1.0000
vn -0.9695 -0.2452 -0.0023
vn -0.6955 -0.7186 0.0041
vn -0.8426 0.5385 -0.0000
vn 0.2109 -0.0000 -0.9775
vn 0.6276 -0.0000 0.7785
vn 0.4217 -0.0000 0.9067
vn -0.8132 -0.0000 0.5819
vn -0.9491 -0.0000 0.3149
vn 0.4217 -0.0000 -0.9067
vn 0.8132 -0.0000 0.5819
vn -0.6276 -0.0000 0.7785
vn 0.9491 -0.0000 0.3149
vn -0.4217 -0.0000 0.9067
vn -0.4217 -0.0000 -0.9067
vn -0.2109 -0.0000 -0.9775
vn -0.6276 -0.0000 -0.7785
vn 1.0000 -0.0000 -0.0000
vn -0.2109 -0.0000 0.9775
vn -0.8132 -0.0000 -0.5819
vn 0.9491 -0.0000 -0.3149
vn -0.0000 -0.0000 1.0000
vn -0.9491 -0.0000 -0.3149
vn 0.8132 -0.0000 -0.5819
vn 0.2109 -0.0000 0.9775
vn -1.0000 -0.0000 -0.0000
vn 0.6276 -0.0000 -0.7785
vn -0.0000 -0.6167 -0.7872
vn 0.0068 -0.6974 -0.7167
vn -0.1560 -0.7023 -0.6945
vn -0.1686 -0.6216 -0.7650
vn -0.2883 -0.7106 -0.6418
vn -0.3314 -0.6354 -0.6974
vn -0.4321 -0.7311 -0.5280
vn -0.4803 -0.6554 -0.5828
vn -0.4480 -0.8624 -0.2359
vn -0.5364 -0.7456 -0.3954
vn -0.6032 -0.6768 -0.4220
vn -0.6183 -0.7590 -0.2041
vn -0.6854 -0.6934 -0.2222
vn -0.4957 -0.8685 -0.0052
vn -0.6389 -0.7693 -0.0000
vn -0.7145 -0.6996 -0.0000
vn -0.6183 -0.7590 0.2041
vn -0.6855 -0.6934 0.2222
vn -0.5364 -0.7456 0.3953
vn -0.6032 -0.6768 0.4220
vn -0.4321 -0.7311 0.5280
vn -0.4803 -0.6554 0.5828
vn -0.2883 -0.7106 0.6419
vn -0.3314 -0.6354 0.6974
vn -0.1560 -0.7024 0.6945
vn -0.1686 -0.6216 0.7650
vn 0.0068 -0.6974 0.7167
vn -0.0000 -0.6167 0.7872
vn 0.1421 -0.6997 0.7002
vn 0.1686 -0.6216 0.7650
vn 0.3006 -0.7140 0.6323
vn 0.3314 -0.6355 0.6974
vn 0.4234 -0.7272 0.5403
vn 0.4803 -0.6554 0.5828
vn 0.5429 -0.7449 0.3879
vn 0.6032 -0.6768 0.4220
vn 0.6132 -0.7625 0.2063
vn 0.6854 -0.6934 0.2222
vn 0.6422 -0.7665 -0.0000
vn 0.7145 -0.6996 -0.0000
vn 0.6132 -0.7625 -0.2063
vn 0.6855 -0.6934 -0.2222
vn 0.5429 -0.7449 -0.3878
vn 0.6032 -0.6768 -0.4220
vn 0.4234 -0.7272 -0.5403
vn 0.4803 -0.6555 -0.5828
vn 0.3006 -0.7140 -0.6323
vn 0.3314 -0.6354 -0.6974
vn 0.1421 -0.6996 -0.7002
vn 0.1686 -0.6216 -0.7650
vn 0.1263 0.6851 -0.7174
vn 0.2468 0.4826 -0.8404
vn -0.0820 0.4812 -0.8728
vn -0.2736 0.6868 -0.6734
vn 0.4135 0.6826 0.6026
vn 0.4088 0.4859 0.7725
vn 0.6828 0.4792 0.5516
vn -0.2799 0.6783 0.6794
vn -0.4237 0.4837 0.7659
vn -0.1628 0.4877 0.8577
vn -0.3447 0.4847 -0.8039
vn 0.6735 0.6842 0.2797
vn -0.5594 0.4702 -0.6826
vn 0.8394 0.4777 0.2592
vn 0.7312 0.6799 -0.0561
vn 0.8361 0.4781 -0.2689
vn 0.6471 0.6793 -0.3461
vn -0.7200 0.6807 -0.1350
vn -0.8403 0.4811 -0.2498
vn -0.8765 0.4754 0.0757
vn -0.7028 0.6769 0.2189
vn 0.5502 -0.0011 0.8350
vn 0.4718 0.1547 0.8680
vn 0.3918 -0.0008 0.9200
vn 0.9821 0.0002 0.1886
vn 0.9525 0.1428 0.2689
vn 0.9281 -0.0006 0.3723
vn 0.9858 0.1417 -0.0899
vn 1.0000 0.0002 -0.0021
vn 0.5609 -0.0011 -0.8279
vn 0.6185 0.1468 -0.7719
vn 0.7001 -0.0008 -0.7141
vn -0.3767 -0.0011 -0.9263
vn -0.2991 0.1454 -0.9431
vn -0.2049 -0.0008 -0.9788
vn -0.8279 -0.0011 -0.5609
vn -0.7735 0.1435 -0.6173
vn -0.7141 -0.0008 -0.7000
vn -0.9843 0.1464 0.0988
vn -1.0000 -0.0008 0.0099
vn -0.2014 -0.0011 0.9795
vn -0.2758 0.1459 0.9501
vn -0.3735 -0.0008 0.9276
vn 0.8364 0.1424 0.5294
vn 0.6849 0.1474 0.7136
vn 0.9126 0.1476 -0.3812
vn 0.4755 0.4890 -0.7312
vn 0.6880 0.4793 -0.5449
vn 0.1791 0.1507 -0.9722
vn 0.3949 0.1380 -0.9083
vn -0.0004 1.0000 -0.0003
vn -0.0003 1.0000 -0.0003
vn -0.0003 1.0000 -0.0001
vn -0.0001 1.0000 0.0001
vn -0.0000 1.0000 0.0005
vn 0.0004 1.0000 0.0001
vn 0.7950 -0.0002 0.6066
vn 0.9619 0.0002 0.2734
vn 0.7692 -0.0000 0.6390
vn -0.8724 -0.0002 -0.4887
vn -0.7655 0.0001 -0.6435
vn -0.6253 -0.0001 -0.7804
vn -0.9265 0.0001 -0.3764
vn 0.9657 -0.0001 -0.2595
vn 0.9754 0.0002 -0.2204
vn 0.9837 -0.0002 0.1797
vn -0.2738 -0.0002 -0.9618
vn -0.0554 0.0002 -0.9985
vn 0.0910 -0.0001 -0.9959
vn 0.8957 -0.0063 -0.4446
vn 0.9493 0.0060 -0.3143
vn 0.9962 -0.0036 -0.0869
vn 0.7135 -0.0013 -0.7006
vn 0.7626 0.0050 -0.6468
vn -0.8290 -0.3109 0.4649
vn -0.7807 0.0076 0.6248
vn -0.9609 0.0047 0.2769
vn -0.5815 -0.3043 0.7545
vn -0.4808 0.0075 0.8768
vn -0.2820 -0.0073 0.9594
vn -0.1217 0.0061 0.9925
vn 0.8787 -0.0047 0.4773
vn 0.7715 0.0047 0.6362
vn 0.7093 -0.0017 0.7049
vn 0.9771 -0.0026 0.2130
vn 0.9586 0.0038 0.2846
vn -0.0000 -1.0000 -0.0003
vn -0.0001 -1.0000 -0.0004
vn -0.0000 -1.0000 -0.0004
vn -0.0002 -1.0000 0.0007
vn -0.0003 -1.0000 0.0009
vn -0.0001 -1.0000 0.0002
vn -0.0000 -1.0000 -0.0002
vn 0.0001 -1.0000 -0.0004
vn 0.0005 -1.0000 -0.0011
vn 0.0004 -1.0000 -0.0006
vn 0.0004 -1.0000 0.0001
vn 0.0002 -1.0000 0.0002
vn 0.0001 -1.0000 -0.0003
vn -0.0003 -1.0000 0.0002
vn 0.5862 -0.5550 -0.5901
vn 0.5795 -0.6007 -0.5508
vn 0.3763 -0.6159 -0.6922
vn 0.2476 -0.6021 -0.7591
vn 0.0888 -0.6040 -0.7920
vn -0.1382 -0.6048 -0.7843
vn -0.2195 -0.5889 -0.7778
vn -0.3659 -0.5921 -0.7180
vn -0.4849 -0.5917 -0.6440
vn -0.5650 -0.5892 -0.5776
vn -0.7966 -0.5872 0.1440
vn -0.7680 -0.6020 0.2187
vn 0.2186 0.6020 0.7680
vn 0.1439 0.5871 0.7966
vn 0.3845 0.6063 0.6961
vn 0.7939 0.6016 -0.0884
vn 0.8069 0.5905 0.0157
vn 0.7552 0.6062 -0.2494
vn 0.6706 0.5887 -0.4514
vn -0.5836 0.6122 -0.5336
vn -0.4806 0.6105 -0.6295
vn -0.8427 0.3131 -0.4380
vn -0.7974 0.5826 -0.1572
vn -0.9528 0.2944 -0.0738
vn 0.1063 -0.0045 0.9943
vn 0.1831 0.0015 0.9831
vn 0.0364 0.0559 -0.9978
vn -0.0169 -0.0700 -0.9974
vn 0.1347 0.2906 -0.9473
vn -0.1097 -0.2298 0.9670
vn -0.1431 -0.3612 0.9214
vn -0.3758 -0.7448 0.5514
vn -0.1879 -0.3755 -0.9076
vn -0.1811 -0.4395 -0.8798
vn 0.0215 0.5456 0.8378
vn 0.0004 0.2685 0.9633
vn 0.0675 0.4651 0.8827
vn -0.3829 -0.7564 -0.5303
vn -0.2993 -0.7356 -0.6077
vn -0.3668 -0.9126 -0.1805
vn 0.4639 0.8634 -0.1985
vn 0.3523 0.8217 -0.4480
vn 0.3873 0.9182 -0.0828
vn 0.2924 0.5395 -0.7896
vn 0.2639 0.6066 -0.7500
vn -0.3674 -0.8883 0.2754
vn -0.4520 -0.8920 0.0014
vn 0.0363 0.8755 -0.4818
vn -0.0048 0.7848 -0.6197
vn -0.0049 0.9680 -0.2509
vn 0.0233 0.6326 -0.7741
vn -0.0052 0.4885 -0.8726
vn -0.0357 -0.7737 0.6326
vn -0.0055 -0.9206 0.3905
vn -0.0429 -0.9543 0.2957
vn -0.0050 0.1338 0.9910
vn 0.0310 0.1371 0.9901
vn 0.0009 0.2833 -0.9590
vn -0.0047 0.1156 -0.9933
vn -0.0192 -0.4958 0.8682
vn -0.0058 -0.6310 0.7758
vn -0.0067 0.6006 0.7995
vn 0.0333 0.7724 0.6343
vn -0.0211 -0.1729 0.9847
vn -0.0046 -0.2729 0.9620
vn -0.0215 -0.4910 -0.8709
vn -0.0054 -0.6195 -0.7850
vn -0.0046 -0.2726 -0.9621
vn 0.0376 0.9239 0.3807
vn -0.0061 0.9557 0.2943
vn 0.0297 0.9938 0.1070
vn -0.0395 -0.7613 -0.6472
vn -0.0050 -0.8792 -0.4765
vn 0.2569 0.9630 0.0814
vn 0.1430 0.9445 0.2956
vn 0.2444 0.8954 0.3722
vn 0.3747 0.8812 0.2882
vn 0.1426 0.9846 -0.1012
vn 0.2516 0.9253 -0.2840
vn 0.1293 0.8735 -0.4693
vn 0.2063 0.7525 -0.6255
vn 0.1009 0.6462 -0.7565
vn 0.1304 0.4697 -0.8731
vn -0.0882 -0.6442 -0.7598
vn -0.0813 -0.3602 -0.9293
vn -0.1915 -0.6398 -0.7443
vn -0.2439 -0.8463 -0.4737
vn -0.1607 -0.9821 -0.0985
vn -0.2724 -0.9431 -0.1905
vn -0.2604 -0.9603 0.1002
vn -0.2546 -0.8910 0.3758
vn -0.1607 -0.9416 0.2958
vn -0.1144 -0.4721 0.8741
vn -0.1150 -0.7593 0.6404
vn -0.2125 -0.7400 0.6382
vn 0.0448 0.3838 -0.9223
vn 0.0302 0.1420 -0.9894
vn -0.0206 -0.1583 -0.9872
vn -0.1404 -0.8702 -0.4722
vn 0.5941 -0.0055 -0.8044
vn 0.5099 0.0024 -0.8602
vn 0.6574 0.0033 -0.7536
vn 0.7528 -0.0051 -0.6583
vn 0.8901 0.0045 -0.4558
vn 0.9517 -0.0045 -0.3071
vn 0.9967 0.0045 -0.0805
vn 0.9967 -0.0045 0.0805
vn 0.9517 0.0045 0.3070
vn 0.8901 -0.0045 0.4558
vn 0.7528 0.0051 0.6582
vn 0.6574 -0.0033 0.7536
vn 0.5941 0.0055 0.8044
vn -0.9260 -0.0050 0.3774
vn -0.9949 0.0075 0.1007
vn -0.9949 -0.0075 -0.1007
vn -0.9260 0.0050 -0.3774
vn -0.8810 -0.0027 -0.4731
vn -0.4553 0.8503 -0.2639
vn -0.4969 0.6953 -0.5193
vn -0.6286 0.7158 -0.3041
vn 0.0017 0.9757 -0.2193
vn -0.0737 0.9622 -0.2621
vn -0.0721 0.9949 -0.0699
vn 0.1522 -0.8922 0.4252
vn 0.0600 -0.8197 0.5696
vn -0.0558 -0.8881 0.4562
vn 0.0004 -1.0000 0.0012
vn 0.2262 -0.9661 0.1242
vn 0.0333 -0.9553 0.2937
vn 0.3266 -0.9145 0.2387
vn 0.2866 -0.8362 0.4676
vn 0.2082 -0.9644 -0.1633
vn 0.3876 -0.9205 -0.0496
vn 0.4504 -0.8591 -0.2431
vn 0.3007 -0.9078 -0.2922
vn 0.0333 -0.9547 -0.2958
vn 0.2877 -0.8343 -0.4702
vn 0.1476 -0.8903 -0.4307
vn 0.0600 -0.8197 -0.5697
vn -0.0535 -0.8855 -0.4615
vn -0.1408 -0.9586 -0.2474
vn -0.2284 -0.8998 -0.3717
vn -0.1769 -0.8233 -0.5393
vn -0.2508 -0.9650 -0.0771
vn -0.3534 -0.9175 -0.1824
vn -0.3787 -0.8470 -0.3731
vn -0.4618 -0.8870 0.0025
vn -0.4844 -0.8576 -0.1731
vn -0.1918 -0.9629 0.1898
vn -0.4844 -0.8576 0.1731
vn -0.3515 -0.9196 0.1753
vn -0.3787 -0.8470 0.3731
vn -0.2265 -0.8973 0.3789
vn -0.1769 -0.8233 0.5393
vn -0.9942 -0.0001 -0.1073
vn 0.7800 -0.0000 -0.6258
vn -0.7800 -0.0001 0.6258
vn -0.9516 0.0001 0.3072
vn -0.9597 -0.0000 0.2812
vn -0.0165 0.1390 0.9902
vn -0.0084 0.0006 1.0000
vn 0.2071 0.0009 0.9783
vn 0.2166 0.1436 0.9656
vn -0.5633 0.6732 0.4789
vn -0.6653 0.4859 0.5668
vn 0.8769 0.4803 0.0165
vn -0.5672 0.6835 -0.4595
vn -0.7331 0.4889 -0.4728
vn -0.8089 0.4840 0.3339
vn 0.4517 0.6805 -0.5769
vn 0.7011 0.0006 0.7130
vn 0.8390 0.0010 0.5442
vn 0.8246 0.0009 -0.5657
vn 0.8208 0.1482 -0.5517
vn 0.3904 0.0006 -0.9206
vn 0.1951 -0.0000 -0.9808
vn -0.0123 0.0009 -0.9999
vn -0.0026 0.1500 -0.9887
vn -0.5588 0.0016 -0.8293
vn -0.5470 0.1353 -0.8262
vn -0.9206 0.0006 -0.3904
vn -0.9086 0.1391 -0.3938
vn -0.9831 0.0009 -0.1831
vn -0.9750 0.1438 -0.1697
vn -0.9158 0.1492 0.3729
vn -0.8315 -0.0000 0.5556
vn -0.8267 0.1435 0.5441
vn -0.7071 -0.0000 0.7071
vn -0.6897 0.1493 0.7086
vn -0.5453 0.0009 0.8382
vn -0.5468 0.1486 0.8240
vn 0.0780 0.6777 0.7312
vn 0.0916 0.4842 0.8702
vn -0.0000 1.0000 -0.0003
vn 0.0001 1.0000 0.0005
vn 0.0002 1.0000 -0.0000
vn -0.9975 0.0001 -0.0713
vn -0.5066 0.0002 -0.8622
vn 0.7711 -0.0000 -0.6368
vn 0.4523 0.0001 -0.8918
vn 0.4523 0.0001 -0.8919
vn -0.7627 -0.0000 0.6468
vn 0.0081 0.0001 1.0000
vn 0.1150 -0.0000 0.9934
vn 0.4686 0.0001 0.8834
vn 0.4687 0.0001 0.8834
vn -0.4571 0.0001 0.8894
vn -0.4570 0.0001 0.8895
vn -0.1605 -0.0000 0.9870
vn -0.8860 0.0016 -0.4637
vn -0.9945 0.0007 -0.1052
vn 0.9999 0.0027 -0.0171
vn -0.9788 -0.0015 0.2046
vn 0.4619 0.0014 -0.8869
vn 0.4605 0.0014 -0.8876
vn 0.1133 -0.0002 -0.9936
vn 0.1118 -0.0002 -0.9937
vn 0.4675 -0.0001 0.8840
vn 0.4708 -0.0001 0.8822
vn -0.2518 0.0010 -0.9678
vn -0.4836 -0.0015 -0.8753
vn -0.6228 0.0027 -0.7824
vn -0.6743 -0.0010 -0.7385
vn -0.0001 -1.0000 -0.0001
vn 0.0002 -1.0000 0.0001
vn 0.0002 -1.0000 -0.0000
vn -0.0002 -1.0000 0.0001
vn 0.6986 -0.6118 0.3711
vn 0.6930 -0.6121 0.3810
vn 0.5820 -0.5908 0.5589
vn 0.4996 -0.6025 0.6224
vn 0.3543 -0.6097 0.7091
vn 0.0408 -0.5894 0.8068
vn 0.1535 -0.5905 0.7923
vn 0.7930 -0.6020 0.0934
vn 0.7884 -0.5881 0.1803
vn 0.7997 -0.5959 -0.0732
vn 0.7707 -0.5957 -0.2262
vn 0.7066 -0.6089 -0.3604
vn -0.7059 -0.6049 -0.3686
vn -0.6991 -0.6059 -0.3798
vn -0.7928 -0.6033 -0.0865
vn -0.7923 -0.6028 -0.0944
vn -0.2315 -0.6247 0.7458
vn -0.2186 -0.6246 0.7497
vn -0.5853 -0.5825 0.5641
vn -0.0945 0.6028 0.7923
vn -0.0865 0.6033 0.7928
vn 0.6531 0.5887 0.4764
vn 0.7498 0.6208 0.2290
vn 0.7451 0.6211 0.2430
vn 0.5641 0.5826 0.5851
vn 0.5992 0.5876 -0.5438
vn 0.3699 0.6075 -0.7029
vn 0.3817 0.6084 -0.6958
vn 0.0767 0.6093 -0.7892
vn 0.0864 0.6085 -0.7889
vn -0.1816 0.5899 -0.7868
vn -0.2596 0.5878 -0.7662
vn -0.7622 0.6113 0.2128
vn -0.7564 0.6091 0.2387
vn -0.6250 0.5958 0.5043
vn -0.6195 0.5958 0.5112
vn -0.3883 0.5951 0.7036
vn -0.3775 0.5951 0.7095
vn 0.0394 0.0710 0.9967
vn 0.2084 0.3853 0.8990
vn 0.1946 0.4544 0.8693
vn 0.4118 0.7692 0.4886
vn 0.3086 0.7288 0.6113
vn -0.2915 -0.7140 0.6365
vn -0.0046 -0.9967 -0.0808
vn -0.0427 -0.9954 -0.0859
vn 0.0386 0.9819 -0.1857
vn -0.0428 -0.9206 -0.3881
vn -0.9998 -0.0187 -0.0000
vn 0.1334 0.4599 0.8779
vn 0.2042 0.7470 0.6327
vn 0.1203 0.7640 0.6339
vn -0.6588 -0.0018 0.7523
vn -0.6608 -0.0018 0.7506
vn -0.5087 -0.0009 0.8609
vn 0.9999 -0.0172 -0.0000
vn 0.5099 -0.0024 0.8602
vn -0.8810 0.0027 0.4731
vn -0.6608 0.0018 -0.7506
vn -0.6588 0.0018 -0.7523
vn -0.5087 0.0009 -0.8610
vn 0.8870 -0.0007 -0.4617
vn 0.8870 0.0007 0.4617
vn -0.0713 0.9955 0.0628
vn 0.0015 0.9983 0.0584
vn -0.0851 -0.0017 -0.9964
vn -0.0865 0.0948 -0.9917
vn -0.9862 -0.1132 -0.1209
vn -0.9862 -0.1132 0.1209
vn -0.9859 0.1163 0.1202
vn -0.9859 0.1164 -0.1202
vn 0.0020 -1.0000 0.0028
vn -0.2587 0.9635 -0.0687
vn -0.2649 0.9252 -0.2718
vn -0.0713 0.8522 -0.5184
vn -0.2564 0.8204 -0.5110
vn -0.2644 0.6377 -0.7235
vn -0.0760 0.6502 -0.7559
vn -0.4654 0.8823 -0.0702
vn -0.4392 0.5982 -0.6702
vn -0.0844 0.3587 -0.9296
vn -0.2994 0.0921 -0.9497
vn -0.2929 0.3610 -0.8854
vn -0.5252 0.0867 -0.8465
vn -0.5021 0.3622 -0.7853
vn -0.6597 0.4095 -0.6302
vn -0.7223 0.0945 -0.6851
vn -0.9045 0.1104 -0.4119
vn -0.8541 0.5091 -0.1064
vn -0.7917 0.4794 -0.3786
vn -0.6530 0.7529 -0.0820
vn -0.0733 0.9619 0.2634
vn -0.2585 0.9636 0.0684
vn -0.2659 0.9250 0.2713
vn -0.4656 0.8823 0.0699
vn -0.4553 0.8502 0.2641
vn -0.6284 0.7159 0.3043
vn -0.6532 0.7527 0.0824
vn -0.0718 0.8512 0.5200
vn -0.2572 0.8202 0.5111
vn -0.4985 0.6927 0.5212
vn -0.8540 0.5092 0.1066
vn -0.9046 0.1101 0.4117
vn -0.7920 0.4781 0.3798
vn -0.7222 0.0939 0.6853
vn -0.6601 0.4086 0.6303
vn -0.5250 0.0870 0.8466
vn -0.5020 0.3621 0.7854
vn -0.4383 0.5983 0.6708
vn -0.2996 0.0924 0.9496
vn -0.0865 0.0948 0.9917
vn -0.0841 0.3585 0.9297
vn -0.2920 0.3619 0.8853
vn -0.0757 0.6504 0.7558
vn -0.2641 0.6376 0.7237
vn -0.0000 0.9611 0.2763
vn -0.0000 0.8383 0.5453
vn -0.9000 -0.0936 0.4256
vn -0.7150 -0.0604 0.6965
vn -0.5218 -0.0318 0.8525
vn -0.2975 -0.0114 0.9547
vn -0.0852 -0.0017 0.9964
vn -0.2975 -0.0115 -0.9546
vn -0.5218 -0.0318 -0.8525
vn -0.7151 -0.0604 -0.6965
vn -0.9000 -0.0936 -0.4256
vn 0.0003 0.8403 -0.5421
vn 0.9695 -0.2452 0.0023
vn 0.6955 -0.7185 -0.0041
vn 0.8426 0.5385 -0.0000
vn -0.0068 -0.6974 0.7167
vn 0.1560 -0.7023 0.6945
vn 0.2883 -0.7105 0.6419
vn 0.3314 -0.6354 0.6974
vn 0.4321 -0.7311 0.5280
vn 0.4480 -0.8624 0.2359
vn 0.5364 -0.7456 0.3953
vn 0.6183 -0.7590 0.2041
vn 0.6855 -0.6934 0.2222
vn 0.4957 -0.8685 0.0052
vn 0.6389 -0.7693 -0.0000
vn 0.6183 -0.7590 -0.2041
vn 0.6854 -0.6934 -0.2222
vn 0.5364 -0.7456 -0.3953
vn 0.4321 -0.7311 -0.5280
vn 0.4803 -0.6554 -0.5828
vn 0.2883 -0.7105 -0.6419
vn 0.1560 -0.7023 -0.6945
vn -0.0068 -0.6974 -0.7167
vn -0.1421 -0.6996 -0.7002
vn -0.3006 -0.7140 -0.6323
vn -0.4234 -0.7272 -0.5403
vn -0.5429 -0.7449 -0.3878
vn -0.6132 -0.7625 -0.2063
vn -0.6422 -0.7665 -0.0000
vn -0.6132 -0.7625 0.2063
vn -0.5429 -0.7449 0.3878
vn -0.4234 -0.7272 0.5403
vn -0.3006 -0.7140 0.6323
vn -0.1421 -0.6997 0.7002
vn 0.0820 0.4811 0.8728
vn -0.4135 0.6826 -0.6026
vn 0.4237 0.4837 -0.7659
vn -0.8394 0.4776 -0.2592
vn -0.8361 0.4781 0.2689
vn -0.6471 0.6793 0.3460
vn -0.5502 -0.0011 -0.8350
vn -0.6186 0.1468 0.7719
vn -0.6849 0.1474 -0.7136
vn -0.3763 -0.6159 0.6922
vn 0.1383 -0.6049 0.7842
vn 0.5650 -0.5893 0.5776
vn -0.2186 0.6020 -0.7680
vn -0.1439 0.5871 -0.7966
vn 0.5835 0.6122 0.5335
vn 0.4807 0.6105 0.6295
vn -0.0364 0.0560 0.9978
vn 0.0169 -0.0700 0.9974
vn 0.1431 -0.3612 -0.9215
vn 0.3758 -0.7448 -0.5514
vn -0.0004 0.2684 -0.9633
vn -0.0675 0.4650 -0.8828
vn 0.3829 -0.7564 0.5303
vn 0.2993 -0.7356 0.6076
vn 0.3675 -0.8883 -0.2754
vn 0.0048 0.7848 0.6197
vn 0.0052 0.4885 0.8726
vn 0.0050 0.1339 -0.9910
vn -0.0310 0.1371 -0.9901
vn -0.0009 0.2834 0.9590
vn 0.0047 0.1155 0.9933
vn 0.0058 -0.6309 -0.7758
vn 0.0067 0.6006 -0.7995
vn -0.2444 0.8954 -0.3722
vn -0.2063 0.7525 0.6254
vn -0.1009 0.6463 0.7564
vn -0.1304 0.4698 0.8731
vn 0.1915 -0.6398 0.7443
vn 0.2439 -0.8462 0.4737
vn 0.2724 -0.9431 0.1905
vn 0.1144 -0.4722 -0.8741
vn 0.1150 -0.7594 -0.6404
vn 0.2125 -0.7400 -0.6382
vn -0.0448 0.3840 0.9223
vn -0.0302 0.1421 0.9894
vn 0.1404 -0.8702 0.4722
vn -0.5099 0.0024 0.8602
vn -0.8900 0.0045 0.4558
vn -0.0333 -0.9553 -0.2938
vn -0.3007 -0.9078 0.2922
vn -0.2877 -0.8344 0.4702
vn 0.2265 -0.8973 -0.3789
vn 0.0165 0.1389 -0.9902
vn 0.9831 0.0009 0.1831
vn 0.9749 0.1438 0.1697
vn 0.5468 0.1486 -0.8240
vn -0.4523 0.0001 0.8918
vn -0.5820 -0.5907 -0.5589
vn -0.1535 -0.5904 -0.7923
vn -0.7997 -0.5959 0.0732
vn -0.7708 -0.5956 0.2261
vn -0.7067 -0.6089 0.3604
vn 0.2315 -0.6247 -0.7458
vn 0.2186 -0.6246 -0.7497
vn 0.0945 0.6028 -0.7923
vn -0.6531 0.5886 -0.4764
vn -0.7497 0.6208 -0.2290
vn -0.7451 0.6212 -0.2430
vn -0.3817 0.6084 0.6958
vn -0.0864 0.6085 0.7889
vn 0.7622 0.6113 -0.2128
vn 0.6250 0.5958 -0.5043
vn 0.6195 0.5958 -0.5111
vn 0.3775 0.5951 -0.7095
vn 0.2915 -0.7141 -0.6365
vn -0.0386 0.9819 0.1857
vn 0.0428 -0.9206 0.3880
vn -0.1334 0.4599 -0.8779
vn -0.5099 -0.0024 -0.8602
vn 0.0851 -0.0017 0.9964
vn 0.2994 0.0920 0.9497
vn 0.6597 0.4095 0.6301
vn 0.7917 0.4794 0.3786
vn 0.4553 0.8502 -0.2641
vn 0.8540 0.5092 -0.1066
vn 0.7920 0.4781 -0.3798
vn 0.4383 0.5984 -0.6707
vn -0.0000 0.8383 -0.5453
vn 0.2975 -0.0115 0.9547
vn -0.0000 0.3031 0.9530
vn -0.6954 -0.7186 0.0041
vn -0.2883 -0.7106 -0.6419
vn -0.5364 -0.7456 -0.3953
vn -0.6855 -0.6934 -0.2222
vn -0.6854 -0.6934 0.2222
vn 0.5429 -0.7449 0.3878
vn 0.5429 -0.7449 -0.3879
vn 0.1421 -0.6997 -0.7002
vn 0.6828 0.4792 0.5515
vn 0.6471 0.6793 -0.3460
vn -0.8765 0.4754 0.0758
vn 0.5502 -0.0011 0.8351
vn 0.3919 -0.0008 0.9200
vn 0.6186 0.1468 -0.7719
vn 0.7000 -0.0008 -0.7141
vn -0.2992 0.1454 -0.9431
vn -0.2048 -0.0008 -0.9788
vn -0.7735 0.1435 -0.6174
vn -1.0000 -0.0008 0.0100
vn 0.4755 0.4890 -0.7313
vn 0.0002 1.0000 -0.0003
vn 0.5863 -0.5549 -0.5902
vn 0.5795 -0.6006 -0.5508
vn 0.0888 -0.6041 -0.7920
vn -0.1383 -0.6049 -0.7842
vn -0.3659 -0.5922 -0.7179
vn -0.7966 -0.5871 0.1439
vn 0.6706 0.5886 -0.4514
vn -0.4807 0.6105 -0.6295
vn -0.9528 0.2944 -0.0737
vn -0.0169 -0.0701 -0.9974
vn 0.1347 0.2904 -0.9474
vn -0.1431 -0.3612 0.9215
vn 0.0215 0.5455 0.8378
vn 0.0004 0.2684 0.9633
vn 0.0675 0.4650 0.8827
vn -0.2993 -0.7356 -0.6076
vn 0.3524 0.8216 -0.4481
vn 0.2639 0.6065 -0.7500
vn -0.3675 -0.8883 0.2754
vn 0.0233 0.6326 -0.7742
vn -0.0055 -0.9206 0.3904
vn -0.0050 0.1339 0.9910
vn 0.0009 0.2834 -0.9590
vn -0.0047 0.1155 -0.9933
vn -0.0058 -0.6309 0.7758
vn 0.0333 0.7724 0.6342
vn -0.0211 -0.1728 0.9847
vn -0.0046 -0.2728 0.9621
vn -0.0054 -0.6194 -0.7850
vn -0.0046 -0.2727 -0.9621
vn 0.2444 0.8954 0.3723
vn 0.2515 0.9253 -0.2839
vn 0.2063 0.7525 -0.6254
vn 0.1009 0.6462 -0.7564
vn 0.1304 0.4698 -0.8731
vn -0.0882 -0.6442 -0.7597
vn -0.2439 -0.8462 -0.4737
vn -0.1607 -0.9821 -0.0984
vn -0.1144 -0.4722 0.8741
vn -0.1150 -0.7594 0.6404
vn 0.0448 0.3840 -0.9223
vn 0.0302 0.1421 -0.9894
vn -0.0206 -0.1584 -0.9872
vn 0.5099 0.0024 -0.8603
vn 0.7528 -0.0051 -0.6582
vn 0.8900 0.0045 -0.4558
vn 0.9517 -0.0045 -0.3070
vn 0.8900 -0.0045 0.4558
vn 0.0600 -0.8197 0.5697
vn 0.0333 -0.9553 0.2938
vn 0.2877 -0.8344 -0.4702
vn -0.2283 -0.8998 -0.3717
vn -0.4843 -0.8576 -0.1731
vn -0.1917 -0.9629 0.1898
vn -0.4843 -0.8576 0.1731
vn -0.2264 -0.8973 0.3789
vn -0.0165 0.1389 0.9902
vn -0.5634 0.6732 0.4789
vn -0.0122 0.0009 -0.9999
vn -0.5470 0.1353 -0.8261
vn -0.9831 0.0009 -0.1830
vn -0.4570 0.0001 0.8894
vn -0.1606 -0.0000 0.9870
vn -0.2518 0.0009 -0.9678
vn -0.6228 0.0027 -0.7823
vn 0.6986 -0.6117 0.3711
vn 0.5820 -0.5907 0.5589
vn 0.7708 -0.5956 -0.2261
vn 0.7067 -0.6089 -0.3603
vn -0.7059 -0.6049 -0.3687
vn -0.7929 -0.6032 -0.0865
vn -0.7923 -0.6027 -0.0944
vn 0.7497 0.6209 0.2290
vn 0.7451 0.6212 0.2430
vn 0.5641 0.5825 0.5852
vn 0.5992 0.5875 -0.5438
vn 0.3700 0.6075 -0.7029
vn -0.7563 0.6091 0.2386
vn -0.6195 0.5958 0.5111
vn -0.3883 0.5952 0.7036
vn 0.3086 0.7287 0.6113
vn -0.2915 -0.7141 0.6365
vn 0.0386 0.9819 -0.1856
vn 0.1204 0.7640 0.6339
vn -0.6588 -0.0018 0.7524
vn -0.5087 -0.0009 0.8610
vn 0.5099 -0.0024 0.8603
vn -0.6588 0.0018 -0.7524
vn -0.9859 0.1164 0.1202
vn -0.0760 0.6502 -0.7560
vn -0.6597 0.4095 -0.6301
vn -0.7223 0.0945 -0.6850
vn -0.2975 -0.0114 0.9546
vn -0.2975 -0.0115 -0.9547
vn 0.6955 -0.7186 -0.0041
vn 0.9491 -0.0000 -0.3150
vn 0.2883 -0.7106 -0.6419
vn 0.1560 -0.7024 -0.6945
vn -0.1421 -0.6997 -0.7002
vn -0.1263 0.6851 0.7175
vn 0.2735 0.6868 0.6734
vn -0.6735 0.6842 -0.2798
vn -0.8394 0.4777 -0.2592
vn 0.8765 0.4754 -0.0757
vn 0.2992 0.1453 0.9431
vn 0.2015 -0.0011 -0.9795
vn -0.4755 0.4891 0.7312
vn -0.6880 0.4794 0.5449
vn -0.3949 0.1381 0.9083
vn 0.0004 1.0000 0.0003
vn -0.0000 1.0000 -0.0002
vn 0.8724 -0.0002 0.4888
vn 0.6252 -0.0001 0.7804
vn 0.1217 0.0060 -0.9925
vn -0.5863 -0.5550 0.5901
vn -0.5795 -0.6007 0.5508
vn -0.3764 -0.6158 0.6921
vn -0.2477 -0.6021 0.7591
vn -0.0888 -0.6041 0.7920
vn 0.3659 -0.5921 0.7180
vn 0.4850 -0.5916 0.6441
vn 0.5650 -0.5891 0.5777
vn 0.7680 -0.6019 -0.2187
vn -0.2187 0.6019 -0.7680
vn -0.1440 0.5871 -0.7966
vn -0.3845 0.6061 -0.6962
vn -0.7552 0.6061 0.2494
vn -0.6707 0.5886 0.4514
vn 0.4806 0.6106 0.6294
vn 0.8427 0.3131 0.4380
vn 0.9528 0.2944 0.0738
vn -0.0364 0.0562 0.9978
vn 0.1097 -0.2299 -0.9670
vn 0.1879 -0.3753 0.9076
vn 0.1811 -0.4396 0.8798
vn -0.0215 0.5455 -0.8378
vn -0.0004 0.2681 -0.9634
vn -0.0675 0.4649 -0.8828
vn 0.2993 -0.7357 0.6076
vn 0.3668 -0.9126 0.1804
vn -0.4639 0.8634 0.1986
vn -0.3524 0.8216 0.4480
vn -0.2924 0.5396 0.7895
vn 0.3675 -0.8883 -0.2755
vn -0.0363 0.8755 0.4819
vn 0.0048 0.7848 0.6198
vn -0.0233 0.6327 0.7740
vn 0.0357 -0.7737 -0.6325
vn 0.0055 -0.9206 -0.3905
vn 0.0430 -0.9543 -0.2957
vn -0.0009 0.2838 0.9589
vn 0.0047 0.1151 0.9933
vn 0.0192 -0.4957 -0.8683
vn -0.0333 0.7725 -0.6341
vn 0.0211 -0.1728 -0.9847
vn 0.0054 -0.6194 0.7851
vn -0.0376 0.9240 -0.3806
vn 0.0061 0.9557 -0.2944
vn 0.0395 -0.7614 0.6471
vn -0.2568 0.9630 -0.0814
vn -0.3748 0.8812 -0.2882
vn -0.1426 0.9846 0.1011
vn -0.2063 0.7525 0.6255
vn -0.1304 0.4699 0.8730
vn 0.1607 -0.9821 0.0985
vn 0.1607 -0.9416 -0.2959
vn 0.1144 -0.4719 -0.8742
vn -0.0448 0.3837 0.9224
vn -0.0303 0.1422 0.9894
vn 0.0206 -0.1587 0.9871
vn -0.9517 -0.0045 0.3070
vn -0.9967 -0.0046 -0.0805
vn -0.9517 0.0046 -0.3071
vn -0.8900 -0.0045 -0.4559
vn -0.7528 0.0051 -0.6583
vn -0.6573 -0.0033 -0.7536
vn 0.6285 0.7158 0.3041
vn -0.1523 -0.8922 -0.4252
vn -0.0004 -1.0000 -0.0013
vn -0.2083 -0.9643 0.1633
vn 0.0536 -0.8855 0.4615
vn 0.2284 -0.8998 0.3717
vn 0.4844 -0.8576 0.1731
vn 0.7799 -0.0001 -0.6258
vn 0.5633 0.6733 -0.4789
vn 0.6653 0.4860 -0.5667
vn 0.0026 0.1499 0.9887
vn 0.9206 0.0006 0.3905
vn 0.9158 0.1492 -0.3729
vn 0.8267 0.1436 -0.5440
vn 0.6897 0.1493 -0.7086
vn -0.0780 0.6777 -0.7311
vn -0.0916 0.4841 -0.8702
vn -0.4524 0.0001 0.8918
vn 0.1605 -0.0000 -0.9870
vn -0.0408 -0.5892 -0.8070
vn -0.1535 -0.5903 -0.7924
vn -0.7066 -0.6089 0.3604
vn 0.7059 -0.6048 0.3687
vn 0.6991 -0.6058 0.3798
vn 0.7928 -0.6032 0.0865
vn 0.7923 -0.6028 0.0944
vn 0.2315 -0.6246 -0.7458
vn 0.2186 -0.6246 -0.7498
vn 0.0865 0.6034 -0.7928
vn -0.5992 0.5875 0.5439
vn 0.7564 0.6091 -0.2386
vn 0.6250 0.5958 -0.5044
vn -0.2084 0.3852 -0.8990
vn -0.3087 0.7287 -0.6113
vn 0.2915 -0.7140 -0.6366
vn 0.0427 -0.9954 0.0860
vn 0.0428 -0.9207 0.3880
vn 0.6587 -0.0018 -0.7524
vn 0.6607 -0.0018 -0.7506
vn 0.5086 -0.0009 -0.8610
vn 0.6588 0.0018 0.7523
vn -0.8870 0.0007 -0.4618
vn 0.9862 -0.1132 0.1208
vn 0.7224 0.0945 0.6850
vn 0.7917 0.4795 0.3786
vn 0.2660 0.9250 -0.2713
vn 0.4656 0.8822 -0.0699
vn 0.6532 0.7527 -0.0825
vn 0.0718 0.8512 -0.5200
vn 0.7222 0.0940 -0.6853
vn -0.0000 0.9611 -0.2764
vn -0.0000 0.6189 -0.7855
vn 0.9000 -0.0936 -0.4257
vn 0.2975 -0.0115 -0.9547
vn 0.2975 -0.0114 0.9546
vn 0.7151 -0.0604 0.6964
vn -0.6955 -0.7185 0.0041
vn 0.6276 -0.0000 0.7786
vn 0.4217 -0.0000 0.9068
vn -0.6276 -0.0000 0.7786
vn -0.4217 -0.0000 0.9068
vn -0.6276 -0.0000 -0.7786
vn 0.6276 -0.0000 -0.7786
vn -0.2884 -0.7105 -0.6419
vn -0.4803 -0.6554 -0.5829
vn -0.6855 -0.6933 -0.2222
vn -0.4958 -0.8684 -0.0052
vn -0.5364 -0.7457 0.3953
vn -0.2883 -0.7105 0.6419
vn 0.1420 -0.6997 0.7002
vn 0.4803 -0.6555 0.5828
vn 0.6032 -0.6769 0.4219
vn 0.6855 -0.6933 -0.2222
vn 0.4803 -0.6554 -0.5829
vn 0.1263 0.6851 -0.7175
vn -0.1628 0.4876 0.8577
vn -0.3447 0.4846 -0.8039
vn 0.6735 0.6842 0.2798
vn 0.8361 0.4782 -0.2689
vn -0.7200 0.6808 -0.1350
vn 0.5501 -0.0011 0.8351
vn -0.2992 0.1453 -0.9431
vn -0.2015 -0.0011 0.9795
vn 0.8364 0.1423 0.5294
vn 0.6879 0.4794 -0.5449
vn 0.1790 0.1507 -0.9722
vn -0.0000 1.0000 0.0002
vn -0.8724 -0.0002 -0.4888
vn 0.0909 -0.0001 -0.9959
vn 0.5795 -0.6006 -0.5509
vn 0.3764 -0.6158 -0.6922
vn 0.2477 -0.6020 -0.7591
vn -0.7680 -0.6019 0.2187
vn 0.1439 0.5872 0.7966
vn 0.7938 0.6017 -0.0884
vn -0.5835 0.6122 -0.5336
vn -0.8427 0.3132 -0.4380
vn -0.0169 -0.0702 -0.9974
vn 0.1347 0.2905 -0.9474
vn -0.1097 -0.2300 0.9670
vn -0.1431 -0.3610 0.9215
vn -0.3758 -0.7449 0.5513
vn -0.1879 -0.3756 -0.9076
vn 0.0215 0.5456 0.8377
vn 0.0004 0.2680 0.9634
vn 0.0675 0.4648 0.8828
vn -0.3829 -0.7565 -0.5302
vn -0.3668 -0.9126 -0.1804
vn 0.4639 0.8634 -0.1986
vn 0.2639 0.6064 -0.7501
vn 0.0363 0.8755 -0.4819
vn -0.0052 0.4883 -0.8726
vn -0.0430 -0.9543 0.2958
vn 0.0009 0.2837 -0.9589
vn -0.0047 0.1152 -0.9933
vn -0.0192 -0.4957 0.8683
vn 0.0333 0.7725 0.6341
vn -0.0061 0.9557 0.2944
vn -0.0050 -0.8792 -0.4764
vn 0.2568 0.9630 0.0814
vn 0.3748 0.8812 0.2882
vn 0.1426 0.9846 -0.1011
vn 0.2062 0.7526 -0.6254
vn 0.1304 0.4700 -0.8730
vn -0.0882 -0.6443 -0.7597
vn -0.0813 -0.3604 -0.9293
vn -0.1915 -0.6397 -0.7444
vn -0.2725 -0.9431 -0.1905
vn -0.1607 -0.9416 0.2959
vn 0.0448 0.3839 -0.9223
vn 0.0303 0.1422 -0.9894
vn -0.0206 -0.1586 -0.9871
vn 0.9967 -0.0046 0.0805
vn 0.9517 0.0046 0.3071
vn 0.8900 -0.0045 0.4559
vn 0.7528 0.0051 0.6583
vn 0.6573 -0.0033 0.7536
vn 0.2083 -0.9643 -0.1633
vn -0.0536 -0.8855 -0.4615
vn -0.7799 -0.0001 0.6258
vn -0.7331 0.4890 -0.4728
vn -0.9206 0.0006 -0.3905
vn -0.8267 0.1435 0.5440
vn 0.0916 0.4841 0.8702
vn 0.4524 0.0001 -0.8918
vn 0.6986 -0.6118 0.3710
vn 0.6929 -0.6121 0.3809
vn 0.5819 -0.5908 0.5588
vn 0.4996 -0.6026 0.6224
vn 0.7708 -0.5956 -0.2262
vn 0.7067 -0.6089 -0.3604
vn -0.7059 -0.6048 -0.3687
vn -0.6991 -0.6058 -0.3798
vn -0.2315 -0.6246 0.7458
vn -0.5853 -0.5824 0.5641
vn 0.5992 0.5875 -0.5439
vn -0.7622 0.6113 0.2129
vn 0.0393 0.0711 0.9967
vn 0.2084 0.3852 0.8990
vn 0.1946 0.4545 0.8693
vn 0.3087 0.7287 0.6113
vn -0.2915 -0.7140 0.6366
vn -0.0427 -0.9954 -0.0860
vn -0.6587 -0.0018 0.7524
vn -0.6607 -0.0018 0.7506
vn -0.5086 -0.0009 0.8610
vn 0.8870 0.0007 0.4618
vn -0.0851 -0.0016 -0.9964
vn -0.9862 -0.1132 -0.1208
vn -0.9862 -0.1131 0.1209
vn -0.9859 0.1163 -0.1202
vn -0.4392 0.5983 -0.6702
vn -0.2994 0.0920 -0.9497
vn -0.7224 0.0944 -0.6850
vn -0.4656 0.8822 0.0699
vn -0.6532 0.7527 0.0825
vn -0.2571 0.8202 0.5111
vn -0.4383 0.5983 0.6707
vn -0.0000 0.9611 0.2764
vn -0.0000 0.6189 0.7855
vn -0.0000 0.0600 0.9982
vn -0.9000 -0.0935 0.4257
vn -0.2975 -0.0115 0.9547
vn -0.2975 -0.0114 -0.9546
vn -0.7151 -0.0605 -0.6964
vn -0.4217 -0.0000 -0.9068
vn 0.4217 -0.0000 -0.9068
vn 0.1560 -0.7024 0.6945
vn 0.2884 -0.7105 0.6419
vn 0.4803 -0.6554 0.5829
vn 0.5364 -0.7456 0.3954
vn 0.4958 -0.8684 0.0052
vn 0.5364 -0.7457 -0.3953
vn -0.0068 -0.6974 -0.7166
vn -0.0000 -0.6168 -0.7871
vn -0.1420 -0.6997 -0.7002
vn -0.4803 -0.6555 -0.5828
vn -0.6032 -0.6769 -0.4219
vn -0.5429 -0.7449 0.3879
vn -0.4234 -0.7271 0.5403
vn -0.4803 -0.6554 0.5829
vt 0.686037 0.221866
vt 0.667592 0.229539
vt 0.665164 0.215944
vt 0.683645 0.203901
vt 0.688696 0.096757
vt 0.669283 0.094888
vt 0.673653 0.081012
vt 0.682777 0.126992
vt 0.663345 0.128176
vt 0.664551 0.118201
vt 0.663888 0.205998
vt 0.695995 0.080907
vt 0.662911 0.195346
vt 0.679369 0.067065
vt 0.701701 0.259833
vt 0.678773 0.265310
vt 0.694471 0.248993
vt 0.681675 0.170577
vt 0.661766 0.175328
vt 0.661566 0.161726
vt 0.681481 0.155322
vt 0.561054 0.074508
vt 0.662401 0.092731
vt 0.560037 0.082780
vt 0.565804 0.041272
vt 0.671733 0.062872
vt 0.564533 0.049605
vt 0.564926 0.288921
vt 0.673368 0.276634
vt 0.566098 0.297212
vt 0.560600 0.255801
vt 0.663691 0.245296
vt 0.561606 0.264059
vt 0.556652 0.214606
vt 0.657240 0.209870
vt 0.557276 0.222841
vt 0.555342 0.189897
vt 0.655381 0.189021
vt 0.555682 0.198134
vt 0.554990 0.156949
vt 0.654595 0.161334
vt 0.554925 0.165185
vt 0.557499 0.107536
vt 0.657275 0.120266
vt 0.556836 0.115775
vt 0.667440 0.075174
vt 0.665181 0.082487
vt 0.669340 0.264614
vt 0.670072 0.240192
vt 0.673316 0.251028
vt 0.659890 0.227788
vt 0.661264 0.234876
vt 0.700340 0.093128
vt 0.708091 0.081420
vt 0.703997 0.070379
vt 0.706485 0.249769
vt 0.701161 0.239716
vt 0.689769 0.237588
vt 0.698073 0.229359
vt 0.694439 0.193086
vt 0.682227 0.187644
vt 0.693571 0.182040
vt 0.693037 0.168184
vt 0.693115 0.131127
vt 0.693793 0.122169
vt 0.138731 0.032930
vt 0.145728 0.967055
vt 0.138715 0.967055
vt 0.081165 0.032929
vt 0.079163 0.967054
vt 0.077451 0.032929
vt 0.084863 0.967054
vt 0.036643 0.032929
vt 0.037596 0.967054
vt 0.032929 0.032929
vt 0.067227 0.032929
vt 0.063797 0.967054
vt 0.060678 0.032929
vt 0.738321 0.803288
vt 0.799680 0.810480
vt 0.736638 0.813941
vt 0.739111 0.795182
vt 0.799927 0.799842
vt 0.740433 0.720248
vt 0.801079 0.715211
vt 0.801142 0.725952
vt 0.740366 0.709965
vt 0.800996 0.704605
vt 0.740344 0.699638
vt 0.800799 0.693960
vt 0.738594 0.664672
vt 0.800022 0.666697
vt 0.739245 0.672043
vt 0.737394 0.656401
vt 0.799782 0.655915
vt 0.728324 0.679795
vt 0.734924 0.687371
vt 0.728653 0.691944
vt 0.728408 0.772985
vt 0.734999 0.771396
vt 0.734671 0.782801
vt 0.734414 0.675359
vt 0.735139 0.700002
vt 0.728672 0.752085
vt 0.735037 0.756770
vt 0.728718 0.759304
vt 0.728432 0.744228
vt 0.735113 0.746740
vt 0.728222 0.786616
vt 0.734001 0.795401
vt 0.727854 0.796237
vt 0.739621 0.787704
vt 0.739964 0.777544
vt 0.740186 0.769813
vt 0.740024 0.761149
vt 0.740335 0.754412
vt 0.740371 0.728419
vt 0.735040 0.726245
vt 0.806093 0.683368
vt 0.800618 0.685706
vt 0.800370 0.677297
vt 0.805252 0.815508
vt 0.799789 0.819150
vt 0.805200 0.802859
vt 0.806448 0.753755
vt 0.800992 0.757034
vt 0.801041 0.746543
vt 0.806509 0.739033
vt 0.801142 0.736016
vt 0.740155 0.689981
vt 0.423941 0.038713
vt 0.423433 0.432199
vt 0.419493 0.430019
vt 0.464738 0.037606
vt 0.462358 0.428037
vt 0.454771 0.034196
vt 0.428857 0.036682
vt 0.430166 0.427813
vt 0.475265 0.477909
vt 0.470966 0.484442
vt 0.474744 0.462388
vt 0.436625 0.034187
vt 0.435729 0.426974
vt 0.443108 0.426651
vt 0.407166 0.043317
vt 0.408846 0.431887
vt 0.403594 0.432284
vt 0.416696 0.041387
vt 0.414084 0.431104
vt 0.449968 0.426475
vt 0.445702 0.032998
vt 0.409751 0.478050
vt 0.414311 0.613894
vt 0.409327 0.613994
vt 0.414790 0.477910
vt 0.419292 0.613774
vt 0.455452 0.474844
vt 0.450974 0.613329
vt 0.449902 0.474731
vt 0.467080 0.613645
vt 0.470734 0.454369
vt 0.420392 0.484470
vt 0.424274 0.613645
vt 0.460947 0.474901
vt 0.457118 0.613415
vt 0.473396 0.613807
vt 0.479082 0.478007
vt 0.465350 0.460790
vt 0.462098 0.613521
vt 0.430413 0.474915
vt 0.434238 0.613415
vt 0.429257 0.613521
vt 0.482864 0.478034
vt 0.481803 0.613987
vt 0.486717 0.478106
vt 0.435906 0.474849
vt 0.439223 0.613339
vt 0.487421 0.447703
vt 0.484723 0.462160
vt 0.483607 0.447256
vt 0.485075 0.432133
vt 0.404144 0.462279
vt 0.402730 0.447971
vt 0.406523 0.447327
vt 0.409113 0.461986
vt 0.411592 0.446838
vt 0.414119 0.461487
vt 0.416765 0.446038
vt 0.432672 0.459053
vt 0.428556 0.454438
vt 0.432840 0.443883
vt 0.438468 0.443234
vt 0.444207 0.458333
vt 0.442795 0.442969
vt 0.447244 0.444173
vt 0.451438 0.443136
vt 0.450067 0.458407
vt 0.461398 0.454443
vt 0.455850 0.458777
vt 0.455718 0.443558
vt 0.418014 0.463543
vt 0.420625 0.454373
vt 0.426008 0.460764
vt 0.438381 0.458558
vt 0.894395 0.107180
vt 0.894291 0.032929
vt 0.900195 0.032929
vt 0.903242 0.107180
vt 0.907623 0.032929
vt 0.910669 0.107180
vt 0.915052 0.032929
vt 0.918097 0.107180
vt 0.922480 0.032929
vt 0.925525 0.107180
vt 0.929907 0.032929
vt 0.932953 0.107180
vt 0.938754 0.032929
vt 0.913540 0.819497
vt 0.907643 0.891316
vt 0.902131 0.819539
vt 0.896342 0.891347
vt 0.892921 0.819449
vt 0.912223 0.896917
vt 0.916971 0.891420
vt 0.921407 0.896823
vt 0.906731 0.814088
vt 0.897547 0.814133
vt 0.903015 0.896614
vt 0.888588 0.814087
vt 0.893995 0.896677
vt 0.883713 0.819047
vt 0.878429 0.812915
vt 0.926199 0.891842
vt 0.931453 0.897852
vt 0.915946 0.814029
vt 0.624744 0.420515
vt 0.615836 0.417985
vt 0.624031 0.410710
vt 0.623087 0.556744
vt 0.624786 0.441373
vt 0.635938 0.441734
vt 0.809205 0.103105
vt 0.799498 0.098058
vt 0.808920 0.091488
vt 0.828433 0.095578
vt 0.823534 0.106880
vt 0.818371 0.096616
vt 0.815392 0.115285
vt 0.802563 0.114024
vt 0.454047 0.742549
vt 0.448819 0.731593
vt 0.454047 0.729263
vt 0.450283 0.717425
vt 0.440383 0.709890
vt 0.441419 0.723207
vt 0.444171 0.740393
vt 0.430696 0.721368
vt 0.435873 0.732893
vt 0.425657 0.736670
vt 0.434171 0.744364
vt 0.445047 0.749447
vt 0.436516 0.755599
vt 0.425940 0.753158
vt 0.450114 0.754695
vt 0.442843 0.764444
vt 0.431747 0.768000
vt 0.447245 0.776896
vt 0.439429 0.776586
vt 0.822305 0.085690
vt 0.828433 0.082286
vt 0.817842 0.060611
vt 0.825414 0.061166
vt 0.819807 0.072763
vt 0.809416 0.068016
vt 0.812590 0.080691
vt 0.801900 0.081791
vt 0.273297 0.032929
vt 0.269574 0.967054
vt 0.266919 0.032929
vt 0.228729 0.032930
vt 0.225052 0.967055
vt 0.222351 0.032930
vt 0.288152 0.032929
vt 0.284430 0.967054
vt 0.281775 0.032929
vt 0.411369 0.885866
vt 0.417032 0.880203
vt 0.423692 0.875753
vt 0.431092 0.872688
vt 0.438947 0.871125
vt 0.446957 0.871125
vt 0.454812 0.872688
vt 0.462212 0.875753
vt 0.468872 0.880203
vt 0.474535 0.885866
vt 0.478985 0.892526
vt 0.482050 0.899925
vt 0.483613 0.907781
vt 0.483613 0.915790
vt 0.482050 0.923646
vt 0.478985 0.931046
vt 0.474535 0.937705
vt 0.468872 0.943369
vt 0.462212 0.947819
vt 0.454812 0.950884
vt 0.446957 0.952447
vt 0.438947 0.952447
vt 0.431092 0.950884
vt 0.423692 0.947819
vt 0.417032 0.943369
vt 0.411369 0.937706
vt 0.406919 0.931046
vt 0.403854 0.923646
vt 0.402291 0.915790
vt 0.402291 0.907781
vt 0.403854 0.899925
vt 0.406919 0.892526
vt 0.658705 0.110395
vt 0.558255 0.099292
vt 0.559103 0.091040
vt 0.659964 0.103527
vt 0.681696 0.142604
vt 0.662282 0.141079
vt 0.685430 0.055168
vt 0.662212 0.185566
vt 0.661764 0.151579
vt 0.684681 0.277674
vt 0.562148 0.066223
vt 0.563310 0.057922
vt 0.567109 0.032929
vt 0.676139 0.050971
vt 0.563777 0.280620
vt 0.562667 0.272331
vt 0.666878 0.256849
vt 0.559657 0.247554
vt 0.558784 0.239313
vt 0.557989 0.231076
vt 0.658662 0.220758
vt 0.556119 0.206371
vt 0.656192 0.199796
vt 0.555101 0.181660
vt 0.654823 0.179016
vt 0.554962 0.173423
vt 0.654637 0.172090
vt 0.555158 0.148714
vt 0.654810 0.151377
vt 0.555428 0.140480
vt 0.655123 0.144521
vt 0.555799 0.132246
vt 0.655564 0.137689
vt 0.556268 0.124011
vt 0.656145 0.130875
vt 0.684881 0.111906
vt 0.666215 0.108218
vt 0.696780 0.103061
vt 0.694901 0.113176
vt 0.695312 0.207611
vt 0.696234 0.218137
vt 0.710819 0.254713
vt 0.692764 0.156740
vt 0.692698 0.143168
vt 0.090768 0.967054
vt 0.090345 0.032929
vt 0.096021 0.032929
vt 0.098669 0.967054
vt 0.073856 0.967072
vt 0.149529 0.032930
vt 0.151714 0.967056
vt 0.045822 0.032929
vt 0.046270 0.967054
vt 0.053250 0.032929
vt 0.053698 0.967054
vt 0.105200 0.032929
vt 0.105623 0.967055
vt 0.122465 0.967055
vt 0.125732 0.032930
vt 0.131197 0.032930
vt 0.131621 0.967055
vt 0.112628 0.032930
vt 0.113051 0.967055
vt 0.118304 0.032930
vt 0.740398 0.747011
vt 0.740332 0.736530
vt 0.800222 0.789129
vt 0.735138 0.713425
vt 0.728312 0.724597
vt 0.728528 0.714893
vt 0.800521 0.778626
vt 0.739773 0.680092
vt 0.800630 0.770900
vt 0.777699 0.240007
vt 0.785214 0.229803
vt 0.796087 0.224526
vt 0.805070 0.224610
vt 0.813756 0.228207
vt 0.820404 0.234856
vt 0.823919 0.243123
vt 0.823395 0.254610
vt 0.817407 0.265281
vt 0.809195 0.270668
vt 0.798014 0.272029
vt 0.786982 0.268278
vt 0.780334 0.261630
vt 0.777097 0.253493
vt 0.736366 0.650759
vt 0.799909 0.648125
vt 0.728654 0.704708
vt 0.727862 0.670528
vt 0.735045 0.736308
vt 0.728116 0.735878
vt 0.733415 0.665019
vt 0.726823 0.661910
vt 0.731328 0.654979
vt 0.724755 0.654993
vt 0.726346 0.806719
vt 0.732399 0.807479
vt 0.730484 0.814610
vt 0.806188 0.693636
vt 0.805101 0.656233
vt 0.805572 0.670079
vt 0.805253 0.648655
vt 0.805661 0.789605
vt 0.805856 0.778993
vt 0.806157 0.768987
vt 0.806598 0.725281
vt 0.806640 0.714887
vt 0.806318 0.704173
vt 0.471692 0.428649
vt 0.472182 0.040602
vt 0.474523 0.430576
vt 0.260444 0.032929
vt 0.258427 0.967062
vt 0.254727 0.032929
vt 0.479699 0.042671
vt 0.479813 0.431526
vt 0.455647 0.426977
vt 0.486876 0.043481
vt 0.489067 0.432329
vt 0.444432 0.613303
vt 0.444270 0.474082
vt 0.405986 0.478138
vt 0.405815 0.614049
vt 0.403483 0.478218
vt 0.440097 0.474756
vt 0.747395 0.888753
vt 0.750458 0.893253
vt 0.751282 0.899989
vt 0.749096 0.905984
vt 0.745350 0.909604
vt 0.740500 0.911517
vt 0.733960 0.910967
vt 0.727205 0.905669
vt 0.724755 0.898607
vt 0.725682 0.893474
vt 0.728502 0.889088
vt 0.732785 0.886115
vt 0.737880 0.885008
vt 0.743008 0.885934
vt 0.474593 0.446057
vt 0.479765 0.446851
vt 0.479752 0.461760
vt 0.488446 0.462324
vt 0.925248 0.819115
vt 0.932466 0.818349
vt 0.932460 0.892537
vt 0.827042 0.542427
vt 0.826297 0.551762
vt 0.821591 0.557558
vt 0.814147 0.559410
vt 0.805076 0.555462
vt 0.801251 0.547617
vt 0.803431 0.539160
vt 0.809260 0.533948
vt 0.814327 0.532915
vt 0.821361 0.535174
vt 0.938858 0.107180
vt 0.884686 0.891728
vt 0.877407 0.892550
vt 0.877407 0.818309
vt 0.885174 0.897049
vt 0.878372 0.898052
vt 0.872571 0.892550
vt 0.872571 0.818309
vt 0.924826 0.813912
vt 0.931511 0.812932
vt 0.937299 0.818349
vt 0.937292 0.892537
vt 0.653930 0.441719
vt 0.656234 0.556290
vt 0.571408 0.575882
vt 0.559826 0.582267
vt 0.557111 0.581475
vt 0.554925 0.579157
vt 0.564696 0.428708
vt 0.581832 0.433609
vt 0.629134 0.363069
vt 0.660997 0.364073
vt 0.656473 0.384481
vt 0.633414 0.384620
vt 0.641856 0.659426
vt 0.651002 0.670837
vt 0.656874 0.683155
vt 0.658897 0.694652
vt 0.658897 0.840381
vt 0.554925 0.840381
vt 0.554925 0.694652
vt 0.556948 0.683155
vt 0.562820 0.670837
vt 0.571966 0.659426
vt 0.583491 0.651181
vt 0.596266 0.648125
vt 0.617556 0.648125
vt 0.630331 0.651181
vt 0.635950 0.431524
vt 0.624675 0.430829
vt 0.613828 0.440391
vt 0.614919 0.430087
vt 0.606432 0.428465
vt 0.603143 0.438758
vt 0.635766 0.420298
vt 0.610080 0.419868
vt 0.592606 0.436491
vt 0.586492 0.421314
vt 0.597223 0.425258
vt 0.594474 0.408247
vt 0.603539 0.414941
vt 0.611524 0.406542
vt 0.605969 0.396501
vt 0.619451 0.388385
vt 0.634618 0.396148
vt 0.622183 0.400060
vt 0.635343 0.408215
vt 0.665059 0.441358
vt 0.653905 0.431567
vt 0.665090 0.430786
vt 0.654071 0.420367
vt 0.665037 0.420585
vt 0.665789 0.410816
vt 0.654485 0.408308
vt 0.675999 0.440364
vt 0.674910 0.430050
vt 0.673962 0.417875
vt 0.655208 0.396232
vt 0.670347 0.388503
vt 0.667683 0.400113
vt 0.683719 0.396592
vt 0.678204 0.406547
vt 0.695203 0.408231
vt 0.686154 0.414930
vt 0.679690 0.419874
vt 0.703231 0.421221
vt 0.707950 0.433484
vt 0.697190 0.436410
vt 0.692510 0.425294
vt 0.686668 0.438708
vt 0.683391 0.428463
vt 0.669457 0.557001
vt 0.682440 0.559659
vt 0.694979 0.564013
vt 0.707032 0.569635
vt 0.718701 0.575901
vt 0.679651 0.370418
vt 0.697249 0.381735
vt 0.711455 0.397331
vt 0.720465 0.413970
vt 0.725066 0.428488
vt 0.569188 0.414172
vt 0.578057 0.397427
vt 0.592166 0.381576
vt 0.609881 0.369851
vt 0.607586 0.559571
vt 0.595073 0.563950
vt 0.583048 0.569595
vt 0.734190 0.580308
vt 0.730316 0.582267
vt 0.806983 0.467042
vt 0.802597 0.467042
vt 0.804208 0.363069
vt 0.806983 0.363069
vt 0.801075 0.363069
vt 0.843806 0.370965
vt 0.852853 0.380111
vt 0.859049 0.394099
vt 0.860664 0.425701
vt 0.858663 0.438476
vt 0.852853 0.450001
vt 0.843806 0.459147
vt 0.832405 0.465019
vt 0.819766 0.467042
vt 0.819766 0.363069
vt 0.832405 0.365093
vt 0.776677 0.092262
vt 0.778811 0.078729
vt 0.783729 0.079971
vt 0.781757 0.092646
vt 0.951711 0.688807
vt 0.951711 0.701750
vt 0.949014 0.714408
vt 0.943805 0.725919
vt 0.936437 0.735500
vt 0.927414 0.742496
vt 0.917350 0.746432
vt 0.906931 0.747038
vt 0.896867 0.744274
vt 0.887844 0.738328
vt 0.880477 0.729605
vt 0.875268 0.718700
vt 0.872571 0.706356
vt 0.872571 0.693413
vt 0.875268 0.680755
vt 0.880478 0.669243
vt 0.887845 0.659663
vt 0.896868 0.652667
vt 0.906932 0.648731
vt 0.917351 0.648125
vt 0.927415 0.650889
vt 0.936437 0.656835
vt 0.943805 0.665558
vt 0.949014 0.676463
vt 0.409480 0.778275
vt 0.404923 0.766195
vt 0.409848 0.764835
vt 0.414103 0.776063
vt 0.422499 0.692964
vt 0.430911 0.685763
vt 0.433807 0.689683
vt 0.426004 0.696445
vt 0.783151 0.066141
vt 0.787744 0.068220
vt 0.415774 0.788809
vt 0.419972 0.785793
vt 0.414950 0.702088
vt 0.419059 0.704929
vt 0.423464 0.797700
vt 0.427198 0.793962
vt 0.408763 0.713122
vt 0.413356 0.715200
vt 0.779307 0.119215
vt 0.776836 0.105994
vt 0.781914 0.105511
vt 0.784232 0.117855
vt 0.783862 0.131295
vt 0.788486 0.129083
vt 0.432261 0.805268
vt 0.435826 0.801000
vt 0.404424 0.725710
vt 0.409342 0.726952
vt 0.790156 0.141829
vt 0.794354 0.138813
vt 0.805301 0.038784
vt 0.814206 0.032929
vt 0.816960 0.037117
vt 0.808197 0.042704
vt 0.402291 0.739243
vt 0.407371 0.739626
vt 0.797845 0.150720
vt 0.801579 0.146983
vt 0.796889 0.045984
vt 0.800393 0.049466
vt 0.402452 0.752975
vt 0.407530 0.752491
vt 0.806642 0.158289
vt 0.810207 0.154021
vt 0.789339 0.055107
vt 0.793448 0.057950
vt 0.439816 0.679907
vt 0.442570 0.684095
vt 0.790465 0.093250
vt 0.790592 0.103985
vt 0.792518 0.114346
vt 0.796105 0.123836
vt 0.810953 0.126883
vt 0.801182 0.132115
vt 0.807667 0.139012
vt 0.824301 0.121418
vt 0.820564 0.133300
vt 0.815740 0.144455
vt 0.450340 0.704756
vt 0.438623 0.697904
vt 0.446840 0.693619
vt 0.431629 0.703698
vt 0.425686 0.711010
vt 0.420944 0.719753
vt 0.417660 0.729647
vt 0.416079 0.740230
vt 0.416207 0.750965
vt 0.418134 0.761326
vt 0.421721 0.770816
vt 0.426800 0.779094
vt 0.433285 0.785991
vt 0.441358 0.791432
vt 0.813012 0.050926
vt 0.821229 0.046641
vt 0.806017 0.056719
vt 0.800074 0.064031
vt 0.795331 0.072773
vt 0.792047 0.082667
vt 0.325292 0.032929
vt 0.331599 0.032929
vt 0.328997 0.967054
vt 0.308913 0.032929
vt 0.306713 0.967054
vt 0.303008 0.032929
s 1
usemtl Light
f 2353/2446/376 2349/2447/377 2427/2448/378
f 2411/2449/379 2360/2450/380 2428/2451/381
f 2359/2452/382 2356/2453/383 2353/2446/376
f 2411/2454/379 2373/2455/384 2360/2456/380
f 2369/2457/385 2360/2456/380 2373/2455/384
f 2372/2458/386 2369/2457/385 2376/2459/387
f 2411/2454/379 2383/2460/388 2373/2455/384
f 2379/2461/389 2376/2459/387 2382/2462/390
f 2386/2463/391 2382/2462/390 2389/2464/392
f 2411/2454/379 2396/2465/393 2383/2460/388
f 2395/2466/394 2392/2467/395 2389/2464/392
f 2411/2454/379 2403/2468/396 2396/2465/393
f 2402/2469/397 2399/2470/398 2395/2466/394
f 2409/2471/399 2406/2472/400 2402/2469/397
f 2411/2449/379 2415/2473/401 2403/2474/396
f 2413/2475/402 2409/2476/399 2414/2477/403
f 2418/2478/404 2414/2477/403 2421/2479/405
f 2411/2449/379 2428/2451/381 2415/2473/401
f 2424/2480/406 2421/2479/405 2427/2448/378
f 2324/2796/622 2347/2797/626 2425/2798/626 2348/2799/622
f 2335/2800/366 2336/2801/366 2337/2802/366 2338/2803/366 2339/2804/366 2340/2805/366 2341/2806/366 2342/2807/366 2343/2808/366 2344/2809/366 2345/2810/366 2346/2811/366 2347/2812/366 2324/2813/366 2325/2814/366 2326/2815/366 2327/2816/366 2328/2817/366 2329/2818/366 2330/2819/366 2331/2820/366 2332/2821/366 2333/2822/366 2334/2823/366
f 2339/2824/627 2338/2825/628 2393/2826/628 2397/2827/627
f 2332/2828/629 2331/2829/630 2370/2830/630 2374/2831/629
f 2347/2797/626 2346/2832/631 2422/2833/631 2425/2798/626
f 2340/2834/632 2339/2824/627 2397/2827/627 2400/2835/632
f 2333/2836/633 2332/2828/629 2374/2831/629 2377/2837/633
f 2341/2838/634 2340/2834/632 2400/2835/632 2404/2839/634
f 2334/2840/635 2333/2836/633 2377/2837/633 2380/2841/635
f 2326/2842/636 2325/2843/637 2351/2844/637 2354/2845/636
f 2327/2846/638 2326/2842/636 2354/2845/636 2357/2847/638
f 2342/2848/639 2341/2838/634 2404/2839/634 2407/2849/639
f 2335/2850/640 2334/2840/635 2380/2841/635 2384/2851/640
f 2328/2852/641 2327/2846/638 2357/2847/638 2361/2853/641
f 2343/2854/642 2342/2855/639 2407/2856/639 2410/2857/642
f 2336/2858/643 2335/2850/640 2384/2851/640 2387/2859/643
f 2329/2860/644 2328/2852/641 2361/2853/641 2364/2861/644
f 2344/2862/645 2343/2854/642 2410/2857/642 2416/2863/645
f 2337/2864/646 2336/2858/643 2387/2859/643 2390/2865/646
f 2330/2866/647 2329/2860/644 2364/2861/644 2366/2867/647
f 2345/2868/648 2344/2862/645 2416/2863/645 2419/2869/648
f 2338/2825/628 2337/2864/646 2390/2865/646 2393/2826/628
f 2331/2829/630 2330/2870/647 2366/2871/647 2370/2830/630
f 2346/2832/631 2345/2868/648 2419/2869/648 2422/2833/631
f 2348/2799/649 2350/2872/650 2352/2873/651 2351/2844/652
f 2428/2451/381 2353/2446/376 2427/2448/378
f 2349/2447/377 2352/2873/651 2350/2872/650
f 2352/2873/651 2349/2447/377 2356/2453/383 2355/2874/653
f 2353/2446/376 2356/2453/383 2349/2447/377
f 2351/2844/652 2352/2873/651 2355/2874/653 2354/2845/654
f 2353/2446/376 2428/2451/381 2360/2450/380 2359/2452/382
f 2354/2845/654 2355/2874/653 2358/2875/655 2357/2847/656
f 2356/2453/383 2358/2875/655 2355/2874/653
f 2358/2875/655 2356/2453/383 2363/2876/657 2362/2877/658
f 2359/2452/382 2363/2876/657 2356/2453/383
f 2357/2847/656 2358/2875/655 2362/2877/658 2361/2853/659
f 2361/2853/659 2362/2877/658 2365/2878/660 2364/2861/661
f 2363/2876/657 2365/2878/660 2362/2877/658
f 2363/2876/657 2359/2452/382 2369/2879/385 2368/2880/662
f 2360/2450/380 2369/2879/385 2359/2452/382
f 2365/2878/660 2363/2876/657 2368/2880/662 2367/2881/663
f 2364/2861/661 2365/2878/660 2367/2881/663 2366/2867/664
f 2368/2882/662 2372/2458/386 2371/2883/665 2367/2884/663
f 2372/2458/386 2368/2882/662 2369/2457/385
f 2367/2884/663 2371/2883/665 2370/2830/666 2366/2871/664
f 2371/2883/665 2375/2885/667 2374/2831/668 2370/2830/666
f 2376/2459/387 2369/2457/385 2373/2455/384
f 2375/2885/667 2371/2883/665 2372/2458/386
f 2372/2458/386 2379/2461/389 2378/2886/669 2375/2885/667
f 2379/2461/389 2372/2458/386 2376/2459/387
f 2375/2885/667 2378/2886/669 2377/2837/670 2374/2831/668
f 2373/2455/384 2383/2460/388 2382/2462/390 2376/2459/387
f 2378/2886/669 2381/2887/671 2380/2841/672 2377/2837/670
f 2381/2887/671 2378/2886/669 2379/2461/389
f 2379/2461/389 2386/2463/391 2385/2888/673 2381/2887/671
f 2386/2463/391 2379/2461/389 2382/2462/390
f 2381/2887/671 2385/2888/673 2384/2851/674 2380/2841/672
f 2385/2888/673 2388/2889/675 2387/2859/676 2384/2851/674
f 2389/2464/392 2382/2462/390 2383/2460/388
f 2388/2889/675 2385/2888/673 2386/2463/391
f 2388/2889/675 2386/2463/391 2392/2467/395 2391/2890/677
f 2389/2464/392 2392/2467/395 2386/2463/391
f 2387/2859/676 2388/2889/675 2391/2890/677 2390/2865/678
f 2389/2464/392 2383/2460/388 2396/2465/393 2395/2466/394
f 2390/2865/678 2391/2890/677 2394/2891/679 2393/2826/680
f 2392/2467/395 2394/2891/679 2391/2890/677
f 2394/2891/679 2392/2467/395 2399/2470/398 2398/2892/681
f 2395/2466/394 2399/2470/398 2392/2467/395
f 2393/2826/680 2394/2891/679 2398/2892/681 2397/2827/682
f 2395/2466/394 2396/2465/393 2403/2468/396 2402/2469/397
f 2397/2827/682 2398/2892/681 2401/2893/683 2400/2835/684
f 2399/2470/398 2401/2893/683 2398/2892/681
f 2401/2893/683 2399/2470/398 2406/2472/400 2405/2894/685
f 2402/2469/397 2406/2472/400 2399/2470/398
f 2400/2835/684 2401/2893/683 2405/2894/685 2404/2839/686
f 2405/2894/685 2406/2472/400 2409/2471/399 2408/2895/687
f 2403/2468/396 2409/2471/399 2402/2469/397
f 2404/2839/686 2405/2894/685 2408/2895/687 2407/2849/688
f 2403/2474/396 2415/2473/401 2414/2477/403 2409/2476/399
f 2409/2476/399 2413/2475/402 2412/2896/689 2408/2897/687
f 2408/2897/687 2412/2896/689 2410/2857/690 2407/2856/688
f 2413/2475/402 2418/2478/404 2417/2898/691 2412/2896/689
f 2418/2478/404 2413/2475/402 2414/2477/403
f 2412/2896/689 2417/2898/691 2416/2863/692 2410/2857/690
f 2417/2898/691 2420/2899/693 2419/2869/694 2416/2863/692
f 2421/2479/405 2414/2477/403 2415/2473/401
f 2420/2899/693 2417/2898/691 2418/2478/404
f 2418/2478/404 2424/2480/406 2423/2900/695 2420/2899/693
f 2424/2480/406 2418/2478/404 2421/2479/405
f 2420/2899/693 2423/2900/695 2422/2833/696 2419/2869/694
f 2415/2473/401 2428/2451/381 2427/2448/378 2421/2479/405
f 2423/2900/695 2426/2901/697 2425/2798/698 2422/2833/696
f 2426/2901/697 2423/2900/695 2424/2480/406
f 2424/2480/406 2349/2447/377 2350/2872/650 2426/2901/697
f 2349/2447/377 2424/2480/406 2427/2448/378
f 2426/2901/697 2350/2872/650 2348/2799/649 2425/2798/698
f 2325/2843/637 2324/2796/622 2348/2799/622 2351/2844/637
f 2835/2446/922 2831/2447/923 2909/2448/924
f 2893/2449/925 2842/2450/926 2910/2451/927
f 2841/2452/928 2838/2453/929 2835/2446/922
f 2893/2454/925 2855/2455/930 2842/2456/926
f 2851/2457/931 2842/2456/926 2855/2455/930
f 2854/2458/932 2851/2457/931 2858/2459/933
f 2893/2454/925 2865/2460/934 2855/2455/930
f 2861/2461/935 2858/2459/933 2864/2462/936
f 2868/2463/937 2864/2462/936 2871/2464/938
f 2893/2454/925 2878/2465/939 2865/2460/934
f 2877/2466/940 2874/2467/941 2871/2464/938
f 2893/2454/925 2885/2468/942 2878/2465/939
f 2884/2469/943 2881/2470/944 2877/2466/940
f 2891/2471/945 2888/2472/946 2884/2469/943
f 2893/2449/925 2897/2473/947 2885/2474/942
f 2895/2475/948 2891/2476/945 2896/2477/949
f 2900/2478/950 2896/2477/949 2903/2479/951
f 2893/2449/925 2910/2451/927 2897/2473/947
f 2906/2480/952 2903/2479/951 2909/2448/924
f 2806/2796/643 2829/2797/640 2907/2798/640 2830/2799/643
f 2817/2800/366 2818/2801/366 2819/2802/366 2820/2803/366 2821/2804/366 2822/2805/366 2823/2806/366 2824/2807/366 2825/2808/366 2826/2809/366 2827/2810/366 2828/2811/366 2829/2812/366 2806/2813/366 2807/2814/366 2808/2815/366 2809/2816/366 2810/2817/366 2811/2818/366 2812/2819/366 2813/2820/366 2814/2821/366 2815/2822/366 2816/2823/366
f 2821/2824/638 2820/2825/636 2875/2826/636 2879/2827/638
f 2814/2828/645 2813/2829/642 2852/2830/642 2856/2831/645
f 2829/2797/640 2828/2832/635 2904/2833/635 2907/2798/640
f 2822/2834/641 2821/2824/638 2879/2827/638 2882/2835/641
f 2815/2836/648 2814/2828/645 2856/2831/645 2859/2837/648
f 2823/2838/644 2822/2834/641 2882/2835/641 2886/2839/644
f 2816/2840/631 2815/2836/648 2859/2837/648 2862/2841/631
f 2808/2842/628 2807/2843/646 2833/2844/646 2836/2845/628
f 2809/2846/627 2808/2842/628 2836/2845/628 2839/2847/627
f 2824/2848/647 2823/2838/644 2886/2839/644 2889/2849/647
f 2817/2850/626 2816/2840/631 2862/2841/631 2866/2851/626
f 2810/2852/632 2809/2846/627 2839/2847/627 2843/2853/632
f 2825/2854/630 2824/2855/647 2889/2856/647 2892/2857/630
f 2818/2858/622 2817/2850/626 2866/2851/626 2869/2859/622
f 2811/2860/634 2810/2852/632 2843/2853/632 2846/2861/634
f 2826/2862/629 2825/2854/630 2892/2857/630 2898/2863/629
f 2819/2864/637 2818/2858/622 2869/2859/622 2872/2865/637
f 2812/2866/639 2811/2860/634 2846/2861/634 2848/2867/639
f 2827/2868/633 2826/2862/629 2898/2863/629 2901/2869/633
f 2820/2825/636 2819/2864/637 2872/2865/637 2875/2826/636
f 2813/2829/642 2812/2870/639 2848/2871/639 2852/2830/642
f 2828/2832/635 2827/2868/633 2901/2869/633 2904/2833/635
f 2830/2799/676 2832/2872/1156 2834/2873/1157 2833/2844/678
f 2910/2451/927 2835/2446/922 2909/2448/924
f 2831/2447/923 2834/2873/1157 2832/2872/1156
f 2834/2873/1157 2831/2447/923 2838/2453/929 2837/2874/1158
f 2835/2446/922 2838/2453/929 2831/2447/923
f 2833/2844/678 2834/2873/1157 2837/2874/1158 2836/2845/1159
f 2835/2446/922 2910/2451/927 2842/2450/926 2841/2452/928
f 2836/2845/1159 2837/2874/1158 2840/2875/1160 2839/2847/682
f 2838/2453/929 2840/2875/1160 2837/2874/1158
f 2840/2875/1160 2838/2453/929 2845/2876/1161 2844/2877/1162
f 2841/2452/928 2845/2876/1161 2838/2453/929
f 2839/2847/682 2840/2875/1160 2844/2877/1162 2843/2853/684
f 2843/2853/684 2844/2877/1162 2847/2878/1163 2846/2861/1164
f 2845/2876/1161 2847/2878/1163 2844/2877/1162
f 2845/2876/1161 2841/2452/928 2851/2879/931 2850/2880/1165
f 2842/2450/926 2851/2879/931 2841/2452/928
f 2847/2878/1163 2845/2876/1161 2850/2880/1165 2849/2881/1166
f 2846/2861/1164 2847/2878/1163 2849/2881/1166 2848/2867/688
f 2850/2882/1165 2854/2458/932 2853/2883/1167 2849/2884/1166
f 2854/2458/932 2850/2882/1165 2851/2457/931
f 2849/2884/1166 2853/2883/1167 2852/2830/1168 2848/2871/688
f 2853/2883/1167 2857/2885/1169 2856/2831/692 2852/2830/1168
f 2858/2459/933 2851/2457/931 2855/2455/930
f 2857/2885/1169 2853/2883/1167 2854/2458/932
f 2854/2458/932 2861/2461/935 2860/2886/1170 2857/2885/1169
f 2861/2461/935 2854/2458/932 2858/2459/933
f 2857/2885/1169 2860/2886/1170 2859/2837/1171 2856/2831/692
f 2855/2455/930 2865/2460/934 2864/2462/936 2858/2459/933
f 2860/2886/1170 2863/2887/1172 2862/2841/696 2859/2837/1171
f 2863/2887/1172 2860/2886/1170 2861/2461/935
f 2861/2461/935 2868/2463/937 2867/2888/1173 2863/2887/1172
f 2868/2463/937 2861/2461/935 2864/2462/936
f 2863/2887/1172 2867/2888/1173 2866/2851/698 2862/2841/696
f 2867/2888/1173 2870/2889/1174 2869/2859/649 2866/2851/698
f 2871/2464/938 2864/2462/936 2865/2460/934
f 2870/2889/1174 2867/2888/1173 2868/2463/937
f 2870/2889/1174 2868/2463/937 2874/2467/941 2873/2890/1175
f 2871/2464/938 2874/2467/941 2868/2463/937
f 2869/2859/649 2870/2889/1174 2873/2890/1175 2872/2865/652
f 2871/2464/938 2865/2460/934 2878/2465/939 2877/2466/940
f 2872/2865/652 2873/2890/1175 2876/2891/1176 2875/2826/654
f 2874/2467/941 2876/2891/1176 2873/2890/1175
f 2876/2891/1176 2874/2467/941 2881/2470/944 2880/2892/1177
f 2877/2466/940 2881/2470/944 2874/2467/941
f 2875/2826/654 2876/2891/1176 2880/2892/1177 2879/2827/656
f 2877/2466/940 2878/2465/939 2885/2468/942 2884/2469/943
f 2879/2827/656 2880/2892/1177 2883/2893/1178 2882/2835/659
f 2881/2470/944 2883/2893/1178 2880/2892/1177
f 2883/2893/1178 2881/2470/944 2888/2472/946 2887/2894/1179
f 2884/2469/943 2888/2472/946 2881/2470/944
f 2882/2835/659 2883/2893/1178 2887/2894/1179 2886/2839/661
f 2887/2894/1179 2888/2472/946 2891/2471/945 2890/2895/1180
f 2885/2468/942 2891/2471/945 2884/2469/943
f 2886/2839/661 2887/2894/1179 2890/2895/1180 2889/2849/664
f 2885/2474/942 2897/2473/947 2896/2477/949 2891/2476/945
f 2891/2476/945 2895/2475/948 2894/2896/1181 2890/2897/1180
f 2890/2897/1180 2894/2896/1181 2892/2857/666 2889/2856/664
f 2895/2475/948 2900/2478/950 2899/2898/1182 2894/2896/1181
f 2900/2478/950 2895/2475/948 2896/2477/949
f 2894/2896/1181 2899/2898/1182 2898/2863/668 2892/2857/666
f 2899/2898/1182 2902/2899/1183 2901/2869/670 2898/2863/668
f 2903/2479/951 2896/2477/949 2897/2473/947
f 2902/2899/1183 2899/2898/1182 2900/2478/950
f 2900/2478/950 2906/2480/952 2905/2900/1184 2902/2899/1183
f 2906/2480/952 2900/2478/950 2903/2479/951
f 2902/2899/1183 2905/2900/1184 2904/2833/672 2901/2869/670
f 2897/2473/947 2910/2451/927 2909/2448/924 2903/2479/951
f 2905/2900/1184 2908/2901/1185 2907/2798/674 2904/2833/672
f 2908/2901/1185 2905/2900/1184 2906/2480/952
f 2906/2480/952 2831/2447/923 2832/2872/1156 2908/2901/1185
f 2831/2447/923 2906/2480/952 2909/2448/924
f 2908/2901/1185 2832/2872/1156 2830/2799/676 2907/2798/674
f 2807/2843/646 2806/2796/643 2830/2799/643 2833/2844/646
f 3317/2446/376 3313/2447/377 3391/2448/378
f 3375/2449/379 3324/2450/380 3392/2451/1234
f 3323/2452/382 3320/2453/383 3317/2446/376
f 3375/2454/379 3337/2455/384 3324/2456/380
f 3333/2457/385 3324/2456/380 3337/2455/384
f 3336/2458/386 3333/2457/385 3340/2459/1235
f 3375/2454/379 3347/2460/388 3337/2455/384
f 3343/2461/1236 3340/2459/1235 3346/2462/390
f 3350/2463/391 3346/2462/390 3353/2464/392
f 3375/2454/379 3360/2465/393 3347/2460/388
f 3359/2466/394 3356/2467/395 3353/2464/392
f 3375/2454/379 3367/2468/396 3360/2465/393
f 3366/2469/397 3363/2470/398 3359/2466/394
f 3373/2471/399 3370/2472/400 3366/2469/397
f 3375/2449/379 3379/2473/401 3367/2474/396
f 3377/2475/402 3373/2476/399 3378/2477/403
f 3382/2478/404 3378/2477/403 3385/2479/1237
f 3375/2449/379 3392/2451/1234 3379/2473/401
f 3388/2480/406 3385/2479/1237 3391/2448/378
f 3288/2796/622 3311/2797/626 3389/2798/626 3312/2799/622
f 3299/2800/366 3300/2801/366 3301/2802/366 3302/2803/366 3303/2804/366 3304/2805/366 3305/2806/366 3306/2807/366 3307/2808/366 3308/2809/366 3309/2810/366 3310/2811/366 3311/2812/366 3288/2813/366 3289/2814/366 3290/2815/366 3291/2816/366 3292/2817/366 3293/2818/366 3294/2819/366 3295/2820/366 3296/2821/366 3297/2822/366 3298/2823/366
f 3303/2824/627 3302/2825/628 3357/2826/628 3361/2827/627
f 3296/2828/629 3295/2829/630 3334/2830/630 3338/2831/629
f 3311/2797/626 3310/2832/631 3386/2833/631 3389/2798/626
f 3304/2834/632 3303/2824/627 3361/2827/627 3364/2835/632
f 3297/2836/633 3296/2828/629 3338/2831/629 3341/2837/633
f 3305/2838/634 3304/2834/632 3364/2835/632 3368/2839/634
f 3298/2840/635 3297/2836/633 3341/2837/633 3344/2841/635
f 3290/2842/636 3289/2843/637 3315/2844/637 3318/2845/636
f 3291/2846/638 3290/2842/636 3318/2845/636 3321/2847/638
f 3306/2848/639 3305/2838/634 3368/2839/634 3371/2849/639
f 3299/2850/640 3298/2840/635 3344/2841/635 3348/2851/640
f 3292/2852/641 3291/2846/638 3321/2847/638 3325/2853/641
f 3307/2854/642 3306/2855/639 3371/2856/639 3374/2857/642
f 3300/2858/643 3299/2850/640 3348/2851/640 3351/2859/643
f 3293/2860/644 3292/2852/641 3325/2853/641 3328/2861/644
f 3308/2862/645 3307/2854/642 3374/2857/642 3380/2863/645
f 3301/2864/646 3300/2858/643 3351/2859/643 3354/2865/646
f 3294/2866/647 3293/2860/644 3328/2861/644 3330/2867/647
f 3309/2868/648 3308/2862/645 3380/2863/645 3383/2869/648
f 3302/2825/628 3301/2864/646 3354/2865/646 3357/2826/628
f 3295/2829/630 3294/2870/647 3330/2871/647 3334/2830/630
f 3310/2832/631 3309/2868/648 3383/2869/648 3386/2833/631
f 3312/2799/649 3314/2872/650 3316/2873/651 3315/2844/652
f 3392/2451/1234 3317/2446/376 3391/2448/378
f 3313/2447/377 3316/2873/651 3314/2872/650
f 3316/2873/651 3313/2447/377 3320/2453/383 3319/2874/1277
f 3317/2446/376 3320/2453/383 3313/2447/377
f 3315/2844/652 3316/2873/651 3319/2874/1277 3318/2845/654
f 3317/2446/376 3392/2451/1234 3324/2450/380 3323/2452/382
f 3318/2845/654 3319/2874/1277 3322/2875/655 3321/2847/656
f 3320/2453/383 3322/2875/655 3319/2874/1277
f 3322/2875/655 3320/2453/383 3327/2876/657 3326/2877/1278
f 3323/2452/382 3327/2876/657 3320/2453/383
f 3321/2847/656 3322/2875/655 3326/2877/1278 3325/2853/659
f 3325/2853/659 3326/2877/1278 3329/2878/660 3328/2861/1279
f 3327/2876/657 3329/2878/660 3326/2877/1278
f 3327/2876/657 3323/2452/382 3333/2879/385 3332/2880/662
f 3324/2450/380 3333/2879/385 3323/2452/382
f 3329/2878/660 3327/2876/657 3332/2880/662 3331/2881/663
f 3328/2861/1279 3329/2878/660 3331/2881/663 3330/2867/664
f 3332/2882/662 3336/2458/386 3335/2883/665 3331/2884/663
f 3336/2458/386 3332/2882/662 3333/2457/385
f 3331/2884/663 3335/2883/665 3334/2830/1280 3330/2871/664
f 3335/2883/665 3339/2885/667 3338/2831/668 3334/2830/1280
f 3340/2459/1235 3333/2457/385 3337/2455/384
f 3339/2885/667 3335/2883/665 3336/2458/386
f 3336/2458/386 3343/2461/1236 3342/2886/669 3339/2885/667
f 3343/2461/1236 3336/2458/386 3340/2459/1235
f 3339/2885/667 3342/2886/669 3341/2837/670 3338/2831/668
f 3337/2455/384 3347/2460/388 3346/2462/390 3340/2459/1235
f 3342/2886/669 3345/2887/671 3344/2841/672 3341/2837/670
f 3345/2887/671 3342/2886/669 3343/2461/1236
f 3343/2461/1236 3350/2463/391 3349/2888/673 3345/2887/671
f 3350/2463/391 3343/2461/1236 3346/2462/390
f 3345/2887/671 3349/2888/673 3348/2851/674 3344/2841/672
f 3349/2888/673 3352/2889/675 3351/2859/676 3348/2851/674
f 3353/2464/392 3346/2462/390 3347/2460/388
f 3352/2889/675 3349/2888/673 3350/2463/391
f 3352/2889/675 3350/2463/391 3356/2467/395 3355/2890/677
f 3353/2464/392 3356/2467/395 3350/2463/391
f 3351/2859/676 3352/2889/675 3355/2890/677 3354/2865/678
f 3353/2464/392 3347/2460/388 3360/2465/393 3359/2466/394
f 3354/2865/678 3355/2890/677 3358/2891/679 3357/2826/1159
f 3356/2467/395 3358/2891/679 3355/2890/677
f 3358/2891/679 3356/2467/395 3363/2470/398 3362/2892/681
f 3359/2466/394 3363/2470/398 3356/2467/395
f 3357/2826/1159 3358/2891/679 3362/2892/681 3361/2827/682
f 3359/2466/394 3360/2465/393 3367/2468/396 3366/2469/397
f 3361/2827/682 3362/2892/681 3365/2893/1281 3364/2835/684
f 3363/2470/398 3365/2893/1281 3362/2892/681
f 3365/2893/1281 3363/2470/398 3370/2472/400 3369/2894/685
f 3366/2469/397 3370/2472/400 3363/2470/398
f 3364/2835/684 3365/2893/1281 3369/2894/685 3368/2839/686
f 3369/2894/685 3370/2472/400 3373/2471/399 3372/2895/687
f 3367/2468/396 3373/2471/399 3366/2469/397
f 3368/2839/686 3369/2894/685 3372/2895/687 3371/2849/688
f 3367/2474/396 3379/2473/401 3378/2477/403 3373/2476/399
f 3373/2476/399 3377/2475/402 3376/2896/689 3372/2897/687
f 3372/2897/687 3376/2896/689 3374/2857/690 3371/2856/688
f 3377/2475/402 3382/2478/404 3381/2898/1282 3376/2896/689
f 3382/2478/404 3377/2475/402 3378/2477/403
f 3376/2896/689 3381/2898/1282 3380/2863/692 3374/2857/690
f 3381/2898/1282 3384/2899/693 3383/2869/1171 3380/2863/692
f 3385/2479/1237 3378/2477/403 3379/2473/401
f 3384/2899/693 3381/2898/1282 3382/2478/404
f 3382/2478/404 3388/2480/406 3387/2900/695 3384/2899/693
f 3388/2480/406 3382/2478/404 3385/2479/1237
f 3384/2899/693 3387/2900/695 3386/2833/696 3383/2869/1171
f 3379/2473/401 3392/2451/1234 3391/2448/378 3385/2479/1237
f 3387/2900/695 3390/2901/1283 3389/2798/698 3386/2833/696
f 3390/2901/1283 3387/2900/695 3388/2480/406
f 3388/2480/406 3313/2447/377 3314/2872/650 3390/2901/1283
f 3313/2447/377 3388/2480/406 3391/2448/378
f 3390/2901/1283 3314/2872/650 3312/2799/649 3389/2798/698
f 3289/2843/637 3288/2796/622 3312/2799/622 3315/2844/637
f 3799/2446/922 3795/2447/1345 3873/2448/924
f 3857/2449/925 3806/2450/926 3874/2451/1346
f 3805/2452/928 3802/2453/929 3799/2446/922
f 3857/2454/925 3819/2455/930 3806/2456/926
f 3815/2457/931 3806/2456/926 3819/2455/930
f 3818/2458/932 3815/2457/931 3822/2459/933
f 3857/2454/925 3829/2460/934 3819/2455/930
f 3825/2461/1347 3822/2459/933 3828/2462/936
f 3832/2463/937 3828/2462/936 3835/2464/938
f 3857/2454/925 3842/2465/939 3829/2460/934
f 3841/2466/1348 3838/2467/941 3835/2464/938
f 3857/2454/925 3849/2468/942 3842/2465/939
f 3848/2469/943 3845/2470/944 3841/2466/1348
f 3855/2471/945 3852/2472/1349 3848/2469/943
f 3857/2449/925 3861/2473/1350 3849/2474/942
f 3859/2475/1351 3855/2476/945 3860/2477/949
f 3864/2478/950 3860/2477/949 3867/2479/1352
f 3857/2449/925 3874/2451/1346 3861/2473/1350
f 3870/2480/952 3867/2479/1352 3873/2448/924
f 3770/2796/643 3793/2797/640 3871/2798/640 3794/2799/643
f 3781/2800/366 3782/2801/366 3783/2802/366 3784/2803/366 3785/2804/366 3786/2805/366 3787/2806/366 3788/2807/366 3789/2808/366 3790/2809/366 3791/2810/366 3792/2811/366 3793/2812/366 3770/2813/366 3771/2814/366 3772/2815/366 3773/2816/366 3774/2817/366 3775/2818/366 3776/2819/366 3777/2820/366 3778/2821/366 3779/2822/366 3780/2823/366
f 3785/2824/638 3784/2825/636 3839/2826/636 3843/2827/638
f 3778/2828/645 3777/2829/1392 3816/2830/1392 3820/2831/645
f 3793/2797/640 3792/2832/635 3868/2833/635 3871/2798/640
f 3786/2834/641 3785/2824/638 3843/2827/638 3846/2835/641
f 3779/2836/648 3778/2828/645 3820/2831/645 3823/2837/648
f 3787/2838/644 3786/2834/641 3846/2835/641 3850/2839/644
f 3780/2840/631 3779/2836/648 3823/2837/648 3826/2841/631
f 3772/2842/628 3771/2843/646 3797/2844/646 3800/2845/628
f 3773/2846/627 3772/2842/628 3800/2845/628 3803/2847/627
f 3788/2848/647 3787/2838/644 3850/2839/644 3853/2849/647
f 3781/2850/626 3780/2840/631 3826/2841/631 3830/2851/626
f 3774/2852/632 3773/2846/627 3803/2847/627 3807/2853/632
f 3789/2854/630 3788/2855/647 3853/2856/647 3856/2857/630
f 3782/2858/622 3781/2850/626 3830/2851/626 3833/2859/622
f 3775/2860/634 3774/2852/632 3807/2853/632 3810/2861/634
f 3790/2862/629 3789/2854/630 3856/2857/630 3862/2863/629
f 3783/2864/637 3782/2858/622 3833/2859/622 3836/2865/637
f 3776/2866/639 3775/2860/634 3810/2861/634 3812/2867/639
f 3791/2868/633 3790/2862/629 3862/2863/629 3865/2869/633
f 3784/2825/636 3783/2864/637 3836/2865/637 3839/2826/636
f 3777/2829/1392 3776/2870/639 3812/2871/639 3816/2830/1392
f 3792/2832/635 3791/2868/633 3865/2869/633 3868/2833/635
f 3794/2799/676 3796/2872/1156 3798/2873/1157 3797/2844/678
f 3874/2451/1346 3799/2446/922 3873/2448/924
f 3795/2447/1345 3798/2873/1157 3796/2872/1156
f 3798/2873/1157 3795/2447/1345 3802/2453/929 3801/2874/1158
f 3799/2446/922 3802/2453/929 3795/2447/1345
f 3797/2844/678 3798/2873/1157 3801/2874/1158 3800/2845/1159
f 3799/2446/922 3874/2451/1346 3806/2450/926 3805/2452/928
f 3800/2845/1159 3801/2874/1158 3804/2875/1160 3803/2847/682
f 3802/2453/929 3804/2875/1160 3801/2874/1158
f 3804/2875/1160 3802/2453/929 3809/2876/1161 3808/2877/1162
f 3805/2452/928 3809/2876/1161 3802/2453/929
f 3803/2847/682 3804/2875/1160 3808/2877/1162 3807/2853/684
f 3807/2853/684 3808/2877/1162 3811/2878/1163 3810/2861/1164
f 3809/2876/1161 3811/2878/1163 3808/2877/1162
f 3809/2876/1161 3805/2452/928 3815/2879/931 3814/2880/1165
f 3806/2450/926 3815/2879/931 3805/2452/928
f 3811/2878/1163 3809/2876/1161 3814/2880/1165 3813/2881/1166
f 3810/2861/1164 3811/2878/1163 3813/2881/1166 3812/2867/688
f 3814/2882/1165 3818/2458/932 3817/2883/1167 3813/2884/1166
f 3818/2458/932 3814/2882/1165 3815/2457/931
f 3813/2884/1166 3817/2883/1167 3816/2830/1168 3812/2871/688
f 3817/2883/1167 3821/2885/1169 3820/2831/692 3816/2830/1168
f 3822/2459/933 3815/2457/931 3819/2455/930
f 3821/2885/1169 3817/2883/1167 3818/2458/932
f 3818/2458/932 3825/2461/1347 3824/2886/1170 3821/2885/1169
f 3825/2461/1347 3818/2458/932 3822/2459/933
f 3821/2885/1169 3824/2886/1170 3823/2837/1171 3820/2831/692
f 3819/2455/930 3829/2460/934 3828/2462/936 3822/2459/933
f 3824/2886/1170 3827/2887/1393 3826/2841/696 3823/2837/1171
f 3827/2887/1393 3824/2886/1170 3825/2461/1347
f 3825/2461/1347 3832/2463/937 3831/2888/1394 3827/2887/1393
f 3832/2463/937 3825/2461/1347 3828/2462/936
f 3827/2887/1393 3831/2888/1394 3830/2851/698 3826/2841/696
f 3831/2888/1394 3834/2889/1174 3833/2859/649 3830/2851/698
f 3835/2464/938 3828/2462/936 3829/2460/934
f 3834/2889/1174 3831/2888/1394 3832/2463/937
f 3834/2889/1174 3832/2463/937 3838/2467/941 3837/2890/1395
f 3835/2464/938 3838/2467/941 3832/2463/937
f 3833/2859/649 3834/2889/1174 3837/2890/1395 3836/2865/652
f 3835/2464/938 3829/2460/934 3842/2465/939 3841/2466/1348
f 3836/2865/652 3837/2890/1395 3840/2891/1176 3839/2826/654
f 3838/2467/941 3840/2891/1176 3837/2890/1395
f 3840/2891/1176 3838/2467/941 3845/2470/944 3844/2892/1177
f 3841/2466/1348 3845/2470/944 3838/2467/941
f 3839/2826/654 3840/2891/1176 3844/2892/1177 3843/2827/656
f 3841/2466/1348 3842/2465/939 3849/2468/942 3848/2469/943
f 3843/2827/656 3844/2892/1177 3847/2893/1178 3846/2835/659
f 3845/2470/944 3847/2893/1178 3844/2892/1177
f 3847/2893/1178 3845/2470/944 3852/2472/1349 3851/2894/1179
f 3848/2469/943 3852/2472/1349 3845/2470/944
f 3846/2835/659 3847/2893/1178 3851/2894/1179 3850/2839/661
f 3851/2894/1179 3852/2472/1349 3855/2471/945 3854/2895/1180
f 3849/2468/942 3855/2471/945 3848/2469/943
f 3850/2839/661 3851/2894/1179 3854/2895/1180 3853/2849/664
f 3849/2474/942 3861/2473/1350 3860/2477/949 3855/2476/945
f 3855/2476/945 3859/2475/1351 3858/2896/1181 3854/2897/1180
f 3854/2897/1180 3858/2896/1181 3856/2857/666 3853/2856/664
f 3859/2475/1351 3864/2478/950 3863/2898/1182 3858/2896/1181
f 3864/2478/950 3859/2475/1351 3860/2477/949
f 3858/2896/1181 3863/2898/1182 3862/2863/668 3856/2857/666
f 3863/2898/1182 3866/2899/1183 3865/2869/670 3862/2863/668
f 3867/2479/1352 3860/2477/949 3861/2473/1350
f 3866/2899/1183 3863/2898/1182 3864/2478/950
f 3864/2478/950 3870/2480/952 3869/2900/1184 3866/2899/1183
f 3870/2480/952 3864/2478/950 3867/2479/1352
f 3866/2899/1183 3869/2900/1184 3868/2833/672 3865/2869/670
f 3861/2473/1350 3874/2451/1346 3873/2448/924 3867/2479/1352
f 3869/2900/1184 3872/2901/1185 3871/2798/674 3868/2833/672
f 3872/2901/1185 3869/2900/1184 3870/2480/952
f 3870/2480/952 3795/2447/1345 3796/2872/1156 3872/2901/1185
f 3795/2447/1345 3870/2480/952 3873/2448/924
f 3872/2901/1185 3796/2872/1156 3794/2799/676 3871/2798/674
f 3771/2843/646 3770/2796/643 3794/2799/643 3797/2844/646
f 4281/2446/1474 4277/2447/377 4355/2448/378
f 4339/2449/1475 4288/2450/380 4356/2451/381
f 4287/2452/382 4284/2453/383 4281/2446/1474
f 4339/2454/1475 4301/2455/1476 4288/2456/380
f 4297/2457/385 4288/2456/380 4301/2455/1476
f 4300/2458/386 4297/2457/385 4304/2459/1235
f 4339/2454/1475 4311/2460/388 4301/2455/1476
f 4307/2461/1236 4304/2459/1235 4310/2462/390
f 4314/2463/391 4310/2462/390 4317/2464/1477
f 4339/2454/1475 4324/2465/393 4311/2460/388
f 4323/2466/1478 4320/2467/395 4317/2464/1477
f 4339/2454/1475 4331/2468/396 4324/2465/393
f 4330/2469/397 4327/2470/398 4323/2466/1478
f 4337/2471/399 4334/2472/1479 4330/2469/397
f 4339/2449/1475 4343/2473/401 4331/2474/396
f 4341/2475/402 4337/2476/399 4342/2477/403
f 4346/2478/404 4342/2477/403 4349/2479/1237
f 4339/2449/1475 4356/2451/381 4343/2473/401
f 4352/2480/406 4349/2479/1237 4355/2448/378
f 4252/2796/622 4275/2797/626 4353/2798/626 4276/2799/622
f 4263/2800/366 4264/2801/366 4265/2802/366 4266/2803/366 4267/2804/366 4268/2805/366 4269/2806/366 4270/2807/366 4271/2808/366 4272/2809/366 4273/2810/366 4274/2811/366 4275/2812/366 4252/2813/366 4253/2814/366 4254/2815/366 4255/2816/366 4256/2817/366 4257/2818/366 4258/2819/366 4259/2820/366 4260/2821/366 4261/2822/366 4262/2823/366
f 4267/2824/1530 4266/2825/1531 4321/2826/1531 4325/2827/1530
f 4260/2828/629 4259/2829/630 4298/2830/630 4302/2831/629
f 4275/2797/626 4274/2832/631 4350/2833/631 4353/2798/626
f 4268/2834/632 4267/2824/1530 4325/2827/1530 4328/2835/632
f 4261/2836/1532 4260/2828/629 4302/2831/629 4305/2837/1532
f 4269/2838/634 4268/2834/632 4328/2835/632 4332/2839/634
f 4262/2840/1533 4261/2836/1532 4305/2837/1532 4308/2841/1533
f 4254/2842/636 4253/2843/637 4279/2844/637 4282/2845/636
f 4255/2846/1534 4254/2842/636 4282/2845/636 4285/2847/1534
f 4270/2848/639 4269/2838/634 4332/2839/634 4335/2849/639
f 4263/2850/640 4262/2840/1533 4308/2841/1533 4312/2851/640
f 4256/2852/641 4255/2846/1534 4285/2847/1534 4289/2853/641
f 4271/2854/642 4270/2855/639 4335/2856/639 4338/2857/642
f 4264/2858/643 4263/2850/640 4312/2851/640 4315/2859/643
f 4257/2860/644 4256/2852/641 4289/2853/641 4292/2861/644
f 4272/2862/645 4271/2854/642 4338/2857/642 4344/2863/645
f 4265/2864/646 4264/2858/643 4315/2859/643 4318/2865/646
f 4258/2866/647 4257/2860/644 4292/2861/644 4294/2867/647
f 4273/2868/1535 4272/2862/645 4344/2863/645 4347/2869/1535
f 4266/2825/1531 4265/2864/646 4318/2865/646 4321/2826/1531
f 4259/2829/630 4258/2870/647 4294/2871/647 4298/2830/630
f 4274/2832/631 4273/2868/1535 4347/2869/1535 4350/2833/631
f 4276/2799/649 4278/2872/650 4280/2873/651 4279/2844/652
f 4356/2451/381 4281/2446/1474 4355/2448/378
f 4277/2447/377 4280/2873/651 4278/2872/650
f 4280/2873/651 4277/2447/377 4284/2453/383 4283/2874/1536
f 4281/2446/1474 4284/2453/383 4277/2447/377
f 4279/2844/652 4280/2873/651 4283/2874/1536 4282/2845/654
f 4281/2446/1474 4356/2451/381 4288/2450/380 4287/2452/382
f 4282/2845/654 4283/2874/1536 4286/2875/655 4285/2847/1537
f 4284/2453/383 4286/2875/655 4283/2874/1536
f 4286/2875/655 4284/2453/383 4291/2876/657 4290/2877/658
f 4287/2452/382 4291/2876/657 4284/2453/383
f 4285/2847/1537 4286/2875/655 4290/2877/658 4289/2853/659
f 4289/2853/659 4290/2877/658 4293/2878/660 4292/2861/1538
f 4291/2876/657 4293/2878/660 4290/2877/658
f 4291/2876/657 4287/2452/382 4297/2879/385 4296/2880/1539
f 4288/2450/380 4297/2879/385 4287/2452/382
f 4293/2878/660 4291/2876/657 4296/2880/1539 4295/2881/663
f 4292/2861/1538 4293/2878/660 4295/2881/663 4294/2867/664
f 4296/2882/1539 4300/2458/386 4299/2883/665 4295/2884/663
f 4300/2458/386 4296/2882/1539 4297/2457/385
f 4295/2884/663 4299/2883/665 4298/2830/666 4294/2871/664
f 4299/2883/665 4303/2885/1540 4302/2831/668 4298/2830/666
f 4304/2459/1235 4297/2457/385 4301/2455/1476
f 4303/2885/1540 4299/2883/665 4300/2458/386
f 4300/2458/386 4307/2461/1236 4306/2886/669 4303/2885/1540
f 4307/2461/1236 4300/2458/386 4304/2459/1235
f 4303/2885/1540 4306/2886/669 4305/2837/670 4302/2831/668
f 4301/2455/1476 4311/2460/388 4310/2462/390 4304/2459/1235
f 4306/2886/669 4309/2887/1541 4308/2841/672 4305/2837/670
f 4309/2887/1541 4306/2886/669 4307/2461/1236
f 4307/2461/1236 4314/2463/391 4313/2888/673 4309/2887/1541
f 4314/2463/391 4307/2461/1236 4310/2462/390
f 4309/2887/1541 4313/2888/673 4312/2851/674 4308/2841/672
f 4313/2888/673 4316/2889/675 4315/2859/676 4312/2851/674
f 4317/2464/1477 4310/2462/390 4311/2460/388
f 4316/2889/675 4313/2888/673 4314/2463/391
f 4316/2889/675 4314/2463/391 4320/2467/395 4319/2890/1542
f 4317/2464/1477 4320/2467/395 4314/2463/391
f 4315/2859/676 4316/2889/675 4319/2890/1542 4318/2865/678
f 4317/2464/1477 4311/2460/388 4324/2465/393 4323/2466/1478
f 4318/2865/678 4319/2890/1542 4322/2891/679 4321/2826/1159
f 4320/2467/395 4322/2891/679 4319/2890/1542
f 4322/2891/679 4320/2467/395 4327/2470/398 4326/2892/681
f 4323/2466/1478 4327/2470/398 4320/2467/395
f 4321/2826/1159 4322/2891/679 4326/2892/681 4325/2827/1543
f 4323/2466/1478 4324/2465/393 4331/2468/396 4330/2469/397
f 4325/2827/1543 4326/2892/681 4329/2893/1281 4328/2835/1544
f 4327/2470/398 4329/2893/1281 4326/2892/681
f 4329/2893/1281 4327/2470/398 4334/2472/1479 4333/2894/685
f 4330/2469/397 4334/2472/1479 4327/2470/398
f 4328/2835/1544 4329/2893/1281 4333/2894/685 4332/2839/686
f 4333/2894/685 4334/2472/1479 4337/2471/399 4336/2895/687
f 4331/2468/396 4337/2471/399 4330/2469/397
f 4332/2839/686 4333/2894/685 4336/2895/687 4335/2849/688
f 4331/2474/396 4343/2473/401 4342/2477/403 4337/2476/399
f 4337/2476/399 4341/2475/402 4340/2896/689 4336/2897/687
f 4336/2897/687 4340/2896/689 4338/2857/1545 4335/2856/688
f 4341/2475/402 4346/2478/404 4345/2898/1282 4340/2896/689
f 4346/2478/404 4341/2475/402 4342/2477/403
f 4340/2896/689 4345/2898/1282 4344/2863/692 4338/2857/1545
f 4345/2898/1282 4348/2899/693 4347/2869/1546 4344/2863/692
f 4349/2479/1237 4342/2477/403 4343/2473/401
f 4348/2899/693 4345/2898/1282 4346/2478/404
f 4346/2478/404 4352/2480/406 4351/2900/695 4348/2899/693
f 4352/2480/406 4346/2478/404 4349/2479/1237
f 4348/2899/693 4351/2900/695 4350/2833/696 4347/2869/1546
f 4343/2473/401 4356/2451/381 4355/2448/378 4349/2479/1237
f 4351/2900/695 4354/2901/697 4353/2798/698 4350/2833/696
f 4354/2901/697 4351/2900/695 4352/2480/406
f 4352/2480/406 4277/2447/377 4278/2872/650 4354/2901/697
f 4277/2447/377 4352/2480/406 4355/2448/378
f 4354/2901/697 4278/2872/650 4276/2799/649 4353/2798/698
f 4253/2843/637 4252/2796/622 4276/2799/622 4279/2844/637
f 4763/2446/922 4759/2447/1345 4837/2448/924
f 4821/2449/925 4770/2450/926 4838/2451/927
f 4769/2452/928 4766/2453/929 4763/2446/922
f 4821/2454/925 4783/2455/1610 4770/2456/926
f 4779/2457/931 4770/2456/926 4783/2455/1610
f 4782/2458/932 4779/2457/931 4786/2459/933
f 4821/2454/925 4793/2460/934 4783/2455/1610
f 4789/2461/1347 4786/2459/933 4792/2462/936
f 4796/2463/937 4792/2462/936 4799/2464/1611
f 4821/2454/925 4806/2465/939 4793/2460/934
f 4805/2466/940 4802/2467/941 4799/2464/1611
f 4821/2454/925 4813/2468/942 4806/2465/939
f 4812/2469/943 4809/2470/944 4805/2466/940
f 4819/2471/945 4816/2472/1349 4812/2469/943
f 4821/2449/925 4825/2473/947 4813/2474/942
f 4823/2475/1351 4819/2476/945 4824/2477/949
f 4828/2478/950 4824/2477/949 4831/2479/1352
f 4821/2449/925 4838/2451/927 4825/2473/947
f 4834/2480/952 4831/2479/1352 4837/2448/924
f 4734/2796/643 4757/2797/640 4835/2798/640 4758/2799/643
f 4745/2800/366 4746/2801/366 4747/2802/366 4748/2803/366 4749/2804/366 4750/2805/366 4751/2806/366 4752/2807/366 4753/2808/366 4754/2809/366 4755/2810/366 4756/2811/366 4757/2812/366 4734/2813/366 4735/2814/366 4736/2815/366 4737/2816/366 4738/2817/366 4739/2818/366 4740/2819/366 4741/2820/366 4742/2821/366 4743/2822/366 4744/2823/366
f 4749/2824/1534 4748/2825/1658 4803/2826/1658 4807/2827/1534
f 4742/2828/645 4741/2829/642 4780/2830/642 4784/2831/645
f 4757/2797/640 4756/2832/635 4832/2833/635 4835/2798/640
f 4750/2834/641 4749/2824/1534 4807/2827/1534 4810/2835/641
f 4743/2836/1535 4742/2828/645 4784/2831/645 4787/2837/1535
f 4751/2838/644 4750/2834/641 4810/2835/641 4814/2839/644
f 4744/2840/1659 4743/2836/1535 4787/2837/1535 4790/2841/1659
f 4736/2842/628 4735/2843/646 4761/2844/646 4764/2845/628
f 4737/2846/1530 4736/2842/628 4764/2845/628 4767/2847/1530
f 4752/2848/647 4751/2838/644 4814/2839/644 4817/2849/647
f 4745/2850/626 4744/2840/1659 4790/2841/1659 4794/2851/626
f 4738/2852/632 4737/2846/1530 4767/2847/1530 4771/2853/632
f 4753/2854/630 4752/2855/647 4817/2856/647 4820/2857/630
f 4746/2858/622 4745/2850/626 4794/2851/626 4797/2859/622
f 4739/2860/634 4738/2852/632 4771/2853/632 4774/2861/634
f 4754/2862/629 4753/2854/630 4820/2857/630 4826/2863/629
f 4747/2864/637 4746/2858/622 4797/2859/622 4800/2865/637
f 4740/2866/639 4739/2860/634 4774/2861/634 4776/2867/639
f 4755/2868/1532 4754/2862/629 4826/2863/629 4829/2869/1532
f 4748/2825/1658 4747/2864/637 4800/2865/637 4803/2826/1658
f 4741/2829/642 4740/2870/639 4776/2871/639 4780/2830/642
f 4756/2832/635 4755/2868/1532 4829/2869/1532 4832/2833/635
f 4758/2799/676 4760/2872/1156 4762/2873/1660 4761/2844/678
f 4838/2451/927 4763/2446/922 4837/2448/924
f 4759/2447/1345 4762/2873/1660 4760/2872/1156
f 4762/2873/1660 4759/2447/1345 4766/2453/929 4765/2874/1661
f 4763/2446/922 4766/2453/929 4759/2447/1345
f 4761/2844/678 4762/2873/1660 4765/2874/1661 4764/2845/1159
f 4763/2446/922 4838/2451/927 4770/2450/926 4769/2452/928
f 4764/2845/1159 4765/2874/1661 4768/2875/1160 4767/2847/1662
f 4766/2453/929 4768/2875/1160 4765/2874/1661
f 4768/2875/1160 4766/2453/929 4773/2876/1161 4772/2877/1663
f 4769/2452/928 4773/2876/1161 4766/2453/929
f 4767/2847/1662 4768/2875/1160 4772/2877/1663 4771/2853/684
f 4771/2853/684 4772/2877/1663 4775/2878/1163 4774/2861/1164
f 4773/2876/1161 4775/2878/1163 4772/2877/1663
f 4773/2876/1161 4769/2452/928 4779/2879/931 4778/2880/1664
f 4770/2450/926 4779/2879/931 4769/2452/928
f 4775/2878/1163 4773/2876/1161 4778/2880/1664 4777/2881/1166
f 4774/2861/1164 4775/2878/1163 4777/2881/1166 4776/2867/688
f 4778/2882/1664 4782/2458/932 4781/2883/1167 4777/2884/1166
f 4782/2458/932 4778/2882/1664 4779/2457/931
f 4777/2884/1166 4781/2883/1167 4780/2830/690 4776/2871/688
f 4781/2883/1167 4785/2885/1665 4784/2831/692 4780/2830/690
f 4786/2459/933 4779/2457/931 4783/2455/1610
f 4785/2885/1665 4781/2883/1167 4782/2458/932
f 4782/2458/932 4789/2461/1347 4788/2886/1170 4785/2885/1665
f 4789/2461/1347 4782/2458/932 4786/2459/933
f 4785/2885/1665 4788/2886/1170 4787/2837/694 4784/2831/692
f 4783/2455/1610 4793/2460/934 4792/2462/936 4786/2459/933
f 4788/2886/1170 4791/2887/1172 4790/2841/696 4787/2837/694
f 4791/2887/1172 4788/2886/1170 4789/2461/1347
f 4789/2461/1347 4796/2463/937 4795/2888/1173 4791/2887/1172
f 4796/2463/937 4789/2461/1347 4792/2462/936
f 4791/2887/1172 4795/2888/1173 4794/2851/698 4790/2841/696
f 4795/2888/1173 4798/2889/1666 4797/2859/1667 4794/2851/698
f 4799/2464/1611 4792/2462/936 4793/2460/934
f 4798/2889/1666 4795/2888/1173 4796/2463/937
f 4798/2889/1666 4796/2463/937 4802/2467/941 4801/2890/1668
f 4799/2464/1611 4802/2467/941 4796/2463/937
f 4797/2859/1667 4798/2889/1666 4801/2890/1668 4800/2865/652
f 4799/2464/1611 4793/2460/934 4806/2465/939 4805/2466/940
f 4800/2865/652 4801/2890/1668 4804/2891/1176 4803/2826/654
f 4802/2467/941 4804/2891/1176 4801/2890/1668
f 4804/2891/1176 4802/2467/941 4809/2470/944 4808/2892/1177
f 4805/2466/940 4809/2470/944 4802/2467/941
f 4803/2826/654 4804/2891/1176 4808/2892/1177 4807/2827/1669
f 4805/2466/940 4806/2465/939 4813/2468/942 4812/2469/943
f 4807/2827/1669 4808/2892/1177 4811/2893/1178 4810/2835/1670
f 4809/2470/944 4811/2893/1178 4808/2892/1177
f 4811/2893/1178 4809/2470/944 4816/2472/1349 4815/2894/1179
f 4812/2469/943 4816/2472/1349 4809/2470/944
f 4810/2835/1670 4811/2893/1178 4815/2894/1179 4814/2839/661
f 4815/2894/1179 4816/2472/1349 4819/2471/945 4818/2895/1180
f 4813/2468/942 4819/2471/945 4812/2469/943
f 4814/2839/661 4815/2894/1179 4818/2895/1180 4817/2849/664
f 4813/2474/942 4825/2473/947 4824/2477/949 4819/2476/945
f 4819/2476/945 4823/2475/1351 4822/2896/1181 4818/2897/1180
f 4818/2897/1180 4822/2896/1181 4820/2857/666 4817/2856/664
f 4823/2475/1351 4828/2478/950 4827/2898/1671 4822/2896/1181
f 4828/2478/950 4823/2475/1351 4824/2477/949
f 4822/2896/1181 4827/2898/1671 4826/2863/668 4820/2857/666
f 4827/2898/1671 4830/2899/1672 4829/2869/1673 4826/2863/668
f 4831/2479/1352 4824/2477/949 4825/2473/947
f 4830/2899/1672 4827/2898/1671 4828/2478/950
f 4828/2478/950 4834/2480/952 4833/2900/1184 4830/2899/1672
f 4834/2480/952 4828/2478/950 4831/2479/1352
f 4830/2899/1672 4833/2900/1184 4832/2833/672 4829/2869/1673
f 4825/2473/947 4838/2451/927 4837/2448/924 4831/2479/1352
f 4833/2900/1184 4836/2901/1185 4835/2798/674 4832/2833/672
f 4836/2901/1185 4833/2900/1184 4834/2480/952
f 4834/2480/952 4759/2447/1345 4760/2872/1156 4836/2901/1185
f 4759/2447/1345 4834/2480/952 4837/2448/924
f 4836/2901/1185 4760/2872/1156 4758/2799/676 4835/2798/674
f 4735/2843/646 4734/2796/643 4758/2799/643 4761/2844/646
usemtl Gray
f 2045/2205/136 2016/2206/137 2019/2207/138
f 2045/2205/136 2019/2207/138 2046/2208/139
f 2040/2209/140 2000/2210/141 2003/2211/142
f 2051/2212/143 2037/2213/144 2038/2214/145
f 2046/2208/139 2019/2207/138 2020/2215/146
f 2040/2209/140 2003/2211/142 2041/2216/147
f 2046/2208/139 2020/2215/146 2023/2217/148
f 2041/2216/147 2003/2211/142 2005/2218/149
f 2042/2219/150 2009/2220/151 2043/2221/152
f 2048/2222/153 2027/2223/154 2029/2224/155
f 2048/2222/153 2029/2224/155 2049/2225/156
f 1954/2226/157 1999/2227/158 1953/2228/159
f 1958/2229/160 2004/2230/161 1957/2231/162
f 1960/2232/163 2006/2233/164 1959/2234/165
f 1964/2235/166 2011/2236/167 1963/2237/168
f 1969/2238/169 2018/2239/170 1968/2240/171
f 1972/2241/172 2022/2242/173 1971/2243/174
f 1976/2244/175 2028/2245/176 1975/2246/177
f 2065/2247/178 2036/2248/179 1981/2249/180
f 2002/2250/181 2003/2211/142 2001/2251/182
f 2008/2252/183 2009/2220/151 2006/2233/164
f 2011/2236/167 2013/2253/184 2012/2254/185
f 2015/2255/186 2016/2206/137 2014/2256/187
f 2018/2239/170 2020/2215/146 2019/2207/138
f 2036/2248/179 2038/2214/145 2037/2213/144
f 2431/2257/188 2040/2209/188 2041/2216/189
f 1984/2258/190 2041/2216/189 2042/2259/191
f 1985/2260/192 2042/2219/191 2043/2221/193
f 1986/2261/193 2043/2221/193 2044/2262/194
f 1987/2263/195 2044/2262/194 2045/2205/196
f 1989/2264/197 2047/2265/198 1990/2266/199
f 1990/2266/199 2048/2222/199 1991/2267/200
f 1994/2268/201 2051/2212/202 1995/2269/201
f 2431/2270/203 2055/2271/204 2054/2272/205
f 1990/2273/206 2060/2274/207 1989/2275/208
f 2429/2276/209 2060/2274/207 1990/2273/206
f 1985/2277/210 2056/2278/211 1984/2279/212
f 2432/2280/213 2059/2281/214 1988/2282/215
f 2078/2283/216 2108/2284/217 2076/2285/218
f 2079/2286/219 2110/2287/220 2078/2283/216
f 2095/2288/221 2125/2289/222 2123/2290/223
f 2096/2291/224 2127/2292/225 2125/2289/222
f 2098/2293/226 2129/2294/227 2127/2292/225
f 2072/2295/228 2103/2296/229 2070/2297/230
f 2074/2298/231 2105/2299/232 2072/2295/228
f 2053/2300/233 2067/2301/234 2052/2302/235
f 2059/2303/236 2082/2304/237 2080/2305/238
f 2053/2300/233 2068/2306/239 2067/2301/234
f 2052/2302/235 2067/2301/234 2097/2307/240
f 2060/2308/241 2085/2309/242 2430/2310/243
f 2429/2311/244 2088/2312/245 2060/2308/241
f 2058/2313/246 2077/2314/247 2057/2315/248
f 2079/2286/249 2077/2314/250 2081/2316/251
f 2081/2316/251 2080/2305/252 2083/2317/253
f 2083/2317/253 2082/2304/254 2084/2318/255
f 2086/2319/256 2085/2309/257 2087/2320/258
f 2093/2321/259 2092/2322/260 2095/2288/221
f 2102/2323/261 2099/2324/262 2101/2325/263
f 2109/2326/264 2107/2327/265 2108/2284/266
f 2109/2326/264 2108/2284/266 2111/2328/267
f 2120/2329/268 2117/2330/269 2119/2331/270
f 2122/2332/271 2119/2331/270 2121/2333/272
f 2066/2334/273 2099/2324/274 2129/2294/227
f 2135/2335/275 2172/2336/276 2170/2337/277
f 2130/2338/278 2186/2339/279 2139/2340/280
f 2136/2341/281 2174/2342/282 2172/2336/276
f 2189/2343/283 2140/2344/284 2188/2345/285
f 2137/2346/286 2177/2347/287 2174/2342/282
f 2137/2346/286 2179/2348/288 2177/2347/287
f 2133/2349/289 2166/2350/290 2164/2351/291
f 2134/2352/292 2168/2353/293 2166/2350/290
f 2139/2340/280 2181/2354/294 2138/2355/295
f 2134/2352/292 2170/2337/277 2168/2353/293
f 2198/2356/296 2146/2357/297 2145/2358/298
f 2200/2359/299 2147/2360/300 2146/2357/297
f 2213/2361/301 2153/2362/302 2211/2363/303
f 2140/2344/284 2142/2364/304 2141/2365/305
f 2202/2366/306 2148/2367/307 2147/2360/300
f 2214/2368/308 2154/2369/309 2213/2361/301
f 2189/2343/283 2143/2370/310 2140/2344/284
f 2191/2371/311 2143/2370/310 2189/2343/283
f 2215/2372/312 2155/2373/313 2214/2368/308
f 2204/2374/314 2150/2375/315 2149/2376/316
f 2193/2377/317 2144/2378/318 2191/2371/311
f 2195/2379/319 2144/2378/318 2193/2377/317
f 2206/2380/320 2151/2381/321 2150/2375/315
f 2163/2382/322 2192/2383/323 2162/2384/324
f 2162/2384/324 2161/2385/325 2163/2382/322
f 2194/2386/326 2163/2387/322 2165/2388/327
f 2197/2389/328 2165/2388/327 2167/2390/329
f 2165/2388/327 2164/2351/291 2166/2350/290
f 2199/2391/330 2167/2390/329 2169/2392/331
f 2167/2390/329 2166/2350/290 2168/2353/293
f 2169/2392/331 2168/2353/293 2170/2337/277
f 2203/2393/332 2175/2394/333 2176/2395/334
f 2176/2395/334 2174/2342/282 2177/2347/287
f 2178/2396/335 2177/2347/287 2179/2348/288
f 2208/2397/336 2180/2398/337 2182/2399/338
f 2182/2399/338 2180/2398/337 2179/2348/288
f 2183/2400/339 2210/2401/340 2182/2399/338
f 2179/2348/288 2181/2354/294 2182/2399/338
f 2182/2399/338 2181/2354/294 2183/2400/339
f 2187/2402/341 2212/2403/342 2185/2404/343
f 2187/2402/341 2186/2339/279 2215/2372/312
f 2193/2377/317 2192/2383/323 2195/2379/319
f 2202/2366/306 2201/2405/344 2171/2406/345
f 2204/2374/314 2173/2407/346 2175/2394/333
f 2204/2374/314 2175/2394/333 2203/2393/332
f 2206/2380/320 2203/2393/332 2205/2408/347
f 2228/2409/348 2222/2410/349 2221/2411/350
f 2227/2412/351 2221/2411/350 2220/2413/352
f 2226/2414/353 2220/2413/352 2219/2415/354
f 2225/2416/355 2219/2415/354 2218/2417/356
f 2224/2418/357 2218/2417/356 2217/2419/358
f 2223/2420/359 2217/2419/358 2216/2421/360
f 2234/2422/361 2240/2423/362 2235/2424/363
f 2235/2424/363 2239/2425/364 2236/2426/365
f 2226/2427/366 2241/2428/366 2227/2429/366
f 2219/2430/367 2235/2424/367 2218/2431/368
f 2225/2432/366 2240/2423/366 2226/2427/366
f 2218/2431/368 2236/2426/367 2217/2433/367
f 2224/2434/366 2239/2425/366 2225/2432/366
f 2217/2433/367 2237/2435/367 2216/2436/367
f 2227/2429/366 2242/2437/366 2228/2438/366
f 2220/2439/369 2234/2422/367 2219/2430/367
f 2270/2440/370 2271/2441/371 2284/2442/372
f 2245/2443/373 2264/2444/374 2261/2445/375
f 1991/2481/407 2429/2482/209 1990/2483/206
f 1986/2484/408 2056/2485/211 1985/2486/210
f 1993/2487/409 2062/2488/410 1992/2489/411
f 1957/2490/367 1956/2491/367 1955/2492/367 1954/2493/367 1953/2494/367 1952/2495/367 1951/2496/367 2065/2497/367 1981/2498/367 1980/2499/367 1979/2500/367 1978/2501/367 1977/2502/367 1976/2503/367 1975/2504/367 1974/2505/367 1973/2506/367 1972/2507/367 1971/2508/367 1970/2509/367 1969/2510/367 1968/2511/367 1967/2512/367 1966/2513/367 1965/2514/367 1964/2515/367 1963/2516/367 1962/2517/367 1961/2518/367 1960/2519/367 1959/2520/367 1958/2521/367
f 1996/2522/412 1951/2523/413 1952/2524/414 1997/2525/415
f 2037/2213/144 2051/2212/143 2050/2526/416 2034/2527/417
f 2005/2218/149 2007/2528/418 2042/2259/150 2041/2216/147
f 2047/2265/419 2046/2208/139 2023/2217/148
f 2047/2265/419 2023/2217/148 2024/2529/420
f 2027/2223/154 2048/2222/153 2047/2265/419 2024/2529/420
f 2031/2530/421 2034/2527/417 2050/2526/416 2049/2225/156
f 2042/2219/150 2007/2531/418 2009/2220/151
f 2043/2221/152 2009/2220/151 2012/2254/185
f 2044/2262/422 2043/2221/152 2012/2254/185
f 2049/2225/156 2029/2224/155 2031/2530/421
f 2044/2262/422 2012/2254/185 2013/2253/184
f 2016/2206/137 2045/2205/136 2044/2262/422 2013/2253/184
f 2036/2248/179 2065/2247/178 1951/2523/413 1996/2522/412
f 1997/2525/415 1952/2524/414 1953/2228/159 1999/2227/158
f 1999/2227/158 1954/2226/157 1955/2532/423 2001/2251/182
f 2001/2251/182 1955/2532/423 1956/2533/424 2002/2250/181
f 2002/2250/181 1956/2533/424 1957/2231/162 2004/2230/161
f 2004/2230/161 1958/2229/160 1959/2534/165 2006/2535/164
f 2006/2233/164 1960/2232/163 1961/2536/425 2008/2252/183
f 2008/2252/183 1961/2536/425 1962/2537/426 2010/2538/427
f 2010/2538/427 1962/2537/426 1963/2237/168 2011/2236/167
f 2011/2236/167 1964/2235/166 1965/2539/428 2014/2256/187
f 2014/2256/187 1965/2539/428 1966/2540/429 2015/2255/186
f 2015/2255/186 1966/2540/429 1967/2541/430 2017/2542/431
f 2017/2542/431 1967/2541/430 1968/2240/171 2018/2239/170
f 2018/2239/170 1969/2238/169 1970/2543/432 2021/2544/433
f 2021/2544/433 1970/2543/432 1971/2243/174 2022/2242/173
f 2022/2242/173 1972/2241/172 1973/2545/434 2025/2546/435
f 2025/2546/435 1973/2545/434 1974/2547/436 2026/2548/437
f 2026/2548/437 1974/2547/436 1975/2246/177 2028/2245/176
f 2028/2245/176 1976/2244/175 1977/2549/438 2030/2550/439
f 2030/2550/439 1977/2549/438 1978/2551/440 2032/2552/441
f 2032/2552/441 1978/2551/440 1979/2553/442 2033/2554/443
f 2033/2554/443 1979/2553/442 1980/2555/444 2035/2556/445
f 2035/2556/445 1980/2555/444 1981/2249/180 2036/2248/179
f 2000/2210/141 2040/2209/140 2039/2557/446 1998/2558/447
f 2000/2210/141 1998/2558/447 1997/2525/415 1999/2227/158
f 1996/2522/412 1997/2525/415 1998/2558/447
f 2000/2210/141 1999/2227/158 2001/2251/182 2003/2211/142
f 2005/2218/149 2003/2211/142 2002/2250/181 2004/2230/161
f 2007/2528/418 2005/2218/149 2004/2230/161 2006/2535/164
f 2009/2220/151 2008/2252/183 2010/2538/427 2012/2254/185
f 2006/2233/164 2009/2220/151 2007/2531/418
f 2013/2253/184 2011/2236/167 2014/2256/187 2016/2206/137
f 2010/2538/427 2011/2236/167 2012/2254/185
f 2016/2206/137 2015/2255/186 2017/2542/431 2019/2207/138
f 2020/2215/146 2018/2239/170 2021/2544/433 2023/2217/148
f 2017/2542/431 2018/2239/170 2019/2207/138
f 2024/2529/420 2022/2242/173 2025/2546/435 2027/2223/154
f 2021/2544/433 2022/2242/173 2023/2217/148
f 2022/2242/173 2024/2529/420 2023/2217/148
f 2029/2224/155 2027/2223/154 2026/2548/437 2028/2245/176
f 2025/2546/435 2026/2548/437 2027/2223/154
f 2029/2224/155 2028/2245/176 2030/2550/439 2031/2530/421
f 2031/2530/421 2030/2550/439 2032/2552/441 2034/2527/417
f 2034/2527/417 2033/2554/443 2035/2556/445 2037/2213/144
f 2032/2552/441 2033/2554/443 2034/2527/417
f 2038/2214/145 2036/2248/179 1996/2522/412 1998/2558/447
f 2035/2556/445 2036/2248/179 2037/2213/144
f 2038/2214/145 1998/2558/447 2039/2557/446 2051/2212/143
f 2040/2209/188 1983/2559/188 1982/2560/448 2039/2557/449
f 2045/2205/196 2046/2208/450 2432/2561/450 1988/2562/196
f 2431/2257/188 1983/2559/188 2040/2209/188
f 1984/2258/190 2431/2257/188 2041/2216/189
f 1985/2260/192 1984/2563/190 2042/2219/191
f 1986/2261/193 1985/2260/192 2043/2221/193
f 1987/2263/195 1986/2261/193 2044/2262/194
f 1988/2562/196 1987/2263/195 2045/2205/196
f 2049/2225/451 1992/2564/451 1991/2267/200 2048/2222/199
f 1989/2264/197 2432/2561/450 2046/2208/450
f 1989/2264/197 2046/2208/450 2047/2265/198
f 1990/2266/199 2047/2265/198 2048/2222/199
f 2050/2526/452 1993/2565/452 1992/2564/451 2049/2225/451
f 2051/2212/202 1994/2268/201 1993/2565/452 2050/2526/452
f 2039/2557/449 1982/2560/448 1995/2269/201 2051/2212/202
f 2061/2566/453 1991/2567/407 1992/2568/411 2062/2569/410
f 2430/2570/454 1989/2275/208 2060/2274/207
f 1984/2571/212 2056/2572/211 2055/2271/204
f 1991/2567/407 2061/2566/453 2429/2276/209
f 1986/2573/408 2057/2574/455 2056/2278/211
f 2057/2574/455 1986/2573/408 1987/2575/456 2058/2576/456
f 2058/2576/456 1987/2575/456 1988/2282/215 2059/2281/214
f 1993/2577/409 2063/2578/457 2062/2569/410
f 2052/2579/458 1982/2580/459 1983/2581/460 2053/2582/461
f 2063/2578/457 1993/2577/409 1994/2583/462 2064/2584/463
f 2053/2582/461 1983/2581/460 2431/2270/203 2054/2272/205
f 2064/2584/463 1994/2583/462 1995/2585/464 2052/2579/458
f 2119/2331/270 2089/2586/465 2091/2587/466 2121/2333/272
f 2432/2280/213 2430/2570/454 2059/2281/214
f 2095/2288/221 2096/2291/224 2125/2289/222
f 2076/2285/218 2108/2284/217 2107/2327/467
f 2121/2333/272 2091/2587/466 2093/2321/468 2123/2290/223
f 2078/2283/216 2110/2287/220 2108/2284/217
f 2110/2287/220 2079/2286/219 2081/2316/469 2112/2588/470
f 2093/2321/468 2095/2288/221 2123/2290/223
f 2094/2589/471 2092/2322/472 2062/2590/472 2063/2591/473
f 2112/2588/470 2081/2316/469 2083/2317/474 2114/2592/475
f 2099/2324/274 2066/2334/273 2069/2593/476 2101/2325/477
f 2114/2592/475 2083/2317/474 2084/2318/478 2116/2594/478
f 2098/2293/226 2066/2334/273 2129/2294/227
f 2096/2291/224 2098/2293/226 2127/2292/225
f 2101/2325/477 2069/2593/476 2070/2297/230 2103/2296/229
f 2116/2594/478 2084/2318/478 2086/2319/479 2117/2330/480
f 2117/2330/480 2087/2320/481 2089/2586/465 2119/2331/270
f 2120/2595/366 2122/2596/366 2124/2597/366 2126/2598/366 2128/2599/366 2100/2600/366 2102/2601/366 2104/2602/366 2106/2603/366 2109/2604/366 2111/2605/366 2113/2606/366 2115/2607/366 2118/2608/366
f 2072/2295/228 2105/2299/232 2103/2296/229
f 2086/2319/479 2087/2320/481 2117/2330/480
f 2105/2299/232 2074/2298/231 2076/2609/218 2107/2610/467
f 2085/2309/242 2082/2304/237 2059/2303/236 2430/2310/243
f 2058/2313/246 2080/2305/238 2077/2314/247
f 2058/2313/246 2059/2303/236 2080/2305/238
f 2063/2591/473 2064/2611/473 2094/2589/471
f 2064/2611/473 2097/2307/240 2094/2589/471
f 2053/2300/233 2054/2612/482 2068/2306/239
f 2064/2611/473 2052/2302/235 2097/2307/240
f 2090/2613/483 2088/2312/245 2429/2311/244 2061/2614/484
f 2054/2612/482 2071/2615/482 2068/2306/239
f 2054/2612/482 2055/2616/482 2071/2615/482
f 2055/2616/482 2073/2617/369 2071/2615/482
f 2060/2308/241 2088/2312/245 2085/2309/242
f 2055/2616/482 2056/2618/485 2073/2617/369
f 2056/2619/485 2075/2620/486 2073/2621/369
f 2075/2620/486 2056/2619/485 2057/2315/248 2077/2314/247
f 2092/2322/472 2090/2613/483 2061/2614/484 2062/2590/472
f 2071/2615/487 2072/2295/488 2070/2297/489 2068/2306/490
f 2069/2593/491 2066/2334/492 2067/2301/493
f 2069/2593/491 2067/2301/493 2068/2306/490
f 2070/2297/489 2069/2593/491 2068/2306/490
f 2071/2615/487 2073/2617/494 2074/2298/495 2072/2295/488
f 2082/2304/254 2085/2309/257 2086/2319/256 2084/2318/255
f 2076/2609/496 2074/2298/495 2073/2617/494
f 2076/2285/496 2073/2621/494 2075/2620/497
f 2078/2283/498 2076/2285/496 2075/2620/497
f 2078/2283/498 2075/2620/497 2077/2314/250
f 2079/2286/249 2078/2283/498 2077/2314/250
f 2081/2316/251 2077/2314/250 2080/2305/252
f 2083/2317/253 2080/2305/252 2082/2304/254
f 2088/2312/499 2089/2586/500 2087/2320/258 2085/2309/257
f 2088/2312/499 2090/2613/501 2091/2587/502 2089/2586/500
f 2092/2322/260 2093/2321/259 2091/2587/502 2090/2613/501
f 2097/2307/503 2098/2293/504 2096/2291/224 2094/2589/505
f 2095/2288/221 2092/2322/260 2094/2589/505
f 2096/2291/224 2095/2288/221 2094/2589/505
f 2097/2307/503 2067/2301/493 2066/2334/492 2098/2293/504
f 2129/2294/506 2099/2324/262 2102/2323/261 2100/2622/507
f 2103/2296/508 2105/2299/509 2106/2623/510 2104/2624/511
f 2104/2624/511 2102/2323/261 2101/2325/263
f 2104/2624/511 2101/2325/263 2103/2296/508
f 2107/2610/265 2109/2625/264 2106/2623/510 2105/2299/509
f 2110/2287/512 2112/2588/513 2113/2626/514 2111/2328/267
f 2111/2328/267 2108/2284/266 2110/2287/512
f 2114/2592/515 2115/2627/516 2113/2626/514 2112/2588/513
f 2114/2592/515 2116/2594/517 2118/2628/518 2115/2627/516
f 2123/2290/519 2124/2629/520 2122/2332/271 2121/2333/272
f 2118/2628/518 2116/2594/517 2117/2330/269
f 2120/2329/268 2118/2628/518 2117/2330/269
f 2122/2332/271 2120/2329/268 2119/2331/270
f 2125/2289/521 2126/2630/522 2124/2629/520 2123/2290/519
f 2125/2289/521 2127/2292/523 2128/2631/524 2126/2630/522
f 2129/2294/506 2100/2622/507 2128/2631/524 2127/2292/523
f 2156/2632/525 2130/2338/278 2131/2633/526 2157/2634/527
f 1989/2635/208 2430/2636/454 2432/2637/213
f 2200/2359/299 2201/2405/344 2202/2366/306
f 2130/2338/278 2156/2632/525 2186/2339/279
f 2134/2352/292 2135/2335/275 2170/2337/277
f 2157/2634/527 2131/2633/526 2132/2638/528 2159/2639/529
f 2139/2340/280 2186/2339/279 2184/2640/530
f 2135/2335/275 2136/2341/281 2172/2336/276
f 2161/2385/325 2132/2638/528 2133/2641/289 2164/2642/291
f 2136/2341/281 2137/2346/286 2174/2342/282
f 2132/2638/528 2161/2385/325 2159/2639/529
f 2152/2643/531 2209/2644/532 2211/2363/303 2153/2362/302
f 2137/2346/286 2138/2355/295 2179/2348/288
f 2133/2349/289 2134/2352/292 2166/2350/290
f 2138/2355/295 2181/2354/294 2179/2348/288
f 2139/2340/280 2184/2640/530 2181/2354/294
f 2196/2645/533 2198/2356/296 2145/2358/298
f 2149/2376/316 2148/2367/307 2171/2406/345 2173/2407/346
f 2198/2356/296 2200/2359/299 2146/2357/297
f 2200/2359/299 2202/2366/306 2147/2360/300
f 2213/2361/301 2154/2369/309 2153/2362/302
f 2140/2344/284 2143/2370/310 2142/2364/304
f 2202/2366/306 2171/2406/345 2148/2367/307
f 2214/2368/308 2155/2373/313 2154/2369/309
f 2155/2373/313 2215/2372/312 2141/2365/305 2142/2364/304
f 2173/2407/346 2204/2374/314 2149/2376/316
f 2191/2371/311 2144/2378/318 2143/2370/310
f 2145/2358/298 2144/2646/318 2195/2647/319 2196/2645/533
f 2204/2374/314 2206/2380/320 2150/2375/315
f 2206/2380/320 2207/2648/534 2151/2381/321
f 2152/2643/531 2151/2381/321 2207/2648/534 2209/2644/532
f 2151/2649/535 2152/2650/535 2153/2651/535 2154/2652/535 2155/2653/535 2142/2654/535 2143/2655/535 2144/2656/535 2145/2657/535 2146/2658/535 2147/2659/535 2148/2660/535 2149/2661/535 2150/2662/535
f 2157/2634/527 2158/2663/536 2141/2365/305 2156/2632/525
f 2158/2663/536 2188/2345/285 2141/2365/305
f 2188/2345/285 2158/2663/536 2160/2664/537 2190/2665/538
f 2159/2639/529 2160/2664/537 2158/2663/536 2157/2634/527
f 2190/2665/538 2160/2664/537 2162/2384/324 2192/2383/323
f 2161/2385/325 2162/2384/324 2160/2664/537 2159/2639/529
f 2172/2336/276 2174/2342/282 2175/2394/333 2173/2407/346
f 2163/2382/322 2194/2666/326 2192/2383/323
f 2163/2382/322 2161/2385/325 2164/2642/291
f 2197/2389/328 2194/2386/326 2165/2388/327
f 2165/2388/327 2163/2387/322 2164/2351/291
f 2199/2391/330 2197/2389/328 2167/2390/329
f 2167/2390/329 2165/2388/327 2166/2350/290
f 2201/2405/344 2199/2391/330 2169/2392/331
f 2169/2392/331 2167/2390/329 2168/2353/293
f 2171/2406/345 2201/2405/344 2169/2392/331
f 2171/2406/345 2169/2392/331 2170/2337/277
f 2173/2407/346 2171/2406/345 2172/2336/276
f 2172/2336/276 2171/2406/345 2170/2337/277
f 2176/2395/334 2178/2396/335 2205/2408/347 2203/2393/332
f 2176/2395/334 2175/2394/333 2174/2342/282
f 2178/2396/335 2180/2398/337 2208/2397/336 2205/2408/347
f 2178/2396/335 2176/2395/334 2177/2347/287
f 2210/2401/340 2183/2400/339 2185/2404/343 2212/2403/342
f 2180/2398/337 2178/2396/335 2179/2348/288
f 2182/2399/338 2210/2401/340 2208/2397/336
f 2184/2640/530 2185/2404/343 2183/2400/339 2181/2354/294
f 2186/2339/279 2187/2402/341 2185/2404/343 2184/2640/530
f 2190/2665/538 2191/2371/311 2189/2343/283 2188/2345/285
f 2156/2632/525 2141/2365/305 2215/2372/312
f 2215/2372/312 2186/2339/279 2156/2632/525
f 2140/2344/284 2141/2365/305 2188/2345/285
f 2192/2383/323 2193/2377/317 2191/2371/311 2190/2665/538
f 2194/2386/326 2197/2389/328 2198/2356/296 2196/2645/533
f 2195/2379/319 2192/2383/323 2194/2666/326
f 2196/2645/533 2195/2647/319 2194/2386/326
f 2197/2389/328 2199/2391/330 2200/2359/299 2198/2356/296
f 2205/2408/347 2208/2397/336 2209/2644/532 2207/2648/534
f 2201/2405/344 2200/2359/299 2199/2391/330
f 2206/2380/320 2204/2374/314 2203/2393/332
f 2207/2648/534 2206/2380/320 2205/2408/347
f 2210/2401/340 2211/2363/303 2209/2644/532 2208/2397/336
f 2212/2403/342 2213/2361/301 2211/2363/303 2210/2401/340
f 2187/2402/341 2214/2368/308 2213/2361/301 2212/2403/342
f 2214/2368/308 2187/2402/341 2215/2372/312
f 2242/2437/539 2233/2667/540 2232/2668/541 2243/2669/541
f 2133/2670/542 2132/2671/542 2131/2672/542 2130/2673/542 2139/2674/542 2138/2675/542 2137/2676/542 2136/2677/542 2135/2678/542 2134/2679/542
f 2227/2412/351 2228/2409/348 2221/2411/350
f 2226/2414/353 2227/2412/351 2220/2413/352
f 2225/2416/355 2226/2414/353 2219/2415/354
f 2224/2418/357 2225/2416/355 2218/2417/356
f 2223/2420/359 2224/2418/357 2217/2419/358
f 2229/2680/543 2223/2420/359 2216/2421/360
f 2241/2428/544 2234/2422/361 2233/2667/540 2242/2437/539
f 2238/2681/545 2237/2435/546 2236/2426/365 2239/2425/364
f 2234/2422/361 2241/2428/544 2240/2423/362
f 2235/2424/363 2240/2423/362 2239/2425/364
f 2230/2682/547 2231/2683/547 2237/2435/546 2238/2681/545
f 2223/2684/366 2229/2685/548 2230/2682/548 2238/2681/366
f 2234/2422/367 2235/2424/367 2219/2430/367
f 2229/2686/549 2216/2687/549 2231/2683/549 2230/2682/549
f 2240/2423/366 2241/2428/366 2226/2427/366
f 2221/2688/367 2222/2689/367 2232/2668/367 2233/2667/367
f 2235/2424/367 2236/2426/367 2218/2431/368
f 2222/2690/550 2228/2691/550 2243/2669/550 2232/2668/550
f 2239/2425/366 2240/2423/366 2225/2432/366
f 2234/2422/367 2220/2439/369 2221/2688/367 2233/2667/367
f 2236/2426/367 2237/2435/367 2217/2433/367
f 2228/2438/366 2242/2437/366 2243/2669/366
f 2239/2425/366 2224/2434/366 2223/2684/366 2238/2681/366
f 2261/2445/375 2293/2692/551 2249/2693/552 2245/2443/373
f 2216/2436/367 2237/2435/367 2231/2683/369
f 2241/2428/366 2242/2437/366 2227/2429/366
f 2244/2694/553 2319/2695/554 2321/2696/554 2320/2697/554 2256/2698/555 2262/2699/556
f 2255/2700/557 2288/2701/558 2294/2702/559 2263/2703/560
f 2258/2704/561 2259/2705/561 2260/2706/561 2256/2707/561 2320/2708/561 2323/2709/561 2287/2710/561 2289/2711/561 2290/2712/561 2291/2713/561 2292/2714/561 2288/2715/561 2255/2716/561 2257/2717/561
f 2266/2718/562 2261/2445/375 2264/2444/374 2267/2719/563
f 2267/2719/563 2264/2444/374 2265/2720/564 2268/2721/565
f 2278/2722/566 2268/2721/565 2265/2720/564 2277/2723/567
f 2269/2724/568 2266/2718/562 2267/2719/563 2270/2440/370
f 2271/2441/371 2270/2440/370 2267/2719/563 2268/2721/565
f 2279/2725/569 2271/2441/371 2268/2721/565 2278/2722/566
f 2274/2726/570 2262/2699/556 2272/2727/571 2275/2728/572
f 2275/2728/572 2272/2727/571 2273/2729/573 2276/2730/574
f 2286/2731/575 2276/2730/574 2273/2729/573 2285/2732/576
f 2277/2723/567 2274/2726/570 2275/2728/572 2278/2722/566
f 2279/2725/569 2278/2722/566 2275/2728/572 2276/2730/574
f 2271/2441/371 2279/2725/569 2276/2730/574 2286/2731/575
f 2282/2733/577 2263/2703/560 2280/2734/578 2283/2735/579
f 2283/2735/579 2280/2734/578 2281/2736/580 2284/2442/372
f 2284/2442/372 2281/2736/580 2269/2724/568 2270/2440/370
f 2285/2732/576 2282/2733/577 2283/2735/579 2286/2731/575
f 2286/2731/575 2283/2735/579 2284/2442/372 2271/2441/371
f 2298/2737/581 2293/2692/551 2296/2738/582 2299/2739/583
f 2299/2739/583 2296/2738/582 2297/2740/584 2300/2741/585
f 2309/2742/586 2300/2741/585 2297/2740/584 2308/2743/587
f 2301/2744/588 2298/2737/581 2299/2739/583 2302/2745/589
f 2310/2746/590 2302/2745/589 2299/2739/583 2300/2741/585
f 2305/2747/591 2294/2702/559 2303/2748/592 2306/2749/593
f 2300/2741/585 2309/2742/586 2310/2746/590
f 2306/2749/593 2303/2748/592 2304/2750/594 2307/2751/595
f 2307/2751/595 2304/2750/594 2316/2752/596 2317/2753/597
f 2308/2743/587 2305/2747/591 2306/2749/593 2309/2742/586
f 2309/2742/586 2306/2749/593 2307/2751/595 2310/2746/590
f 2310/2746/590 2307/2751/595 2317/2753/597 2318/2754/598
f 2313/2755/599 2295/2756/600 2311/2757/601 2314/2758/602
f 2314/2758/602 2311/2757/601 2312/2759/603 2315/2760/604
f 2315/2760/604 2312/2759/603 2301/2744/588 2302/2745/589
f 2316/2752/596 2313/2755/599 2314/2758/602 2317/2753/597
f 2318/2754/598 2317/2753/597 2314/2758/602 2315/2760/604
f 2318/2754/598 2315/2760/604 2302/2745/589 2310/2746/590
f 2298/2737/581 2251/2761/605 2249/2693/552 2293/2692/551
f 2301/2744/588 2252/2762/606 2251/2761/605 2298/2737/581
f 2312/2759/603 2253/2763/607 2252/2762/606 2301/2744/588
f 2311/2757/601 2254/2764/608 2253/2763/607 2312/2759/603
f 2295/2756/600 2250/2765/609 2254/2764/608 2311/2757/601
f 2303/2748/592 2294/2702/559 2288/2701/558 2292/2766/610
f 2304/2750/594 2303/2748/592 2292/2766/610 2291/2767/611
f 2316/2752/596 2304/2750/594 2291/2767/611 2290/2768/612
f 2313/2755/599 2316/2752/596 2290/2768/612 2289/2769/613
f 2295/2756/600 2313/2755/599 2289/2769/613 2287/2770/614
f 2296/2738/582 2293/2692/551 2261/2445/375 2266/2718/562
f 2297/2740/584 2296/2738/582 2266/2718/562 2269/2724/568
f 2308/2743/587 2297/2740/584 2269/2724/568 2281/2736/580
f 2305/2747/591 2308/2743/587 2281/2736/580 2280/2734/578
f 2294/2702/559 2305/2747/591 2280/2734/578 2263/2703/560
f 2260/2771/615 2272/2727/571 2262/2699/556 2256/2698/555
f 2259/2772/616 2273/2729/573 2272/2727/571 2260/2771/615
f 2258/2773/617 2285/2732/576 2273/2729/573 2259/2772/616
f 2257/2774/618 2282/2733/577 2285/2732/576 2258/2773/617
f 2255/2700/557 2263/2703/560 2282/2733/577 2257/2774/618
f 2265/2720/564 2264/2444/374 2245/2443/373 2248/2775/619
f 2277/2723/567 2265/2720/564 2248/2775/619 2247/2776/620
f 2274/2726/570 2277/2723/567 2247/2776/620 2246/2777/621
f 2262/2699/556 2274/2726/570 2246/2777/621 2244/2694/553
f 2250/2765/609 2295/2756/600 2287/2770/614 2323/2778/622 2322/2779/622
f 2322/2780/623 2323/2781/623 2321/2782/623 2319/2783/623
f 2320/2784/624 2321/2782/624 2323/2781/624
f 2247/2785/625 2248/2786/625 2245/2787/625 2249/2788/625 2251/2789/625 2252/2790/625 2253/2791/625 2254/2792/625 2250/2793/625 2322/2780/625 2319/2783/625 2244/2794/625 2246/2795/625
f 2431/2902/203 1984/2903/212 2055/2904/204
f 1982/2905/459 2052/2906/458 1995/2907/464
f 2527/2205/699 2498/2206/700 2501/2207/701
f 2527/2205/699 2501/2207/701 2528/2208/702
f 2522/2209/703 2482/2210/704 2485/2211/705
f 2533/2212/706 2519/2213/707 2520/2214/708
f 2528/2208/702 2501/2207/701 2502/2215/709
f 2522/2209/703 2485/2211/705 2523/2216/710
f 2528/2208/702 2502/2215/709 2505/2217/711
f 2523/2216/710 2485/2211/705 2487/2218/712
f 2524/2219/713 2491/2220/714 2525/2221/715
f 2530/2222/716 2509/2223/717 2511/2224/718
f 2530/2222/716 2511/2224/718 2531/2225/719
f 2436/2226/720 2481/2227/721 2435/2228/722
f 2440/2229/723 2486/2230/724 2439/2231/725
f 2442/2232/175 2488/2233/726 2441/2234/727
f 2446/2235/728 2493/2236/729 2445/2237/730
f 2451/2238/731 2500/2239/732 2450/2240/733
f 2454/2241/734 2504/2242/735 2453/2243/736
f 2458/2244/163 2510/2245/737 2457/2246/738
f 2547/2247/739 2518/2248/740 2463/2249/741
f 2484/2250/742 2485/2211/705 2483/2251/743
f 2490/2252/744 2491/2220/714 2488/2233/726
f 2493/2236/729 2495/2253/745 2494/2254/746
f 2497/2255/747 2498/2206/700 2496/2256/748
f 2500/2239/732 2502/2215/709 2501/2207/701
f 2518/2248/740 2520/2214/708 2519/2213/707
f 2913/2257/749 2522/2209/750 2523/2216/200
f 2466/2258/751 2523/2216/200 2524/2259/198
f 2467/2260/548 2524/2219/198 2525/2221/752
f 2468/2261/752 2525/2221/752 2526/2262/452
f 2469/2263/202 2526/2262/452 2527/2205/753
f 2471/2264/448 2529/2265/191 2472/2266/754
f 2472/2266/754 2530/2222/754 2473/2267/189
f 2476/2268/195 2533/2212/195 2477/2269/195
f 2913/2270/755 2537/2271/756 2536/2272/757
f 2472/2273/758 2542/2274/759 2471/2275/760
f 2911/2276/761 2542/2274/759 2472/2273/758
f 2467/2277/762 2538/2278/763 2466/2279/764
f 2914/2280/765 2541/2281/766 2470/2282/767
f 2560/2283/768 2590/2284/769 2558/2285/770
f 2561/2286/771 2592/2287/772 2560/2283/768
f 2577/2288/773 2607/2289/774 2605/2290/775
f 2578/2291/776 2609/2292/777 2607/2289/774
f 2580/2293/778 2611/2294/779 2609/2292/777
f 2554/2295/780 2585/2296/781 2552/2297/782
f 2556/2298/783 2587/2299/784 2554/2295/780
f 2535/2300/785 2549/2301/786 2534/2302/787
f 2541/2303/788 2564/2304/789 2562/2305/790
f 2535/2300/785 2550/2306/791 2549/2301/786
f 2534/2302/787 2549/2301/786 2579/2307/792
f 2542/2308/793 2567/2309/794 2912/2310/795
f 2911/2311/796 2570/2312/797 2542/2308/793
f 2540/2313/798 2559/2314/471 2539/2315/473
f 2561/2286/799 2559/2314/800 2563/2316/801
f 2563/2316/801 2562/2305/802 2565/2317/803
f 2565/2317/803 2564/2304/804 2566/2318/805
f 2568/2319/806 2567/2309/807 2569/2320/808
f 2575/2321/809 2574/2322/810 2577/2288/773
f 2584/2323/811 2581/2324/812 2583/2325/813
f 2591/2326/814 2589/2327/815 2590/2284/816
f 2591/2326/814 2590/2284/816 2593/2328/817
f 2602/2329/818 2599/2330/819 2601/2331/820
f 2604/2332/821 2601/2331/820 2603/2333/822
f 2548/2334/823 2581/2324/824 2611/2294/779
f 2617/2335/825 2654/2336/826 2652/2337/827
f 2612/2338/828 2668/2339/829 2621/2340/830
f 2618/2341/831 2656/2342/832 2654/2336/826
f 2671/2343/833 2622/2344/834 2670/2345/835
f 2619/2346/836 2659/2347/837 2656/2342/832
f 2619/2346/836 2661/2348/838 2659/2347/837
f 2615/2349/839 2648/2350/840 2646/2351/841
f 2616/2352/842 2650/2353/843 2648/2350/840
f 2621/2340/830 2663/2354/844 2620/2355/845
f 2616/2352/842 2652/2337/827 2650/2353/843
f 2680/2356/846 2628/2357/847 2627/2358/848
f 2682/2359/849 2629/2360/850 2628/2357/847
f 2695/2361/851 2635/2362/852 2693/2363/853
f 2622/2344/834 2624/2364/854 2623/2365/855
f 2684/2366/856 2630/2367/857 2629/2360/850
f 2696/2368/858 2636/2369/859 2695/2361/851
f 2671/2343/833 2625/2370/860 2622/2344/834
f 2673/2371/861 2625/2370/860 2671/2343/833
f 2697/2372/862 2637/2373/863 2696/2368/858
f 2686/2374/864 2632/2375/865 2631/2376/866
f 2675/2377/867 2626/2378/868 2673/2371/861
f 2677/2379/869 2626/2378/868 2675/2377/867
f 2688/2380/870 2633/2381/871 2632/2375/865
f 2645/2382/872 2674/2383/873 2644/2384/874
f 2644/2384/874 2643/2385/875 2645/2382/872
f 2676/2386/876 2645/2387/872 2647/2388/877
f 2679/2389/878 2647/2388/877 2649/2390/879
f 2647/2388/877 2646/2351/841 2648/2350/840
f 2681/2391/880 2649/2390/879 2651/2392/881
f 2649/2390/879 2648/2350/840 2650/2353/843
f 2651/2392/881 2650/2353/843 2652/2337/827
f 2685/2393/882 2657/2394/883 2658/2395/884
f 2658/2395/884 2656/2342/832 2659/2347/837
f 2660/2396/885 2659/2347/837 2661/2348/838
f 2690/2397/886 2662/2398/887 2664/2399/888
f 2664/2399/888 2662/2398/887 2661/2348/838
f 2665/2400/889 2692/2401/890 2664/2399/888
f 2661/2348/838 2663/2354/844 2664/2399/888
f 2664/2399/888 2663/2354/844 2665/2400/889
f 2669/2402/891 2694/2403/892 2667/2404/893
f 2669/2402/891 2668/2339/829 2697/2372/862
f 2675/2377/867 2674/2383/873 2677/2379/869
f 2684/2366/856 2683/2405/894 2653/2406/895
f 2686/2374/864 2655/2407/896 2657/2394/883
f 2686/2374/864 2657/2394/883 2685/2393/882
f 2688/2380/870 2685/2393/882 2687/2408/897
f 2710/2409/898 2704/2410/899 2703/2411/900
f 2709/2412/901 2703/2411/900 2702/2413/902
f 2708/2414/903 2702/2413/902 2701/2415/904
f 2707/2416/905 2701/2415/904 2700/2417/906
f 2706/2418/907 2700/2417/906 2699/2419/908
f 2705/2420/909 2699/2419/908 2698/2421/910
f 2716/2422/911 2722/2423/912 2717/2424/913
f 2717/2424/913 2721/2425/914 2718/2426/915
f 2708/2427/366 2723/2428/366 2709/2429/366
f 2701/2430/367 2717/2424/367 2700/2431/367
f 2707/2432/366 2722/2423/366 2708/2427/366
f 2700/2431/367 2718/2426/367 2699/2433/367
f 2706/2434/366 2721/2425/366 2707/2432/366
f 2699/2433/367 2719/2435/367 2698/2436/367
f 2709/2429/366 2724/2437/366 2710/2438/366
f 2702/2439/367 2716/2422/367 2701/2430/367
f 2752/2440/916 2753/2441/917 2766/2442/918
f 2727/2443/919 2746/2444/920 2743/2445/921
f 2473/2481/953 2911/2482/761 2472/2483/758
f 2468/2484/954 2538/2485/763 2467/2486/762
f 2475/2487/955 2544/2488/956 2474/2489/957
f 2439/2490/367 2438/2491/367 2437/2492/367 2436/2493/367 2435/2494/367 2434/2495/367 2433/2496/367 2547/2497/367 2463/2498/367 2462/2499/367 2461/2500/367 2460/2501/367 2459/2502/367 2458/2503/367 2457/2504/367 2456/2505/367 2455/2506/367 2454/2507/367 2453/2508/367 2452/2509/367 2451/2510/367 2450/2511/367 2449/2512/367 2448/2513/367 2447/2514/367 2446/2515/367 2445/2516/367 2444/2517/367 2443/2518/367 2442/2519/367 2441/2520/367 2440/2521/367
f 2478/2522/958 2433/2523/959 2434/2524/960 2479/2525/961
f 2519/2213/707 2533/2212/706 2532/2526/962 2516/2527/963
f 2487/2218/712 2489/2528/964 2524/2259/713 2523/2216/710
f 2529/2265/965 2528/2208/702 2505/2217/711
f 2529/2265/965 2505/2217/711 2506/2529/966
f 2509/2223/717 2530/2222/716 2529/2265/965 2506/2529/966
f 2513/2530/967 2516/2527/963 2532/2526/962 2531/2225/719
f 2524/2219/713 2489/2531/964 2491/2220/714
f 2525/2221/715 2491/2220/714 2494/2254/746
f 2526/2262/968 2525/2221/715 2494/2254/746
f 2531/2225/719 2511/2224/718 2513/2530/967
f 2526/2262/968 2494/2254/746 2495/2253/745
f 2498/2206/700 2527/2205/699 2526/2262/968 2495/2253/745
f 2518/2248/740 2547/2247/739 2433/2523/959 2478/2522/958
f 2479/2525/961 2434/2524/960 2435/2228/722 2481/2227/721
f 2481/2227/721 2436/2226/720 2437/2532/969 2483/2251/743
f 2483/2251/743 2437/2532/969 2438/2533/970 2484/2250/742
f 2484/2250/742 2438/2533/970 2439/2231/725 2486/2230/724
f 2486/2230/724 2440/2229/723 2441/2534/727 2488/2535/726
f 2488/2233/726 2442/2232/175 2443/2536/438 2490/2252/744
f 2490/2252/744 2443/2536/438 2444/2537/971 2492/2538/972
f 2492/2538/972 2444/2537/971 2445/2237/730 2493/2236/729
f 2493/2236/729 2446/2235/728 2447/2539/973 2496/2256/748
f 2496/2256/748 2447/2539/973 2448/2540/974 2497/2255/747
f 2497/2255/747 2448/2540/974 2449/2541/975 2499/2542/976
f 2499/2542/976 2449/2541/975 2450/2240/733 2500/2239/732
f 2500/2239/732 2451/2238/731 2452/2543/977 2503/2544/978
f 2503/2544/978 2452/2543/977 2453/2243/736 2504/2242/735
f 2504/2242/735 2454/2241/734 2455/2545/979 2507/2546/980
f 2507/2546/980 2455/2545/979 2456/2547/981 2508/2548/982
f 2508/2548/982 2456/2547/981 2457/2246/738 2510/2245/737
f 2510/2245/737 2458/2244/163 2459/2549/425 2512/2550/983
f 2512/2550/983 2459/2549/425 2460/2551/984 2514/2552/985
f 2514/2552/985 2460/2551/984 2461/2553/986 2515/2554/987
f 2515/2554/987 2461/2553/986 2462/2555/988 2517/2556/989
f 2517/2556/989 2462/2555/988 2463/2249/741 2518/2248/740
f 2482/2210/704 2522/2209/703 2521/2557/990 2480/2558/991
f 2482/2210/704 2480/2558/991 2479/2525/961 2481/2227/721
f 2478/2522/958 2479/2525/961 2480/2558/991
f 2482/2210/704 2481/2227/721 2483/2251/743 2485/2211/705
f 2487/2218/712 2485/2211/705 2484/2250/742 2486/2230/724
f 2489/2528/964 2487/2218/712 2486/2230/724 2488/2535/726
f 2491/2220/714 2490/2252/744 2492/2538/972 2494/2254/746
f 2488/2233/726 2491/2220/714 2489/2531/964
f 2495/2253/745 2493/2236/729 2496/2256/748 2498/2206/700
f 2492/2538/972 2493/2236/729 2494/2254/746
f 2498/2206/700 2497/2255/747 2499/2542/976 2501/2207/701
f 2502/2215/709 2500/2239/732 2503/2544/978 2505/2217/711
f 2499/2542/976 2500/2239/732 2501/2207/701
f 2506/2529/966 2504/2242/735 2507/2546/980 2509/2223/717
f 2503/2544/978 2504/2242/735 2505/2217/711
f 2504/2242/735 2506/2529/966 2505/2217/711
f 2511/2224/718 2509/2223/717 2508/2548/982 2510/2245/737
f 2507/2546/980 2508/2548/982 2509/2223/717
f 2511/2224/718 2510/2245/737 2512/2550/983 2513/2530/967
f 2513/2530/967 2512/2550/983 2514/2552/985 2516/2527/963
f 2516/2527/963 2515/2554/987 2517/2556/989 2519/2213/707
f 2514/2552/985 2515/2554/987 2516/2527/963
f 2520/2214/708 2518/2248/740 2478/2522/958 2480/2558/991
f 2517/2556/989 2518/2248/740 2519/2213/707
f 2520/2214/708 2480/2558/991 2521/2557/990 2533/2212/706
f 2522/2209/750 2465/2559/750 2464/2560/197 2521/2557/992
f 2527/2205/753 2528/2208/993 2914/2561/993 2470/2562/753
f 2913/2257/749 2465/2559/750 2522/2209/750
f 2466/2258/751 2913/2257/749 2523/2216/200
f 2467/2260/548 2466/2563/751 2524/2219/198
f 2468/2261/752 2467/2260/548 2525/2221/752
f 2469/2263/202 2468/2261/752 2526/2262/452
f 2470/2562/753 2469/2263/202 2527/2205/753
f 2531/2225/994 2474/2564/994 2473/2267/189 2530/2222/754
f 2471/2264/448 2914/2561/993 2528/2208/993
f 2471/2264/448 2528/2208/993 2529/2265/191
f 2472/2266/754 2529/2265/191 2530/2222/754
f 2532/2526/194 2475/2565/194 2474/2564/994 2531/2225/994
f 2533/2212/195 2476/2268/195 2475/2565/194 2532/2526/194
f 2521/2557/992 2464/2560/197 2477/2269/195 2533/2212/195
f 2543/2566/995 2473/2567/953 2474/2568/957 2544/2569/956
f 2912/2570/996 2471/2275/760 2542/2274/759
f 2466/2571/764 2538/2572/763 2537/2271/756
f 2473/2567/953 2543/2566/995 2911/2276/761
f 2468/2573/954 2539/2574/997 2538/2278/763
f 2539/2574/997 2468/2573/954 2469/2575/998 2540/2576/999
f 2540/2576/999 2469/2575/998 2470/2282/767 2541/2281/766
f 2475/2577/955 2545/2578/1000 2544/2569/956
f 2534/2579/1001 2464/2580/1002 2465/2581/1003 2535/2582/1004
f 2545/2578/1000 2475/2577/955 2476/2583/1005 2546/2584/1006
f 2535/2582/1004 2465/2581/1003 2913/2270/755 2536/2272/757
f 2546/2584/1006 2476/2583/1005 2477/2585/1007 2534/2579/1001
f 2601/2331/820 2571/2586/1008 2573/2587/1009 2603/2333/822
f 2914/2280/765 2912/2570/996 2541/2281/766
f 2577/2288/773 2578/2291/776 2607/2289/774
f 2558/2285/770 2590/2284/769 2589/2327/1010
f 2603/2333/822 2573/2587/1009 2575/2321/1011 2605/2290/775
f 2560/2283/768 2592/2287/772 2590/2284/769
f 2592/2287/772 2561/2286/771 2563/2316/1012 2594/2588/1013
f 2575/2321/1011 2577/2288/773 2605/2290/775
f 2576/2589/247 2574/2322/486 2544/2590/486 2545/2591/248
f 2594/2588/1013 2563/2316/1012 2565/2317/1014 2596/2592/1015
f 2581/2324/824 2548/2334/823 2551/2593/1016 2583/2325/1017
f 2596/2592/1015 2565/2317/1014 2566/2318/1018 2598/2594/1018
f 2580/2293/778 2548/2334/823 2611/2294/779
f 2578/2291/776 2580/2293/778 2609/2292/777
f 2583/2325/1017 2551/2593/1016 2552/2297/782 2585/2296/781
f 2598/2594/1018 2566/2318/1018 2568/2319/1019 2599/2330/1020
f 2599/2330/1020 2569/2320/1021 2571/2586/1008 2601/2331/820
f 2602/2595/366 2604/2596/366 2606/2597/366 2608/2598/366 2610/2599/366 2582/2600/366 2584/2601/366 2586/2602/366 2588/2603/366 2591/2604/366 2593/2605/366 2595/2606/366 2597/2607/366 2600/2608/366
f 2554/2295/780 2587/2299/784 2585/2296/781
f 2568/2319/1019 2569/2320/1021 2599/2330/1020
f 2587/2299/784 2556/2298/783 2558/2609/770 2589/2610/1010
f 2567/2309/794 2564/2304/789 2541/2303/788 2912/2310/795
f 2540/2313/798 2562/2305/790 2559/2314/471
f 2540/2313/798 2541/2303/788 2562/2305/790
f 2545/2591/248 2546/2611/248 2576/2589/247
f 2546/2611/248 2579/2307/792 2576/2589/247
f 2535/2300/785 2536/2612/1022 2550/2306/791
f 2546/2611/248 2534/2302/787 2579/2307/792
f 2572/2613/1023 2570/2312/797 2911/2311/796 2543/2614/1024
f 2536/2612/1022 2553/2615/1022 2550/2306/791
f 2536/2612/1022 2537/2616/1022 2553/2615/1022
f 2537/2616/1022 2555/2617/368 2553/2615/1022
f 2542/2308/793 2570/2312/797 2567/2309/794
f 2537/2616/1022 2538/2618/1025 2555/2617/368
f 2538/2619/1025 2557/2620/472 2555/2621/368
f 2557/2620/472 2538/2619/1025 2539/2315/473 2559/2314/471
f 2574/2322/486 2572/2613/1023 2543/2614/1024 2544/2590/486
f 2553/2615/1026 2554/2295/1027 2552/2297/1028 2550/2306/1029
f 2551/2593/1030 2548/2334/1031 2549/2301/1032
f 2551/2593/1030 2549/2301/1032 2550/2306/1029
f 2552/2297/1028 2551/2593/1030 2550/2306/1029
f 2553/2615/1026 2555/2617/1033 2556/2298/1034 2554/2295/1027
f 2564/2304/804 2567/2309/807 2568/2319/806 2566/2318/805
f 2558/2609/1035 2556/2298/1034 2555/2617/1033
f 2558/2285/1035 2555/2621/1033 2557/2620/1036
f 2560/2283/1037 2558/2285/1035 2557/2620/1036
f 2560/2283/1037 2557/2620/1036 2559/2314/800
f 2561/2286/799 2560/2283/1037 2559/2314/800
f 2563/2316/801 2559/2314/800 2562/2305/802
f 2565/2317/803 2562/2305/802 2564/2304/804
f 2570/2312/1038 2571/2586/1039 2569/2320/808 2567/2309/807
f 2570/2312/1038 2572/2613/1040 2573/2587/1041 2571/2586/1039
f 2574/2322/810 2575/2321/809 2573/2587/1041 2572/2613/1040
f 2579/2307/1042 2580/2293/1043 2578/2291/776 2576/2589/1044
f 2577/2288/773 2574/2322/810 2576/2589/1044
f 2578/2291/776 2577/2288/773 2576/2589/1044
f 2579/2307/1042 2549/2301/1032 2548/2334/1031 2580/2293/1043
f 2611/2294/1045 2581/2324/812 2584/2323/811 2582/2622/1046
f 2585/2296/1047 2587/2299/1048 2588/2623/1049 2586/2624/1050
f 2586/2624/1050 2584/2323/811 2583/2325/813
f 2586/2624/1050 2583/2325/813 2585/2296/1047
f 2589/2610/815 2591/2625/814 2588/2623/1049 2587/2299/1048
f 2592/2287/1051 2594/2588/1052 2595/2626/1053 2593/2328/817
f 2593/2328/817 2590/2284/816 2592/2287/1051
f 2596/2592/1054 2597/2627/1055 2595/2626/1053 2594/2588/1052
f 2596/2592/1054 2598/2594/1056 2600/2628/1057 2597/2627/1055
f 2605/2290/1058 2606/2629/1059 2604/2332/821 2603/2333/822
f 2600/2628/1057 2598/2594/1056 2599/2330/819
f 2602/2329/818 2600/2628/1057 2599/2330/819
f 2604/2332/821 2602/2329/818 2601/2331/820
f 2607/2289/1060 2608/2630/1061 2606/2629/1059 2605/2290/1058
f 2607/2289/1060 2609/2292/1062 2610/2631/1063 2608/2630/1061
f 2611/2294/1045 2582/2622/1046 2610/2631/1063 2609/2292/1062
f 2638/2632/1064 2612/2338/828 2613/2633/1065 2639/2634/1066
f 2471/2635/760 2912/2636/996 2914/2637/765
f 2682/2359/849 2683/2405/894 2684/2366/856
f 2612/2338/828 2638/2632/1064 2668/2339/829
f 2616/2352/842 2617/2335/825 2652/2337/827
f 2639/2634/1066 2613/2633/1065 2614/2638/1067 2641/2639/1068
f 2621/2340/830 2668/2339/829 2666/2640/1069
f 2617/2335/825 2618/2341/831 2654/2336/826
f 2643/2385/875 2614/2638/1067 2615/2641/839 2646/2642/841
f 2618/2341/831 2619/2346/836 2656/2342/832
f 2614/2638/1067 2643/2385/875 2641/2639/1068
f 2634/2643/1070 2691/2644/1071 2693/2363/853 2635/2362/852
f 2619/2346/836 2620/2355/845 2661/2348/838
f 2615/2349/839 2616/2352/842 2648/2350/840
f 2620/2355/845 2663/2354/844 2661/2348/838
f 2621/2340/830 2666/2640/1069 2663/2354/844
f 2678/2645/1072 2680/2356/846 2627/2358/848
f 2631/2376/866 2630/2367/857 2653/2406/895 2655/2407/896
f 2680/2356/846 2682/2359/849 2628/2357/847
f 2682/2359/849 2684/2366/856 2629/2360/850
f 2695/2361/851 2636/2369/859 2635/2362/852
f 2622/2344/834 2625/2370/860 2624/2364/854
f 2684/2366/856 2653/2406/895 2630/2367/857
f 2696/2368/858 2637/2373/863 2636/2369/859
f 2637/2373/863 2697/2372/862 2623/2365/855 2624/2364/854
f 2655/2407/896 2686/2374/864 2631/2376/866
f 2673/2371/861 2626/2378/868 2625/2370/860
f 2627/2358/848 2626/2646/868 2677/2647/869 2678/2645/1072
f 2686/2374/864 2688/2380/870 2632/2375/865
f 2688/2380/870 2689/2648/1073 2633/2381/871
f 2634/2643/1070 2633/2381/871 2689/2648/1073 2691/2644/1071
f 2633/2649/1074 2634/2650/1074 2635/2651/1074 2636/2652/1074 2637/2653/1074 2624/2654/1074 2625/2655/1074 2626/2656/1074 2627/2657/1074 2628/2658/1074 2629/2659/1074 2630/2660/1074 2631/2661/1074 2632/2662/1074
f 2639/2634/1066 2640/2663/1075 2623/2365/855 2638/2632/1064
f 2640/2663/1075 2670/2345/835 2623/2365/855
f 2670/2345/835 2640/2663/1075 2642/2664/1076 2672/2665/1077
f 2641/2639/1068 2642/2664/1076 2640/2663/1075 2639/2634/1066
f 2672/2665/1077 2642/2664/1076 2644/2384/874 2674/2383/873
f 2643/2385/875 2644/2384/874 2642/2664/1076 2641/2639/1068
f 2654/2336/826 2656/2342/832 2657/2394/883 2655/2407/896
f 2645/2382/872 2676/2666/876 2674/2383/873
f 2645/2382/872 2643/2385/875 2646/2642/841
f 2679/2389/878 2676/2386/876 2647/2388/877
f 2647/2388/877 2645/2387/872 2646/2351/841
f 2681/2391/880 2679/2389/878 2649/2390/879
f 2649/2390/879 2647/2388/877 2648/2350/840
f 2683/2405/894 2681/2391/880 2651/2392/881
f 2651/2392/881 2649/2390/879 2650/2353/843
f 2653/2406/895 2683/2405/894 2651/2392/881
f 2653/2406/895 2651/2392/881 2652/2337/827
f 2655/2407/896 2653/2406/895 2654/2336/826
f 2654/2336/826 2653/2406/895 2652/2337/827
f 2658/2395/884 2660/2396/885 2687/2408/897 2685/2393/882
f 2658/2395/884 2657/2394/883 2656/2342/832
f 2660/2396/885 2662/2398/887 2690/2397/886 2687/2408/897
f 2660/2396/885 2658/2395/884 2659/2347/837
f 2692/2401/890 2665/2400/889 2667/2404/893 2694/2403/892
f 2662/2398/887 2660/2396/885 2661/2348/838
f 2664/2399/888 2692/2401/890 2690/2397/886
f 2666/2640/1069 2667/2404/893 2665/2400/889 2663/2354/844
f 2668/2339/829 2669/2402/891 2667/2404/893 2666/2640/1069
f 2672/2665/1077 2673/2371/861 2671/2343/833 2670/2345/835
f 2638/2632/1064 2623/2365/855 2697/2372/862
f 2697/2372/862 2668/2339/829 2638/2632/1064
f 2622/2344/834 2623/2365/855 2670/2345/835
f 2674/2383/873 2675/2377/867 2673/2371/861 2672/2665/1077
f 2676/2386/876 2679/2389/878 2680/2356/846 2678/2645/1072
f 2677/2379/869 2674/2383/873 2676/2666/876
f 2678/2645/1072 2677/2647/869 2676/2386/876
f 2679/2389/878 2681/2391/880 2682/2359/849 2680/2356/846
f 2687/2408/897 2690/2397/886 2691/2644/1071 2689/2648/1073
f 2683/2405/894 2682/2359/849 2681/2391/880
f 2688/2380/870 2686/2374/864 2685/2393/882
f 2689/2648/1073 2688/2380/870 2687/2408/897
f 2692/2401/890 2693/2363/853 2691/2644/1071 2690/2397/886
f 2694/2403/892 2695/2361/851 2693/2363/853 2692/2401/890
f 2669/2402/891 2696/2368/858 2695/2361/851 2694/2403/892
f 2696/2368/858 2669/2402/891 2697/2372/862
f 2724/2437/1078 2715/2667/1079 2714/2668/1080 2725/2669/1080
f 2615/2670/1081 2614/2671/1081 2613/2672/1081 2612/2673/1081 2621/2674/1081 2620/2675/1081 2619/2676/1081 2618/2677/1081 2617/2678/1081 2616/2679/1081
f 2709/2412/901 2710/2409/898 2703/2411/900
f 2708/2414/903 2709/2412/901 2702/2413/902
f 2707/2416/905 2708/2414/903 2701/2415/904
f 2706/2418/907 2707/2416/905 2700/2417/906
f 2705/2420/909 2706/2418/907 2699/2419/908
f 2711/2680/1082 2705/2420/909 2698/2421/910
f 2723/2428/1083 2716/2422/911 2715/2667/1079 2724/2437/1078
f 2720/2681/1084 2719/2435/1085 2718/2426/915 2721/2425/914
f 2716/2422/911 2723/2428/1083 2722/2423/912
f 2717/2424/913 2722/2423/912 2721/2425/914
f 2712/2682/1086 2713/2683/1086 2719/2435/1085 2720/2681/1084
f 2705/2684/366 2711/2685/366 2712/2682/366 2720/2681/366
f 2716/2422/367 2717/2424/367 2701/2430/367
f 2711/2686/1087 2698/2687/1087 2713/2683/1087 2712/2682/1087
f 2722/2423/366 2723/2428/366 2708/2427/366
f 2703/2688/367 2704/2689/367 2714/2668/367 2715/2667/367
f 2717/2424/367 2718/2426/367 2700/2431/367
f 2704/2690/1088 2710/2691/1088 2725/2669/1088 2714/2668/1088
f 2721/2425/366 2722/2423/366 2707/2432/366
f 2716/2422/367 2702/2439/367 2703/2688/367 2715/2667/367
f 2718/2426/367 2719/2435/367 2699/2433/367
f 2710/2438/366 2724/2437/366 2725/2669/366
f 2721/2425/366 2706/2434/366 2705/2684/366 2720/2681/366
f 2743/2445/921 2775/2692/1089 2731/2693/1090 2727/2443/919
f 2698/2436/367 2719/2435/367 2713/2683/368
f 2723/2428/366 2724/2437/366 2709/2429/366
f 2726/2694/609 2801/2695/622 2803/2696/622 2802/2697/622 2738/2698/1091 2744/2699/1092
f 2737/2700/1093 2770/2701/1094 2776/2702/1095 2745/2703/1096
f 2740/2704/1097 2741/2705/1097 2742/2706/1097 2738/2707/1097 2802/2708/1097 2805/2709/1097 2769/2710/1097 2771/2711/1097 2772/2712/1097 2773/2713/1097 2774/2714/1097 2770/2715/1097 2737/2716/1097 2739/2717/1097
f 2748/2718/1098 2743/2445/921 2746/2444/920 2749/2719/1099
f 2749/2719/1099 2746/2444/920 2747/2720/1100 2750/2721/1101
f 2760/2722/1102 2750/2721/1101 2747/2720/1100 2759/2723/1103
f 2751/2724/1104 2748/2718/1098 2749/2719/1099 2752/2440/916
f 2753/2441/917 2752/2440/916 2749/2719/1099 2750/2721/1101
f 2761/2725/1105 2753/2441/917 2750/2721/1101 2760/2722/1102
f 2756/2726/1106 2744/2699/1092 2754/2727/1107 2757/2728/1108
f 2757/2728/1108 2754/2727/1107 2755/2729/1109 2758/2730/1110
f 2768/2731/1111 2758/2730/1110 2755/2729/1109 2767/2732/1112
f 2759/2723/1103 2756/2726/1106 2757/2728/1108 2760/2722/1102
f 2761/2725/1105 2760/2722/1102 2757/2728/1108 2758/2730/1110
f 2753/2441/917 2761/2725/1105 2758/2730/1110 2768/2731/1111
f 2764/2733/1113 2745/2703/1096 2762/2734/1114 2765/2735/1115
f 2765/2735/1115 2762/2734/1114 2763/2736/1116 2766/2442/918
f 2766/2442/918 2763/2736/1116 2751/2724/1104 2752/2440/916
f 2767/2732/1112 2764/2733/1113 2765/2735/1115 2768/2731/1111
f 2768/2731/1111 2765/2735/1115 2766/2442/918 2753/2441/917
f 2780/2737/1117 2775/2692/1089 2778/2738/1118 2781/2739/1119
f 2781/2739/1119 2778/2738/1118 2779/2740/1120 2782/2741/1121
f 2791/2742/1122 2782/2741/1121 2779/2740/1120 2790/2743/1123
f 2783/2744/1124 2780/2737/1117 2781/2739/1119 2784/2745/1125
f 2792/2746/1126 2784/2745/1125 2781/2739/1119 2782/2741/1121
f 2787/2747/1127 2776/2702/1095 2785/2748/1128 2788/2749/1129
f 2782/2741/1121 2791/2742/1122 2792/2746/1126
f 2788/2749/1129 2785/2748/1128 2786/2750/1130 2789/2751/1131
f 2789/2751/1131 2786/2750/1130 2798/2752/1132 2799/2753/1133
f 2790/2743/1123 2787/2747/1127 2788/2749/1129 2791/2742/1122
f 2791/2742/1122 2788/2749/1129 2789/2751/1131 2792/2746/1126
f 2792/2746/1126 2789/2751/1131 2799/2753/1133 2800/2754/1134
f 2795/2755/1135 2777/2756/1136 2793/2757/1137 2796/2758/1138
f 2796/2758/1138 2793/2757/1137 2794/2759/1139 2797/2760/1140
f 2797/2760/1140 2794/2759/1139 2783/2744/1124 2784/2745/1125
f 2798/2752/1132 2795/2755/1135 2796/2758/1138 2799/2753/1133
f 2800/2754/1134 2799/2753/1133 2796/2758/1138 2797/2760/1140
f 2800/2754/1134 2797/2760/1140 2784/2745/1125 2792/2746/1126
f 2780/2737/1117 2733/2761/1141 2731/2693/1090 2775/2692/1089
f 2783/2744/1124 2734/2762/1142 2733/2761/1141 2780/2737/1117
f 2794/2759/1139 2735/2763/620 2734/2762/1142 2783/2744/1124
f 2793/2757/1137 2736/2764/621 2735/2763/620 2794/2759/1139
f 2777/2756/1136 2732/2765/553 2736/2764/621 2793/2757/1137
f 2785/2748/1128 2776/2702/1095 2770/2701/1094 2774/2766/1143
f 2786/2750/1130 2785/2748/1128 2774/2766/1143 2773/2767/1144
f 2798/2752/1132 2786/2750/1130 2773/2767/1144 2772/2768/1145
f 2795/2755/1135 2798/2752/1132 2772/2768/1145 2771/2769/1146
f 2777/2756/1136 2795/2755/1135 2771/2769/1146 2769/2770/1147
f 2778/2738/1118 2775/2692/1089 2743/2445/921 2748/2718/1098
f 2779/2740/1120 2778/2738/1118 2748/2718/1098 2751/2724/1104
f 2790/2743/1123 2779/2740/1120 2751/2724/1104 2763/2736/1116
f 2787/2747/1127 2790/2743/1123 2763/2736/1116 2762/2734/1114
f 2776/2702/1095 2787/2747/1127 2762/2734/1114 2745/2703/1096
f 2742/2771/1148 2754/2727/1107 2744/2699/1092 2738/2698/1091
f 2741/2772/1149 2755/2729/1109 2754/2727/1107 2742/2771/1148
f 2740/2773/1150 2767/2732/1112 2755/2729/1109 2741/2772/1149
f 2739/2774/1151 2764/2733/1113 2767/2732/1112 2740/2773/1150
f 2737/2700/1093 2745/2703/1096 2764/2733/1113 2739/2774/1151
f 2747/2720/1100 2746/2444/920 2727/2443/919 2730/2775/1152
f 2759/2723/1103 2747/2720/1100 2730/2775/1152 2729/2776/607
f 2756/2726/1106 2759/2723/1103 2729/2776/607 2728/2777/608
f 2744/2699/1092 2756/2726/1106 2728/2777/608 2726/2694/609
f 2732/2765/553 2777/2756/1136 2769/2770/1147 2805/2778/643 2804/2779/643
f 2804/2780/1153 2805/2781/1153 2803/2782/1153 2801/2783/1153
f 2802/2784/1154 2803/2782/1154 2805/2781/1154
f 2729/2785/1155 2730/2786/1155 2727/2787/1155 2731/2788/1155 2733/2789/1155 2734/2790/1155 2735/2791/1155 2736/2792/1155 2732/2793/1155 2804/2780/1155 2801/2783/1155 2726/2794/1155 2728/2795/1155
f 2913/2902/755 2466/2903/764 2537/2904/756
f 2464/2905/1002 2534/2906/1001 2477/2907/1007
f 3009/2205/136 2980/2206/137 2983/2207/1186
f 3009/2205/136 2983/2207/1186 3010/2208/139
f 3004/2209/1187 2964/2210/141 2967/2211/142
f 3015/2212/143 3001/2213/1188 3002/2214/145
f 3010/2208/139 2983/2207/1186 2984/2215/146
f 3004/2209/1187 2967/2211/142 3005/2216/147
f 3010/2208/139 2984/2215/146 2987/2217/148
f 3005/2216/147 2967/2211/142 2969/2218/1189
f 3006/2219/150 2973/2220/1190 3007/2221/1191
f 3012/2222/153 2991/2223/154 2993/2224/155
f 3012/2222/153 2993/2224/155 3013/2225/156
f 2918/2226/1192 2963/2227/158 2917/2228/159
f 2922/2229/160 2968/2230/161 2921/2231/162
f 2924/2232/163 2970/2233/164 2923/2234/165
f 2928/2235/166 2975/2236/1193 2927/2237/168
f 2933/2238/169 2982/2239/170 2932/2240/171
f 2936/2241/172 2986/2242/173 2935/2243/174
f 2940/2244/175 2992/2245/176 2939/2246/177
f 3029/2247/178 3000/2248/179 2945/2249/180
f 2966/2250/181 2967/2211/142 2965/2251/1194
f 2972/2252/183 2973/2220/1190 2970/2233/164
f 2975/2236/1193 2977/2253/184 2976/2254/185
f 2979/2255/186 2980/2206/137 2978/2256/187
f 2982/2239/170 2984/2215/146 2983/2207/1186
f 3000/2248/179 3002/2214/145 3001/2213/1188
f 3395/2257/188 3004/2209/188 3005/2216/189
f 2948/2258/190 3005/2216/189 3006/2259/191
f 2949/2260/192 3006/2219/191 3007/2221/193
f 2950/2261/193 3007/2221/193 3008/2262/194
f 2951/2263/195 3008/2262/194 3009/2205/196
f 2953/2264/197 3011/2265/198 2954/2266/199
f 2954/2266/199 3012/2222/199 2955/2267/200
f 2958/2268/201 3015/2212/202 2959/2269/201
f 3395/2270/203 3019/2271/204 3018/2272/205
f 2954/2273/206 3024/2274/207 2953/2275/208
f 3393/2276/209 3024/2274/207 2954/2273/206
f 2949/2277/210 3020/2278/211 2948/2279/212
f 3396/2280/213 3023/2281/214 2952/2282/215
f 3042/2283/216 3072/2284/217 3040/2285/218
f 3043/2286/219 3074/2287/220 3042/2283/216
f 3059/2288/221 3089/2289/222 3087/2290/223
f 3060/2291/224 3091/2292/225 3089/2289/222
f 3062/2293/226 3093/2294/227 3091/2292/225
f 3036/2295/228 3067/2296/229 3034/2297/230
f 3038/2298/231 3069/2299/232 3036/2295/228
f 3017/2300/233 3031/2301/234 3016/2302/235
f 3023/2303/236 3046/2304/237 3044/2305/238
f 3017/2300/233 3032/2306/239 3031/2301/234
f 3016/2302/235 3031/2301/234 3061/2307/240
f 3024/2308/241 3049/2309/242 3394/2310/243
f 3393/2311/244 3052/2312/245 3024/2308/241
f 3022/2313/246 3041/2314/247 3021/2315/248
f 3043/2286/249 3041/2314/250 3045/2316/1195
f 3045/2316/1195 3044/2305/252 3047/2317/253
f 3047/2317/253 3046/2304/1196 3048/2318/255
f 3050/2319/256 3049/2309/257 3051/2320/1197
f 3057/2321/259 3056/2322/260 3059/2288/221
f 3066/2323/1198 3063/2324/1199 3065/2325/263
f 3073/2326/264 3071/2327/265 3072/2284/266
f 3073/2326/264 3072/2284/266 3075/2328/267
f 3084/2329/1200 3081/2330/1201 3083/2331/270
f 3086/2332/271 3083/2331/270 3085/2333/272
f 3030/2334/273 3063/2324/274 3093/2294/227
f 3099/2335/1202 3136/2336/1203 3134/2337/277
f 3094/2338/278 3150/2339/1204 3103/2340/1205
f 3100/2341/281 3138/2342/282 3136/2336/1203
f 3153/2343/283 3104/2344/1206 3152/2345/1207
f 3101/2346/1208 3141/2347/1209 3138/2342/282
f 3101/2346/1208 3143/2348/288 3141/2347/1209
f 3097/2349/289 3130/2350/290 3128/2351/291
f 3098/2352/292 3132/2353/293 3130/2350/290
f 3103/2340/1205 3145/2354/1210 3102/2355/295
f 3098/2352/292 3134/2337/277 3132/2353/293
f 3162/2356/296 3110/2357/1211 3109/2358/298
f 3164/2359/299 3111/2360/1212 3110/2357/1211
f 3177/2361/301 3117/2362/302 3175/2363/303
f 3104/2344/1206 3106/2364/1213 3105/2365/1214
f 3166/2366/1215 3112/2367/1216 3111/2360/1212
f 3178/2368/308 3118/2369/1217 3177/2361/301
f 3153/2343/283 3107/2370/1218 3104/2344/1206
f 3155/2371/311 3107/2370/1218 3153/2343/283
f 3179/2372/312 3119/2373/313 3178/2368/308
f 3168/2374/314 3114/2375/315 3113/2376/316
f 3157/2377/317 3108/2378/318 3155/2371/311
f 3159/2379/319 3108/2378/318 3157/2377/317
f 3170/2380/320 3115/2381/321 3114/2375/315
f 3127/2382/322 3156/2383/323 3126/2384/1219
f 3126/2384/1219 3125/2385/325 3127/2382/322
f 3158/2386/326 3127/2387/322 3129/2388/327
f 3161/2389/328 3129/2388/327 3131/2390/1220
f 3129/2388/327 3128/2351/291 3130/2350/290
f 3163/2391/1221 3131/2390/1220 3133/2392/1222
f 3131/2390/1220 3130/2350/290 3132/2353/293
f 3133/2392/1222 3132/2353/293 3134/2337/277
f 3167/2393/332 3139/2394/333 3140/2395/1223
f 3140/2395/1223 3138/2342/282 3141/2347/1209
f 3142/2396/1224 3141/2347/1209 3143/2348/288
f 3172/2397/336 3144/2398/1225 3146/2399/338
f 3146/2399/338 3144/2398/1225 3143/2348/288
f 3147/2400/339 3174/2401/340 3146/2399/338
f 3143/2348/288 3145/2354/1210 3146/2399/338
f 3146/2399/338 3145/2354/1210 3147/2400/339
f 3151/2402/1226 3176/2403/1227 3149/2404/1228
f 3151/2402/1226 3150/2339/1204 3179/2372/312
f 3157/2377/317 3156/2383/323 3159/2379/319
f 3166/2366/1215 3165/2405/1229 3135/2406/1230
f 3168/2374/314 3137/2407/346 3139/2394/333
f 3168/2374/314 3139/2394/333 3167/2393/332
f 3170/2380/320 3167/2393/332 3169/2408/1231
f 3192/2409/348 3186/2410/1232 3185/2411/350
f 3191/2412/351 3185/2411/350 3184/2413/1233
f 3190/2414/353 3184/2413/1233 3183/2415/354
f 3189/2416/355 3183/2415/354 3182/2417/356
f 3188/2418/357 3182/2417/356 3181/2419/358
f 3187/2420/359 3181/2419/358 3180/2421/360
f 3198/2422/361 3204/2423/362 3199/2424/363
f 3199/2424/363 3203/2425/364 3200/2426/365
f 3190/2427/366 3205/2428/366 3191/2429/366
f 3183/2430/367 3199/2424/367 3182/2431/368
f 3189/2432/366 3204/2423/366 3190/2427/366
f 3182/2431/368 3200/2426/367 3181/2433/367
f 3188/2434/366 3203/2425/366 3189/2432/366
f 3181/2433/367 3201/2435/367 3180/2436/367
f 3191/2429/366 3206/2437/366 3192/2438/366
f 3184/2439/369 3198/2422/367 3183/2430/367
f 3234/2440/370 3235/2441/371 3248/2442/372
f 3209/2443/373 3228/2444/374 3225/2445/375
f 2955/2481/407 3393/2482/209 2954/2483/206
f 2950/2484/408 3020/2485/211 2949/2486/210
f 2957/2487/409 3026/2488/410 2956/2489/411
f 2921/2490/367 2920/2491/367 2919/2492/367 2918/2493/367 2917/2494/367 2916/2495/367 2915/2496/367 3029/2497/367 2945/2498/367 2944/2499/367 2943/2500/367 2942/2501/367 2941/2502/367 2940/2503/367 2939/2504/367 2938/2505/367 2937/2506/367 2936/2507/367 2935/2508/367 2934/2509/367 2933/2510/367 2932/2511/367 2931/2512/367 2930/2513/367 2929/2514/367 2928/2515/367 2927/2516/367 2926/2517/367 2925/2518/367 2924/2519/367 2923/2520/367 2922/2521/367
f 2960/2522/1238 2915/2523/413 2916/2524/414 2961/2525/415
f 3001/2213/1188 3015/2212/143 3014/2526/416 2998/2527/417
f 2969/2218/1189 2971/2528/418 3006/2259/150 3005/2216/147
f 3011/2265/419 3010/2208/139 2987/2217/148
f 3011/2265/419 2987/2217/148 2988/2529/420
f 2991/2223/154 3012/2222/153 3011/2265/419 2988/2529/420
f 2995/2530/421 2998/2527/417 3014/2526/416 3013/2225/156
f 3006/2219/150 2971/2531/418 2973/2220/1190
f 3007/2221/1191 2973/2220/1190 2976/2254/185
f 3008/2262/422 3007/2221/1191 2976/2254/185
f 3013/2225/156 2993/2224/155 2995/2530/421
f 3008/2262/422 2976/2254/185 2977/2253/184
f 2980/2206/137 3009/2205/136 3008/2262/422 2977/2253/184
f 3000/2248/179 3029/2247/178 2915/2523/413 2960/2522/1238
f 2961/2525/415 2916/2524/414 2917/2228/159 2963/2227/158
f 2963/2227/158 2918/2226/1192 2919/2532/423 2965/2251/1194
f 2965/2251/1194 2919/2532/423 2920/2533/424 2966/2250/181
f 2966/2250/181 2920/2533/424 2921/2231/162 2968/2230/161
f 2968/2230/161 2922/2229/160 2923/2534/165 2970/2535/164
f 2970/2233/164 2924/2232/163 2925/2536/425 2972/2252/183
f 2972/2252/183 2925/2536/425 2926/2537/426 2974/2538/427
f 2974/2538/427 2926/2537/426 2927/2237/168 2975/2236/1193
f 2975/2236/1193 2928/2235/166 2929/2539/428 2978/2256/187
f 2978/2256/187 2929/2539/428 2930/2540/429 2979/2255/186
f 2979/2255/186 2930/2540/429 2931/2541/430 2981/2542/431
f 2981/2542/431 2931/2541/430 2932/2240/171 2982/2239/170
f 2982/2239/170 2933/2238/169 2934/2543/432 2985/2544/433
f 2985/2544/433 2934/2543/432 2935/2243/174 2986/2242/173
f 2986/2242/173 2936/2241/172 2937/2545/434 2989/2546/435
f 2989/2546/435 2937/2545/434 2938/2547/1239 2990/2548/1240
f 2990/2548/1240 2938/2547/1239 2939/2246/177 2992/2245/176
f 2992/2245/176 2940/2244/175 2941/2549/438 2994/2550/439
f 2994/2550/439 2941/2549/438 2942/2551/440 2996/2552/441
f 2996/2552/441 2942/2551/440 2943/2553/442 2997/2554/443
f 2997/2554/443 2943/2553/442 2944/2555/444 2999/2556/1241
f 2999/2556/1241 2944/2555/444 2945/2249/180 3000/2248/179
f 2964/2210/141 3004/2209/1187 3003/2557/446 2962/2558/447
f 2964/2210/141 2962/2558/447 2961/2525/415 2963/2227/158
f 2960/2522/1238 2961/2525/415 2962/2558/447
f 2964/2210/141 2963/2227/158 2965/2251/1194 2967/2211/142
f 2969/2218/1189 2967/2211/142 2966/2250/181 2968/2230/161
f 2971/2528/418 2969/2218/1189 2968/2230/161 2970/2535/164
f 2973/2220/1190 2972/2252/183 2974/2538/427 2976/2254/185
f 2970/2233/164 2973/2220/1190 2971/2531/418
f 2977/2253/184 2975/2236/1193 2978/2256/187 2980/2206/137
f 2974/2538/427 2975/2236/1193 2976/2254/185
f 2980/2206/137 2979/2255/186 2981/2542/431 2983/2207/1186
f 2984/2215/146 2982/2239/170 2985/2544/433 2987/2217/148
f 2981/2542/431 2982/2239/170 2983/2207/1186
f 2988/2529/420 2986/2242/173 2989/2546/435 2991/2223/154
f 2985/2544/433 2986/2242/173 2987/2217/148
f 2986/2242/173 2988/2529/420 2987/2217/148
f 2993/2224/155 2991/2223/154 2990/2548/1240 2992/2245/176
f 2989/2546/435 2990/2548/1240 2991/2223/154
f 2993/2224/155 2992/2245/176 2994/2550/439 2995/2530/421
f 2995/2530/421 2994/2550/439 2996/2552/441 2998/2527/417
f 2998/2527/417 2997/2554/443 2999/2556/1241 3001/2213/1188
f 2996/2552/441 2997/2554/443 2998/2527/417
f 3002/2214/145 3000/2248/179 2960/2522/1238 2962/2558/447
f 2999/2556/1241 3000/2248/179 3001/2213/1188
f 3002/2214/145 2962/2558/447 3003/2557/446 3015/2212/143
f 3004/2209/188 2947/2559/188 2946/2560/448 3003/2557/449
f 3009/2205/196 3010/2208/450 3396/2561/450 2952/2562/196
f 3395/2257/188 2947/2559/188 3004/2209/188
f 2948/2258/190 3395/2257/188 3005/2216/189
f 2949/2260/192 2948/2563/190 3006/2219/191
f 2950/2261/193 2949/2260/192 3007/2221/193
f 2951/2263/195 2950/2261/193 3008/2262/194
f 2952/2562/196 2951/2263/195 3009/2205/196
f 3013/2225/451 2956/2564/451 2955/2267/200 3012/2222/199
f 2953/2264/197 3396/2561/450 3010/2208/450
f 2953/2264/197 3010/2208/450 3011/2265/198
f 2954/2266/199 3011/2265/198 3012/2222/199
f 3014/2526/452 2957/2565/452 2956/2564/451 3013/2225/451
f 3015/2212/202 2958/2268/201 2957/2565/452 3014/2526/452
f 3003/2557/449 2946/2560/448 2959/2269/201 3015/2212/202
f 3025/2566/453 2955/2567/407 2956/2568/411 3026/2569/410
f 3394/2570/454 2953/2275/208 3024/2274/207
f 2948/2571/212 3020/2572/211 3019/2271/204
f 2955/2567/407 3025/2566/453 3393/2276/209
f 2950/2573/408 3021/2574/455 3020/2278/211
f 3021/2574/455 2950/2573/408 2951/2575/1242 3022/2576/456
f 3022/2576/456 2951/2575/1242 2952/2282/215 3023/2281/214
f 2957/2577/409 3027/2578/457 3026/2569/410
f 3016/2579/458 2946/2580/459 2947/2581/460 3017/2582/461
f 3027/2578/457 2957/2577/409 2958/2583/462 3028/2584/463
f 3017/2582/461 2947/2581/460 3395/2270/203 3018/2272/205
f 3028/2584/463 2958/2583/462 2959/2585/464 3016/2579/458
f 3083/2331/270 3053/2586/465 3055/2587/466 3085/2333/272
f 3396/2280/213 3394/2570/454 3023/2281/214
f 3059/2288/221 3060/2291/224 3089/2289/222
f 3040/2285/218 3072/2284/217 3071/2327/467
f 3085/2333/272 3055/2587/466 3057/2321/468 3087/2290/223
f 3042/2283/216 3074/2287/220 3072/2284/217
f 3074/2287/220 3043/2286/219 3045/2316/469 3076/2588/470
f 3057/2321/468 3059/2288/221 3087/2290/223
f 3058/2589/471 3056/2322/472 3026/2590/472 3027/2591/473
f 3076/2588/470 3045/2316/469 3047/2317/474 3078/2592/475
f 3063/2324/274 3030/2334/273 3033/2593/476 3065/2325/477
f 3078/2592/475 3047/2317/474 3048/2318/478 3080/2594/478
f 3062/2293/226 3030/2334/273 3093/2294/227
f 3060/2291/224 3062/2293/226 3091/2292/225
f 3065/2325/477 3033/2593/476 3034/2297/230 3067/2296/229
f 3080/2594/478 3048/2318/478 3050/2319/479 3081/2330/480
f 3081/2330/480 3051/2320/481 3053/2586/465 3083/2331/270
f 3084/2595/366 3086/2596/366 3088/2597/366 3090/2598/366 3092/2599/366 3064/2600/366 3066/2601/366 3068/2602/366 3070/2603/366 3073/2604/366 3075/2605/366 3077/2606/366 3079/2607/366 3082/2608/366
f 3036/2295/228 3069/2299/232 3067/2296/229
f 3050/2319/479 3051/2320/481 3081/2330/480
f 3069/2299/232 3038/2298/231 3040/2609/218 3071/2610/467
f 3049/2309/242 3046/2304/237 3023/2303/236 3394/2310/243
f 3022/2313/246 3044/2305/238 3041/2314/247
f 3022/2313/246 3023/2303/236 3044/2305/238
f 3027/2591/473 3028/2611/473 3058/2589/471
f 3028/2611/473 3061/2307/240 3058/2589/471
f 3017/2300/233 3018/2612/482 3032/2306/239
f 3028/2611/473 3016/2302/235 3061/2307/240
f 3054/2613/483 3052/2312/245 3393/2311/244 3025/2614/484
f 3018/2612/482 3035/2615/482 3032/2306/239
f 3018/2612/482 3019/2616/482 3035/2615/482
f 3019/2616/482 3037/2617/369 3035/2615/482
f 3024/2308/241 3052/2312/245 3049/2309/242
f 3019/2616/482 3020/2618/485 3037/2617/369
f 3020/2619/485 3039/2620/486 3037/2621/369
f 3039/2620/486 3020/2619/485 3021/2315/248 3041/2314/247
f 3056/2322/472 3054/2613/483 3025/2614/484 3026/2590/472
f 3035/2615/487 3036/2295/488 3034/2297/1243 3032/2306/490
f 3033/2593/491 3030/2334/492 3031/2301/1244
f 3033/2593/491 3031/2301/1244 3032/2306/490
f 3034/2297/1243 3033/2593/491 3032/2306/490
f 3035/2615/487 3037/2617/494 3038/2298/495 3036/2295/488
f 3046/2304/1196 3049/2309/257 3050/2319/256 3048/2318/255
f 3040/2609/1245 3038/2298/495 3037/2617/494
f 3040/2285/1245 3037/2621/494 3039/2620/1246
f 3042/2283/1247 3040/2285/1245 3039/2620/1246
f 3042/2283/1247 3039/2620/1246 3041/2314/250
f 3043/2286/249 3042/2283/1247 3041/2314/250
f 3045/2316/1195 3041/2314/250 3044/2305/252
f 3047/2317/253 3044/2305/252 3046/2304/1196
f 3052/2312/499 3053/2586/500 3051/2320/1197 3049/2309/257
f 3052/2312/499 3054/2613/501 3055/2587/502 3053/2586/500
f 3056/2322/260 3057/2321/259 3055/2587/502 3054/2613/501
f 3061/2307/1248 3062/2293/1249 3060/2291/224 3058/2589/505
f 3059/2288/221 3056/2322/260 3058/2589/505
f 3060/2291/224 3059/2288/221 3058/2589/505
f 3061/2307/1248 3031/2301/1244 3030/2334/492 3062/2293/1249
f 3093/2294/1250 3063/2324/1199 3066/2323/1198 3064/2622/507
f 3067/2296/1251 3069/2299/1252 3070/2623/1253 3068/2624/511
f 3068/2624/511 3066/2323/1198 3065/2325/263
f 3068/2624/511 3065/2325/263 3067/2296/1251
f 3071/2610/265 3073/2625/264 3070/2623/1253 3069/2299/1252
f 3074/2287/512 3076/2588/513 3077/2626/1254 3075/2328/267
f 3075/2328/267 3072/2284/266 3074/2287/512
f 3078/2592/515 3079/2627/1255 3077/2626/1254 3076/2588/513
f 3078/2592/515 3080/2594/517 3082/2628/518 3079/2627/1255
f 3087/2290/1256 3088/2629/520 3086/2332/271 3085/2333/272
f 3082/2628/518 3080/2594/517 3081/2330/1201
f 3084/2329/1200 3082/2628/518 3081/2330/1201
f 3086/2332/271 3084/2329/1200 3083/2331/270
f 3089/2289/1257 3090/2630/1258 3088/2629/520 3087/2290/1256
f 3089/2289/1257 3091/2292/523 3092/2631/1259 3090/2630/1258
f 3093/2294/1250 3064/2622/507 3092/2631/1259 3091/2292/523
f 3120/2632/525 3094/2338/278 3095/2633/526 3121/2634/527
f 2953/2635/208 3394/2636/454 3396/2637/213
f 3164/2359/299 3165/2405/1229 3166/2366/1215
f 3094/2338/278 3120/2632/525 3150/2339/1204
f 3098/2352/292 3099/2335/1202 3134/2337/277
f 3121/2634/527 3095/2633/526 3096/2638/528 3123/2639/529
f 3103/2340/1205 3150/2339/1204 3148/2640/1260
f 3099/2335/1202 3100/2341/281 3136/2336/1203
f 3125/2385/325 3096/2638/528 3097/2641/289 3128/2642/291
f 3100/2341/281 3101/2346/1208 3138/2342/282
f 3096/2638/528 3125/2385/325 3123/2639/529
f 3116/2643/531 3173/2644/532 3175/2363/303 3117/2362/302
f 3101/2346/1208 3102/2355/295 3143/2348/288
f 3097/2349/289 3098/2352/292 3130/2350/290
f 3102/2355/295 3145/2354/1210 3143/2348/288
f 3103/2340/1205 3148/2640/1260 3145/2354/1210
f 3160/2645/1261 3162/2356/296 3109/2358/298
f 3113/2376/316 3112/2367/1216 3135/2406/1230 3137/2407/346
f 3162/2356/296 3164/2359/299 3110/2357/1211
f 3164/2359/299 3166/2366/1215 3111/2360/1212
f 3177/2361/301 3118/2369/1217 3117/2362/302
f 3104/2344/1206 3107/2370/1218 3106/2364/1213
f 3166/2366/1215 3135/2406/1230 3112/2367/1216
f 3178/2368/308 3119/2373/313 3118/2369/1217
f 3119/2373/313 3179/2372/312 3105/2365/1214 3106/2364/1213
f 3137/2407/346 3168/2374/314 3113/2376/316
f 3155/2371/311 3108/2378/318 3107/2370/1218
f 3109/2358/298 3108/2646/318 3159/2647/319 3160/2645/1261
f 3168/2374/314 3170/2380/320 3114/2375/315
f 3170/2380/320 3171/2648/1262 3115/2381/321
f 3116/2643/531 3115/2381/321 3171/2648/1262 3173/2644/532
f 3115/2649/535 3116/2650/535 3117/2651/535 3118/2652/535 3119/2653/535 3106/2654/535 3107/2655/535 3108/2656/535 3109/2657/535 3110/2658/535 3111/2659/535 3112/2660/535 3113/2661/535 3114/2662/535
f 3121/2634/527 3122/2663/1263 3105/2365/1214 3120/2632/525
f 3122/2663/1263 3152/2345/1207 3105/2365/1214
f 3152/2345/1207 3122/2663/1263 3124/2664/537 3154/2665/538
f 3123/2639/529 3124/2664/537 3122/2663/1263 3121/2634/527
f 3154/2665/538 3124/2664/537 3126/2384/1219 3156/2383/323
f 3125/2385/325 3126/2384/1219 3124/2664/537 3123/2639/529
f 3136/2336/1203 3138/2342/282 3139/2394/333 3137/2407/346
f 3127/2382/322 3158/2666/326 3156/2383/323
f 3127/2382/322 3125/2385/325 3128/2642/291
f 3161/2389/328 3158/2386/326 3129/2388/327
f 3129/2388/327 3127/2387/322 3128/2351/291
f 3163/2391/1221 3161/2389/328 3131/2390/1220
f 3131/2390/1220 3129/2388/327 3130/2350/290
f 3165/2405/1229 3163/2391/1221 3133/2392/1222
f 3133/2392/1222 3131/2390/1220 3132/2353/293
f 3135/2406/1230 3165/2405/1229 3133/2392/1222
f 3135/2406/1230 3133/2392/1222 3134/2337/277
f 3137/2407/346 3135/2406/1230 3136/2336/1203
f 3136/2336/1203 3135/2406/1230 3134/2337/277
f 3140/2395/1223 3142/2396/1224 3169/2408/1231 3167/2393/332
f 3140/2395/1223 3139/2394/333 3138/2342/282
f 3142/2396/1224 3144/2398/1225 3172/2397/336 3169/2408/1231
f 3142/2396/1224 3140/2395/1223 3141/2347/1209
f 3174/2401/340 3147/2400/339 3149/2404/1228 3176/2403/1227
f 3144/2398/1225 3142/2396/1224 3143/2348/288
f 3146/2399/338 3174/2401/340 3172/2397/336
f 3148/2640/1260 3149/2404/1228 3147/2400/339 3145/2354/1210
f 3150/2339/1204 3151/2402/1226 3149/2404/1228 3148/2640/1260
f 3154/2665/538 3155/2371/311 3153/2343/283 3152/2345/1207
f 3120/2632/525 3105/2365/1214 3179/2372/312
f 3179/2372/312 3150/2339/1204 3120/2632/525
f 3104/2344/1206 3105/2365/1214 3152/2345/1207
f 3156/2383/323 3157/2377/317 3155/2371/311 3154/2665/538
f 3158/2386/326 3161/2389/328 3162/2356/296 3160/2645/1261
f 3159/2379/319 3156/2383/323 3158/2666/326
f 3160/2645/1261 3159/2647/319 3158/2386/326
f 3161/2389/328 3163/2391/1221 3164/2359/299 3162/2356/296
f 3169/2408/1231 3172/2397/336 3173/2644/532 3171/2648/1262
f 3165/2405/1229 3164/2359/299 3163/2391/1221
f 3170/2380/320 3168/2374/314 3167/2393/332
f 3171/2648/1262 3170/2380/320 3169/2408/1231
f 3174/2401/340 3175/2363/303 3173/2644/532 3172/2397/336
f 3176/2403/1227 3177/2361/301 3175/2363/303 3174/2401/340
f 3151/2402/1226 3178/2368/308 3177/2361/301 3176/2403/1227
f 3178/2368/308 3151/2402/1226 3179/2372/312
f 3206/2437/539 3197/2667/540 3196/2668/541 3207/2669/541
f 3097/2670/542 3096/2671/542 3095/2672/542 3094/2673/542 3103/2674/542 3102/2675/542 3101/2676/542 3100/2677/542 3099/2678/542 3098/2679/542
f 3191/2412/351 3192/2409/348 3185/2411/350
f 3190/2414/353 3191/2412/351 3184/2413/1233
f 3189/2416/355 3190/2414/353 3183/2415/354
f 3188/2418/357 3189/2416/355 3182/2417/356
f 3187/2420/359 3188/2418/357 3181/2419/358
f 3193/2680/1264 3187/2420/359 3180/2421/360
f 3205/2428/544 3198/2422/361 3197/2667/540 3206/2437/539
f 3202/2681/545 3201/2435/546 3200/2426/365 3203/2425/364
f 3198/2422/361 3205/2428/544 3204/2423/362
f 3199/2424/363 3204/2423/362 3203/2425/364
f 3194/2682/547 3195/2683/547 3201/2435/546 3202/2681/545
f 3187/2684/366 3193/2685/548 3194/2682/548 3202/2681/366
f 3198/2422/367 3199/2424/367 3183/2430/367
f 3193/2686/549 3180/2687/549 3195/2683/549 3194/2682/549
f 3204/2423/366 3205/2428/366 3190/2427/366
f 3185/2688/367 3186/2689/367 3196/2668/367 3197/2667/367
f 3199/2424/367 3200/2426/367 3182/2431/368
f 3186/2690/550 3192/2691/550 3207/2669/550 3196/2668/550
f 3203/2425/366 3204/2423/366 3189/2432/366
f 3198/2422/367 3184/2439/369 3185/2688/367 3197/2667/367
f 3200/2426/367 3201/2435/367 3181/2433/367
f 3192/2438/366 3206/2437/366 3207/2669/366
f 3203/2425/366 3188/2434/366 3187/2684/366 3202/2681/366
f 3225/2445/375 3257/2692/551 3213/2693/552 3209/2443/373
f 3180/2436/367 3201/2435/367 3195/2683/369
f 3205/2428/366 3206/2437/366 3191/2429/366
f 3208/2694/553 3283/2695/643 3285/2696/643 3284/2697/643 3220/2698/1265 3226/2699/556
f 3219/2700/557 3252/2701/558 3258/2702/559 3227/2703/560
f 3222/2704/561 3223/2705/561 3224/2706/561 3220/2707/561 3284/2708/561 3287/2709/561 3251/2710/561 3253/2711/561 3254/2712/561 3255/2713/561 3256/2714/561 3252/2715/561 3219/2716/561 3221/2717/561
f 3230/2718/562 3225/2445/375 3228/2444/374 3231/2719/563
f 3231/2719/563 3228/2444/374 3229/2720/564 3232/2721/565
f 3242/2722/566 3232/2721/565 3229/2720/564 3241/2723/567
f 3233/2724/568 3230/2718/562 3231/2719/563 3234/2440/370
f 3235/2441/371 3234/2440/370 3231/2719/563 3232/2721/565
f 3243/2725/569 3235/2441/371 3232/2721/565 3242/2722/566
f 3238/2726/570 3226/2699/556 3236/2727/1266 3239/2728/572
f 3239/2728/572 3236/2727/1266 3237/2729/573 3240/2730/574
f 3250/2731/1267 3240/2730/574 3237/2729/573 3249/2732/576
f 3241/2723/567 3238/2726/570 3239/2728/572 3242/2722/566
f 3243/2725/569 3242/2722/566 3239/2728/572 3240/2730/574
f 3235/2441/371 3243/2725/569 3240/2730/574 3250/2731/1267
f 3246/2733/577 3227/2703/560 3244/2734/578 3247/2735/1268
f 3247/2735/1268 3244/2734/578 3245/2736/580 3248/2442/372
f 3248/2442/372 3245/2736/580 3233/2724/568 3234/2440/370
f 3249/2732/576 3246/2733/577 3247/2735/1268 3250/2731/1267
f 3250/2731/1267 3247/2735/1268 3248/2442/372 3235/2441/371
f 3262/2737/581 3257/2692/551 3260/2738/582 3263/2739/583
f 3263/2739/583 3260/2738/582 3261/2740/584 3264/2741/1269
f 3273/2742/586 3264/2741/1269 3261/2740/584 3272/2743/587
f 3265/2744/588 3262/2737/581 3263/2739/583 3266/2745/589
f 3274/2746/590 3266/2745/589 3263/2739/583 3264/2741/1269
f 3269/2747/1270 3258/2702/559 3267/2748/592 3270/2749/1271
f 3264/2741/1269 3273/2742/586 3274/2746/590
f 3270/2749/1271 3267/2748/592 3268/2750/594 3271/2751/595
f 3271/2751/595 3268/2750/594 3280/2752/596 3281/2753/597
f 3272/2743/587 3269/2747/1270 3270/2749/1271 3273/2742/586
f 3273/2742/586 3270/2749/1271 3271/2751/595 3274/2746/590
f 3274/2746/590 3271/2751/595 3281/2753/597 3282/2754/1272
f 3277/2755/599 3259/2756/600 3275/2757/601 3278/2758/602
f 3278/2758/602 3275/2757/601 3276/2759/603 3279/2760/604
f 3279/2760/604 3276/2759/603 3265/2744/588 3266/2745/589
f 3280/2752/596 3277/2755/599 3278/2758/602 3281/2753/597
f 3282/2754/1272 3281/2753/597 3278/2758/602 3279/2760/604
f 3282/2754/1272 3279/2760/604 3266/2745/589 3274/2746/590
f 3262/2737/581 3215/2761/605 3213/2693/552 3257/2692/551
f 3265/2744/588 3216/2762/1273 3215/2761/605 3262/2737/581
f 3276/2759/603 3217/2763/607 3216/2762/1273 3265/2744/588
f 3275/2757/601 3218/2764/608 3217/2763/607 3276/2759/603
f 3259/2756/600 3214/2765/609 3218/2764/608 3275/2757/601
f 3267/2748/592 3258/2702/559 3252/2701/558 3256/2766/610
f 3268/2750/594 3267/2748/592 3256/2766/610 3255/2767/611
f 3280/2752/596 3268/2750/594 3255/2767/611 3254/2768/612
f 3277/2755/599 3280/2752/596 3254/2768/612 3253/2769/613
f 3259/2756/600 3277/2755/599 3253/2769/613 3251/2770/614
f 3260/2738/582 3257/2692/551 3225/2445/375 3230/2718/562
f 3261/2740/584 3260/2738/582 3230/2718/562 3233/2724/568
f 3272/2743/587 3261/2740/584 3233/2724/568 3245/2736/580
f 3269/2747/1270 3272/2743/587 3245/2736/580 3244/2734/578
f 3258/2702/559 3269/2747/1270 3244/2734/578 3227/2703/560
f 3224/2771/1274 3236/2727/1266 3226/2699/556 3220/2698/1265
f 3223/2772/616 3237/2729/573 3236/2727/1266 3224/2771/1274
f 3222/2773/617 3249/2732/576 3237/2729/573 3223/2772/616
f 3221/2774/618 3246/2733/577 3249/2732/576 3222/2773/617
f 3219/2700/557 3227/2703/560 3246/2733/577 3221/2774/618
f 3229/2720/564 3228/2444/374 3209/2443/373 3212/2775/619
f 3241/2723/567 3229/2720/564 3212/2775/619 3211/2776/620
f 3238/2726/570 3241/2723/567 3211/2776/620 3210/2777/1275
f 3226/2699/556 3238/2726/570 3210/2777/1275 3208/2694/553
f 3214/2765/609 3259/2756/600 3251/2770/614 3287/2778/622 3286/2779/622
f 3286/2780/623 3287/2781/623 3285/2782/623 3283/2783/623
f 3284/2784/1276 3285/2782/1276 3287/2781/1276
f 3211/2785/625 3212/2786/625 3209/2787/625 3213/2788/625 3215/2789/625 3216/2790/625 3217/2791/625 3218/2792/625 3214/2793/625 3286/2780/625 3283/2783/625 3208/2794/625 3210/2795/625
f 3395/2902/203 2948/2903/212 3019/2904/204
f 2946/2905/459 3016/2906/458 2959/2907/464
f 3491/2205/699 3462/2206/700 3465/2207/701
f 3491/2205/699 3465/2207/701 3492/2208/702
f 3486/2209/703 3446/2210/704 3449/2211/1284
f 3497/2212/706 3483/2213/707 3484/2214/708
f 3492/2208/702 3465/2207/701 3466/2215/709
f 3486/2209/703 3449/2211/1284 3487/2216/710
f 3492/2208/702 3466/2215/709 3469/2217/711
f 3487/2216/710 3449/2211/1284 3451/2218/712
f 3488/2219/713 3455/2220/714 3489/2221/1285
f 3494/2222/716 3473/2223/717 3475/2224/1286
f 3494/2222/716 3475/2224/1286 3495/2225/719
f 3400/2226/1287 3445/2227/721 3399/2228/1288
f 3404/2229/723 3450/2230/724 3403/2231/725
f 3406/2232/175 3452/2233/726 3405/2234/727
f 3410/2235/728 3457/2236/1289 3409/2237/1290
f 3415/2238/731 3464/2239/1291 3414/2240/1292
f 3418/2241/734 3468/2242/1293 3417/2243/736
f 3422/2244/163 3474/2245/737 3421/2246/1294
f 3511/2247/739 3482/2248/740 3427/2249/741
f 3448/2250/742 3449/2211/1284 3447/2251/743
f 3454/2252/744 3455/2220/714 3452/2233/726
f 3457/2236/1289 3459/2253/1295 3458/2254/746
f 3461/2255/747 3462/2206/700 3460/2256/748
f 3464/2239/1291 3466/2215/709 3465/2207/701
f 3482/2248/740 3484/2214/708 3483/2213/707
f 3877/2257/750 3486/2209/750 3487/2216/200
f 3430/2258/751 3487/2216/200 3488/2259/198
f 3431/2260/548 3488/2219/198 3489/2221/752
f 3432/2261/752 3489/2221/752 3490/2262/452
f 3433/2263/202 3490/2262/452 3491/2205/753
f 3435/2264/448 3493/2265/191 3436/2266/754
f 3436/2266/754 3494/2222/754 3437/2267/189
f 3440/2268/1296 3497/2212/195 3441/2269/1296
f 3877/2270/755 3501/2271/756 3500/2272/757
f 3436/2273/758 3506/2274/759 3435/2275/760
f 3875/2276/761 3506/2274/759 3436/2273/758
f 3431/2277/762 3502/2278/763 3430/2279/764
f 3878/2280/765 3505/2281/766 3434/2282/767
f 3524/2283/768 3554/2284/769 3522/2285/770
f 3525/2286/771 3556/2287/772 3524/2283/768
f 3541/2288/773 3571/2289/774 3569/2290/775
f 3542/2291/776 3573/2292/777 3571/2289/774
f 3544/2293/778 3575/2294/779 3573/2292/777
f 3518/2295/780 3549/2296/781 3516/2297/782
f 3520/2298/783 3551/2299/784 3518/2295/780
f 3499/2300/785 3513/2301/786 3498/2302/787
f 3505/2303/788 3528/2304/789 3526/2305/790
f 3499/2300/785 3514/2306/791 3513/2301/786
f 3498/2302/787 3513/2301/786 3543/2307/792
f 3506/2308/793 3531/2309/794 3876/2310/795
f 3875/2311/796 3534/2312/797 3506/2308/793
f 3504/2313/798 3523/2314/471 3503/2315/473
f 3525/2286/1297 3523/2314/1298 3527/2316/801
f 3527/2316/801 3526/2305/802 3529/2317/1299
f 3529/2317/1299 3528/2304/1300 3530/2318/805
f 3532/2319/1301 3531/2309/807 3533/2320/808
f 3539/2321/1302 3538/2322/810 3541/2288/773
f 3548/2323/811 3545/2324/812 3547/2325/813
f 3555/2326/814 3553/2327/815 3554/2284/816
f 3555/2326/814 3554/2284/816 3557/2328/1303
f 3566/2329/818 3563/2330/1304 3565/2331/820
f 3568/2332/821 3565/2331/820 3567/2333/1305
f 3512/2334/823 3545/2324/824 3575/2294/779
f 3581/2335/825 3618/2336/1306 3616/2337/1307
f 3576/2338/828 3632/2339/1308 3585/2340/830
f 3582/2341/831 3620/2342/832 3618/2336/1306
f 3635/2343/1309 3586/2344/1310 3634/2345/1311
f 3583/2346/836 3623/2347/1312 3620/2342/832
f 3583/2346/836 3625/2348/838 3623/2347/1312
f 3579/2349/839 3612/2350/1313 3610/2351/841
f 3580/2352/842 3614/2353/1314 3612/2350/1313
f 3585/2340/830 3627/2354/1315 3584/2355/845
f 3580/2352/842 3616/2337/1307 3614/2353/1314
f 3644/2356/846 3592/2357/847 3591/2358/848
f 3646/2359/1316 3593/2360/850 3592/2357/847
f 3659/2361/851 3599/2362/1317 3657/2363/853
f 3586/2344/1310 3588/2364/1318 3587/2365/855
f 3648/2366/1319 3594/2367/1320 3593/2360/850
f 3660/2368/858 3600/2369/1321 3659/2361/851
f 3635/2343/1309 3589/2370/860 3586/2344/1310
f 3637/2371/1322 3589/2370/860 3635/2343/1309
f 3661/2372/1323 3601/2373/1324 3660/2368/858
f 3650/2374/864 3596/2375/1325 3595/2376/1326
f 3639/2377/867 3590/2378/868 3637/2371/1322
f 3641/2379/869 3590/2378/868 3639/2377/867
f 3652/2380/870 3597/2381/871 3596/2375/1325
f 3609/2382/872 3638/2383/873 3608/2384/1327
f 3608/2384/1327 3607/2385/875 3609/2382/872
f 3640/2386/876 3609/2387/872 3611/2388/1328
f 3643/2389/878 3611/2388/1328 3613/2390/1329
f 3611/2388/1328 3610/2351/841 3612/2350/1313
f 3645/2391/1330 3613/2390/1329 3615/2392/1331
f 3613/2390/1329 3612/2350/1313 3614/2353/1314
f 3615/2392/1331 3614/2353/1314 3616/2337/1307
f 3649/2393/1332 3621/2394/883 3622/2395/884
f 3622/2395/884 3620/2342/832 3623/2347/1312
f 3624/2396/1333 3623/2347/1312 3625/2348/838
f 3654/2397/1334 3626/2398/887 3628/2399/888
f 3628/2399/888 3626/2398/887 3625/2348/838
f 3629/2400/889 3656/2401/890 3628/2399/888
f 3625/2348/838 3627/2354/1315 3628/2399/888
f 3628/2399/888 3627/2354/1315 3629/2400/889
f 3633/2402/1335 3658/2403/1336 3631/2404/893
f 3633/2402/1335 3632/2339/1308 3661/2372/1323
f 3639/2377/867 3638/2383/873 3641/2379/869
f 3648/2366/1319 3647/2405/1337 3617/2406/1338
f 3650/2374/864 3619/2407/1339 3621/2394/883
f 3650/2374/864 3621/2394/883 3649/2393/1332
f 3652/2380/870 3649/2393/1332 3651/2408/897
f 3674/2409/898 3668/2410/1340 3667/2411/900
f 3673/2412/1341 3667/2411/900 3666/2413/1342
f 3672/2414/1343 3666/2413/1342 3665/2415/904
f 3671/2416/905 3665/2415/904 3664/2417/906
f 3670/2418/1344 3664/2417/906 3663/2419/908
f 3669/2420/909 3663/2419/908 3662/2421/910
f 3680/2422/911 3686/2423/912 3681/2424/913
f 3681/2424/913 3685/2425/914 3682/2426/915
f 3672/2427/366 3687/2428/366 3673/2429/366
f 3665/2430/367 3681/2424/367 3664/2431/369
f 3671/2432/366 3686/2423/366 3672/2427/366
f 3664/2431/369 3682/2426/367 3663/2433/367
f 3670/2434/366 3685/2425/366 3671/2432/366
f 3663/2433/367 3683/2435/367 3662/2436/367
f 3673/2429/366 3688/2437/366 3674/2438/366
f 3666/2439/368 3680/2422/367 3665/2430/367
f 3716/2440/916 3717/2441/917 3730/2442/918
f 3691/2443/919 3710/2444/920 3707/2445/921
f 3437/2481/953 3875/2482/761 3436/2483/758
f 3432/2484/954 3502/2485/763 3431/2486/762
f 3439/2487/955 3508/2488/956 3438/2489/957
f 3403/2490/367 3402/2491/367 3401/2492/367 3400/2493/367 3399/2494/367 3398/2495/367 3397/2496/367 3511/2497/367 3427/2498/367 3426/2499/367 3425/2500/367 3424/2501/367 3423/2502/367 3422/2503/367 3421/2504/367 3420/2505/367 3419/2506/367 3418/2507/367 3417/2508/367 3416/2509/367 3415/2510/367 3414/2511/367 3413/2512/367 3412/2513/367 3411/2514/367 3410/2515/367 3409/2516/367 3408/2517/367 3407/2518/367 3406/2519/367 3405/2520/367 3404/2521/367
f 3442/2522/1353 3397/2523/959 3398/2524/960 3443/2525/961
f 3483/2213/707 3497/2212/706 3496/2526/1354 3480/2527/963
f 3451/2218/712 3453/2528/964 3488/2259/713 3487/2216/710
f 3493/2265/965 3492/2208/702 3469/2217/711
f 3493/2265/965 3469/2217/711 3470/2529/966
f 3473/2223/717 3494/2222/716 3493/2265/965 3470/2529/966
f 3477/2530/967 3480/2527/963 3496/2526/1354 3495/2225/719
f 3488/2219/713 3453/2531/964 3455/2220/714
f 3489/2221/1285 3455/2220/714 3458/2254/746
f 3490/2262/968 3489/2221/1285 3458/2254/746
f 3495/2225/719 3475/2224/1286 3477/2530/967
f 3490/2262/968 3458/2254/746 3459/2253/1295
f 3462/2206/700 3491/2205/699 3490/2262/968 3459/2253/1295
f 3482/2248/740 3511/2247/739 3397/2523/959 3442/2522/1353
f 3443/2525/961 3398/2524/960 3399/2228/1288 3445/2227/721
f 3445/2227/721 3400/2226/1287 3401/2532/969 3447/2251/743
f 3447/2251/743 3401/2532/969 3402/2533/970 3448/2250/742
f 3448/2250/742 3402/2533/970 3403/2231/725 3450/2230/724
f 3450/2230/724 3404/2229/723 3405/2534/727 3452/2535/726
f 3452/2233/726 3406/2232/175 3407/2536/438 3454/2252/744
f 3454/2252/744 3407/2536/438 3408/2537/971 3456/2538/972
f 3456/2538/972 3408/2537/971 3409/2237/1290 3457/2236/1289
f 3457/2236/1289 3410/2235/728 3411/2539/973 3460/2256/748
f 3460/2256/748 3411/2539/973 3412/2540/974 3461/2255/747
f 3461/2255/747 3412/2540/974 3413/2541/1355 3463/2542/976
f 3463/2542/976 3413/2541/1355 3414/2240/1292 3464/2239/1291
f 3464/2239/1291 3415/2238/731 3416/2543/977 3467/2544/1356
f 3467/2544/1356 3416/2543/977 3417/2243/736 3468/2242/1293
f 3468/2242/1293 3418/2241/734 3419/2545/979 3471/2546/980
f 3471/2546/980 3419/2545/979 3420/2547/1357 3472/2548/982
f 3472/2548/982 3420/2547/1357 3421/2246/1294 3474/2245/737
f 3474/2245/737 3422/2244/163 3423/2549/425 3476/2550/983
f 3476/2550/983 3423/2549/425 3424/2551/984 3478/2552/985
f 3478/2552/985 3424/2551/984 3425/2553/986 3479/2554/987
f 3479/2554/987 3425/2553/986 3426/2555/988 3481/2556/989
f 3481/2556/989 3426/2555/988 3427/2249/741 3482/2248/740
f 3446/2210/704 3486/2209/703 3485/2557/990 3444/2558/991
f 3446/2210/704 3444/2558/991 3443/2525/961 3445/2227/721
f 3442/2522/1353 3443/2525/961 3444/2558/991
f 3446/2210/704 3445/2227/721 3447/2251/743 3449/2211/1284
f 3451/2218/712 3449/2211/1284 3448/2250/742 3450/2230/724
f 3453/2528/964 3451/2218/712 3450/2230/724 3452/2535/726
f 3455/2220/714 3454/2252/744 3456/2538/972 3458/2254/746
f 3452/2233/726 3455/2220/714 3453/2531/964
f 3459/2253/1295 3457/2236/1289 3460/2256/748 3462/2206/700
f 3456/2538/972 3457/2236/1289 3458/2254/746
f 3462/2206/700 3461/2255/747 3463/2542/976 3465/2207/701
f 3466/2215/709 3464/2239/1291 3467/2544/1356 3469/2217/711
f 3463/2542/976 3464/2239/1291 3465/2207/701
f 3470/2529/966 3468/2242/1293 3471/2546/980 3473/2223/717
f 3467/2544/1356 3468/2242/1293 3469/2217/711
f 3468/2242/1293 3470/2529/966 3469/2217/711
f 3475/2224/1286 3473/2223/717 3472/2548/982 3474/2245/737
f 3471/2546/980 3472/2548/982 3473/2223/717
f 3475/2224/1286 3474/2245/737 3476/2550/983 3477/2530/967
f 3477/2530/967 3476/2550/983 3478/2552/985 3480/2527/963
f 3480/2527/963 3479/2554/987 3481/2556/989 3483/2213/707
f 3478/2552/985 3479/2554/987 3480/2527/963
f 3484/2214/708 3482/2248/740 3442/2522/1353 3444/2558/991
f 3481/2556/989 3482/2248/740 3483/2213/707
f 3484/2214/708 3444/2558/991 3485/2557/990 3497/2212/706
f 3486/2209/750 3429/2559/750 3428/2560/197 3485/2557/992
f 3491/2205/753 3492/2208/993 3878/2561/993 3434/2562/753
f 3877/2257/750 3429/2559/750 3486/2209/750
f 3430/2258/751 3877/2257/750 3487/2216/200
f 3431/2260/548 3430/2563/751 3488/2219/198
f 3432/2261/752 3431/2260/548 3489/2221/752
f 3433/2263/202 3432/2261/752 3490/2262/452
f 3434/2562/753 3433/2263/202 3491/2205/753
f 3495/2225/994 3438/2564/994 3437/2267/189 3494/2222/754
f 3435/2264/448 3878/2561/993 3492/2208/993
f 3435/2264/448 3492/2208/993 3493/2265/191
f 3436/2266/754 3493/2265/191 3494/2222/754
f 3496/2526/194 3439/2565/194 3438/2564/994 3495/2225/994
f 3497/2212/195 3440/2268/1296 3439/2565/194 3496/2526/194
f 3485/2557/992 3428/2560/197 3441/2269/1296 3497/2212/195
f 3507/2566/995 3437/2567/953 3438/2568/957 3508/2569/956
f 3876/2570/996 3435/2275/760 3506/2274/759
f 3430/2571/764 3502/2572/763 3501/2271/756
f 3437/2567/953 3507/2566/995 3875/2276/761
f 3432/2573/954 3503/2574/997 3502/2278/763
f 3503/2574/997 3432/2573/954 3433/2575/999 3504/2576/999
f 3504/2576/999 3433/2575/999 3434/2282/767 3505/2281/766
f 3439/2577/955 3509/2578/1000 3508/2569/956
f 3498/2579/1001 3428/2580/1002 3429/2581/1003 3499/2582/1004
f 3509/2578/1000 3439/2577/955 3440/2583/1005 3510/2584/1358
f 3499/2582/1004 3429/2581/1003 3877/2270/755 3500/2272/757
f 3510/2584/1358 3440/2583/1005 3441/2585/1359 3498/2579/1001
f 3565/2331/820 3535/2586/1008 3537/2587/1009 3567/2333/1305
f 3878/2280/765 3876/2570/996 3505/2281/766
f 3541/2288/773 3542/2291/776 3571/2289/774
f 3522/2285/770 3554/2284/769 3553/2327/1010
f 3567/2333/1305 3537/2587/1009 3539/2321/1011 3569/2290/775
f 3524/2283/768 3556/2287/772 3554/2284/769
f 3556/2287/772 3525/2286/771 3527/2316/1012 3558/2588/1013
f 3539/2321/1011 3541/2288/773 3569/2290/775
f 3540/2589/247 3538/2322/486 3508/2590/486 3509/2591/248
f 3558/2588/1013 3527/2316/1012 3529/2317/1014 3560/2592/1015
f 3545/2324/824 3512/2334/823 3515/2593/1016 3547/2325/1017
f 3560/2592/1015 3529/2317/1014 3530/2318/1018 3562/2594/1360
f 3544/2293/778 3512/2334/823 3575/2294/779
f 3542/2291/776 3544/2293/778 3573/2292/777
f 3547/2325/1017 3515/2593/1016 3516/2297/782 3549/2296/781
f 3562/2594/1360 3530/2318/1018 3532/2319/1019 3563/2330/1361
f 3563/2330/1361 3533/2320/1021 3535/2586/1008 3565/2331/820
f 3566/2595/366 3568/2596/366 3570/2597/366 3572/2598/366 3574/2599/366 3546/2600/366 3548/2601/366 3550/2602/366 3552/2603/366 3555/2604/366 3557/2605/366 3559/2606/366 3561/2607/366 3564/2608/366
f 3518/2295/780 3551/2299/784 3549/2296/781
f 3532/2319/1019 3533/2320/1021 3563/2330/1361
f 3551/2299/784 3520/2298/783 3522/2609/770 3553/2610/1010
f 3531/2309/794 3528/2304/789 3505/2303/788 3876/2310/795
f 3504/2313/798 3526/2305/790 3523/2314/471
f 3504/2313/798 3505/2303/788 3526/2305/790
f 3509/2591/248 3510/2611/248 3540/2589/247
f 3510/2611/248 3543/2307/792 3540/2589/247
f 3499/2300/785 3500/2612/1022 3514/2306/791
f 3510/2611/248 3498/2302/787 3543/2307/792
f 3536/2613/1023 3534/2312/797 3875/2311/796 3507/2614/1024
f 3500/2612/1022 3517/2615/1022 3514/2306/791
f 3500/2612/1022 3501/2616/1022 3517/2615/1022
f 3501/2616/1022 3519/2617/368 3517/2615/1022
f 3506/2308/793 3534/2312/797 3531/2309/794
f 3501/2616/1022 3502/2618/1025 3519/2617/368
f 3502/2619/1025 3521/2620/472 3519/2621/368
f 3521/2620/472 3502/2619/1025 3503/2315/473 3523/2314/471
f 3538/2322/486 3536/2613/1023 3507/2614/1024 3508/2590/486
f 3517/2615/1362 3518/2295/1027 3516/2297/1363 3514/2306/1029
f 3515/2593/1030 3512/2334/1031 3513/2301/1032
f 3515/2593/1030 3513/2301/1032 3514/2306/1029
f 3516/2297/1363 3515/2593/1030 3514/2306/1029
f 3517/2615/1362 3519/2617/1033 3520/2298/1034 3518/2295/1027
f 3528/2304/1300 3531/2309/807 3532/2319/1301 3530/2318/805
f 3522/2609/1035 3520/2298/1034 3519/2617/1033
f 3522/2285/1035 3519/2621/1033 3521/2620/1364
f 3524/2283/1365 3522/2285/1035 3521/2620/1364
f 3524/2283/1365 3521/2620/1364 3523/2314/1298
f 3525/2286/1297 3524/2283/1365 3523/2314/1298
f 3527/2316/801 3523/2314/1298 3526/2305/802
f 3529/2317/1299 3526/2305/802 3528/2304/1300
f 3534/2312/1366 3535/2586/1039 3533/2320/808 3531/2309/807
f 3534/2312/1366 3536/2613/1367 3537/2587/1368 3535/2586/1039
f 3538/2322/810 3539/2321/1302 3537/2587/1368 3536/2613/1367
f 3543/2307/1042 3544/2293/1043 3542/2291/776 3540/2589/1044
f 3541/2288/773 3538/2322/810 3540/2589/1044
f 3542/2291/776 3541/2288/773 3540/2589/1044
f 3543/2307/1042 3513/2301/1032 3512/2334/1031 3544/2293/1043
f 3575/2294/1045 3545/2324/812 3548/2323/811 3546/2622/1046
f 3549/2296/1047 3551/2299/1369 3552/2623/1370 3550/2624/1371
f 3550/2624/1371 3548/2323/811 3547/2325/813
f 3550/2624/1371 3547/2325/813 3549/2296/1047
f 3553/2610/815 3555/2625/814 3552/2623/1370 3551/2299/1369
f 3556/2287/1372 3558/2588/1373 3559/2626/1053 3557/2328/1303
f 3557/2328/1303 3554/2284/816 3556/2287/1372
f 3560/2592/1054 3561/2627/1055 3559/2626/1053 3558/2588/1373
f 3560/2592/1054 3562/2594/1056 3564/2628/1057 3561/2627/1055
f 3569/2290/1058 3570/2629/1374 3568/2332/821 3567/2333/1305
f 3564/2628/1057 3562/2594/1056 3563/2330/1304
f 3566/2329/818 3564/2628/1057 3563/2330/1304
f 3568/2332/821 3566/2329/818 3565/2331/820
f 3571/2289/1060 3572/2630/1375 3570/2629/1374 3569/2290/1058
f 3571/2289/1060 3573/2292/1376 3574/2631/1063 3572/2630/1375
f 3575/2294/1045 3546/2622/1046 3574/2631/1063 3573/2292/1376
f 3602/2632/1064 3576/2338/828 3577/2633/1065 3603/2634/1066
f 3435/2635/760 3876/2636/996 3878/2637/765
f 3646/2359/1316 3647/2405/1337 3648/2366/1319
f 3576/2338/828 3602/2632/1064 3632/2339/1308
f 3580/2352/842 3581/2335/825 3616/2337/1307
f 3603/2634/1066 3577/2633/1065 3578/2638/1067 3605/2639/1377
f 3585/2340/830 3632/2339/1308 3630/2640/1378
f 3581/2335/825 3582/2341/831 3618/2336/1306
f 3607/2385/875 3578/2638/1067 3579/2641/839 3610/2642/841
f 3582/2341/831 3583/2346/836 3620/2342/832
f 3578/2638/1067 3607/2385/875 3605/2639/1377
f 3598/2643/1070 3655/2644/1071 3657/2363/853 3599/2362/1317
f 3583/2346/836 3584/2355/845 3625/2348/838
f 3579/2349/839 3580/2352/842 3612/2350/1313
f 3584/2355/845 3627/2354/1315 3625/2348/838
f 3585/2340/830 3630/2640/1378 3627/2354/1315
f 3642/2645/1379 3644/2356/846 3591/2358/848
f 3595/2376/1326 3594/2367/1320 3617/2406/1338 3619/2407/1339
f 3644/2356/846 3646/2359/1316 3592/2357/847
f 3646/2359/1316 3648/2366/1319 3593/2360/850
f 3659/2361/851 3600/2369/1321 3599/2362/1317
f 3586/2344/1310 3589/2370/860 3588/2364/1318
f 3648/2366/1319 3617/2406/1338 3594/2367/1320
f 3660/2368/858 3601/2373/1324 3600/2369/1321
f 3601/2373/1324 3661/2372/1323 3587/2365/855 3588/2364/1318
f 3619/2407/1339 3650/2374/864 3595/2376/1326
f 3637/2371/1322 3590/2378/868 3589/2370/860
f 3591/2358/848 3590/2646/868 3641/2647/869 3642/2645/1379
f 3650/2374/864 3652/2380/870 3596/2375/1325
f 3652/2380/870 3653/2648/1073 3597/2381/871
f 3598/2643/1070 3597/2381/871 3653/2648/1073 3655/2644/1071
f 3597/2649/1074 3598/2650/1074 3599/2651/1074 3600/2652/1074 3601/2653/1074 3588/2654/1074 3589/2655/1074 3590/2656/1074 3591/2657/1074 3592/2658/1074 3593/2659/1074 3594/2660/1074 3595/2661/1074 3596/2662/1074
f 3603/2634/1066 3604/2663/1075 3587/2365/855 3602/2632/1064
f 3604/2663/1075 3634/2345/1311 3587/2365/855
f 3634/2345/1311 3604/2663/1075 3606/2664/1076 3636/2665/1380
f 3605/2639/1377 3606/2664/1076 3604/2663/1075 3603/2634/1066
f 3636/2665/1380 3606/2664/1076 3608/2384/1327 3638/2383/873
f 3607/2385/875 3608/2384/1327 3606/2664/1076 3605/2639/1377
f 3618/2336/1306 3620/2342/832 3621/2394/883 3619/2407/1339
f 3609/2382/872 3640/2666/876 3638/2383/873
f 3609/2382/872 3607/2385/875 3610/2642/841
f 3643/2389/878 3640/2386/876 3611/2388/1328
f 3611/2388/1328 3609/2387/872 3610/2351/841
f 3645/2391/1330 3643/2389/878 3613/2390/1329
f 3613/2390/1329 3611/2388/1328 3612/2350/1313
f 3647/2405/1337 3645/2391/1330 3615/2392/1331
f 3615/2392/1331 3613/2390/1329 3614/2353/1314
f 3617/2406/1338 3647/2405/1337 3615/2392/1331
f 3617/2406/1338 3615/2392/1331 3616/2337/1307
f 3619/2407/1339 3617/2406/1338 3618/2336/1306
f 3618/2336/1306 3617/2406/1338 3616/2337/1307
f 3622/2395/884 3624/2396/1333 3651/2408/897 3649/2393/1332
f 3622/2395/884 3621/2394/883 3620/2342/832
f 3624/2396/1333 3626/2398/887 3654/2397/1334 3651/2408/897
f 3624/2396/1333 3622/2395/884 3623/2347/1312
f 3656/2401/890 3629/2400/889 3631/2404/893 3658/2403/1336
f 3626/2398/887 3624/2396/1333 3625/2348/838
f 3628/2399/888 3656/2401/890 3654/2397/1334
f 3630/2640/1378 3631/2404/893 3629/2400/889 3627/2354/1315
f 3632/2339/1308 3633/2402/1335 3631/2404/893 3630/2640/1378
f 3636/2665/1380 3637/2371/1322 3635/2343/1309 3634/2345/1311
f 3602/2632/1064 3587/2365/855 3661/2372/1323
f 3661/2372/1323 3632/2339/1308 3602/2632/1064
f 3586/2344/1310 3587/2365/855 3634/2345/1311
f 3638/2383/873 3639/2377/867 3637/2371/1322 3636/2665/1380
f 3640/2386/876 3643/2389/878 3644/2356/846 3642/2645/1379
f 3641/2379/869 3638/2383/873 3640/2666/876
f 3642/2645/1379 3641/2647/869 3640/2386/876
f 3643/2389/878 3645/2391/1330 3646/2359/1316 3644/2356/846
f 3651/2408/897 3654/2397/1334 3655/2644/1071 3653/2648/1073
f 3647/2405/1337 3646/2359/1316 3645/2391/1330
f 3652/2380/870 3650/2374/864 3649/2393/1332
f 3653/2648/1073 3652/2380/870 3651/2408/897
f 3656/2401/890 3657/2363/853 3655/2644/1071 3654/2397/1334
f 3658/2403/1336 3659/2361/851 3657/2363/853 3656/2401/890
f 3633/2402/1335 3660/2368/858 3659/2361/851 3658/2403/1336
f 3660/2368/858 3633/2402/1335 3661/2372/1323
f 3688/2437/1381 3679/2667/1079 3678/2668/1382 3689/2669/1382
f 3579/2670/1081 3578/2671/1081 3577/2672/1081 3576/2673/1081 3585/2674/1081 3584/2675/1081 3583/2676/1081 3582/2677/1081 3581/2678/1081 3580/2679/1081
f 3673/2412/1341 3674/2409/898 3667/2411/900
f 3672/2414/1343 3673/2412/1341 3666/2413/1342
f 3671/2416/905 3672/2414/1343 3665/2415/904
f 3670/2418/1344 3671/2416/905 3664/2417/906
f 3669/2420/909 3670/2418/1344 3663/2419/908
f 3675/2680/1383 3669/2420/909 3662/2421/910
f 3687/2428/1083 3680/2422/911 3679/2667/1079 3688/2437/1381
f 3684/2681/1084 3683/2435/1384 3682/2426/915 3685/2425/914
f 3680/2422/911 3687/2428/1083 3686/2423/912
f 3681/2424/913 3686/2423/912 3685/2425/914
f 3676/2682/1086 3677/2683/1086 3683/2435/1384 3684/2681/1084
f 3669/2684/366 3675/2685/192 3676/2682/192 3684/2681/366
f 3680/2422/367 3681/2424/367 3665/2430/367
f 3675/2686/1087 3662/2687/1087 3677/2683/1087 3676/2682/1087
f 3686/2423/366 3687/2428/366 3672/2427/366
f 3667/2688/367 3668/2689/367 3678/2668/367 3679/2667/367
f 3681/2424/367 3682/2426/367 3664/2431/369
f 3668/2690/1088 3674/2691/1088 3689/2669/1088 3678/2668/1088
f 3685/2425/366 3686/2423/366 3671/2432/366
f 3680/2422/367 3666/2439/368 3667/2688/367 3679/2667/367
f 3682/2426/367 3683/2435/367 3663/2433/367
f 3674/2438/366 3688/2437/366 3689/2669/366
f 3685/2425/366 3670/2434/366 3669/2684/366 3684/2681/366
f 3707/2445/921 3739/2692/1089 3695/2693/1090 3691/2443/919
f 3662/2436/367 3683/2435/367 3677/2683/368
f 3687/2428/366 3688/2437/366 3673/2429/366
f 3690/2694/609 3765/2695/622 3767/2696/622 3766/2697/622 3702/2698/1091 3708/2699/1092
f 3701/2700/1093 3734/2701/1094 3740/2702/1385 3709/2703/1096
f 3704/2704/1097 3705/2705/1097 3706/2706/1097 3702/2707/1097 3766/2708/1097 3769/2709/1097 3733/2710/1097 3735/2711/1097 3736/2712/1097 3737/2713/1097 3738/2714/1097 3734/2715/1097 3701/2716/1097 3703/2717/1097
f 3712/2718/1098 3707/2445/921 3710/2444/920 3713/2719/1099
f 3713/2719/1099 3710/2444/920 3711/2720/1100 3714/2721/1101
f 3724/2722/1102 3714/2721/1101 3711/2720/1100 3723/2723/1386
f 3715/2724/1104 3712/2718/1098 3713/2719/1099 3716/2440/916
f 3717/2441/917 3716/2440/916 3713/2719/1099 3714/2721/1101
f 3725/2725/1105 3717/2441/917 3714/2721/1101 3724/2722/1102
f 3720/2726/1106 3708/2699/1092 3718/2727/1107 3721/2728/1108
f 3721/2728/1108 3718/2727/1107 3719/2729/1109 3722/2730/1110
f 3732/2731/1387 3722/2730/1110 3719/2729/1109 3731/2732/1388
f 3723/2723/1386 3720/2726/1106 3721/2728/1108 3724/2722/1102
f 3725/2725/1105 3724/2722/1102 3721/2728/1108 3722/2730/1110
f 3717/2441/917 3725/2725/1105 3722/2730/1110 3732/2731/1387
f 3728/2733/1113 3709/2703/1096 3726/2734/1114 3729/2735/1115
f 3729/2735/1115 3726/2734/1114 3727/2736/1116 3730/2442/918
f 3730/2442/918 3727/2736/1116 3715/2724/1104 3716/2440/916
f 3731/2732/1388 3728/2733/1113 3729/2735/1115 3732/2731/1387
f 3732/2731/1387 3729/2735/1115 3730/2442/918 3717/2441/917
f 3744/2737/1117 3739/2692/1089 3742/2738/1118 3745/2739/1119
f 3745/2739/1119 3742/2738/1118 3743/2740/1120 3746/2741/1121
f 3755/2742/1122 3746/2741/1121 3743/2740/1120 3754/2743/1123
f 3747/2744/1124 3744/2737/1117 3745/2739/1119 3748/2745/1125
f 3756/2746/1126 3748/2745/1125 3745/2739/1119 3746/2741/1121
f 3751/2747/1127 3740/2702/1385 3749/2748/1128 3752/2749/1129
f 3746/2741/1121 3755/2742/1122 3756/2746/1126
f 3752/2749/1129 3749/2748/1128 3750/2750/1130 3753/2751/1131
f 3753/2751/1131 3750/2750/1130 3762/2752/1132 3763/2753/1133
f 3754/2743/1123 3751/2747/1127 3752/2749/1129 3755/2742/1122
f 3755/2742/1122 3752/2749/1129 3753/2751/1131 3756/2746/1126
f 3756/2746/1126 3753/2751/1131 3763/2753/1133 3764/2754/1134
f 3759/2755/1135 3741/2756/1136 3757/2757/1137 3760/2758/1138
f 3760/2758/1138 3757/2757/1137 3758/2759/1139 3761/2760/1140
f 3761/2760/1140 3758/2759/1139 3747/2744/1124 3748/2745/1125
f 3762/2752/1132 3759/2755/1135 3760/2758/1138 3763/2753/1133
f 3764/2754/1134 3763/2753/1133 3760/2758/1138 3761/2760/1140
f 3764/2754/1134 3761/2760/1140 3748/2745/1125 3756/2746/1126
f 3744/2737/1117 3697/2761/1141 3695/2693/1090 3739/2692/1089
f 3747/2744/1124 3698/2762/1142 3697/2761/1141 3744/2737/1117
f 3758/2759/1139 3699/2763/620 3698/2762/1142 3747/2744/1124
f 3757/2757/1137 3700/2764/1275 3699/2763/620 3758/2759/1139
f 3741/2756/1136 3696/2765/553 3700/2764/1275 3757/2757/1137
f 3749/2748/1128 3740/2702/1385 3734/2701/1094 3738/2766/1143
f 3750/2750/1130 3749/2748/1128 3738/2766/1143 3737/2767/1144
f 3762/2752/1132 3750/2750/1130 3737/2767/1144 3736/2768/1145
f 3759/2755/1135 3762/2752/1132 3736/2768/1145 3735/2769/1389
f 3741/2756/1136 3759/2755/1135 3735/2769/1389 3733/2770/1147
f 3742/2738/1118 3739/2692/1089 3707/2445/921 3712/2718/1098
f 3743/2740/1120 3742/2738/1118 3712/2718/1098 3715/2724/1104
f 3754/2743/1123 3743/2740/1120 3715/2724/1104 3727/2736/1116
f 3751/2747/1127 3754/2743/1123 3727/2736/1116 3726/2734/1114
f 3740/2702/1385 3751/2747/1127 3726/2734/1114 3709/2703/1096
f 3706/2771/1390 3718/2727/1107 3708/2699/1092 3702/2698/1091
f 3705/2772/1149 3719/2729/1109 3718/2727/1107 3706/2771/1390
f 3704/2773/1150 3731/2732/1388 3719/2729/1109 3705/2772/1149
f 3703/2774/1151 3728/2733/1113 3731/2732/1388 3704/2773/1150
f 3701/2700/1093 3709/2703/1096 3728/2733/1113 3703/2774/1151
f 3711/2720/1100 3710/2444/920 3691/2443/919 3694/2775/1152
f 3723/2723/1386 3711/2720/1100 3694/2775/1152 3693/2776/607
f 3720/2726/1106 3723/2723/1386 3693/2776/607 3692/2777/608
f 3708/2699/1092 3720/2726/1106 3692/2777/608 3690/2694/609
f 3696/2765/553 3741/2756/1136 3733/2770/1147 3769/2778/643 3768/2779/643
f 3768/2780/1153 3769/2781/1153 3767/2782/1153 3765/2783/1153
f 3766/2784/1391 3767/2782/1391 3769/2781/1391
f 3693/2785/1155 3694/2786/1155 3691/2787/1155 3695/2788/1155 3697/2789/1155 3698/2790/1155 3699/2791/1155 3700/2792/1155 3696/2793/1155 3768/2780/1155 3765/2783/1155 3690/2794/1155 3692/2795/1155
f 3877/2902/755 3430/2903/764 3501/2904/756
f 3428/2905/1002 3498/2906/1001 3441/2907/1359
f 3973/2205/1396 3944/2206/137 3947/2207/1186
f 3973/2205/1396 3947/2207/1186 3974/2208/1397
f 3968/2209/140 3928/2210/141 3931/2211/142
f 3979/2212/143 3965/2213/1188 3966/2214/145
f 3974/2208/1397 3947/2207/1186 3948/2215/146
f 3968/2209/140 3931/2211/142 3969/2216/1398
f 3974/2208/1397 3948/2215/146 3951/2217/148
f 3969/2216/1398 3931/2211/142 3933/2218/1399
f 3970/2219/150 3937/2220/1190 3971/2221/1191
f 3976/2222/153 3955/2223/154 3957/2224/1400
f 3976/2222/153 3957/2224/1400 3977/2225/156
f 3882/2226/157 3927/2227/158 3881/2228/159
f 3886/2229/160 3932/2230/161 3885/2231/162
f 3888/2232/163 3934/2233/164 3887/2234/165
f 3892/2235/166 3939/2236/1193 3891/2237/168
f 3897/2238/169 3946/2239/1401 3896/2240/171
f 3900/2241/172 3950/2242/173 3899/2243/174
f 3904/2244/175 3956/2245/176 3903/2246/177
f 3993/2247/1402 3964/2248/179 3909/2249/180
f 3930/2250/181 3931/2211/142 3929/2251/1194
f 3936/2252/183 3937/2220/1190 3934/2233/164
f 3939/2236/1193 3941/2253/1403 3940/2254/1404
f 3943/2255/186 3944/2206/137 3942/2256/1405
f 3946/2239/1401 3948/2215/146 3947/2207/1186
f 3964/2248/179 3966/2214/145 3965/2213/1188
f 4359/2257/1406 3968/2209/188 3969/2216/189
f 3912/2258/190 3969/2216/189 3970/2259/191
f 3913/2260/192 3970/2219/191 3971/2221/193
f 3914/2261/193 3971/2221/193 3972/2262/1407
f 3915/2263/992 3972/2262/1407 3973/2205/196
f 3917/2264/197 3975/2265/198 3918/2266/199
f 3918/2266/199 3976/2222/199 3919/2267/200
f 3922/2268/202 3979/2212/202 3923/2269/201
f 4359/2270/203 3983/2271/204 3982/2272/205
f 3918/2273/1408 3988/2274/207 3917/2275/1409
f 4357/2276/209 3988/2274/207 3918/2273/1408
f 3913/2277/210 3984/2278/211 3912/2279/212
f 4360/2280/213 3987/2281/214 3916/2282/215
f 4006/2283/216 4036/2284/217 4004/2285/218
f 4007/2286/219 4038/2287/220 4006/2283/216
f 4023/2288/221 4053/2289/222 4051/2290/223
f 4024/2291/224 4055/2292/225 4053/2289/222
f 4026/2293/226 4057/2294/1410 4055/2292/225
f 4000/2295/228 4031/2296/229 3998/2297/230
f 4002/2298/231 4033/2299/232 4000/2295/228
f 3981/2300/233 3995/2301/234 3980/2302/235
f 3987/2303/236 4010/2304/237 4008/2305/238
f 3981/2300/233 3996/2306/239 3995/2301/234
f 3980/2302/235 3995/2301/234 4025/2307/240
f 3988/2308/241 4013/2309/242 4358/2310/243
f 4357/2311/244 4016/2312/245 3988/2308/241
f 3986/2313/246 4005/2314/247 3985/2315/248
f 4007/2286/1411 4005/2314/1412 4009/2316/1413
f 4009/2316/1413 4008/2305/1414 4011/2317/1415
f 4011/2317/1415 4010/2304/1196 4012/2318/255
f 4014/2319/1416 4013/2309/1417 4015/2320/1418
f 4021/2321/259 4020/2322/1419 4023/2288/221
f 4030/2323/1420 4027/2324/1421 4029/2325/1422
f 4037/2326/264 4035/2327/265 4036/2284/1423
f 4037/2326/264 4036/2284/1423 4039/2328/1424
f 4048/2329/1200 4045/2330/1425 4047/2331/1426
f 4050/2332/271 4047/2331/1426 4049/2333/1427
f 3994/2334/273 4027/2324/274 4057/2294/1410
f 4063/2335/1428 4100/2336/276 4098/2337/277
f 4058/2338/1429 4114/2339/1204 4067/2340/1205
f 4064/2341/1430 4102/2342/1431 4100/2336/276
f 4117/2343/1432 4068/2344/1433 4116/2345/1434
f 4065/2346/1208 4105/2347/1435 4102/2342/1431
f 4065/2346/1208 4107/2348/1436 4105/2347/1435
f 4061/2349/1437 4094/2350/1438 4092/2351/291
f 4062/2352/1439 4096/2353/293 4094/2350/1438
f 4067/2340/1205 4109/2354/1440 4066/2355/295
f 4062/2352/1439 4098/2337/277 4096/2353/293
f 4126/2356/1441 4074/2357/1442 4073/2358/298
f 4128/2359/1443 4075/2360/300 4074/2357/1442
f 4141/2361/1444 4081/2362/1445 4139/2363/1446
f 4068/2344/1433 4070/2364/1213 4069/2365/305
f 4130/2366/1447 4076/2367/1448 4075/2360/300
f 4142/2368/1449 4082/2369/309 4141/2361/1444
f 4117/2343/1432 4071/2370/1218 4068/2344/1433
f 4119/2371/1450 4071/2370/1218 4117/2343/1432
f 4143/2372/1451 4083/2373/313 4142/2368/1449
f 4132/2374/314 4078/2375/1452 4077/2376/316
f 4121/2377/1453 4072/2378/1454 4119/2371/1450
f 4123/2379/319 4072/2378/1454 4121/2377/1453
f 4134/2380/1455 4079/2381/321 4078/2375/1452
f 4091/2382/1456 4120/2383/323 4090/2384/1219
f 4090/2384/1219 4089/2385/1457 4091/2382/1456
f 4122/2386/1458 4091/2387/1456 4093/2388/327
f 4125/2389/328 4093/2388/327 4095/2390/1459
f 4093/2388/327 4092/2351/291 4094/2350/1438
f 4127/2391/330 4095/2390/1459 4097/2392/1460
f 4095/2390/1459 4094/2350/1438 4096/2353/293
f 4097/2392/1460 4096/2353/293 4098/2337/277
f 4131/2393/332 4103/2394/333 4104/2395/1223
f 4104/2395/1223 4102/2342/1431 4105/2347/1435
f 4106/2396/1224 4105/2347/1435 4107/2348/1436
f 4136/2397/1461 4108/2398/337 4110/2399/338
f 4110/2399/338 4108/2398/337 4107/2348/1436
f 4111/2400/339 4138/2401/1462 4110/2399/338
f 4107/2348/1436 4109/2354/1440 4110/2399/338
f 4110/2399/338 4109/2354/1440 4111/2400/339
f 4115/2402/1463 4140/2403/342 4113/2404/1228
f 4115/2402/1463 4114/2339/1204 4143/2372/1451
f 4121/2377/1453 4120/2383/323 4123/2379/319
f 4130/2366/1447 4129/2405/1464 4099/2406/1465
f 4132/2374/314 4101/2407/1466 4103/2394/333
f 4132/2374/314 4103/2394/333 4131/2393/332
f 4134/2380/1455 4131/2393/332 4133/2408/1231
f 4156/2409/348 4150/2410/1232 4149/2411/350
f 4155/2412/351 4149/2411/350 4148/2413/352
f 4154/2414/1467 4148/2413/352 4147/2415/354
f 4153/2416/1468 4147/2415/354 4146/2417/1469
f 4152/2418/1470 4146/2417/1469 4145/2419/1471
f 4151/2420/1472 4145/2419/1471 4144/2421/360
f 4162/2422/361 4168/2423/362 4163/2424/363
f 4163/2424/363 4167/2425/364 4164/2426/365
f 4154/2427/366 4169/2428/366 4155/2429/366
f 4147/2430/367 4163/2424/367 4146/2431/367
f 4153/2432/366 4168/2423/366 4154/2427/366
f 4146/2431/367 4164/2426/367 4145/2433/367
f 4152/2434/366 4167/2425/366 4153/2432/366
f 4145/2433/367 4165/2435/367 4144/2436/367
f 4155/2429/366 4170/2437/366 4156/2438/366
f 4148/2439/369 4162/2422/367 4147/2430/367
f 4198/2440/370 4199/2441/371 4212/2442/1473
f 4173/2443/373 4192/2444/374 4189/2445/375
f 3919/2481/407 4357/2482/209 3918/2483/1408
f 3914/2484/408 3984/2485/211 3913/2486/210
f 3921/2487/1480 3990/2488/410 3920/2489/411
f 3885/2490/367 3884/2491/367 3883/2492/367 3882/2493/367 3881/2494/367 3880/2495/367 3879/2496/367 3993/2497/367 3909/2498/367 3908/2499/367 3907/2500/367 3906/2501/367 3905/2502/367 3904/2503/367 3903/2504/367 3902/2505/367 3901/2506/367 3900/2507/367 3899/2508/367 3898/2509/367 3897/2510/367 3896/2511/367 3895/2512/367 3894/2513/367 3893/2514/367 3892/2515/367 3891/2516/367 3890/2517/367 3889/2518/367 3888/2519/367 3887/2520/367 3886/2521/367
f 3924/2522/1238 3879/2523/413 3880/2524/414 3925/2525/415
f 3965/2213/1188 3979/2212/143 3978/2526/1481 3962/2527/1482
f 3933/2218/1399 3935/2528/418 3970/2259/150 3969/2216/1398
f 3975/2265/419 3974/2208/1397 3951/2217/148
f 3975/2265/419 3951/2217/148 3952/2529/420
f 3955/2223/154 3976/2222/153 3975/2265/419 3952/2529/420
f 3959/2530/421 3962/2527/1482 3978/2526/1481 3977/2225/156
f 3970/2219/150 3935/2531/418 3937/2220/1190
f 3971/2221/1191 3937/2220/1190 3940/2254/1404
f 3972/2262/422 3971/2221/1191 3940/2254/1404
f 3977/2225/156 3957/2224/1400 3959/2530/421
f 3972/2262/422 3940/2254/1404 3941/2253/1403
f 3944/2206/137 3973/2205/1396 3972/2262/422 3941/2253/1403
f 3964/2248/179 3993/2247/1402 3879/2523/413 3924/2522/1238
f 3925/2525/415 3880/2524/414 3881/2228/159 3927/2227/158
f 3927/2227/158 3882/2226/157 3883/2532/423 3929/2251/1194
f 3929/2251/1194 3883/2532/423 3884/2533/424 3930/2250/181
f 3930/2250/181 3884/2533/424 3885/2231/162 3932/2230/161
f 3932/2230/161 3886/2229/160 3887/2534/165 3934/2535/164
f 3934/2233/164 3888/2232/163 3889/2536/425 3936/2252/183
f 3936/2252/183 3889/2536/425 3890/2537/426 3938/2538/427
f 3938/2538/427 3890/2537/426 3891/2237/168 3939/2236/1193
f 3939/2236/1193 3892/2235/166 3893/2539/428 3942/2256/1405
f 3942/2256/1405 3893/2539/428 3894/2540/429 3943/2255/186
f 3943/2255/186 3894/2540/429 3895/2541/430 3945/2542/1483
f 3945/2542/1483 3895/2541/430 3896/2240/171 3946/2239/1401
f 3946/2239/1401 3897/2238/169 3898/2543/432 3949/2544/433
f 3949/2544/433 3898/2543/432 3899/2243/174 3950/2242/173
f 3950/2242/173 3900/2241/172 3901/2545/1484 3953/2546/435
f 3953/2546/435 3901/2545/1484 3902/2547/1239 3954/2548/437
f 3954/2548/437 3902/2547/1239 3903/2246/177 3956/2245/176
f 3956/2245/176 3904/2244/175 3905/2549/438 3958/2550/1485
f 3958/2550/1485 3905/2549/438 3906/2551/440 3960/2552/1486
f 3960/2552/1486 3906/2551/440 3907/2553/442 3961/2554/1487
f 3961/2554/1487 3907/2553/442 3908/2555/444 3963/2556/1241
f 3963/2556/1241 3908/2555/444 3909/2249/180 3964/2248/179
f 3928/2210/141 3968/2209/140 3967/2557/1488 3926/2558/1489
f 3928/2210/141 3926/2558/1489 3925/2525/415 3927/2227/158
f 3924/2522/1238 3925/2525/415 3926/2558/1489
f 3928/2210/141 3927/2227/158 3929/2251/1194 3931/2211/142
f 3933/2218/1399 3931/2211/142 3930/2250/181 3932/2230/161
f 3935/2528/418 3933/2218/1399 3932/2230/161 3934/2535/164
f 3937/2220/1190 3936/2252/183 3938/2538/427 3940/2254/1404
f 3934/2233/164 3937/2220/1190 3935/2531/418
f 3941/2253/1403 3939/2236/1193 3942/2256/1405 3944/2206/137
f 3938/2538/427 3939/2236/1193 3940/2254/1404
f 3944/2206/137 3943/2255/186 3945/2542/1483 3947/2207/1186
f 3948/2215/146 3946/2239/1401 3949/2544/433 3951/2217/148
f 3945/2542/1483 3946/2239/1401 3947/2207/1186
f 3952/2529/420 3950/2242/173 3953/2546/435 3955/2223/154
f 3949/2544/433 3950/2242/173 3951/2217/148
f 3950/2242/173 3952/2529/420 3951/2217/148
f 3957/2224/1400 3955/2223/154 3954/2548/437 3956/2245/176
f 3953/2546/435 3954/2548/437 3955/2223/154
f 3957/2224/1400 3956/2245/176 3958/2550/1485 3959/2530/421
f 3959/2530/421 3958/2550/1485 3960/2552/1486 3962/2527/1482
f 3962/2527/1482 3961/2554/1487 3963/2556/1241 3965/2213/1188
f 3960/2552/1486 3961/2554/1487 3962/2527/1482
f 3966/2214/145 3964/2248/179 3924/2522/1238 3926/2558/1489
f 3963/2556/1241 3964/2248/179 3965/2213/1188
f 3966/2214/145 3926/2558/1489 3967/2557/1488 3979/2212/143
f 3968/2209/188 3911/2559/188 3910/2560/449 3967/2557/449
f 3973/2205/196 3974/2208/450 4360/2561/450 3916/2562/196
f 4359/2257/1406 3911/2559/188 3968/2209/188
f 3912/2258/190 4359/2257/1406 3969/2216/189
f 3913/2260/192 3912/2563/190 3970/2219/191
f 3914/2261/193 3913/2260/192 3971/2221/193
f 3915/2263/992 3914/2261/193 3972/2262/1407
f 3916/2562/196 3915/2263/992 3973/2205/196
f 3977/2225/451 3920/2564/451 3919/2267/200 3976/2222/199
f 3917/2264/197 4360/2561/450 3974/2208/450
f 3917/2264/197 3974/2208/450 3975/2265/198
f 3918/2266/199 3975/2265/198 3976/2222/199
f 3978/2526/452 3921/2565/452 3920/2564/451 3977/2225/451
f 3979/2212/202 3922/2268/202 3921/2565/452 3978/2526/452
f 3967/2557/449 3910/2560/449 3923/2269/201 3979/2212/202
f 3989/2566/453 3919/2567/407 3920/2568/411 3990/2569/410
f 4358/2570/454 3917/2275/1409 3988/2274/207
f 3912/2571/212 3984/2572/211 3983/2271/204
f 3919/2567/407 3989/2566/453 4357/2276/209
f 3914/2573/408 3985/2574/455 3984/2278/211
f 3985/2574/455 3914/2573/408 3915/2575/1490 3986/2576/456
f 3986/2576/456 3915/2575/1490 3916/2282/215 3987/2281/214
f 3921/2577/1480 3991/2578/457 3990/2569/410
f 3980/2579/458 3910/2580/459 3911/2581/460 3981/2582/461
f 3991/2578/457 3921/2577/1480 3922/2583/462 3992/2584/462
f 3981/2582/461 3911/2581/460 4359/2270/203 3982/2272/205
f 3992/2584/462 3922/2583/462 3923/2585/1491 3980/2579/458
f 4047/2331/1426 4017/2586/465 4019/2587/466 4049/2333/1427
f 4360/2280/213 4358/2570/454 3987/2281/214
f 4023/2288/221 4024/2291/224 4053/2289/222
f 4004/2285/218 4036/2284/217 4035/2327/467
f 4049/2333/1427 4019/2587/466 4021/2321/468 4051/2290/223
f 4006/2283/216 4038/2287/220 4036/2284/217
f 4038/2287/220 4007/2286/219 4009/2316/469 4040/2588/470
f 4021/2321/468 4023/2288/221 4051/2290/223
f 4022/2589/471 4020/2322/472 3990/2590/798 3991/2591/471
f 4040/2588/470 4009/2316/469 4011/2317/474 4042/2592/475
f 4027/2324/274 3994/2334/273 3997/2593/476 4029/2325/477
f 4042/2592/475 4011/2317/474 4012/2318/478 4044/2594/478
f 4026/2293/226 3994/2334/273 4057/2294/1410
f 4024/2291/224 4026/2293/226 4055/2292/225
f 4029/2325/477 3997/2593/476 3998/2297/230 4031/2296/229
f 4044/2594/478 4012/2318/478 4014/2319/479 4045/2330/480
f 4045/2330/480 4015/2320/481 4017/2586/465 4047/2331/1426
f 4048/2595/366 4050/2596/366 4052/2597/366 4054/2598/366 4056/2599/366 4028/2600/366 4030/2601/366 4032/2602/366 4034/2603/366 4037/2604/366 4039/2605/366 4041/2606/366 4043/2607/366 4046/2608/366
f 4000/2295/228 4033/2299/232 4031/2296/229
f 4014/2319/479 4015/2320/481 4045/2330/480
f 4033/2299/232 4002/2298/231 4004/2609/218 4035/2610/467
f 4013/2309/242 4010/2304/237 3987/2303/236 4358/2310/243
f 3986/2313/246 4008/2305/238 4005/2314/247
f 3986/2313/246 3987/2303/236 4008/2305/238
f 3991/2591/471 3992/2611/473 4022/2589/471
f 3992/2611/473 4025/2307/240 4022/2589/471
f 3981/2300/233 3982/2612/482 3996/2306/239
f 3992/2611/473 3980/2302/235 4025/2307/240
f 4018/2613/483 4016/2312/245 4357/2311/244 3989/2614/484
f 3982/2612/482 3999/2615/482 3996/2306/239
f 3982/2612/482 3983/2616/482 3999/2615/482
f 3983/2616/482 4001/2617/369 3999/2615/482
f 3988/2308/241 4016/2312/245 4013/2309/242
f 3983/2616/482 3984/2618/485 4001/2617/369
f 3984/2619/485 4003/2620/486 4001/2621/369
f 4003/2620/486 3984/2619/485 3985/2315/248 4005/2314/247
f 4020/2322/472 4018/2613/483 3989/2614/484 3990/2590/798
f 3999/2615/487 4000/2295/488 3998/2297/1243 3996/2306/490
f 3997/2593/491 3994/2334/1492 3995/2301/1493
f 3997/2593/491 3995/2301/1493 3996/2306/490
f 3998/2297/1243 3997/2593/491 3996/2306/490
f 3999/2615/487 4001/2617/494 4002/2298/495 4000/2295/488
f 4010/2304/1196 4013/2309/1417 4014/2319/1416 4012/2318/255
f 4004/2609/1245 4002/2298/495 4001/2617/494
f 4004/2285/1245 4001/2621/494 4003/2620/497
f 4006/2283/1494 4004/2285/1245 4003/2620/497
f 4006/2283/1494 4003/2620/497 4005/2314/1412
f 4007/2286/1411 4006/2283/1494 4005/2314/1412
f 4009/2316/1413 4005/2314/1412 4008/2305/1414
f 4011/2317/1415 4008/2305/1414 4010/2304/1196
f 4016/2312/1495 4017/2586/1496 4015/2320/1418 4013/2309/1417
f 4016/2312/1495 4018/2613/1497 4019/2587/1498 4017/2586/1496
f 4020/2322/1419 4021/2321/259 4019/2587/1498 4018/2613/1497
f 4025/2307/1499 4026/2293/1500 4024/2291/224 4022/2589/505
f 4023/2288/221 4020/2322/1419 4022/2589/505
f 4024/2291/224 4023/2288/221 4022/2589/505
f 4025/2307/1499 3995/2301/1493 3994/2334/1492 4026/2293/1500
f 4057/2294/506 4027/2324/1421 4030/2323/1420 4028/2622/1501
f 4031/2296/508 4033/2299/1252 4034/2623/1253 4032/2624/511
f 4032/2624/511 4030/2323/1420 4029/2325/1422
f 4032/2624/511 4029/2325/1422 4031/2296/508
f 4035/2610/265 4037/2625/264 4034/2623/1253 4033/2299/1252
f 4038/2287/1502 4040/2588/513 4041/2626/514 4039/2328/1424
f 4039/2328/1424 4036/2284/1423 4038/2287/1502
f 4042/2592/515 4043/2627/516 4041/2626/514 4040/2588/513
f 4042/2592/515 4044/2594/517 4046/2628/518 4043/2627/516
f 4051/2290/519 4052/2629/1503 4050/2332/271 4049/2333/1427
f 4046/2628/518 4044/2594/517 4045/2330/1425
f 4048/2329/1200 4046/2628/518 4045/2330/1425
f 4050/2332/271 4048/2329/1200 4047/2331/1426
f 4053/2289/1504 4054/2630/1258 4052/2629/1503 4051/2290/519
f 4053/2289/1504 4055/2292/523 4056/2631/524 4054/2630/1258
f 4057/2294/506 4028/2622/1501 4056/2631/524 4055/2292/523
f 4084/2632/525 4058/2338/1429 4059/2633/1505 4085/2634/527
f 3917/2635/1409 4358/2636/454 4360/2637/213
f 4128/2359/1443 4129/2405/1464 4130/2366/1447
f 4058/2338/1429 4084/2632/525 4114/2339/1204
f 4062/2352/1439 4063/2335/1428 4098/2337/277
f 4085/2634/527 4059/2633/1505 4060/2638/528 4087/2639/1506
f 4067/2340/1205 4114/2339/1204 4112/2640/1507
f 4063/2335/1428 4064/2341/1430 4100/2336/276
f 4089/2385/1457 4060/2638/528 4061/2641/1437 4092/2642/291
f 4064/2341/1430 4065/2346/1208 4102/2342/1431
f 4060/2638/528 4089/2385/1457 4087/2639/1506
f 4080/2643/531 4137/2644/1508 4139/2363/1446 4081/2362/1445
f 4065/2346/1208 4066/2355/295 4107/2348/1436
f 4061/2349/1437 4062/2352/1439 4094/2350/1438
f 4066/2355/295 4109/2354/1440 4107/2348/1436
f 4067/2340/1205 4112/2640/1507 4109/2354/1440
f 4124/2645/533 4126/2356/1441 4073/2358/298
f 4077/2376/316 4076/2367/1448 4099/2406/1465 4101/2407/1466
f 4126/2356/1441 4128/2359/1443 4074/2357/1442
f 4128/2359/1443 4130/2366/1447 4075/2360/300
f 4141/2361/1444 4082/2369/309 4081/2362/1445
f 4068/2344/1433 4071/2370/1218 4070/2364/1213
f 4130/2366/1447 4099/2406/1465 4076/2367/1448
f 4142/2368/1449 4083/2373/313 4082/2369/309
f 4083/2373/313 4143/2372/1451 4069/2365/305 4070/2364/1213
f 4101/2407/1466 4132/2374/314 4077/2376/316
f 4119/2371/1450 4072/2378/1454 4071/2370/1218
f 4073/2358/298 4072/2646/1454 4123/2647/319 4124/2645/533
f 4132/2374/314 4134/2380/1455 4078/2375/1452
f 4134/2380/1455 4135/2648/1509 4079/2381/321
f 4080/2643/531 4079/2381/321 4135/2648/1509 4137/2644/1508
f 4079/2649/535 4080/2650/535 4081/2651/535 4082/2652/535 4083/2653/535 4070/2654/535 4071/2655/535 4072/2656/535 4073/2657/535 4074/2658/535 4075/2659/535 4076/2660/535 4077/2661/535 4078/2662/535
f 4085/2634/527 4086/2663/1263 4069/2365/305 4084/2632/525
f 4086/2663/1263 4116/2345/1434 4069/2365/305
f 4116/2345/1434 4086/2663/1263 4088/2664/537 4118/2665/538
f 4087/2639/1506 4088/2664/537 4086/2663/1263 4085/2634/527
f 4118/2665/538 4088/2664/537 4090/2384/1219 4120/2383/323
f 4089/2385/1457 4090/2384/1219 4088/2664/537 4087/2639/1506
f 4100/2336/276 4102/2342/1431 4103/2394/333 4101/2407/1466
f 4091/2382/1456 4122/2666/1458 4120/2383/323
f 4091/2382/1456 4089/2385/1457 4092/2642/291
f 4125/2389/328 4122/2386/1458 4093/2388/327
f 4093/2388/327 4091/2387/1456 4092/2351/291
f 4127/2391/330 4125/2389/328 4095/2390/1459
f 4095/2390/1459 4093/2388/327 4094/2350/1438
f 4129/2405/1464 4127/2391/330 4097/2392/1460
f 4097/2392/1460 4095/2390/1459 4096/2353/293
f 4099/2406/1465 4129/2405/1464 4097/2392/1460
f 4099/2406/1465 4097/2392/1460 4098/2337/277
f 4101/2407/1466 4099/2406/1465 4100/2336/276
f 4100/2336/276 4099/2406/1465 4098/2337/277
f 4104/2395/1223 4106/2396/1224 4133/2408/1231 4131/2393/332
f 4104/2395/1223 4103/2394/333 4102/2342/1431
f 4106/2396/1224 4108/2398/337 4136/2397/1461 4133/2408/1231
f 4106/2396/1224 4104/2395/1223 4105/2347/1435
f 4138/2401/1462 4111/2400/339 4113/2404/1228 4140/2403/342
f 4108/2398/337 4106/2396/1224 4107/2348/1436
f 4110/2399/338 4138/2401/1462 4136/2397/1461
f 4112/2640/1507 4113/2404/1228 4111/2400/339 4109/2354/1440
f 4114/2339/1204 4115/2402/1463 4113/2404/1228 4112/2640/1507
f 4118/2665/538 4119/2371/1450 4117/2343/1432 4116/2345/1434
f 4084/2632/525 4069/2365/305 4143/2372/1451
f 4143/2372/1451 4114/2339/1204 4084/2632/525
f 4068/2344/1433 4069/2365/305 4116/2345/1434
f 4120/2383/323 4121/2377/1453 4119/2371/1450 4118/2665/538
f 4122/2386/1458 4125/2389/328 4126/2356/1441 4124/2645/533
f 4123/2379/319 4120/2383/323 4122/2666/1458
f 4124/2645/533 4123/2647/319 4122/2386/1458
f 4125/2389/328 4127/2391/330 4128/2359/1443 4126/2356/1441
f 4133/2408/1231 4136/2397/1461 4137/2644/1508 4135/2648/1509
f 4129/2405/1464 4128/2359/1443 4127/2391/330
f 4134/2380/1455 4132/2374/314 4131/2393/332
f 4135/2648/1509 4134/2380/1455 4133/2408/1231
f 4138/2401/1462 4139/2363/1446 4137/2644/1508 4136/2397/1461
f 4140/2403/342 4141/2361/1444 4139/2363/1446 4138/2401/1462
f 4115/2402/1463 4142/2368/1449 4141/2361/1444 4140/2403/342
f 4142/2368/1449 4115/2402/1463 4143/2372/1451
f 4170/2437/1510 4161/2667/1511 4160/2668/1512 4171/2669/1512
f 4061/2670/542 4060/2671/542 4059/2672/542 4058/2673/542 4067/2674/542 4066/2675/542 4065/2676/542 4064/2677/542 4063/2678/542 4062/2679/542
f 4155/2412/351 4156/2409/348 4149/2411/350
f 4154/2414/1467 4155/2412/351 4148/2413/352
f 4153/2416/1468 4154/2414/1467 4147/2415/354
f 4152/2418/1470 4153/2416/1468 4146/2417/1469
f 4151/2420/1472 4152/2418/1470 4145/2419/1471
f 4157/2680/1264 4151/2420/1472 4144/2421/360
f 4169/2428/544 4162/2422/361 4161/2667/1511 4170/2437/1510
f 4166/2681/545 4165/2435/1513 4164/2426/365 4167/2425/364
f 4162/2422/361 4169/2428/544 4168/2423/362
f 4163/2424/363 4168/2423/362 4167/2425/364
f 4158/2682/547 4159/2683/547 4165/2435/1513 4166/2681/545
f 4151/2684/366 4157/2685/548 4158/2682/548 4166/2681/366
f 4162/2422/367 4163/2424/367 4147/2430/367
f 4157/2686/549 4144/2687/549 4159/2683/549 4158/2682/549
f 4168/2423/366 4169/2428/366 4154/2427/366
f 4149/2688/367 4150/2689/367 4160/2668/367 4161/2667/367
f 4163/2424/367 4164/2426/367 4146/2431/367
f 4150/2690/1514 4156/2691/1514 4171/2669/1514 4160/2668/1514
f 4167/2425/366 4168/2423/366 4153/2432/366
f 4162/2422/367 4148/2439/369 4149/2688/367 4161/2667/367
f 4164/2426/367 4165/2435/367 4145/2433/367
f 4156/2438/366 4170/2437/366 4171/2669/192
f 4167/2425/366 4152/2434/366 4151/2684/366 4166/2681/366
f 4189/2445/375 4221/2692/551 4177/2693/552 4173/2443/373
f 4144/2436/367 4165/2435/367 4159/2683/369
f 4169/2428/366 4170/2437/366 4155/2429/366
f 4172/2694/553 4247/2695/643 4249/2696/643 4248/2697/643 4184/2698/1265 4190/2699/556
f 4183/2700/1515 4216/2701/558 4222/2702/559 4191/2703/560
f 4186/2704/561 4187/2705/561 4188/2706/561 4184/2707/561 4248/2708/561 4251/2709/561 4215/2710/561 4217/2711/561 4218/2712/561 4219/2713/561 4220/2714/561 4216/2715/561 4183/2716/561 4185/2717/561
f 4194/2718/562 4189/2445/375 4192/2444/374 4195/2719/563
f 4195/2719/563 4192/2444/374 4193/2720/564 4196/2721/565
f 4206/2722/566 4196/2721/565 4193/2720/564 4205/2723/567
f 4197/2724/568 4194/2718/562 4195/2719/563 4198/2440/370
f 4199/2441/371 4198/2440/370 4195/2719/563 4196/2721/565
f 4207/2725/569 4199/2441/371 4196/2721/565 4206/2722/566
f 4202/2726/570 4190/2699/556 4200/2727/571 4203/2728/572
f 4203/2728/572 4200/2727/571 4201/2729/573 4204/2730/574
f 4214/2731/1267 4204/2730/574 4201/2729/573 4213/2732/1516
f 4205/2723/567 4202/2726/570 4203/2728/572 4206/2722/566
f 4207/2725/569 4206/2722/566 4203/2728/572 4204/2730/574
f 4199/2441/371 4207/2725/569 4204/2730/574 4214/2731/1267
f 4210/2733/577 4191/2703/560 4208/2734/578 4211/2735/1517
f 4211/2735/1517 4208/2734/578 4209/2736/580 4212/2442/1473
f 4212/2442/1473 4209/2736/580 4197/2724/568 4198/2440/370
f 4213/2732/1516 4210/2733/577 4211/2735/1517 4214/2731/1267
f 4214/2731/1267 4211/2735/1517 4212/2442/1473 4199/2441/371
f 4226/2737/581 4221/2692/551 4224/2738/582 4227/2739/1518
f 4227/2739/1518 4224/2738/582 4225/2740/1519 4228/2741/1269
f 4237/2742/586 4228/2741/1269 4225/2740/1519 4236/2743/1520
f 4229/2744/1521 4226/2737/581 4227/2739/1518 4230/2745/589
f 4238/2746/590 4230/2745/589 4227/2739/1518 4228/2741/1269
f 4233/2747/591 4222/2702/559 4231/2748/592 4234/2749/1271
f 4228/2741/1269 4237/2742/586 4238/2746/590
f 4234/2749/1271 4231/2748/592 4232/2750/1522 4235/2751/595
f 4235/2751/595 4232/2750/1522 4244/2752/596 4245/2753/597
f 4236/2743/1520 4233/2747/591 4234/2749/1271 4237/2742/586
f 4237/2742/586 4234/2749/1271 4235/2751/595 4238/2746/590
f 4238/2746/590 4235/2751/595 4245/2753/597 4246/2754/598
f 4241/2755/599 4223/2756/600 4239/2757/601 4242/2758/602
f 4242/2758/602 4239/2757/601 4240/2759/603 4243/2760/604
f 4243/2760/604 4240/2759/603 4229/2744/1521 4230/2745/589
f 4244/2752/596 4241/2755/599 4242/2758/602 4245/2753/597
f 4246/2754/598 4245/2753/597 4242/2758/602 4243/2760/604
f 4246/2754/598 4243/2760/604 4230/2745/589 4238/2746/590
f 4226/2737/581 4179/2761/1523 4177/2693/552 4221/2692/551
f 4229/2744/1521 4180/2762/1273 4179/2761/1523 4226/2737/581
f 4240/2759/603 4181/2763/1524 4180/2762/1273 4229/2744/1521
f 4239/2757/601 4182/2764/608 4181/2763/1524 4240/2759/603
f 4223/2756/600 4178/2765/609 4182/2764/608 4239/2757/601
f 4231/2748/592 4222/2702/559 4216/2701/558 4220/2766/1525
f 4232/2750/1522 4231/2748/592 4220/2766/1525 4219/2767/611
f 4244/2752/596 4232/2750/1522 4219/2767/611 4218/2768/612
f 4241/2755/599 4244/2752/596 4218/2768/612 4217/2769/1526
f 4223/2756/600 4241/2755/599 4217/2769/1526 4215/2770/614
f 4224/2738/582 4221/2692/551 4189/2445/375 4194/2718/562
f 4225/2740/1519 4224/2738/582 4194/2718/562 4197/2724/568
f 4236/2743/1520 4225/2740/1519 4197/2724/568 4209/2736/580
f 4233/2747/591 4236/2743/1520 4209/2736/580 4208/2734/578
f 4222/2702/559 4233/2747/591 4208/2734/578 4191/2703/560
f 4188/2771/1527 4200/2727/571 4190/2699/556 4184/2698/1265
f 4187/2772/616 4201/2729/573 4200/2727/571 4188/2771/1527
f 4186/2773/1528 4213/2732/1516 4201/2729/573 4187/2772/616
f 4185/2774/618 4210/2733/577 4213/2732/1516 4186/2773/1528
f 4183/2700/1515 4191/2703/560 4210/2733/577 4185/2774/618
f 4193/2720/564 4192/2444/374 4173/2443/373 4176/2775/619
f 4205/2723/567 4193/2720/564 4176/2775/619 4175/2776/620
f 4202/2726/570 4205/2723/567 4175/2776/620 4174/2777/1275
f 4190/2699/556 4202/2726/570 4174/2777/1275 4172/2694/553
f 4178/2765/609 4223/2756/600 4215/2770/614 4251/2778/622 4250/2779/622
f 4250/2780/623 4251/2781/623 4249/2782/623 4247/2783/623
f 4248/2784/1529 4249/2782/1529 4251/2781/1529
f 4175/2785/625 4176/2786/625 4173/2787/625 4177/2788/625 4179/2789/625 4180/2790/625 4181/2791/625 4182/2792/625 4178/2793/625 4250/2780/625 4247/2783/625 4172/2794/625 4174/2795/625
f 4359/2902/203 3912/2903/212 3983/2904/204
f 3910/2905/459 3980/2906/458 3923/2907/1491
f 4455/2205/1547 4426/2206/700 4429/2207/701
f 4455/2205/1547 4429/2207/701 4456/2208/702
f 4450/2209/703 4410/2210/704 4413/2211/1284
f 4461/2212/706 4447/2213/707 4448/2214/1548
f 4456/2208/702 4429/2207/701 4430/2215/1549
f 4450/2209/703 4413/2211/1284 4451/2216/1550
f 4456/2208/702 4430/2215/1549 4433/2217/711
f 4451/2216/1550 4413/2211/1284 4415/2218/712
f 4452/2219/713 4419/2220/1551 4453/2221/1285
f 4458/2222/1552 4437/2223/717 4439/2224/718
f 4458/2222/1552 4439/2224/718 4459/2225/719
f 4364/2226/1553 4409/2227/721 4363/2228/1288
f 4368/2229/723 4414/2230/724 4367/2231/725
f 4370/2232/175 4416/2233/726 4369/2234/727
f 4374/2235/728 4421/2236/1289 4373/2237/1290
f 4379/2238/731 4428/2239/1554 4378/2240/1292
f 4382/2241/734 4432/2242/1293 4381/2243/736
f 4386/2244/163 4438/2245/737 4385/2246/738
f 4475/2247/1555 4446/2248/740 4391/2249/741
f 4412/2250/1556 4413/2211/1284 4411/2251/743
f 4418/2252/744 4419/2220/1551 4416/2233/726
f 4421/2236/1289 4423/2253/1295 4422/2254/1557
f 4425/2255/1558 4426/2206/700 4424/2256/748
f 4428/2239/1554 4430/2215/1549 4429/2207/701
f 4446/2248/740 4448/2214/1548 4447/2213/707
f 4841/2257/749 4450/2209/750 4451/2216/200
f 4394/2258/751 4451/2216/200 4452/2259/198
f 4395/2260/548 4452/2219/198 4453/2221/752
f 4396/2261/752 4453/2221/752 4454/2262/1559
f 4397/2263/449 4454/2262/1559 4455/2205/753
f 4399/2264/448 4457/2265/191 4400/2266/754
f 4400/2266/754 4458/2222/754 4401/2267/189
f 4404/2268/195 4461/2212/195 4405/2269/1296
f 4841/2270/755 4465/2271/756 4464/2272/757
f 4400/2273/1560 4470/2274/759 4399/2275/760
f 4839/2276/761 4470/2274/759 4400/2273/1560
f 4395/2277/762 4466/2278/763 4394/2279/764
f 4842/2280/765 4469/2281/766 4398/2282/1561
f 4488/2283/768 4518/2284/769 4486/2285/770
f 4489/2286/771 4520/2287/772 4488/2283/768
f 4505/2288/773 4535/2289/774 4533/2290/775
f 4506/2291/776 4537/2292/777 4535/2289/774
f 4508/2293/778 4539/2294/779 4537/2292/777
f 4482/2295/780 4513/2296/781 4480/2297/782
f 4484/2298/783 4515/2299/784 4482/2295/780
f 4463/2300/785 4477/2301/786 4462/2302/787
f 4469/2303/788 4492/2304/789 4490/2305/790
f 4463/2300/785 4478/2306/791 4477/2301/786
f 4462/2302/787 4477/2301/786 4507/2307/792
f 4470/2308/793 4495/2309/794 4840/2310/795
f 4839/2311/796 4498/2312/797 4470/2308/793
f 4468/2313/798 4487/2314/471 4467/2315/473
f 4489/2286/1297 4487/2314/1562 4491/2316/1563
f 4491/2316/1563 4490/2305/1564 4493/2317/1299
f 4493/2317/1299 4492/2304/1300 4494/2318/805
f 4496/2319/806 4495/2309/807 4497/2320/808
f 4503/2321/1302 4502/2322/1565 4505/2288/773
f 4512/2323/811 4509/2324/1566 4511/2325/813
f 4519/2326/1567 4517/2327/815 4518/2284/816
f 4519/2326/1567 4518/2284/816 4521/2328/1303
f 4530/2329/1568 4527/2330/1304 4529/2331/1569
f 4532/2332/821 4529/2331/1569 4531/2333/822
f 4476/2334/823 4509/2324/824 4539/2294/779
f 4545/2335/825 4582/2336/1570 4580/2337/1571
f 4540/2338/1572 4596/2339/1573 4549/2340/1574
f 4546/2341/1575 4584/2342/832 4582/2336/1570
f 4599/2343/1576 4550/2344/1577 4598/2345/1578
f 4547/2346/1579 4587/2347/837 4584/2342/832
f 4547/2346/1579 4589/2348/1580 4587/2347/837
f 4543/2349/1581 4576/2350/1313 4574/2351/841
f 4544/2352/842 4578/2353/1582 4576/2350/1313
f 4549/2340/1574 4591/2354/1315 4548/2355/845
f 4544/2352/842 4580/2337/1571 4578/2353/1582
f 4608/2356/1583 4556/2357/847 4555/2358/848
f 4610/2359/849 4557/2360/1584 4556/2357/847
f 4623/2361/851 4563/2362/1317 4621/2363/1585
f 4550/2344/1577 4552/2364/1318 4551/2365/855
f 4612/2366/1586 4558/2367/1587 4557/2360/1584
f 4624/2368/1588 4564/2369/1321 4623/2361/851
f 4599/2343/1576 4553/2370/860 4550/2344/1577
f 4601/2371/1589 4553/2370/860 4599/2343/1576
f 4625/2372/1323 4565/2373/1324 4624/2368/1588
f 4614/2374/864 4560/2375/865 4559/2376/1326
f 4603/2377/867 4554/2378/1590 4601/2371/1589
f 4605/2379/869 4554/2378/1590 4603/2377/867
f 4616/2380/870 4561/2381/1591 4560/2375/865
f 4573/2382/1592 4602/2383/873 4572/2384/874
f 4572/2384/874 4571/2385/1593 4573/2382/1592
f 4604/2386/1594 4573/2387/1592 4575/2388/1328
f 4607/2389/878 4575/2388/1328 4577/2390/1595
f 4575/2388/1328 4574/2351/841 4576/2350/1313
f 4609/2391/880 4577/2390/1595 4579/2392/1596
f 4577/2390/1595 4576/2350/1313 4578/2353/1582
f 4579/2392/1596 4578/2353/1582 4580/2337/1571
f 4613/2393/1597 4585/2394/1598 4586/2395/1599
f 4586/2395/1599 4584/2342/832 4587/2347/837
f 4588/2396/1333 4587/2347/837 4589/2348/1580
f 4618/2397/886 4590/2398/1600 4592/2399/888
f 4592/2399/888 4590/2398/1600 4589/2348/1580
f 4593/2400/889 4620/2401/1601 4592/2399/888
f 4589/2348/1580 4591/2354/1315 4592/2399/888
f 4592/2399/888 4591/2354/1315 4593/2400/889
f 4597/2402/1335 4622/2403/1336 4595/2404/893
f 4597/2402/1335 4596/2339/1573 4625/2372/1323
f 4603/2377/867 4602/2383/873 4605/2379/869
f 4612/2366/1586 4611/2405/1602 4581/2406/1603
f 4614/2374/864 4583/2407/1604 4585/2394/1598
f 4614/2374/864 4585/2394/1598 4613/2393/1597
f 4616/2380/870 4613/2393/1597 4615/2408/897
f 4638/2409/898 4632/2410/1340 4631/2411/900
f 4637/2412/1341 4631/2411/900 4630/2413/902
f 4636/2414/1343 4630/2413/902 4629/2415/904
f 4635/2416/1605 4629/2415/904 4628/2417/1606
f 4634/2418/1607 4628/2417/1606 4627/2419/1608
f 4633/2420/1609 4627/2419/1608 4626/2421/910
f 4644/2422/911 4650/2423/912 4645/2424/913
f 4645/2424/913 4649/2425/914 4646/2426/915
f 4636/2427/366 4651/2428/366 4637/2429/366
f 4629/2430/367 4645/2424/367 4628/2431/367
f 4635/2432/366 4650/2423/366 4636/2427/366
f 4628/2431/367 4646/2426/367 4627/2433/367
f 4634/2434/366 4649/2425/366 4635/2432/366
f 4627/2433/367 4647/2435/367 4626/2436/367
f 4637/2429/366 4652/2437/366 4638/2438/366
f 4630/2439/368 4644/2422/367 4629/2430/367
f 4680/2440/916 4681/2441/917 4694/2442/918
f 4655/2443/919 4674/2444/920 4671/2445/921
f 4401/2481/953 4839/2482/761 4400/2483/1560
f 4396/2484/954 4466/2485/763 4395/2486/762
f 4403/2487/1612 4472/2488/956 4402/2489/957
f 4367/2490/367 4366/2491/367 4365/2492/367 4364/2493/367 4363/2494/367 4362/2495/367 4361/2496/367 4475/2497/367 4391/2498/367 4390/2499/367 4389/2500/367 4388/2501/367 4387/2502/367 4386/2503/367 4385/2504/367 4384/2505/367 4383/2506/367 4382/2507/367 4381/2508/367 4380/2509/367 4379/2510/367 4378/2511/367 4377/2512/367 4376/2513/367 4375/2514/367 4374/2515/367 4373/2516/367 4372/2517/367 4371/2518/367 4370/2519/367 4369/2520/367 4368/2521/367
f 4406/2522/1353 4361/2523/959 4362/2524/960 4407/2525/961
f 4447/2213/707 4461/2212/706 4460/2526/1354 4444/2527/963
f 4415/2218/712 4417/2528/964 4452/2259/713 4451/2216/1550
f 4457/2265/965 4456/2208/702 4433/2217/711
f 4457/2265/965 4433/2217/711 4434/2529/1613
f 4437/2223/717 4458/2222/1552 4457/2265/965 4434/2529/1613
f 4441/2530/967 4444/2527/963 4460/2526/1354 4459/2225/719
f 4452/2219/713 4417/2531/964 4419/2220/1551
f 4453/2221/1285 4419/2220/1551 4422/2254/1557
f 4454/2262/968 4453/2221/1285 4422/2254/1557
f 4459/2225/719 4439/2224/718 4441/2530/967
f 4454/2262/968 4422/2254/1557 4423/2253/1295
f 4426/2206/700 4455/2205/1547 4454/2262/968 4423/2253/1295
f 4446/2248/740 4475/2247/1555 4361/2523/959 4406/2522/1353
f 4407/2525/961 4362/2524/960 4363/2228/1288 4409/2227/721
f 4409/2227/721 4364/2226/1553 4365/2532/969 4411/2251/743
f 4411/2251/743 4365/2532/969 4366/2533/970 4412/2250/1556
f 4412/2250/1556 4366/2533/970 4367/2231/725 4414/2230/724
f 4414/2230/724 4368/2229/723 4369/2534/727 4416/2535/726
f 4416/2233/726 4370/2232/175 4371/2536/438 4418/2252/744
f 4418/2252/744 4371/2536/438 4372/2537/971 4420/2538/972
f 4420/2538/972 4372/2537/971 4373/2237/1290 4421/2236/1289
f 4421/2236/1289 4374/2235/728 4375/2539/973 4424/2256/748
f 4424/2256/748 4375/2539/973 4376/2540/974 4425/2255/1558
f 4425/2255/1558 4376/2540/974 4377/2541/1355 4427/2542/976
f 4427/2542/976 4377/2541/1355 4378/2240/1292 4428/2239/1554
f 4428/2239/1554 4379/2238/731 4380/2543/977 4431/2544/1356
f 4431/2544/1356 4380/2543/977 4381/2243/736 4432/2242/1293
f 4432/2242/1293 4382/2241/734 4383/2545/1614 4435/2546/980
f 4435/2546/980 4383/2545/1614 4384/2547/1357 4436/2548/982
f 4436/2548/982 4384/2547/1357 4385/2246/738 4438/2245/737
f 4438/2245/737 4386/2244/163 4387/2549/425 4440/2550/983
f 4440/2550/983 4387/2549/425 4388/2551/984 4442/2552/1615
f 4442/2552/1615 4388/2551/984 4389/2553/986 4443/2554/987
f 4443/2554/987 4389/2553/986 4390/2555/988 4445/2556/989
f 4445/2556/989 4390/2555/988 4391/2249/741 4446/2248/740
f 4410/2210/704 4450/2209/703 4449/2557/990 4408/2558/1616
f 4410/2210/704 4408/2558/1616 4407/2525/961 4409/2227/721
f 4406/2522/1353 4407/2525/961 4408/2558/1616
f 4410/2210/704 4409/2227/721 4411/2251/743 4413/2211/1284
f 4415/2218/712 4413/2211/1284 4412/2250/1556 4414/2230/724
f 4417/2528/964 4415/2218/712 4414/2230/724 4416/2535/726
f 4419/2220/1551 4418/2252/744 4420/2538/972 4422/2254/1557
f 4416/2233/726 4419/2220/1551 4417/2531/964
f 4423/2253/1295 4421/2236/1289 4424/2256/748 4426/2206/700
f 4420/2538/972 4421/2236/1289 4422/2254/1557
f 4426/2206/700 4425/2255/1558 4427/2542/976 4429/2207/701
f 4430/2215/1549 4428/2239/1554 4431/2544/1356 4433/2217/711
f 4427/2542/976 4428/2239/1554 4429/2207/701
f 4434/2529/1613 4432/2242/1293 4435/2546/980 4437/2223/717
f 4431/2544/1356 4432/2242/1293 4433/2217/711
f 4432/2242/1293 4434/2529/1613 4433/2217/711
f 4439/2224/718 4437/2223/717 4436/2548/982 4438/2245/737
f 4435/2546/980 4436/2548/982 4437/2223/717
f 4439/2224/718 4438/2245/737 4440/2550/983 4441/2530/967
f 4441/2530/967 4440/2550/983 4442/2552/1615 4444/2527/963
f 4444/2527/963 4443/2554/987 4445/2556/989 4447/2213/707
f 4442/2552/1615 4443/2554/987 4444/2527/963
f 4448/2214/1548 4446/2248/740 4406/2522/1353 4408/2558/1616
f 4445/2556/989 4446/2248/740 4447/2213/707
f 4448/2214/1548 4408/2558/1616 4449/2557/990 4461/2212/706
f 4450/2209/750 4393/2559/750 4392/2560/992 4449/2557/992
f 4455/2205/753 4456/2208/993 4842/2561/993 4398/2562/753
f 4841/2257/749 4393/2559/750 4450/2209/750
f 4394/2258/751 4841/2257/749 4451/2216/200
f 4395/2260/548 4394/2563/751 4452/2219/198
f 4396/2261/752 4395/2260/548 4453/2221/752
f 4397/2263/449 4396/2261/752 4454/2262/1559
f 4398/2562/753 4397/2263/449 4455/2205/753
f 4459/2225/994 4402/2564/994 4401/2267/189 4458/2222/754
f 4399/2264/448 4842/2561/993 4456/2208/993
f 4399/2264/448 4456/2208/993 4457/2265/191
f 4400/2266/754 4457/2265/191 4458/2222/754
f 4460/2526/194 4403/2565/194 4402/2564/994 4459/2225/994
f 4461/2212/195 4404/2268/195 4403/2565/194 4460/2526/194
f 4449/2557/992 4392/2560/992 4405/2269/1296 4461/2212/195
f 4471/2566/995 4401/2567/953 4402/2568/957 4472/2569/956
f 4840/2570/996 4399/2275/760 4470/2274/759
f 4394/2571/764 4466/2572/763 4465/2271/756
f 4401/2567/953 4471/2566/995 4839/2276/761
f 4396/2573/954 4467/2574/997 4466/2278/763
f 4467/2574/997 4396/2573/954 4397/2575/1617 4468/2576/999
f 4468/2576/999 4397/2575/1617 4398/2282/1561 4469/2281/766
f 4403/2577/1612 4473/2578/1000 4472/2569/956
f 4462/2579/1001 4392/2580/1002 4393/2581/1003 4463/2582/1004
f 4473/2578/1000 4403/2577/1612 4404/2583/1005 4474/2584/1005
f 4463/2582/1004 4393/2581/1003 4841/2270/755 4464/2272/757
f 4474/2584/1005 4404/2583/1005 4405/2585/1007 4462/2579/1001
f 4529/2331/1569 4499/2586/1008 4501/2587/1009 4531/2333/822
f 4842/2280/765 4840/2570/996 4469/2281/766
f 4505/2288/773 4506/2291/776 4535/2289/774
f 4486/2285/770 4518/2284/769 4517/2327/1010
f 4531/2333/822 4501/2587/1009 4503/2321/1011 4533/2290/775
f 4488/2283/768 4520/2287/772 4518/2284/769
f 4520/2287/772 4489/2286/771 4491/2316/1012 4522/2588/1013
f 4503/2321/1011 4505/2288/773 4533/2290/775
f 4504/2589/247 4502/2322/486 4472/2590/246 4473/2591/247
f 4522/2588/1013 4491/2316/1012 4493/2317/1014 4524/2592/1015
f 4509/2324/824 4476/2334/823 4479/2593/1016 4511/2325/1017
f 4524/2592/1015 4493/2317/1014 4494/2318/1018 4526/2594/1018
f 4508/2293/778 4476/2334/823 4539/2294/779
f 4506/2291/776 4508/2293/778 4537/2292/777
f 4511/2325/1017 4479/2593/1016 4480/2297/782 4513/2296/781
f 4526/2594/1018 4494/2318/1018 4496/2319/1019 4527/2330/1020
f 4527/2330/1020 4497/2320/1021 4499/2586/1008 4529/2331/1569
f 4530/2595/366 4532/2596/366 4534/2597/366 4536/2598/366 4538/2599/366 4510/2600/366 4512/2601/366 4514/2602/366 4516/2603/366 4519/2604/366 4521/2605/366 4523/2606/366 4525/2607/366 4528/2608/366
f 4482/2295/780 4515/2299/784 4513/2296/781
f 4496/2319/1019 4497/2320/1021 4527/2330/1020
f 4515/2299/784 4484/2298/783 4486/2609/770 4517/2610/1010
f 4495/2309/794 4492/2304/789 4469/2303/788 4840/2310/795
f 4468/2313/798 4490/2305/790 4487/2314/471
f 4468/2313/798 4469/2303/788 4490/2305/790
f 4473/2591/247 4474/2611/248 4504/2589/247
f 4474/2611/248 4507/2307/792 4504/2589/247
f 4463/2300/785 4464/2612/1022 4478/2306/791
f 4474/2611/248 4462/2302/787 4507/2307/792
f 4500/2613/1023 4498/2312/797 4839/2311/796 4471/2614/1024
f 4464/2612/1022 4481/2615/1022 4478/2306/791
f 4464/2612/1022 4465/2616/1022 4481/2615/1022
f 4465/2616/1022 4483/2617/368 4481/2615/1022
f 4470/2308/793 4498/2312/797 4495/2309/794
f 4465/2616/1022 4466/2618/1025 4483/2617/368
f 4466/2619/1025 4485/2620/472 4483/2621/368
f 4485/2620/472 4466/2619/1025 4467/2315/473 4487/2314/471
f 4502/2322/486 4500/2613/1023 4471/2614/1024 4472/2590/246
f 4481/2615/1618 4482/2295/1619 4480/2297/1620 4478/2306/1621
f 4479/2593/1030 4476/2334/1031 4477/2301/1032
f 4479/2593/1030 4477/2301/1032 4478/2306/1621
f 4480/2297/1620 4479/2593/1030 4478/2306/1621
f 4481/2615/1618 4483/2617/1033 4484/2298/1034 4482/2295/1619
f 4492/2304/1300 4495/2309/807 4496/2319/806 4494/2318/805
f 4486/2609/1035 4484/2298/1034 4483/2617/1033
f 4486/2285/1035 4483/2621/1033 4485/2620/1622
f 4488/2283/1623 4486/2285/1035 4485/2620/1622
f 4488/2283/1623 4485/2620/1622 4487/2314/1562
f 4489/2286/1297 4488/2283/1623 4487/2314/1562
f 4491/2316/1563 4487/2314/1562 4490/2305/1564
f 4493/2317/1299 4490/2305/1564 4492/2304/1300
f 4498/2312/1624 4499/2586/1625 4497/2320/808 4495/2309/807
f 4498/2312/1624 4500/2613/1040 4501/2587/1041 4499/2586/1625
f 4502/2322/1565 4503/2321/1302 4501/2587/1041 4500/2613/1040
f 4507/2307/1626 4508/2293/1043 4506/2291/776 4504/2589/1627
f 4505/2288/773 4502/2322/1565 4504/2589/1627
f 4506/2291/776 4505/2288/773 4504/2589/1627
f 4507/2307/1626 4477/2301/1032 4476/2334/1031 4508/2293/1043
f 4539/2294/1045 4509/2324/1566 4512/2323/811 4510/2622/1046
f 4513/2296/1047 4515/2299/1048 4516/2623/1049 4514/2624/1050
f 4514/2624/1050 4512/2323/811 4511/2325/813
f 4514/2624/1050 4511/2325/813 4513/2296/1047
f 4517/2610/815 4519/2625/1567 4516/2623/1049 4515/2299/1048
f 4520/2287/1628 4522/2588/1052 4523/2626/1053 4521/2328/1303
f 4521/2328/1303 4518/2284/816 4520/2287/1628
f 4524/2592/1054 4525/2627/1055 4523/2626/1053 4522/2588/1052
f 4524/2592/1054 4526/2594/1056 4528/2628/1057 4525/2627/1055
f 4533/2290/1629 4534/2629/1374 4532/2332/821 4531/2333/822
f 4528/2628/1057 4526/2594/1056 4527/2330/1304
f 4530/2329/1568 4528/2628/1057 4527/2330/1304
f 4532/2332/821 4530/2329/1568 4529/2331/1569
f 4535/2289/1060 4536/2630/1375 4534/2629/1374 4533/2290/1629
f 4535/2289/1060 4537/2292/1062 4538/2631/1063 4536/2630/1375
f 4539/2294/1045 4510/2622/1046 4538/2631/1063 4537/2292/1062
f 4566/2632/1630 4540/2338/1572 4541/2633/1631 4567/2634/1632
f 4399/2635/760 4840/2636/996 4842/2637/765
f 4610/2359/849 4611/2405/1602 4612/2366/1586
f 4540/2338/1572 4566/2632/1630 4596/2339/1573
f 4544/2352/842 4545/2335/825 4580/2337/1571
f 4567/2634/1632 4541/2633/1631 4542/2638/1067 4569/2639/1633
f 4549/2340/1574 4596/2339/1573 4594/2640/1634
f 4545/2335/825 4546/2341/1575 4582/2336/1570
f 4571/2385/1593 4542/2638/1067 4543/2641/1581 4574/2642/841
f 4546/2341/1575 4547/2346/1579 4584/2342/832
f 4542/2638/1067 4571/2385/1593 4569/2639/1633
f 4562/2643/1070 4619/2644/1635 4621/2363/1585 4563/2362/1317
f 4547/2346/1579 4548/2355/845 4589/2348/1580
f 4543/2349/1581 4544/2352/842 4576/2350/1313
f 4548/2355/845 4591/2354/1315 4589/2348/1580
f 4549/2340/1574 4594/2640/1634 4591/2354/1315
f 4606/2645/1072 4608/2356/1583 4555/2358/848
f 4559/2376/1326 4558/2367/1587 4581/2406/1603 4583/2407/1604
f 4608/2356/1583 4610/2359/849 4556/2357/847
f 4610/2359/849 4612/2366/1586 4557/2360/1584
f 4623/2361/851 4564/2369/1321 4563/2362/1317
f 4550/2344/1577 4553/2370/860 4552/2364/1318
f 4612/2366/1586 4581/2406/1603 4558/2367/1587
f 4624/2368/1588 4565/2373/1324 4564/2369/1321
f 4565/2373/1324 4625/2372/1323 4551/2365/855 4552/2364/1318
f 4583/2407/1604 4614/2374/864 4559/2376/1326
f 4601/2371/1589 4554/2378/1590 4553/2370/860
f 4555/2358/848 4554/2646/1590 4605/2647/869 4606/2645/1072
f 4614/2374/864 4616/2380/870 4560/2375/865
f 4616/2380/870 4617/2648/1073 4561/2381/1591
f 4562/2643/1070 4561/2381/1591 4617/2648/1073 4619/2644/1635
f 4561/2649/1074 4562/2650/1074 4563/2651/1074 4564/2652/1074 4565/2653/1074 4552/2654/1074 4553/2655/1074 4554/2656/1074 4555/2657/1074 4556/2658/1074 4557/2659/1074 4558/2660/1074 4559/2661/1074 4560/2662/1074
f 4567/2634/1632 4568/2663/1075 4551/2365/855 4566/2632/1630
f 4568/2663/1075 4598/2345/1578 4551/2365/855
f 4598/2345/1578 4568/2663/1075 4570/2664/1076 4600/2665/1380
f 4569/2639/1633 4570/2664/1076 4568/2663/1075 4567/2634/1632
f 4600/2665/1380 4570/2664/1076 4572/2384/874 4602/2383/873
f 4571/2385/1593 4572/2384/874 4570/2664/1076 4569/2639/1633
f 4582/2336/1570 4584/2342/832 4585/2394/1598 4583/2407/1604
f 4573/2382/1592 4604/2666/1594 4602/2383/873
f 4573/2382/1592 4571/2385/1593 4574/2642/841
f 4607/2389/878 4604/2386/1594 4575/2388/1328
f 4575/2388/1328 4573/2387/1592 4574/2351/841
f 4609/2391/880 4607/2389/878 4577/2390/1595
f 4577/2390/1595 4575/2388/1328 4576/2350/1313
f 4611/2405/1602 4609/2391/880 4579/2392/1596
f 4579/2392/1596 4577/2390/1595 4578/2353/1582
f 4581/2406/1603 4611/2405/1602 4579/2392/1596
f 4581/2406/1603 4579/2392/1596 4580/2337/1571
f 4583/2407/1604 4581/2406/1603 4582/2336/1570
f 4582/2336/1570 4581/2406/1603 4580/2337/1571
f 4586/2395/1599 4588/2396/1333 4615/2408/897 4613/2393/1597
f 4586/2395/1599 4585/2394/1598 4584/2342/832
f 4588/2396/1333 4590/2398/1600 4618/2397/886 4615/2408/897
f 4588/2396/1333 4586/2395/1599 4587/2347/837
f 4620/2401/1601 4593/2400/889 4595/2404/893 4622/2403/1336
f 4590/2398/1600 4588/2396/1333 4589/2348/1580
f 4592/2399/888 4620/2401/1601 4618/2397/886
f 4594/2640/1634 4595/2404/893 4593/2400/889 4591/2354/1315
f 4596/2339/1573 4597/2402/1335 4595/2404/893 4594/2640/1634
f 4600/2665/1380 4601/2371/1589 4599/2343/1576 4598/2345/1578
f 4566/2632/1630 4551/2365/855 4625/2372/1323
f 4625/2372/1323 4596/2339/1573 4566/2632/1630
f 4550/2344/1577 4551/2365/855 4598/2345/1578
f 4602/2383/873 4603/2377/867 4601/2371/1589 4600/2665/1380
f 4604/2386/1594 4607/2389/878 4608/2356/1583 4606/2645/1072
f 4605/2379/869 4602/2383/873 4604/2666/1594
f 4606/2645/1072 4605/2647/869 4604/2386/1594
f 4607/2389/878 4609/2391/880 4610/2359/849 4608/2356/1583
f 4615/2408/897 4618/2397/886 4619/2644/1635 4617/2648/1073
f 4611/2405/1602 4610/2359/849 4609/2391/880
f 4616/2380/870 4614/2374/864 4613/2393/1597
f 4617/2648/1073 4616/2380/870 4615/2408/897
f 4620/2401/1601 4621/2363/1585 4619/2644/1635 4618/2397/886
f 4622/2403/1336 4623/2361/851 4621/2363/1585 4620/2401/1601
f 4597/2402/1335 4624/2368/1588 4623/2361/851 4622/2403/1336
f 4624/2368/1588 4597/2402/1335 4625/2372/1323
f 4652/2437/1636 4643/2667/1637 4642/2668/1638 4653/2669/1638
f 4543/2670/1081 4542/2671/1081 4541/2672/1081 4540/2673/1081 4549/2674/1081 4548/2675/1081 4547/2676/1081 4546/2677/1081 4545/2678/1081 4544/2679/1081
f 4637/2412/1341 4638/2409/898 4631/2411/900
f 4636/2414/1343 4637/2412/1341 4630/2413/902
f 4635/2416/1605 4636/2414/1343 4629/2415/904
f 4634/2418/1607 4635/2416/1605 4628/2417/1606
f 4633/2420/1609 4634/2418/1607 4627/2419/1608
f 4639/2680/1383 4633/2420/1609 4626/2421/910
f 4651/2428/1083 4644/2422/911 4643/2667/1637 4652/2437/1636
f 4648/2681/1084 4647/2435/1085 4646/2426/915 4649/2425/914
f 4644/2422/911 4651/2428/1083 4650/2423/912
f 4645/2424/913 4650/2423/912 4649/2425/914
f 4640/2682/1086 4641/2683/1086 4647/2435/1085 4648/2681/1084
f 4633/2684/366 4639/2685/192 4640/2682/192 4648/2681/366
f 4644/2422/367 4645/2424/367 4629/2430/367
f 4639/2686/1087 4626/2687/1087 4641/2683/1087 4640/2682/1087
f 4650/2423/366 4651/2428/366 4636/2427/366
f 4631/2688/367 4632/2689/367 4642/2668/367 4643/2667/367
f 4645/2424/367 4646/2426/367 4628/2431/367
f 4632/2690/1639 4638/2691/1639 4653/2669/1639 4642/2668/1639
f 4649/2425/366 4650/2423/366 4635/2432/366
f 4644/2422/367 4630/2439/368 4631/2688/367 4643/2667/367
f 4646/2426/367 4647/2435/367 4627/2433/367
f 4638/2438/366 4652/2437/366 4653/2669/548
f 4649/2425/366 4634/2434/366 4633/2684/366 4648/2681/366
f 4671/2445/921 4703/2692/1089 4659/2693/1090 4655/2443/919
f 4626/2436/367 4647/2435/367 4641/2683/368
f 4651/2428/366 4652/2437/366 4637/2429/366
f 4654/2694/609 4729/2695/622 4731/2696/622 4730/2697/622 4666/2698/1640 4672/2699/1092
f 4665/2700/1641 4698/2701/1642 4704/2702/1385 4673/2703/1643
f 4668/2704/1097 4669/2705/1097 4670/2706/1097 4666/2707/1097 4730/2708/1097 4733/2709/1097 4697/2710/1097 4699/2711/1097 4700/2712/1097 4701/2713/1097 4702/2714/1097 4698/2715/1097 4665/2716/1097 4667/2717/1097
f 4676/2718/1098 4671/2445/921 4674/2444/920 4677/2719/1099
f 4677/2719/1099 4674/2444/920 4675/2720/1100 4678/2721/1101
f 4688/2722/1102 4678/2721/1101 4675/2720/1100 4687/2723/1386
f 4679/2724/1104 4676/2718/1098 4677/2719/1099 4680/2440/916
f 4681/2441/917 4680/2440/916 4677/2719/1099 4678/2721/1101
f 4689/2725/1644 4681/2441/917 4678/2721/1101 4688/2722/1102
f 4684/2726/1106 4672/2699/1092 4682/2727/1645 4685/2728/1108
f 4685/2728/1108 4682/2727/1645 4683/2729/1109 4686/2730/1110
f 4696/2731/1387 4686/2730/1110 4683/2729/1109 4695/2732/1646
f 4687/2723/1386 4684/2726/1106 4685/2728/1108 4688/2722/1102
f 4689/2725/1644 4688/2722/1102 4685/2728/1108 4686/2730/1110
f 4681/2441/917 4689/2725/1644 4686/2730/1110 4696/2731/1387
f 4692/2733/1113 4673/2703/1643 4690/2734/1114 4693/2735/1115
f 4693/2735/1115 4690/2734/1114 4691/2736/1116 4694/2442/918
f 4694/2442/918 4691/2736/1116 4679/2724/1104 4680/2440/916
f 4695/2732/1646 4692/2733/1113 4693/2735/1115 4696/2731/1387
f 4696/2731/1387 4693/2735/1115 4694/2442/918 4681/2441/917
f 4708/2737/1117 4703/2692/1089 4706/2738/1118 4709/2739/1119
f 4709/2739/1119 4706/2738/1118 4707/2740/1647 4710/2741/1121
f 4719/2742/1122 4710/2741/1121 4707/2740/1647 4718/2743/1648
f 4711/2744/1124 4708/2737/1117 4709/2739/1119 4712/2745/1649
f 4720/2746/1126 4712/2745/1649 4709/2739/1119 4710/2741/1121
f 4715/2747/1127 4704/2702/1385 4713/2748/1128 4716/2749/1129
f 4710/2741/1121 4719/2742/1122 4720/2746/1126
f 4716/2749/1129 4713/2748/1128 4714/2750/1130 4717/2751/1131
f 4717/2751/1131 4714/2750/1130 4726/2752/1132 4727/2753/1133
f 4718/2743/1648 4715/2747/1127 4716/2749/1129 4719/2742/1122
f 4719/2742/1122 4716/2749/1129 4717/2751/1131 4720/2746/1126
f 4720/2746/1126 4717/2751/1131 4727/2753/1133 4728/2754/1650
f 4723/2755/1135 4705/2756/1136 4721/2757/1137 4724/2758/1138
f 4724/2758/1138 4721/2757/1137 4722/2759/1139 4725/2760/1140
f 4725/2760/1140 4722/2759/1139 4711/2744/1124 4712/2745/1649
f 4726/2752/1132 4723/2755/1135 4724/2758/1138 4727/2753/1133
f 4728/2754/1650 4727/2753/1133 4724/2758/1138 4725/2760/1140
f 4728/2754/1650 4725/2760/1140 4712/2745/1649 4720/2746/1126
f 4708/2737/1117 4661/2761/1651 4659/2693/1090 4703/2692/1089
f 4711/2744/1124 4662/2762/1142 4661/2761/1651 4708/2737/1117
f 4722/2759/1139 4663/2763/1652 4662/2762/1142 4711/2744/1124
f 4721/2757/1137 4664/2764/621 4663/2763/1652 4722/2759/1139
f 4705/2756/1136 4660/2765/1653 4664/2764/621 4721/2757/1137
f 4713/2748/1128 4704/2702/1385 4698/2701/1642 4702/2766/1654
f 4714/2750/1130 4713/2748/1128 4702/2766/1654 4701/2767/1144
f 4726/2752/1132 4714/2750/1130 4701/2767/1144 4700/2768/1145
f 4723/2755/1135 4726/2752/1132 4700/2768/1145 4699/2769/1655
f 4705/2756/1136 4723/2755/1135 4699/2769/1655 4697/2770/1147
f 4706/2738/1118 4703/2692/1089 4671/2445/921 4676/2718/1098
f 4707/2740/1647 4706/2738/1118 4676/2718/1098 4679/2724/1104
f 4718/2743/1648 4707/2740/1647 4679/2724/1104 4691/2736/1116
f 4715/2747/1127 4718/2743/1648 4691/2736/1116 4690/2734/1114
f 4704/2702/1385 4715/2747/1127 4690/2734/1114 4673/2703/1643
f 4670/2771/1656 4682/2727/1645 4672/2699/1092 4666/2698/1640
f 4669/2772/1149 4683/2729/1109 4682/2727/1645 4670/2771/1656
f 4668/2773/1657 4695/2732/1646 4683/2729/1109 4669/2772/1149
f 4667/2774/1151 4692/2733/1113 4695/2732/1646 4668/2773/1657
f 4665/2700/1641 4673/2703/1643 4692/2733/1113 4667/2774/1151
f 4675/2720/1100 4674/2444/920 4655/2443/919 4658/2775/1152
f 4687/2723/1386 4675/2720/1100 4658/2775/1152 4657/2776/607
f 4684/2726/1106 4687/2723/1386 4657/2776/607 4656/2777/608
f 4672/2699/1092 4684/2726/1106 4656/2777/608 4654/2694/609
f 4660/2765/1653 4705/2756/1136 4697/2770/1147 4733/2778/643 4732/2779/643
f 4732/2780/1153 4733/2781/1153 4731/2782/1153 4729/2783/1153
f 4730/2784/1391 4731/2782/1391 4733/2781/1391
f 4657/2785/1155 4658/2786/1155 4655/2787/1155 4659/2788/1155 4661/2789/1155 4662/2790/1155 4663/2791/1155 4664/2792/1155 4660/2793/1155 4732/2780/1155 4729/2783/1155 4654/2794/1155 4656/2795/1155
f 4841/2902/755 4394/2903/764 4465/2904/756
f 4392/2905/1002 4462/2906/1001 4405/2907/1007
