# Blender 5.1.1
# www.blender.org
mtllib StreetLamp_001.mtl
o lamp_lamp_0
v -0.035776 1.653707 0.043577
v -0.045999 1.653663 0.027244
v 0.035850 1.653633 0.043642
v 0.019526 1.653664 0.053778
v -0.034554 1.654263 -0.026594
v -0.019428 1.653647 -0.038178
v 0.035759 1.653679 -0.027969
v 0.045977 1.653673 -0.011685
v -0.030772 1.813171 0.023550
v -0.032961 1.812552 0.010393
v 0.038709 1.824592 0.010426
v 0.036060 1.824761 -0.005023
v 0.033171 1.836747 0.010426
v 0.030759 1.837499 0.023746
v 0.036060 1.824761 0.025874
v -0.033171 1.836747 0.010426
v -0.030759 1.837500 -0.002894
v 0.000000 1.836747 -0.022745
v 0.013320 1.837499 -0.020333
v 0.032923 1.886167 0.043349
v 0.018033 1.886484 0.052673
v -0.032945 1.886385 0.043370
v 0.045321 1.886529 0.010426
v 0.044875 1.894535 0.029581
v 0.044875 1.894535 -0.008729
v -0.032913 1.886162 -0.022486
v -0.018033 1.886484 -0.031821
v 0.032967 1.886567 -0.022541
v 0.042247 1.886484 -0.007607
v 0.032008 1.874321 0.042435
v -0.032944 1.886384 0.043371
v -0.042247 1.886484 0.028459
v -0.031993 1.874333 -0.021571
v -0.048191 1.894781 0.010426
v -0.046179 1.906044 -0.009261
v -0.035854 1.903394 0.046288
v -0.046179 1.906044 0.030112
v -0.044875 1.894535 -0.008729
v -0.044875 1.894535 0.029581
v -0.019155 1.894535 0.055301
v 0.019155 1.894535 0.055301
v 0.019155 1.894535 -0.034449
v -0.019155 1.894535 -0.034449
v 0.000000 1.906641 0.060161
v -0.021796 1.914487 0.061385
v 0.021796 1.914487 0.061385
v 0.000000 1.914811 0.065116
v -0.000000 1.894782 0.058617
v -0.019687 1.906044 0.056605
v 0.036021 1.905878 0.046447
v 0.019687 1.906044 0.056605
v -0.000000 1.894781 -0.037765
v 0.019687 1.906044 -0.035753
v -0.036027 1.906019 -0.025602
v -0.019687 1.906044 -0.035753
v 0.048191 1.894781 0.010426
v 0.046179 1.906044 0.030112
v 0.036133 1.906512 -0.025707
v 0.046179 1.906044 -0.009261
v 0.021796 1.914487 -0.040534
v -0.021796 1.914487 -0.040534
v 0.000000 1.914811 -0.044264
v -0.050959 1.914487 -0.011370
v -0.050959 1.914487 0.032222
v -0.054690 1.914811 0.010426
v 0.000000 1.979083 0.046286
v 0.014073 1.979563 0.043851
v -0.000000 1.989422 0.041480
v 0.031003 1.989098 0.010423
v 0.028615 1.991265 0.022582
v -0.025244 1.981942 -0.014386
v -0.012242 1.991971 -0.017860
v 0.028411 1.992598 -0.001483
v -0.030432 1.992394 0.010639
v -0.028411 1.992598 -0.001483
v -0.022748 1.988266 -0.012158
v -0.012051 1.993464 0.038756
v -0.014073 1.979563 0.043851
v 0.012242 1.991971 -0.017860
v 0.022257 1.990960 -0.011881
v -0.017267 2.038935 0.053048
v -0.000151 2.039750 0.056315
v -0.031943 2.040007 0.044395
v -0.024131 2.024178 0.035023
v 0.017372 2.039557 0.053335
v 0.000000 2.021687 0.042788
v 0.031289 2.037996 0.043629
v 0.017358 0.714734 0.043920
v 0.000000 0.714559 0.046880
v -0.017358 0.714734 0.043920
v 0.031695 0.714590 0.035010
v 0.000000 2.019241 -0.020607
v 0.029107 2.019246 -0.001805
v 0.040157 2.036880 0.028775
v -0.040806 2.039485 0.029924
v -0.017358 0.714733 -0.037290
v -0.000000 0.714023 -0.040092
v 0.017358 0.714734 -0.037290
v -0.031613 0.714063 -0.028298
v -0.031677 0.714967 -0.028362
v 0.015229 0.707254 0.039274
v 0.028342 0.708184 0.031658
v -0.040302 0.721520 0.003308
v -0.037479 0.722425 0.019309
v 0.040605 0.714734 -0.014043
v 0.043565 0.714559 0.003315
v 0.040605 0.714734 0.020673
v 0.040292 0.721721 0.003315
v 0.031613 0.714063 -0.028298
v 0.031677 0.714967 -0.028362
v -0.040605 0.714734 0.020673
v -0.043565 0.714559 0.003315
v -0.040605 0.714733 -0.014043
v -0.031666 0.714638 0.034982
v -0.015229 0.707254 -0.032643
v 0.035959 0.707254 -0.011914
v -0.035959 0.707254 0.018544
v 0.015112 0.695322 0.038501
v -0.000000 0.692937 0.041343
v 0.015903 0.685895 0.040575
v -0.015903 0.685894 0.040575
v -0.000000 0.685818 0.043309
v -0.015920 0.685892 -0.033942
v 0.015920 0.685892 -0.033942
v 0.000000 0.685851 -0.036676
v 0.037270 0.685884 -0.012571
v 0.037166 0.686084 0.019063
v 0.039833 0.686010 0.003193
v -0.037166 0.686084 0.019063
v -0.037270 0.685884 -0.012571
v -0.039833 0.686009 0.003193
v 0.036351 0.674835 -0.012330
v 0.038848 0.663802 0.002943
v 0.036727 0.548306 -0.014233
v 0.036216 0.664247 0.018385
v 0.028264 0.652898 0.030992
v 0.036691 0.548985 0.017147
v -0.028525 0.599949 0.030366
v -0.015599 0.549006 0.038276
v 0.028515 0.557433 0.030125
v 0.015599 0.549006 0.038276
v -0.038848 0.663802 0.002943
v -0.036216 0.664247 0.018385
v -0.036727 0.548306 -0.014233
v -0.028534 0.581980 0.030192
v -0.028215 0.655495 0.030987
v 0.000000 0.597132 -0.037454
v 0.039959 0.542927 0.018667
v 0.042879 0.542814 0.001611
v 0.039396 0.548342 0.001496
v 0.039959 0.542927 -0.015444
v 0.037949 0.536942 -0.014684
v 0.029591 0.536696 -0.028076
v -0.040005 0.542352 -0.015461
v -0.042935 0.542121 0.001611
v -0.039396 0.548342 0.001496
v -0.036691 0.548985 0.017147
v -0.040005 0.542352 0.018684
v -0.017072 0.542351 0.041616
v 0.000000 0.542121 0.044547
v 0.000000 0.548736 0.040932
v 0.017072 0.542352 0.041616
v 0.017055 0.542927 -0.038348
v -0.000000 0.542814 -0.041268
v -0.000000 0.548007 -0.037851
v -0.015579 0.548072 -0.035296
v -0.017055 0.542927 -0.038348
v -0.037999 0.536923 0.017739
v -0.029621 0.536455 0.031204
v 0.029671 0.536665 0.031183
v -0.016149 0.536944 -0.036401
v -0.029591 0.536696 -0.028076
v 0.000000 0.479792 0.042223
v 0.017122 0.479518 0.039310
v -0.017122 0.479518 0.039310
v 0.000000 0.463369 -0.035366
v -0.026043 0.464877 -0.025740
v -0.031972 0.472102 -0.032562
v -0.032342 0.474752 -0.033020
v -0.017695 0.473314 -0.042102
v 0.017695 0.473314 -0.042102
v -0.000000 0.473750 -0.045181
v 0.032389 0.473775 -0.033033
v 0.000000 0.473455 0.043860
v -0.015607 0.452881 -0.036423
v 0.015607 0.452880 -0.036423
v -0.000000 0.452616 -0.039123
v 0.015607 0.452881 0.037062
v -0.015607 0.452881 0.037062
v -0.000000 0.452615 0.039762
v -0.036743 0.452881 0.015926
v -0.036743 0.452880 -0.015288
v -0.039442 0.452615 0.000319
v 0.036743 0.452881 -0.015288
v 0.036743 0.452881 0.015926
v 0.039442 0.452616 0.000319
v -0.000000 0.412695 -0.046294
v 0.000000 0.422266 0.052129
v -0.020792 0.422685 0.048694
v -0.000000 0.412696 0.046918
v 0.020792 0.422685 0.048694
v -0.051904 0.422194 0.000124
v -0.048469 0.422589 -0.020566
v -0.046616 0.412897 0.000311
v -0.048536 0.422636 0.020835
v 0.051904 0.422194 0.000124
v 0.048536 0.422636 0.020835
v 0.046616 0.412897 0.000311
v 0.048469 0.422589 -0.020566
v -0.051516 0.403241 0.000167
v -0.043437 0.412499 0.018855
v 0.043437 0.412499 0.018855
v 0.051523 0.403124 0.000127
v 0.037378 0.404284 0.037505
v -0.020486 0.403109 -0.047886
v 0.020481 0.403369 -0.047873
v 0.020481 0.403379 0.048125
v -0.020481 0.403379 0.048125
v -0.048982 0.394193 0.000134
v -0.045570 0.394377 0.019722
v -0.035710 0.393611 0.035809
v -0.037407 0.403054 0.037540
v 0.037311 0.400852 0.037433
v 0.045570 0.394377 -0.019477
v 0.035595 0.394149 -0.035473
v -0.000131 0.394260 -0.048834
v -0.019602 0.394068 -0.045457
v 0.019471 0.394431 0.045713
v 0.035470 0.394226 0.035591
v 0.035913 0.388648 0.036036
v 0.045570 0.394377 0.019722
v 0.019491 0.394325 -0.045516
v -0.035478 0.393944 -0.035360
v -0.035913 0.388648 -0.035791
v -0.035704 0.393535 0.035854
v -0.019362 0.394378 0.045781
v 0.035478 0.393944 0.035604
v -0.045599 0.394143 -0.019353
v -0.037415 0.332937 -0.037293
v -0.036024 0.339625 0.036144
v -0.046167 0.338826 0.019888
v 0.037415 0.332937 0.037537
v 0.046167 0.338826 0.019888
v 0.046167 0.338826 -0.019644
v 0.019724 0.338711 -0.046081
v -0.036106 0.338608 -0.035983
v -0.019766 0.338826 -0.046045
v 0.036105 0.338608 0.036228
v 0.019709 0.338929 0.046292
v 0.000036 0.286630 -0.051411
v 0.020530 0.286677 -0.047877
v -0.000036 0.286631 0.051655
v -0.020530 0.286677 0.048122
v -0.051533 0.286630 0.000086
v -0.048000 0.286677 -0.020408
v 0.051542 0.286685 0.000122
v 0.048000 0.286677 0.020652
v -0.000000 0.253613 0.049562
v 0.019554 0.253211 0.046292
v -0.049440 0.253613 0.000122
v -0.046170 0.253212 0.019676
v 0.049440 0.253613 0.000122
v 0.046170 0.253212 -0.019432
v 0.000000 0.253613 -0.049318
v -0.019554 0.253212 -0.046048
v -0.046170 0.253211 -0.019432
v 0.046170 0.253212 0.019676
v 0.019554 0.253212 -0.046048
v -0.019554 0.253212 0.046292
v -0.036353 0.252702 -0.036230
v -0.029658 0.231217 -0.069061
v 0.061673 0.220218 0.061795
v 0.029659 0.231215 0.069306
v -0.036351 0.252723 0.036474
v -0.069183 0.231216 0.029781
v 0.035870 0.253862 -0.035748
v 0.069183 0.231216 -0.029536
v -0.069184 0.231216 -0.029537
v -0.065392 0.210978 -0.065270
v -0.084554 0.207834 -0.036181
v -0.066097 0.206875 0.066222
v -0.084554 0.207834 0.036425
v 0.069184 0.231216 0.029781
v 0.084554 0.207834 0.036425
v 0.065310 0.211372 -0.065188
v 0.084554 0.207834 -0.036181
v 0.029659 0.231216 -0.069062
v 0.036303 0.207834 -0.084432
v -0.036303 0.207834 -0.084432
v -0.036354 0.252720 0.036476
v -0.029658 0.231217 0.069305
v -0.066100 0.206875 0.066219
v -0.036303 0.207834 0.084677
v 0.036303 0.207834 0.084677
v -0.084316 0.192528 -0.035697
v 0.084315 0.192514 0.035940
v 0.035817 0.192514 -0.084193
v -0.000000 0.192038 0.090436
v -0.035817 0.192514 0.084437
v -0.054293 0.171773 -0.054338
v 0.054287 0.171643 0.054409
v -0.054315 0.171672 0.054437
v 0.054287 0.171643 -0.054165
v 0.016561 0.169896 -0.071864
v -0.029155 0.170991 -0.068712
v -0.029154 0.170990 0.068956
v -0.054312 0.171669 0.054434
v 0.016561 0.169896 0.072108
v -0.072314 0.170055 0.016395
v -0.069227 0.171271 -0.028984
v 0.071986 0.169896 0.016683
v 0.068834 0.170990 -0.029032
v -0.017113 0.152980 0.040189
v 0.000064 0.148738 0.043410
v 0.017109 0.152980 0.040190
v 0.031265 0.153893 0.031366
v 0.031536 0.148842 0.031658
v -0.040066 0.152980 -0.016990
v -0.043275 0.148765 0.000122
v -0.040067 0.152979 0.017233
v -0.031388 0.152673 0.031493
v 0.040068 0.152980 0.017231
v 0.043302 0.148708 0.000122
v 0.040067 0.152980 -0.016989
v 0.031489 0.148790 -0.031366
v 0.017113 0.152979 -0.039944
v -0.000064 0.148738 -0.043166
v -0.017111 0.152981 -0.039945
v -0.031245 0.153890 -0.031143
v -0.019715 0.144089 -0.045866
v 0.019565 0.144089 -0.045922
v 0.019715 0.144089 0.046110
v -0.019632 0.144148 0.046119
v -0.045988 0.144088 0.019838
v -0.046045 0.144089 -0.019443
v 0.045988 0.144089 -0.019593
v 0.046045 0.144089 0.019687
v 0.031808 0.111160 -0.031872
v 0.017458 0.110937 -0.040831
v -0.017458 0.110937 -0.040831
v -0.031808 0.111160 -0.031872
v -0.039958 0.100131 0.039798
v -0.021766 0.100313 0.051025
v -0.017322 0.110965 0.040599
v -0.031758 0.111417 0.031627
v 0.031734 0.111182 0.031669
v 0.017322 0.110965 0.040599
v -0.040742 0.110946 -0.017460
v -0.040688 0.110956 0.017317
v -0.031763 0.111636 0.031625
v 0.040688 0.110956 0.017317
v 0.040742 0.110947 -0.017460
v -0.039971 0.100500 -0.040033
v -0.051187 0.100314 -0.021927
v 0.039971 0.100500 0.039710
v 0.051187 0.100314 0.021604
v 0.039871 0.100500 -0.040133
v 0.021766 0.100314 -0.051349
v -0.050549 0.084502 -0.000230
v -0.051200 0.090182 0.021625
v -0.051173 0.090388 -0.022058
v -0.039922 0.090292 -0.040140
v -0.047089 0.084605 -0.020322
v 0.047129 0.072938 -0.020408
v 0.050611 0.073111 -0.000285
v 0.051157 0.090182 0.021739
v 0.050554 0.084585 -0.000097
v 0.051200 0.090182 -0.021948
v 0.021900 0.090182 -0.051319
v 0.000064 0.084585 -0.050716
v -0.021837 0.090124 -0.051324
v -0.021900 0.090182 0.050996
v -0.000064 0.084585 0.050393
v 0.021787 0.090182 0.051038
v -0.020246 0.072938 -0.047291
v -0.000124 0.073111 -0.050773
v 0.020246 0.072938 0.046968
v 0.000124 0.073111 0.050449
v -0.047148 0.072980 0.019961
v -0.050611 0.073111 -0.000038
v -0.101595 0.064712 -0.043567
v -0.110263 0.063626 -0.000162
v -0.000000 0.063626 -0.110425
v 0.057330 0.020734 -0.134915
v 0.101595 0.064712 0.043244
v 0.110263 0.063626 -0.000162
v 0.043406 0.064712 -0.101757
v -0.043406 0.064712 0.101434
v 0.000001 0.063626 0.110102
v -0.057780 0.018375 0.135282
v -0.135443 0.018375 -0.057941
v 0.134753 0.020734 0.057168
v -0.145847 -0.002333 -0.000161
v -0.121303 -0.004971 0.031533
v 0.145978 -0.002088 -0.000162
v 0.136051 -0.002686 -0.058227
v 0.136039 -0.002407 0.057899
v -0.000000 -0.002088 -0.146140
v -0.058065 -0.002686 -0.136213
v 0.058061 -0.002407 -0.136201
v 0.000001 -0.002339 0.145685
v 0.107382 -0.004711 0.092757
v -0.015773 2.098835 -0.025800
v -0.000000 2.128451 -0.011999
v 0.015750 2.098912 -0.025763
v -0.017808 2.128094 -0.005298
v 0.017808 2.128094 -0.005298
v 0.000041 2.049195 -0.033746
v -0.018447 2.050261 -0.030918
v 0.014781 2.077706 -0.054903
v -0.018038 2.089179 -0.033938
v -0.018147 2.076297 -0.055776
v -0.034872 2.087158 -0.026423
v -0.000021 2.048069 0.057698
v -0.018076 2.048013 0.054652
v 0.028756 2.054778 0.061862
v -0.042031 2.064171 0.061408
v 0.039345 2.084667 0.060437
v -0.041572 2.079389 0.060677
v -0.044860 2.071780 0.061042
v 0.028427 2.100996 0.038882
v 0.014754 2.103327 0.046040
v -0.014724 2.103472 0.045971
v -0.025734 2.106876 0.037203
v -0.030409 2.096583 0.042276
v -0.044219 2.040495 0.012394
v -0.042718 2.052497 0.031711
v -0.042251 2.095636 0.012063
v 0.032932 2.047429 0.045458
v 0.042738 2.052560 0.031596
v 0.041616 2.042284 -0.004662
v 0.042358 2.095247 0.012293
v -0.028871 2.132226 0.017861
v -0.020934 2.132065 -0.008378
v -0.026802 2.132255 0.001056
v 0.020934 2.132065 0.033489
v 0.026802 2.132255 0.024055
v 0.020934 2.132065 -0.008378
v 0.026802 2.132255 0.001056
v 0.011500 2.132255 -0.014247
v -0.011500 2.132255 -0.014247
v -0.005306 2.132226 0.041426
v 0.011500 2.132255 0.039358
v -0.022781 2.127904 0.002798
v -0.009832 2.128545 0.035398
v 0.000006 2.128621 0.037102
v 0.009836 2.128673 0.035389
v -0.009774 2.128687 -0.010331
v 0.009774 2.128687 -0.010331
v 0.022851 2.128052 0.002931
v 0.017898 2.128843 0.030446
v 0.022774 2.127462 0.022186
v 0.018126 2.127118 0.030642
v 0.017880 2.128626 0.030426
v -0.017909 2.128655 0.030468
v 0.014668 2.188305 -0.021971
v -0.000000 2.187874 0.049570
v -0.014643 2.192425 0.046859
v -0.034467 2.188272 -0.002270
v -0.036916 2.190556 0.012490
v 0.034526 2.188219 0.027217
v 0.036916 2.190556 0.012490
v -0.014668 2.188305 -0.021971
v -0.000000 2.192566 -0.024160
v 0.014643 2.192425 0.046859
v -0.034306 2.192161 0.027166
v 0.034467 2.188272 -0.002270
v 0.001982 2.456497 0.005393
v -0.003384 2.459147 0.022211
v -0.007156 2.455873 0.022000
v -0.020424 2.433308 0.035476
v -0.018818 2.443812 0.001687
v 0.014238 2.373014 0.026271
v 0.031409 2.389434 0.015190
v 0.029234 2.390118 0.027673
v 0.015370 2.372486 0.006038
v 0.022817 2.390124 -0.007620
v 0.029229 2.390311 0.002722
v 0.030100 2.414340 0.028318
v 0.030262 2.424646 0.015005
v 0.027881 2.424597 0.003142
v 0.022476 2.442451 0.022615
v 0.013331 2.440912 0.036336
v -0.022230 2.387190 0.037281
v -0.027813 2.386125 0.026671
v -0.017223 2.383101 -0.007805
v -0.029526 2.389869 0.002251
v -0.030262 2.424645 0.015005
v -0.030100 2.414340 0.028318
v -0.022476 2.442451 0.022615
v -0.027881 2.424596 0.003142
v -0.021268 2.429449 0.036319
v 0.011923 2.386152 0.042795
v 0.022811 2.390273 0.038013
v -0.022431 2.388088 0.037494
v -0.007215 2.385779 0.044401
v -0.000000 2.389047 -0.016218
v -0.012435 2.390468 -0.014035
v 0.012488 2.388705 -0.014090
v -0.011947 2.423840 -0.012834
v -0.022317 2.421797 -0.007054
v -0.005546 2.442671 -0.007778
v 0.009027 2.442259 -0.006706
v 0.021846 2.424019 -0.006703
v -0.000000 2.373980 -0.002541
v 0.003920 2.373840 0.032568
v -0.029984 2.386678 0.014742
v -0.017321 2.373613 0.019260
v 0.017321 2.373612 0.019261
v 0.003344 2.461562 0.022155
v 0.006240 2.461217 0.020468
v -0.008857 2.457422 0.012291
v -0.007423 2.473766 0.011866
v -0.008055 2.459875 0.017594
v -0.005788 2.473732 0.009243
v -0.006507 2.456789 0.007703
v 0.008727 2.458012 0.016213
v 0.007760 2.457128 0.009311
v 0.007423 2.473766 0.011866
v 0.008057 2.473906 0.015860
v -0.003508 2.456934 0.005905
v -0.000033 2.462026 0.005644
v 0.003431 2.461584 0.006168
v 0.003758 2.461664 0.006294
v 0.005809 2.473874 0.009236
v -0.004863 2.045965 -0.069275
v 0.009277 2.047735 -0.068913
v -0.029488 2.059528 -0.052633
v -0.038486 2.069898 -0.040263
v -0.029226 2.066725 -0.056084
v -0.008148 2.051897 -0.050601
v 0.014521 2.051140 -0.054462
v 0.027219 2.056012 -0.058195
v 0.041100 2.058894 -0.025622
v -0.018178 2.045956 -0.060028
v 0.006935 2.045249 -0.057750
v 0.022124 2.045957 -0.062878
v 0.010879 2.141423 -0.118739
v 0.013233 2.161853 -0.128349
v 0.016368 2.152324 -0.122215
v 0.008202 2.123318 -0.085942
v 0.011251 2.160892 -0.099191
v -0.020969 2.160335 -0.101799
v 0.008600 2.113852 -0.056939
v -0.033560 2.122978 -0.094103
v 0.008638 2.089994 -0.111410
v 0.019028 2.095977 -0.117169
v -0.017419 2.097267 -0.117695
v 0.029314 2.096673 -0.107425
v -0.019716 2.092221 -0.113239
v -0.031320 2.100309 -0.108828
v -0.009714 2.091824 -0.055022
v 0.026777 2.096642 -0.072675
v 0.016306 2.104439 -0.057950
v 0.014220 2.190968 -0.111330
v -0.002681 2.196334 -0.119208
v -0.011015 2.188675 -0.104881
v 0.003317 2.189271 -0.103469
v -0.008257 2.192802 -0.107682
v 0.009094 2.195005 -0.117595
v 0.013376 2.183780 -0.117565
v 0.007098 2.185635 -0.148456
v 0.008261 2.178752 -0.141783
v 0.014586 2.174642 -0.131671
v 0.012856 2.184016 -0.138909
v -0.006244 2.182344 -0.125485
v 0.000021 2.183586 -0.125845
v -0.007266 2.210725 -0.157555
v 0.012336 2.182832 -0.131667
v 0.010666 2.200268 -0.146239
v -0.012097 2.183445 -0.132112
v -0.012825 2.184066 -0.139026
v -0.012686 2.191947 -0.144769
v 0.012845 2.209771 -0.164536
v -0.013223 2.207705 -0.162357
v -0.011845 2.189853 -0.146237
v -0.014469 2.205154 -0.168225
v 0.014432 2.204318 -0.165285
v 0.011844 2.189860 -0.146237
v -0.006477 2.196774 -0.174216
v -0.009813 2.208579 -0.286305
v -0.015417 2.217272 -0.240957
v -0.009000 2.207120 -0.242499
v 0.014265 2.212888 -0.238778
v 0.013841 2.224590 -0.239068
v 0.000208 2.215039 -0.317170
v -0.011555 2.213930 -0.315894
v 0.014226 2.212345 -0.293977
v 0.012530 2.208360 -0.263803
v 0.012204 2.228001 -0.264453
v 0.014900 2.215610 -0.295636
v 0.014494 2.219441 -0.307913
v -0.000022 2.231276 -0.267791
v -0.003953 2.223808 -0.307017
v -0.013452 2.222853 -0.278744
v 0.007435 2.201339 -0.316077
v 0.012983 2.204357 -0.314073
v 0.008240 2.205131 -0.316611
v 0.014248 2.211874 -0.293967
v 0.016557 2.211880 -0.308247
v 0.008315 2.205147 -0.298413
v -0.014760 2.215647 -0.288791
v -0.015060 2.217936 -0.307997
v -0.016587 2.211974 -0.308208
v -0.013360 2.206788 -0.315517
v -0.009895 2.191381 -0.259997
v 0.003940 2.190786 -0.261081
v -0.014152 2.190163 -0.257257
v 0.004924 2.206346 -0.241394
v 0.014749 2.190477 -0.256426
v 0.003329 2.190023 -0.249117
v -0.010043 2.192017 -0.249373
v 0.013952 2.190802 -0.252080
v 0.014434 2.200119 -0.256380
v -0.015188 2.191188 -0.254203
v -0.005541 2.049444 0.093590
v 0.014963 2.046157 0.092398
v -0.029738 2.060339 0.076018
v -0.044705 2.071991 0.061028
v -0.022159 2.054231 0.076180
v 0.018935 2.045406 0.084666
v -0.021096 2.045922 0.089574
v -0.015444 2.045657 0.083057
v -0.004813 2.167037 0.154376
v -0.009645 2.124514 0.110622
v 0.011431 2.162990 0.123359
v 0.021147 2.166049 0.127141
v -0.008518 2.113333 0.080966
v -0.000006 2.060694 0.097610
v -0.011709 2.061399 0.096976
v 0.033566 2.124116 0.118407
v 0.004127 2.090575 0.134959
v -0.000016 2.099014 0.142677
v -0.000020 2.099108 0.142698
v -0.012981 2.099968 0.142163
v -0.021469 2.099242 0.140053
v -0.018284 2.093785 0.136986
v -0.031581 2.102797 0.132907
v 0.022027 2.097571 0.139756
v 0.031768 2.099344 0.129303
v 0.014223 2.100916 0.142416
v -0.014558 2.110197 0.083665
v -0.015905 2.103599 0.081578
v -0.010685 2.180571 0.161594
v -0.011731 2.175044 0.157475
v -0.008700 2.198572 0.142515
v -0.013654 2.195733 0.134203
v 0.002616 2.199942 0.143911
v 0.014098 2.194888 0.134312
v 0.007128 2.193141 0.128522
v 0.011771 2.204547 0.202661
v -0.009720 2.193333 0.175035
v -0.012194 2.202989 0.189229
v -0.013229 2.199684 0.173190
v -0.005436 2.206806 0.170966
v -0.000006 2.189792 0.151265
v -0.006427 2.190129 0.150823
v -0.000006 2.206538 0.170783
v 0.006299 2.188801 0.150851
v 0.005184 2.206014 0.170951
v -0.005195 2.205941 0.170951
v 0.013946 2.185854 0.153602
v 0.013372 2.191558 0.165361
v 0.011904 2.201005 0.169104
v 0.012317 2.197930 0.174173
v 0.014113 2.216309 0.273467
v -0.015284 2.219618 0.275504
v -0.013300 2.207236 0.185429
v 0.012319 2.196875 0.174227
v 0.013562 2.209302 0.196035
v 0.003840 2.230122 0.277574
v 0.014178 2.225081 0.276434
v -0.013704 2.226002 0.275057
v -0.015034 2.218568 0.319740
v -0.015351 2.219682 0.300480
v -0.006303 2.228112 0.330194
v 0.000010 2.230102 0.301695
v 0.015035 2.220640 0.317253
v 0.014322 2.218139 0.337617
v -0.007597 2.211531 0.338247
v -0.014619 2.217098 0.337241
v -0.016245 2.218669 0.332294
v -0.008825 2.214956 0.339839
v -0.015057 2.222553 0.332476
v 0.008048 2.212157 0.339284
v 0.016405 2.219908 0.332398
v 0.003414 2.199736 0.296981
v -0.009629 2.200433 0.295986
v 0.013113 2.199908 0.294349
v 0.005226 2.211112 0.277309
v -0.009502 2.212139 0.278912
v -0.015109 2.198952 0.291675
v -0.009923 2.199558 0.285711
v 0.009880 2.199428 0.285782
v -0.014416 2.206390 0.292240
v 0.015136 2.200681 0.289968
v -0.012784 2.372462 0.027817
v 0.010410 2.373347 0.000330
v 0.000000 2.364847 0.031046
v -0.006456 2.365550 0.029924
v 0.000000 2.365046 -0.001203
v 0.006401 2.365593 -0.000082
v 0.016180 2.444916 -0.001151
v 0.000254 2.459504 0.022762
v -0.007202 2.456327 0.022047
v 0.006552 2.457157 0.021049
v 0.000048 2.236350 0.297723
v 0.005785 2.236228 0.297195
v -0.010696 2.269987 -0.260345
v -0.005846 2.269974 -0.262203
v -0.013870 2.237781 -0.249097
v -0.013753 2.270043 -0.250132
v -0.015809 2.212512 0.287995
v -0.015107 2.213176 0.283623
v -0.012704 2.212235 0.279308
v 0.013611 2.187729 0.142357
v 0.020387 2.175857 0.138347
v -0.008074 2.162969 0.122548
v 0.016688 2.174181 0.127660
v -0.019555 2.177989 0.139344
v -0.022114 2.171551 0.132890
v -0.025986 2.102623 0.100475
v -0.018256 2.089508 0.088759
v -0.022476 2.094440 0.090682
v -0.014444 2.096545 0.080255
v 0.017995 2.089863 0.088684
v -0.016603 2.110991 0.097640
v -0.030728 2.097702 0.122290
v 0.025414 2.049800 0.087665
v -0.027376 2.054134 0.082362
v -0.028038 2.056055 0.086202
v -0.026750 2.058029 0.090050
v -0.017484 2.049040 0.091816
v -0.013590 2.182943 -0.117683
v -0.020401 2.170921 -0.113643
v -0.014061 2.191301 -0.109256
v -0.006635 2.162021 -0.098468
v 0.021831 2.166866 -0.107355
v 0.017392 2.176976 -0.118799
v 0.009238 2.106118 -0.113632
v -0.023895 2.104312 -0.112306
v 0.034554 2.108123 -0.105701
v 0.025762 2.104183 -0.111489
v 0.026034 2.102556 -0.076352
v 0.021705 2.093120 -0.065602
v 0.010754 2.095551 -0.054539
v -0.026863 2.053000 -0.061251
v -0.023642 2.047628 -0.064523
v 0.027921 2.055931 -0.062013
v 0.026645 2.057889 -0.065857
v 0.017101 2.046307 -0.067306
v 0.015038 2.209021 -0.247746
v 0.011448 2.202134 -0.246229
v 0.011161 2.191532 -0.259365
v -0.007430 2.200833 -0.316201
v -0.010732 2.239285 -0.259610
v -0.013800 2.238316 -0.256572
v 0.005840 2.269209 0.298002
v -0.000006 2.269206 0.298621
v -0.005790 2.236484 0.297132
v -0.010703 2.269220 0.296145
v -0.010752 2.236246 0.295290
v -0.005952 2.237468 0.279986
v -0.000006 2.269308 0.280464
v -0.010751 2.269294 0.282940
v -0.005886 2.269305 0.281083
v 0.044423 2.041499 0.012328
v -0.031944 2.040192 0.044397
v -0.032890 2.045971 0.045212
v 0.017864 2.047980 0.054722
v -0.017397 2.038831 -0.028127
v 0.000001 2.039282 -0.031302
v 0.017398 2.038830 -0.028127
v 0.018323 2.050302 -0.031022
v -0.029275 2.019984 -0.002108
v 0.022741 2.018828 -0.012113
v 0.012450 2.018635 -0.018516
v 0.034814 2.085202 -0.026414
v -0.030409 2.096583 0.042276
v -0.032295 2.085841 0.060410
v -0.000008 2.100611 0.050000
v -0.000166 2.089605 -0.034433
v 0.018038 2.089375 -0.033940
v -0.031218 2.095589 -0.019124
v -0.022769 2.127372 0.022298
v -0.025696 2.106853 0.037168
v -0.106133 -0.001170 0.105976
v -0.057979 -0.002770 0.135646
v 0.106132 -0.000671 0.105970
v 0.106137 -0.000864 -0.106299
v 0.058299 -0.000556 -0.136300
v -0.058299 -0.000556 -0.136300
v -0.106136 -0.000841 -0.106298
v 0.136138 -0.000556 0.058137
v 0.136138 -0.000556 -0.058461
v -0.135820 -0.002628 -0.058144
v -0.106177 0.001570 0.106038
v 0.017055 0.542659 -0.038350
v 0.016149 0.536944 -0.036401
v -0.037949 0.536942 -0.014684
v 0.039961 0.542659 0.018666
v 0.037999 0.536923 0.017739
v -0.035959 0.707254 -0.011914
v 0.035959 0.707254 0.018544
v 0.015229 0.707254 -0.032643
v -0.031667 0.714637 0.034981
v -0.015229 0.707254 0.039274
v 0.037569 0.721989 -0.012728
v 0.004511 2.773293 -0.258202
v 0.000625 2.779192 -0.253868
v 0.006751 2.773183 -0.253681
v -0.004468 2.772661 -0.249167
v -0.000145 2.777988 -0.254216
v -0.006763 2.773130 -0.253650
v 0.015711 2.266608 -0.253670
v 0.010540 2.266774 -0.243135
v -0.000001 2.266635 -0.238074
v -0.004526 2.773319 -0.258169
v -0.000013 2.773133 -0.260456
v 0.004525 2.773318 -0.249175
v 0.000196 2.779192 -0.253047
v 0.000012 2.773127 -0.246887
v 0.015443 2.307474 -0.238288
v -0.000025 2.310919 -0.230544
v 0.010537 2.266774 -0.264212
v 0.000001 2.266635 -0.269270
v -0.049479 2.358952 -0.310539
v 0.000002 2.311119 -0.230545
v -0.014883 2.282671 -0.239275
v -0.014538 2.279684 -0.238943
v -0.014646 2.279648 -0.268325
v 0.014759 2.283530 -0.239025
v 0.014552 2.279670 -0.239003
v 0.014832 2.279796 -0.239373
v 0.014983 2.288388 -0.268217
v 0.014304 2.279731 -0.268513
v -0.011836 2.298890 -0.241671
v -0.012109 2.298693 -0.242026
v -0.012012 2.303832 -0.241824
v -0.012122 2.297571 -0.241551
v -0.011807 2.298720 -0.241652
v -0.012117 2.298718 -0.242021
v -0.011651 2.298719 -0.265789
v -0.012101 2.304059 -0.265316
v -0.012121 2.297571 -0.265794
v -0.012020 2.298720 -0.265479
v -0.011651 2.298719 -0.265789
v 0.011780 2.301406 -0.265496
v 0.011670 2.303320 -0.241365
v 0.011656 2.298750 -0.241552
v 0.012121 2.297571 -0.241550
v -0.012088 2.303261 -0.241682
v -0.012122 2.305205 -0.265793
v -0.011807 2.304060 -0.265692
v -0.012117 2.304061 -0.265324
v 0.012123 2.305205 -0.241551
v 0.012117 2.304061 -0.242021
v 0.012117 2.304061 -0.242021
v -0.015500 2.307486 -0.238643
v -0.015252 2.307057 -0.238270
v -0.015133 2.312790 -0.238426
v -0.015163 2.313694 -0.269232
v -0.015022 2.307040 -0.269228
v 0.015204 2.307436 -0.269303
v -0.015246 2.315694 -0.238487
v -0.015257 2.313582 -0.238274
v -0.015552 2.313590 -0.238653
v -0.015253 2.309855 -0.238383
v 0.015023 2.313627 -0.269228
v 0.015304 2.314219 -0.238378
v -0.000199 2.279854 -0.275566
v 0.000379 2.279750 -0.275468
v 0.000005 2.279640 -0.231732
v 0.000000 2.301392 -0.271372
v -0.000002 2.297577 -0.235528
v 0.000125 2.298767 -0.235832
v -0.000309 2.298719 -0.235884
v 0.000332 2.304155 -0.235939
v -0.000306 2.298681 -0.235898
v 0.000302 2.303993 -0.235875
v 0.000003 2.305199 -0.235528
v -0.000000 2.310306 -0.276884
v -0.000298 2.310881 -0.230604
v 0.000089 2.307050 -0.230702
v -0.021894 2.279853 -0.253472
v -0.021796 2.279750 -0.254051
v 0.021941 2.279694 -0.253671
v -0.018144 2.297577 -0.253675
v -0.017840 2.298768 -0.253547
v -0.017788 2.298719 -0.253982
v -0.017820 2.303990 -0.253656
v -0.017788 2.298719 -0.253982
v 0.018144 2.297577 -0.253670
v 0.017803 2.298837 -0.253377
v 0.017775 2.298681 -0.253366
v -0.017788 2.304061 -0.253362
v -0.018144 2.305199 -0.253670
v -0.017788 2.304061 -0.253362
v 0.017926 2.304602 -0.253686
v -0.023106 2.311218 -0.253966
v -0.022883 2.307008 -0.254050
v 0.023090 2.307669 -0.253700
v -0.022887 2.313706 -0.253300
v 0.022887 2.313706 -0.254044
v -0.015602 2.266451 -0.253673
v -0.010537 2.266774 -0.243132
v 0.000001 2.266451 -0.269274
v -0.010540 2.266774 -0.264209
v -0.000001 2.266451 -0.238070
v -0.000086 2.314877 -0.230990
v 0.005622 2.316311 -0.236790
v -0.000126 2.293094 -0.275601
v 0.000099 2.282807 -0.275663
v -0.000006 2.295799 -0.231798
v -0.021874 2.295799 -0.253678
v -0.021990 2.282808 -0.253771
v 0.021929 2.293094 -0.253798
v -0.050688 2.342757 -0.203459
v -0.049971 2.343081 -0.202569
v -0.051876 2.346566 -0.201795
v -0.050212 2.342757 -0.304360
v -0.051103 2.343081 -0.303643
v -0.051876 2.346566 -0.305549
v 0.050692 2.342436 -0.303891
v 0.049971 2.343081 -0.304775
v 0.051877 2.346566 -0.305549
v 0.050222 2.342436 -0.202983
v 0.051103 2.343081 -0.203701
v 0.051877 2.346566 -0.201795
v -0.000516 2.342570 -0.329337
v 0.000000 2.346566 -0.331487
v -0.000228 2.342571 -0.178038
v 0.000802 2.343081 -0.177985
v 0.000000 2.346566 -0.175857
v -0.075687 2.343081 -0.254474
v -0.075611 2.342813 -0.253148
v -0.077815 2.346566 -0.253672
v 0.075665 2.342570 -0.254188
v 0.077815 2.346566 -0.253672
v -0.000372 2.314975 -0.231057
v -0.001801 2.313590 -0.231511
v -0.009129 2.735924 -0.253672
v -0.006101 2.735928 -0.259773
v 0.000000 2.735924 -0.262801
v 0.006101 2.735928 -0.259773
v 0.009129 2.735924 -0.253672
v 0.006101 2.735934 -0.247571
v 0.000000 2.735924 -0.244543
v -0.006124 2.735953 -0.247544
v -0.009111 2.751036 -0.253672
v -0.006093 2.751032 -0.259765
v 0.000000 2.751036 -0.262783
v 0.006093 2.751032 -0.259765
v 0.009111 2.751036 -0.253672
v 0.006093 2.751041 -0.247579
v 0.000000 2.751037 -0.244561
v -0.006123 2.751018 -0.247545
v -0.006850 2.757591 -0.253669
v -0.004570 2.757622 -0.258239
v -0.000003 2.757592 -0.260522
v 0.004569 2.757620 -0.258241
v 0.006848 2.757597 -0.253672
v 0.004570 2.757622 -0.249104
v 0.000003 2.757592 -0.246822
v -0.004567 2.757622 -0.249102
v -0.004548 2.773482 -0.249085
v -0.044327 2.671664 -0.209342
v -0.043241 2.674581 -0.209956
v -0.044158 2.671812 -0.297923
v 0.044251 2.671813 -0.297830
v 0.044158 2.671813 -0.209420
v 0.039807 2.687872 -0.293447
v -0.042168 2.680726 -0.212058
v -0.040952 2.683079 -0.212251
v -0.041842 2.683024 -0.213331
v -0.040954 2.683216 -0.212247
v -0.042168 2.680726 -0.212058
v 0.068215 2.630863 -0.320413
v 0.066741 2.630864 -0.185458
v -0.066741 2.630864 -0.321885
v -0.051832 2.666671 -0.305562
v -0.062077 2.641088 -0.191012
v -0.052383 2.665956 -0.201292
v -0.016934 2.708753 -0.236748
v -0.007433 2.714425 -0.246239
v -0.007639 2.715297 -0.246696
v -0.007469 2.714612 -0.246239
v 0.004885 2.710686 -0.274398
v 0.007433 2.714419 -0.261105
v 0.007639 2.715297 -0.260648
v 0.006976 2.715297 -0.261311
v 0.051832 2.666671 -0.201783
v -0.001078 2.686864 -0.313675
v -0.039911 2.687629 -0.293448
v 0.000195 2.700424 -0.208608
v 0.039911 2.687629 -0.213896
v 0.001076 2.683157 -0.191975
v 0.000118 2.640102 -0.347836
v -0.000118 2.640102 -0.159508
v 0.051890 2.666671 -0.305504
v -0.060021 2.686806 -0.252594
v -0.041842 2.683024 -0.213331
v -0.040363 2.684999 -0.213309
v -0.033181 2.695720 -0.220414
v 0.061706 2.683128 -0.254747
v 0.045049 2.700432 -0.253877
v -0.020726 2.710686 -0.258557
v 0.094164 2.640102 -0.253554
v -0.094163 2.640102 -0.253790
v 0.004784 2.355719 -0.174635
v 0.049356 2.360561 -0.196617
v 0.049502 2.367396 -0.196473
v 0.102380 2.578728 -0.144215
v 0.102093 2.581114 -0.144179
v 0.102098 2.581058 -0.144189
v 0.004997 2.578883 -0.095464
v -0.004783 2.355720 -0.332709
v -0.102253 2.578763 -0.363120
v -0.004996 2.578883 -0.411880
v 0.079009 2.355863 -0.258409
v 0.079351 2.365357 -0.258879
v 0.079452 2.362581 -0.258774
v 0.057151 2.361031 -0.302967
v 0.057049 2.364920 -0.302982
v 0.109499 2.578350 -0.356226
v 0.109418 2.585528 -0.355376
v 0.157932 2.581716 -0.259121
v 0.158232 2.578853 -0.258650
v -0.079009 2.355863 -0.248935
v -0.079129 2.364533 -0.248391
v -0.079357 2.365309 -0.248450
v -0.056841 2.358724 -0.203891
v -0.056788 2.358406 -0.204126
v -0.056395 2.356243 -0.203890
v -0.056979 2.361711 -0.204105
v -0.056841 2.358724 -0.203891
v -0.056999 2.361321 -0.204440
v -0.056958 2.361876 -0.204112
v -0.109457 2.578729 -0.151292
v -0.109608 2.581515 -0.151784
v -0.109483 2.581058 -0.151574
v -0.158208 2.578883 -0.248675
v 0.049747 2.356584 -0.310216
v 0.004971 2.358706 -0.332913
v 0.005109 2.358347 -0.332678
v 0.004657 2.356243 -0.332630
v 0.004978 2.358685 -0.332916
v 0.005007 2.578879 -0.411853
v 0.101875 2.583239 -0.363320
v 0.102650 2.578561 -0.363193
v -0.049236 2.361409 -0.196672
v -0.049772 2.356069 -0.197214
v -0.049566 2.361850 -0.196708
v -0.049858 2.362536 -0.196569
v -0.004939 2.357395 -0.174675
v -0.005418 2.367459 -0.174436
v -0.005456 2.584491 -0.095875
v -0.004995 2.578860 -0.095475
v -0.102059 2.581320 -0.144178
v -0.102320 2.579040 -0.144181
v -0.056560 2.355929 -0.303425
v -0.078997 2.357395 -0.258611
v -0.079236 2.367459 -0.259090
v -0.158195 2.578863 -0.258669
v -0.109639 2.583627 -0.355532
v -0.109514 2.578688 -0.356124
v 0.056996 2.361674 -0.204094
v 0.056575 2.357003 -0.203913
v 0.057052 2.361403 -0.204136
v 0.079241 2.358706 -0.248701
v 0.079006 2.358347 -0.248563
v 0.078957 2.356243 -0.249016
v 0.079244 2.358686 -0.248695
v 0.157797 2.584491 -0.248216
v 0.158197 2.578860 -0.248677
v 0.109412 2.581272 -0.151542
v 0.109521 2.578566 -0.151028
v 0.049802 2.362405 -0.196647
v 0.005439 2.367245 -0.174417
v 0.005440 2.585515 -0.096130
v 0.101837 2.584482 -0.144059
v 0.101627 2.584788 -0.144250
v -0.049502 2.367236 -0.310895
v -0.005439 2.367245 -0.332927
v -0.005465 2.584463 -0.411465
v -0.005489 2.584788 -0.411163
v -0.005470 2.584442 -0.411463
v -0.101686 2.585409 -0.363085
v 0.157793 2.584445 -0.259138
v 0.157680 2.585927 -0.259110
v -0.057223 2.367234 -0.204169
v -0.057102 2.362536 -0.203813
v -0.157793 2.584463 -0.248206
v -0.157491 2.584788 -0.248183
v -0.157791 2.584442 -0.248202
v -0.109614 2.584470 -0.151837
v -0.109422 2.584788 -0.152045
v 0.005439 2.367246 -0.332927
v 0.049503 2.367236 -0.310895
v 0.101837 2.584466 -0.363285
v 0.101833 2.584459 -0.363287
v 0.101627 2.584788 -0.363094
v 0.005441 2.585506 -0.411213
v -0.049612 2.364808 -0.196627
v -0.049494 2.366760 -0.196383
v -0.049305 2.364783 -0.196584
v -0.101685 2.585398 -0.144258
v -0.101997 2.580586 -0.144431
v -0.005489 2.584788 -0.096181
v -0.057223 2.367233 -0.303174
v -0.109614 2.584470 -0.355507
v -0.109422 2.584788 -0.355299
v -0.157793 2.584463 -0.259137
v -0.157792 2.584435 -0.259142
v -0.157491 2.584788 -0.259161
v 0.079121 2.364532 -0.248392
v 0.079291 2.366760 -0.248183
v 0.079356 2.365329 -0.248458
v 0.057069 2.364895 -0.204366
v 0.057289 2.366760 -0.204178
v 0.109613 2.584482 -0.151835
v 0.109422 2.584788 -0.152045
v 0.109615 2.584459 -0.151839
v 0.157491 2.584788 -0.248183
v -0.049858 2.362536 -0.196569
v 0.004545 2.981153 0.011831
v -0.000134 2.986558 0.015728
v 0.006785 2.980943 0.016314
v -0.004470 2.980461 0.020800
v -0.006785 2.980943 0.016290
v 0.015711 2.474425 0.016295
v 0.010540 2.474591 0.026839
v -0.000001 2.474452 0.031900
v -0.000626 2.987008 0.016498
v 0.005538 2.982941 0.019676
v -0.004509 2.981136 0.011788
v 0.000021 2.980947 0.009539
v -0.000012 2.980944 0.023087
v -0.000007 2.518715 0.039430
v 0.015376 2.520970 0.031758
v 0.010537 2.474591 0.005762
v 0.000001 2.474452 0.000704
v -0.049486 2.567195 -0.040529
v 0.000002 2.518935 0.039429
v 0.101844 2.792269 -0.093307
v -0.014499 2.488656 0.030727
v -0.014316 2.488364 0.030593
v -0.014607 2.487472 0.030789
v -0.014577 2.490591 0.031077
v -0.014646 2.487463 0.001649
v 0.014759 2.491347 0.030949
v 0.014552 2.487486 0.030971
v 0.014832 2.487613 0.030601
v 0.014636 2.487450 0.001644
v -0.011982 2.510347 0.028425
v -0.011880 2.506532 0.028325
v -0.012117 2.506536 0.027954
v -0.012048 2.509926 0.028411
v -0.012044 2.509207 0.027863
v -0.012122 2.505388 0.028423
v -0.011807 2.506537 0.028322
v -0.012117 2.506536 0.027954
v -0.011651 2.506536 0.004185
v -0.012101 2.511875 0.004658
v -0.012121 2.505388 0.004180
v -0.012020 2.506537 0.004495
v -0.011651 2.506536 0.004185
v 0.011781 2.509223 0.004478
v 0.011670 2.511137 0.028609
v 0.011656 2.506567 0.028422
v 0.012121 2.505388 0.028424
v -0.012122 2.513022 0.004181
v -0.011807 2.511876 0.004282
v -0.012117 2.511878 0.004650
v 0.012122 2.513022 0.028423
v 0.012117 2.511878 0.027954
v 0.012117 2.511878 0.027954
v -0.015500 2.515303 0.031331
v -0.015252 2.514874 0.031704
v -0.015133 2.520607 0.031548
v -0.015163 2.521511 0.000742
v -0.015022 2.514857 0.000746
v 0.015204 2.515252 0.000671
v 0.015294 2.514284 0.031607
v -0.015246 2.523511 0.031487
v -0.015257 2.521399 0.031700
v -0.015552 2.521407 0.031322
v -0.015453 2.518127 0.031760
v 0.015023 2.521444 0.000746
v -0.000207 2.487719 -0.005587
v 0.000178 2.485529 -0.005225
v -0.000001 2.487511 0.038243
v 0.000000 2.509209 -0.001398
v -0.000002 2.505394 0.034446
v -0.000302 2.506603 0.034099
v 0.000332 2.511972 0.034035
v -0.000306 2.506498 0.034076
v 0.000302 2.511811 0.034099
v 0.000003 2.513016 0.034446
v -0.000000 2.518123 -0.006910
v -0.021893 2.487671 0.016501
v -0.021796 2.487567 0.015923
v 0.021941 2.487446 0.016298
v -0.018144 2.505394 0.016300
v -0.017840 2.506584 0.016427
v -0.017788 2.506536 0.015992
v -0.017820 2.511805 0.016320
v -0.017788 2.506536 0.015992
v 0.018144 2.505394 0.016304
v 0.017803 2.506654 0.016598
v 0.017775 2.506498 0.016608
v -0.017788 2.511878 0.016612
v -0.018144 2.513016 0.016304
v -0.017788 2.511878 0.016612
v 0.017926 2.512419 0.016288
v -0.023106 2.519035 0.016008
v -0.022883 2.514825 0.015924
v 0.023090 2.515486 0.016274
v -0.022887 2.521523 0.016674
v 0.022887 2.521523 0.015930
v -0.015602 2.474268 0.016301
v -0.010537 2.474591 0.026842
v 0.000001 2.474268 0.000700
v -0.010540 2.474591 0.005765
v -0.000001 2.474268 0.031904
v -0.000086 2.522694 0.038984
v 0.005622 2.524128 0.033184
v -0.000126 2.500911 -0.005627
v 0.000099 2.490624 -0.005689
v -0.000006 2.503616 0.038176
v -0.021874 2.503616 0.016296
v -0.021990 2.490624 0.016204
v 0.021929 2.500911 0.016176
v -0.050688 2.550574 0.066515
v -0.049971 2.550897 0.067405
v -0.051876 2.554383 0.068179
v -0.049971 2.550897 -0.034801
v -0.050694 2.550262 -0.033914
v -0.051876 2.554383 -0.035574
v 0.049926 2.549922 -0.034181
v 0.051877 2.554383 -0.035574
v 0.050219 2.550253 0.066994
v 0.051103 2.550897 0.066273
v 0.051877 2.554383 0.068179
v 0.000245 2.550389 -0.059331
v -0.000802 2.550897 -0.059385
v 0.000000 2.554383 -0.061513
v 0.000516 2.550387 0.091967
v 0.000000 2.554383 0.094117
v -0.075687 2.550897 0.015500
v -0.075611 2.550630 0.016827
v -0.077815 2.554383 0.016302
v 0.075661 2.550386 0.015786
v 0.077815 2.554383 0.016302
v -0.000372 2.522791 0.038917
v -0.001801 2.521407 0.038464
v -0.009129 2.943741 0.016302
v -0.006108 2.943610 0.010216
v 0.000002 2.943497 0.007192
v 0.006110 2.943613 0.010218
v 0.009129 2.943741 0.016302
v 0.006101 2.943745 0.022403
v 0.000000 2.943741 0.025431
v -0.006124 2.943807 0.022430
v -0.009085 2.958517 0.016300
v -0.006096 2.958695 0.010249
v 0.000000 2.958864 0.007260
v 0.006097 2.958699 0.010250
v 0.009085 2.958517 0.016304
v 0.006082 2.958508 0.022386
v -0.000002 2.958518 0.025387
v -0.006121 2.958500 0.022427
v -0.006850 2.965409 0.016299
v -0.004567 2.965438 0.011732
v 0.000004 2.965408 0.009452
v 0.004570 2.965438 0.011735
v 0.006850 2.965409 0.016306
v 0.004568 2.965438 0.020872
v -0.000003 2.965409 0.023152
v -0.004570 2.965438 0.020870
v -0.004558 2.981348 0.020891
v -0.043715 2.882370 0.059542
v -0.044337 2.879467 0.060643
v -0.044208 2.879613 -0.027911
v 0.044251 2.879629 -0.027856
v 0.044158 2.879629 0.060554
v 0.039807 2.895689 -0.023473
v 0.039775 2.895689 0.056109
v -0.042168 2.888542 0.057916
v -0.040952 2.890896 0.057723
v -0.041842 2.890841 0.056643
v -0.040954 2.891053 0.057728
v -0.042168 2.888542 0.057916
v -0.039821 2.895698 -0.023451
v 0.068217 2.838678 -0.050439
v 0.066741 2.838679 0.084518
v -0.066741 2.838678 -0.051915
v -0.051832 2.874488 -0.035587
v -0.062077 2.848905 0.078962
v -0.052383 2.873773 0.068682
v -0.016934 2.916570 0.033227
v -0.007433 2.922242 0.023735
v -0.007639 2.923114 0.023278
v -0.007469 2.922429 0.023735
v 0.004885 2.918503 -0.004425
v 0.007433 2.922235 0.008869
v 0.007639 2.923114 0.009326
v 0.006976 2.923114 0.008663
v 0.051832 2.874488 0.068192
v -0.001077 2.894597 -0.043727
v 0.001075 2.891021 0.077969
v 0.000192 2.908242 0.061363
v 0.000118 2.847919 -0.077861
v -0.000118 2.847919 0.110465
v 0.051890 2.874488 -0.035530
v -0.060004 2.894634 0.017380
v -0.041842 2.890841 0.056643
v -0.040363 2.892816 0.056665
v -0.033181 2.903537 0.049560
v 0.061695 2.890968 0.015227
v 0.045062 2.908242 0.016111
v -0.020727 2.918503 0.011417
v 0.094164 2.847919 0.016420
v -0.094163 2.847919 0.016184
v 0.004784 2.563536 0.095339
v 0.049356 2.568378 0.073357
v 0.049502 2.575213 0.073501
v 0.102380 2.786545 0.125759
v 0.102093 2.788931 0.125795
v 0.102098 2.788875 0.125785
v 0.004997 2.786700 0.174510
v -0.004783 2.563536 -0.062735
v -0.102262 2.786493 -0.093152
v -0.004996 2.786700 -0.141906
v 0.079009 2.563680 0.011565
v 0.079351 2.573174 0.011096
v 0.079452 2.570398 0.011200
v 0.057151 2.568847 -0.032993
v 0.057049 2.572737 -0.033008
v 0.109499 2.786166 -0.086252
v 0.109418 2.793344 -0.085402
v 0.157932 2.789533 0.010853
v 0.158232 2.786670 0.011324
v -0.079009 2.563680 0.021039
v -0.079129 2.572351 0.021583
v -0.079357 2.573126 0.021524
v -0.056841 2.566541 0.066083
v -0.056788 2.566223 0.065848
v -0.056395 2.564060 0.066084
v -0.056979 2.569527 0.065869
v -0.056841 2.566541 0.066083
v -0.056999 2.569139 0.065534
v -0.056958 2.569694 0.065862
v -0.109457 2.786545 0.118682
v -0.109608 2.789331 0.118190
v -0.109483 2.788875 0.118400
v -0.158208 2.786700 0.021299
v 0.049753 2.564121 -0.040233
v 0.004971 2.566523 -0.062939
v 0.005109 2.566164 -0.062704
v 0.004657 2.564060 -0.062655
v 0.004978 2.566503 -0.062942
v 0.005007 2.786696 -0.141879
v 0.101921 2.789563 -0.093395
v 0.102647 2.786379 -0.093219
v -0.049236 2.569226 0.073302
v -0.049772 2.563886 0.072760
v -0.049566 2.569666 0.073266
v -0.049858 2.570354 0.073405
v -0.004939 2.565212 0.095299
v -0.005418 2.575276 0.095539
v -0.005456 2.792308 0.174099
v -0.004995 2.786677 0.174499
v -0.102059 2.789137 0.125796
v -0.102320 2.786856 0.125793
v -0.056502 2.563799 -0.033463
v -0.078997 2.565212 0.011363
v -0.079236 2.575276 0.010884
v -0.158195 2.786680 0.011305
v -0.109697 2.789536 -0.085633
v -0.109521 2.786381 -0.086344
v 0.056996 2.569491 0.065880
v 0.056575 2.564821 0.066061
v 0.057052 2.569220 0.065838
v 0.079241 2.566523 0.021273
v 0.079006 2.566164 0.021411
v 0.078957 2.564060 0.020958
v 0.079244 2.566503 0.021280
v 0.157797 2.792308 0.021758
v 0.158197 2.786677 0.021297
v 0.109412 2.789088 0.118432
v 0.109521 2.786383 0.118946
v 0.049802 2.570222 0.073327
v 0.005439 2.575062 0.095557
v 0.005440 2.793332 0.173844
v 0.101837 2.792298 0.125915
v 0.101627 2.792605 0.125724
v -0.005439 2.575062 -0.062953
v -0.005465 2.792280 -0.141491
v -0.005489 2.792605 -0.141189
v -0.005470 2.792258 -0.141489
v -0.101686 2.793226 -0.093111
v 0.157793 2.792261 0.010836
v 0.157680 2.793744 0.010864
v -0.057223 2.575050 0.065805
v -0.057102 2.570354 0.066161
v -0.157793 2.792280 0.021768
v -0.157491 2.792605 0.021791
v -0.157791 2.792258 0.021772
v -0.109614 2.792286 0.118137
v -0.109422 2.792605 0.117929
v 0.005439 2.575063 -0.062953
v 0.049503 2.575049 -0.040921
v 0.101833 2.792276 -0.093313
v 0.101627 2.792605 -0.093120
v 0.005441 2.793323 -0.141239
v -0.049612 2.572625 0.073347
v -0.049494 2.574577 0.073591
v -0.049305 2.572600 0.073390
v -0.101685 2.793215 0.125716
v -0.101997 2.788403 0.125543
v -0.005489 2.792605 0.173793
v -0.057213 2.574913 -0.033230
v -0.109614 2.792287 -0.085533
v -0.109422 2.792605 -0.085325
v -0.157793 2.792280 0.010837
v -0.157792 2.792252 0.010832
v -0.157491 2.792605 0.010813
v 0.079121 2.572349 0.021582
v 0.079291 2.574577 0.021791
v 0.079356 2.573146 0.021517
v 0.057069 2.572712 0.065608
v 0.057289 2.574577 0.065796
v 0.109613 2.792299 0.118139
v 0.109422 2.792605 0.117929
v 0.109615 2.792276 0.118135
v 0.157491 2.792605 0.021791
v -0.049858 2.570354 0.073405
v 0.004519 2.773418 0.284481
v 0.000625 2.779298 0.288810
v 0.006776 2.773269 0.289007
v -0.004471 2.772755 0.293513
v -0.000145 2.778094 0.288462
v -0.006785 2.773232 0.289019
v 0.015711 2.266714 0.289008
v 0.010540 2.266880 0.299543
v -0.000001 2.266741 0.304604
v -0.004541 2.773441 0.284519
v -0.000013 2.773239 0.282222
v 0.004541 2.773441 0.293495
v 0.000196 2.779298 0.289631
v 0.000012 2.773233 0.295792
v 0.015443 2.307580 0.304390
v -0.000025 2.311025 0.312134
v 0.010537 2.266880 0.278466
v 0.000001 2.266741 0.273408
v -0.049486 2.358974 0.232148
v 0.057057 2.364999 0.239696
v 0.000002 2.311224 0.312133
v -0.109507 2.579055 0.186719
v -0.014883 2.282777 0.303404
v -0.014538 2.279790 0.303735
v -0.014646 2.279755 0.274353
v 0.014759 2.283636 0.303654
v 0.014552 2.279776 0.303675
v 0.014832 2.279902 0.303305
v 0.014636 2.279738 0.274349
v -0.011836 2.298996 0.301007
v -0.012109 2.298799 0.300652
v -0.012012 2.303937 0.300854
v -0.012122 2.297677 0.301127
v -0.011807 2.298826 0.301026
v -0.012117 2.298824 0.300658
v -0.011651 2.298825 0.276889
v -0.012101 2.304164 0.277362
v -0.012121 2.297677 0.276884
v -0.012020 2.298826 0.277199
v -0.011651 2.298825 0.276889
v 0.011824 2.301493 0.277226
v 0.011670 2.303426 0.301313
v 0.011656 2.298856 0.301126
v 0.012121 2.297677 0.301129
v -0.012088 2.303367 0.300996
v -0.012122 2.305311 0.276885
v -0.011807 2.304165 0.276986
v -0.012117 2.304167 0.277355
v 0.012122 2.305311 0.301127
v 0.012117 2.304167 0.300658
v 0.012117 2.304167 0.300658
v -0.015500 2.307592 0.304035
v -0.015252 2.307162 0.304408
v -0.015133 2.312896 0.304252
v -0.015163 2.313800 0.273447
v -0.015022 2.307146 0.273450
v 0.015204 2.307541 0.273376
v -0.015246 2.315800 0.304191
v -0.015257 2.313688 0.304405
v -0.015552 2.313696 0.304026
v -0.015253 2.309960 0.304295
v 0.015023 2.313733 0.273450
v 0.015304 2.314324 0.304301
v -0.000199 2.279960 0.267113
v 0.000379 2.279858 0.267210
v 0.000000 2.279804 0.310947
v -0.000001 2.301497 0.271307
v -0.000002 2.297683 0.307150
v 0.000125 2.298873 0.306846
v -0.000309 2.298825 0.306794
v 0.000332 2.304261 0.306739
v -0.000306 2.298787 0.306780
v 0.000302 2.304099 0.306803
v 0.000003 2.305305 0.307150
v -0.000000 2.310412 0.265794
v -0.000298 2.310987 0.312074
v 0.000089 2.307156 0.311977
v -0.021889 2.280007 0.289212
v -0.021525 2.277816 0.288830
v 0.021941 2.279792 0.289005
v -0.018144 2.297683 0.289004
v -0.017840 2.298873 0.289131
v -0.017788 2.298825 0.288697
v -0.017820 2.304096 0.289023
v -0.017788 2.298825 0.288697
v 0.018144 2.297683 0.289009
v 0.017803 2.298942 0.289301
v 0.017775 2.298787 0.289312
v -0.017788 2.304167 0.289316
v -0.018144 2.305305 0.289009
v -0.017788 2.304167 0.289316
v 0.017926 2.304708 0.288992
v -0.023106 2.311324 0.288713
v -0.022883 2.307114 0.288629
v 0.023090 2.307775 0.288978
v -0.022887 2.313812 0.289378
v 0.022887 2.313812 0.288634
v -0.015602 2.266557 0.289005
v -0.010537 2.266880 0.299546
v 0.000001 2.266557 0.273404
v -0.010540 2.266880 0.278469
v -0.000001 2.266557 0.304608
v -0.000086 2.314983 0.311688
v 0.005622 2.316417 0.305888
v -0.000126 2.293200 0.267077
v 0.000099 2.282913 0.267016
v -0.000006 2.295905 0.310881
v -0.021874 2.295905 0.289000
v -0.021990 2.282913 0.288908
v 0.021929 2.293200 0.288880
v -0.050688 2.342863 0.339219
v -0.049971 2.343186 0.340109
v -0.051876 2.346672 0.340883
v -0.049971 2.343186 0.237903
v -0.050694 2.342551 0.238791
v -0.051876 2.346672 0.237130
v 0.050692 2.342542 0.238788
v 0.049971 2.343186 0.237903
v 0.051877 2.346672 0.237130
v 0.050222 2.342542 0.339695
v 0.051103 2.343186 0.338977
v 0.051877 2.346672 0.340883
v -0.000516 2.342675 0.213345
v 0.000000 2.346672 0.211191
v -0.000228 2.342676 0.364640
v 0.000802 2.343187 0.364693
v 0.000000 2.346672 0.366821
v -0.075687 2.343186 0.288204
v -0.075611 2.342919 0.289531
v -0.077815 2.346672 0.289006
v 0.075665 2.342676 0.288491
v 0.077815 2.346672 0.289006
v -0.000372 2.315081 0.311621
v -0.001801 2.313696 0.311168
v -0.009129 2.736030 0.289006
v -0.006101 2.736034 0.282905
v 0.000000 2.736030 0.279878
v 0.006101 2.736034 0.282905
v 0.009129 2.736030 0.289006
v 0.006101 2.736040 0.295108
v 0.000000 2.736030 0.298135
v -0.006124 2.736059 0.295135
v -0.009111 2.751142 0.289006
v -0.006093 2.751138 0.282914
v 0.000000 2.751142 0.279896
v 0.006093 2.751138 0.282913
v 0.009111 2.751142 0.289006
v 0.006093 2.751147 0.295099
v 0.000000 2.751143 0.298117
v -0.006123 2.751124 0.295133
v -0.006850 2.757698 0.289010
v -0.004570 2.757727 0.284439
v -0.000003 2.757698 0.282157
v 0.004569 2.757726 0.284437
v 0.006848 2.757704 0.289007
v 0.004570 2.757727 0.293574
v 0.000003 2.757698 0.295856
v -0.004567 2.757727 0.293577
v -0.004548 2.773587 0.293593
v -0.044327 2.671770 0.333336
v -0.043241 2.674687 0.332722
v -0.044158 2.671918 0.244755
v 0.044251 2.671918 0.244849
v 0.044158 2.671918 0.333258
v 0.039807 2.687978 0.249231
v -0.042168 2.680831 0.330620
v -0.040952 2.683185 0.330428
v -0.041842 2.683130 0.329347
v -0.040954 2.683321 0.330432
v -0.042168 2.680831 0.330620
v 0.068215 2.630969 0.222265
v 0.066741 2.630969 0.357220
v -0.066741 2.630970 0.220793
v -0.051832 2.666777 0.237117
v -0.062077 2.641193 0.351667
v -0.052382 2.666063 0.341386
v -0.016934 2.708859 0.305931
v -0.007433 2.714531 0.296439
v -0.007639 2.715403 0.295982
v -0.007469 2.714718 0.296440
v 0.004885 2.710792 0.268280
v 0.007433 2.714525 0.281573
v 0.007639 2.715403 0.282031
v 0.006976 2.715403 0.281367
v 0.051832 2.666777 0.340896
v -0.001078 2.686970 0.229004
v -0.039911 2.687735 0.249230
v 0.000195 2.700530 0.334070
v 0.039911 2.687735 0.328783
v 0.001076 2.683263 0.350703
v 0.000118 2.640208 0.194843
v -0.000118 2.640208 0.383170
v 0.051890 2.666777 0.237174
v -0.060021 2.686912 0.290084
v -0.041842 2.683130 0.329347
v -0.040363 2.685104 0.329370
v -0.033181 2.695826 0.322265
v 0.061706 2.683234 0.287931
v 0.045049 2.700538 0.288801
v -0.020727 2.710792 0.284121
v 0.094164 2.640208 0.289125
v -0.094163 2.640208 0.288888
v 0.004784 2.355825 0.368043
v 0.049356 2.360667 0.346061
v 0.049502 2.367501 0.346205
v 0.102380 2.578834 0.398463
v 0.102093 2.581220 0.398499
v 0.102098 2.581164 0.398490
v 0.004997 2.578989 0.447214
v -0.004783 2.355826 0.209970
v -0.102261 2.578794 0.179553
v -0.004996 2.578989 0.130799
v 0.079009 2.355969 0.284269
v 0.079351 2.365463 0.283800
v 0.079452 2.362687 0.283904
v 0.057151 2.361137 0.239712
v 0.109499 2.578455 0.186454
v 0.109419 2.585608 0.187304
v 0.157932 2.581822 0.283558
v 0.158232 2.578959 0.284028
v -0.079009 2.355969 0.293743
v -0.079129 2.364640 0.294287
v -0.079357 2.365415 0.294228
v -0.056841 2.358830 0.338788
v -0.056788 2.358512 0.338552
v -0.056395 2.356349 0.338788
v -0.056979 2.361816 0.338574
v -0.056841 2.358830 0.338788
v -0.056999 2.361427 0.338238
v -0.056958 2.361982 0.338567
v -0.109457 2.578834 0.391386
v -0.109608 2.581621 0.390894
v -0.109483 2.581164 0.391104
v -0.158208 2.578989 0.294003
v 0.049747 2.356713 0.232465
v 0.004971 2.358811 0.209765
v 0.005109 2.358453 0.210000
v 0.004657 2.356349 0.210049
v 0.004978 2.358791 0.209763
v 0.005007 2.578985 0.130825
v 0.101861 2.583861 0.179372
v 0.102647 2.578668 0.179485
v -0.049236 2.361515 0.346006
v -0.049772 2.356175 0.345464
v -0.049566 2.361955 0.345971
v -0.049858 2.362642 0.346109
v -0.004939 2.357501 0.368003
v -0.005418 2.367565 0.368243
v -0.005456 2.584597 0.446803
v -0.004995 2.578966 0.447204
v -0.102059 2.581426 0.398500
v -0.102321 2.579145 0.398498
v -0.056502 2.356088 0.239242
v -0.078997 2.357501 0.284067
v -0.079236 2.367565 0.283589
v -0.158195 2.578969 0.284009
v -0.109639 2.583727 0.187146
v 0.056996 2.361780 0.338584
v 0.056575 2.357111 0.338765
v 0.057052 2.361508 0.338542
v 0.079241 2.358812 0.293977
v 0.079006 2.358453 0.294116
v 0.078957 2.356349 0.293663
v 0.079244 2.358792 0.293984
v 0.157797 2.584597 0.294463
v 0.158197 2.578966 0.294002
v 0.109412 2.581377 0.391136
v 0.109521 2.578672 0.391650
v 0.049802 2.362511 0.346031
v 0.005439 2.367351 0.368262
v 0.005440 2.585621 0.446548
v 0.101837 2.584588 0.398619
v 0.101627 2.584894 0.398429
v -0.049502 2.367342 0.231783
v -0.005439 2.367351 0.209751
v -0.005465 2.584569 0.131213
v -0.005489 2.584894 0.131515
v -0.005470 2.584547 0.131215
v -0.101686 2.585515 0.179593
v 0.157793 2.584550 0.283540
v 0.157680 2.586033 0.283568
v -0.057223 2.367340 0.338509
v -0.057102 2.362642 0.338865
v -0.157793 2.584569 0.294472
v -0.157491 2.584894 0.294495
v -0.157791 2.584548 0.294476
v -0.109614 2.584575 0.390841
v -0.109422 2.584894 0.390633
v 0.005439 2.367352 0.209751
v 0.049503 2.367339 0.231783
v 0.101837 2.584572 0.179393
v 0.101833 2.584565 0.179392
v 0.101627 2.584894 0.179584
v 0.005441 2.585612 0.131466
v -0.049612 2.364913 0.346051
v -0.049494 2.366866 0.346295
v -0.049305 2.364889 0.346094
v -0.101685 2.585504 0.398420
v -0.101997 2.580692 0.398247
v -0.005489 2.584894 0.446498
v -0.057198 2.367337 0.239472
v -0.109614 2.584576 0.187171
v -0.109422 2.584894 0.187379
v -0.157793 2.584569 0.283541
v -0.157791 2.584540 0.283537
v -0.157491 2.584894 0.283518
v 0.079121 2.364638 0.294286
v 0.079291 2.366866 0.294495
v 0.079356 2.365435 0.294221
v 0.057069 2.365001 0.338312
v 0.057289 2.366866 0.338500
v 0.109613 2.584588 0.390843
v 0.109422 2.584894 0.390633
v 0.109615 2.584565 0.390839
v 0.157491 2.584894 0.294495
v -0.049858 2.362642 0.346109
v -0.046800 1.653552 -0.006836
v -0.035735 1.653726 0.043539
v -0.019526 1.653664 0.053778
v 0.019428 1.653647 -0.038178
v 0.045999 1.653663 0.027244
v 0.030772 1.813171 0.023550
v 0.032961 1.812552 0.010393
v 0.030759 1.837499 -0.002894
v -0.030759 1.837500 0.023746
v -0.013320 1.837499 -0.020333
v -0.018033 1.886484 0.052673
v -0.032255 1.877030 -0.021829
v 0.018033 1.886484 -0.031821
v 0.042247 1.886484 0.028459
v -0.042247 1.886484 -0.007607
v -0.035862 1.903391 0.046279
v -0.028616 1.991265 0.022582
v 0.012051 1.993464 0.038756
v -0.041541 2.042122 -0.004699
v 0.031678 0.714925 -0.028363
v -0.027713 0.705008 0.031029
v 0.040248 0.722436 0.003309
v 0.037464 0.722324 0.019309
v -0.031678 0.714925 -0.028363
v -0.015112 0.695322 0.038501
v -0.028629 0.549023 0.030235
v -0.029631 0.536081 0.031219
v -0.020513 0.286811 -0.047906
v -0.037543 0.289759 -0.037421
v 0.020513 0.286811 0.048150
v 0.037543 0.289759 0.037665
v -0.048031 0.286738 0.020598
v -0.037485 0.287188 0.037608
v 0.048000 0.286677 -0.020408
v -0.084315 0.192514 0.035940
v 0.084315 0.192514 -0.035695
v -0.035817 0.192514 -0.084193
v 0.035817 0.192514 0.084437
v -0.031370 0.152527 0.031511
v -0.031536 0.148842 -0.031414
v 0.021907 0.100313 0.050972
v -0.051134 0.100313 0.021745
v 0.051134 0.100313 -0.022069
v -0.021843 0.100260 -0.051340
v 0.047214 0.072940 0.019860
v 0.020022 0.072940 -0.047376
v -0.020145 0.072896 0.047035
v -0.047214 0.072940 -0.020183
v -0.101092 -0.004500 0.100895
v -0.101092 -0.004500 0.100895
v -0.121303 -0.004879 0.031533
v -0.032554 2.043912 -0.020282
v 0.018038 2.089258 -0.033939
v -0.032961 2.057706 0.061677
v 0.044952 2.070925 0.061063
v 0.011962 2.423896 -0.012833
v -0.006247 2.461945 0.020462
v -0.008057 2.473906 0.015860
v -0.000394 2.139634 -0.119373
v -0.016368 2.152324 -0.122215
v -0.013233 2.161853 -0.128349
v 0.034965 2.128141 -0.096917
v -0.008598 2.113140 -0.056953
v 0.005828 2.098627 -0.118961
v 0.014692 2.097753 -0.056299
v 0.013439 2.189270 -0.106567
v -0.008257 2.192802 -0.107682
v 0.004934 2.194882 -0.109608
v -0.010743 2.193265 -0.116617
v -0.007821 2.186628 -0.148111
v -0.008884 2.177116 -0.139864
v -0.014584 2.174647 -0.131675
v 0.012693 2.191618 -0.144800
v 0.011954 2.212840 -0.315862
v 0.006373 2.230271 -0.267083
v -0.016067 2.219116 -0.255569
v -0.008815 2.207427 -0.317041
v 0.019384 2.052063 0.078707
v 0.029691 2.060356 0.076263
v -0.027426 2.074815 0.074657
v 0.013272 2.168330 0.153302
v -0.034968 2.129919 0.121284
v 0.008532 2.112635 0.080967
v 0.011696 2.061400 0.096976
v 0.011718 2.175044 0.157475
v 0.010672 2.180571 0.161594
v 0.010755 2.196955 0.141264
v -0.013385 2.191556 0.165358
v -0.006383 2.229439 0.301078
v 0.003060 2.216375 0.341309
v -0.007705 2.222164 0.339838
v -0.010410 2.373347 0.000330
v 0.006456 2.365550 0.029924
v -0.006401 2.365593 -0.000082
v -0.010745 2.270059 -0.247142
v -0.009131 2.189464 0.145237
v 0.022101 2.171507 0.132893
v -0.009411 2.190598 0.128416
v -0.018634 2.175168 0.148283
v 0.026713 2.096694 0.096786
v 0.025975 2.102646 0.100475
v 0.031949 2.104272 0.132585
v 0.016204 2.051038 0.092477
v 0.007984 2.184465 -0.121007
v -0.026780 2.096664 -0.072663
v -0.026035 2.102578 -0.076351
v 0.009126 2.113764 -0.079714
v -0.016507 2.047227 -0.067597
v 0.015840 2.207886 -0.252359
v 0.013778 2.238645 -0.256540
v -0.005852 2.269209 0.298002
v -0.018039 2.089375 -0.033940
v 0.057968 -0.003039 0.135624
v 0.105983 0.010339 0.105826
v -0.105983 0.010341 -0.106150
v -0.135838 -0.002418 0.057827
v -0.017055 0.542659 -0.038350
v 0.039961 0.542659 -0.015444
v 0.037569 0.721989 0.019358
v -0.014411 2.278065 -0.239261
v -0.014509 2.279782 -0.238976
v -0.014832 2.279796 -0.239373
v -0.014832 2.279796 -0.239373
v 0.014832 2.279796 -0.239373
v 0.014411 2.278065 -0.268083
v -0.014569 2.295944 -0.239168
v -0.014618 2.295872 -0.239201
v -0.014565 2.293395 -0.238921
v -0.014456 2.295095 -0.239264
v -0.014436 2.294683 -0.239303
v -0.014813 2.296259 -0.267896
v -0.014778 2.295914 -0.267917
v -0.014717 2.292697 -0.268277
v 0.014360 2.296998 -0.268032
v 0.014241 2.295900 -0.268447
v 0.014538 2.296153 -0.239066
v -0.015146 2.305931 -0.238526
v -0.015252 2.307057 -0.238270
v -0.015552 2.307076 -0.238653
v -0.015029 2.306673 -0.269254
v -0.015552 2.313590 -0.238653
v -0.015257 2.313582 -0.238274
v -0.015225 2.316028 -0.238548
v -0.013414 2.317307 -0.269247
v -0.015552 2.313590 -0.268692
v -0.015552 2.313590 -0.268692
v 0.015029 2.313992 -0.269255
v 0.000377 2.279796 -0.275465
v 0.000219 2.295768 -0.275484
v -0.000375 2.295850 -0.275373
v 0.000000 2.296992 -0.275206
v -0.000375 2.295850 -0.275373
v -0.000377 2.307076 -0.230799
v -0.000377 2.307076 -0.230799
v -0.021793 2.279796 -0.254049
v 0.021812 2.295768 -0.253453
v 0.021701 2.295850 -0.254047
v 0.021534 2.296992 -0.253672
v 0.021701 2.295850 -0.254047
v -0.022713 2.305935 -0.253672
v -0.022874 2.313590 -0.253295
v -0.022384 2.316638 -0.254395
v 0.022874 2.313590 -0.254049
v 0.022481 2.316326 -0.253144
v -0.010537 2.266774 -0.243132
v -0.049971 2.343081 -0.202569
v -0.050688 2.342757 -0.203459
v -0.049437 2.341403 -0.204234
v -0.051103 2.343081 -0.303643
v -0.049437 2.341403 -0.303109
v 0.049971 2.343081 -0.304775
v 0.051103 2.343081 -0.203701
v 0.000802 2.343081 -0.177985
v -0.074227 2.341476 -0.253672
v -0.075687 2.343081 -0.254474
v -0.000625 2.779192 -0.253476
v 0.000196 2.779192 -0.253047
v -0.000196 2.779192 -0.254297
v -0.006128 2.735938 -0.247548
v -0.006127 2.750997 -0.247549
v -0.004567 2.757622 -0.249102
v -0.041842 2.683024 -0.213331
v -0.040952 2.683079 -0.212251
v 0.000305 2.666391 -0.331030
v -0.001053 2.671755 -0.319765
v 0.000244 2.671727 -0.319917
v -0.000304 2.666391 -0.176314
v 0.001053 2.671755 -0.187578
v -0.000244 2.671727 -0.187426
v -0.077358 2.666391 -0.253976
v -0.066093 2.671755 -0.252619
v -0.066245 2.671727 -0.253916
v 0.077359 2.666391 -0.253368
v 0.066093 2.671755 -0.254725
v 0.066246 2.671727 -0.253428
v -0.077805 2.617279 -0.175867
v -0.062055 2.640945 -0.191033
v -0.043231 2.674273 -0.209963
v -0.033204 2.696606 -0.220394
v 0.007636 2.715642 -0.246670
v -0.007639 2.715297 -0.260648
v -0.007433 2.714419 -0.261105
v -0.006975 2.715297 -0.261311
v -0.000071 2.617140 -0.136901
v 0.000071 2.617140 -0.370443
v -0.000439 2.715433 -0.264570
v 0.001062 2.712403 -0.242219
v 0.000000 2.712403 -0.241999
v -0.000442 2.714716 -0.242786
v -0.116771 2.617140 -0.253743
v 0.116771 2.617140 -0.253601
v -0.011434 2.711986 -0.252652
v -0.011673 2.712403 -0.253672
v -0.010901 2.715054 -0.254113
v 0.011088 2.714314 -0.253672
v 0.010886 2.714716 -0.253230
v -0.102111 2.581207 -0.144201
v 0.101833 2.584459 -0.144057
v 0.057289 2.366760 -0.303166
v 0.057088 2.364783 -0.302977
v 0.079291 2.366760 -0.259161
v 0.079356 2.365329 -0.258886
v -0.079291 2.366760 -0.248183
v -0.079356 2.365329 -0.248458
v -0.049305 2.364783 -0.196584
v -0.049563 2.361797 -0.196716
v -0.005470 2.584442 -0.095881
v 0.079356 2.365329 -0.248458
v 0.057088 2.364783 -0.204367
v 0.157791 2.584442 -0.248202
v -0.000195 2.987010 0.015679
v -0.014299 2.487613 0.031134
v -0.014696 2.487598 0.030811
v 0.014832 2.487613 0.030601
v -0.014569 2.503761 0.030806
v -0.014618 2.503688 0.030773
v -0.014565 2.501212 0.031053
v -0.014456 2.502912 0.030710
v -0.014436 2.502501 0.030671
v -0.014813 2.504076 0.002078
v -0.014778 2.503731 0.002057
v -0.014717 2.500514 0.001697
v 0.014360 2.504815 0.001942
v 0.014241 2.503717 0.001527
v 0.014605 2.500514 0.001584
v 0.014538 2.503970 0.030908
v -0.015188 2.515474 0.031549
v -0.015146 2.513747 0.031448
v -0.015252 2.514874 0.031704
v -0.015552 2.514893 0.031321
v -0.015029 2.514490 0.000720
v -0.015552 2.521407 0.031322
v -0.015257 2.521399 0.031700
v -0.015225 2.523845 0.031426
v -0.013414 2.525125 0.000727
v -0.015552 2.521407 0.001282
v -0.015552 2.521407 0.001282
v 0.015029 2.521808 0.000719
v 0.000377 2.487613 -0.005491
v 0.000377 2.487613 -0.005491
v 0.000219 2.503585 -0.005510
v -0.000375 2.503667 -0.005399
v 0.000000 2.504809 -0.005232
v -0.000375 2.503667 -0.005399
v 0.000084 2.514851 0.039273
v -0.000377 2.514893 0.039176
v -0.000377 2.514893 0.039176
v -0.021793 2.487613 0.015925
v 0.021812 2.503585 0.016521
v 0.021701 2.503667 0.015927
v 0.021534 2.504809 0.016302
v 0.021701 2.503667 0.015927
v -0.022713 2.513752 0.016302
v -0.022874 2.521407 0.016679
v -0.022384 2.524455 0.015579
v 0.022874 2.521407 0.015925
v 0.022481 2.524143 0.016830
v -0.010537 2.474591 0.026842
v -0.049971 2.550897 0.067405
v -0.050688 2.550574 0.066515
v -0.049437 2.549220 0.065739
v -0.049971 2.550897 -0.034801
v 0.051103 2.550897 0.066273
v -0.000802 2.550897 -0.059385
v -0.074227 2.549293 0.016302
v -0.075687 2.550897 0.015500
v -0.006128 2.943729 0.022426
v -0.006124 2.958444 0.022423
v -0.004570 2.965438 0.020870
v -0.041842 2.890841 0.056643
v -0.040952 2.890896 0.057723
v 0.000305 2.874209 -0.061056
v -0.001053 2.879572 -0.049791
v 0.000244 2.879544 -0.049943
v -0.000304 2.874208 0.093660
v 0.001053 2.879572 0.082396
v -0.000223 2.879542 0.082546
v -0.077358 2.874208 0.015998
v -0.066093 2.879572 0.017355
v -0.066243 2.879542 0.016079
v 0.077358 2.874208 0.016606
v 0.066093 2.879572 0.015249
v 0.066246 2.879544 0.016546
v -0.077805 2.825096 0.094107
v -0.062055 2.848762 0.078941
v -0.033204 2.904423 0.049580
v 0.007636 2.923459 0.023304
v -0.007639 2.923114 0.009326
v -0.007433 2.922235 0.008869
v -0.006975 2.923114 0.008663
v -0.000071 2.824957 0.133073
v 0.000071 2.824957 -0.100469
v -0.000439 2.923250 0.005404
v 0.001062 2.920220 0.027755
v 0.000000 2.920220 0.027975
v -0.000442 2.922533 0.027188
v -0.116771 2.824956 0.016232
v 0.116771 2.824957 0.016373
v -0.011434 2.919802 0.017322
v -0.011673 2.920220 0.016302
v -0.010901 2.922871 0.015861
v 0.011088 2.922131 0.016302
v 0.010886 2.922533 0.016744
v -0.102111 2.789024 0.125773
v 0.101833 2.792276 0.125917
v -0.049494 2.574577 -0.040987
v 0.057289 2.574577 -0.033192
v 0.057088 2.572600 -0.033003
v 0.079291 2.574577 0.010813
v 0.079356 2.573146 0.011088
v -0.079291 2.574577 0.021791
v -0.079356 2.573146 0.021517
v -0.049305 2.572600 0.073390
v -0.049563 2.569614 0.073258
v -0.005470 2.792258 0.174093
v 0.079356 2.573146 0.021517
v 0.057088 2.572600 0.065608
v 0.157791 2.792258 0.021772
v -0.014411 2.278171 0.303417
v -0.014509 2.279887 0.303702
v -0.014832 2.279902 0.303305
v -0.014832 2.279902 0.303305
v 0.014832 2.279902 0.303305
v -0.014569 2.296050 0.303510
v -0.014618 2.295978 0.303477
v -0.014565 2.293501 0.303757
v -0.014456 2.295201 0.303415
v -0.014436 2.294789 0.303375
v -0.014813 2.296365 0.274782
v -0.014778 2.296020 0.274761
v -0.014717 2.292803 0.274402
v 0.014360 2.297103 0.274646
v 0.014241 2.296006 0.274231
v 0.014605 2.292803 0.274289
v 0.014538 2.296259 0.303612
v -0.015146 2.306036 0.304152
v -0.015252 2.307162 0.304408
v -0.015552 2.307182 0.304026
v -0.015029 2.306779 0.273424
v -0.015552 2.313696 0.304026
v -0.015257 2.313688 0.304405
v -0.015225 2.316134 0.304130
v -0.013414 2.317413 0.273432
v -0.015552 2.313696 0.273987
v -0.015552 2.313696 0.273987
v 0.015029 2.314097 0.273424
v 0.000377 2.279902 0.267213
v 0.000219 2.295874 0.267194
v -0.000375 2.295956 0.267305
v 0.000000 2.297098 0.267472
v -0.000375 2.295956 0.267305
v -0.000377 2.307182 0.311880
v -0.000377 2.307182 0.311880
v -0.021793 2.279902 0.288629
v -0.021793 2.279902 0.288629
v 0.021812 2.295874 0.289225
v 0.021701 2.295956 0.288631
v 0.021534 2.297098 0.289006
v 0.021701 2.295956 0.288631
v -0.022713 2.306041 0.289006
v -0.022874 2.313696 0.289383
v -0.022384 2.316744 0.288283
v 0.022874 2.313696 0.288630
v 0.022481 2.316432 0.289534
v -0.010537 2.266880 0.299546
v -0.049971 2.343186 0.340109
v -0.050688 2.342863 0.339219
v -0.049437 2.341509 0.338444
v -0.049971 2.343186 0.237903
v 0.049971 2.343186 0.237903
v 0.051103 2.343186 0.338977
v 0.000802 2.343187 0.364693
v -0.074227 2.341582 0.289006
v -0.075687 2.343186 0.288204
v -0.000625 2.779298 0.289202
v 0.000196 2.779298 0.289631
v -0.000196 2.779298 0.288381
v -0.006128 2.736043 0.295130
v -0.006127 2.751102 0.295129
v -0.004567 2.757727 0.293577
v -0.041842 2.683130 0.329347
v -0.040952 2.683185 0.330428
v 0.000305 2.666497 0.211648
v -0.001053 2.671861 0.222913
v 0.000244 2.671833 0.222761
v -0.000304 2.666497 0.366365
v 0.001053 2.671861 0.355100
v -0.000244 2.671833 0.355252
v -0.077358 2.666497 0.288702
v -0.066093 2.671861 0.290060
v -0.066245 2.671833 0.288762
v 0.077359 2.666497 0.289310
v 0.066093 2.671861 0.287953
v 0.066246 2.671833 0.289250
v -0.077805 2.617385 0.366811
v -0.062055 2.641050 0.351645
v -0.043231 2.674379 0.332715
v -0.033204 2.696712 0.322285
v 0.007636 2.715748 0.296008
v -0.007639 2.715403 0.282031
v -0.007433 2.714525 0.281573
v -0.006975 2.715403 0.281367
v -0.000070 2.617246 0.405777
v 0.000071 2.617245 0.172235
v -0.000439 2.715539 0.278109
v 0.001062 2.712509 0.300459
v 0.000000 2.712509 0.300679
v -0.000442 2.714822 0.299892
v -0.116771 2.617246 0.288936
v 0.116771 2.617246 0.289077
v -0.011434 2.712091 0.290026
v -0.011673 2.712509 0.289006
v -0.010901 2.715160 0.288566
v 0.011088 2.714420 0.289006
v 0.010886 2.714822 0.289448
v -0.102111 2.581313 0.398477
v 0.101833 2.584565 0.398621
v 0.057289 2.366866 0.239513
v 0.057088 2.364889 0.239701
v 0.079291 2.366866 0.283517
v 0.079356 2.365435 0.283792
v -0.079291 2.366866 0.294495
v -0.079356 2.365435 0.294221
v -0.049305 2.364889 0.346094
v -0.049563 2.361903 0.345962
v -0.005470 2.584548 0.446798
v 0.079356 2.365435 0.294221
v 0.057088 2.364889 0.338312
v 0.157791 2.584548 0.294476
v -0.037433 1.282464 0.005999
v -0.034895 1.282528 0.020894
v -0.034866 1.283107 -0.008882
v -0.027559 1.147822 0.032917
v -0.027585 1.470640 0.034570
v -0.036611 1.564156 0.022925
v -0.039237 1.564350 0.007291
v -0.035699 1.497985 -0.008107
v -0.027863 1.497985 -0.020732
v -0.027201 1.283722 -0.021200
v -0.028993 0.755543 -0.025565
v -0.037140 0.756480 -0.012419
v 0.000000 1.269084 -0.031488
v -0.014855 1.284136 -0.028845
v 0.014855 1.284137 -0.028845
v -0.015860 0.754829 -0.033727
v -0.015238 1.497985 -0.028569
v 0.000000 1.497985 -0.031181
v 0.015238 1.497985 -0.028569
v 0.027229 1.279111 -0.021213
v 0.027863 1.497985 -0.020732
v 0.029243 0.722410 -0.025947
v 0.016089 0.721883 -0.034233
v 0.000000 0.723470 -0.036948
v 0.037433 1.282463 0.005999
v 0.034866 1.283106 -0.008882
v 0.034895 1.282526 0.020894
v 0.037526 0.722473 -0.012687
v 0.027209 1.287581 -0.021152
v 0.027863 1.497985 -0.020732
v 0.035699 1.497985 -0.008107
v 0.038312 1.497985 0.007131
v 0.035699 1.497985 0.022368
v 0.027234 1.279366 0.033253
v 0.027863 1.497985 0.034994
v 0.029104 0.733365 0.032432
v 0.000000 1.293524 0.043524
v 0.014923 1.282036 0.040906
v -0.014923 1.282035 0.040906
v 0.015943 0.722577 0.040786
v 0.027220 1.284020 0.033262
v 0.027863 1.497985 0.034994
v 0.015238 1.497985 0.042830
v 0.000000 1.497985 0.045442
v -0.015238 1.497985 0.042830
v -0.027863 1.497985 0.034994
v -0.027220 1.284024 0.033262
v -0.029258 0.722580 0.032565
v -0.015943 0.722577 0.040786
v 0.000000 0.722041 0.043513
v -0.016166 0.721222 -0.034344
v -0.029319 0.723253 -0.026005
v -0.028993 0.755543 -0.025565
v -0.049376 1.653561 0.007750
v -0.016744 1.661324 0.048638
v 0.000000 1.662032 0.051249
v 0.016744 1.661324 0.048638
v 0.000000 1.653582 0.057182
v 0.030819 1.662066 0.039513
v 0.027718 1.691141 0.037117
v -0.000000 1.704751 0.046404
v -0.027718 1.691140 0.037117
v -0.030819 1.662066 0.039513
v -0.000000 1.649297 0.053228
v 0.033161 1.649855 0.041047
v -0.000000 1.653594 -0.041583
v 0.000000 1.649299 -0.037493
v 0.049376 1.653561 0.007750
v 0.045361 1.649298 0.007868
v 0.033171 1.649835 -0.025284
v 0.036978 1.701862 0.009646
v 0.034431 1.701897 0.024334
v 0.034461 1.702178 -0.005056
v 0.026783 1.704443 0.036390
v 0.027823 1.690104 -0.018328
v 0.025568 1.741838 -0.015611
v 0.024009 1.807356 0.034394
v 0.017090 1.660874 -0.031409
v -0.000000 1.659022 -0.035677
v -0.017090 1.660874 -0.031409
v 0.000000 1.676708 -0.030546
v -0.032210 1.658736 -0.023773
v -0.028604 1.679641 -0.019420
v -0.015245 1.688614 -0.026361
v 0.015245 1.688614 -0.026361
v 0.031289 1.661490 -0.022198
v 0.042756 1.661422 0.009035
v 0.039741 1.661392 0.025965
v 0.039950 1.661459 -0.008010
v 0.031025 1.661852 0.039691
v -0.039950 1.661459 -0.008010
v -0.042756 1.661422 0.009035
v -0.039741 1.661391 0.025965
v -0.031025 1.661853 0.039691
v -0.034431 1.701897 0.024334
v -0.026783 1.704443 0.036390
v -0.036978 1.701862 0.009646
v -0.030842 1.661970 -0.022149
v -0.013266 1.813323 0.041168
v 0.000000 1.813236 0.043490
v 0.013266 1.813323 0.041168
v 0.024047 1.809814 0.034451
v 0.024346 1.815329 0.034771
v -0.024026 1.812073 0.034450
v -0.034461 1.702178 -0.005056
v -0.026517 1.714834 -0.016830
v -0.024014 1.812222 0.034429
v -0.014659 1.701578 0.044062
v 0.014659 1.701578 0.044062
v 0.025485 1.744033 0.035440
v -0.025485 1.744031 0.035440
v 0.014024 1.741187 -0.022824
v -0.000000 1.722261 -0.026229
v -0.014024 1.741187 -0.022824
v -0.025637 1.736005 -0.015732
v -0.013051 1.812713 -0.020305
v 0.000000 1.824593 -0.028283
v 0.015448 1.824761 -0.025634
v -0.015448 1.824761 -0.025634
v -0.028140 1.824752 -0.017714
v 0.028137 1.824730 -0.017711
v 0.023921 1.812955 -0.013588
v -0.000000 1.812338 -0.022517
v 0.013051 1.812713 -0.020305
v -0.024066 1.813023 -0.013655
v 0.030676 1.812748 -0.002764
v -0.030676 1.812748 -0.002764
v -0.024018 1.808561 -0.013617
v 0.028099 1.824988 0.038524
v 0.028105 1.824764 0.038531
v 0.024031 1.837326 -0.013605
v 0.024005 1.838499 0.034428
v 0.027738 1.822870 0.038164
v -0.038709 1.824593 0.010426
v -0.036060 1.824761 -0.005023
v -0.036060 1.824761 0.025874
v -0.028121 1.824742 0.038548
v -0.000000 1.824592 0.049135
v -0.015448 1.824761 0.046486
v 0.015448 1.824761 0.046486
v -0.028122 1.824742 0.038547
v -0.013320 1.837500 0.041185
v -0.000000 1.836747 0.043597
v 0.013320 1.837500 0.041185
v -0.000000 1.851216 0.043841
v -0.013196 1.851641 0.041684
v 0.013196 1.851641 0.041684
v -0.024002 1.838499 0.034431
v 0.024002 1.838499 0.034431
v 0.024260 1.850859 0.034686
v -0.024261 1.850961 0.034684
v -0.024005 1.838499 0.034428
v -0.023988 1.838313 -0.013552
v -0.025772 1.830826 -0.015346
v 0.033415 1.851216 0.010426
v 0.031258 1.851641 0.023622
v 0.031258 1.851641 -0.002770
v 0.024432 1.852090 -0.014006
v 0.040767 1.872470 -0.007002
v 0.031774 1.872388 -0.021348
v 0.043612 1.871901 0.010426
v 0.040767 1.872470 0.027853
v 0.031854 1.872651 0.042284
v 0.000000 1.851216 -0.022989
v 0.013196 1.851641 -0.020832
v -0.013196 1.851641 -0.020832
v -0.024123 1.848386 -0.013697
v -0.033415 1.851216 0.010426
v -0.031258 1.851641 -0.002770
v -0.031258 1.851641 0.023622
v -0.023959 1.841197 -0.013529
v -0.024258 1.850961 0.034687
v -0.025286 1.855050 -0.014861
v -0.040767 1.872470 0.027853
v -0.031880 1.873019 0.042306
v -0.043612 1.871901 0.010426
v -0.040767 1.872470 -0.007002
v -0.026548 1.858005 -0.016130
v 0.017427 1.872470 0.051193
v -0.000000 1.871901 0.054038
v -0.017427 1.872470 0.051193
v -0.031880 1.873019 0.042306
v -0.017427 1.872470 -0.030341
v -0.000000 1.871901 -0.033186
v 0.017427 1.872470 -0.030341
v 0.000000 1.886529 0.055747
v -0.031280 1.870701 -0.020854
v 0.033097 1.887207 0.043523
v 0.035072 1.894900 -0.024646
v 0.035152 1.895759 0.045577
v 0.035061 1.894811 0.045488
v 0.000000 1.886529 -0.034895
v -0.045321 1.886529 0.010426
v -0.049735 1.906641 0.010426
v -0.035041 1.894711 -0.024616
v -0.033478 1.888811 -0.023052
v 0.036511 1.907499 0.046937
v 0.039599 1.912757 0.050023
v -0.000000 1.906642 -0.039309
v -0.035340 1.897868 -0.024914
v 0.049735 1.906642 0.010426
v 0.050959 1.914487 0.032222
v 0.054690 1.914811 0.010426
v 0.050959 1.914487 -0.011370
v 0.039652 1.913797 0.050078
v 0.039768 1.914545 -0.029342
v 0.039191 1.917658 0.049617
v -0.039595 1.912774 -0.029172
v -0.037130 1.908577 -0.026705
v -0.039689 1.914398 0.050121
v -0.015057 1.934338 0.046496
v -0.000000 1.934848 0.048769
v 0.015057 1.934339 0.046495
v 0.028079 1.934268 0.038504
v -0.028079 1.934268 0.038504
v -0.039695 1.914398 0.050115
v -0.039191 1.917658 -0.028766
v -0.039652 1.913797 -0.029226
v 0.013447 1.954772 -0.020898
v 0.015064 1.934306 -0.025663
v 0.000000 1.934811 -0.027939
v 0.000000 1.964569 -0.022268
v -0.013447 1.954772 -0.020898
v -0.015064 1.934306 -0.025663
v 0.028276 1.933807 -0.017854
v -0.026920 1.937792 -0.016492
v -0.024388 1.955641 -0.013940
v -0.013183 1.967967 -0.020257
v -0.023996 1.965659 -0.013476
v 0.013183 1.967967 -0.020257
v 0.024021 1.968154 -0.013567
v 0.024507 1.954708 -0.013982
v 0.036077 1.934329 0.025481
v 0.038354 1.934829 0.010422
v 0.036082 1.934315 -0.004640
v 0.027959 1.934554 0.038385
v -0.036082 1.934315 -0.004640
v -0.038354 1.934829 0.010422
v -0.036077 1.934329 0.025481
v -0.027959 1.934553 0.038385
v -0.030976 1.929227 -0.020550
v 0.032746 1.964740 0.010558
v 0.030838 1.968050 0.023614
v 0.030798 1.968129 -0.002690
v 0.035470 1.979112 0.010859
v 0.033027 1.979442 0.024964
v 0.033080 1.979214 -0.003224
v 0.024050 1.966940 0.034555
v 0.025832 1.979299 -0.014953
v 0.025778 1.977931 0.036571
v 0.031271 1.955120 0.023929
v 0.031316 1.955088 -0.002919
v 0.024379 1.955743 0.034827
v -0.031316 1.955088 -0.002919
v -0.032746 1.964740 0.010558
v -0.031271 1.955119 0.023929
v -0.024379 1.955743 0.034827
v -0.030838 1.968050 0.023614
v -0.024050 1.966940 0.034555
v -0.030798 1.968129 -0.002690
v -0.013359 1.955192 0.041748
v 0.000000 1.964410 0.043247
v 0.013359 1.955192 0.041748
v 0.023929 1.964099 0.034441
v 0.013268 1.968182 0.041298
v -0.013268 1.968182 0.041298
v -0.023929 1.964099 0.034441
v -0.025786 1.979159 0.036616
v 0.025201 1.982018 0.036065
v -0.033080 1.979214 -0.003224
v -0.035470 1.979112 0.010859
v -0.033027 1.979442 0.024964
v -0.025686 1.979956 0.036534
v -0.025790 1.977842 -0.014995
v 0.000000 1.979076 -0.024689
v 0.014152 1.978994 -0.022238
v -0.014152 1.978994 -0.022238
v -0.024333 1.970554 -0.013765
v 0.022258 1.992255 0.032747
v -0.025749 1.979591 -0.014928
v -0.000000 1.989526 -0.020405
v 0.025749 1.979591 0.036569
v 0.028962 2.019163 0.023057
v 0.030304 2.005378 0.010588
v 0.029139 2.017838 -0.001838
v 0.022674 2.018784 -0.011996
v 0.031266 2.018315 0.010627
v 0.022809 2.017198 0.033418
v 0.022158 2.007674 0.032618
v -0.022202 1.992504 0.032702
v -0.022114 1.996573 -0.011648
v -0.022523 1.989586 0.033082
v -0.022605 1.989415 -0.012044
v -0.028363 2.008409 0.022670
v -0.031500 2.020042 0.010377
v -0.022158 2.007674 0.032618
v -0.030020 2.021854 0.023356
v -0.023245 2.021335 0.033950
v -0.022698 2.018019 -0.012108
v 0.000000 2.005166 0.040776
v -0.012510 2.019314 0.039928
v 0.012510 2.019314 0.039928
v 0.022062 2.004740 0.032521
v 0.022750 2.019249 0.033313
v -0.022078 2.007659 0.032541
v -0.000000 2.005436 -0.019877
v 0.012438 2.017753 -0.018538
v -0.012336 2.017957 -0.018562
v -0.022099 2.004779 -0.011641
v -0.000000 2.017198 -0.020754
v 0.029099 2.019374 0.023060
v -0.000000 0.705629 0.041470
v 0.027629 0.703149 0.030944
v 0.029358 0.722541 0.032674
v 0.029190 0.729467 0.032517
v -0.037714 0.721264 -0.012686
v -0.029410 0.720865 -0.026103
v -0.029191 0.723910 0.032498
v 0.035186 0.695322 -0.011797
v 0.038155 0.705629 0.003315
v 0.038027 0.692937 0.003315
v 0.035186 0.695322 0.018428
v 0.027801 0.705901 -0.024486
v 0.027579 0.694228 0.030901
v 0.027607 0.693425 -0.024292
v -0.000000 0.705629 -0.034840
v -0.027710 0.704982 -0.024395
v 0.028160 0.707314 0.031475
v -0.038155 0.705629 0.003315
v -0.027714 0.705008 0.031028
v -0.027593 0.694196 0.030911
v -0.028863 0.685189 0.032161
v 0.029074 0.685783 0.032399
v -0.035186 0.695322 0.018428
v -0.038027 0.692937 0.003315
v -0.035186 0.695322 -0.011797
v -0.027596 0.694196 -0.024278
v -0.027596 0.694196 0.030908
v 0.027544 0.696727 0.030861
v -0.015112 0.695322 -0.031871
v -0.000000 0.692937 -0.034712
v 0.015112 0.695322 -0.031871
v -0.027593 0.694196 -0.024281
v -0.015531 0.674554 -0.033153
v 0.000000 0.674814 -0.035856
v 0.015531 0.674554 -0.033153
v 0.028335 0.674689 -0.025216
v 0.029091 0.685842 -0.025758
v -0.029084 0.685808 -0.025760
v 0.028220 0.689423 0.031535
v -0.028944 0.685712 0.032280
v 0.028402 0.674668 0.031554
v 0.028603 0.547907 -0.027276
v -0.036351 0.674835 -0.012330
v -0.028607 0.679180 -0.025370
v -0.028365 0.673909 -0.025225
v 0.015464 0.672041 0.039280
v -0.000000 0.671708 0.041955
v -0.015464 0.672041 0.039280
v -0.028255 0.664782 0.031200
v 0.028584 0.678810 0.031813
v -0.028532 0.597737 -0.026729
v 0.028266 0.655233 0.031039
v 0.031185 0.542835 -0.029574
v 0.031107 0.542585 0.032906
v 0.015579 0.548072 -0.035296
v -0.028610 0.551303 -0.026998
v -0.028650 0.548849 0.030262
v 0.040741 0.536649 0.001522
v -0.031196 0.542099 0.032811
v -0.028816 0.547952 -0.027205
v -0.031187 0.542592 -0.029576
v -0.031200 0.542100 0.032808
v -0.031182 0.542676 -0.029570
v 0.016282 0.536920 0.039544
v -0.000000 0.536750 0.042356
v -0.016282 0.536920 0.039544
v -0.029687 0.523930 0.031168
v 0.029705 0.524336 0.031183
v -0.040741 0.536649 0.001522
v 0.000000 0.536571 -0.039130
v 0.040120 0.479352 -0.017885
v 0.043041 0.479475 -0.000704
v 0.040079 0.479517 0.016399
v 0.031371 0.479170 0.030563
v 0.039018 0.499198 0.038523
v 0.031308 0.479606 -0.032109
v -0.000000 0.523187 -0.039456
v -0.029691 0.524450 -0.028211
v -0.029728 0.523355 0.031198
v -0.040079 0.479517 0.016399
v -0.043041 0.479475 -0.000704
v -0.040120 0.479352 -0.017885
v -0.031391 0.479895 -0.032212
v -0.031333 0.478486 -0.032136
v -0.031526 0.480380 0.030670
v -0.031236 0.479336 0.030383
v -0.017155 0.478859 -0.040903
v -0.000000 0.478875 -0.043869
v 0.017155 0.478859 -0.040903
v -0.039036 0.499998 -0.039518
v -0.053635 0.499163 -0.000617
v 0.053635 0.499163 -0.000617
v -0.000000 0.500992 0.053395
v 0.021519 0.500350 0.049649
v -0.021519 0.500350 0.049649
v 0.039003 0.507661 0.038535
v 0.020782 0.512870 0.048657
v 0.000000 0.513154 0.052077
v -0.039158 0.503411 0.038650
v -0.000000 0.499963 -0.054346
v -0.021522 0.499791 -0.050603
v 0.021522 0.499791 -0.050603
v -0.020746 0.512838 -0.049608
v 0.000000 0.513371 -0.052952
v 0.039139 0.500478 -0.039624
v 0.050130 0.500273 -0.021999
v 0.053211 0.511576 -0.000226
v 0.050128 0.500528 0.021054
v 0.049099 0.513009 -0.021217
v 0.049128 0.512943 0.020250
v 0.039095 0.502601 0.038623
v -0.050128 0.500528 0.021054
v -0.050130 0.500273 -0.021999
v -0.039142 0.503558 0.038692
v -0.049128 0.512943 0.020250
v -0.039111 0.504227 -0.039593
v 0.020746 0.512838 -0.049608
v -0.038765 0.510968 -0.039229
v 0.038302 0.512919 -0.038795
v -0.020782 0.512870 0.048657
v 0.036951 0.514243 0.036517
v -0.036783 0.515738 0.036394
v 0.038341 0.511760 0.037876
v -0.053211 0.511576 -0.000226
v -0.049099 0.513009 -0.021217
v -0.036699 0.515727 0.036325
v -0.016400 0.522973 -0.036614
v 0.016400 0.522973 -0.036614
v 0.029821 0.523110 -0.028210
v -0.031074 0.520269 -0.029952
v 0.038162 0.523082 -0.014695
v 0.040916 0.523046 0.001586
v 0.038095 0.523018 0.017832
v -0.038095 0.523018 0.017832
v -0.040916 0.523046 0.001586
v -0.038162 0.523082 -0.014695
v 0.016196 0.522960 0.039631
v 0.000000 0.523225 0.042354
v -0.016196 0.522960 0.039631
v 0.029794 0.523380 0.031243
v -0.029792 0.523319 -0.028345
v 0.014211 0.463694 0.033543
v 0.000000 0.463325 0.035965
v -0.014211 0.463694 0.033543
v -0.026011 0.463090 0.026324
v 0.026066 0.464815 0.026356
v 0.032300 0.472797 0.031664
v -0.035663 0.463424 0.000281
v -0.033255 0.463682 0.014481
v -0.033245 0.463668 -0.013912
v -0.026004 0.463277 0.026302
v -0.032350 0.473337 0.031698
v 0.033245 0.463668 -0.013912
v 0.035663 0.463424 0.000281
v 0.033255 0.463682 0.014481
v 0.041493 0.473656 -0.018351
v 0.044522 0.473639 -0.000643
v 0.041481 0.473624 0.017058
v 0.032336 0.474804 0.031657
v 0.032323 0.473521 0.031673
v -0.044522 0.473639 -0.000643
v -0.041481 0.473624 0.017058
v -0.041493 0.473656 -0.018351
v 0.017690 0.473598 0.040834
v -0.017690 0.473598 0.040834
v -0.032362 0.474131 0.031698
v -0.032323 0.473521 -0.032973
v 0.031371 0.478303 0.030579
v 0.041392 1.618012 0.007318
v 0.040898 1.642897 0.024890
v 0.037367 1.585628 0.023520
v 0.040575 1.642799 -0.010045
v 0.037367 1.585628 -0.008378
v 0.029164 1.585628 0.036736
v 0.027863 1.497985 0.034994
v 0.035699 1.497985 0.022368
v 0.038312 1.497985 0.007131
v 0.035699 1.497985 -0.008107
v 0.029164 1.585628 -0.021593
v 0.030975 1.631164 -0.023181
v 0.031508 1.640910 0.039371
v -0.000000 1.616505 -0.033527
v 0.017039 1.642784 -0.033043
v 0.015949 1.585628 -0.029796
v -0.015949 1.585628 -0.029796
v -0.017039 1.642784 -0.033043
v 0.029164 1.585628 -0.021593
v 0.015238 1.497985 -0.028569
v 0.000000 1.497985 -0.031181
v -0.015238 1.497985 -0.028569
v -0.029164 1.585628 -0.021593
v -0.031874 1.643711 -0.024002
v 0.031513 1.640645 -0.023650
v -0.000000 1.619853 0.049303
v -0.017540 1.643561 0.048745
v -0.015949 1.585628 0.044938
v 0.015949 1.585628 0.044938
v 0.017540 1.643561 0.048745
v -0.029164 1.585628 0.036736
v 0.000000 1.497985 0.045442
v 0.015238 1.497985 0.042830
v 0.029164 1.585628 0.036736
v 0.030975 1.631164 0.038768
v -0.031538 1.640358 0.039367
v -0.040575 1.642799 -0.010045
v -0.037367 1.585628 -0.008378
v -0.044088 1.646065 0.007203
v -0.040898 1.642897 0.024890
v -0.027863 1.497985 -0.020732
v -0.029164 1.585628 0.036736
v -0.031508 1.640909 0.039371
v -0.034517 1.651903 -0.026665
v 0.026116 0.460399 0.026434
v 0.025930 0.463443 -0.025647
v -0.014202 0.463174 -0.032962
v 0.014202 0.463174 -0.032962
v -0.026112 0.460430 -0.025793
v 0.026041 0.463355 0.026335
v -0.026037 0.463392 -0.025743
v 0.028727 0.452448 -0.028407
v -0.028746 0.452375 -0.028427
v -0.029835 0.443221 0.030148
v 0.028746 0.452375 0.029066
v -0.029830 0.443216 0.030155
v -0.041371 0.440974 0.000319
v -0.038686 0.440651 0.016689
v -0.038686 0.440651 -0.016051
v -0.030175 0.440456 -0.029855
v 0.041371 0.440974 0.000319
v 0.038686 0.440651 -0.016051
v 0.038686 0.440651 0.016689
v 0.029711 0.443636 0.030031
v 0.030177 0.440446 0.030498
v 0.030227 0.440365 -0.029908
v -0.000000 0.440974 -0.041052
v -0.016370 0.440651 -0.038366
v 0.016370 0.440651 -0.038366
v -0.029711 0.443636 -0.029392
v -0.000000 0.440974 0.041691
v 0.016370 0.440651 0.039005
v -0.016370 0.440651 0.039005
v 0.048427 0.431377 0.021118
v 0.037870 0.431171 0.038190
v 0.037892 0.431307 -0.037456
v 0.020794 0.431424 -0.048101
v -0.037860 0.431248 -0.037541
v -0.020602 0.431361 0.048823
v -0.037882 0.430959 0.038201
v -0.048499 0.431402 -0.020279
v -0.037889 0.430682 0.038205
v -0.000000 0.431451 -0.051707
v -0.020794 0.431424 -0.048101
v 0.020626 0.422550 -0.048309
v 0.000000 0.422795 -0.051826
v -0.020626 0.422550 -0.048309
v -0.037942 0.425084 -0.037699
v -0.037920 0.429742 -0.037608
v 0.000000 0.431033 0.052455
v 0.020602 0.431361 0.048823
v -0.037852 0.423459 0.038046
v 0.037954 0.425334 0.038202
v -0.052164 0.430953 0.000424
v -0.048427 0.431377 0.021118
v 0.052164 0.430953 0.000424
v 0.048499 0.431402 -0.020279
v 0.037915 0.429717 0.038228
v -0.037602 0.421466 -0.037406
v -0.037964 0.423550 0.038168
v 0.037848 0.423303 0.038062
v 0.037593 0.421442 0.037789
v 0.037826 0.422934 -0.037692
v -0.037850 0.423362 -0.037636
v 0.033897 0.412697 -0.033585
v -0.034164 0.414792 -0.033862
v -0.033950 0.412707 0.034267
v 0.034165 0.414795 0.034467
v -0.033951 0.412843 0.034258
v -0.018546 0.412699 -0.043134
v 0.018546 0.412699 -0.043134
v -0.034000 0.411653 -0.033693
v 0.018546 0.412699 0.043757
v -0.018546 0.412699 0.043757
v 0.033965 0.412719 0.034276
v -0.043434 0.412600 -0.018251
v -0.033965 0.412719 -0.033653
v 0.043434 0.412600 -0.018251
v 0.033998 0.411729 0.034306
v -0.048002 0.402987 -0.020377
v -0.037383 0.404128 -0.037257
v 0.047990 0.403248 -0.020370
v 0.037464 0.402853 -0.037339
v -0.037406 0.402804 0.037521
v 0.000036 0.402964 -0.051383
v -0.037322 0.401059 -0.037199
v -0.000000 0.402855 0.051640
v 0.037389 0.403305 0.037513
v -0.047992 0.403103 0.020605
v -0.037387 0.403301 -0.037263
v 0.047992 0.403102 0.020605
v -0.035470 0.394374 -0.035345
v 0.048987 0.394025 0.000122
v 0.000142 0.394101 0.049084
v -0.000053 0.339140 -0.049429
v 0.036024 0.339308 -0.035902
v -0.036071 0.339146 -0.035949
v -0.035968 0.342153 -0.035843
v 0.000053 0.339140 0.049674
v -0.019666 0.338829 0.046327
v -0.036020 0.339726 0.036147
v 0.035966 0.342153 0.036091
v -0.049569 0.339013 0.000122
v -0.046170 0.338929 -0.019587
v 0.049569 0.339013 0.000122
v 0.036071 0.339146 0.036194
v 0.037456 0.286630 -0.037334
v -0.037388 0.286059 -0.037265
v -0.037487 0.287319 0.037604
v 0.037388 0.286060 0.037510
v -0.037409 0.286396 -0.037287
v 0.037409 0.286396 0.037531
v -0.048959 0.275252 0.000122
v -0.035797 0.277523 -0.035675
v -0.035806 0.277718 0.035928
v 0.048959 0.275252 0.000122
v 0.035804 0.277778 0.035926
v 0.035706 0.277140 -0.035583
v 0.000000 0.275252 -0.048837
v -0.000000 0.275252 0.049081
v -0.035806 0.277719 0.035928
v -0.019570 0.275454 -0.045445
v 0.019570 0.275454 -0.045445
v -0.035580 0.260679 -0.035463
v 0.019570 0.275454 0.045690
v -0.019570 0.275454 0.045690
v -0.035580 0.260680 0.035707
v 0.035599 0.260675 0.035711
v 0.035552 0.265909 0.035674
v -0.045568 0.275454 0.019692
v -0.045568 0.275454 -0.019448
v -0.035585 0.260680 -0.035458
v -0.035585 0.260679 0.035702
v 0.045568 0.275454 -0.019448
v 0.045568 0.275454 0.019692
v 0.035841 0.256197 0.035963
v 0.036467 0.251861 0.036589
v 0.000000 0.229452 -0.076074
v 0.000000 0.229451 0.076320
v -0.076197 0.229451 0.000122
v 0.076196 0.229452 0.000122
v 0.090427 0.208925 0.000122
v 0.066181 0.204331 0.066311
v 0.000000 0.208925 -0.090305
v -0.000000 0.206831 0.091032
v 0.065284 0.210443 0.065406
v -0.090427 0.208925 0.000122
v 0.000000 0.193970 -0.090747
v 0.066235 0.195761 -0.066113
v -0.066212 0.199681 -0.066065
v -0.065910 0.193675 0.066034
v 0.065911 0.193734 0.066033
v -0.090870 0.193974 0.000123
v -0.066187 0.199681 -0.066090
v -0.065912 0.193674 0.066032
v 0.090870 0.193969 0.000122
v 0.066178 0.201947 0.066312
v -0.064763 0.189429 -0.064641
v -0.043309 0.156195 0.000122
v 0.043281 0.156114 0.000122
v 0.031485 0.156296 -0.031362
v 0.000061 0.156152 -0.043172
v -0.000061 0.156152 0.043416
v 0.035931 0.143346 0.036052
v -0.035930 0.143347 -0.035808
v 0.035888 0.143864 -0.035844
v -0.019586 0.132669 -0.045919
v 0.000088 0.132553 -0.049255
v 0.019717 0.132670 -0.045869
v 0.035962 0.132824 -0.035767
v -0.035889 0.132824 -0.035840
v -0.035956 0.143471 0.036079
v -0.035957 0.143454 0.036079
v -0.040683 0.125161 0.017419
v -0.046041 0.132668 0.019709
v -0.049377 0.132552 0.000034
v -0.043639 0.125070 0.000051
v -0.040651 0.125156 -0.017309
v -0.045991 0.132670 -0.019594
v -0.031850 0.125696 -0.031745
v -0.035948 0.133223 0.036071
v 0.019586 0.132667 0.046163
v -0.000000 0.132478 0.049477
v -0.019657 0.132730 0.046155
v -0.035954 0.133270 0.036076
v 0.035889 0.132823 0.036084
v 0.046041 0.132668 -0.019464
v 0.049377 0.132552 0.000210
v 0.045991 0.132669 0.019839
v -0.000000 0.111038 -0.043848
v 0.040651 0.125156 -0.017309
v 0.043639 0.125070 0.000051
v 0.040683 0.125161 0.017419
v 0.031863 0.125726 0.031968
v 0.031715 0.125224 -0.031676
v -0.017322 0.125155 -0.040585
v 0.000000 0.125021 -0.043531
v 0.017322 0.125155 -0.040585
v 0.017407 0.125165 0.040750
v -0.000000 0.125129 0.043751
v -0.017407 0.125165 0.040750
v -0.031733 0.124941 0.031835
v 0.000101 0.100528 0.054724
v 0.000000 0.111164 0.043533
v -0.043688 0.111103 -0.000058
v 0.043688 0.111103 -0.000058
v -0.054886 0.100528 -0.000061
v 0.054886 0.100528 -0.000262
v -0.000000 0.100589 -0.055024
v 0.000000 0.090421 -0.055109
v 0.039985 0.090399 -0.040087
v -0.040075 0.095173 0.039937
v -0.000062 0.090367 0.054772
v -0.039976 0.090779 0.039814
v 0.039925 0.090399 0.039823
v -0.054926 0.090264 -0.000238
v 0.054933 0.090367 -0.000100
v 0.036746 0.072856 -0.037058
v 0.036757 0.074500 0.036595
v 0.037887 0.072243 0.037725
v 0.038485 0.071561 0.038323
v -0.042353 0.065529 -0.101258
v -0.038489 0.071560 -0.038650
v -0.036757 0.074500 -0.036919
v -0.037884 0.072244 -0.038045
v -0.036771 0.073217 0.036606
v -0.036775 0.073197 0.036616
v -0.079665 0.064381 -0.079827
v -0.079681 0.064370 0.079519
v 0.042353 0.065529 0.100934
v -0.101096 0.065529 0.042191
v 0.101096 0.065529 -0.042514
v 0.079666 0.064381 -0.079827
v 0.105627 0.018597 -0.105789
v 0.079665 0.064381 0.079504
v -0.079682 0.064367 0.079520
v -0.000000 0.018523 -0.145422
v -0.057330 0.020734 -0.134915
v -0.105693 0.017646 -0.105847
v -0.105752 0.017186 0.105591
v 0.104163 0.023100 0.104001
v 0.000000 0.018523 0.145099
v 0.057780 0.018375 0.135282
v 0.105851 0.014305 0.105682
v -0.145260 0.018523 -0.000162
v -0.135443 0.018375 0.057618
v -0.105257 0.020114 0.105093
v 0.145260 0.018523 -0.000162
v 0.134753 0.020734 -0.057491
v 0.105061 0.020094 0.104900
v -0.024484 2.127971 0.012354
v -0.041845 2.060427 -0.025307
v 0.032661 2.044255 -0.020314
v -0.032866 2.045945 0.045215
v -0.033039 2.049978 0.047266
v -0.046828 2.059630 0.012858
v -0.033043 2.049882 0.047270
v -0.032960 2.057867 0.061710
v -0.045305 2.060269 -0.009173
v -0.046221 2.073063 -0.008181
v -0.047451 2.073807 0.019419
v -0.044821 2.070517 0.061049
v -0.042031 2.064171 0.061408
v -0.041572 2.079389 0.060677
v -0.041823 2.086677 0.035618
v -0.032292 2.085693 0.060374
v -0.042411 2.087804 -0.008564
v -0.041644 2.078719 -0.024520
v -0.043663 2.070535 -0.024181
v 0.047405 2.073404 0.014408
v 0.046976 2.061349 0.013689
v 0.045902 2.066089 -0.011367
v 0.043346 2.086755 -0.007636
v 0.043662 2.070535 -0.024181
v 0.041643 2.078719 -0.024520
v 0.041398 2.087864 0.034550
v -0.000000 2.174389 -0.003821
v 0.006575 2.174469 -0.002664
v -0.006575 2.174469 -0.002664
v 0.011886 2.174533 0.000669
v -0.011925 2.173050 0.000631
v -0.011905 2.172404 0.000649
v -0.012198 2.175816 0.000357
v -0.000000 2.174389 0.028932
v -0.006575 2.174469 0.027775
v 0.006575 2.174469 0.027775
v -0.011886 2.173883 0.024440
v 0.011906 2.172405 0.024461
v 0.012198 2.175816 0.024754
v -0.016377 2.174389 0.012556
v -0.015219 2.174469 0.005980
v -0.015219 2.174469 0.019131
v -0.011884 2.173883 0.024441
v 0.016377 2.174389 0.012556
v 0.015219 2.174469 0.019131
v 0.015219 2.174469 0.005980
v 0.011925 2.173051 0.024481
v 0.007180 2.148182 -0.004414
v 0.000000 2.148906 -0.005537
v -0.007180 2.148182 -0.004414
v -0.013181 2.148933 -0.000631
v 0.016969 2.148182 0.019736
v 0.018092 2.148906 0.012556
v 0.016969 2.148182 0.005375
v 0.013169 2.148780 0.025725
v -0.016969 2.148182 0.005375
v -0.018092 2.148905 0.012556
v -0.016969 2.148182 0.019736
v -0.012754 2.154905 -0.000198
v -0.007180 2.148182 0.029525
v -0.000000 2.148905 0.030648
v 0.007180 2.148182 0.029525
v -0.013170 2.148780 0.025724
v 0.013170 2.148780 0.025724
v -0.014853 2.140686 -0.002284
v -0.021422 2.137740 0.017320
v -0.013603 2.143141 0.026165
v 0.015733 2.138411 0.028288
v 0.021422 2.137740 0.007791
v 0.013834 2.141853 -0.001278
v 0.004764 2.137740 -0.008867
v -0.015962 2.138209 -0.003415
v -0.015791 2.138708 0.028357
v 0.004764 2.137741 0.033978
v 0.028782 2.132243 0.012555
v -0.020925 2.132114 0.033480
v -0.020923 2.132113 0.033479
v -0.000000 2.132243 -0.016227
v -0.017969 2.128538 0.030535
v 0.024474 2.127748 0.012540
v -0.035101 2.181371 0.011312
v -0.033590 2.183000 0.026907
v -0.025916 2.182491 0.038470
v -0.026398 2.183239 -0.013834
v 0.035101 2.181371 0.011311
v 0.024653 2.180444 0.037209
v 0.026017 2.182283 -0.013891
v -0.000343 2.182336 -0.023558
v 0.013953 2.182081 0.046121
v -0.014347 2.182996 0.046145
v -0.026415 2.183709 0.038975
v -0.026536 2.185368 -0.013981
v -0.026788 2.191624 -0.014235
v 0.026839 2.190457 0.039378
v -0.026756 2.191565 0.039337
v 0.026580 2.186114 0.039135
v 0.026695 2.192499 -0.014194
v -0.026742 2.191610 0.039296
v -0.014855 2.368420 0.008494
v -0.016105 2.365510 0.014908
v -0.015013 2.365463 0.021317
v -0.011861 2.363273 0.026746
v -0.012033 2.371839 0.027039
v -0.011661 2.365879 0.003190
v 0.016105 2.365510 0.014908
v 0.015013 2.365463 0.021317
v 0.015009 2.365113 0.008446
v 0.011661 2.365879 0.003190
v 0.011742 2.365736 0.026587
v -0.011780 2.365432 0.026727
v 0.033256 2.401791 0.015809
v 0.030837 2.400403 0.028930
v 0.029324 2.388642 0.002646
v 0.030875 2.407271 0.002658
v 0.022805 2.390620 0.038002
v 0.029218 2.390620 0.027669
v 0.022829 2.389937 -0.007646
v 0.024268 2.406778 -0.008382
v 0.024088 2.403007 0.039760
v 0.018328 2.437474 -0.003294
v -0.023698 2.395338 -0.008288
v -0.033256 2.401791 0.015809
v -0.030837 2.400403 0.028930
v -0.030875 2.407271 0.002658
v -0.023952 2.405466 0.039709
v -0.023992 2.407540 -0.008299
v -0.013189 2.399098 0.046296
v -0.000000 2.401896 0.048920
v 0.013189 2.399098 0.046296
v 0.024039 2.399178 0.039619
v 0.012983 2.410090 0.046324
v -0.024091 2.401486 0.039744
v 0.000000 2.423779 0.045681
v -0.012983 2.410090 0.046324
v 0.023529 2.414158 0.039069
v -0.008053 2.441441 0.038224
v -0.023310 2.415491 0.038801
v 0.000000 2.406794 -0.017562
v 0.013354 2.406852 -0.015216
v 0.012478 2.389928 -0.014069
v 0.000000 2.390106 -0.016195
v -0.013057 2.397701 -0.015139
v -0.024029 2.401292 -0.008396
v -0.013084 2.412112 -0.014749
v -0.023745 2.410995 -0.008117
v 0.000000 2.423696 -0.014873
v 0.011960 2.423696 -0.012823
v -0.000000 2.424026 -0.014891
v 0.003950 2.473436 0.022314
v -0.001346 2.474132 0.022822
v -0.005788 2.473732 0.020820
v -0.006280 2.461127 0.020480
v -0.005736 2.473512 0.020705
v -0.003165 2.473732 0.007615
v 0.000000 2.473732 0.007072
v 0.003165 2.473732 0.007615
v -0.042350 2.074131 -0.024332
v 0.038555 2.069989 -0.040068
v 0.042372 2.061667 -0.025087
v 0.029269 2.063455 -0.055515
v 0.025403 2.072335 -0.056533
v 0.041643 2.078719 -0.024520
v 0.010842 2.142614 -0.118676
v 0.015971 2.112563 -0.112003
v 0.000000 2.112603 -0.112831
v -0.008354 2.127908 -0.115385
v -0.015971 2.112563 -0.112003
v 0.025730 2.126550 -0.111316
v 0.030263 2.111929 -0.108969
v -0.025730 2.126550 -0.111316
v -0.030263 2.111929 -0.108969
v -0.019984 2.142247 -0.116963
v -0.010957 2.140104 -0.118776
v -0.000000 2.139389 -0.119381
v 0.019984 2.142247 -0.116963
v 0.028419 2.065674 -0.064376
v 0.022461 2.084211 -0.065939
v 0.027882 2.057009 -0.061948
v 0.026520 2.059837 -0.065864
v 0.022294 2.062733 -0.070481
v 0.027923 2.076515 -0.070056
v 0.006746 2.085498 -0.062957
v -0.009045 2.085794 -0.063248
v -0.021781 2.085177 -0.065798
v -0.028624 2.064335 -0.062393
v -0.025446 2.088934 -0.069245
v -0.027923 2.076515 -0.070056
v -0.026123 2.065111 -0.069601
v -0.010957 2.140104 -0.118776
v 0.035246 2.131520 -0.102994
v 0.035604 2.120497 -0.105229
v 0.037063 2.118284 -0.098152
v 0.021090 2.155545 -0.119189
v 0.020097 2.162376 -0.102378
v -0.035246 2.131519 -0.102994
v -0.035604 2.120497 -0.105229
v -0.031714 2.140515 -0.100929
v -0.037063 2.118284 -0.098152
v -0.027543 2.092712 -0.087507
v -0.028606 2.103796 -0.083883
v -0.029539 2.098782 -0.085895
v -0.026710 2.095819 -0.072822
v -0.026024 2.102301 -0.076360
v -0.022729 2.110107 -0.079907
v -0.018173 2.085912 -0.091671
v -0.009049 2.112665 -0.057291
v -0.008552 2.111516 -0.056953
v -0.000000 2.112832 -0.056783
v 0.002741 2.113231 -0.056775
v 0.011436 2.112386 -0.059099
v 0.028242 2.095722 -0.077728
v 0.027543 2.092712 -0.087507
v 0.029539 2.098782 -0.085895
v 0.025544 2.089942 -0.069257
v 0.020950 2.088389 -0.092170
v 0.028574 2.109347 -0.085334
v 0.022676 2.108574 -0.079937
v 0.026024 2.102301 -0.076360
v 0.026710 2.095819 -0.072822
v 0.011666 2.061362 -0.072762
v 0.000000 2.060707 -0.073393
v -0.011666 2.061362 -0.072762
v -0.036503 2.109842 -0.100959
v -0.021834 2.118889 -0.086048
v -0.034517 2.106987 -0.105371
v -0.034494 2.105542 -0.105027
v 0.002385 2.115562 -0.079652
v 0.036503 2.109842 -0.100959
v 0.030402 2.097575 -0.098327
v 0.033884 2.102466 -0.101931
v 0.034517 2.106987 -0.105371
v 0.002898 2.100374 -0.053819
v -0.010298 2.104249 -0.055133
v -0.009672 2.098582 -0.054496
v 0.001154 2.091029 -0.053688
v 0.009717 2.107941 -0.056150
v 0.008585 2.111011 -0.056996
v -0.017243 2.104132 -0.059001
v -0.014715 2.097579 -0.056311
v -0.010362 2.104981 -0.055034
v 0.009717 2.107941 -0.056150
v 0.023158 2.160445 -0.115818
v 0.016286 2.152331 -0.122391
v 0.013233 2.161853 -0.128349
v 0.012613 2.179646 -0.124144
v 0.017250 2.175073 -0.118926
v -0.023154 2.160447 -0.115826
v -0.021090 2.155545 -0.119189
v -0.020387 2.171165 -0.113693
v -0.016286 2.152331 -0.122390
v -0.022093 2.166572 -0.108328
v -0.017250 2.175073 -0.118926
v -0.012613 2.179646 -0.124144
v -0.013233 2.161853 -0.128349
v 0.008948 2.194407 -0.160074
v 0.011926 2.188718 -0.146224
v 0.012728 2.191368 -0.144773
v 0.006257 2.182842 -0.125479
v -0.011926 2.188718 -0.146224
v 0.003813 2.231531 -0.241857
v 0.006578 2.206059 -0.266224
v 0.000000 2.204684 -0.266872
v -0.006592 2.205277 -0.266224
v -0.012590 2.207514 -0.263786
v -0.014223 2.223313 -0.239274
v -0.007152 2.213155 -0.316821
v 0.007143 2.213117 -0.316810
v 0.001454 2.214089 -0.317061
v 0.015970 2.217118 -0.258085
v 0.014614 2.228607 -0.258221
v -0.012242 2.229028 -0.264449
v -0.006382 2.231151 -0.267086
v -0.014461 2.227968 -0.258565
v -0.015210 2.208012 -0.257321
v 0.008676 2.208184 -0.316732
v -0.008175 2.210978 -0.316852
v 0.008175 2.210978 -0.316852
v -0.008634 2.208261 -0.316691
v 0.013281 2.208173 -0.315655
v -0.015819 2.208140 -0.252386
v -0.014861 2.229519 -0.248323
v -0.015375 2.228961 -0.252816
v -0.015184 2.208081 -0.247951
v -0.012698 2.207714 -0.243503
v -0.011002 2.228570 -0.241429
v 0.015375 2.228961 -0.252816
v 0.014876 2.229483 -0.248616
v 0.015613 2.218550 -0.243321
v 0.015834 2.208129 -0.252461
v 0.010960 2.235755 -0.245881
v 0.015184 2.208081 -0.247951
v 0.012698 2.207714 -0.243503
v 0.015125 2.208017 -0.257532
v 0.019232 2.076572 0.076550
v -0.007806 2.078473 0.078155
v 0.040629 2.080944 0.060581
v 0.010552 2.091000 0.060127
v -0.028906 2.087469 0.060287
v 0.032348 2.067580 0.074158
v 0.029324 2.056103 0.061800
v 0.045773 2.069281 0.061160
v 0.029156 2.066799 0.080768
v -0.029636 2.065497 0.078721
v -0.041572 2.079389 0.060677
v -0.040157 2.061485 0.061533
v -0.010804 2.052620 0.061959
v -0.010851 2.148194 0.143315
v -0.016070 2.115256 0.136199
v -0.000006 2.115417 0.137027
v 0.008283 2.132676 0.140005
v 0.016058 2.115256 0.136199
v -0.025534 2.130687 0.135926
v -0.030483 2.114206 0.133145
v 0.025522 2.130687 0.135925
v 0.030471 2.114206 0.133145
v 0.019978 2.147649 0.141592
v 0.010951 2.145741 0.143421
v -0.000006 2.145105 0.144031
v -0.019990 2.147649 0.141592
v -0.027763 2.073001 0.090035
v -0.023282 2.075217 0.083721
v -0.028611 2.062085 0.087092
v -0.027345 2.055792 0.082392
v -0.027997 2.057131 0.086133
v -0.026616 2.060011 0.090065
v -0.022362 2.062786 0.094690
v -0.027927 2.076520 0.094274
v -0.021496 2.084890 0.089722
v 0.018067 2.079849 0.085834
v 0.008560 2.084925 0.087122
v -0.008995 2.085108 0.087209
v 0.021484 2.084890 0.089722
v 0.027750 2.073001 0.090035
v 0.028683 2.060732 0.086320
v 0.027914 2.076520 0.094274
v 0.026154 2.065156 0.093817
v -0.010942 2.146168 0.143408
v 0.010929 2.146168 0.143408
v -0.016337 2.158827 0.147043
v -0.000006 2.145105 0.144031
v 0.016324 2.158827 0.147043
v -0.013294 2.168963 0.153249
v -0.035239 2.134241 0.127395
v -0.035698 2.122694 0.129522
v -0.037105 2.119476 0.122407
v -0.020925 2.162128 0.144147
v -0.026231 2.157885 0.136506
v -0.022108 2.171646 0.132936
v -0.021145 2.165636 0.127150
v 0.035227 2.134241 0.127395
v 0.035686 2.122694 0.129522
v 0.031715 2.143356 0.125365
v 0.037092 2.119476 0.122407
v 0.027606 2.092896 0.111637
v 0.028214 2.095825 0.101943
v 0.029545 2.098974 0.110082
v 0.025484 2.089954 0.093393
v 0.026643 2.095852 0.096947
v 0.025964 2.102374 0.100484
v 0.022669 2.109416 0.104054
v 0.028471 2.109590 0.109341
v 0.021511 2.091182 0.118978
v -0.000170 2.113564 0.080798
v -0.001424 2.112801 0.080852
v -0.028227 2.095825 0.101943
v -0.027618 2.092896 0.111637
v -0.029557 2.098974 0.110082
v -0.025496 2.089955 0.093393
v -0.023885 2.092176 0.117938
v -0.028593 2.109932 0.109707
v -0.022675 2.109742 0.104068
v -0.025976 2.102374 0.100484
v -0.026714 2.096557 0.096853
v -0.007697 2.087668 0.118328
v 0.036625 2.111001 0.125135
v 0.034842 2.108637 0.129432
v 0.034827 2.106932 0.129044
v 0.008680 2.122129 0.109185
v -0.002691 2.115685 0.103760
v -0.036637 2.111001 0.125135
v -0.030708 2.098312 0.122278
v -0.034244 2.103627 0.125919
v -0.034854 2.108637 0.129432
v 0.001811 2.096717 0.077689
v 0.009593 2.099030 0.078516
v -0.010685 2.097376 0.078618
v -0.001355 2.107086 0.078866
v 0.009583 2.098510 0.078592
v -0.009653 2.107962 0.080223
v 0.009641 2.107962 0.080223
v 0.010200 2.103402 0.079314
v 0.009554 2.091759 0.079041
v -0.003214 2.090105 0.078365
v 0.016127 2.104459 0.081885
v 0.014570 2.097624 0.080306
v 0.009641 2.107962 0.080223
v -0.009653 2.107962 0.080223
v 0.000047 2.184097 0.167350
v 0.009698 2.194195 0.175025
v 0.009914 2.187082 0.167125
v -0.009927 2.187082 0.167125
v -0.016242 2.158923 0.147247
v -0.013294 2.168963 0.153249
v -0.015136 2.182746 0.156482
v 0.023438 2.164269 0.140139
v 0.020913 2.162128 0.144147
v 0.020384 2.176470 0.138407
v 0.016229 2.158923 0.147247
v 0.022070 2.170904 0.132920
v 0.017268 2.180565 0.143795
v 0.012691 2.185757 0.149343
v 0.014981 2.181411 0.156589
v 0.013281 2.168963 0.153249
v -0.010685 2.180571 0.161594
v -0.009927 2.187159 0.167101
v -0.012387 2.196166 0.174219
v 0.010672 2.180571 0.161594
v 0.009915 2.187158 0.167101
v -0.012387 2.196166 0.174219
v -0.005858 2.214429 0.187871
v 0.005227 2.208680 0.170928
v -0.013868 2.235561 0.284792
v -0.015284 2.227071 0.288376
v -0.013776 2.237155 0.292194
v -0.014711 2.228046 0.293093
v -0.010497 2.233668 0.281134
v -0.015482 2.229283 0.288130
v -0.013908 2.225721 0.298094
v -0.006589 2.211217 0.300329
v 0.009948 2.213598 0.309570
v -0.012587 2.212569 0.298209
v -0.000006 2.210202 0.300890
v 0.006586 2.210634 0.300330
v 0.012584 2.212262 0.298208
v 0.004537 2.222815 0.340223
v -0.004555 2.221812 0.340202
v -0.000006 2.222038 0.340399
v 0.007702 2.221484 0.339814
v 0.012236 2.228432 0.298772
v 0.006376 2.230106 0.301080
v 0.015005 2.213488 0.293013
v 0.014587 2.227053 0.293377
v -0.003634 2.217591 0.341267
v -0.009157 2.217231 0.340073
v 0.009300 2.217277 0.340168
v 0.004542 2.221812 0.340202
v -0.004555 2.221812 0.340202
v 0.009375 2.217526 0.340222
v -0.008733 2.220071 0.340103
v -0.015045 2.222157 0.332474
v 0.015836 2.212380 0.288091
v 0.015685 2.220621 0.279923
v 0.016126 2.220718 0.290940
v 0.015178 2.212459 0.283737
v 0.012691 2.212235 0.279308
v 0.014714 2.227998 0.283762
v 0.015383 2.228282 0.288350
v -0.016183 2.220436 0.285761
v -0.015853 2.212347 0.288107
v -0.015191 2.212459 0.283737
v -0.012704 2.212235 0.279308
v -0.015131 2.212469 0.292830
v 0.006317 2.459001 0.020613
v 0.013803 2.235515 0.292222
v 0.015270 2.227053 0.288365
v 0.013801 2.237299 0.284868
v 0.014707 2.228303 0.293183
v 0.010939 2.235439 0.281740
v 0.010676 2.236136 0.295362
v 0.003499 2.237484 0.279399
v -0.006388 2.230106 0.301080
v -0.000006 2.230551 0.301697
v 0.006376 2.230106 0.301080
v 0.014585 2.269782 -0.256324
v 0.010714 2.239327 -0.259615
v 0.010696 2.269984 -0.260346
v 0.013753 2.270042 -0.250133
v 0.013865 2.238032 -0.249147
v 0.010745 2.270059 -0.247142
v 0.005880 2.270069 -0.245285
v 0.003503 2.240239 -0.243755
v -0.000000 2.270072 -0.244666
v -0.005880 2.270069 -0.245285
v -0.006103 2.236059 -0.244018
v 0.003326 2.270181 -0.262704
v -0.014595 2.269796 -0.256309
v 0.015832 2.212384 0.288217
v 0.014386 2.206412 0.292275
v 0.015178 2.212459 0.283737
v 0.015119 2.212469 0.292830
v 0.010085 2.205452 0.295638
v -0.011321 2.206047 0.294935
v -0.015131 2.212469 0.292830
v 0.012691 2.212235 0.279308
v -0.003715 2.205251 0.296992
v 0.006586 2.210634 0.300330
v -0.000006 2.210202 0.300890
v -0.006599 2.210634 0.300330
v 0.003039 2.191663 0.146480
v 0.006284 2.188567 0.150851
v -0.000006 2.189948 0.151263
v 0.017268 2.180565 0.143795
v 0.021110 2.165033 0.127171
v -0.021123 2.165033 0.127171
v -0.025496 2.089955 0.093393
v 0.022429 2.094215 0.090631
v 0.025484 2.089954 0.093393
v 0.021484 2.084890 0.089722
v -0.021496 2.084890 0.089722
v 0.009126 2.113847 0.103826
v -0.011874 2.114345 0.103858
v 0.024407 2.106884 0.136083
v -0.009315 2.108746 0.137488
v 0.016105 2.114684 0.136282
v -0.000006 2.114813 0.137118
v -0.016117 2.114684 0.136282
v -0.026394 2.106444 0.135277
v -0.034854 2.108637 0.129432
v -0.034244 2.103627 0.125919
v 0.011702 2.060624 0.096994
v -0.011715 2.060624 0.096994
v -0.006226 2.182383 -0.125482
v -0.003051 2.186619 -0.121742
v 0.006257 2.182842 -0.125479
v -0.017250 2.175073 -0.118926
v -0.022093 2.166572 -0.108328
v -0.015978 2.111989 -0.112109
v 0.000000 2.112000 -0.112945
v 0.015978 2.111989 -0.112109
v 0.033884 2.102466 -0.101931
v 0.030402 2.097575 -0.098327
v -0.008905 2.089319 -0.099861
v -0.021698 2.093141 -0.065600
v -0.016822 2.110887 -0.073794
v -0.025544 2.089942 -0.069257
v -0.011888 2.114181 -0.079742
v -0.005903 2.050645 -0.069491
v 0.011618 2.060865 -0.072776
v -0.011672 2.060472 -0.072783
v -0.015097 2.208624 -0.247827
v -0.014418 2.200066 -0.256408
v -0.015125 2.208017 -0.257532
v -0.011276 2.199420 -0.259117
v 0.010395 2.199458 -0.259735
v 0.015125 2.208017 -0.257532
v 0.012698 2.207714 -0.243503
v -0.012698 2.207714 -0.243503
v -0.003750 2.199251 -0.261240
v -0.006592 2.205277 -0.266224
v 0.000000 2.204684 -0.266872
v 0.006592 2.205277 -0.266224
v 0.000001 2.239248 -0.262091
v 0.005684 2.239370 -0.261524
v -0.005684 2.239370 -0.261524
v 0.006382 2.231151 -0.267086
v -0.000000 2.231713 -0.267793
v -0.006382 2.231151 -0.267086
v -0.010876 2.238075 -0.246080
v -0.015267 2.227970 -0.252825
v -0.014714 2.229019 -0.257997
v -0.014771 2.229170 -0.248185
v 0.015253 2.227849 -0.252787
v 0.014714 2.229019 -0.257997
v 0.010690 2.269220 0.296145
v 0.005873 2.269305 0.281083
v 0.010739 2.269294 0.282940
v 0.014594 2.268999 0.292124
v 0.013746 2.269277 0.285932
v -0.013759 2.269277 0.285932
v -0.014608 2.268999 0.292123
v 0.031286 2.038239 0.043623
v -0.034867 2.086705 -0.026418
v -0.031500 2.091613 0.048294
v -0.032292 2.085693 0.060374
v -0.031500 2.091613 0.048294
v 0.031698 0.124099 0.031781
v -0.031784 0.125204 -0.031683
v -0.031697 0.124105 -0.031614
v -0.031711 0.125065 0.031814
v 0.031784 0.125204 0.031886
v 0.049396 0.143890 0.000043
v -0.049396 0.143890 0.000202
v 0.000000 0.143835 0.049536
v -0.000080 0.143890 -0.049274
v -0.047113 0.084465 0.019943
v -0.036735 0.084524 -0.036958
v -0.036741 0.084220 0.036581
v 0.020051 0.084408 0.046955
v -0.020094 0.084357 0.046925
v -0.036744 0.084216 0.036582
v 0.036732 0.084604 0.036644
v -0.020051 0.084408 -0.047279
v 0.020147 0.084408 -0.047243
v 0.036806 0.084604 -0.036894
v 0.047117 0.084408 -0.020213
v 0.047081 0.084408 0.019986
v 0.000000 -0.000719 -0.146078
v 0.145917 -0.000719 -0.000162
v 0.048048 0.332264 -0.020343
v 0.051521 0.332575 0.000122
v 0.048048 0.332264 0.020587
v 0.037548 0.329899 0.037670
v 0.037492 0.332395 -0.037370
v -0.048018 0.332264 0.020666
v -0.051538 0.332480 0.000176
v -0.048048 0.332264 -0.020343
v -0.037548 0.329899 -0.037425
v -0.037496 0.332051 0.037620
v 0.020498 0.332368 0.048140
v 0.000053 0.332480 0.051660
v -0.020465 0.332264 0.048171
v -0.037498 0.332098 0.037621
v -0.020498 0.332368 -0.047896
v -0.000053 0.332480 -0.051416
v 0.020465 0.332264 -0.047926
v -0.037441 0.332527 -0.037319
v 0.037441 0.332527 0.037563
v -0.028638 0.550502 -0.027027
v 0.028765 0.547805 0.030378
v 0.028638 0.550502 0.030249
v 0.000000 0.542639 -0.041271
v 0.031186 0.542636 -0.029574
v 0.042882 0.542639 0.001611
v 0.029838 0.718803 -0.026523
v 0.029389 0.722874 -0.026074
v -0.010537 2.266774 -0.243132
v -0.015598 2.266635 -0.253673
v 0.042713 2.333367 -0.253606
v -0.030263 2.334307 -0.283905
v -0.042713 2.333367 -0.253739
v 0.030233 2.334307 -0.283935
v 0.030263 2.334307 -0.223439
v 0.000066 2.333367 -0.296385
v -0.029178 2.333537 -0.224356
v -0.000066 2.333367 -0.210959
v -0.051876 2.346566 -0.305549
v -0.109638 2.588131 -0.363310
v -0.077815 2.346566 -0.253672
v -0.164456 2.588131 -0.253672
v -0.052435 2.665889 -0.201237
v -0.077805 2.617279 -0.175867
v -0.007231 2.724233 -0.246414
v -0.000009 2.724311 -0.242868
v -0.040363 2.684999 -0.213309
v 0.000001 2.731154 -0.241533
v -0.008098 2.730977 -0.245577
v 0.007079 2.726283 -0.246396
v 0.010757 2.726411 -0.253526
v -0.008124 2.731201 -0.261796
v -0.007224 2.724109 -0.260896
v -0.010810 2.723990 -0.253672
v -0.012139 2.731154 -0.253672
v 0.008124 2.731201 -0.261796
v 0.007224 2.724109 -0.260896
v 0.000146 2.726411 -0.264429
v -0.000000 2.731154 -0.265811
v 0.012139 2.731154 -0.253672
v 0.008124 2.731201 -0.245548
v 0.000001 2.743825 -0.236719
v 0.011306 2.743830 -0.242366
v -0.011307 2.743830 -0.264976
v -0.016953 2.743830 -0.253672
v 0.011306 2.743834 -0.264977
v 0.000003 2.743834 -0.270624
v 0.016953 2.743831 -0.253672
v -0.011300 2.743812 -0.242370
v 0.000000 2.755126 -0.241962
v 0.007810 2.755122 -0.245862
v 0.011710 2.755126 -0.253672
v -0.007810 2.755122 -0.261482
v -0.011709 2.755126 -0.253672
v 0.007810 2.755122 -0.261482
v 0.000000 2.755126 -0.265381
v -0.000625 2.779192 -0.253476
v -0.007804 2.755121 -0.245866
v -0.011301 2.743811 -0.242373
v -0.008089 2.730998 -0.245579
v -0.007239 2.724087 -0.246451
v 0.110107 2.592063 -0.363779
v 0.000000 2.591769 -0.418837
v -0.110038 2.592014 -0.143644
v 0.000000 2.591769 -0.088507
v -0.049437 2.341403 -0.204234
v -0.031481 2.334831 -0.222670
v 0.000000 2.588131 -0.418128
v 0.000000 2.346566 -0.331487
v -0.029178 2.333537 -0.224356
v -0.010540 2.266774 -0.264209
v 0.000000 2.346566 -0.331487
v 0.110107 2.592063 -0.143565
v 0.165165 2.591769 -0.253672
v -0.110107 2.592063 -0.363779
v -0.165165 2.591769 -0.253672
v 0.000000 2.588131 -0.418128
v 0.109638 2.588131 -0.363310
v -0.014435 2.278583 -0.239172
v -0.110028 2.592013 -0.143634
v 0.000000 2.588131 -0.089215
v -0.109638 2.588131 -0.144034
v 0.000000 2.588131 -0.418128
v -0.077815 2.346566 -0.253672
v -0.164456 2.588131 -0.253672
v -0.109638 2.588131 -0.363310
v -0.109638 2.588131 -0.363310
v 0.000000 2.588131 -0.418128
v -0.077815 2.346566 -0.253672
v -0.051876 2.346566 -0.201795
v -0.109638 2.588131 -0.144034
v -0.109638 2.588131 -0.144034
v -0.051876 2.346566 -0.201795
v 0.000000 2.588131 -0.089215
v 0.000000 2.346566 -0.175857
v -0.109638 2.588131 -0.144034
v -0.164456 2.588131 -0.253672
v -0.051876 2.346566 -0.201795
v 0.000000 2.346566 -0.175857
v 0.051877 2.346566 -0.201795
v 0.109638 2.588131 -0.144034
v 0.164457 2.588131 -0.253672
v 0.077815 2.346566 -0.253672
v -0.051876 2.346566 -0.305549
v 0.109638 2.588131 -0.144034
v 0.000000 2.588131 -0.089215
v 0.051877 2.346566 -0.201795
v 0.077815 2.346566 -0.253672
v 0.051877 2.346566 -0.305549
v 0.109638 2.588131 -0.363310
v 0.164457 2.588131 -0.253672
v 0.109638 2.588131 -0.144034
v 0.109638 2.588131 -0.363310
v 0.164457 2.588131 -0.253672
v 0.051877 2.346566 -0.305549
v 0.014299 2.279796 -0.268504
v 0.014239 2.295850 -0.268442
v -0.022874 2.307076 -0.254049
v -0.000375 2.295850 -0.275373
v -0.014832 2.279796 -0.239373
v 0.021701 2.295850 -0.254047
v -0.015552 2.313590 -0.238653
v -0.031481 2.334831 -0.222670
v -0.075687 2.343081 -0.254474
v -0.051103 2.343081 -0.303643
v -0.007806 2.755121 -0.245867
v -0.006995 2.715842 -0.246025
v -0.007647 2.715842 -0.246677
v -0.006995 2.715842 -0.246025
v -0.007647 2.715842 -0.260667
v -0.006995 2.715842 -0.261319
v 0.006995 2.715842 -0.261319
v 0.007647 2.715842 -0.260667
v 0.007647 2.715842 -0.246677
v -0.001053 2.671755 -0.319765
v 0.001053 2.671755 -0.187578
v -0.000432 2.715776 -0.264597
v 0.000000 2.714433 -0.242577
v 0.000000 2.712403 -0.241999
v 0.000433 2.715842 -0.242743
v 0.000433 2.715842 -0.242743
v -0.000432 2.715842 -0.242743
v -0.066093 2.671755 -0.252619
v 0.066093 2.671755 -0.254725
v -0.011095 2.714433 -0.253672
v -0.011673 2.712403 -0.253672
v -0.010928 2.715842 -0.253239
v -0.010928 2.715842 -0.253239
v -0.010928 2.715842 -0.254104
v 0.010929 2.715842 -0.254104
v 0.010929 2.715842 -0.254104
v 0.010929 2.715842 -0.253239
v -0.044323 2.671672 -0.209346
v -0.010537 2.474591 0.026842
v -0.015598 2.474452 0.016301
v 0.042713 2.541184 0.016368
v -0.030263 2.542124 -0.013931
v -0.042713 2.541184 0.016236
v 0.030233 2.542124 -0.013961
v 0.030263 2.542124 0.046535
v 0.000067 2.541184 -0.026411
v -0.029178 2.541353 0.045618
v -0.000066 2.541184 0.059015
v -0.051876 2.554383 -0.035574
v -0.109638 2.795948 -0.093336
v -0.077815 2.554383 0.016302
v -0.164456 2.795948 0.016302
v -0.052435 2.873706 0.068737
v -0.077805 2.825096 0.094107
v -0.007231 2.932050 0.023560
v -0.000009 2.932128 0.027106
v -0.040363 2.892816 0.056665
v -0.044333 2.879461 0.060638
v 0.000000 2.938971 0.028441
v -0.008099 2.938792 0.024398
v 0.007079 2.934100 0.023578
v 0.010757 2.934228 0.016448
v -0.008123 2.939020 0.008178
v -0.007224 2.931926 0.009078
v -0.010810 2.931807 0.016302
v -0.012139 2.938971 0.016302
v 0.008124 2.939020 0.008179
v 0.007224 2.931926 0.009078
v 0.000146 2.934228 0.005545
v -0.000000 2.938978 0.004165
v 0.012139 2.938971 0.016302
v 0.008124 2.939018 0.024426
v 0.000001 2.951646 0.033255
v 0.011306 2.951647 0.027608
v -0.011307 2.951647 0.004998
v -0.016953 2.951646 0.016302
v 0.011307 2.951652 0.004997
v 0.000003 2.951652 -0.000650
v 0.016953 2.951648 0.016302
v -0.011300 2.951627 0.027605
v 0.000000 2.962943 0.028012
v 0.007810 2.962939 0.024112
v 0.011710 2.962943 0.016302
v -0.007810 2.962939 0.008492
v -0.011709 2.962943 0.016302
v 0.007810 2.962939 0.008492
v 0.000000 2.962943 0.004593
v -0.000626 2.987008 0.016498
v -0.007805 2.962938 0.024108
v -0.011300 2.951626 0.027601
v -0.008088 2.938817 0.024394
v -0.007239 2.931904 0.023523
v 0.110107 2.799880 -0.093805
v 0.000000 2.799586 -0.148863
v -0.110038 2.799830 0.126330
v 0.000000 2.799586 0.181468
v -0.043709 2.882089 0.059534
v -0.049437 2.549220 0.065739
v -0.031481 2.542648 0.047305
v 0.000000 2.795948 -0.148154
v 0.000000 2.554383 -0.061513
v -0.029178 2.541353 0.045618
v -0.010540 2.474591 0.005765
v 0.000000 2.554383 -0.061513
v 0.110107 2.799880 0.126410
v 0.165165 2.799586 0.016302
v -0.110107 2.799880 -0.093805
v -0.165165 2.799585 0.016302
v 0.000000 2.795948 -0.148154
v 0.109638 2.795948 -0.093336
v -0.110028 2.799830 0.126340
v 0.000000 2.795948 0.180759
v -0.109638 2.795948 0.125940
v 0.000000 2.795948 -0.148154
v -0.077815 2.554383 0.016302
v -0.164456 2.795948 0.016302
v -0.109638 2.795948 -0.093336
v -0.109638 2.795948 -0.093336
v 0.000000 2.795948 -0.148154
v -0.077815 2.554383 0.016302
v -0.051876 2.554383 0.068179
v -0.109638 2.795948 0.125940
v -0.109638 2.795948 0.125940
v -0.051876 2.554383 0.068179
v 0.000000 2.795948 0.180759
v 0.000000 2.554383 0.094117
v -0.109638 2.795948 0.125940
v -0.164456 2.795948 0.016302
v -0.051876 2.554383 0.068179
v 0.000000 2.554383 0.094117
v 0.051877 2.554383 0.068179
v 0.109638 2.795948 0.125940
v 0.164457 2.795948 0.016302
v 0.077815 2.554383 0.016302
v -0.051876 2.554383 -0.035574
v 0.109638 2.795948 0.125940
v 0.000000 2.795948 0.180759
v 0.051877 2.554383 0.068179
v 0.077815 2.554383 0.016302
v 0.051877 2.554383 -0.035574
v 0.109638 2.795948 -0.093336
v 0.164457 2.795948 0.016302
v 0.109638 2.795948 0.125940
v 0.109638 2.795948 -0.093336
v 0.164457 2.795948 0.016302
v 0.051877 2.554383 -0.035574
v 0.000377 2.487613 -0.005491
v 0.014239 2.503667 0.001532
v -0.022874 2.514893 0.015925
v -0.000375 2.503667 -0.005399
v 0.021701 2.503667 0.015927
v -0.012117 2.506536 0.027954
v -0.015552 2.521407 0.031322
v -0.031481 2.542648 0.047305
v -0.075687 2.550897 0.015500
v -0.007806 2.962937 0.024107
v -0.006995 2.923659 0.023949
v -0.007647 2.923659 0.023297
v -0.006995 2.923659 0.023949
v -0.007647 2.923659 0.009307
v -0.006995 2.923659 0.008655
v 0.006995 2.923659 0.008655
v 0.007647 2.923659 0.009307
v 0.007647 2.923659 0.023297
v -0.001053 2.879572 -0.049791
v 0.001053 2.879572 0.082396
v -0.000432 2.923593 0.005377
v 0.000000 2.922250 0.027397
v 0.000000 2.920220 0.027975
v 0.000433 2.923659 0.027231
v 0.000433 2.923659 0.027231
v -0.000432 2.923659 0.027231
v -0.066093 2.879572 0.017355
v 0.066093 2.879572 0.015249
v -0.011095 2.922250 0.016302
v -0.011673 2.920220 0.016302
v -0.010928 2.923659 0.016735
v -0.010928 2.923659 0.016735
v -0.010928 2.923659 0.015870
v 0.010929 2.923659 0.015870
v 0.010929 2.923659 0.015870
v 0.010929 2.923659 0.016735
v -0.010537 2.266880 0.299546
v -0.015598 2.266741 0.289005
v 0.042713 2.333473 0.289073
v -0.030263 2.334413 0.258773
v -0.042713 2.333473 0.288940
v 0.030233 2.334413 0.258743
v 0.030263 2.334413 0.319239
v 0.000066 2.333473 0.246293
v -0.029178 2.333642 0.318322
v -0.000066 2.333473 0.331719
v -0.051876 2.346672 0.237130
v -0.109638 2.588237 0.179369
v -0.077815 2.346672 0.289006
v -0.164456 2.588237 0.289006
v -0.052434 2.665996 0.341440
v -0.077805 2.617385 0.366811
v -0.007231 2.724339 0.296264
v -0.000009 2.724417 0.299810
v -0.040363 2.685104 0.329370
v 0.000000 2.731260 0.301145
v -0.008098 2.731083 0.297101
v 0.007079 2.726388 0.296282
v 0.010757 2.726517 0.289152
v -0.008124 2.731307 0.280882
v -0.007224 2.724215 0.281782
v -0.010810 2.724096 0.289006
v -0.012139 2.731260 0.289007
v 0.008124 2.731307 0.280883
v 0.007224 2.724215 0.281782
v 0.000146 2.726517 0.278249
v -0.000000 2.731260 0.276867
v 0.012139 2.731260 0.289006
v 0.008124 2.731307 0.297130
v 0.000001 2.743936 0.305959
v 0.011306 2.743936 0.300312
v -0.011307 2.743935 0.277702
v -0.016953 2.743935 0.289006
v 0.011306 2.743940 0.277701
v 0.000003 2.743940 0.272054
v 0.016953 2.743937 0.289006
v -0.011300 2.743917 0.300308
v 0.000000 2.755232 0.300716
v 0.007810 2.755228 0.296816
v 0.011710 2.755232 0.289006
v -0.007810 2.755228 0.281197
v -0.011709 2.755232 0.289007
v 0.007810 2.755228 0.281197
v 0.000000 2.755232 0.277297
v -0.000625 2.779298 0.289202
v -0.007804 2.755227 0.296812
v -0.011301 2.743917 0.300306
v -0.008089 2.731104 0.297099
v -0.007239 2.724193 0.296227
v 0.110107 2.592169 0.178899
v 0.000000 2.591874 0.123841
v -0.110038 2.592120 0.399035
v 0.000000 2.591874 0.454172
v -0.049437 2.341509 0.338444
v -0.031481 2.334937 0.320009
v 0.000000 2.588237 0.124550
v 0.000000 2.346672 0.211191
v -0.029178 2.333642 0.318322
v -0.010540 2.266880 0.278469
v 0.000000 2.346672 0.211191
v 0.110107 2.592169 0.399114
v 0.165165 2.591875 0.289006
v -0.110107 2.592169 0.178899
v -0.165165 2.591875 0.289006
v 0.000000 2.588237 0.124550
v 0.109638 2.588237 0.179369
v -0.014435 2.278673 0.303507
v -0.110028 2.592119 0.399044
v 0.000000 2.588237 0.453463
v -0.109638 2.588237 0.398644
v 0.000000 2.588237 0.124550
v -0.077815 2.346672 0.289006
v -0.164456 2.588237 0.289006
v -0.109638 2.588237 0.179369
v -0.109638 2.588237 0.179369
v 0.000000 2.588237 0.124550
v -0.077815 2.346672 0.289006
v -0.051876 2.346672 0.340883
v -0.109638 2.588237 0.398644
v -0.109638 2.588237 0.398644
v -0.051876 2.346672 0.340883
v 0.000000 2.588237 0.453463
v 0.000000 2.346672 0.366821
v -0.109638 2.588237 0.398644
v -0.164456 2.588237 0.289006
v -0.051876 2.346672 0.340883
v 0.000000 2.346672 0.366821
v 0.051877 2.346672 0.340883
v 0.109638 2.588237 0.398644
v 0.164457 2.588237 0.289006
v 0.077815 2.346672 0.289006
v -0.051876 2.346672 0.237130
v 0.109638 2.588237 0.398644
v 0.000000 2.588237 0.453463
v 0.051877 2.346672 0.340883
v 0.077815 2.346672 0.289006
v 0.051877 2.346672 0.237130
v 0.109638 2.588237 0.179369
v 0.164457 2.588237 0.289006
v 0.109638 2.588237 0.398644
v 0.109638 2.588237 0.179369
v 0.164457 2.588237 0.289006
v 0.051877 2.346672 0.237130
v -0.021793 2.279902 0.288629
v 0.014239 2.295956 0.274237
v -0.022874 2.307182 0.288629
v -0.000375 2.295956 0.267305
v -0.014832 2.279902 0.303305
v 0.021701 2.295956 0.288631
v -0.015552 2.313696 0.304026
v -0.031481 2.334937 0.320009
v -0.075687 2.343186 0.288204
v -0.007806 2.755227 0.296811
v -0.006995 2.715948 0.296654
v -0.007647 2.715948 0.296001
v -0.006995 2.715948 0.296654
v -0.007647 2.715948 0.282011
v -0.006995 2.715948 0.281359
v 0.006995 2.715948 0.281359
v 0.007647 2.715948 0.282011
v 0.007647 2.715948 0.296001
v -0.001053 2.671861 0.222913
v 0.001053 2.671861 0.355100
v -0.000432 2.715882 0.278082
v 0.000000 2.714539 0.300101
v 0.000000 2.712509 0.300679
v 0.000433 2.715948 0.299935
v 0.000433 2.715948 0.299935
v -0.000432 2.715948 0.299935
v -0.066093 2.671861 0.290060
v 0.066093 2.671861 0.287953
v -0.011095 2.714539 0.289006
v -0.011673 2.712509 0.289006
v -0.010928 2.715948 0.289439
v -0.010928 2.715948 0.289439
v -0.010928 2.715948 0.288574
v 0.010929 2.715948 0.288574
v 0.010929 2.715948 0.288574
v 0.010929 2.715948 0.289439
v -0.044323 2.671778 0.333332
v -0.000324 2.310903 -0.230654
v -0.001801 2.313590 -0.231511
v -0.000362 2.314775 -0.231078
v -0.000324 2.518720 0.039320
v -0.001801 2.521407 0.038464
v -0.000362 2.522592 0.038897
v -0.000324 2.311009 0.312025
v -0.001801 2.313696 0.311168
v -0.000362 2.314881 0.311601
vn 0.8997 0.4100 -0.1498
vn 0.9054 0.4004 0.1413
vn -0.8997 0.4100 0.1498
vn -0.9054 0.4004 -0.1413
vn 0.1498 0.4100 0.8997
vn -0.1413 0.4004 0.9054
vn -0.1498 0.4100 -0.8997
vn 0.1413 0.4004 -0.9054
vn 0.5257 -0.1118 0.8433
vn -0.5237 -0.1090 0.8449
vn 0.9320 -0.3263 0.1581
vn 0.9328 -0.3244 -0.1573
vn -0.5264 -0.1118 -0.8429
vn 0.5271 -0.1152 -0.8420
vn 0.8438 -0.1118 -0.5249
vn 0.8465 -0.1056 0.5218
vn -0.8434 -0.1118 0.5255
vn -0.8458 -0.1062 -0.5229
vn -0.9786 -0.1186 -0.1679
vn -0.9320 -0.3263 -0.1581
vn -0.9328 -0.3244 0.1573
vn -0.1581 -0.3263 0.9320
vn 0.1573 -0.3244 0.9328
vn 0.1581 -0.3263 -0.9320
vn -0.1573 -0.3244 -0.9328
vn -0.1374 -0.5138 0.8469
vn 0.1373 -0.5137 0.8469
vn -0.1679 -0.1186 0.9786
vn 0.1679 -0.1186 -0.9786
vn 0.9786 -0.1186 0.1679
vn 0.1374 -0.5138 -0.8469
vn -0.1373 -0.5137 -0.8469
vn 0.8468 -0.5138 0.1374
vn 0.8469 -0.5137 -0.1373
vn -0.8469 -0.5138 -0.1374
vn -0.8469 -0.5137 0.1373
vn 0.1411 0.4173 0.8978
vn 0.9228 0.3676 0.1156
vn -0.4803 0.3430 -0.8072
vn 0.8002 0.3431 -0.4919
vn -0.9234 0.3527 0.1516
vn -0.6884 0.4672 -0.5548
vn -0.0915 0.3544 0.9306
vn 0.5046 0.3613 -0.7841
vn -0.4357 -0.6080 0.6637
vn 0.1285 -0.5937 0.7943
vn -0.1497 0.4057 0.9017
vn -0.1471 -0.4657 -0.8726
vn 0.7428 -0.4633 -0.4833
vn -0.5278 -0.0959 -0.8440
vn 0.4377 -0.5859 0.6820
vn 0.8993 0.4110 0.1492
vn 0.8440 -0.0959 -0.5278
vn -0.8955 0.4196 -0.1485
vn -0.4108 -0.5033 -0.7602
vn 0.7327 -0.5374 -0.4176
vn -0.7667 -0.4866 0.4188
vn 0.1458 0.2242 0.9636
vn -0.1622 0.2627 0.9511
vn -0.1458 0.2241 -0.9636
vn 0.1626 0.2634 -0.9509
vn 0.9635 0.2247 -0.1457
vn 0.9560 0.2463 0.1595
vn -0.9650 0.2170 0.1472
vn -0.9550 0.2516 -0.1572
vn 0.9875 0.0053 -0.1576
vn 0.8467 -0.0022 0.5320
vn 0.9854 0.0025 0.1702
vn -0.5398 -0.0063 0.8417
vn -0.9858 0.0023 0.1679
vn -0.9859 0.0068 -0.1673
vn -0.8455 -0.0021 0.5340
vn 0.5369 -0.0063 0.8436
vn 0.1718 0.0203 -0.9849
vn -0.1886 0.0167 -0.9819
vn 0.8365 0.5299 0.1397
vn 0.8339 0.5332 -0.1427
vn 0.8008 -0.3394 -0.4935
vn -0.8616 0.4875 -0.1413
vn -0.8742 0.4673 0.1319
vn -0.1427 0.4746 0.8686
vn 0.1404 0.4688 0.8721
vn 0.1380 0.5445 -0.8273
vn -0.1347 0.5338 -0.8348
vn -0.7976 -0.3604 0.4837
vn 0.4911 -0.3512 0.7972
vn -0.4912 -0.3372 -0.8032
vn -0.1388 -0.4617 0.8761
vn 0.1414 -0.4639 0.8746
vn 0.1089 -0.6830 -0.7223
vn -0.1122 -0.6864 -0.7186
vn 0.3962 -0.6863 -0.6100
vn -0.3050 -0.7741 -0.5548
vn 0.5060 0.2291 -0.8315
vn -0.4959 0.2236 -0.8391
vn 0.1660 0.2606 0.9511
vn -0.1615 0.2469 0.9555
vn -0.1617 0.3343 -0.9285
vn 0.1558 0.3258 -0.9325
vn 0.1508 0.3234 0.9342
vn -0.1554 0.3301 0.9311
vn -0.9344 0.3221 0.1525
vn -0.9326 0.3256 -0.1558
vn 0.9340 0.3225 -0.1536
vn 0.9323 0.3265 0.1557
vn 0.1424 -0.4754 -0.8682
vn -0.1471 -0.4842 -0.8625
vn -0.1529 -0.4726 0.8679
vn 0.1488 -0.4650 0.8727
vn -0.8578 -0.4910 -0.1518
vn -0.8734 -0.4666 0.1397
vn 0.8606 -0.4866 0.1504
vn 0.8704 -0.4715 -0.1416
vn -0.8775 0.4541 0.1544
vn -0.7732 0.4295 0.4666
vn 0.8832 0.4405 0.1608
vn 0.7677 0.4560 0.4503
vn -0.1488 0.4631 -0.8737
vn 0.1415 0.4592 -0.8770
vn 0.1504 0.4450 0.8828
vn -0.1422 0.4282 0.8924
vn -0.9508 -0.2657 -0.1594
vn -0.8325 -0.2411 0.4988
vn 0.8272 -0.2791 0.4878
vn 0.8156 -0.2833 -0.5045
vn -0.1619 -0.2708 -0.9489
vn 0.5017 -0.2691 -0.8221
vn -0.5036 -0.2757 0.8188
vn 0.4960 -0.3577 0.7912
vn -0.5339 0.1121 -0.8381
vn 0.5330 0.1121 0.8387
vn -0.8166 0.2869 -0.5009
vn -0.8252 0.2583 0.5022
vn 0.8165 0.2874 0.5008
vn 0.8181 0.2805 -0.5021
vn 0.5025 0.2907 -0.8142
vn -0.5026 0.3031 -0.8097
vn -0.5060 0.2897 0.8124
vn 0.5028 0.3031 0.8095
vn -0.7077 0.5799 -0.4035
vn -0.5440 0.6757 0.4974
vn 0.7247 0.5815 0.3698
vn 0.5581 0.6978 -0.4490
vn 0.4000 0.5801 -0.7096
vn -0.4548 0.6999 -0.5508
vn -0.4435 0.5769 0.6859
vn 0.5238 0.0771 0.8483
vn -0.0180 0.5578 -0.8298
vn 0.0977 0.7794 -0.6189
vn 0.0180 0.5578 0.8298
vn -0.0958 0.7776 0.6214
vn -0.8297 0.5579 0.0182
vn -0.6208 0.7778 -0.0980
vn 0.8298 0.5577 -0.0176
vn 0.6180 0.7801 0.0975
vn -0.3673 0.7243 0.5834
vn -0.5873 0.7267 -0.3564
vn 0.5889 0.7249 0.3574
vn 0.3565 0.7263 -0.5876
vn -0.7873 -0.6021 0.1330
vn -0.6779 -0.6044 -0.4186
vn 0.7903 -0.5985 0.1316
vn 0.7908 -0.5982 -0.1298
vn 0.1307 -0.5954 -0.7928
vn -0.1297 -0.5994 -0.7898
vn -0.1316 -0.5985 0.7903
vn 0.1298 -0.5982 0.7908
vn -0.1384 0.6241 -0.7690
vn 0.1203 0.6086 -0.7843
vn 0.1408 0.6126 0.7778
vn -0.1346 0.6075 0.7829
vn -0.7778 0.6126 0.1408
vn -0.7829 0.6075 -0.1346
vn 0.7690 0.6241 -0.1384
vn 0.7843 0.6086 0.1203
vn -0.1346 -0.9907 0.0218
vn -0.0928 -0.9956 -0.0110
vn 0.0461 -0.9989 0.0024
vn 0.0024 -0.9989 -0.0461
vn -0.0610 -0.9975 -0.0366
vn -0.0023 -0.9984 0.0562
vn -0.1797 0.4925 -0.8515
vn 0.1366 0.4773 -0.8680
vn -0.4917 0.4765 -0.7288
vn -0.3132 0.8187 -0.4814
vn -0.0000 0.0480 0.9988
vn -0.4118 0.5464 0.7293
vn 0.8637 0.4661 0.1919
vn -0.5706 -0.7343 -0.3677
vn -0.0921 -0.8176 0.5684
vn 0.3287 -0.7655 0.5531
vn -0.3286 -0.7658 -0.5529
vn 0.3258 -0.7261 -0.6055
vn 0.5961 -0.7194 -0.3564
vn 0.4489 -0.7997 0.3988
vn 0.8536 0.2076 0.4778
vn -0.2055 -0.0803 0.9754
vn -0.1321 -0.0538 -0.9898
vn -0.5844 0.6409 0.4977
vn 0.7350 -0.6579 0.1641
vn 0.6810 -0.6059 -0.4112
vn 0.9226 0.2995 0.2431
vn 0.7622 0.3464 0.5469
vn -0.8947 0.4083 -0.1813
vn -0.8733 0.3126 0.3736
vn 0.4631 -0.6566 -0.5954
vn -0.5063 0.3800 -0.7741
vn 0.4921 0.3457 -0.7990
vn -0.1286 -0.6665 -0.7343
vn 0.0753 -0.6656 0.7425
vn -0.7317 -0.6739 0.1019
vn 0.7392 -0.6715 -0.0518
vn -0.8452 0.0838 -0.5279
vn 0.9867 0.0381 -0.1579
vn 0.3186 0.1711 -0.9323
vn -0.5699 0.6748 -0.4689
vn -0.3070 -0.9217 -0.2372
vn 0.3674 -0.9271 -0.0745
vn -0.0164 -0.9917 -0.1272
vn -0.1332 -0.9722 -0.1927
vn 0.3278 -0.4328 -0.8398
vn 0.2787 0.2992 0.9126
vn 0.5348 0.8340 0.1359
vn -0.0071 -0.6870 -0.7266
vn -0.5539 -0.3951 -0.7329
vn -0.3507 0.6750 0.6492
vn -0.1093 0.7427 0.6607
vn 0.3669 0.6170 0.6962
vn -0.9885 0.0999 0.1132
vn -0.6721 0.5652 0.4784
vn 0.0566 -0.9728 -0.2246
vn 0.9605 0.2704 0.0666
vn 0.9859 0.1661 0.0192
vn 0.2947 -0.1943 -0.9356
vn 0.9822 -0.1005 0.1588
vn 0.8493 -0.5098 0.1372
vn -0.7486 -0.6500 0.1308
vn 0.2162 0.9549 -0.2035
vn -0.0763 -0.8616 -0.5018
vn 0.0121 -0.9990 -0.0432
vn 0.0136 -0.9951 -0.0977
vn 0.0563 -0.6586 0.7504
vn -0.0758 -0.6012 0.7955
vn -0.5838 -0.6292 0.5131
vn -0.8373 0.3128 -0.4484
vn -0.2707 -0.5418 0.7957
vn 0.0845 0.7562 -0.6488
vn 0.0973 0.7586 -0.6443
vn 0.9283 0.2626 -0.2631
vn 0.9887 0.1496 0.0101
vn 0.9657 -0.2455 0.0849
vn -0.2061 0.9674 -0.1470
vn 0.9456 -0.3246 0.0226
vn 0.9592 0.2759 -0.0615
vn -0.5017 -0.5060 0.7016
vn -0.9966 0.0777 -0.0261
vn -0.6158 -0.7862 -0.0514
vn 0.7989 -0.6011 0.0219
vn 0.3385 0.9409 0.0149
vn -0.0062 -0.9943 -0.1064
vn 0.0296 -0.9986 0.0441
vn -0.0010 -0.5873 -0.8094
vn -0.8330 -0.5483 0.0737
vn -0.1216 -0.7536 0.6460
vn 0.1540 -0.6873 -0.7099
vn 0.1501 0.1029 0.9833
vn -0.1593 0.1036 0.9818
vn -0.1831 0.1297 -0.9745
vn 0.1604 0.1283 -0.9787
vn 0.7698 0.6229 -0.1393
vn -0.2905 0.2755 0.9163
vn -0.3578 -0.0226 -0.9335
vn -0.7108 0.0251 0.7029
vn -0.6593 -0.0582 0.7497
vn -0.1223 -0.4687 -0.8749
vn -0.1278 -0.4682 -0.8743
vn 0.0407 0.1743 -0.9838
vn -0.0255 0.2065 -0.9781
vn -0.9436 0.3276 0.0473
vn -0.6657 0.2424 0.7057
vn -0.7020 -0.3613 -0.6137
vn 0.6269 -0.5427 -0.5590
vn -0.8373 -0.5328 0.1224
vn 0.0155 -0.6182 -0.7859
vn -0.2433 0.1889 0.9514
vn 0.6803 -0.2054 -0.7035
vn 0.7304 0.6010 0.3246
vn -0.5925 -0.6473 0.4795
vn 0.8462 -0.5062 0.1663
vn 0.5906 -0.3989 -0.7015
vn 0.6363 0.0255 -0.7711
vn 0.4026 -0.3482 0.8466
vn 0.1053 -0.0270 0.9941
vn -0.3470 -0.0238 0.9376
vn -0.0619 0.0266 -0.9977
vn -0.3565 0.0329 -0.9337
vn 0.9615 -0.1934 0.1951
vn -0.8353 -0.1934 0.5146
vn -0.1756 -0.1865 0.9666
vn 0.5118 -0.1686 0.8424
vn 0.1673 -0.2539 -0.9526
vn -0.1602 -0.2357 -0.9585
vn -0.7886 -0.4368 -0.4328
vn 0.1264 -0.4514 -0.8833
vn 0.4446 -0.5664 0.6939
vn -0.0798 -0.5674 0.8196
vn -0.0707 0.6733 0.7360
vn 0.0287 0.6546 -0.7554
vn 0.8643 0.4768 -0.1604
vn 0.7790 0.4875 -0.3943
vn -0.7447 0.4968 -0.4457
vn 0.3485 0.5216 -0.7788
vn -0.3568 0.7246 -0.5896
vn 0.5916 0.7234 -0.3560
vn 0.3567 0.7216 0.5933
vn -0.5240 0.0196 0.8515
vn 0.5257 0.0262 0.8502
vn -0.5312 0.0334 -0.8466
vn 0.8465 0.0361 -0.5311
vn -0.8514 0.0203 -0.5241
vn 0.4938 -0.3498 -0.7961
vn -0.4862 -0.3724 0.7905
vn -0.7852 -0.3697 -0.4968
vn 0.7957 -0.3519 0.4929
vn -0.7113 -0.5620 -0.4222
vn 0.7054 -0.5614 0.4328
vn 0.4222 -0.5620 -0.7113
vn -0.4358 -0.5612 0.7037
vn -0.9087 0.3938 0.1381
vn 0.9028 0.4043 -0.1465
vn -0.1268 0.4292 -0.8943
vn 0.1426 0.3893 0.9100
vn 0.6695 0.6726 -0.3153
vn -0.5337 0.7682 0.3536
vn 0.0271 -0.9992 0.0290
vn -0.2701 0.7571 -0.5948
vn 0.3118 0.6724 0.6713
vn 0.0272 -0.9992 -0.0291
vn 0.8031 -0.0398 0.5945
vn -0.7394 0.2579 0.6219
vn -0.6221 0.2578 -0.7393
vn -0.7395 -0.2584 -0.6216
vn 0.8939 -0.1736 0.4134
vn -0.8144 0.0327 0.5793
vn -0.4787 -0.0027 0.8779
vn -0.1440 0.2591 0.9551
vn 0.9799 -0.1129 0.1645
vn -0.2093 -0.0460 0.9768
vn -0.9551 0.2591 -0.1440
vn -0.9531 -0.2536 0.1652
vn 0.0767 0.0519 0.9957
vn -0.3018 -0.0009 -0.9534
vn 0.0765 -0.4227 -0.9030
vn -0.9335 0.0058 0.3585
vn -0.9029 -0.4227 -0.0781
vn -0.5957 -0.4704 0.6510
vn -0.6511 -0.4703 -0.5958
vn 0.5096 -0.4424 -0.7380
vn 0.7385 -0.4422 0.5090
vn 0.1925 -0.4787 0.8566
vn -0.8577 -0.5113 -0.0537
vn -0.1913 0.1108 0.9752
vn -0.3751 0.0847 0.9231
vn -0.7126 0.4145 0.5660
vn 0.4474 0.4958 0.7443
vn -0.9775 0.1537 0.1443
vn 0.8769 0.3919 -0.2782
vn -0.7377 0.5480 0.3943
vn 0.1684 -0.0243 0.9854
vn -0.1616 -0.0429 -0.9859
vn -0.4411 -0.0622 0.8953
vn -0.9840 -0.1769 0.0201
vn -0.9775 -0.0487 0.2053
vn 0.7146 -0.1695 -0.6787
vn 0.2376 -0.0932 0.9669
vn 0.6790 -0.1694 0.7144
vn -0.9905 -0.0710 -0.1174
vn 0.5145 -0.0205 0.8572
vn -0.9596 -0.0457 -0.2777
vn 0.8573 -0.0201 -0.5144
vn 0.8517 -0.0078 -0.5240
vn 0.8443 -0.0463 -0.5339
vn 0.3080 -0.3417 0.8879
vn -0.1460 -0.0291 0.9888
vn -0.1464 -0.1140 0.9826
vn 0.8971 -0.0738 0.4355
vn 0.8831 -0.0240 0.4686
vn 0.5204 -0.0332 0.8533
vn 0.6219 -0.1202 0.7738
vn -0.8613 0.0069 -0.5080
vn 0.6197 0.7349 -0.2754
vn -0.5793 0.7238 0.3749
vn 0.5831 0.8064 -0.0983
vn -0.2916 0.7050 -0.6465
vn 0.0271 -0.9992 -0.0290
vn 0.8031 -0.0397 0.5945
vn -0.9988 0.0260 -0.0414
vn -0.7393 0.2578 0.6221
vn -0.6217 0.2578 -0.7396
vn -0.7394 -0.2584 -0.6217
vn 0.8938 -0.1737 0.4134
vn -0.8145 0.0327 0.5792
vn -0.4786 -0.0028 0.8780
vn 0.9798 -0.1128 0.1652
vn -0.9551 0.2592 -0.1439
vn -0.9529 -0.2528 0.1678
vn 0.0782 0.0518 0.9956
vn -0.3069 -0.0010 -0.9517
vn -0.9327 0.0058 0.3605
vn -0.9030 -0.4227 -0.0766
vn -0.5959 -0.4702 0.6510
vn -0.5126 -0.4435 -0.7352
vn 0.7379 -0.4425 0.5097
vn -0.1880 -0.4798 -0.8570
vn -0.8577 -0.5113 -0.0538
vn -0.1910 0.1108 0.9753
vn -0.3734 0.0829 0.9240
vn -0.7125 0.4146 0.5661
vn 0.4472 0.4959 0.7444
vn -0.9776 0.1534 0.1442
vn 0.8771 0.3917 -0.2781
vn -0.7377 0.5481 0.3942
vn -0.1615 -0.0429 -0.9859
vn -0.9840 -0.1769 0.0198
vn -0.4035 -0.0413 0.9140
vn 0.6789 -0.1694 0.7144
vn -0.9908 -0.0713 -0.1150
vn 0.5169 -0.0200 0.8558
vn -0.9596 -0.0457 -0.2776
vn 0.8585 -0.0205 -0.5124
vn 0.8516 -0.0078 -0.5241
vn 0.8442 -0.0463 -0.5340
vn -0.6259 -0.6505 0.4303
vn -0.1461 -0.0292 0.9888
vn 0.8971 -0.0738 0.4357
vn 0.8820 -0.0238 0.4707
vn 0.6221 -0.1202 0.7736
vn -0.8599 0.0072 -0.5104
vn 0.6701 0.6735 -0.3120
vn -0.5325 0.7680 0.3558
vn -0.2680 0.7576 -0.5951
vn 0.3098 0.6729 0.6717
vn 0.8030 -0.0398 0.5946
vn -0.7393 0.2579 0.6220
vn -0.6221 0.2577 -0.7393
vn -0.8145 0.0327 0.5793
vn -0.4785 -0.0028 0.8781
vn -0.1438 0.2592 0.9551
vn 0.9799 -0.1129 0.1644
vn -0.2093 -0.0459 0.9768
vn 0.0905 0.0514 0.9946
vn 0.0782 -0.4227 -0.9029
vn -0.9312 0.0057 0.3646
vn -0.5958 -0.4703 0.6510
vn -0.5127 -0.4435 -0.7352
vn 0.5095 -0.4425 -0.7380
vn 0.7385 -0.4422 0.5089
vn 0.1927 -0.4786 0.8566
vn -0.8578 -0.5112 -0.0538
vn -0.1909 0.1108 0.9753
vn -0.3750 0.0847 0.9231
vn -0.7127 0.4145 0.5659
vn 0.4475 0.4957 0.7443
vn -0.1613 -0.0429 -0.9860
vn -0.4410 -0.0622 0.8954
vn -0.9840 -0.1769 0.0200
vn 0.7147 -0.1694 -0.6786
vn 0.2377 -0.0932 0.9669
vn 0.6788 -0.1694 0.7145
vn -0.9903 -0.0714 -0.1194
vn 0.5135 -0.0208 0.8578
vn 0.8607 -0.0203 -0.5086
vn 0.8515 -0.0078 -0.5243
vn 0.3421 -0.3255 0.8815
vn -0.1463 -0.1140 0.9826
vn 0.8971 -0.0738 0.4356
vn 0.8832 -0.0234 0.4684
vn 0.5204 -0.0332 0.8532
vn 0.6218 -0.1202 0.7739
vn -0.8618 0.0075 -0.5072
vn 0.8997 0.4100 0.1498
vn 0.9054 0.4004 -0.1413
vn -0.8997 0.4100 -0.1498
vn -0.9054 0.4004 0.1413
vn -0.1498 0.4100 0.8997
vn 0.1413 0.4004 0.9054
vn 0.1498 0.4100 -0.8997
vn -0.1413 0.4004 -0.9054
vn 0.5233 -0.1080 0.8453
vn -0.5255 -0.1118 0.8434
vn 0.9320 -0.3263 -0.1581
vn 0.9328 -0.3244 0.1573
vn -0.5180 -0.0984 -0.8497
vn 0.5249 -0.1118 -0.8438
vn 0.8420 -0.1152 -0.5271
vn 0.8433 -0.1118 0.5257
vn -0.8449 -0.1090 0.5237
vn -0.8429 -0.1118 -0.5264
vn -0.9786 -0.1186 0.1679
vn -0.9320 -0.3263 0.1581
vn -0.9328 -0.3244 -0.1573
vn 0.1581 -0.3263 0.9320
vn -0.1573 -0.3244 0.9328
vn -0.1581 -0.3263 -0.9320
vn 0.1573 -0.3244 -0.9328
vn 0.1374 -0.5138 0.8468
vn -0.1373 -0.5137 0.8469
vn 0.1679 -0.1186 0.9786
vn -0.1679 -0.1186 -0.9786
vn 0.9786 -0.1186 -0.1679
vn -0.1374 -0.5138 -0.8469
vn 0.1373 -0.5137 -0.8469
vn 0.8468 -0.5138 -0.1374
vn 0.8469 -0.5137 0.1373
vn -0.8468 -0.5138 0.1374
vn -0.8469 -0.5137 -0.1373
vn -0.1411 0.4173 0.8978
vn 0.7718 0.3724 -0.5154
vn 0.4907 0.3425 -0.8012
vn 0.9006 0.4093 0.1464
vn -0.8060 0.3439 -0.4818
vn -0.9106 0.3749 0.1740
vn 0.0914 0.3544 0.9306
vn -0.5434 0.4615 -0.7012
vn -0.1232 -0.5955 0.7939
vn 0.4227 -0.5770 0.6988
vn 0.1497 0.4057 0.9017
vn 0.1472 -0.4657 -0.8726
vn -0.7416 -0.4673 -0.4813
vn 0.5272 -0.1031 -0.8434
vn -0.4188 -0.4866 0.7667
vn 0.8994 0.4110 -0.1492
vn -0.8954 0.4198 0.1485
vn -0.8435 -0.1031 -0.5272
vn 0.4176 -0.5374 -0.7327
vn 0.6820 -0.5860 0.4377
vn -0.7602 -0.5033 -0.4108
vn -0.1458 0.2242 0.9636
vn 0.1622 0.2627 0.9511
vn 0.1458 0.2241 -0.9636
vn -0.1626 0.2634 -0.9509
vn 0.9650 0.2170 0.1472
vn 0.9550 0.2516 -0.1572
vn -0.9635 0.2247 -0.1457
vn -0.9560 0.2463 0.1595
vn 0.9858 0.0023 0.1679
vn 0.8453 -0.0026 0.5343
vn 0.9859 0.0068 -0.1673
vn 0.5366 -0.0063 0.8438
vn -0.5252 -0.0011 0.8510
vn -0.9875 0.0053 -0.1576
vn -0.9854 0.0025 0.1702
vn -0.8449 -0.0023 0.5349
vn -0.5305 -0.0087 0.8476
vn -0.1718 0.0203 -0.9849
vn 0.1886 0.0167 -0.9819
vn 0.8390 0.5257 -0.1402
vn 0.8590 0.4956 0.1282
vn 0.8031 -0.3377 0.4910
vn -0.8594 0.4915 0.1409
vn -0.8536 0.5000 -0.1460
vn 0.1427 0.4746 0.8686
vn -0.1404 0.4688 0.8721
vn -0.1380 0.5445 -0.8273
vn 0.1347 0.5338 -0.8348
vn -0.8000 -0.3419 -0.4930
vn -0.4824 -0.3389 0.8077
vn 0.4916 -0.3347 -0.8039
vn 0.1388 -0.4617 0.8761
vn -0.1414 -0.4639 0.8746
vn -0.1089 -0.6830 -0.7223
vn 0.1122 -0.6864 -0.7186
vn 0.3981 -0.6850 -0.6102
vn -0.4512 -0.6782 -0.5800
vn 0.5055 0.2257 -0.8328
vn -0.4965 0.2294 -0.8372
vn -0.1660 0.2606 0.9511
vn 0.1615 0.2469 0.9555
vn 0.1617 0.3343 -0.9285
vn -0.1558 0.3258 -0.9325
vn -0.1508 0.3234 0.9342
vn 0.1554 0.3301 0.9311
vn -0.9340 0.3225 -0.1536
vn -0.9323 0.3265 0.1557
vn 0.9344 0.3221 0.1525
vn 0.9326 0.3256 -0.1558
vn -0.1424 -0.4754 -0.8682
vn 0.1471 -0.4842 -0.8625
vn 0.1529 -0.4726 0.8679
vn -0.1488 -0.4650 0.8727
vn -0.8606 -0.4866 0.1504
vn -0.8704 -0.4715 -0.1416
vn 0.8578 -0.4910 -0.1518
vn 0.8734 -0.4666 0.1397
vn -0.8811 0.4448 0.1606
vn -0.7549 0.4541 0.4732
vn 0.8780 0.4539 0.1519
vn 0.7152 0.5236 0.4630
vn 0.1480 0.4721 -0.8690
vn -0.1462 0.4580 -0.8768
vn -0.1504 0.4450 0.8828
vn 0.1422 0.4282 0.8924
vn -0.9471 -0.2762 -0.1637
vn -0.8150 -0.2778 0.5086
vn 0.7893 -0.3579 0.4989
vn 0.8201 -0.2743 -0.5023
vn -0.1634 -0.2744 -0.9476
vn 0.5053 -0.2832 -0.8152
vn -0.4948 -0.2410 0.8349
vn 0.4850 -0.2782 0.8291
vn 0.8381 0.1092 0.5344
vn -0.8407 0.1065 -0.5310
vn -0.8095 0.3030 -0.5028
vn -0.8117 0.2892 0.5074
vn 0.8097 0.3030 0.5026
vn 0.8151 0.2872 -0.5031
vn 0.5011 0.2804 -0.8187
vn -0.5011 0.2904 -0.8152
vn -0.5005 0.2567 0.8268
vn 0.5012 0.2899 0.8153
vn -0.5508 0.6999 -0.4548
vn -0.6859 0.5769 0.4434
vn 0.7096 0.5801 -0.4000
vn 0.4490 0.6978 -0.5581
vn -0.4035 0.5799 -0.7077
vn -0.4974 0.6757 0.5440
vn 0.3698 0.5815 0.7247
vn -0.8484 0.0769 -0.5238
vn 0.0167 0.5611 -0.8276
vn -0.0994 0.7795 -0.6185
vn -0.0168 0.5607 0.8279
vn 0.0982 0.7764 0.6225
vn -0.8275 0.5612 -0.0170
vn -0.6192 0.7789 0.0996
vn 0.8277 0.5610 0.0164
vn 0.6164 0.7812 -0.0991
vn 0.3585 0.7259 0.5870
vn -0.5975 0.7271 0.3381
vn 0.5857 0.7274 -0.3576
vn -0.3572 0.7256 -0.5881
vn -0.7894 -0.5994 0.1323
vn -0.6772 -0.6051 -0.4186
vn 0.7904 -0.5987 -0.1300
vn 0.7906 -0.5981 0.1315
vn -0.1291 -0.5973 -0.7915
vn 0.1315 -0.5980 -0.7906
vn 0.1300 -0.5987 0.7904
vn -0.1305 -0.5947 0.7932
vn 0.1380 0.6238 -0.7693
vn -0.1203 0.6086 -0.7843
vn -0.1401 0.6120 0.7783
vn 0.1346 0.6075 0.7829
vn -0.7783 0.6120 -0.1401
vn -0.7829 0.6075 0.1346
vn 0.7693 0.6238 0.1380
vn 0.7843 0.6086 -0.1203
vn 0.0141 -0.9995 -0.0284
vn -0.1063 -0.9936 0.0377
vn 0.0063 -0.9998 -0.0194
vn 0.0466 -0.9989 -0.0081
vn 0.1770 0.4916 -0.8526
vn -0.1366 0.4773 -0.8681
vn 0.4917 0.4765 -0.7289
vn -0.0011 0.0400 0.9992
vn 0.0004 0.0456 0.9990
vn 0.0004 0.0458 0.9990
vn -0.8627 0.4672 0.1934
vn 0.6787 0.4900 0.5470
vn -0.6504 -0.7567 0.0666
vn -0.6070 -0.7067 -0.3634
vn 0.3300 -0.7937 0.5110
vn -0.3258 -0.7261 -0.6055
vn 0.3286 -0.7658 -0.5529
vn 0.5782 -0.7330 -0.3582
vn 0.6306 -0.6775 0.3786
vn 0.2064 -0.0833 0.9749
vn -0.9797 -0.0817 0.1831
vn 0.1295 -0.0625 -0.9896
vn -0.0119 0.6931 -0.7207
vn 0.4187 0.7089 0.5677
vn -0.6558 0.7298 0.1932
vn 0.7269 0.6610 -0.1865
vn 0.8687 0.4630 -0.1763
vn 0.8061 0.3196 0.4981
vn -0.9226 0.2995 0.2431
vn 0.4987 -0.6431 0.5812
vn -0.5134 0.3859 -0.7664
vn 0.4916 0.3453 -0.7994
vn 0.1072 -0.6683 -0.7362
vn -0.6656 -0.7168 -0.2075
vn 0.7517 -0.5973 0.2796
vn -0.9839 0.0822 -0.1590
vn 0.9887 0.0421 -0.1439
vn 0.0139 -0.9997 0.0190
vn -0.2251 -0.4740 -0.8513
vn 0.1977 0.3285 0.9236
vn -0.0125 -0.6587 -0.7523
vn 0.5676 -0.4817 0.6677
vn 0.7841 0.5278 0.3264
vn -0.0186 0.7405 0.6718
vn 0.2111 0.6932 0.6891
vn 0.0384 0.7635 0.6446
vn -0.5293 0.6269 0.5717
vn -0.9457 -0.3086 -0.1018
vn 0.5770 -0.8166 -0.0184
vn 0.9683 0.2426 0.0589
vn 0.1751 0.9597 -0.2197
vn 0.9641 0.2610 0.0495
vn 0.6494 -0.7248 0.2301
vn -0.8345 -0.5217 0.1772
vn -0.1464 -0.9432 0.2981
vn 0.2715 -0.4331 0.8595
vn -0.1114 -0.9529 0.2821
vn -0.1117 -0.4916 0.8636
vn 0.0031 -0.9991 0.0433
vn -0.0115 -0.9958 0.0907
vn -0.1300 -0.9841 0.1213
vn 0.1142 -0.2133 0.9703
vn -0.0319 -0.6830 0.7298
vn 0.2509 -0.5475 0.7983
vn -0.6582 0.5649 -0.4976
vn 0.0763 0.7567 -0.6493
vn -0.1101 0.7849 -0.6098
vn -0.8065 -0.5853 0.0839
vn -0.9702 -0.2420 0.0119
vn -0.9702 0.2364 -0.0539
vn 0.9252 -0.3786 0.0277
vn -0.1074 0.9932 0.0456
vn 0.4081 0.9000 0.1532
vn -0.9508 0.2953 -0.0941
vn -0.5238 0.8497 0.0608
vn 0.6341 -0.7675 -0.0944
vn -0.0800 -0.9071 0.4132
vn 0.0295 -0.9986 0.0448
vn -0.6180 -0.0021 0.7862
vn -0.1520 -0.6935 -0.7042
vn -0.1501 0.1029 0.9833
vn 0.1593 0.1036 0.9818
vn 0.1831 0.1297 -0.9745
vn -0.1604 0.1283 -0.9787
vn -0.7676 0.6342 -0.0929
vn -0.5411 0.6381 0.5478
vn 0.0734 0.6667 -0.7417
vn -0.9860 -0.0317 0.1637
vn -0.3542 -0.0220 -0.9349
vn -0.7049 0.0264 0.7088
vn -0.9215 0.0567 0.3843
vn 0.9461 0.3214 0.0409
vn -0.6823 0.7174 -0.1406
vn -0.8407 0.3484 -0.4146
vn -0.4998 0.8575 -0.1219
vn 0.7001 -0.4135 0.5822
vn -0.5967 -0.7411 0.3078
vn -0.0205 -0.9980 -0.0602
vn -0.7947 -0.3895 0.4656
vn -0.5114 -0.7537 -0.4128
vn 0.5450 0.2057 -0.8128
vn 0.0501 0.1625 0.9854
vn -0.1046 0.2163 0.9707
vn 0.8239 0.3130 -0.4724
vn 0.8399 0.3587 0.4073
vn 0.3577 0.9338 0.0047
vn 0.7805 -0.4129 -0.4695
vn 0.9226 0.0320 -0.3845
vn -0.0166 -0.9682 0.2495
vn 0.4225 -0.8901 0.1708
vn 0.0315 -0.9774 0.2091
vn 0.0911 -0.0245 0.9955
vn -0.3575 -0.0255 0.9336
vn -0.1046 0.0345 -0.9939
vn -0.2811 0.0466 -0.9585
vn 0.8327 -0.2279 0.5047
vn -0.8295 -0.2088 0.5181
vn -0.9695 -0.1671 0.1791
vn -0.1637 -0.1593 0.9736
vn -0.1677 -0.2483 -0.9541
vn 0.1572 -0.2370 -0.9587
vn 0.7689 -0.4473 -0.4568
vn -0.1031 -0.4349 -0.8946
vn 0.0810 -0.5638 0.8219
vn -0.5100 -0.5602 0.6528
vn 0.0751 0.6693 0.7392
vn -0.0293 0.6560 -0.7542
vn 0.8739 0.4677 -0.1328
vn 0.8644 0.4744 0.1664
vn 0.7340 0.5112 -0.4472
vn -0.7535 0.4923 -0.4358
vn -0.4302 0.4978 -0.7531
vn 0.3562 0.7256 -0.5887
vn 0.5904 0.7239 0.3569
vn -0.5907 0.7244 -0.3554
vn -0.3587 0.7042 0.6127
vn -0.5266 0.0287 0.8496
vn 0.5235 0.0182 0.8518
vn 0.5311 0.0361 -0.8465
vn 0.8470 0.0184 0.5313
vn -0.8518 0.0186 -0.5236
vn -0.8523 0.0214 0.5226
vn -0.4929 -0.3498 -0.7966
vn 0.4940 -0.3718 0.7860
vn -0.7893 -0.3761 0.4854
vn 0.7972 -0.3463 -0.4945
vn -0.7037 -0.5612 0.4358
vn 0.7113 -0.5620 -0.4222
vn -0.4222 -0.5620 -0.7113
vn 0.4328 -0.5614 0.7054
vn -0.8919 0.4262 -0.1512
vn 0.9028 0.4043 0.1465
vn 0.1291 0.4092 -0.9033
vn -0.1426 0.3893 0.9100
vn -0.7698 -0.1470 0.6211
vn -0.8295 -0.0340 0.5575
vn -0.7770 -0.0101 0.6294
vn -0.6441 0.0136 -0.7648
vn -0.7743 -0.2084 0.5976
vn -0.7859 0.0792 0.6133
vn -0.7840 0.3773 -0.4929
vn 0.1670 -0.0492 -0.9847
vn -0.1744 0.0653 -0.9825
vn -0.1543 0.1929 -0.9690
vn -0.1564 0.0257 0.9874
vn -0.2058 -0.0456 0.9775
vn -0.9847 -0.0491 -0.1674
vn 0.9825 0.0654 -0.1744
vn 0.9690 0.1930 -0.1544
vn -0.9928 0.0014 -0.1195
vn -0.8337 -0.0730 0.5474
vn 0.5529 -0.0288 -0.8327
vn 0.2416 0.0111 -0.9703
vn 0.9558 0.0037 0.2941
vn -0.4037 -0.7060 0.5819
vn -0.5821 -0.7058 -0.4037
vn -0.7106 -0.6965 -0.0995
vn -0.0000 1.0000 -0.0000
vn 0.0003 1.0000 0.0007
vn -0.6796 0.5029 0.5340
vn -0.0317 0.9010 -0.4328
vn 0.0315 0.9010 0.4328
vn -0.4328 0.9009 0.0316
vn 0.4328 0.9010 -0.0316
vn -0.5750 0.3369 0.7456
vn -0.2782 0.3919 -0.8769
vn 0.1442 0.1536 0.9776
vn 0.0699 0.9391 0.3365
vn 0.9752 0.2101 0.0697
vn -0.3848 0.8191 0.4255
vn -0.4964 0.2811 0.8213
vn 0.3114 0.7700 -0.5568
vn -0.9880 -0.0560 -0.1440
vn -0.2097 -0.0780 0.9747
vn -0.4628 -0.0036 -0.8865
vn -0.1621 -0.0771 -0.9838
vn -0.9407 -0.1046 -0.3226
vn -0.9449 -0.0459 0.3240
vn -0.9930 -0.0426 0.1102
vn -0.6345 -0.1177 0.7639
vn -0.1404 -0.0285 0.9897
vn 0.4037 -0.0204 0.9147
vn 0.4488 -0.0267 -0.8932
vn 0.8528 -0.0409 0.5206
vn 0.3888 -0.0394 0.9205
vn 0.4111 0.0676 0.9091
vn -0.8940 -0.0268 -0.4472
vn 0.8723 0.1683 0.4590
vn 0.5663 -0.4726 -0.6752
vn -0.7628 -0.0711 0.6427
vn -0.6442 0.0136 -0.7648
vn -0.7743 -0.2084 0.5975
vn -0.7859 0.0791 0.6132
vn -0.7839 0.3772 -0.4931
vn 0.1365 -0.1382 -0.9809
vn 0.1534 -0.0506 -0.9869
vn -0.1744 0.0654 -0.9825
vn -0.1544 0.1929 -0.9690
vn -0.9346 0.1063 -0.3394
vn -0.2112 -0.0446 0.9764
vn -0.9847 -0.0492 -0.1670
vn -0.8342 -0.0727 0.5466
vn 0.5528 -0.0288 -0.8328
vn 0.9554 0.0035 0.2953
vn -0.4035 -0.7060 0.5819
vn -0.7106 -0.6965 -0.0997
vn -0.6796 0.5028 0.5341
vn -0.0317 0.9010 -0.4327
vn 0.0296 0.9011 0.4327
vn -0.4327 0.9011 0.0299
vn 0.4328 0.9010 -0.0313
vn -0.2781 0.3918 -0.8770
vn 0.1443 0.1536 0.9775
vn 0.0696 0.9391 0.3365
vn 0.9752 0.2101 0.0698
vn -0.3853 0.8188 0.4256
vn 0.3117 0.7700 -0.5568
vn -0.9880 -0.0560 -0.1441
vn -0.2097 -0.0780 0.9746
vn -0.4616 -0.0032 -0.8871
vn -0.1629 -0.0771 -0.9836
vn -0.9408 -0.1046 -0.3223
vn -0.9450 -0.0459 0.3239
vn -0.6345 -0.1178 0.7639
vn 0.4481 -0.0268 -0.8936
vn 0.3889 -0.0394 0.9204
vn -0.8934 -0.0268 -0.4485
vn -0.7698 -0.1471 0.6211
vn -0.7771 -0.0101 0.6293
vn -0.7744 -0.2084 0.5973
vn -0.7858 0.0792 0.6133
vn 0.1669 -0.0492 -0.9847
vn -0.1542 0.1929 -0.9690
vn -0.2059 -0.0457 0.9775
vn -0.9808 -0.1391 -0.1366
vn -0.9868 -0.0505 -0.1536
vn -0.8334 -0.0729 0.5478
vn 0.5523 -0.0288 -0.8331
vn 0.2417 0.0111 -0.9703
vn 0.9557 0.0037 0.2943
vn -0.7105 -0.6966 -0.0997
vn -0.6795 0.5030 0.5341
vn -0.0315 0.9010 -0.4328
vn 0.0314 0.9010 0.4328
vn -0.5751 0.3368 0.7455
vn -0.2781 0.3919 -0.8770
vn 0.0698 0.9391 0.3365
vn -0.3852 0.8188 0.4256
vn 0.3114 0.7700 -0.5569
vn -0.2099 -0.0780 0.9746
vn -0.4593 -0.0032 -0.8883
vn -0.1281 -0.0810 -0.9884
vn -0.9412 -0.1039 -0.3213
vn -0.9930 -0.0426 0.1103
vn -0.6343 -0.1178 0.7640
vn 0.4505 -0.0267 -0.8924
vn 0.7275 -0.0421 0.6848
vn 0.4106 0.0677 0.9093
vn -0.8935 -0.0267 -0.4482
vn -0.8468 0.0024 0.5319
vn -0.8399 0.0027 0.5427
vn -0.8665 -0.0026 0.4992
vn -0.8244 -0.0091 0.5659
vn -0.9858 -0.0071 0.1680
vn -0.9862 -0.0072 0.1655
vn -0.9854 -0.0032 -0.1701
vn -0.9794 -0.0053 -0.2020
vn -0.8490 -0.0015 -0.5284
vn -0.8496 -0.0014 -0.5274
vn -0.8497 0.0072 -0.5271
vn -0.8492 0.0072 -0.5280
vn -0.9827 0.0055 -0.1854
vn -0.9855 0.0059 -0.1697
vn -0.9848 0.0042 0.1735
vn -0.9858 0.0041 0.1680
vn -0.5275 0.0088 -0.8495
vn -0.5267 0.0088 -0.8500
vn -0.5265 0.0002 -0.8502
vn -0.5274 0.0002 -0.8496
vn -0.1738 0.0013 -0.9848
vn -0.1690 0.0010 -0.9856
vn 0.1738 0.0013 -0.9848
vn 0.1690 0.0010 -0.9856
vn 0.5250 0.0002 -0.8511
vn 0.5274 0.0003 -0.8496
vn 0.5327 0.0093 -0.8463
vn 0.5276 0.0091 -0.8494
vn 0.1674 0.0099 -0.9858
vn 0.1655 0.0098 -0.9862
vn -0.1803 0.0098 -0.9836
vn -0.1659 0.0094 -0.9861
vn 0.8481 0.0075 -0.5298
vn 0.8496 0.0076 -0.5274
vn 0.8481 -0.0016 -0.5298
vn 0.8496 -0.0014 -0.5274
vn 0.9854 -0.0032 -0.1701
vn 0.9856 -0.0031 -0.1690
vn 0.9858 -0.0049 0.1680
vn 0.9856 -0.0048 0.1690
vn 0.8507 -0.0068 0.5256
vn 0.8496 -0.0066 0.5274
vn 0.8443 0.0024 0.5359
vn 0.8497 0.0021 0.5272
vn 0.9852 0.0041 0.1715
vn 0.9858 0.0040 0.1680
vn 0.9858 0.0058 -0.1678
vn 0.9855 0.0058 -0.1697
vn 0.5356 0.0006 0.8445
vn 0.5278 0.0008 0.8494
vn 0.5289 -0.0085 0.8487
vn 0.5273 -0.0083 0.8496
vn 0.1661 -0.0090 0.9861
vn 0.1690 -0.0092 0.9856
vn -0.1661 -0.0090 0.9861
vn -0.1690 -0.0092 0.9856
vn -0.5289 -0.0085 0.8487
vn -0.5273 -0.0083 0.8496
vn -0.5254 0.0009 0.8509
vn -0.5278 0.0008 0.8494
vn -0.1686 0.0001 0.9857
vn -0.1728 -0.0000 0.9850
vn 0.1686 0.0001 0.9857
vn 0.1728 -0.0000 0.9850
vn -0.1616 0.0196 -0.9867
vn -0.5271 0.0169 -0.8496
vn -0.5331 0.0204 -0.8458
vn -0.8136 -0.5634 -0.1434
vn -0.8039 -0.5775 0.1423
vn -0.4314 0.5855 0.6864
vn -0.4099 0.6062 0.6816
vn -0.1368 0.5857 0.7989
vn -0.1502 0.5681 0.8092
vn 0.1502 0.5681 0.8092
vn 0.1368 0.5857 0.7989
vn 0.4099 0.6062 0.6816
vn 0.4267 0.5901 0.6854
vn 0.5406 0.1226 0.8323
vn 0.5350 0.1259 0.8354
vn 0.1802 0.1108 0.9774
vn 0.1579 0.1196 0.9802
vn -0.1579 0.1196 0.9802
vn -0.1802 0.1108 0.9774
vn -0.5350 0.1259 0.8354
vn -0.5406 0.1226 0.8323
vn -0.1298 -0.6724 0.7287
vn 0.1298 -0.6724 0.7287
vn 0.3799 -0.6920 0.6139
vn 0.1278 -0.6840 -0.7182
vn -0.1278 -0.6840 -0.7182
vn 0.7236 -0.6781 0.1289
vn 0.7200 -0.6818 -0.1299
vn 0.6165 -0.6856 -0.3871
vn 0.8681 0.0637 -0.4922
vn 0.8480 0.0400 -0.5284
vn 0.8254 0.0351 -0.5635
vn 0.9847 0.0369 -0.1705
vn 0.9851 0.0372 -0.1678
vn 0.9861 0.0336 0.1625
vn 0.9847 0.0346 0.1707
vn 0.8399 0.0331 0.5417
vn 0.8470 0.0316 0.5306
vn 0.2052 0.2727 -0.9400
vn -0.2052 0.2727 -0.9400
vn 0.3779 0.6802 -0.6281
vn 0.3803 0.6948 -0.6105
vn 0.1216 0.6992 -0.7045
vn 0.0889 0.7333 -0.6740
vn -0.0889 0.7333 -0.6740
vn -0.1216 0.6992 -0.7045
vn -0.4230 0.6885 -0.5890
vn -0.4189 0.6313 -0.6527
vn -0.4644 0.2566 -0.8476
vn -0.5481 0.1849 -0.8157
vn -0.1227 0.1856 -0.9749
vn 0.1227 0.1856 -0.9749
vn 0.5150 0.1758 -0.8390
vn 0.5291 0.1858 -0.8280
vn 0.6839 0.6006 0.4141
vn 0.6715 0.6127 0.4167
vn 0.7587 0.6370 0.1363
vn 0.7688 0.6261 0.1299
vn 0.7493 0.6509 -0.1219
vn 0.7541 0.6442 -0.1282
vn 0.6330 0.6716 -0.3850
vn 0.6369 0.6595 -0.3994
vn 0.8225 0.1507 -0.5485
vn 0.8411 0.1713 -0.5131
vn 0.9762 0.1419 -0.1641
vn 0.9766 0.1433 -0.1604
vn 0.9764 0.1348 0.1690
vn 0.9752 0.1367 0.1740
vn 0.8495 0.1244 0.5127
vn 0.8389 0.1312 0.5283
vn -0.7028 0.5779 -0.4148
vn -0.7107 0.5506 -0.4380
vn -0.7588 0.6373 -0.1344
vn -0.7494 0.6508 -0.1220
vn -0.7689 0.6261 0.1299
vn -0.7587 0.6370 0.1363
vn -0.6708 0.6124 0.4182
vn -0.6856 0.5980 0.4152
vn -0.8389 0.1312 0.5283
vn -0.8495 0.1243 0.5127
vn -0.9752 0.1367 0.1740
vn -0.9764 0.1348 0.1690
vn -0.9766 0.1433 -0.1604
vn -0.9762 0.1420 -0.1641
vn -0.8290 0.1864 -0.5273
vn -0.8104 0.1503 -0.5663
vn 0.5222 -0.0277 0.8524
vn 0.5090 -0.0773 0.8573
vn -0.8669 0.0875 -0.4908
vn -0.8470 0.0316 0.5306
vn -0.8478 0.0314 0.5294
vn -0.9847 0.0346 0.1707
vn -0.9861 0.0336 0.1625
vn -0.9851 0.0372 -0.1678
vn -0.9847 0.0369 -0.1705
vn -0.8286 0.0399 -0.5584
vn -0.8571 0.0622 -0.5114
vn 0.4989 0.0485 0.8653
vn 0.5444 0.0285 0.8383
vn 0.5566 0.0267 0.8304
vn 0.1722 0.0264 0.9847
vn 0.1636 0.0276 0.9861
vn -0.1636 0.0276 0.9861
vn -0.1722 0.0264 0.9847
vn -0.5632 0.0241 0.8259
vn -0.5318 0.0285 0.8464
vn -0.4989 0.0485 0.8653
vn 0.1454 0.0698 -0.9869
vn -0.1454 0.0698 -0.9869
vn 0.1958 0.0925 -0.9763
vn -0.1958 0.0925 -0.9763
vn -0.5027 0.0828 -0.8605
vn -0.5422 0.0689 -0.8374
vn -0.5328 0.0370 -0.8454
vn -0.1838 0.0405 -0.9821
vn -0.1660 0.0370 -0.9854
vn 0.1660 0.0370 -0.9854
vn 0.1838 0.0405 -0.9821
vn 0.5247 0.0363 -0.8505
vn 0.5281 0.0371 -0.8484
vn 0.5260 0.0675 -0.8478
vn 0.5311 0.0692 -0.8445
vn 0.1574 -0.4255 -0.8911
vn 0.1634 -0.4200 -0.8927
vn -0.1634 -0.4200 -0.8927
vn -0.1574 -0.4255 -0.8911
vn -0.4747 -0.4333 -0.7661
vn -0.4776 -0.4308 -0.7657
vn 0.4755 -0.4375 -0.7632
vn 0.4808 -0.4330 -0.7625
vn -0.5158 0.0336 -0.8560
vn 0.8611 -0.0603 0.5048
vn -0.8459 0.0344 -0.5322
vn -0.8547 -0.0136 -0.5190
vn 0.8457 0.0422 0.5321
vn 0.7719 0.4033 -0.4914
vn 0.7733 0.4098 -0.4838
vn 0.7842 0.3851 0.4866
vn 0.7893 0.4055 0.4611
vn 0.8863 -0.4358 0.1567
vn 0.8894 -0.4251 0.1680
vn 0.8908 -0.4248 -0.1611
vn 0.8898 -0.4284 -0.1572
vn 0.7613 -0.4321 -0.4834
vn 0.7625 -0.4393 -0.4750
vn 0.8179 -0.2584 0.5141
vn 0.7410 -0.5229 0.4213
vn 0.7403 -0.4397 0.5085
vn -0.8898 -0.4284 -0.1572
vn -0.8908 -0.4248 -0.1611
vn -0.8894 -0.4251 0.1680
vn -0.8863 -0.4358 0.1567
vn -0.7779 -0.4441 0.4445
vn -0.7723 -0.4123 0.4832
vn -0.7656 -0.4311 -0.4775
vn -0.7658 -0.4327 -0.4757
vn -0.1564 -0.4408 0.8839
vn -0.1577 -0.4395 0.8843
vn 0.1577 -0.4395 0.8843
vn 0.1564 -0.4408 0.8839
vn 0.5073 -0.4410 0.7404
vn 0.4213 -0.5229 0.7410
vn 0.5214 -0.2287 0.8221
vn -0.4844 -0.4071 0.7744
vn -0.4360 -0.4465 0.7814
vn -0.1623 -0.0334 0.9862
vn -0.1790 -0.0166 0.9837
vn 0.1790 -0.0166 0.9837
vn 0.1623 -0.0334 0.9862
vn 0.5359 -0.0251 0.8439
vn 0.5329 -0.0286 0.8457
vn -0.5332 -0.0282 0.8455
vn -0.5359 -0.0251 0.8439
vn -0.7893 0.4055 0.4611
vn -0.7831 0.3814 0.4911
vn -0.7814 0.3890 -0.4879
vn -0.7854 0.4050 -0.4681
vn 0.4611 0.4055 0.7893
vn 0.4866 0.3851 0.7842
vn -0.4912 0.3814 0.7831
vn -0.4611 0.4055 0.7893
vn -0.5176 0.4010 -0.7558
vn -0.4667 0.4732 -0.7472
vn -0.4926 0.3121 -0.8124
vn 0.4838 0.4098 -0.7733
vn 0.4914 0.4033 -0.7719
vn 0.7581 -0.4432 -0.4783
vn 0.7595 -0.4460 -0.4735
vn 0.8856 -0.4366 -0.1588
vn 0.8856 -0.4365 -0.1588
vn 0.8856 -0.4365 0.1588
vn 0.8856 -0.4366 0.1588
vn 0.7645 -0.4329 0.4776
vn 0.7709 -0.4446 0.4562
vn 0.1623 -0.0334 -0.9862
vn 0.1790 -0.0166 -0.9837
vn -0.1790 -0.0166 -0.9837
vn -0.1623 -0.0334 -0.9862
vn -0.5377 -0.0250 -0.8428
vn -0.5426 -0.0194 -0.8398
vn 0.5200 -0.0373 -0.8534
vn 0.5315 -0.0252 -0.8467
vn 0.9862 -0.0334 0.1623
vn 0.9837 -0.0166 0.1790
vn 0.9837 -0.0166 -0.1790
vn 0.9862 -0.0334 -0.1623
vn 0.8467 -0.0252 -0.5315
vn 0.8534 -0.0373 -0.5200
vn 0.8457 -0.0286 0.5329
vn 0.8439 -0.0251 0.5359
vn -0.9862 -0.0334 -0.1623
vn -0.9837 -0.0166 -0.1790
vn -0.9837 -0.0166 0.1790
vn -0.9862 -0.0334 0.1623
vn -0.8444 0.0127 -0.5355
vn -0.8439 -0.0251 0.5359
vn -0.8455 -0.0282 0.5332
vn -0.8412 -0.0318 -0.5398
vn -0.8383 -0.0248 -0.5446
vn 0.8434 -0.1250 0.5225
vn -0.8447 -0.2317 -0.4825
vn -0.7691 -0.4444 0.4593
vn -0.7615 -0.4305 0.4846
vn -0.8855 -0.4366 0.1588
vn -0.8856 -0.4365 0.1588
vn -0.8856 -0.4365 -0.1589
vn -0.8856 -0.4366 -0.1588
vn -0.7581 -0.4432 -0.4784
vn -0.7041 -0.5119 -0.4921
vn 0.4562 -0.4446 0.7709
vn 0.4775 -0.4330 0.7645
vn 0.1588 -0.4366 0.8856
vn 0.1589 -0.4365 0.8856
vn -0.1589 -0.4365 0.8856
vn -0.1588 -0.4366 0.8856
vn -0.4846 -0.4305 0.7615
vn -0.4593 -0.4444 0.7691
vn -0.4478 -0.3237 -0.8335
vn -0.4783 -0.4432 -0.7581
vn -0.1588 -0.4366 -0.8856
vn -0.1589 -0.4365 -0.8856
vn 0.1588 -0.4365 -0.8856
vn 0.1588 -0.4366 -0.8856
vn 0.4735 -0.4460 -0.7595
vn 0.4783 -0.4432 -0.7581
vn -0.1667 -0.1107 0.9798
vn -0.1637 -0.1145 0.9798
vn 0.1637 -0.1145 0.9798
vn 0.1667 -0.1107 0.9798
vn -0.7527 -0.4200 -0.5070
vn -0.4627 -0.4554 -0.7606
vn -0.5222 -0.2627 -0.8114
vn 0.8007 -0.3310 -0.4994
vn 0.8008 -0.3287 -0.5008
vn 0.8429 -0.1294 0.5222
vn 0.7992 -0.3353 0.4989
vn 0.7994 -0.3309 0.5014
vn 0.1667 -0.1107 -0.9798
vn 0.1637 -0.1145 -0.9798
vn -0.1637 -0.1145 -0.9798
vn -0.1667 -0.1107 -0.9798
vn -0.5236 -0.1314 -0.8418
vn 0.9798 -0.1107 0.1667
vn 0.9798 -0.1145 0.1637
vn 0.9798 -0.1145 -0.1637
vn 0.9798 -0.1107 -0.1667
vn 0.8280 -0.2249 0.5137
vn -0.9798 -0.1107 -0.1667
vn -0.9798 -0.1145 -0.1637
vn -0.9798 -0.1145 0.1637
vn -0.9798 -0.1107 0.1667
vn -0.9768 -0.1272 -0.1726
vn -0.9768 -0.1272 0.1726
vn -0.8456 -0.1198 0.5202
vn -0.8435 -0.1192 -0.5238
vn -0.8436 -0.1198 -0.5235
vn -0.8016 -0.3311 0.4979
vn -0.7992 -0.2318 0.5545
vn -0.8026 -0.3246 -0.5004
vn -0.8025 -0.3311 -0.4963
vn 0.4957 -0.3312 0.8029
vn 0.5010 -0.3227 0.8030
vn -0.5545 -0.2318 0.7992
vn -0.4979 -0.3311 0.8016
vn -0.5055 -0.2822 -0.8154
vn -0.5031 -0.3308 -0.7984
vn -0.4971 -0.3430 -0.7970
vn 0.5007 -0.3287 -0.8008
vn 0.4994 -0.3310 -0.8007
vn 0.4585 -0.5218 0.7193
vn 0.3766 -0.6235 0.6851
vn -0.4788 -0.4329 0.7638
vn -0.3950 -0.5254 0.7537
vn -0.1726 -0.1272 0.9768
vn 0.1726 -0.1272 0.9768
vn 0.5228 -0.1198 0.8440
vn 0.5235 -0.1185 0.8438
vn 0.4848 -0.3838 0.7859
vn -0.5202 -0.1198 0.8456
vn 0.1726 -0.1272 -0.9768
vn -0.1726 -0.1272 -0.9768
vn -0.5230 -0.1289 -0.8425
vn -0.5221 -0.1198 -0.8444
vn -0.5240 -0.1155 -0.8438
vn 0.5198 -0.1247 -0.8451
vn 0.5227 -0.1198 -0.8441
vn 0.9768 -0.1272 0.1726
vn 0.9767 -0.1272 -0.1726
vn 0.8441 -0.1198 -0.5227
vn 0.8451 -0.1247 -0.5198
vn 0.8438 -0.1175 0.5236
vn 0.8443 -0.1198 0.5224
vn 0.8440 -0.0701 0.5318
vn 0.8308 0.1625 0.5324
vn -0.4493 -0.5225 -0.7246
vn -0.3961 -0.5838 -0.7087
vn 0.4498 -0.5291 -0.7195
vn 0.4554 -0.5221 -0.7212
vn 0.7211 -0.5221 -0.4554
vn 0.7195 -0.5291 -0.4498
vn 0.7124 -0.5777 0.3984
vn 0.7263 -0.5227 0.4463
vn -0.7307 -0.5105 -0.4532
vn -0.7536 -0.5254 0.3950
vn -0.7638 -0.4330 0.4788
vn -0.6846 -0.6238 -0.3770
vn -0.7236 -0.5224 -0.4512
vn -0.1408 0.6242 0.7685
vn -0.1371 0.6262 0.7675
vn 0.1371 0.6262 0.7675
vn 0.1408 0.6242 0.7685
vn 0.4076 0.6324 0.6587
vn 0.3300 0.6674 0.6676
vn -0.4170 0.6278 0.6572
vn -0.4076 0.6324 0.6587
vn -0.8324 0.1140 -0.5424
vn 0.5423 0.1141 0.8324
vn -0.5315 -0.0734 -0.8439
vn -0.5324 0.1625 -0.8307
vn 0.1529 0.2355 -0.9598
vn 0.2301 0.1822 -0.9560
vn -0.2301 0.1822 -0.9560
vn -0.1529 0.2355 -0.9598
vn -0.5086 0.2331 -0.8288
vn -0.5636 0.1948 -0.8027
vn -0.5330 0.0517 -0.8445
vn -0.5395 0.0600 -0.8398
vn -0.1378 0.0508 -0.9892
vn 0.1378 0.0508 -0.9892
vn 0.5242 0.0452 -0.8504
vn 0.5297 0.0517 -0.8466
vn 0.5002 0.2441 -0.8308
vn 0.5166 0.2326 -0.8240
vn 0.1408 0.6244 -0.7683
vn 0.1369 0.6264 -0.7674
vn -0.1369 0.6264 -0.7674
vn -0.1408 0.6244 -0.7683
vn -0.3467 0.6355 -0.6899
vn -0.3508 0.6339 -0.6893
vn 0.4071 0.6346 -0.6569
vn 0.4118 0.6323 -0.6563
vn 0.7684 0.6242 0.1408
vn 0.7674 0.6263 0.1369
vn 0.7674 0.6263 -0.1371
vn 0.7684 0.6243 -0.1408
vn 0.6562 0.6322 -0.4119
vn 0.6569 0.6347 -0.4071
vn 0.6691 0.6652 0.3314
vn 0.6604 0.6327 0.4044
vn -0.7684 0.6243 -0.1408
vn -0.7674 0.6263 -0.1371
vn -0.7675 0.6263 0.1369
vn -0.7684 0.6242 0.1408
vn -0.6604 0.6327 0.4044
vn -0.6583 0.6263 0.4176
vn -0.7345 0.5415 -0.4089
vn -0.6529 0.6882 -0.3163
vn -0.6558 0.6321 -0.4126
vn 0.9635 -0.2055 0.1716
vn 0.9642 -0.1867 0.1882
vn 0.9695 -0.1802 -0.1658
vn 0.9590 -0.2067 -0.1939
vn 0.8335 -0.1964 -0.5165
vn 0.8315 -0.1996 -0.5185
vn 0.8396 -0.2229 0.4953
vn 0.8387 -0.2202 0.4981
vn 0.9603 0.2334 0.1530
vn 0.9559 0.1781 0.2337
vn 0.9562 0.1803 -0.2306
vn 0.9604 0.2330 -0.1528
vn 0.8248 0.2320 -0.5156
vn 0.8312 0.2426 -0.5003
vn 0.8480 0.0429 -0.5283
vn 0.8500 0.0469 -0.5247
vn 0.9900 0.0417 -0.1349
vn 0.9901 0.0364 0.1355
vn 0.8474 0.0378 0.5296
vn 0.8455 0.0412 0.5323
vn 0.8263 0.2262 0.5158
vn 0.8285 0.2296 0.5108
vn -0.9604 0.2330 -0.1528
vn -0.9562 0.1803 -0.2306
vn -0.9559 0.1781 0.2337
vn -0.9603 0.2334 0.1530
vn -0.8285 0.2297 0.5108
vn -0.8263 0.2262 0.5158
vn -0.8455 0.0412 0.5323
vn -0.8474 0.0378 0.5296
vn -0.9901 0.0364 0.1355
vn -0.9900 0.0417 -0.1349
vn -0.8406 0.0428 -0.5400
vn -0.8743 0.1420 -0.4641
vn -0.8015 0.2296 -0.5522
vn -0.1529 0.2312 0.9608
vn -0.2306 0.1787 0.9565
vn 0.2306 0.1787 0.9565
vn 0.1529 0.2312 0.9608
vn 0.4117 0.2340 0.8807
vn 0.5147 0.1856 0.8370
vn 0.5495 0.0328 0.8348
vn 0.1354 0.0353 0.9902
vn -0.1354 0.0353 0.9902
vn -0.5495 0.0328 0.8348
vn -0.5147 0.1856 0.8370
vn -0.4117 0.2340 0.8808
vn 0.5375 0.1781 0.8243
vn -0.9590 -0.2067 -0.1939
vn -0.9695 -0.1802 -0.1658
vn -0.9642 -0.1867 0.1882
vn -0.9635 -0.2055 0.1716
vn -0.8387 -0.2202 0.4981
vn -0.8261 -0.1848 0.5324
vn -0.8497 -0.1866 -0.4932
vn -0.8435 -0.1977 -0.4994
vn -0.1735 -0.2272 0.9583
vn -0.1975 -0.1988 0.9599
vn 0.1975 -0.1988 0.9599
vn 0.1735 -0.2272 0.9583
vn 0.4921 -0.2236 0.8413
vn 0.4764 -0.1957 0.8572
vn -0.4812 -0.1832 0.8572
vn -0.5067 -0.2227 0.8328
vn 0.1665 -0.1885 -0.9679
vn 0.1894 -0.1616 -0.9685
vn -0.1894 -0.1616 -0.9685
vn -0.1665 -0.1885 -0.9679
vn -0.5162 -0.0857 -0.8522
vn -0.5270 -0.1949 -0.8272
vn -0.4957 -0.2401 -0.8347
vn 0.5233 -0.1883 -0.8311
vn 0.5176 -0.1951 -0.8331
vn 0.7949 0.3814 0.4719
vn 0.7972 0.3903 0.4606
vn -0.5311 0.0451 -0.8461
vn -0.4986 0.2951 -0.8151
vn -0.1158 0.3767 -0.9191
vn -0.1625 0.3368 -0.9274
vn 0.1625 0.3368 -0.9274
vn 0.1158 0.3767 -0.9191
vn 0.8471 0.0158 0.5312
vn 0.9048 0.3982 -0.1506
vn 0.9348 0.3396 -0.1036
vn 0.8128 0.2886 0.5060
vn -0.9275 0.3429 -0.1489
vn -0.9246 0.3482 -0.1544
vn -0.8248 0.1890 -0.5329
vn 0.9923 -0.0144 0.1228
vn 0.9919 -0.0304 -0.1235
vn 0.9818 0.0402 0.1856
vn 0.9788 0.0440 -0.2001
vn 0.8615 -0.0150 -0.5075
vn 0.8418 -0.0319 -0.5388
vn 0.9836 -0.0726 -0.1650
vn 0.9797 -0.0734 0.1865
vn 0.8637 -0.1006 0.4938
vn 0.8482 0.0100 0.5295
vn 0.8257 -0.0199 0.5638
vn -0.7985 0.3903 0.4582
vn -0.7923 0.3685 0.4863
vn -0.8626 0.0963 -0.4967
vn -0.5476 0.4172 0.7253
vn -0.4990 0.3613 0.7877
vn 0.4793 0.3626 0.7993
vn 0.5005 0.3937 0.7710
vn -0.5116 0.1481 -0.8464
vn -0.5031 0.0820 -0.8603
vn -0.9883 0.0138 0.1516
vn -0.9857 -0.0348 -0.1649
vn -0.9837 -0.0396 -0.1751
vn -0.9759 -0.0357 0.2153
vn -0.8481 0.0098 0.5298
vn -0.8450 0.0055 0.5348
vn -0.8455 -0.1306 0.5178
vn -0.8391 -0.1185 0.5308
vn -0.9833 -0.1278 0.1300
vn -0.8435 -0.0345 -0.5360
vn -0.8384 -0.0388 -0.5437
vn -0.1204 -0.0471 0.9916
vn 0.1204 -0.0471 0.9916
vn -0.4870 0.0381 0.8726
vn -0.2062 0.0437 0.9775
vn 0.2062 0.0437 0.9775
vn 0.5093 0.0236 0.8603
vn 0.5660 -0.0473 0.8230
vn 0.5409 -0.0714 0.8381
vn 0.1999 -0.1185 0.9726
vn -0.1999 -0.1185 0.9726
vn -0.5737 -0.0472 0.8177
vn 0.1334 -0.0270 -0.9907
vn -0.1332 -0.0272 -0.9907
vn 0.1972 0.0325 -0.9798
vn -0.1972 0.0325 -0.9798
vn -0.5321 0.0016 -0.8467
vn -0.5560 -0.0244 -0.8309
vn -0.5281 -0.0538 -0.8474
vn -0.1788 -0.0732 -0.9812
vn 0.1781 -0.0732 -0.9813
vn 0.5402 -0.0262 -0.8411
vn 0.5118 -0.0112 -0.8590
vn 0.6897 -0.5640 0.4541
vn 0.6966 -0.5785 0.4243
vn 0.8344 -0.5475 0.0627
vn 0.8478 -0.4951 0.1899
vn 0.8630 -0.4777 -0.1646
vn 0.8539 -0.4866 -0.1847
vn -0.8572 -0.4926 -0.1505
vn -0.8431 -0.5066 -0.1803
vn -0.8294 -0.5325 0.1689
vn -0.8239 -0.5520 0.1286
vn -0.6975 -0.5823 0.4176
vn -0.6896 -0.5674 0.4500
vn 0.5281 0.0503 -0.8477
vn 0.5031 -0.1908 0.8429
vn 0.5173 0.0313 0.8552
vn 0.8543 0.0302 0.5189
vn 0.8548 0.0325 0.5179
vn -0.9870 0.0173 -0.1600
vn -0.8493 0.0178 -0.5276
vn -0.8499 0.0184 -0.5266
vn -0.8478 0.0502 -0.5280
vn 0.9824 -0.0099 -0.1863
vn 0.9824 -0.0099 0.1863
vn 0.8403 -0.0597 -0.5388
vn 0.9866 -0.0653 -0.1493
vn 0.9866 -0.0653 0.1493
vn 0.8376 -0.0595 0.5430
vn 0.8540 -0.0073 0.5202
vn 0.8563 -0.0213 -0.5161
vn 0.8223 -0.2765 0.4973
vn 0.8431 -0.1725 0.5093
vn -0.5210 0.2248 0.8234
vn -0.5419 0.1900 0.8187
vn 0.5138 0.2372 0.8244
vn 0.5216 0.2248 0.8231
vn -0.9824 -0.0099 0.1863
vn -0.9824 -0.0099 -0.1863
vn -0.8378 -0.0595 0.5427
vn -0.9866 -0.0653 0.1493
vn -0.9866 -0.0653 -0.1493
vn -0.8377 -0.0595 -0.5428
vn -0.8549 -0.0147 -0.5186
vn -0.8549 -0.0150 0.5186
vn 0.1863 -0.0099 0.9824
vn -0.1863 -0.0099 0.9824
vn 0.5430 -0.0595 0.8376
vn 0.1493 -0.0653 0.9866
vn -0.1493 -0.0653 0.9866
vn -0.5426 -0.0595 0.8378
vn -0.5186 -0.0150 0.8549
vn 0.5218 0.0208 0.8528
vn 0.5250 -0.0179 0.8509
vn -0.1863 -0.0099 -0.9824
vn 0.1863 -0.0099 -0.9824
vn -0.5428 -0.0595 -0.8377
vn -0.1493 -0.0653 -0.9866
vn 0.1493 -0.0653 -0.9866
vn 0.5388 -0.0597 -0.8403
vn 0.5161 -0.0213 -0.8563
vn -0.5186 -0.0147 -0.8549
vn -0.1690 -0.0742 -0.9828
vn -0.1699 -0.0730 -0.9828
vn 0.1699 -0.0730 -0.9828
vn 0.1690 -0.0742 -0.9828
vn 0.5259 -0.0770 -0.8471
vn 0.5260 -0.0768 -0.8470
vn -0.5263 -0.0699 -0.8474
vn -0.5212 -0.0770 -0.8500
vn 0.5300 0.2249 -0.8176
vn 0.5105 0.2584 -0.8201
vn -0.5140 0.2367 -0.8245
vn -0.5210 0.2254 -0.8233
vn 0.8326 0.1802 0.5237
vn 0.8201 0.2123 0.5314
vn 0.8101 0.3083 0.4986
vn 0.8204 0.2590 -0.5097
vn 0.8178 0.2241 -0.5301
vn -0.8234 0.2246 -0.5211
vn -0.8248 0.2370 -0.5133
vn -0.8264 0.2154 0.5202
vn -0.8262 0.2130 0.5216
vn 0.8532 -0.0188 0.5212
vn 0.8486 0.0104 -0.5289
vn 0.8490 0.0105 -0.5282
vn 0.9836 -0.0853 -0.1592
vn 0.8523 -0.0907 0.5152
vn 0.8397 -0.0533 0.5405
vn 0.9845 -0.0456 0.1691
vn 0.9850 -0.0480 0.1657
vn 0.9809 -0.0414 -0.1902
vn 0.8466 -0.0829 -0.5257
vn 0.8471 -0.0820 -0.5251
vn -0.9836 -0.0853 -0.1592
vn -0.8470 -0.0820 -0.5253
vn -0.8424 -0.0919 -0.5309
vn -0.8507 -0.0534 -0.5230
vn -0.9809 -0.0414 -0.1902
vn -0.9850 -0.0480 0.1657
vn -0.9845 -0.0456 0.1691
vn -0.8489 -0.0430 0.5268
vn -0.8593 -0.0532 0.5087
vn 0.1691 -0.0970 0.9808
vn 0.1716 -0.0941 0.9807
vn -0.1716 -0.0941 0.9807
vn -0.1691 -0.0971 0.9808
vn -0.5384 -0.0953 0.8373
vn -0.5105 -0.0556 0.8581
vn 0.5226 -0.0760 0.8492
vn 0.5332 -0.1080 0.8390
vn 0.5244 -0.0957 0.8461
vn 0.1680 -0.0079 0.9858
vn 0.1706 -0.0082 0.9853
vn -0.1706 -0.0082 0.9853
vn -0.1680 -0.0079 0.9858
vn -0.8498 0.0105 -0.5270
vn -0.8573 0.0120 -0.5146
vn 0.5165 -0.0263 0.8559
vn 0.5250 -0.0174 0.8509
vn 0.5244 0.0146 -0.8513
vn 0.5267 0.0149 -0.8499
vn -0.5261 0.0179 -0.8502
vn -0.5116 0.0148 -0.8591
vn 0.7035 0.5577 -0.4405
vn 0.7118 0.5312 -0.4596
vn 0.7187 0.5071 0.4757
vn 0.7098 0.5384 0.4542
vn -0.1618 0.0080 -0.9868
vn 0.1618 0.0080 -0.9868
vn -0.5361 0.0058 -0.8441
vn -0.8443 0.0045 -0.5358
vn -0.8525 0.0041 0.5227
vn -0.7489 0.4620 0.4751
vn -0.7458 0.4797 0.4622
vn -0.7337 0.4990 -0.4611
vn -0.7285 0.5198 -0.4462
vn 0.4362 0.5431 0.7174
vn 0.4840 0.4758 0.7344
vn -0.4610 0.4775 0.7480
vn -0.4766 0.4563 0.7514
vn -0.4398 0.5482 -0.7114
vn 0.4436 0.5480 -0.7092
vn 0.4440 0.5474 -0.7093
vn -0.4555 0.5262 -0.7180
vn 0.1659 0.0052 0.9861
vn 0.1702 -0.0002 0.9854
vn -0.1702 -0.0002 0.9854
vn -0.1659 0.0052 0.9861
vn -0.5292 0.0021 0.8485
vn -0.5315 -0.0011 0.8471
vn 0.5301 0.0015 0.8479
vn 0.5297 0.0021 0.8482
vn 0.7572 -0.4695 0.4540
vn -0.1662 0.0180 -0.9859
vn -0.1710 0.0240 -0.9850
vn 0.1710 0.0240 -0.9850
vn 0.1662 0.0180 -0.9859
vn 0.5304 0.0225 -0.8474
vn 0.5267 0.0173 -0.8499
vn -0.5266 0.0136 -0.8500
vn -0.5325 0.0225 -0.8461
vn 0.9859 0.0153 -0.1667
vn 0.9855 0.0119 -0.1695
vn 0.9852 0.0135 0.1711
vn 0.9860 0.0079 0.1665
vn 0.8471 0.0094 0.5314
vn 0.8501 0.0024 0.5266
vn 0.8508 0.0196 -0.5251
vn 0.8482 0.0135 -0.5296
vn -0.9860 0.0079 0.1665
vn -0.9852 0.0135 0.1711
vn -0.9855 0.0119 -0.1695
vn -0.9859 0.0153 -0.1667
vn -0.8482 0.0135 -0.5296
vn -0.8478 0.0127 -0.5301
vn -0.8489 0.0067 0.5285
vn -0.8477 0.0094 0.5304
vn -0.8512 -0.0635 -0.5210
vn 0.4525 -0.4732 0.7559
vn -0.1504 -0.4413 -0.8847
vn -0.1526 -0.4397 -0.8851
vn 0.1526 -0.4397 -0.8851
vn 0.1504 -0.4413 -0.8847
vn 0.4886 -0.4487 -0.7483
vn -0.4892 -0.4486 -0.7479
vn 0.4845 -0.4516 -0.7492
vn -0.4800 -0.4551 -0.7500
vn -0.4675 -0.4702 0.7486
vn -0.5307 -0.4262 0.7326
vn 0.4509 -0.4713 0.7580
vn -0.7532 -0.4540 -0.4761
vn -0.7543 -0.4578 -0.4705
vn -0.8686 -0.4666 -0.1666
vn -0.8808 -0.4502 -0.1465
vn -0.8738 -0.4556 0.1701
vn -0.8701 -0.4688 0.1519
vn -0.7340 -0.4246 0.5301
vn -0.7476 -0.4630 0.4761
vn 0.7628 -0.4645 0.4498
vn 0.8701 -0.4688 0.1519
vn 0.8738 -0.4556 0.1701
vn 0.8808 -0.4502 -0.1465
vn 0.8686 -0.4666 -0.1666
vn 0.7537 -0.4539 -0.4753
vn 0.7537 -0.4541 -0.4751
vn 0.5045 0.0976 0.8579
vn 0.1734 0.0879 0.9809
vn 0.1629 0.1063 0.9809
vn -0.1629 0.1063 0.9809
vn -0.1734 0.0879 0.9809
vn -0.5143 0.0978 0.8520
vn 0.5365 -0.0002 0.8439
vn -0.5043 0.0954 -0.8583
vn -0.1714 0.0850 -0.9815
vn -0.1609 0.1021 -0.9817
vn 0.1609 0.1021 -0.9817
vn 0.1714 0.0850 -0.9815
vn 0.5217 0.0957 -0.8477
vn 0.5241 0.0917 -0.8467
vn -0.5342 0.0354 -0.8446
vn 0.9864 0.0387 -0.1597
vn 0.9870 0.0287 0.1579
vn 0.8454 0.0920 -0.5261
vn 0.8475 0.1006 -0.5211
vn 0.9785 0.0906 -0.1855
vn 0.9778 0.0910 0.1889
vn 0.8575 0.1017 0.5042
vn 0.8479 0.0246 0.5296
vn 0.8445 -0.0348 0.5344
vn -0.9870 0.0287 0.1579
vn -0.9864 0.0387 -0.1597
vn -0.8522 0.1019 0.5133
vn -0.9778 0.0910 0.1889
vn -0.9785 0.0906 -0.1855
vn -0.8581 0.1004 -0.5037
vn -0.8525 0.0717 -0.5178
vn -0.8447 -0.0245 -0.5346
vn -0.5597 0.2523 0.7893
vn 0.5207 0.2168 0.8258
vn 0.4429 0.6083 0.6586
vn -0.7843 0.2664 0.5603
vn 0.7500 0.3962 0.5297
vn -0.1152 0.8016 -0.5867
vn -0.1118 0.8037 -0.5845
vn 0.1118 0.8037 -0.5845
vn 0.1152 0.8016 -0.5867
vn 0.3143 0.7967 -0.5163
vn 0.3146 0.7971 -0.5154
vn -0.3676 0.7913 -0.4886
vn -0.3660 0.7892 -0.4932
vn 0.6506 0.7556 -0.0758
vn 0.6691 0.7348 -0.1116
vn 0.6864 0.7218 0.0887
vn 0.6559 0.7460 0.1152
vn 0.5788 0.7239 0.3754
vn 0.5292 0.7821 -0.3291
vn 0.5287 0.7843 -0.3246
vn -0.6559 0.7460 0.1152
vn -0.6864 0.7218 0.0887
vn -0.6691 0.7348 -0.1116
vn -0.6506 0.7556 -0.0758
vn -0.4969 0.7825 -0.3751
vn -0.4966 0.7834 -0.3737
vn -0.5704 0.7486 0.3382
vn -0.5949 0.7315 0.3333
vn 0.1263 0.6927 0.7101
vn 0.1312 0.6886 0.7132
vn -0.1312 0.6886 0.7132
vn -0.1263 0.6927 0.7101
vn -0.3380 0.7081 0.6199
vn -0.3508 0.7004 0.6216
vn 0.3857 0.7063 0.5936
vn -0.4356 0.4650 -0.7707
vn 0.3764 0.6664 0.6436
vn 0.5200 0.1020 0.8481
vn -0.8455 0.1369 -0.5161
vn -0.7249 0.5339 -0.4352
vn 0.6627 0.6614 0.3512
vn 0.1374 -0.6180 0.7741
vn 0.1486 -0.6079 0.7800
vn -0.1486 -0.6079 0.7800
vn -0.1374 -0.6180 0.7741
vn -0.3811 -0.6311 0.6756
vn -0.4437 -0.5855 0.6785
vn 0.3551 -0.6939 0.6264
vn 0.4465 -0.6268 0.6386
vn -0.7452 -0.6524 0.1382
vn -0.7549 -0.6430 0.1291
vn -0.7421 -0.6560 -0.1376
vn -0.7365 -0.6645 -0.1266
vn -0.5927 -0.6807 -0.4305
vn -0.5763 -0.7590 -0.3031
vn -0.6702 -0.6317 0.3895
vn -0.6546 -0.6441 0.3957
vn 0.7365 -0.6645 -0.1266
vn 0.7421 -0.6560 -0.1376
vn 0.7549 -0.6430 0.1291
vn 0.7452 -0.6524 0.1382
vn 0.6621 -0.6462 0.3796
vn 0.5657 -0.7150 0.4107
vn 0.6262 -0.6729 -0.3937
vn 0.6252 -0.6836 -0.3766
vn 0.8474 -0.0018 0.5310
vn 0.8470 -0.0335 0.5305
vn -0.8232 -0.2065 -0.5289
vn 0.5313 -0.0064 0.8472
vn -0.4988 -0.3533 -0.7914
vn -0.5294 -0.0403 -0.8474
vn -0.9553 0.2458 0.1643
vn -0.9556 0.2442 0.1649
vn -0.9567 0.2410 -0.1634
vn -0.9558 0.2438 -0.1643
vn -0.8314 0.2413 -0.5006
vn -0.7928 0.3349 -0.5092
vn -0.8340 0.1740 0.5236
vn -0.8364 0.2534 0.4860
vn 0.9558 0.2438 -0.1643
vn 0.9567 0.2410 -0.1634
vn 0.9556 0.2442 0.1649
vn 0.9553 0.2458 0.1643
vn 0.8215 0.2527 0.5112
vn 0.8184 0.3032 0.4882
vn 0.8283 0.2343 -0.5090
vn 0.8258 0.2408 -0.5100
vn 0.1654 0.2446 -0.9554
vn 0.1725 0.2242 -0.9592
vn -0.1725 0.2242 -0.9592
vn -0.1654 0.2446 -0.9554
vn 0.5234 0.0156 0.8520
vn -0.5035 0.2603 0.8239
vn -0.5106 0.3128 0.8009
vn 0.5069 0.3784 0.7745
vn 0.4971 0.2606 0.8276
vn 0.9909 -0.0639 0.1184
vn 0.9896 -0.0594 -0.1313
vn 0.9702 -0.1267 0.2067
vn 0.9692 -0.1191 -0.2157
vn 0.8494 -0.0231 0.5272
vn 0.9794 -0.0213 0.2008
vn 0.9853 -0.0256 0.1689
vn 0.9795 -0.0248 -0.2000
vn 0.9854 -0.0193 -0.1689
vn 0.8495 -0.0178 -0.5273
vn 0.8314 -0.0627 -0.5520
vn 0.8485 -0.0521 -0.5266
vn 0.8582 -0.1560 -0.4890
vn 0.7131 -0.4369 -0.5482
vn 0.8887 -0.4525 -0.0733
vn 0.8955 -0.4395 0.0695
vn 0.7708 -0.4230 0.4763
vn 0.7720 -0.4614 0.4372
vn 0.8413 -0.0613 0.5371
vn 0.8479 -0.0649 0.5263
vn 0.1185 -0.0586 -0.9912
vn -0.1185 -0.0586 -0.9912
vn 0.2087 -0.1174 -0.9709
vn -0.2087 -0.1174 -0.9709
vn 0.5273 -0.0162 -0.8495
vn 0.1995 -0.0153 -0.9798
vn 0.1689 -0.0195 -0.9854
vn -0.1689 -0.0195 -0.9854
vn -0.1995 -0.0153 -0.9798
vn -0.5273 -0.0162 -0.8495
vn -0.5265 -0.0582 -0.8482
vn -0.5222 -0.0596 -0.8507
vn -0.4832 -0.4587 -0.7458
vn -0.5823 -0.3304 -0.7428
vn -0.0665 -0.4383 -0.8964
vn 0.0665 -0.4383 -0.8964
vn 0.4833 -0.4132 -0.7718
vn 0.4341 -0.4612 -0.7739
vn 0.5379 -0.0544 -0.8412
vn 0.5265 -0.0582 -0.8482
vn -0.1240 -0.0684 0.9899
vn 0.1240 -0.0684 0.9899
vn -0.2057 -0.1293 0.9700
vn 0.2057 -0.1293 0.9700
vn -0.5272 -0.0247 0.8494
vn -0.1689 -0.0251 0.9853
vn -0.2014 -0.0310 0.9790
vn 0.2014 -0.0310 0.9790
vn 0.1689 -0.0251 0.9853
vn 0.5272 -0.0247 0.8494
vn 0.5525 -0.0697 0.8306
vn 0.5265 -0.0588 0.8482
vn 0.4878 -0.1617 0.8578
vn 0.5346 -0.4588 0.7098
vn 0.0771 -0.4567 0.8862
vn -0.0772 -0.4567 0.8862
vn -0.4914 -0.3963 0.7755
vn -0.4146 -0.4698 0.7793
vn -0.5263 -0.0636 0.8479
vn -0.5441 -0.0699 0.8361
vn -0.9781 -0.0607 -0.1992
vn -0.9803 -0.0584 -0.1886
vn -0.9846 -0.0583 0.1646
vn -0.9842 -0.0578 0.1672
vn -0.8495 -0.0178 -0.5273
vn -0.9894 -0.0193 -0.1443
vn -0.8658 -0.0213 0.5000
vn -0.8373 -0.0591 0.5435
vn -0.8413 -0.0613 0.5371
vn -0.7720 -0.4614 0.4372
vn -0.7704 -0.4158 0.4833
vn -0.8936 -0.4414 0.0821
vn -0.8732 -0.4795 -0.0871
vn -0.7922 -0.4042 -0.4571
vn -0.7983 -0.3076 -0.5178
vn -0.8480 -0.0614 -0.5264
vn -0.8451 -0.0629 -0.5309
vn 0.8561 0.0187 0.5165
vn -0.5187 0.0181 -0.8548
vn 0.5198 -0.0212 0.8540
vn 0.5208 0.0417 0.8527
vn -0.8540 -0.0027 -0.5202
vn -0.8533 0.0303 -0.5206
vn 0.4927 0.3371 -0.8023
vn 0.5003 0.3284 -0.8011
vn -0.4854 0.4111 -0.7716
vn -0.5414 0.3335 -0.7718
vn -0.5056 0.3253 0.7991
vn -0.5588 0.2592 0.7878
vn 0.4852 0.4120 0.7712
vn 0.5495 0.3218 0.7710
vn -0.7711 0.3202 -0.5503
vn -0.7716 0.4111 -0.4854
vn -0.7887 0.2576 0.5582
vn -0.8009 0.3258 0.5025
vn 0.7710 0.3224 0.5491
vn 0.7712 0.4120 0.4852
vn 0.8009 0.3293 -0.5002
vn 0.8001 0.3238 -0.5049
vn -0.9728 0.1647 0.1628
vn -0.9729 0.1612 0.1655
vn -0.9729 0.1612 -0.1655
vn -0.9728 0.1647 -0.1628
vn -0.8396 0.1657 -0.5174
vn -0.8388 0.1628 -0.5195
vn -0.8382 0.1656 0.5197
vn 0.9728 0.1647 -0.1628
vn 0.9729 0.1612 -0.1655
vn 0.9729 0.1612 0.1655
vn 0.9728 0.1647 0.1628
vn 0.8396 0.1657 0.5174
vn 0.8356 0.1506 0.5284
vn 0.8333 0.1972 0.5164
vn 0.8398 0.1683 -0.5161
vn 0.8391 0.1656 -0.5181
vn -0.1628 0.1647 -0.9728
vn -0.1655 0.1612 -0.9729
vn 0.1655 0.1612 -0.9729
vn 0.1628 0.1647 -0.9728
vn 0.5181 0.1656 -0.8391
vn 0.5161 0.1683 -0.8398
vn -0.5166 0.1966 -0.8334
vn -0.5284 0.1506 -0.8356
vn -0.5174 0.1657 -0.8396
vn 0.1628 0.1647 0.9728
vn 0.1655 0.1612 0.9729
vn -0.1655 0.1612 0.9729
vn -0.1628 0.1647 0.9728
vn -0.5197 0.1656 0.8381
vn 0.5193 0.1630 0.8389
vn 0.5174 0.1657 0.8396
vn 0.6591 0.7453 -0.1005
vn 0.6757 0.7265 -0.1252
vn 0.6744 0.7277 0.1250
vn 0.6606 0.7435 0.1041
vn 0.5557 0.7525 0.3536
vn 0.5555 0.7531 0.3526
vn 0.5539 0.7572 -0.3462
vn 0.5557 0.7519 -0.3548
vn -0.1146 0.7465 -0.6555
vn -0.1231 0.7399 -0.6613
vn 0.1231 0.7399 -0.6613
vn 0.1146 0.7465 -0.6555
vn 0.3536 0.7538 -0.5538
vn 0.3494 0.7564 -0.5529
vn -0.3506 0.7551 -0.5540
vn -0.3525 0.7539 -0.5544
vn 0.1044 0.7445 0.6594
vn 0.1248 0.7289 0.6732
vn -0.1248 0.7289 0.6732
vn -0.1044 0.7445 0.6594
vn -0.2538 0.7548 0.6048
vn -0.3992 0.6718 0.6240
vn 0.3511 0.7529 0.5567
vn 0.3546 0.7507 0.5574
vn -0.6606 0.7435 0.1041
vn -0.6744 0.7277 0.1250
vn -0.6757 0.7265 -0.1252
vn -0.6591 0.7453 -0.1005
vn -0.5563 0.7520 -0.3536
vn -0.5553 0.7548 -0.3490
vn -0.6233 0.6650 0.4114
vn -0.6041 0.7555 0.2534
vn 0.5251 0.0100 -0.8510
vn 0.5285 0.0198 -0.8487
vn 0.1682 0.0135 -0.9857
vn 0.1708 0.0198 -0.9851
vn -0.1708 0.0198 -0.9851
vn -0.1682 0.0135 -0.9857
vn -0.5237 0.0189 -0.8517
vn -0.5214 0.0101 -0.8533
vn -0.5257 0.0590 -0.8486
vn -0.5237 -0.0012 0.8519
vn -0.5300 -0.0196 0.8478
vn -0.1738 -0.0108 0.9847
vn 0.1738 -0.0108 0.9847
vn 0.5206 0.0092 0.8538
vn 0.5243 -0.0011 0.8515
vn -0.8512 0.0142 -0.5247
vn -0.8533 0.0245 -0.5208
vn -0.9847 0.0023 -0.1743
vn -0.9841 0.0065 0.1776
vn -0.8510 0.0063 0.5251
vn -0.8536 -0.0062 0.5209
vn 0.8496 0.0399 0.5259
vn 0.8535 -0.0062 0.5210
vn 0.8518 0.0045 0.5238
vn 0.9841 0.0065 0.1776
vn 0.9847 0.0023 -0.1743
vn 0.8494 0.0082 -0.5277
vn 0.8507 0.0142 -0.5254
vn -0.9863 -0.0348 0.1612
vn -0.9861 -0.0236 -0.1642
vn -0.8377 -0.1217 -0.5325
vn 0.9861 -0.0236 -0.1642
vn 0.9863 -0.0348 0.1612
vn 0.8456 -0.0804 0.5277
vn 0.8308 -0.1907 0.5228
vn -0.5249 -0.1697 -0.8341
vn -0.5278 -0.0591 -0.8473
vn 0.1636 -0.0365 0.9858
vn -0.1636 -0.0365 0.9858
vn 0.5320 -0.1380 0.8354
vn 0.4612 -0.4870 -0.7417
vn 0.4691 -0.4780 -0.7426
vn -0.4120 -0.5837 -0.6996
vn -0.4938 -0.4839 -0.7225
vn -0.4619 -0.4744 0.7494
vn -0.4893 -0.4418 0.7519
vn 0.4176 -0.5693 0.7082
vn 0.4966 -0.4719 0.7285
vn -0.7232 -0.4797 -0.4968
vn -0.7011 -0.5808 -0.4137
vn -0.7488 -0.4563 0.4808
vn -0.7477 -0.4681 0.4710
vn 0.7295 -0.4649 0.5016
vn 0.7068 -0.5723 0.4159
vn 0.7433 -0.4745 -0.4715
vn 0.7426 -0.4820 -0.4650
vn -0.5163 -0.0730 -0.8533
vn 0.5233 0.0435 0.8511
vn 0.5196 -0.1280 0.8448
vn -0.8438 -0.1336 -0.5198
vn -0.8511 0.0475 -0.5229
vn 0.8527 -0.0736 0.5172
vn -0.8796 0.4487 -0.1579
vn -0.8784 0.4518 -0.1559
vn -0.7446 0.4606 -0.4832
vn -0.7330 0.5310 -0.4252
vn 0.8755 0.4600 -0.1481
vn 0.8812 0.4454 -0.1582
vn 0.7522 0.4546 -0.4771
vn 0.7505 0.4707 -0.4639
vn 0.4646 0.4757 -0.7469
vn 0.4783 0.4589 -0.7487
vn -0.4259 0.5365 -0.7285
vn -0.4842 0.4652 -0.7410
vn -0.4675 0.4529 0.7592
vn -0.4916 0.4218 0.7618
vn 0.4362 0.5151 0.7379
vn 0.4860 0.4516 0.7482
vn -0.5334 -0.0267 -0.8454
vn 0.5316 0.0126 0.8469
vn 0.5309 -0.0444 0.8462
vn -0.8467 0.0082 -0.5320
vn -0.8456 -0.0401 -0.5323
vn 0.8456 -0.0277 0.5331
vn -0.9466 -0.2792 0.1613
vn -0.9491 -0.2664 0.1679
vn -0.8093 -0.2796 -0.5166
vn -0.8073 -0.3545 -0.4719
vn 0.9472 -0.2750 -0.1649
vn 0.9493 -0.2644 -0.1703
vn 0.9492 -0.2646 0.1703
vn 0.9463 -0.2792 0.1629
vn 0.1609 -0.2803 -0.9463
vn 0.1683 -0.2658 -0.9492
vn -0.4700 -0.3544 -0.8084
vn -0.5213 -0.2686 -0.8100
vn 0.1695 -0.2743 0.9466
vn 0.1698 -0.2737 0.9467
vn -0.1642 -0.2790 0.9462
vn -0.1696 -0.2680 0.9484
vn -0.5365 0.0391 -0.8430
vn 0.5343 0.0557 0.8434
vn -0.5232 0.0872 -0.8477
vn -0.5252 0.0478 -0.8497
vn 0.5231 0.0536 0.8506
vn -0.8506 0.0536 -0.5231
vn 0.8497 0.0478 0.5251
vn 0.8477 0.0873 0.5232
vn -0.9439 0.2859 0.1651
vn -0.9440 0.2857 0.1652
vn -0.9449 0.2833 -0.1642
vn -0.9446 0.2847 -0.1636
vn 0.9434 0.2880 -0.1645
vn 0.9439 0.2861 -0.1652
vn 0.9439 0.2861 0.1652
vn 0.9434 0.2880 0.1645
vn -0.1640 0.2889 -0.9432
vn -0.1667 0.2818 -0.9449
vn 0.1661 0.2818 -0.9450
vn 0.1635 0.2887 -0.9434
vn 0.1641 0.2856 0.9442
vn 0.1656 0.2818 0.9451
vn -0.1649 0.2819 0.9452
vn -0.1636 0.2851 0.9444
vn -0.5306 -0.0579 -0.8456
vn 0.5306 -0.0579 0.8456
vn -0.8462 -0.0549 -0.5300
vn -0.8445 -0.0872 -0.5284
vn 0.8462 -0.0549 0.5300
vn 0.8445 -0.0873 0.5284
vn -0.9607 -0.2230 0.1652
vn -0.9615 -0.2170 0.1688
vn -0.9612 -0.2180 -0.1688
vn -0.9607 -0.2224 -0.1661
vn -0.8223 -0.2230 -0.5236
vn -0.8238 -0.2484 -0.5095
vn -0.8228 -0.2376 0.5164
vn -0.8218 -0.2215 0.5250
vn 0.9608 -0.2224 -0.1657
vn 0.9614 -0.2172 -0.1688
vn 0.9614 -0.2172 0.1688
vn 0.9608 -0.2224 0.1657
vn 0.8210 -0.2229 0.5257
vn 0.8226 -0.2546 0.5085
vn 0.8230 -0.2462 -0.5119
vn 0.8212 -0.2229 -0.5252
vn -0.1658 -0.2219 -0.9609
vn -0.1688 -0.2170 -0.9615
vn 0.1688 -0.2180 -0.9612
vn 0.1661 -0.2224 -0.9607
vn 0.5252 -0.2229 -0.8212
vn 0.5120 -0.2462 -0.8230
vn -0.5087 -0.2484 -0.8243
vn -0.5236 -0.2217 -0.8226
vn 0.1658 -0.2219 0.9609
vn 0.1688 -0.2170 0.9615
vn -0.1688 -0.2180 0.9612
vn -0.1661 -0.2224 0.9607
vn -0.5250 -0.2229 0.8214
vn -0.5188 -0.2344 0.8221
vn 0.5077 -0.2545 0.8231
vn 0.5257 -0.2216 0.8213
vn 0.5207 0.0097 -0.8537
vn 0.5330 0.0225 -0.8458
vn 0.1705 0.0219 -0.9851
vn 0.1654 0.0266 -0.9859
vn -0.1654 0.0266 -0.9859
vn -0.1705 0.0219 -0.9851
vn -0.5437 0.0223 -0.8390
vn -0.5174 -0.0174 -0.8556
vn -0.5171 -0.0179 0.8558
vn -0.5437 0.0223 0.8390
vn -0.1705 0.0219 0.9851
vn -0.1654 0.0266 0.9859
vn 0.1654 0.0266 0.9859
vn 0.1705 0.0219 0.9851
vn 0.5470 0.0109 0.8371
vn 0.5405 0.0224 0.8411
vn 0.5183 -0.0292 0.8547
vn -0.8556 -0.0174 -0.5174
vn -0.8390 0.0223 -0.5437
vn -0.9851 0.0219 -0.1705
vn -0.9859 0.0266 -0.1654
vn -0.9859 0.0266 0.1654
vn -0.9851 0.0219 0.1705
vn -0.8390 0.0223 0.5437
vn -0.8558 -0.0179 0.5171
vn 0.8558 -0.0167 0.5171
vn 0.8394 0.0223 0.5430
vn 0.9851 0.0219 0.1705
vn 0.9859 0.0266 0.1654
vn 0.9859 0.0266 -0.1654
vn 0.9851 0.0219 -0.1705
vn 0.8458 0.0225 -0.5330
vn 0.8537 0.0097 -0.5207
vn 0.5241 0.0760 0.8483
vn -0.5030 0.1314 0.8542
vn 0.4998 0.1941 0.8441
vn -0.8542 0.1309 -0.5032
vn -0.8542 0.1311 0.5031
vn 0.8549 0.1342 0.5012
vn -0.5032 0.1309 -0.8542
vn -0.1120 0.7425 -0.6605
vn -0.1263 0.7362 -0.6648
vn 0.1263 0.7362 -0.6648
vn 0.1120 0.7425 -0.6605
vn 0.3311 0.7505 -0.5719
vn -0.3511 0.7491 -0.5618
vn 0.1120 0.7425 0.6605
vn 0.1263 0.7362 0.6648
vn -0.1263 0.7362 0.6648
vn -0.1120 0.7425 0.6605
vn -0.3504 0.7491 0.5622
vn 0.3839 0.7428 0.5486
vn 0.3748 0.7469 0.5493
vn -0.6605 0.7425 0.1120
vn -0.6648 0.7362 0.1263
vn -0.6648 0.7362 -0.1263
vn -0.6605 0.7425 -0.1120
vn -0.5618 0.7491 -0.3511
vn -0.5622 0.7491 0.3504
vn 0.6605 0.7425 -0.1120
vn 0.6648 0.7362 -0.1263
vn 0.6648 0.7362 0.1263
vn 0.6605 0.7425 0.1120
vn 0.5493 0.7469 0.3748
vn 0.5486 0.7428 0.3839
vn 0.5719 0.7505 -0.3311
vn -0.8044 0.5732 0.1561
vn -0.8044 0.5732 -0.1561
vn 0.8044 0.5732 -0.1561
vn 0.8044 0.5732 0.1561
vn -0.1561 0.5732 -0.8044
vn 0.1561 0.5732 -0.8044
vn 0.1561 0.5732 0.8044
vn -0.1561 0.5732 0.8044
vn 0.8127 0.5634 -0.1484
vn 0.8127 0.5634 0.1484
vn 0.7728 0.3665 0.5181
vn -0.1484 0.5634 -0.8127
vn 0.1484 0.5634 -0.8127
vn 0.1306 0.5406 0.8311
vn -0.1306 0.5406 0.8311
vn 0.5300 0.1997 0.8241
vn 0.4650 0.4528 0.7607
vn -0.8127 0.5634 0.1484
vn -0.8127 0.5634 -0.1484
vn -0.1605 0.0292 -0.9866
vn 0.1605 0.0292 -0.9866
vn -0.1791 -0.0210 -0.9836
vn 0.1791 -0.0210 -0.9836
vn -0.5401 0.0980 -0.8359
vn 0.5440 0.0817 -0.8351
vn 0.5131 -0.0297 -0.8578
vn -0.5172 -0.0298 -0.8554
vn 0.1730 -0.0209 0.9847
vn 0.1656 -0.0397 0.9854
vn -0.1656 -0.0397 0.9854
vn -0.1730 -0.0209 0.9847
vn -0.5223 -0.0299 0.8522
vn -0.5260 -0.0195 0.8502
vn 0.5203 -0.0356 0.8532
vn 0.5224 -0.0299 0.8522
vn -0.9866 0.0292 0.1605
vn -0.9866 0.0292 -0.1605
vn -0.9836 -0.0210 0.1792
vn -0.9836 -0.0209 -0.1791
vn -0.8359 0.0980 -0.5401
vn -0.8554 -0.0296 -0.5172
vn -0.8502 -0.0195 0.5260
vn -0.8522 -0.0299 0.5223
vn 0.9866 0.0292 -0.1605
vn 0.9866 0.0292 0.1605
vn 0.9836 -0.0210 -0.1791
vn 0.9836 -0.0210 0.1791
vn 0.8351 0.0817 -0.5440
vn 0.8519 -0.0008 0.5237
vn 0.8522 -0.0299 0.5224
vn 0.8549 -0.0453 0.5167
vn 0.8578 -0.0297 -0.5131
vn -0.8229 -0.1900 -0.5356
vn -0.5356 -0.1900 -0.8228
vn -0.1197 -0.6039 -0.7880
vn -0.0680 -0.6443 -0.7618
vn 0.1277 -0.5563 -0.8211
vn 0.3445 -0.6582 -0.6694
vn 0.4647 -0.5671 -0.6800
vn -0.3898 -0.6255 -0.6758
vn -0.4064 -0.6131 -0.6774
vn 0.1436 -0.5651 0.8124
vn -0.0672 -0.6655 0.7433
vn -0.1392 -0.6063 0.7830
vn -0.4073 -0.6130 0.6770
vn -0.4381 -0.5889 0.6792
vn 0.4391 -0.5883 0.6790
vn 0.3445 -0.6582 0.6694
vn -0.8240 -0.5519 0.1283
vn -0.7649 -0.6404 -0.0692
vn -0.7911 -0.5997 -0.1205
vn -0.6771 -0.6104 -0.4109
vn -0.6749 -0.6271 -0.3888
vn -0.6792 -0.5889 0.4381
vn -0.6696 -0.6578 0.3448
vn 0.7880 -0.6039 -0.1197
vn 0.7618 -0.6443 -0.0680
vn 0.8211 -0.5563 0.1277
vn 0.6694 -0.6582 0.3445
vn 0.6790 -0.5883 0.4391
vn 0.6800 -0.5671 -0.4647
vn 0.6768 -0.6130 -0.4077
vn -0.4101 -0.8575 -0.3108
vn -0.4139 -0.8721 -0.2611
vn -0.3827 -0.9184 0.1001
vn -0.5133 -0.8563 -0.0579
vn -0.4650 -0.8819 -0.0777
vn -0.4555 -0.8539 0.2518
vn -0.4571 -0.8506 0.2600
vn 0.4462 -0.8312 0.3316
vn 0.4292 -0.8703 0.2416
vn 0.4660 -0.8817 -0.0740
vn 0.5129 -0.8566 -0.0559
vn 0.3854 -0.9178 0.0957
vn 0.3685 -0.8990 -0.2366
vn 0.3563 -0.8412 -0.4068
vn 0.4376 -0.7914 -0.4270
vn 0.2211 -0.8970 -0.3827
vn -0.0759 -0.8816 -0.4659
vn -0.0559 -0.8566 -0.5129
vn 0.0975 -0.9183 -0.3838
vn -0.2626 -0.8726 -0.4118
vn -0.3095 -0.8589 -0.4081
vn -0.2407 -0.8648 0.4407
vn -0.2760 -0.8555 0.4382
vn 0.0984 -0.9185 0.3830
vn -0.0559 -0.8566 0.5129
vn -0.0753 -0.8816 0.4659
vn 0.2416 -0.8704 0.4291
vn 0.3317 -0.8312 0.4462
vn 0.4831 0.7490 0.4535
vn -0.4535 0.7490 -0.4831
vn 0.7408 0.5179 0.4279
vn -0.4279 0.5179 -0.7407
vn 0.5375 0.5676 -0.6236
vn 0.3364 0.7801 -0.5275
vn -0.4474 0.5827 -0.6784
vn -0.4354 0.5841 0.6850
vn -0.4465 0.5728 0.6874
vn 0.4474 0.5828 0.6783
vn -0.6804 0.5808 -0.4469
vn -0.6913 0.5660 0.4491
vn -0.6877 0.5843 0.4310
vn 0.6804 0.5809 0.4469
vn 0.5276 0.7791 -0.3386
vn 0.6211 0.5709 -0.5370
vn -0.7861 -0.6028 0.1369
vn -0.7861 -0.6027 0.1369
vn -0.7857 -0.6030 -0.1382
vn -0.7867 -0.6015 -0.1393
vn -0.6688 -0.6062 -0.4304
vn -0.6651 -0.6178 -0.4194
vn -0.6819 -0.5840 0.4404
vn -0.6750 -0.6088 0.4167
vn 0.7859 -0.6031 -0.1368
vn 0.7873 -0.6009 -0.1385
vn 0.7846 -0.6047 0.1367
vn 0.7869 -0.6012 0.1393
vn 0.6671 -0.6096 0.4281
vn 0.6640 -0.6195 0.4188
vn 0.6748 -0.6048 -0.4230
vn 0.6747 -0.6052 -0.4225
vn -0.1371 -0.6005 -0.7878
vn -0.1389 -0.5981 -0.7893
vn 0.1386 -0.6002 -0.7877
vn 0.1396 -0.5989 -0.7886
vn 0.4201 -0.6077 -0.6740
vn 0.4259 -0.6017 -0.6757
vn -0.4173 -0.6188 -0.6655
vn -0.4302 -0.6052 -0.6699
vn 0.1384 -0.6056 0.7836
vn 0.1360 -0.6089 0.7815
vn -0.1360 -0.6089 0.7815
vn -0.1404 -0.6029 0.7853
vn -0.4128 -0.6076 0.6786
vn -0.4441 -0.5750 0.6872
vn 0.4164 -0.6212 0.6639
vn 0.4296 -0.6071 0.6685
vn 0.1247 0.7192 0.6835
vn 0.1239 0.7198 0.6830
vn -0.1241 0.7187 0.6841
vn -0.1226 0.7199 0.6832
vn -0.6128 0.5802 0.5365
vn -0.6818 0.7209 0.1244
vn -0.6813 0.7214 0.1237
vn -0.6815 0.7216 -0.1219
vn -0.6818 0.7212 -0.1224
vn 0.6821 0.7205 -0.1245
vn 0.6803 0.7227 -0.1217
vn 0.6825 0.7203 0.1239
vn 0.6815 0.7215 0.1223
vn -0.1257 0.7217 -0.6807
vn -0.1214 0.7250 -0.6779
vn 0.1214 0.7250 -0.6779
vn 0.1239 0.7231 -0.6796
vn -0.7885 -0.5991 -0.1389
vn -0.7887 -0.5988 -0.1391
vn -0.7344 -0.3931 0.5533
vn -0.6784 -0.6069 0.4140
vn 0.7238 0.5624 0.3998
vn 0.5553 0.7676 0.3199
vn 0.6734 -0.6046 0.4254
vn 0.6735 -0.6045 0.4255
vn 0.6747 -0.6039 -0.4244
vn 0.6745 -0.6044 -0.4240
vn 0.4254 -0.6046 -0.6734
vn 0.4255 -0.6045 -0.6735
vn -0.4226 -0.6055 -0.6743
vn -0.4208 -0.6079 -0.6733
vn -0.4169 -0.6039 0.6793
vn -0.4482 -0.5628 0.6946
vn 0.4244 -0.6039 0.6747
vn 0.4240 -0.6044 0.6745
vn -0.0299 0.9918 -0.1239
vn 0.0387 0.9829 -0.1800
vn 0.0086 0.9892 -0.1460
vn 0.0770 0.9902 -0.1167
vn 0.0794 0.9900 -0.1165
vn -0.0825 0.9925 -0.0905
vn -0.1165 0.9893 -0.0881
vn -0.3194 0.7706 -0.5515
vn -0.4013 0.5618 -0.7234
vn 0.3729 0.6233 0.6874
vn -0.6876 0.6239 -0.3715
vn 0.0299 0.9918 0.1239
vn -0.0410 0.9825 0.1819
vn -0.0086 0.9894 0.1452
vn -0.0586 0.9906 0.1240
vn -0.0827 0.9892 0.1213
vn 0.0825 0.9925 0.0905
vn 0.1165 0.9893 0.0881
vn -0.1254 0.9917 0.0282
vn -0.1800 0.9829 -0.0387
vn -0.1460 0.9892 -0.0086
vn -0.0979 0.9879 -0.1201
vn -0.1022 0.9922 -0.0708
vn -0.1098 0.9895 0.0937
vn -0.1133 0.9919 0.0576
vn 0.1239 0.9918 -0.0299
vn 0.1800 0.9829 0.0387
vn 0.1460 0.9892 0.0086
vn 0.0979 0.9879 0.1201
vn 0.1022 0.9922 0.0708
vn 0.1051 0.9903 -0.0908
vn 0.1069 0.9917 -0.0715
vn 0.4067 0.6286 -0.6629
vn 0.4263 0.6169 -0.6616
vn -0.4362 0.6108 -0.6608
vn -0.4004 0.6322 -0.6633
vn -0.4110 0.6174 0.6707
vn -0.4291 0.6068 0.6691
vn 0.3892 0.6298 0.6722
vn 0.4046 0.6212 0.6711
vn -0.6706 0.6174 -0.4112
vn -0.6694 0.6094 -0.4250
vn -0.6713 0.6214 0.4040
vn -0.6712 0.6212 0.4044
vn 0.6629 0.6286 0.4067
vn 0.6632 0.6317 0.4013
vn 0.6616 0.6169 -0.4263
vn 0.6633 0.6322 -0.4004
vn -0.5214 -0.7621 0.3838
vn 0.5225 0.2558 0.8134
vn 0.7828 0.3811 0.4920
vn 0.8335 0.1841 0.5209
vn 0.4340 -0.8492 0.3007
vn -0.0646 -0.9979 0.0024
vn 0.0564 -0.9982 -0.0196
vn 0.0024 -0.9999 -0.0127
vn 0.0250 -0.9996 0.0114
vn -0.2453 -0.9043 0.3493
vn -0.0023 -0.9993 0.0363
vn -0.0056 -0.9997 0.0237
vn 0.2328 -0.9236 0.3044
vn 0.7763 0.4465 0.4449
vn -0.1657 0.4105 0.8967
vn -0.1585 0.4131 0.8968
vn 0.1542 0.4132 0.8975
vn 0.1654 0.4092 0.8973
vn 0.5095 0.4155 0.7535
vn 0.4753 0.4296 0.7678
vn -0.4659 0.4194 0.7791
vn -0.3917 -0.4624 -0.7955
vn 0.3736 -0.4989 -0.7820
vn -0.0234 0.8611 -0.5079
vn -0.0348 0.8528 -0.5211
vn 0.0298 0.8735 -0.4860
vn 0.4059 0.7723 -0.4886
vn 0.2437 -0.8604 0.4475
vn 0.0967 -0.7903 0.6050
vn -0.1175 -0.6948 0.7096
vn -0.0241 -0.4507 0.8924
vn -0.3300 -0.8311 0.4475
vn -0.4453 -0.4212 0.7902
vn 0.0001 0.0493 0.9988
vn -0.0048 0.0481 0.9988
vn -0.4865 0.4116 0.7707
vn -0.9777 -0.1293 -0.1655
vn -0.9774 -0.1372 0.1611
vn -0.8354 -0.2813 0.4722
vn -0.7145 -0.6105 0.3417
vn -0.9727 -0.2199 -0.0736
vn -0.8318 -0.5238 -0.1835
vn -0.8134 -0.2927 -0.5027
vn -0.9953 -0.0657 -0.0707
vn -0.9988 -0.0236 -0.0439
vn -0.9959 -0.0703 0.0574
vn -0.9549 -0.2786 0.1027
vn -0.9051 -0.3881 0.1735
vn -0.5484 -0.7738 0.3169
vn -0.9343 0.3459 0.0863
vn -0.9505 0.2955 0.0955
vn -0.5401 0.8066 0.2400
vn -0.9560 0.2680 0.1193
vn -0.9651 0.2471 -0.0863
vn -0.9752 0.2157 -0.0493
vn -0.7687 0.5393 -0.3440
vn -0.9529 0.2415 -0.1833
vn -0.9552 0.2279 -0.1887
vn -0.9663 -0.1506 -0.2087
vn -0.9872 -0.0591 -0.1484
vn -0.6721 0.4950 0.5507
vn -0.7218 0.5440 0.4279
vn -0.8086 0.4165 0.4156
vn 0.8150 -0.2883 -0.5026
vn 0.8606 -0.5082 -0.0334
vn 0.9902 -0.1229 -0.0657
vn 0.9607 -0.2205 -0.1689
vn 0.9769 -0.1369 0.1640
vn 0.8009 -0.4433 0.4025
vn 0.9980 -0.0386 0.0504
vn 0.9983 -0.0327 -0.0490
vn 0.9855 0.1394 -0.0970
vn 0.6684 -0.6528 0.3566
vn 0.9586 -0.2683 0.0952
vn 0.9560 -0.1819 -0.2302
vn 0.9821 0.1435 -0.1219
vn 0.9524 0.2265 -0.2039
vn 0.6921 0.6222 -0.3659
vn 0.9743 0.2207 -0.0458
vn 0.9507 0.3029 0.0661
vn 0.9648 0.2345 0.1194
vn 0.9173 0.3797 0.1197
vn -0.5161 -0.0407 -0.8556
vn -0.4937 -0.1337 -0.8593
vn 0.4915 -0.1162 0.8631
vn -0.8631 -0.1162 -0.4915
vn 0.8554 -0.0407 0.5164
vn 0.8593 -0.1336 0.4936
vn 0.1610 0.0692 -0.9845
vn 0.1722 0.0662 -0.9828
vn -0.1722 0.0662 -0.9828
vn -0.1610 0.0692 -0.9845
vn -0.5456 0.0682 -0.8353
vn -0.5251 0.0748 -0.8477
vn 0.4868 0.0808 -0.8698
vn 0.5297 0.0685 -0.8454
vn 0.9845 0.0692 0.1610
vn 0.9828 0.0662 0.1722
vn 0.9828 0.0662 -0.1722
vn 0.9845 0.0692 -0.1609
vn 0.8454 0.0685 -0.5297
vn 0.8697 0.0808 -0.4868
vn 0.8454 0.0735 0.5291
vn 0.8353 0.0682 0.5456
vn -0.9845 0.0692 -0.1610
vn -0.9828 0.0662 -0.1722
vn -0.9828 0.0662 0.1722
vn -0.9845 0.0692 0.1610
vn -0.8472 0.0984 -0.5221
vn -0.8414 0.0683 0.5360
vn -0.8574 0.0765 0.5089
vn -0.8329 0.0670 -0.5493
vn -0.8352 0.0682 -0.5457
vn -0.1609 0.0692 0.9845
vn -0.1722 0.0662 0.9828
vn 0.1722 0.0662 0.9828
vn 0.1610 0.0692 0.9845
vn 0.5457 0.0682 0.8352
vn 0.5291 0.0735 0.8454
vn -0.5294 0.0703 0.8454
vn -0.5360 0.0683 0.8414
vn -0.9492 0.0494 -0.3107
vn -0.9617 0.2135 -0.1719
vn -0.9192 0.3506 0.1791
vn -0.7920 0.2047 0.5752
vn -0.8299 0.2665 -0.4902
vn 0.9588 0.1085 0.2626
vn 0.9617 0.2135 0.1719
vn 0.9193 0.3506 -0.1791
vn 0.7945 0.2067 -0.5710
vn 0.8138 0.3209 0.4844
vn 0.1791 0.3506 -0.9193
vn -0.1719 0.2135 -0.9617
vn -0.2498 0.1238 -0.9604
vn -0.4723 0.3343 -0.8156
vn 0.5711 0.2067 -0.7945
vn -0.2569 0.1153 0.9595
vn -0.1719 0.2135 0.9617
vn 0.1791 0.3506 0.9193
vn 0.5034 0.2378 0.8307
vn 0.4219 0.3145 0.8503
vn -0.4803 0.3367 0.8099
vn 0.5094 0.8562 0.0868
vn 0.5414 0.8317 0.1231
vn 0.6392 0.7612 -0.1093
vn 0.6055 0.7811 -0.1525
vn 0.5930 0.7082 -0.3831
vn 0.5548 0.7500 0.3602
vn -0.5882 0.8056 -0.0710
vn -0.5968 0.7984 -0.0801
vn -0.5931 0.8044 0.0332
vn -0.6625 0.6666 0.3418
vn -0.5591 0.7455 -0.3628
vn -0.5567 0.5384 -0.6326
vn -0.0974 0.8583 0.5038
vn 0.0800 0.7463 0.6607
vn 0.2300 0.8106 0.5386
vn 0.3602 0.7500 0.5548
vn -0.3173 0.7233 0.6133
vn 0.1093 0.7612 -0.6393
vn -0.1235 0.8317 -0.5412
vn -0.0865 0.8576 -0.5071
vn -0.3628 0.7454 -0.5593
vn 0.3831 0.7082 -0.5931
vn 0.1525 0.7811 -0.6055
vn -0.7134 -0.6951 -0.0890
vn -0.7711 -0.6227 -0.1331
vn -0.7314 -0.4562 0.5068
vn -0.5816 -0.7599 0.2904
vn 0.1298 -0.6774 0.7241
vn 0.0811 -0.7566 0.6488
vn -0.2999 -0.7417 0.5999
vn -0.4049 -0.6130 0.6784
vn 0.1113 -0.7586 -0.6420
vn 0.1308 -0.7381 -0.6619
vn -0.1307 -0.7381 -0.6619
vn -0.1113 -0.7586 -0.6420
vn 0.7344 -0.6667 0.1271
vn 0.7177 -0.6882 0.1061
vn 0.7149 -0.6846 -0.1424
vn 0.6959 -0.7080 -0.1205
vn 0.8471 -0.1166 0.5185
vn 0.5131 0.1635 0.8426
vn -0.3443 -0.9361 -0.0720
vn -0.3527 -0.9328 0.0734
vn -0.3710 -0.9192 0.1319
vn -0.3711 -0.9192 0.1315
vn -0.3602 -0.9114 0.1990
vn -0.3112 -0.9337 -0.1771
vn -0.3952 -0.8224 -0.4093
vn 0.3657 -0.9237 0.1145
vn 0.3527 -0.9328 0.0734
vn 0.3443 -0.9361 -0.0720
vn 0.3762 -0.8931 -0.2468
vn 0.3449 -0.9253 -0.1578
vn 0.0823 -0.9583 0.2737
vn 0.1410 -0.9102 -0.3894
vn 0.0770 -0.9244 -0.3735
vn -0.0766 -0.9254 -0.3712
vn -0.4211 -0.8003 -0.4269
vn -0.1558 -0.9307 -0.3310
vn 0.2005 -0.9321 -0.3016
vn -0.0291 -0.9113 0.4107
vn -0.0932 -0.8784 0.4687
vn 0.0741 -0.9313 0.3566
vn 0.3452 -0.9079 0.2378
vn 0.0818 -0.9582 0.2742
vn -0.2603 -0.9004 0.3485
vn -0.1315 -0.9193 0.3711
vn 0.2926 -0.5228 -0.8007
vn -0.3110 -0.5381 -0.7834
vn -0.5400 -0.0931 -0.8365
vn -0.5480 -0.0560 -0.8346
vn 0.5570 -0.0615 -0.8282
vn -0.0168 -0.5410 0.8408
vn 0.5854 -0.2917 0.7564
vn 0.5093 -0.0950 0.8553
vn -0.5265 -0.0562 0.8483
vn -0.5126 -0.0808 0.8548
vn -0.9752 -0.1754 -0.1347
vn -0.9715 -0.2068 0.1157
vn -0.7822 -0.5399 -0.3108
vn -0.8289 -0.1288 0.5444
vn -0.8488 -0.0811 0.5225
vn -0.8314 -0.0651 -0.5518
vn 0.9702 -0.2077 0.1245
vn 0.9752 -0.1754 -0.1346
vn 0.7535 -0.5935 0.2827
vn 0.7931 -0.5273 -0.3049
vn 0.8239 -0.0713 -0.5623
vn 0.8358 -0.0803 0.5431
vn 0.7874 -0.4206 0.4507
vn -0.8702 -0.0343 0.4915
vn 0.2374 0.7212 -0.6507
vn 0.3462 0.7011 -0.6234
vn -0.4089 0.6615 -0.6286
vn -0.3938 0.6669 -0.6326
vn -0.5700 0.7223 -0.3917
vn -0.5192 0.5967 0.6119
vn 0.5774 0.6742 0.4605
vn 0.6025 0.6943 0.3936
vn 0.7608 -0.6244 -0.1769
vn 0.6642 -0.6170 0.4220
vn 0.9743 -0.0810 -0.2101
vn 0.8193 -0.1630 0.5497
vn 0.8317 -0.2042 0.5163
vn 0.9704 -0.1811 0.1597
vn 0.9705 -0.1543 0.1851
vn 0.9783 -0.1385 -0.1539
vn 0.8364 -0.0951 -0.5398
vn 0.8573 -0.0710 -0.5099
vn 0.9844 0.1330 0.1150
vn 0.9842 0.1245 -0.1263
vn 0.9656 0.1723 -0.1945
vn 0.8543 0.0747 0.5144
vn 0.8508 0.0679 0.5211
vn 0.9805 0.0601 0.1871
vn 0.8438 0.1601 -0.5121
vn 0.8360 0.1683 -0.5223
vn 0.8065 0.3664 -0.4639
vn 0.7941 0.3360 -0.5065
vn 0.8697 0.4585 -0.1829
vn -0.7018 -0.3948 -0.5930
vn -0.9759 -0.0708 -0.2062
vn -0.9748 -0.2048 -0.0881
vn -0.9615 -0.2198 0.1648
vn -0.9616 -0.2279 0.1532
vn -0.8454 -0.2534 0.4702
vn -0.7988 -0.1525 0.5819
vn -0.8464 -0.0209 -0.5322
vn -0.8614 -0.0549 -0.5049
vn -0.9842 0.1245 -0.1263
vn -0.9844 0.1330 0.1150
vn -0.9656 0.1723 -0.1945
vn -0.9805 0.0601 0.1871
vn -0.8550 0.0678 0.5142
vn -0.8056 0.1704 0.5675
vn -0.8514 0.1441 -0.5043
vn -0.8377 0.1593 -0.5223
vn -0.8879 0.4423 -0.1264
vn -0.7868 0.3317 -0.5205
vn -0.4315 -0.3139 0.8457
vn -0.1491 -0.2045 0.9674
vn 0.0856 -0.3043 0.9487
vn 0.1323 -0.2708 0.9535
vn 0.5059 -0.2710 0.8189
vn 0.4606 -0.2187 0.8602
vn 0.5241 0.0076 0.8517
vn 0.1954 0.0011 0.9807
vn -0.1954 0.0011 0.9807
vn -0.5139 0.0074 0.8578
vn -0.5367 -0.2040 0.8187
vn -0.1048 0.1456 0.9838
vn 0.1048 0.1456 0.9838
vn -0.5566 0.0866 0.8263
vn 0.5531 0.0493 0.8316
vn 0.4744 0.2665 0.8390
vn 0.2651 0.2946 0.9181
vn -0.2479 0.2787 0.9278
vn -0.3506 0.2264 0.9087
vn -0.4602 0.2893 0.8394
vn 0.0901 0.4220 0.9021
vn -0.2050 -0.5510 -0.8090
vn -0.5358 -0.3145 -0.7836
vn 0.1729 -0.0755 -0.9821
vn 0.1663 -0.0805 -0.9828
vn -0.1271 -0.0810 -0.9886
vn -0.1734 -0.1631 -0.9712
vn -0.5059 -0.1725 -0.8452
vn -0.5337 -0.0451 -0.8445
vn -0.5182 0.0221 -0.8550
vn -0.5140 0.0164 -0.8576
vn -0.1999 0.0261 -0.9795
vn 0.5285 -0.0821 -0.8449
vn 0.5254 -0.0846 -0.8466
vn -0.5327 0.0825 -0.8423
vn -0.5335 0.1524 -0.8319
vn -0.5061 0.1866 -0.8420
vn -0.1644 0.1550 -0.9741
vn -0.1394 0.1728 -0.9751
vn 0.1704 0.1524 -0.9735
vn 0.1669 0.1549 -0.9737
vn 0.5250 0.1552 -0.8368
vn 0.5156 0.1622 -0.8414
vn 0.1632 0.3356 -0.9277
vn 0.0785 0.3756 -0.9234
vn -0.1661 0.3080 -0.9368
vn 0.4998 -0.0371 0.8654
vn 0.0964 0.0065 0.9953
vn 0.2081 -0.0237 0.9778
vn -0.1478 -0.0202 0.9888
vn -0.5251 -0.0054 0.8510
vn -0.4123 0.0189 0.9108
vn -0.8569 0.0284 0.5146
vn -0.8988 0.0536 0.4350
vn -0.9898 0.0174 0.1416
vn -0.8844 0.0656 -0.4620
vn 0.8501 0.0967 -0.5177
vn 0.6514 0.0725 -0.7552
vn 0.8388 0.0757 0.5392
vn 0.8776 0.0476 0.4770
vn -0.5152 0.0972 -0.8515
vn -0.5248 0.0991 -0.8455
vn -0.2454 0.1181 -0.9622
vn -0.1681 0.1032 -0.9804
vn 0.1677 0.1202 -0.9785
vn 0.1635 0.1191 -0.9793
vn 0.5150 0.1125 -0.8498
vn 0.0850 -0.5024 -0.8605
vn -0.8733 -0.2983 -0.3851
vn -0.9728 -0.0194 -0.2308
vn -0.8431 0.4327 -0.3194
vn -0.6036 0.5719 -0.5555
vn -0.8632 -0.1923 -0.4667
vn 0.8674 -0.3071 -0.3916
vn 0.7708 0.2693 -0.5774
vn 0.6755 0.5776 -0.4584
vn 0.9273 0.2161 -0.3055
vn 0.9476 -0.1071 -0.3009
vn 0.8630 -0.3207 -0.3905
vn 0.9175 -0.1155 -0.3807
vn 0.4161 0.8856 -0.2062
vn 0.5480 0.6293 -0.5510
vn -0.0384 -0.9988 -0.0295
vn 0.0888 -0.9759 -0.1996
vn -0.0757 -0.9897 -0.1219
vn -0.4258 -0.8900 -0.1633
vn 0.3342 -0.9384 -0.0878
vn 0.0501 -0.2083 -0.9768
vn -0.0302 -0.1806 -0.9831
vn -0.0503 -0.1911 -0.9803
vn 0.2028 -0.0936 -0.9747
vn -0.2028 -0.0936 -0.9747
vn -0.2190 -0.1051 -0.9701
vn -0.2573 -0.3095 -0.9154
vn -0.2000 -0.2660 -0.9430
vn -0.0711 -0.2813 -0.9570
vn 0.1886 -0.4423 -0.8768
vn 0.1659 -0.2795 -0.9457
vn 0.2943 -0.1590 -0.9424
vn 0.8788 0.4104 0.2433
vn 0.9523 0.3048 -0.0150
vn 0.9660 -0.2133 -0.1461
vn 0.9853 -0.0133 0.1704
vn 0.8831 -0.1765 -0.4346
vn 0.8878 -0.1810 -0.4230
vn -0.0028 0.6200 0.7846
vn -0.0487 0.6931 0.7192
vn 0.4658 0.8211 0.3297
vn 0.1937 0.6382 0.7451
vn -0.1719 0.7056 0.6875
vn -0.9409 0.2771 -0.1948
vn -0.9713 -0.1679 -0.1687
vn -0.9957 -0.0079 -0.0920
vn -0.4961 0.5527 0.6696
vn -0.9638 0.1794 0.1970
vn -0.4789 0.2924 0.8277
vn -0.9271 -0.1599 -0.3390
vn -0.9119 -0.2284 -0.3411
vn -0.8336 -0.1821 -0.5215
vn 0.0143 -0.9954 -0.0950
vn -0.1379 -0.9713 -0.1936
vn 0.2101 -0.3915 -0.8959
vn -0.0671 -0.2976 -0.9523
vn -0.2664 -0.3685 -0.8906
vn -0.3239 -0.5093 -0.7973
vn -0.0510 -0.4879 -0.8714
vn 0.1293 -0.5143 -0.8478
vn 0.5685 -0.4029 -0.7172
vn 0.9708 0.1879 0.1494
vn 0.9811 0.0685 -0.1809
vn 0.5386 0.0318 -0.8420
vn 0.4401 -0.1690 -0.8819
vn 0.3871 -0.1834 -0.9036
vn 0.8515 0.1306 -0.5079
vn 0.7896 0.0849 -0.6078
vn 0.8954 0.3703 0.2473
vn 0.9336 0.3405 -0.1120
vn 0.6942 0.3972 0.6003
vn 0.0588 0.3277 0.9430
vn -0.2509 0.3485 0.9031
vn -0.0463 0.2915 0.9555
vn -0.5386 0.0318 -0.8420
vn -0.9811 0.0685 -0.1809
vn -0.8872 0.2610 0.3805
vn -0.8591 0.2616 0.4399
vn -0.5815 0.3475 0.7356
vn -0.9275 0.3722 -0.0350
vn -0.7894 0.0848 -0.6079
vn -0.8515 0.1306 -0.5079
vn -0.3871 -0.1834 -0.9036
vn -0.4401 -0.1690 -0.8819
vn -0.9723 -0.1603 -0.1700
vn -0.9382 -0.2432 -0.2461
vn -0.9701 0.0900 0.2255
vn -0.9677 0.0944 0.2340
vn -0.8295 0.1300 0.5432
vn -0.8856 0.2912 0.3619
vn -0.7846 0.4986 0.3684
vn -0.6149 -0.4512 -0.6467
vn -0.0989 0.7299 -0.6763
vn -0.0009 0.0003 1.0000
vn -0.0873 0.6153 -0.7835
vn 0.9850 -0.1151 -0.1283
vn 0.9828 0.0541 0.1764
vn 0.9382 -0.2432 -0.2461
vn 0.4857 0.2273 0.8440
vn 0.9633 0.1578 0.2170
vn 0.4612 -0.4979 -0.7344
vn 0.6929 -0.4440 -0.5681
vn 0.9794 0.0796 0.1854
vn 0.9070 0.3534 -0.2291
vn 0.5969 0.3799 0.7067
vn 0.9249 0.2528 0.2839
vn 0.8644 0.1242 0.4873
vn 0.9501 0.1020 0.2947
vn 0.0270 -0.5892 -0.8076
vn 0.0758 -0.5490 -0.8324
vn -0.0770 -0.6211 -0.7799
vn -0.3183 -0.6300 -0.7084
vn 0.2403 -0.6193 -0.7475
vn -0.9099 -0.1840 0.3718
vn -0.9434 -0.3262 0.0601
vn -0.7944 0.0726 0.6031
vn -0.9031 -0.0044 0.4295
vn -0.6256 -0.7633 -0.1611
vn -0.7717 0.4153 0.4816
vn -0.4565 0.3237 0.8288
vn -0.4561 0.3244 0.8287
vn -0.9795 0.0020 -0.2014
vn -0.6167 -0.0413 -0.7861
vn -0.9259 -0.0705 -0.3711
vn -0.9299 -0.0993 -0.3542
vn -0.6268 -0.6697 0.3984
vn -0.8824 -0.4704 -0.0113
vn -0.0879 0.5768 0.8122
vn -0.1572 0.6905 0.7061
vn 0.1930 0.5266 0.8279
vn 0.4467 0.6768 0.5851
vn 0.8397 0.0479 0.5410
vn 0.7800 0.0884 0.6195
vn 0.9434 -0.3262 0.0601
vn 0.9099 -0.1840 0.3718
vn 0.6242 -0.7610 -0.1771
vn 0.8981 -0.4380 0.0404
vn 0.8650 -0.3540 0.3555
vn 0.9275 -0.2998 -0.2234
vn 0.9259 -0.0705 -0.3710
vn 0.6167 -0.0413 -0.7861
vn 0.9795 0.0020 -0.2014
vn 0.4784 0.3371 0.8109
vn -0.0093 -0.5914 -0.8063
vn -0.0683 0.1040 0.9922
vn -0.0314 0.2236 0.9742
vn -0.0573 0.0246 0.9981
vn 0.0896 -0.0028 0.9960
vn 0.0831 0.2243 0.9710
vn 0.1762 0.1414 0.9741
vn 0.1553 0.3154 0.9362
vn -0.0539 0.2547 0.9655
vn -0.0625 0.2566 0.9645
vn -0.1270 -0.0762 0.9890
vn -0.5077 0.1522 0.8480
vn -0.3252 -0.0714 0.9429
vn -0.3457 0.0415 0.9374
vn -0.5024 0.3216 0.8026
vn 0.7886 -0.0388 0.6137
vn 0.8137 -0.0049 0.5812
vn 0.4262 0.3800 0.8210
vn 0.4219 0.3823 0.8221
vn 0.3334 0.1489 0.9309
vn 0.3323 0.1498 0.9312
vn -0.0630 -0.7002 -0.7112
vn -0.0224 -0.6535 -0.7566
vn 0.9453 0.3136 -0.0897
vn 0.6257 -0.1791 -0.7592
vn 0.6458 -0.2453 -0.7230
vn 0.6396 -0.2560 -0.7249
vn 0.7788 -0.2336 -0.5821
vn 0.8690 -0.0269 -0.4940
vn 0.9275 0.2549 -0.2733
vn 0.8162 0.2158 -0.5360
vn 0.8209 0.5361 0.1968
vn 0.5035 0.0199 -0.8638
vn 0.4669 0.8464 0.2562
vn 0.2621 0.8946 0.3620
vn -0.6257 -0.1791 -0.7592
vn -0.9452 0.2780 -0.1712
vn -0.9383 0.3458 -0.0022
vn -0.7357 0.4221 0.5298
vn -0.9004 0.2958 -0.3190
vn -0.8185 0.5374 0.2032
vn -0.8162 0.2159 -0.5360
vn -0.9276 0.2484 -0.2790
vn -0.8690 -0.0269 -0.4940
vn -0.7624 -0.2371 -0.6022
vn -0.6396 -0.2560 -0.7249
vn -0.6459 -0.2453 -0.7229
vn 0.1026 0.9923 0.0687
vn -0.2859 0.9462 0.1517
vn -0.1171 0.9640 0.2388
vn -0.1029 0.6048 0.7897
vn -0.3243 0.9401 0.1047
vn -0.0667 -0.7911 -0.6080
vn 0.1783 -0.9202 -0.3485
vn 0.9583 0.2632 0.1118
vn 0.7387 -0.3213 -0.5926
vn 0.7873 -0.4683 -0.4012
vn 0.6053 -0.4990 -0.6202
vn 0.9594 -0.1655 -0.2284
vn 0.9793 0.1767 0.0992
vn 0.9139 0.2628 0.3095
vn -0.2858 0.8721 0.3973
vn 0.1114 0.9879 0.1079
vn 0.3603 0.8637 0.3525
vn -0.9531 0.2756 0.1252
vn -0.9688 -0.1345 -0.2080
vn -0.5594 -0.5064 -0.6562
vn -0.8248 -0.4223 -0.3760
vn -0.7222 -0.3367 -0.6042
vn 0.9337 0.2598 0.2462
vn 0.9424 0.2426 0.2304
vn 0.9306 -0.3413 -0.1326
vn 0.7089 -0.6126 -0.3497
vn 0.2040 0.8587 0.4702
vn -0.9796 0.1339 0.1499
vn -0.9930 0.0711 0.0940
vn -0.6775 -0.6731 -0.2965
vn -0.5644 0.8020 0.1958
vn -0.1856 0.9594 0.2124
vn 0.1336 0.9579 0.2540
vn 0.5277 0.8317 0.1724
vn 0.7319 -0.5870 -0.3461
vn -0.7872 -0.5463 -0.2862
vn 0.2233 -0.9279 -0.2987
vn -0.1028 -0.9840 -0.1453
vn -0.3799 -0.9206 -0.0904
vn -0.1740 -0.9846 0.0185
vn 0.3443 -0.9378 0.0451
vn -0.9519 0.2977 0.0728
vn -0.8227 0.5549 0.1233
vn -0.7471 -0.6607 -0.0725
vn -0.8480 -0.5244 -0.0763
vn -0.0432 -0.9880 -0.1481
vn 0.9662 -0.2556 -0.0320
vn 0.8594 -0.5077 -0.0612
vn -0.1336 0.3501 -0.9271
vn 0.1926 0.5420 -0.8180
vn 0.9772 -0.2116 -0.0193
vn 0.5145 0.8112 -0.2779
vn 0.9926 0.1167 -0.0330
vn 0.9300 -0.3676 0.0037
vn 0.7836 -0.6201 -0.0379
vn -0.4474 0.8342 -0.3224
vn -0.0769 0.8338 -0.5468
vn 0.4181 0.8952 -0.1543
vn -0.4530 0.8829 -0.1235
vn -0.4555 0.8818 -0.1222
vn -0.9856 0.1600 -0.0555
vn -0.9233 0.3587 -0.1371
vn -0.4018 -0.9110 -0.0926
vn -0.7822 -0.6028 -0.1574
vn -0.9969 -0.0719 -0.0317
vn -0.7839 0.5914 -0.1891
vn -0.9903 0.1357 0.0316
vn 0.0190 -0.0324 -0.9993
vn 0.0116 -0.0974 -0.9952
vn 0.0228 -0.1216 -0.9923
vn -0.1311 0.0760 -0.9884
vn -0.0331 0.0479 -0.9983
vn 0.0515 0.0443 -0.9977
vn 0.0122 -0.0407 -0.9991
vn -0.2001 0.0346 -0.9792
vn -0.2442 0.0105 -0.9697
vn -0.2110 -0.0984 -0.9725
vn 0.4861 -0.3668 -0.7932
vn 0.2271 -0.0710 -0.9713
vn 0.2278 0.0216 -0.9735
vn 0.1958 0.0453 -0.9796
vn -0.9682 0.2464 0.0445
vn -0.9990 -0.0100 0.0432
vn -0.9955 0.0777 0.0541
vn -0.9933 0.0393 0.1088
vn -0.9910 -0.0574 -0.1209
vn -0.8292 -0.3516 0.4346
vn -0.9817 -0.1304 0.1388
vn -0.9773 0.1178 -0.1758
vn 0.9930 -0.0028 0.1184
vn 0.9970 0.0753 0.0168
vn 0.9997 -0.0000 0.0241
vn 0.9821 -0.1121 0.1516
vn 0.9867 -0.0809 0.1413
vn 0.7415 -0.5609 0.3682
vn 0.9857 -0.0997 -0.1356
vn 0.9165 -0.1085 -0.3852
vn 0.9827 0.1142 -0.1459
vn 0.2999 -0.6912 0.6575
vn 0.9706 0.1548 0.1845
vn 0.8622 0.4067 0.3019
vn 0.1453 0.5425 0.8274
vn -0.0433 0.3516 0.9352
vn -0.9824 0.1820 0.0431
vn -0.6647 0.5935 0.4538
vn -0.9749 0.1456 0.1685
vn -0.2958 -0.3235 0.8988
vn 0.0985 -0.9909 0.0921
vn -0.0949 -0.4181 0.9034
vn -0.0784 -0.4085 0.9094
vn 0.6377 0.0246 -0.7699
vn 0.2142 -0.8066 -0.5510
vn 0.2555 0.7893 0.5584
vn 0.0916 0.7716 0.6295
vn -0.2347 0.8938 0.3821
vn -0.0640 0.7457 0.6632
vn -0.1906 0.9807 0.0436
vn -0.0564 -0.6321 0.7729
vn 0.6426 -0.7393 0.2011
vn 0.6165 -0.7595 0.2077
vn 0.6980 -0.0486 0.7145
vn 0.6388 0.3165 0.7012
vn 0.4621 0.4747 0.7491
vn 0.8900 -0.2094 0.4051
vn -0.6004 0.4351 0.6710
vn -0.7792 -0.2787 0.5614
vn -0.4050 0.6651 0.6274
vn -0.6208 0.2974 0.7254
vn -0.7826 -0.3130 0.5381
vn -0.5886 -0.7206 0.3664
vn -0.2854 -0.9508 -0.1202
vn -0.0561 -0.9961 0.0680
vn 0.0843 -0.9792 -0.1845
vn -0.0483 -0.2036 0.9779
vn 0.0234 -0.1809 0.9832
vn 0.0486 -0.1925 0.9801
vn -0.1988 -0.1047 0.9744
vn 0.1988 -0.1047 0.9744
vn 0.2161 -0.1154 0.9695
vn 0.2489 -0.2922 0.9234
vn 0.1951 -0.2528 0.9476
vn 0.0689 -0.2655 0.9616
vn -0.1751 -0.4071 0.8964
vn -0.1635 -0.2641 0.9505
vn -0.2862 -0.1588 0.9449
vn -0.7235 0.6244 -0.2944
vn -0.9690 -0.0993 0.2262
vn -0.9943 0.0522 0.0930
vn -0.8527 0.3652 0.3736
vn -0.5929 -0.7440 -0.3081
vn -0.9442 -0.2966 0.1429
vn -0.9859 -0.0957 -0.1375
vn -0.8719 -0.1950 0.4491
vn -0.9850 0.1119 -0.1311
vn -0.8709 -0.1852 0.4552
vn -0.8048 0.4130 -0.4262
vn 0.0469 0.9438 -0.3273
vn 0.2031 0.5806 -0.7885
vn -0.2675 0.9444 -0.1913
vn -0.1747 0.5422 -0.8219
vn -0.0012 0.3341 -0.9425
vn 0.1689 0.5277 -0.8325
vn 0.9941 0.0460 0.0979
vn 0.9832 -0.0425 0.1776
vn 0.4682 -0.7290 -0.4993
vn 0.5710 0.7364 0.3629
vn 0.7251 0.6729 -0.1466
vn 0.6378 0.6813 -0.3593
vn 0.5331 0.2598 -0.8052
vn 0.9043 -0.1561 0.3972
vn 0.9842 0.1154 -0.1339
vn 0.8814 -0.2116 0.4223
vn 0.9562 -0.2729 0.1060
vn 0.4337 -0.8478 0.3051
vn 0.0834 -0.4136 0.9066
vn -0.2399 -0.3610 0.9012
vn -0.0938 -0.4415 0.8924
vn 0.0915 -0.4084 0.9082
vn 0.2400 -0.3610 0.9012
vn 0.4064 -0.4080 0.8176
vn 0.3664 -0.4285 0.8259
vn 0.0906 -0.6191 0.7801
vn -0.2269 -0.5158 0.8261
vn -0.2190 -0.4609 0.8600
vn -0.2913 -0.3767 0.8794
vn -0.9688 0.1799 -0.1702
vn -0.9842 0.0692 0.1632
vn -0.5455 0.0225 0.8378
vn -0.4262 -0.1699 0.8885
vn -0.3670 -0.1846 0.9117
vn -0.8508 0.1277 0.5097
vn -0.8461 0.1248 0.5182
vn -0.8886 0.3550 -0.2905
vn -0.9422 0.3132 0.1188
vn -0.7627 0.3810 -0.5226
vn 0.0394 0.2945 -0.9548
vn 0.2624 0.3004 -0.9170
vn -0.0312 0.3294 -0.9437
vn -0.2631 0.2955 -0.9184
vn 0.5455 0.0225 0.8378
vn 0.9842 0.0692 0.1632
vn 0.8794 0.2484 -0.4062
vn 0.8514 0.2489 -0.4617
vn 0.5754 0.3266 -0.7499
vn 0.9323 0.3616 0.0105
vn 0.8181 0.0962 0.5669
vn 0.8583 0.1258 0.4976
vn 0.3670 -0.1846 0.9117
vn 0.4262 -0.1699 0.8885
vn 0.9735 -0.1575 0.1659
vn 0.9407 -0.2383 0.2414
vn 0.9815 0.0573 -0.1826
vn 0.9709 0.1643 -0.1740
vn 0.4820 0.2318 -0.8449
vn 0.9490 0.1036 -0.2979
vn 0.8639 0.1243 -0.4881
vn 0.9233 0.2528 -0.2890
vn 0.6220 0.3617 -0.6945
vn 0.9227 0.3521 0.1572
vn 0.9775 0.0854 -0.1929
vn 0.7526 -0.3833 0.5354
vn 0.0115 0.2829 0.9591
vn -0.9867 -0.1091 0.1204
vn -0.9815 0.0573 -0.1826
vn -0.9407 -0.2383 0.2414
vn -0.4820 0.2318 -0.8449
vn -0.9710 0.1643 -0.1740
vn -0.4722 -0.4935 0.7304
vn -0.8119 -0.3875 0.4367
vn -0.9784 0.0795 -0.1907
vn -0.9271 0.3490 0.1366
vn -0.6379 0.3585 -0.6816
vn -0.9335 0.2675 -0.2389
vn -0.8440 0.1184 -0.5231
vn -0.9580 0.0929 -0.2713
vn -0.0797 -0.6214 0.7795
vn 0.0792 -0.5929 0.8014
vn 0.0551 -0.6050 0.7943
vn 0.3184 -0.6289 0.7093
vn -0.1897 -0.6152 0.7652
vn -0.2421 -0.5894 0.7707
vn 0.9099 -0.1718 -0.3776
vn 0.9472 -0.3160 -0.0543
vn 0.7897 0.0753 -0.6088
vn 0.8370 0.0466 -0.5452
vn 0.4798 -0.8546 0.1989
vn 0.5126 0.3180 -0.7976
vn 0.9816 0.0073 0.1907
vn 0.6153 -0.0420 0.7872
vn 0.9330 -0.0583 0.3551
vn 0.9360 -0.0857 0.3413
vn 0.9272 -0.3725 0.0387
vn 0.9122 -0.4042 -0.0674
vn 0.1316 0.4921 -0.8605
vn 0.0198 0.6232 -0.7818
vn -0.1674 0.5194 -0.8380
vn -0.4955 0.6780 -0.5430
vn -0.1991 0.3170 -0.9273
vn 0.2092 0.3186 -0.9245
vn 0.4580 0.7164 -0.5263
vn -0.8321 0.0543 -0.5519
vn -0.7745 0.0912 -0.6259
vn -0.9472 -0.3160 -0.0543
vn -0.9099 -0.1718 -0.3776
vn -0.5597 -0.7928 0.2411
vn -0.9093 -0.4127 -0.0540
vn -0.8696 -0.3220 -0.3744
vn -0.9318 -0.2775 0.2340
vn -0.9330 -0.0583 0.3551
vn -0.6153 -0.0420 0.7872
vn -0.9816 0.0073 0.1907
vn -0.4801 0.3200 -0.8168
vn -0.1564 -0.5518 0.8192
vn 0.0804 -0.4989 0.8629
vn -0.0194 0.3009 0.9535
vn -0.0689 0.0916 -0.9934
vn 0.0657 0.1323 -0.9890
vn 0.1475 -0.1468 -0.9781
vn -0.1426 0.1620 -0.9764
vn 0.0096 0.3284 -0.9445
vn -0.1422 0.1650 -0.9760
vn 0.0164 0.3285 -0.9444
vn 0.1063 0.1810 -0.9777
vn -0.0625 0.1877 -0.9802
vn 0.1057 0.1861 -0.9768
vn -0.3239 -0.3017 -0.8967
vn -0.0763 -0.0438 -0.9961
vn 0.0723 -0.1557 -0.9852
vn 0.1302 -0.0663 -0.9893
vn 0.3141 -0.0643 -0.9472
vn 0.3757 0.1265 -0.9181
vn 0.3386 0.0954 -0.9361
vn 0.3538 0.2244 -0.9080
vn 0.3557 0.2287 -0.9062
vn -0.7867 -0.0475 -0.6155
vn -0.8207 0.0212 -0.5709
vn -0.5282 0.3523 -0.7726
vn -0.3380 0.1986 -0.9199
vn -0.3222 0.1726 -0.9308
vn -0.4136 0.0844 -0.9065
vn 0.2048 -0.6198 0.7576
vn 0.2326 -0.7196 0.6543
vn 0.0280 -0.6217 0.7828
vn -0.2407 -0.7584 0.6057
vn -0.4123 -0.5615 0.7175
vn -0.1861 -0.5606 0.8069
vn -0.9380 0.3173 0.1395
vn -0.8091 -0.0437 0.5861
vn -0.6238 -0.1747 0.7618
vn -0.6456 -0.2432 0.7239
vn -0.6377 -0.2557 0.7266
vn -0.7391 -0.2459 0.6272
vn -0.9354 0.0535 0.3496
vn -0.7201 0.6350 -0.2797
vn -0.9616 0.2174 0.1678
vn 0.9355 0.2670 0.2315
vn 0.6238 -0.1747 0.7618
vn 0.9514 0.2613 0.1631
vn 0.9366 0.3449 -0.0621
vn 0.7882 0.4034 -0.4647
vn 0.6683 0.7254 -0.1650
vn 0.6192 0.7594 -0.1998
vn 0.9361 0.3184 0.1495
vn 0.8592 -0.0632 0.5076
vn 0.7073 -0.2717 0.6526
vn 0.6209 -0.2811 0.7317
vn 0.6456 -0.2432 0.7239
vn 0.0039 0.9151 -0.4033
vn -0.0815 0.9570 -0.2783
vn 0.0862 0.9203 -0.3815
vn -0.1039 0.7049 -0.7017
vn 0.3023 0.9436 -0.1352
vn 0.0417 -0.9367 0.3477
vn -0.2368 -0.8220 0.5179
vn -0.1740 -0.6815 0.7108
vn -0.7800 -0.2722 0.5634
vn -0.7732 -0.3672 0.5170
vn -0.7492 -0.3720 0.5480
vn -0.7993 -0.4915 0.3457
vn -0.7130 -0.5442 0.4422
vn -0.9648 -0.1728 0.1985
vn -0.7300 0.5436 -0.4142
vn 0.3990 0.9065 -0.1382
vn 0.3433 0.6939 -0.6329
vn 0.4656 0.6848 -0.5606
vn 0.9794 0.1962 -0.0473
vn 0.9856 0.1660 -0.0323
vn 0.7472 -0.3004 0.5929
vn 0.7841 -0.4532 0.4239
vn 0.7867 -0.4517 0.4208
vn 0.7492 -0.3720 0.5480
vn 0.7328 -0.3748 0.5680
vn 0.2061 -0.9664 0.1537
vn 0.0079 -0.9948 0.1013
vn -0.9809 -0.1679 0.0979
vn -0.6796 0.6225 -0.3881
vn -0.9737 -0.2024 0.1045
vn -0.7372 -0.6115 0.2875
vn -0.3197 0.8138 -0.4853
vn 0.0311 0.9115 -0.4102
vn -0.5919 0.7291 -0.3436
vn 0.9984 -0.0013 -0.0561
vn 0.9974 0.0218 -0.0681
vn 0.7006 0.6686 -0.2491
vn 0.7296 -0.6566 0.1913
vn -0.6592 0.7354 -0.1569
vn -0.9890 0.1111 0.0972
vn -0.7631 -0.1394 -0.6311
vn 0.7644 0.1384 0.6298
vn -0.8873 0.3471 0.3037
vn -0.6872 0.1409 0.7127
vn 0.2069 0.9597 -0.1903
vn 0.4160 0.8925 -0.1740
vn 0.4603 0.8705 -0.1744
vn -0.1733 -0.8334 0.5248
vn 0.0862 -0.9574 0.2757
vn 0.3172 -0.9305 0.1831
vn 0.1360 -0.9906 0.0118
vn 0.0429 -0.9980 -0.0457
vn -0.6717 -0.7407 -0.0117
vn -0.2896 -0.9300 0.2262
vn 0.2755 0.8716 0.4055
vn 0.4329 0.9014 0.0082
vn -0.0617 0.8535 0.5175
vn -0.0635 0.5583 0.8272
vn -0.0522 0.4537 0.8896
vn 0.3202 0.8739 -0.3657
vn -0.9695 0.2434 0.0300
vn -0.9327 -0.3607 -0.0055
vn 0.3726 0.8740 0.3120
vn 0.0464 0.8727 0.4860
vn -0.4558 0.8891 0.0418
vn 0.9891 -0.1417 0.0406
vn 0.9744 0.2208 0.0410
vn 0.8074 -0.5343 0.2502
vn 0.7457 0.6468 0.1597
vn 0.6699 -0.7124 0.2094
vn -0.1768 -0.3438 0.9222
vn -0.0789 -0.4027 0.9119
vn 0.2056 -0.2151 0.9547
vn 0.1367 0.1616 0.9773
vn 0.1581 0.1422 0.9771
vn 0.0502 0.1517 0.9872
vn 0.0287 0.1918 0.9810
vn -0.0536 0.2332 0.9709
vn -0.2168 0.1102 0.9700
vn -0.0870 0.2258 0.9703
vn 0.6944 -0.7188 0.0335
vn 0.4227 0.2679 0.8658
vn 0.4748 -0.2640 0.8396
vn -0.0396 -0.4701 0.8817
vn -0.6355 0.6950 0.3362
vn -0.2573 0.6511 0.7140
vn -0.8808 0.2833 0.3794
vn -0.4517 -0.1563 0.8784
vn -0.4606 0.0594 0.8856
vn -0.5498 0.3653 0.7512
vn -0.6074 -0.7927 -0.0522
vn 0.9990 -0.0211 -0.0398
vn 0.6434 -0.6925 -0.3263
vn 0.9800 -0.1301 -0.1504
vn 0.9798 -0.1314 -0.1507
vn 0.9663 0.2067 -0.1531
vn 0.9877 0.1512 -0.0409
vn 0.9880 0.0467 -0.1469
vn 0.9680 0.1610 0.1925
vn 0.9775 -0.0979 0.1871
vn -0.9946 -0.0643 -0.0820
vn -0.9982 -0.0247 0.0551
vn -0.8106 0.5324 -0.2438
vn -0.9790 0.1214 -0.1636
vn -0.7741 -0.4820 -0.4103
vn -0.9705 -0.1874 -0.1519
vn -0.9694 -0.1919 0.1531
vn -0.8089 -0.4392 0.3908
vn -0.8952 0.3315 0.2977
vn -0.9428 0.2583 0.2108
vn -0.9962 0.0630 0.0595
vn -0.1274 -0.4394 -0.8892
vn 0.2598 -0.8206 -0.5091
vn -0.1216 -0.4879 -0.8644
vn -0.9672 0.2322 -0.1032
vn 0.3749 0.8516 -0.3664
vn -0.0367 0.6302 -0.7756
vn 0.2668 -0.9626 -0.0467
vn 0.8855 -0.2878 0.3649
vn 0.8425 -0.1053 0.5283
vn 0.9594 -0.2309 0.1618
vn 0.9875 -0.0733 -0.1395
vn 0.9819 -0.1004 -0.1604
vn 0.8084 -0.2182 -0.5467
vn 0.7387 -0.1295 -0.6615
vn -0.8654 -0.0461 -0.4990
vn -0.9777 -0.0357 -0.2067
vn -0.9594 -0.2309 0.1618
vn -0.8333 -0.0987 0.5440
vn -0.6481 -0.7086 0.2790
vn -0.6216 -0.6764 0.3950
vn -0.6395 -0.7041 -0.3086
vn -0.5428 -0.5548 -0.6305
vn -0.5009 -0.2020 0.8416
vn -0.2764 0.0397 0.9602
vn -0.1797 -0.0875 0.9798
vn 0.1917 -0.2445 0.9505
vn 0.5335 -0.1045 0.8393
vn 0.5080 -0.1372 0.8504
vn 0.3189 -0.7196 0.6168
vn -0.3943 -0.6474 0.6522
vn 0.5233 -0.2269 -0.8214
vn 0.2602 -0.0834 -0.9619
vn 0.1827 -0.1456 -0.9723
vn -0.1827 -0.1456 -0.9723
vn -0.2602 -0.0834 -0.9619
vn -0.5233 -0.2269 -0.8214
vn 0.5504 -0.6099 -0.5702
vn 0.5280 0.1074 0.8424
vn 0.5324 0.1071 0.8397
vn -0.5322 0.1065 0.8399
vn -0.5136 0.1076 0.8513
vn -0.5082 0.1288 -0.8515
vn -0.5186 0.1295 -0.8451
vn 0.5186 0.1297 -0.8451
vn 0.5064 0.1289 -0.8526
vn 0.8450 0.1245 -0.5201
vn 0.8509 0.1249 -0.5103
vn 0.9777 0.1187 -0.1731
vn 0.9765 0.1184 -0.1803
vn 0.9793 0.1134 0.1676
vn 0.9777 0.1139 0.1767
vn 0.8470 0.1109 0.5200
vn 0.8492 0.1107 0.5164
vn -0.8420 0.1116 0.5278
vn -0.8391 0.1118 0.5324
vn -0.9802 0.1144 0.1618
vn -0.9792 0.1147 0.1676
vn -0.9766 0.1171 -0.1802
vn -0.9833 0.1189 -0.1377
vn -0.8505 0.1249 -0.5109
vn -0.8231 0.1227 -0.5545
vn 0.0840 0.6254 0.7758
vn -0.1743 0.6853 0.7070
vn -0.0919 0.0116 -0.9957
vn 0.1783 0.1093 -0.9779
vn 0.5642 -0.0502 -0.8241
vn 0.8811 0.0611 0.4689
vn 0.8762 0.2141 0.4318
vn -0.8654 0.2977 0.4030
vn 0.2373 -0.0703 0.9689
vn 0.5110 0.1602 0.8445
vn 0.9893 0.1087 -0.0972
vn 0.8629 0.3402 0.3737
vn 0.7145 0.1797 0.6761
vn 0.9876 0.1345 0.0805
vn 0.6825 0.1520 -0.7149
vn -0.0605 0.2376 -0.9695
vn -0.2419 -0.0039 -0.9703
vn 0.4969 0.0163 -0.8676
vn 0.3508 0.2407 -0.9050
vn -0.3420 0.3364 0.8775
vn -0.5502 0.4763 0.6859
vn -0.0733 0.5299 0.8449
vn -0.1182 0.5621 0.8186
vn 0.1182 0.5606 0.8196
vn 0.0885 0.5399 0.8371
vn 0.4375 0.5116 0.7395
vn 0.3229 0.4370 0.8395
vn 0.7068 -0.0134 -0.7073
vn 0.7184 -0.0162 -0.6954
vn 0.9089 -0.0207 -0.4166
vn 0.9461 0.0133 0.3235
vn 0.9909 0.0269 0.1321
vn 0.7365 0.0294 0.6758
vn 0.7051 0.0243 0.7087
vn 0.2886 0.0261 0.9571
vn 0.3564 0.0365 0.9336
vn 0.1046 0.0426 0.9936
vn -0.1046 0.0377 0.9938
vn -0.0386 0.0259 0.9989
vn -0.3564 0.0325 0.9338
vn -0.3830 0.0369 0.9230
vn -0.0542 -0.0140 -0.9984
vn -0.0998 -0.0226 -0.9948
vn 0.0999 -0.0304 -0.9945
vn 0.3546 -0.0221 -0.9347
vn 0.3044 -0.0132 -0.9525
vn -0.7188 -0.0158 -0.6950
vn -0.7016 -0.0118 -0.7124
vn -0.9115 -0.0196 -0.4109
vn -0.9906 0.0271 0.1339
vn -0.9476 0.0137 0.3191
vn 0.9454 -0.0075 0.3258
vn 0.8087 -0.3969 -0.4341
vn 0.6319 -0.3642 -0.6842
vn 0.9861 -0.0804 -0.1453
vn 0.9792 -0.1325 0.1539
vn 0.6294 -0.1460 0.7633
vn 0.8188 -0.4397 0.3690
vn 0.5908 0.1378 0.7950
vn 0.9100 -0.0468 0.4120
vn -0.8388 -0.3655 0.4035
vn -0.6587 -0.1491 0.7375
vn -0.9822 -0.1289 0.1366
vn -0.8410 -0.3793 -0.3857
vn -0.6862 -0.3583 -0.6330
vn -0.9802 -0.0974 -0.1722
vn 0.2936 -0.4818 -0.8257
vn 0.4037 -0.4490 0.7971
vn 0.1067 -0.6267 0.7719
vn -0.1013 -0.8268 0.5532
vn 0.0922 -0.4885 0.8677
vn -0.4321 -0.6309 0.6444
vn -0.2758 -0.4735 0.8365
vn -0.2494 0.1052 0.9627
vn -0.0813 -0.1070 0.9909
vn 0.0952 0.1211 0.9881
vn 0.2623 -0.0803 0.9616
vn -0.1984 0.7243 0.6603
vn 0.1205 0.9772 -0.1748
vn 0.0722 0.5725 -0.8167
vn 0.4411 0.8469 0.2970
vn 0.4304 0.8559 0.2868
vn 0.3908 0.2909 0.8733
vn 0.4280 0.2358 0.8724
vn -0.1489 0.2896 0.9455
vn -0.1513 0.2859 0.9462
vn 0.8423 0.4795 0.2462
vn 0.8782 0.4681 0.0982
vn 0.7279 0.4331 -0.5316
vn 0.7354 0.2889 -0.6130
vn 0.5580 0.3162 -0.7672
vn 0.8886 0.3146 0.3337
vn 0.8543 0.3615 0.3734
vn 0.3211 0.2046 -0.9247
vn -0.3023 0.1840 -0.9353
vn 0.3217 0.2043 -0.9245
vn -0.7602 0.3839 -0.5240
vn -0.7774 0.5724 0.2608
vn -0.7633 0.5715 0.3013
vn -0.8439 0.3880 0.3705
vn -0.6496 0.2660 -0.7122
vn -0.3581 0.0570 -0.9319
vn -0.6724 0.0055 -0.7402
vn -0.7848 0.1679 -0.5966
vn -0.6536 0.5607 -0.5084
vn 0.7775 0.1638 -0.6071
vn 0.6736 0.0037 -0.7391
vn 0.3557 0.0549 -0.9330
vn 0.6646 -0.3929 -0.6356
vn 0.6440 -0.4118 -0.6447
vn 0.8183 0.0127 -0.5747
vn 0.7890 -0.0382 -0.6132
vn 0.8391 0.3580 -0.4096
vn 0.7064 0.6173 -0.3464
vn 0.7572 0.5533 -0.3471
vn 0.1966 -0.0662 -0.9782
vn -0.1955 -0.0668 -0.9784
vn -0.4589 -0.6109 -0.6451
vn -0.4033 -0.6080 -0.6839
vn -0.0112 -0.7628 -0.6465
vn 0.1385 -0.8983 -0.4170
vn 0.4587 -0.7055 -0.5402
vn -0.3879 0.9016 -0.1913
vn -0.1371 0.9116 -0.3875
vn 0.1064 0.6574 -0.7460
vn 0.3113 0.9485 -0.0584
vn 0.0409 0.9977 -0.0540
vn -0.1282 0.9888 0.0767
vn 0.2153 0.2048 0.9548
vn 0.0520 0.0300 0.9982
vn 0.0415 -0.0027 0.9991
vn -0.0524 0.1407 0.9887
vn -0.1344 0.0470 0.9898
vn -0.2157 0.1513 0.9647
vn -0.2467 0.5339 0.8087
vn -0.1746 0.4585 0.8714
vn -0.0248 0.4781 0.8780
vn 0.0678 0.6694 0.7398
vn 0.8385 -0.3231 0.4388
vn 0.7461 0.0737 0.6618
vn 0.4242 0.0120 0.9055
vn 0.4715 0.2166 0.8548
vn 0.4050 0.2440 0.8812
vn 0.2851 -0.9181 0.2752
vn 0.4315 -0.8652 0.2553
vn -0.4284 0.0224 0.9033
vn -0.6833 0.0505 0.7284
vn -0.8968 -0.3220 0.3035
vn -0.7720 -0.5950 0.2235
vn -0.5225 -0.8229 0.2232
vn -0.5187 0.1971 0.8319
vn -0.0228 0.0046 0.9997
vn 0.3941 -0.3581 0.8464
vn 0.4457 -0.1277 0.8860
vn -0.4838 -0.3402 0.8063
vn -0.3771 -0.2116 0.9017
vn -0.5039 -0.7451 -0.4370
vn 0.0299 -0.6678 -0.7438
vn 0.2919 -0.2921 0.9108
vn 0.0456 -0.4082 0.9117
vn 0.0744 -0.3679 0.9269
vn -0.0480 -0.3151 0.9478
vn -0.1258 -0.3519 0.9275
vn -0.2576 -0.2845 0.9234
vn 0.0533 -0.0297 0.9981
vn 0.1662 0.5797 -0.7977
vn 0.4744 0.7527 -0.4564
vn -0.0347 0.9436 -0.3292
vn -0.0131 0.3504 0.9365
vn -0.4293 0.7765 -0.4612
vn -0.4475 0.7565 -0.4770
vn -0.3805 0.2468 -0.8912
vn -0.4133 0.2056 -0.8871
vn 0.1205 0.2942 -0.9481
vn 0.1586 0.2435 -0.9569
vn -0.8272 0.4399 -0.3495
vn -0.8805 0.4381 -0.1810
vn -0.9504 0.3067 -0.0515
vn -0.8549 0.2937 0.4277
vn -0.6820 0.3115 0.6617
vn -0.9005 0.2825 -0.3305
vn -0.8502 0.3493 -0.3939
vn 0.2855 0.2204 0.9327
vn 0.2982 0.2185 0.9292
vn 0.9521 0.2806 -0.1214
vn 0.6123 0.4758 -0.6314
vn 0.9057 0.3299 0.2662
vn 0.5221 0.4406 -0.7303
vn 0.6385 0.7432 -0.1997
vn 0.7991 0.2806 0.5317
vn -0.2093 0.2403 -0.9479
vn -0.0521 0.0793 -0.9955
vn -0.0426 0.0496 -0.9979
vn 0.0514 0.1951 -0.9794
vn 0.1391 0.0960 -0.9856
vn 0.2116 0.1890 -0.9589
vn 0.2143 0.4996 -0.8394
vn 0.1672 0.4647 -0.8696
vn -0.0638 0.5686 -0.8201
vn -0.0785 0.6013 -0.7951
vn -0.1822 -0.8175 -0.5463
vn -0.7258 0.0577 -0.6855
vn -0.4368 0.0289 -0.8991
vn -0.4983 0.1891 -0.8461
vn -0.4994 -0.8375 0.2219
vn 0.5684 -0.0634 -0.8203
vn 0.8676 -0.3428 -0.3603
vn 0.8011 -0.5974 -0.0366
vn 0.6931 -0.7208 -0.0114
vn 0.3452 -0.8890 -0.3009
vn 0.4720 0.2060 -0.8572
vn 0.0852 -0.8944 -0.4390
vn 0.0555 -0.9426 -0.3294
vn -0.0671 -0.9849 -0.1594
vn 0.2382 -0.9211 0.3080
vn 0.7032 0.0328 0.7102
vn 0.7532 0.1836 0.6317
vn -0.6389 0.5396 0.5484
vn -0.7528 0.1820 0.6326
vn -0.6842 -0.0109 0.7292
vn -0.6310 -0.3993 0.6651
vn -0.8155 -0.0168 0.5785
vn -0.7865 -0.0508 0.6155
vn -0.8465 0.3544 0.3972
vn -0.7209 0.6380 0.2708
vn -0.6843 0.6705 0.2867
vn -0.1952 -0.0222 0.9805
vn 0.1847 -0.0215 0.9826
vn 0.3755 -0.6784 0.6314
vn 0.4470 -0.6723 0.5901
vn -0.0260 -0.8072 0.5896
vn -0.1203 -0.8827 0.4542
vn -0.5051 -0.7151 0.4832
vn 0.1403 0.4967 0.8565
vn -0.0898 0.9010 0.4244
vn -0.3462 0.9125 0.2180
vn -0.7897 0.5263 0.3153
vn -0.0414 0.9991 -0.0048
vn -0.1259 0.9895 -0.0709
vn -0.6201 -0.7046 0.3449
vn -0.3909 -0.3074 -0.8676
vn 0.5041 -0.3148 -0.8042
vn 0.4227 -0.5497 0.7205
vn 0.2570 -0.7018 0.6644
vn 0.0545 -0.8699 0.4903
vn -0.2951 -0.6349 0.7140
vn -0.0941 -0.3901 0.9160
vn -0.0170 -0.2794 -0.9600
vn -0.2858 -0.2571 -0.9231
vn -0.0556 -0.3464 -0.9364
vn -0.0423 -0.3396 -0.9396
vn 0.0542 -0.3885 -0.9198
vn 0.2460 -0.2583 -0.9342
vn 0.1385 -0.3022 -0.9431
vn 0.0305 -0.0392 -0.9988
vn -0.1506 -0.0788 -0.9854
vn -0.9853 -0.0540 0.1618
vn -0.8595 -0.3001 0.4138
vn -0.9858 -0.1061 -0.1305
vn -0.6634 -0.1623 -0.7305
vn -0.8826 -0.3341 -0.3308
vn -0.6467 0.0479 -0.7613
vn -0.5410 -0.0009 -0.8410
vn -0.9442 0.0001 -0.3293
vn -0.9468 0.0022 -0.3218
vn -0.6379 -0.2616 0.7244
vn 0.8496 -0.3738 -0.3720
vn 0.6460 -0.1652 -0.7452
vn 0.9846 -0.1064 -0.1388
vn 0.8576 -0.3678 0.3596
vn 0.6892 -0.2063 0.6945
vn 0.9767 -0.1049 0.1871
vn 0.9751 -0.1046 0.1954
vn 0.3072 -0.4725 0.8261
vn -0.2985 -0.3782 0.8763
vn -0.2435 -0.5140 -0.8225
vn -0.4789 -0.6825 -0.5521
vn -0.1321 -0.6680 -0.7324
vn 0.1311 -0.7557 -0.6417
vn 0.0841 -0.7168 -0.6922
vn 0.5283 -0.4544 -0.7172
vn 0.2333 -0.0228 -0.9721
vn 0.1044 0.0762 -0.9916
vn -0.0817 -0.0929 -0.9923
vn -0.2697 0.0588 -0.9611
vn 0.8590 0.2238 -0.4604
vn 0.8334 0.2493 -0.4933
vn 0.9291 -0.2013 -0.3102
vn -0.6953 -0.7073 0.1278
vn -0.8203 0.2286 -0.5243
vn -0.8574 0.1915 -0.4777
vn -0.1417 0.7197 -0.6797
vn 0.1547 0.7782 -0.6087
vn 0.2084 0.7186 -0.6634
vn -0.3544 0.7610 -0.5433
vn 0.3271 0.4072 -0.8527
vn 0.5660 0.4945 -0.6597
vn 0.0701 0.5632 -0.8234
vn 0.1400 0.5974 -0.7896
vn -0.1400 0.5974 -0.7896
vn -0.0701 0.5632 -0.8234
vn -0.5000 0.5141 -0.6969
vn -0.3245 0.4422 -0.8361
vn -0.1169 0.2076 0.9712
vn -0.1970 0.4329 0.8796
vn 0.3827 0.2098 0.8997
vn -0.8930 0.2927 -0.3418
vn -0.7200 0.1738 -0.6718
vn -0.9904 0.1101 -0.0836
vn -0.9907 0.1118 0.0769
vn -0.7092 0.1472 0.6894
vn -0.8359 0.2501 0.4887
vn 0.6958 0.1262 0.7071
vn 0.9919 0.1199 0.0427
vn 0.9910 0.1082 -0.0783
vn 0.7166 0.1720 -0.6760
vn 0.8789 0.2805 -0.3859
vn -0.1013 -0.0266 0.9945
vn -0.1053 -0.0273 0.9941
vn 0.3575 -0.0234 0.9336
vn 0.3505 -0.0223 0.9363
vn 0.3564 0.0352 -0.9337
vn 0.3068 0.0274 -0.9514
vn 0.1046 0.0448 -0.9935
vn 0.7169 -0.0168 0.6969
vn 0.7070 -0.0146 0.7071
vn 0.9187 -0.0205 0.3945
vn 0.9905 0.0280 -0.1343
vn 0.9353 0.0134 -0.3536
vn 0.7051 0.0248 -0.7087
vn 0.7289 0.0286 -0.6840
vn -0.7274 0.0296 -0.6856
vn -0.7051 0.0263 -0.7087
vn -0.9412 0.0145 -0.3375
vn -0.9905 0.0280 -0.1345
vn -0.9078 -0.0228 0.4187
vn -0.7177 -0.0172 0.6961
vn -0.7168 -0.0170 0.6970
vn 0.8211 -0.2496 0.5134
vn 0.5349 -0.2497 0.8071
vn 0.1636 -0.1643 0.9728
vn 0.1609 -0.1695 0.9723
vn -0.5081 -0.1947 0.8390
vn -0.5087 -0.1935 0.8389
vn -0.5096 -0.2480 -0.8239
vn 0.5100 -0.2490 -0.8234
vn -0.4716 -0.4593 -0.7528
vn -0.5245 -0.4314 -0.7340
vn 0.5282 -0.4403 -0.7261
vn 0.4726 -0.4704 -0.7452
vn -0.4474 -0.1870 0.8746
vn 0.7272 0.6719 0.1407
vn -0.7334 0.5852 -0.3460
vn -0.6771 0.6774 0.2876
vn -0.7223 0.5918 0.3577
vn 0.0089 0.5630 0.8264
vn 0.3682 0.8213 0.4357
vn -0.4431 0.7291 0.5216
vn -0.5103 0.7889 0.3424
vn 0.4409 0.6428 -0.6264
vn -0.3786 0.6541 -0.6548
vn -0.4040 0.6925 -0.5977
vn -0.8645 0.4721 -0.1725
vn -0.8649 0.4766 -0.1575
vn -0.8632 0.4727 0.1773
vn 0.8436 -0.1450 0.5171
vn -0.8375 -0.1764 -0.5172
vn -0.8467 -0.0999 -0.5226
vn 0.5212 -0.1210 0.8448
vn 0.5137 -0.2084 0.8323
vn -0.5193 -0.1194 -0.8462
vn 0.9859 0.0081 -0.1670
vn 0.9855 0.0048 -0.1696
vn 0.9854 0.0022 0.1701
vn 0.9858 -0.0009 0.1678
vn 0.8484 -0.0035 0.5294
vn 0.8478 -0.0022 0.5303
vn 0.8500 0.0130 -0.5267
vn 0.8491 0.0111 -0.5281
vn -0.9858 -0.0009 0.1678
vn -0.9854 0.0022 0.1701
vn -0.9855 0.0048 -0.1696
vn -0.9859 0.0081 -0.1670
vn -0.8472 0.0111 -0.5311
vn -0.8499 0.0178 -0.5266
vn -0.8487 -0.0041 0.5289
vn -0.8484 -0.0035 0.5293
vn 0.1668 -0.0115 0.9859
vn 0.1699 -0.0154 0.9853
vn -0.1699 -0.0154 0.9853
vn -0.1668 -0.0115 0.9859
vn -0.5282 -0.0122 0.8491
vn -0.5281 -0.0121 0.8491
vn 0.5268 -0.0059 0.8500
vn 0.5309 -0.0122 0.8474
vn -0.1675 0.0187 -0.9857
vn -0.1704 0.0223 -0.9851
vn 0.1704 0.0223 -0.9851
vn 0.1675 0.0187 -0.9857
vn 0.5293 0.0198 -0.8482
vn 0.5262 0.0154 -0.8502
vn -0.5304 0.0215 -0.8475
vn -0.5293 0.0198 -0.8482
vn -0.1851 0.0023 -0.9827
vn 0.1853 -0.0040 -0.9827
vn 0.5125 0.0007 -0.8587
vn 0.9827 0.0028 -0.1851
vn 0.9827 0.0028 0.1851
vn 0.8587 0.0007 -0.5125
vn -0.9827 -0.0045 0.1854
vn -0.9827 -0.0045 -0.1854
vn 0.1851 0.0023 0.9827
vn -0.1853 -0.0040 0.9827
vn 0.9853 0.0026 -0.1710
vn 0.9859 -0.0041 -0.1672
vn 0.9858 0.0009 0.1682
vn 0.9854 -0.0024 0.1700
vn 0.8506 0.0030 0.5258
vn 0.8492 -0.0018 0.5281
vn 0.8493 0.0020 -0.5279
vn 0.8506 -0.0020 -0.5259
vn -0.9853 0.0026 0.1710
vn -0.9859 -0.0041 0.1672
vn -0.9858 0.0009 -0.1682
vn -0.9854 -0.0024 -0.1700
vn -0.8506 0.0030 -0.5258
vn -0.8492 -0.0017 -0.5281
vn -0.8508 -0.0012 0.5254
vn -0.8511 -0.0020 0.5250
vn 0.1711 0.0026 0.9852
vn 0.1669 -0.0051 0.9860
vn -0.1667 -0.0051 0.9860
vn -0.1714 0.0035 0.9852
vn -0.5240 0.0039 0.8517
vn -0.5260 -0.0004 0.8505
vn 0.5271 0.0005 0.8498
vn 0.5259 -0.0020 0.8506
vn -0.1710 0.0026 -0.9853
vn -0.1672 -0.0041 -0.9859
vn 0.1682 0.0009 -0.9858
vn 0.1700 -0.0024 -0.9854
vn 0.5254 0.0030 -0.8509
vn 0.5281 -0.0024 -0.8492
vn -0.5271 0.0005 -0.8498
vn -0.5259 -0.0020 -0.8506
vn 0.9855 0.0044 -0.1696
vn 0.9857 0.0019 -0.1684
vn 0.9860 0.0072 0.1669
vn 0.9854 -0.0006 0.1704
vn 0.8501 0.0045 0.5266
vn 0.8495 0.0021 0.5276
vn 0.8486 0.0071 -0.5290
vn 0.8505 -0.0007 -0.5259
vn -0.9855 0.0044 0.1696
vn -0.9858 0.0010 0.1680
vn -0.9860 0.0067 -0.1669
vn -0.9855 0.0008 -0.1695
vn -0.8501 0.0057 -0.5266
vn -0.8490 0.0015 -0.5283
vn -0.8546 -0.0006 0.5193
vn 0.1696 0.0044 0.9855
vn 0.1684 0.0019 0.9857
vn -0.1669 0.0073 0.9860
vn -0.1704 -0.0006 0.9854
vn -0.5252 0.0045 0.8509
vn -0.5260 0.0025 0.8505
vn 0.5290 0.0071 0.8486
vn 0.5259 -0.0007 0.8505
vn -0.1708 -0.0016 -0.9853
vn -0.1664 0.0083 -0.9860
vn 0.1666 0.0083 -0.9860
vn 0.1705 -0.0006 -0.9854
vn 0.5266 0.0045 -0.8501
vn 0.5276 0.0021 -0.8495
vn -0.5292 0.0064 -0.8485
vn -0.5260 -0.0016 -0.8505
vn -0.9858 0.0032 0.1679
vn -0.9853 0.0082 0.1707
vn -0.9855 0.0025 -0.1697
vn -0.9860 0.0086 -0.1663
vn -0.8490 0.0028 -0.5284
vn -0.8480 -0.0002 -0.5299
vn -0.8488 0.0043 0.5286
vn -0.8486 0.0034 0.5291
vn 0.1685 0.0039 0.9857
vn 0.1705 0.0076 0.9853
vn -0.1706 0.0020 0.9853
vn -0.1662 0.0102 0.9860
vn -0.5312 0.0105 0.8472
vn -0.5277 0.0031 0.8494
vn 0.5258 -0.0029 0.8506
vn 0.5313 0.0099 0.8471
vn -0.1685 0.0039 -0.9857
vn -0.1705 0.0076 -0.9853
vn 0.1704 0.0021 -0.9854
vn 0.1663 0.0096 -0.9860
vn 0.5276 0.0041 -0.8495
vn 0.5251 0.0092 -0.8510
vn -0.5261 -0.0022 -0.8504
vn -0.5313 0.0099 -0.8471
vn 0.9857 0.0039 -0.1685
vn 0.9853 0.0076 -0.1705
vn 0.9854 0.0021 0.1704
vn 0.9860 0.0096 0.1663
vn 0.8495 0.0041 0.5276
vn 0.8480 -0.0005 0.5299
vn 0.8506 0.0030 -0.5258
vn 0.8485 0.0099 -0.5292
vn -0.0084 0.9861 0.1658
vn 0.0084 0.9861 -0.1658
vn 0.1658 0.9861 0.0084
vn -0.1658 0.9861 -0.0084
vn -0.1675 0.0277 0.9855
vn -0.1707 0.0186 0.9851
vn 0.1712 0.0173 0.9851
vn 0.1675 0.0277 0.9855
vn -0.5172 0.0790 -0.8522
vn -0.1771 0.0719 -0.9816
vn 0.1771 0.0719 -0.9816
vn 0.5174 0.0790 -0.8521
vn 0.1652 0.0336 -0.9857
vn -0.1652 0.0336 -0.9857
vn 0.8521 0.0790 -0.5174
vn 0.9816 0.0719 -0.1771
vn 0.9816 0.0719 0.1771
vn 0.8518 0.0790 0.5179
vn 0.8491 0.0473 0.5261
vn 0.9857 0.0336 0.1652
vn 0.9857 0.0336 -0.1652
vn -0.8430 0.0690 0.5335
vn -0.8478 0.0555 -0.5274
vn -0.9855 0.0277 -0.1675
vn -0.9852 0.0193 -0.1705
vn -0.9852 0.0204 0.1701
vn -0.9855 0.0277 0.1675
vn 0.9854 -0.0008 -0.1700
vn 0.9859 0.0005 -0.1673
vn 0.9859 0.0005 0.1673
vn 0.9854 -0.0008 0.1701
vn 0.8519 -0.0002 0.5237
vn 0.8519 -0.0002 0.5236
vn 0.8488 -0.0011 -0.5287
vn 0.8499 -0.0002 -0.5269
vn -0.9856 -0.0000 0.1693
vn -0.9857 -0.0004 0.1683
vn -0.9858 0.0002 -0.1677
vn -0.9855 -0.0008 -0.1699
vn -0.8519 -0.0002 -0.5237
vn -0.8519 -0.0002 -0.5236
vn -0.8497 -0.0004 0.5273
vn -0.8499 -0.0006 0.5269
vn 0.1697 0.0003 0.9855
vn 0.1681 -0.0004 0.9858
vn -0.1677 0.0002 0.9858
vn -0.1699 -0.0008 0.9855
vn -0.5265 -0.0002 0.8502
vn -0.5271 -0.0005 0.8498
vn 0.5243 -0.0002 0.8515
vn 0.5234 0.0004 0.8521
vn -0.1697 0.0003 -0.9855
vn -0.1681 -0.0004 -0.9858
vn 0.1677 0.0002 -0.9858
vn 0.1699 -0.0008 -0.9855
vn 0.5269 -0.0002 -0.8499
vn 0.5287 -0.0011 -0.8488
vn -0.5243 -0.0002 -0.8515
vn -0.5234 0.0004 -0.8521
vn -0.5287 0.0600 -0.8467
vn 0.5287 0.0600 0.8467
vn -0.8455 0.0864 -0.5269
vn -0.8471 0.0559 -0.5285
vn 0.8455 0.0864 0.5270
vn 0.8471 0.0559 0.5285
vn 0.9851 0.0111 -0.1716
vn 0.9854 0.0104 -0.1697
vn 0.9854 0.0104 0.1697
vn 0.9851 0.0111 0.1716
vn 0.8472 0.0107 0.5312
vn 0.8603 0.0016 0.5098
vn 0.8484 0.0108 -0.5292
vn 0.8485 0.0107 -0.5291
vn -0.9851 0.0111 0.1715
vn -0.9854 0.0105 0.1697
vn -0.9854 0.0105 -0.1700
vn -0.9852 0.0109 -0.1710
vn -0.8599 0.0111 -0.5104
vn -0.8472 0.0016 -0.5313
vn -0.8524 0.0082 0.5228
vn -0.8486 0.0107 0.5290
vn 0.1716 0.0110 0.9851
vn 0.1696 0.0103 0.9855
vn -0.1668 0.0109 0.9859
vn -0.1675 0.0106 0.9858
vn -0.5196 0.0112 0.8543
vn -0.5281 0.0077 0.8491
vn 0.5313 0.0016 0.8472
vn 0.5101 0.0112 0.8600
vn -0.1710 0.0110 -0.9852
vn -0.1694 0.0104 -0.9855
vn 0.1667 0.0109 -0.9860
vn 0.1671 0.0107 -0.9859
vn 0.5294 0.0108 -0.8483
vn 0.5292 0.0108 -0.8484
vn -0.5102 0.0016 -0.8601
vn -0.5312 0.0106 -0.8472
vn -0.5278 0.0491 -0.8480
vn -0.5198 0.0955 -0.8489
vn 0.5165 0.0359 0.8555
vn -0.8497 0.0844 -0.5205
vn 0.8529 0.0245 0.5214
vn 0.8535 0.0649 0.5171
vn 0.1648 -0.3282 -0.9301
vn 0.1591 -0.3412 -0.9265
vn -0.1591 -0.3412 -0.9265
vn -0.1648 -0.3281 -0.9301
vn -0.1618 -0.3726 0.9138
vn -0.1619 -0.3723 0.9139
vn 0.1619 -0.3723 0.9139
vn 0.1618 -0.3726 0.9138
vn -0.9164 -0.3649 -0.1645
vn -0.9145 -0.3708 -0.1620
vn -0.9161 -0.3666 0.1622
vn -0.9151 -0.3697 0.1609
vn 0.9284 -0.3342 0.1626
vn 0.9260 -0.3424 0.1590
vn 0.9245 -0.3465 -0.1587
vn 0.9294 -0.3297 -0.1661
vn -0.8420 -0.5100 -0.1759
vn -0.8213 -0.5516 -0.1456
vn -0.8213 -0.5516 0.1456
vn -0.8420 -0.5100 0.1759
vn 0.8420 -0.5100 0.1759
vn 0.8213 -0.5516 0.1456
vn 0.8213 -0.5516 -0.1456
vn 0.8420 -0.5100 -0.1759
vn 0.1761 -0.5221 -0.8345
vn 0.1548 -0.5527 -0.8189
vn -0.1548 -0.5527 -0.8189
vn -0.1761 -0.5221 -0.8345
vn -0.1759 -0.5100 0.8420
vn -0.1456 -0.5516 0.8213
vn 0.1456 -0.5516 0.8213
vn 0.1759 -0.5100 0.8420
vn -0.7592 0.4364 -0.4829
vn -0.7538 0.4669 -0.4624
vn -0.7948 0.3457 0.4988
vn -0.7945 0.4034 0.4538
vn 0.8474 0.1495 -0.5095
vn 0.7831 0.4121 0.4658
vn 0.7855 0.3754 0.4920
vn 0.7125 0.5504 -0.4353
vn 0.7527 0.4085 -0.5162
vn -0.1930 0.3098 -0.9310
vn 0.1879 0.3102 -0.9319
vn 0.5140 0.2171 -0.8298
vn 0.5141 0.4128 -0.7519
vn 0.4353 0.5504 -0.7125
vn -0.4625 0.4666 -0.7539
vn -0.4844 0.4338 -0.7597
vn -0.5286 0.0548 -0.8471
vn -0.4818 0.3987 0.7804
vn -0.4906 0.3863 0.7811
vn 0.4920 0.3754 0.7855
vn 0.4753 0.3990 0.7841
vn -0.8982 -0.0033 -0.4396
vn -0.8917 0.0112 -0.4524
vn 0.4449 0.0082 -0.8955
vn 0.8925 0.0171 0.4508
vn 0.8980 0.0012 0.4400
vn -0.0008 -0.9999 0.0136
vn -0.0095 -0.9999 -0.0078
vn 0.8248 -0.3883 0.4109
vn 0.8221 -0.3914 0.4135
vn -0.2386 0.7478 0.6196
vn -0.2043 0.8837 0.4211
vn 0.3559 0.9175 0.1774
vn 0.1688 0.9761 0.1369
vn -0.4079 -0.3935 -0.8239
vn -0.4075 -0.3930 -0.8243
vn 0.8129 -0.4179 -0.4055
vn 0.8315 -0.3959 -0.3897
vn 0.4083 -0.3913 0.8248
vn 0.4114 -0.3950 0.8214
vn -0.3265 0.9311 -0.1628
vn -0.4229 0.8878 -0.1813
vn 0.3520 0.6129 -0.7074
vn 0.3523 0.6149 -0.7056
vn -0.3112 -0.5405 0.7816
vn -0.3323 -0.8786 0.3429
vn 0.3460 -0.6334 -0.6921
vn 0.3089 -0.5002 -0.8089
vn 0.3857 -0.8938 0.2289
vn 0.4967 -0.8353 0.2359
vn -0.2988 -0.9426 -0.1489
vn -0.1578 -0.9796 -0.1242
vn -0.0450 0.9792 0.1978
vn 0.5419 -0.6283 0.5581
vn -0.2313 -0.9648 -0.1255
vn -0.2476 -0.9611 -0.1227
vn 0.1135 0.9745 -0.1937
vn 0.0944 0.8108 -0.5776
vn 0.2438 0.9365 0.2521
vn 0.6155 -0.7382 -0.2761
vn 0.2527 -0.9582 0.1342
vn 0.2688 -0.9542 0.1311
vn 0.1342 -0.9582 -0.2527
vn 0.1311 -0.9542 -0.2688
vn -0.6200 -0.7291 0.2898
vn 0.2592 -0.7787 0.5713
vn -0.2645 -0.7666 -0.5851
vn -0.8455 0.3428 -0.4093
vn -0.8277 0.3780 -0.4147
vn -0.3374 -0.2949 -0.8940
vn -0.3536 -0.2967 -0.8871
vn -0.8377 -0.2997 -0.4565
vn -0.8236 -0.2954 -0.4842
vn 0.1714 0.9203 -0.3516
vn 0.4096 0.3440 -0.8450
vn 0.4148 0.3776 -0.8279
vn -0.4109 0.3224 0.8528
vn -0.4123 0.3776 0.8291
vn 0.8439 0.3433 0.4124
vn 0.8279 0.3776 0.4148
vn 0.3724 0.5017 0.7808
vn 0.3755 0.5094 0.7743
vn -0.3838 0.4726 0.7933
vn -0.3890 0.4942 0.7774
vn -0.3352 0.6563 0.6760
vn -0.3355 0.6606 0.6716
vn 0.7781 0.4983 0.3823
vn 0.7801 0.4960 0.3814
vn 0.7808 0.5017 -0.3724
vn 0.7743 0.5094 -0.3755
vn -0.7781 0.4983 -0.3824
vn -0.7801 0.4960 -0.3814
vn -0.6660 0.6550 -0.3571
vn 0.6660 0.6550 0.3571
vn -0.2005 0.9025 0.3811
vn 0.3571 0.6550 -0.6660
vn 0.3824 0.4983 -0.7781
vn 0.3814 0.4960 -0.7801
vn 0.3288 0.8530 0.4053
vn -0.5304 0.8117 -0.2447
vn 0.3860 0.9204 0.0613
vn -0.3488 0.9267 -0.1397
vn -0.1937 0.8929 -0.4064
vn 0.1937 0.8929 0.4064
vn -0.3215 0.6299 0.7070
vn -0.3260 0.6472 0.6891
vn -0.4200 0.8838 0.2064
vn 0.4064 0.8929 -0.1937
vn 0.6950 0.6540 0.2987
vn -0.2325 0.8468 -0.4783
vn -0.2639 0.8651 -0.4266
vn 0.3865 0.8631 -0.3252
vn -0.4920 0.8530 0.1741
vn -0.5118 0.8433 0.1638
vn -0.8819 -0.1677 -0.4406
vn -0.8840 -0.1639 -0.4378
vn 0.3970 -0.1649 -0.9029
vn 0.4312 -0.2401 -0.8697
vn -0.4332 -0.1657 0.8859
vn -0.4371 -0.1716 0.8829
vn -0.3871 0.4677 0.7946
vn -0.3981 0.4896 0.7758
vn 0.3853 0.4975 -0.7772
vn 0.3832 0.4930 -0.7811
vn 0.7777 0.4969 0.3851
vn 0.7811 0.4930 0.3832
vn -0.7772 0.4975 -0.3853
vn -0.7811 0.4930 -0.3832
vn -0.3325 -0.6614 0.6723
vn -0.3342 -0.6631 0.6697
vn 0.3201 0.6974 0.6412
vn 0.3185 0.6957 0.6439
vn -0.6430 0.6963 -0.3190
vn -0.6410 0.6975 -0.3202
vn 0.3189 0.6964 -0.6429
vn 0.3201 0.6978 -0.6407
vn 0.3337 -0.6617 -0.6715
vn 0.3347 -0.6627 -0.6699
vn -0.6713 -0.6619 -0.3336
vn -0.6698 -0.6629 -0.3346
vn 0.6707 -0.6623 0.3340
vn 0.6699 -0.6628 0.3345
vn -0.7811 -0.4903 -0.3867
vn -0.7779 -0.4942 -0.3881
vn -0.3203 0.6977 -0.6408
vn -0.3190 0.6962 -0.6431
vn 0.6410 0.6977 -0.3200
vn 0.6428 0.6965 -0.3189
vn -0.6407 0.6972 0.3216
vn -0.6451 0.6944 0.3189
vn -0.2189 0.8657 0.4502
vn -0.2213 0.8697 0.4412
vn 0.3866 -0.4902 -0.7812
vn 0.3882 -0.4942 -0.7779
vn 0.7804 -0.4911 0.3869
vn 0.7779 -0.4942 0.3881
vn 0.4491 0.8662 0.2193
vn 0.4418 0.8694 0.2211
vn -0.4497 0.8661 -0.2185
vn -0.4411 0.8699 -0.2207
vn -0.4463 -0.0004 0.8949
vn -0.4340 0.0040 0.9009
vn 0.2187 0.8663 -0.4491
vn 0.2208 0.8698 -0.4413
vn 0.4463 0.0039 -0.8949
vn 0.4458 0.0040 -0.8951
vn 0.8949 0.0046 0.4462
vn 0.8967 0.0058 0.4427
vn -0.8949 0.0045 -0.4463
vn -0.8962 0.0055 -0.4436
vn -0.3276 0.7070 0.6268
vn -0.2699 0.6902 0.6714
vn -0.2926 0.4335 -0.8523
vn 0.2661 0.7635 -0.5884
vn 0.6397 0.6920 0.3345
vn 0.6618 0.6842 0.3063
vn -0.5860 0.7682 -0.2580
vn 0.8961 0.0053 -0.4438
vn 0.8949 0.0044 -0.4462
vn 0.4419 0.8694 -0.2211
vn 0.4486 0.8664 -0.2194
vn -0.4413 0.8696 0.2213
vn -0.4498 0.8658 0.2191
vn -0.8945 0.0045 0.4470
vn -0.8898 0.0079 0.4563
vn 0.7778 -0.4943 -0.3881
vn 0.7812 -0.4902 -0.3866
vn -0.7777 -0.4941 0.3887
vn -0.7909 -0.4778 0.3823
vn 0.6440 0.6957 0.3184
vn 0.6410 0.6976 0.3202
vn -0.6700 -0.6630 0.3340
vn -0.6737 -0.6605 0.3316
vn 0.6698 -0.6628 -0.3347
vn 0.6715 -0.6617 -0.3337
vn -0.3176 0.6928 0.6474
vn -0.3215 0.6970 0.6410
vn 0.7811 0.4930 -0.3832
vn 0.7772 0.4975 -0.3853
vn -0.7759 0.4897 0.3978
vn -0.7933 0.4694 0.3876
vn 0.8604 -0.2586 0.4392
vn 0.8697 -0.2401 0.4312
vn 0.8639 -0.2649 -0.4285
vn 0.9085 -0.1640 -0.3843
vn 0.4092 0.8524 0.3255
vn -0.8834 -0.1638 0.4390
vn -0.8833 -0.1641 0.4391
vn -0.6500 0.6714 0.3561
vn -0.4043 0.8935 -0.1952
vn 0.6791 0.6689 -0.3023
vn 0.4043 0.8935 0.1952
vn 0.3635 0.8931 -0.2651
vn 0.8038 0.4966 -0.3275
vn -0.2137 0.9691 0.1231
vn -0.6105 0.7904 -0.0504
vn -0.2377 0.8919 0.3847
vn 0.6672 0.6576 -0.3498
vn -0.7752 0.4983 0.3884
vn -0.7969 0.4684 0.3816
vn 0.2193 0.8228 -0.5243
vn 0.2241 0.8630 -0.4528
vn -0.2250 0.8633 0.4519
vn -0.2249 0.8628 0.4527
vn -0.6712 0.6615 0.3346
vn -0.6744 0.6583 0.3344
vn -0.8576 0.2941 0.4218
vn 0.8336 0.3478 -0.4291
vn 0.2645 -0.9555 -0.1304
vn 0.2512 -0.9588 -0.1331
vn -0.2471 -0.9612 0.1225
vn -0.2239 -0.9664 0.1265
vn -0.4835 -0.2955 -0.8240
vn -0.3713 -0.3108 -0.8750
vn 0.2135 -0.8661 -0.4520
vn -0.2921 -0.7235 0.6255
vn 0.4954 -0.8354 -0.2380
vn 0.7706 -0.5899 -0.2413
vn -0.1587 -0.9842 0.0789
vn -0.4519 -0.8822 0.1321
vn 0.1695 0.9819 -0.0843
vn 0.7773 0.5862 -0.2285
vn -0.4161 0.8723 0.2567
vn -0.5577 0.7823 0.2775
vn 0.9013 -0.0033 -0.4331
vn -0.8972 0.0068 0.4416
vn -0.8953 0.0119 0.4454
vn -0.4619 0.0072 0.8869
vn -0.4582 0.0033 0.8888
vn -0.0008 -0.9999 -0.0136
vn -0.0094 -0.9999 0.0078
vn -0.8240 -0.3932 -0.4079
vn -0.8226 -0.3947 -0.4092
vn -0.4470 0.0035 -0.8945
vn -0.4520 0.0053 -0.8920
vn 0.4470 0.0035 0.8945
vn 0.4520 0.0053 0.8920
vn -0.2209 0.8696 -0.4415
vn -0.2188 0.8662 -0.4492
vn 0.2209 0.8697 0.4415
vn 0.2188 0.8662 0.4492
vn 0.3881 -0.4944 0.7778
vn 0.3869 -0.4912 0.7804
vn -0.3882 -0.4943 -0.7778
vn -0.3866 -0.4902 -0.7812
vn 0.3348 -0.6631 0.6695
vn 0.3340 -0.6623 0.6707
vn -0.3344 -0.6626 -0.6702
vn -0.3336 -0.6618 -0.6713
vn -0.3832 0.4930 -0.7811
vn -0.3853 0.4975 -0.7772
vn 0.3832 0.4930 0.7811
vn 0.3851 0.4969 0.7777
vn -0.4285 -0.2648 -0.8639
vn -0.3843 -0.1640 -0.9085
vn 0.4372 -0.1728 0.8826
vn 0.4861 -0.2478 0.8380
vn 0.2421 0.8129 -0.5298
vn 0.3056 0.6686 0.6779
vn 0.1952 0.8935 -0.4043
vn -0.3416 0.7604 -0.5523
vn -0.3520 0.6440 -0.6792
vn 0.3498 0.6576 0.6672
vn -0.3724 0.5017 -0.7808
vn -0.3755 0.5093 -0.7743
vn -0.4375 -0.3397 -0.8326
vn -0.4313 -0.2641 -0.8627
vn 0.5243 0.8228 0.2193
vn 0.4528 0.8630 0.2241
vn -0.5244 0.8228 -0.2193
vn -0.4528 0.8630 -0.2241
vn -0.3498 0.6576 -0.6672
vn -0.4272 0.3505 -0.8335
vn 0.4294 0.3508 0.8322
vn -0.2347 0.9175 0.3210
vn -0.8753 -0.3000 -0.3792
vn -0.8278 -0.3077 -0.4690
vn 0.4201 -0.3426 -0.8403
vn 0.4220 -0.3185 -0.8488
vn -0.1193 -0.9568 -0.2651
vn -0.1252 -0.9648 -0.2315
vn -0.5658 -0.7832 -0.2579
vn 0.4904 -0.8410 0.2286
vn 0.1297 -0.9548 0.2676
vn 0.1331 -0.9588 0.2512
vn 0.2592 0.8469 0.4644
vn -0.2915 -0.5031 -0.8136
vn -0.3431 -0.9331 -0.1076
vn 0.1972 -0.9165 0.3481
vn 0.2043 -0.8889 0.4101
vn -0.3750 0.6090 -0.6989
vn -0.3515 0.9273 -0.1285
vn -0.4481 0.0001 -0.8940
vn -0.4486 0.0008 -0.8937
vn 0.1896 0.8862 0.4227
vn 0.1759 0.9188 0.3533
vn 0.4423 0.0039 0.8969
vn 0.4468 0.0108 0.8946
vn 0.4039 -0.4176 -0.8139
vn 0.3894 -0.3979 -0.8307
vn -0.4055 -0.4081 0.8179
vn -0.3972 -0.3974 0.8272
vn 0.2238 0.8633 0.4523
vn 0.2184 0.8182 0.5318
vn -0.2238 0.8633 -0.4523
vn -0.2184 0.8182 -0.5318
vn 0.4523 0.8633 -0.2238
vn 0.5318 0.8182 -0.2184
vn -0.4522 0.8632 0.2247
vn -0.4521 0.8632 0.2247
vn -0.4204 -0.3412 0.8408
vn -0.4196 -0.3512 0.8371
vn 0.4231 -0.3044 -0.8534
vn 0.4859 -0.2951 -0.8227
vn -0.8240 -0.2955 0.4835
vn -0.8686 -0.3089 0.3874
vn -0.8407 -0.3414 -0.4203
vn -0.8443 -0.3315 -0.4211
vn -0.4198 -0.3479 -0.8383
vn -0.4204 -0.3410 -0.8408
vn -0.8385 -0.3290 0.4344
vn -0.8606 -0.2723 0.4303
vn -0.8505 -0.3043 0.4290
vn -0.8824 -0.2981 0.3641
vn -0.3503 -0.2962 0.8886
vn -0.4487 -0.3055 0.8398
vn 0.4835 -0.2955 0.8240
vn 0.3712 -0.3108 0.8750
vn -0.8409 -0.3407 0.4204
vn -0.8408 -0.3410 0.4204
vn -0.4244 -0.3152 0.8488
vn -0.4235 -0.2870 0.8592
vn 0.4452 -0.3431 0.8271
vn 0.4338 -0.2429 0.8676
vn -0.4565 -0.2997 0.8377
vn -0.4839 -0.2954 0.8237
vn 0.2809 -0.2882 0.9155
vn 0.3641 -0.2981 0.8824
vn 0.8656 -0.3024 0.3991
vn 0.8596 -0.3035 0.4110
vn 0.8256 -0.2961 -0.4804
vn 0.8685 -0.3090 -0.3875
vn -0.8453 -0.3270 -0.4226
vn -0.8605 -0.2862 -0.4215
vn 0.4204 -0.3407 0.8409
vn 0.4204 -0.3410 0.8408
vn 0.8539 -0.2977 0.4269
vn 0.8632 -0.2718 0.4255
vn 0.8304 -0.3339 -0.4461
vn 0.8685 -0.2392 -0.4342
vn 0.8534 -0.3044 0.4232
vn 0.8237 -0.2955 0.4839
vn 0.9194 -0.2873 -0.2686
vn 0.8647 -0.3026 -0.4010
vn 0.3998 -0.3025 -0.8652
vn 0.4286 -0.3051 -0.8504
vn 0.8408 -0.3412 0.4204
vn 0.8486 -0.3190 0.4221
vn 0.8489 -0.3179 -0.4223
vn 0.8415 -0.3388 -0.4208
vn 0.4257 -0.3062 -0.8515
vn 0.4241 -0.2713 -0.8640
vn -0.8941 -0.0158 -0.4477
vn 0.4519 -0.0154 -0.8919
vn 0.4474 -0.0057 -0.8943
vn 0.4403 -0.1852 -0.8785
vn 0.8951 -0.0240 0.4453
vn 0.7444 -0.5539 0.3730
vn -0.8957 0.0234 -0.4441
vn 0.4307 0.2729 -0.8603
vn 0.4311 0.2626 -0.8632
vn 0.4488 0.0178 -0.8935
vn 0.8614 0.2729 0.4284
vn -0.4481 -0.1415 0.8827
vn -0.7036 -0.0025 0.7106
vn -0.8936 0.0223 -0.4483
vn -0.8978 -0.0002 -0.4404
vn -0.8843 0.1575 -0.4395
vn -0.8762 0.1979 -0.4395
vn 0.8877 -0.0216 0.4599
vn 0.8818 0.1747 0.4380
vn 0.8384 0.3320 0.4323
vn -0.4384 0.1748 0.8816
vn -0.8698 -0.2381 -0.4321
vn -0.8831 -0.1815 -0.4327
vn -0.1153 -0.9917 -0.0568
vn 0.8837 -0.1811 0.4316
vn 0.8951 0.0012 0.4458
vn 0.8708 -0.0996 0.4815
vn -0.3821 -0.3420 0.8585
vn -0.4261 0.0449 0.9035
vn -0.4479 -0.0235 0.8938
vn -0.8837 -0.0403 -0.4664
vn -0.8881 -0.0190 -0.4593
vn -0.8563 -0.2669 -0.4423
vn -0.8967 0.0464 -0.4401
vn -0.4592 -0.0358 0.8876
vn 0.0311 -0.9164 -0.3990
vn -0.9028 -0.0057 -0.4301
vn -0.7964 0.3887 -0.4634
vn -0.8829 0.1924 -0.4283
vn 0.6046 -0.7403 0.2938
vn 0.4489 0.0185 -0.8934
vn 0.8999 -0.0103 0.4359
vn 0.8942 0.0554 0.4443
vn 0.9001 0.0244 0.4349
vn 0.4470 -0.0189 0.8943
vn -0.4431 0.0096 -0.8964
vn -0.4416 0.2707 -0.8554
vn -0.4576 0.0903 -0.8846
vn -0.4491 0.0332 -0.8928
vn -0.4396 0.0425 -0.8972
vn -0.4593 0.1919 -0.8673
vn 0.4318 0.0014 0.9020
vn 0.4306 0.0048 0.9025
vn 0.4379 0.1782 0.8812
vn -0.4613 -0.2033 -0.8636
vn -0.3296 -0.9077 -0.2598
vn 0.4307 -0.0144 0.9024
vn 0.4354 -0.2077 0.8759
vn -0.4516 -0.0058 -0.8922
vn 0.4433 -0.0236 0.8960
vn -0.4073 0.1933 -0.8926
vn 0.4339 0.1158 0.8935
vn 0.4521 0.0212 0.8917
vn 0.4386 -0.0518 0.8972
vn -0.8937 -0.0314 0.4475
vn -0.8789 -0.1854 0.4395
vn 0.8878 -0.0539 -0.4570
vn 0.8875 -0.0611 -0.4568
vn -0.8763 0.1483 0.4583
vn 0.8923 0.0723 -0.4457
vn 0.8551 0.2707 -0.4421
vn 0.8856 0.0733 -0.4585
vn 0.8960 0.0340 -0.4428
vn -0.8952 0.0127 0.4454
vn -0.8776 0.1954 0.4378
vn -0.8813 0.1780 0.4377
vn 0.8734 0.3216 -0.3658
vn -0.8842 -0.1580 0.4395
vn -0.8977 -0.0004 0.4406
vn -0.5380 -0.8040 0.2534
vn 0.8910 -0.0433 -0.4520
vn -0.8997 -0.0563 0.4329
vn -0.8819 -0.1675 0.4406
vn -0.9019 0.0086 0.4319
vn -0.9049 0.1038 0.4128
vn -0.8555 0.2918 0.4277
vn -0.8944 -0.0070 0.4472
vn -0.8986 -0.0355 0.4374
vn 0.9092 -0.0465 -0.4138
vn 0.8558 0.2690 -0.4419
vn 0.8878 0.0315 -0.4591
vn 0.8924 0.0061 -0.4512
vn -0.8139 -0.4177 0.4039
vn -0.8319 -0.3964 0.3882
vn -0.5927 -0.7049 -0.3897
vn -0.0199 -0.8363 0.5479
vn 0.1719 -0.8829 -0.4370
vn -0.6110 -0.7521 0.2470
vn -0.1959 -0.8887 0.4145
vn -0.8177 -0.4051 -0.4089
vn -0.6206 -0.7201 -0.3104
vn -0.6232 -0.7174 -0.3114
vn 0.3937 -0.4744 -0.7874
vn 0.4037 -0.4030 -0.8214
vn 0.3577 -0.5914 -0.7227
vn 0.7874 -0.4744 0.3937
vn 0.8213 -0.4030 0.4037
vn 0.7234 -0.5903 0.3581
vn -0.4058 -0.4200 0.8117
vn -0.4078 -0.4047 0.8185
vn -0.3141 -0.7173 0.6220
vn -0.4069 -0.4293 -0.8063
vn -0.4118 -0.3900 -0.8236
vn -0.3069 -0.7345 -0.6052
vn 0.4095 -0.3999 0.8200
vn 0.4089 -0.4051 0.8178
vn 0.3144 -0.7017 0.6394
vn -0.3786 -0.9079 0.1797
vn -0.8077 -0.4288 0.4046
vn -0.8117 -0.4200 0.4058
vn -0.6072 -0.7344 0.3034
vn -0.6012 -0.7404 0.3007
vn 0.8194 -0.4000 -0.4106
vn 0.8236 -0.3900 -0.4118
vn -0.1273 -0.9670 0.2207
vn -0.1193 -0.9563 0.2668
vn -0.3831 -0.4800 0.7892
vn -0.3887 -0.4942 0.7776
vn -0.5132 0.0292 0.8578
vn -0.8589 0.0285 0.5113
vn -0.8571 0.0296 -0.5143
vn -0.5144 0.0296 -0.8570
vn 0.5144 0.0296 -0.8570
vn 0.8571 0.0296 -0.5143
vn -0.1003 0.3718 -0.9229
vn 0.1013 0.3578 0.9283
vn -0.2695 0.2638 0.9262
vn 0.1994 0.1833 0.9626
vn -0.4635 0.2427 0.8522
vn -0.0000 0.0147 0.9999
vn -0.0001 0.1171 0.9931
vn -0.9228 0.3721 0.1004
vn 0.9283 0.3579 -0.1013
vn -0.9611 0.2737 -0.0364
vn -0.9425 0.1677 0.2890
vn -0.8523 0.2427 -0.4632
vn -0.9999 0.0145 -0.0000
vn -0.9931 0.1172 -0.0000
vn 0.9999 0.0162 -0.0000
vn 0.9946 0.1039 -0.0000
vn -0.4222 0.8818 -0.2102
vn 0.2102 0.8818 -0.4222
vn 0.4223 0.8818 0.2102
vn -0.4139 0.3710 0.8313
vn -0.2110 0.8816 0.4222
vn -0.3585 0.5626 0.7450
vn -0.8948 0.0311 -0.4455
vn -0.8955 0.0296 -0.4440
vn 0.4022 -0.0097 -0.9155
vn 0.4539 0.0291 -0.8906
vn 0.8941 0.0266 0.4470
vn 0.8879 0.0360 0.4587
vn 0.8938 -0.0303 0.4473
vn 0.8939 -0.0374 0.4467
vn -0.4469 0.0355 0.8939
vn -0.4409 0.0293 0.8971
vn -0.4404 -0.0305 0.8973
vn -0.4470 0.0169 0.8944
vn -0.4251 0.3378 -0.8398
vn -0.2222 0.8697 -0.4408
vn 0.4272 0.3246 0.8439
vn 0.2222 0.8696 0.4409
vn -0.4396 0.0298 -0.8977
vn -0.4507 0.0385 -0.8919
vn -0.4443 -0.0620 -0.8937
vn 0.4456 0.0003 0.8953
vn 0.4791 0.0379 0.8769
vn 0.4719 0.2166 0.8546
vn -0.8116 0.3931 0.4321
vn -0.8404 0.3383 0.4234
vn -0.4408 0.8693 0.2235
vn 0.8439 0.3247 -0.4272
vn 0.4408 0.8696 -0.2222
vn -0.8360 0.3518 0.4210
vn -0.8962 0.0284 0.4428
vn -0.8614 0.0873 0.5004
vn 0.8977 0.0298 -0.4396
vn 0.8914 0.0392 -0.4514
vn 0.8941 -0.0329 -0.4467
vn -0.2094 0.8829 0.4202
vn -0.8810 -0.1716 -0.4409
vn -0.8832 -0.1582 -0.4416
vn 0.4410 -0.1716 -0.8809
vn 0.4416 -0.1582 -0.8832
vn 0.8810 -0.1716 0.4410
vn 0.8832 -0.1582 0.4416
vn -0.4417 -0.1716 0.8806
vn -0.4431 -0.1348 0.8863
vn -0.4416 -0.1582 -0.8832
vn -0.4410 -0.1716 -0.8809
vn 0.4416 -0.1582 0.8832
vn 0.4410 -0.1716 0.8809
vn -0.8863 -0.1348 0.4431
vn -0.8806 -0.1716 0.4417
vn 0.8832 -0.1582 -0.4416
vn 0.8810 -0.1716 -0.4409
vn 0.4446 -0.0283 0.8953
vn -0.5306 -0.0739 0.8444
vn -0.4474 -0.0405 -0.8934
vn 0.1807 -0.0653 -0.9814
vn 0.8184 -0.0585 0.5716
vn 0.6702 0.0204 0.7419
vn -0.8922 -0.0630 0.4472
vn -0.8944 -0.0204 0.4468
vn -0.8954 -0.0169 0.4450
vn -0.1555 -0.0564 0.9862
vn -0.8429 -0.0741 -0.5330
vn -0.8471 -0.0768 -0.5259
vn -0.9561 -0.1720 -0.2373
vn 0.8938 -0.0304 -0.4475
vn -0.4615 -0.1004 -0.8814
vn 0.8658 -0.1690 -0.4710
vn -0.4456 -0.0495 0.8939
vn -0.4475 -0.0425 0.8933
vn -0.4476 -0.0458 0.8931
vn 0.5949 -0.0500 0.8022
vn 0.5264 -0.0773 0.8467
vn -0.9891 -0.0503 0.1385
vn -0.9802 -0.0670 0.1866
vn 0.4468 -0.0501 -0.8932
vn -0.8939 -0.0425 -0.4462
vn -0.1400 -0.0503 -0.9889
vn 0.8943 -0.0268 0.4468
vn 0.8941 -0.0310 0.4469
vn 0.8925 -0.0632 0.4465
vn 0.9050 -0.1188 -0.4084
vn 0.8370 -0.0695 -0.5427
vn 0.4710 -0.1689 0.8658
vn 0.1865 -0.0670 0.9802
vn -0.8884 -0.1198 -0.4432
vn 0.4473 -0.0424 0.8934
vn 0.9847 -0.0591 0.1641
vn 0.9883 -0.0516 0.1438
vn -0.5638 -0.0627 0.8235
vn -0.5387 -0.0728 0.8394
vn -0.6819 -0.0121 0.7314
vn -0.4452 -0.0019 -0.8954
vn -0.4465 -0.0599 -0.8928
vn -0.3525 -0.6267 -0.6949
vn -0.4463 -0.0397 -0.8940
vn -0.4468 -0.0424 -0.8936
vn -0.9982 -0.0203 -0.0558
vn -0.9847 -0.0592 -0.1641
vn -0.9797 -0.0683 -0.1886
vn 0.6370 -0.0313 -0.7702
vn 0.6009 -0.0472 -0.7979
vn 0.4485 -0.0429 0.8928
vn 0.4480 -0.0288 0.8935
vn 0.3543 -0.6008 0.7166
vn 0.8865 -0.1325 -0.4433
vn 0.8917 -0.0529 -0.4495
vn 0.8983 0.0139 -0.4391
vn 0.8917 -0.0543 -0.4494
vn 0.4252 -0.1519 -0.8923
vn -0.0460 0.0153 -0.9988
vn 0.1030 -0.0369 -0.9940
vn 0.1930 -0.0702 -0.9787
vn 0.7879 -0.0413 0.6144
vn -0.8925 -0.0544 0.4477
vn -0.8884 -0.1066 0.4466
vn -0.8923 -0.0543 0.4481
vn -0.8944 -0.0403 0.4455
vn -0.4098 -0.1470 0.9003
vn -0.0551 -0.0208 0.9983
vn -0.1880 -0.0684 0.9798
vn -0.7270 -0.0099 -0.6866
vn -0.8408 -0.0736 -0.5364
vn -0.8254 -0.0637 -0.5610
vn 0.8938 -0.0289 -0.4475
vn 0.8911 -0.0862 -0.4456
vn 0.7119 -0.5949 -0.3733
vn 0.4468 -0.0416 -0.8937
vn 0.4476 -0.0466 -0.8930
vn -0.7032 -0.0021 -0.7110
vn -0.5579 -0.0655 -0.8273
vn -0.6835 -0.0114 -0.7299
vn 0.9874 -0.0535 -0.1488
vn 0.9885 -0.0510 -0.1421
vn -0.4451 -0.0573 0.8936
vn -0.4452 -0.0400 0.8946
vn -0.3526 -0.6265 0.6951
vn -0.4402 -0.1323 0.8881
vn -0.4487 -0.0324 0.8931
vn 0.5554 -0.0657 0.8290
vn 0.6052 -0.0453 0.7948
vn 0.3503 -0.1372 0.9265
vn -0.9965 -0.0287 0.0789
vn 0.4478 -0.0269 -0.8937
vn 0.4479 -0.0587 -0.8921
vn 0.3548 -0.6007 -0.7164
vn -0.7272 -0.0100 0.6864
vn -0.8208 -0.0607 0.5680
vn -0.8385 -0.0721 0.5401
vn -0.1885 -0.0685 -0.9797
vn -0.0555 -0.0203 -0.9983
vn 0.7189 -0.5921 0.3642
vn 0.8663 -0.2489 0.4331
vn 0.8886 -0.1098 0.4453
vn 0.8866 -0.1325 0.4432
vn 0.8938 -0.0289 0.4475
vn 0.8966 0.0124 0.4428
vn 0.7525 -0.0226 -0.6583
vn 0.7316 -0.0120 -0.6817
vn 0.8300 -0.0656 -0.5539
vn 0.8775 -0.0976 -0.4696
vn 0.1008 -0.0372 0.9942
vn 0.4238 -0.1520 0.8929
vn 0.0785 -0.0292 0.9965
vn -0.8936 -0.0269 -0.4481
vn -0.8943 0.0151 -0.4471
vn -0.7160 -0.5996 -0.3575
vn -0.6972 -0.6263 -0.3489
vn 0.4418 -0.0031 -0.8971
vn 0.4517 0.0081 -0.8921
vn 0.8980 0.0011 0.4399
vn 0.8250 -0.3882 0.4107
vn 0.8209 -0.3928 0.4144
vn -0.2355 0.7651 0.5993
vn 0.3560 0.9175 0.1774
vn 0.1687 0.9761 0.1369
vn -0.4267 -0.4159 -0.8031
vn 0.8227 -0.3936 -0.4103
vn 0.8227 -0.3935 -0.4102
vn 0.4104 -0.3938 0.8225
vn -0.4231 0.8877 -0.1814
vn 0.3521 0.6129 -0.7073
vn -0.2425 -0.6110 0.7536
vn -0.2143 -0.9118 0.3502
vn 0.2260 -0.9616 0.1559
vn 0.5018 -0.8441 0.1890
vn -0.2989 -0.9426 -0.1489
vn -0.1577 -0.9796 -0.1242
vn 0.5420 -0.6283 0.5581
vn -0.2512 -0.9587 -0.1336
vn -0.2472 -0.9596 -0.1344
vn 0.1136 0.9745 -0.1937
vn 0.3344 0.8768 0.3455
vn 0.2689 -0.9542 0.1311
vn 0.1305 -0.9611 -0.2436
vn 0.1259 -0.9556 -0.2665
vn -0.8453 0.3439 -0.4089
vn -0.8280 0.3780 -0.4141
vn -0.3107 -0.2918 -0.9046
vn -0.3592 -0.2974 -0.8846
vn 0.4095 0.3439 -0.8450
vn 0.4147 0.3782 -0.8277
vn -0.4123 0.3101 0.8566
vn -0.4137 0.3771 0.8286
vn 0.8434 0.3443 0.4124
vn -0.3890 0.4942 0.7775
vn -0.3351 0.6563 0.6760
vn 0.7781 0.4983 0.3824
vn 0.7808 0.5018 -0.3724
vn -0.7781 0.4983 -0.3823
vn -0.2007 0.9025 0.3811
vn 0.3248 0.8546 0.4052
vn -0.5305 0.8127 -0.2410
vn 0.3860 0.9204 0.0614
vn -0.3488 0.9267 -0.1396
vn -0.1930 0.8937 -0.4050
vn -0.3261 0.6475 0.6888
vn -0.4190 0.8843 0.2060
vn 0.6953 0.6543 0.2973
vn -0.2275 0.8469 -0.4806
vn -0.2620 0.8671 -0.4236
vn 0.3866 0.8631 -0.3250
vn -0.5119 0.8433 0.1638
vn -0.8819 -0.1676 -0.4406
vn -0.8840 -0.1639 -0.4379
vn 0.3970 -0.1648 -0.9029
vn 0.4311 -0.2396 -0.8699
vn -0.4332 -0.1659 0.8859
vn -0.4369 -0.1717 0.8830
vn -0.3855 0.4647 0.7971
vn -0.3980 0.4896 0.7758
vn 0.3744 0.5084 -0.7755
vn 0.3775 0.5153 -0.7694
vn 0.7772 0.4974 0.3853
vn -0.7662 0.5099 -0.3911
vn -0.7812 0.4929 -0.3832
vn -0.3349 -0.6639 0.6687
vn -0.3340 -0.6630 0.6699
vn 0.3121 0.7156 0.6249
vn 0.3106 0.7140 0.6274
vn -0.6472 0.7012 -0.2990
vn -0.6250 0.7156 -0.3121
vn 0.3263 0.7080 -0.6264
vn 0.3190 0.7004 -0.6385
vn 0.3444 -0.6577 -0.6699
vn 0.3388 -0.6522 -0.6781
vn -0.6836 -0.6534 -0.3252
vn 0.6713 -0.6619 0.3336
vn -0.7805 -0.4807 -0.3997
vn -0.7905 -0.4686 -0.3945
vn -0.3192 0.7002 -0.6386
vn -0.3266 0.7080 -0.6262
vn 0.6248 0.7158 -0.3119
vn 0.6476 0.7011 -0.2985
vn -0.6245 0.7153 0.3135
vn -0.6274 0.7135 0.3119
vn -0.2192 0.8658 0.4498
vn -0.2214 0.8696 0.4414
vn 0.3756 -0.4803 -0.7926
vn 0.3853 -0.5051 -0.7722
vn 0.7951 -0.4628 0.3919
vn 0.7904 -0.4686 0.3945
vn 0.4492 0.8662 0.2189
vn 0.4415 0.8697 0.2209
vn -0.4491 0.8663 -0.2189
vn -0.4415 0.8697 -0.2209
vn -0.4351 -0.0009 0.9004
vn -0.4470 0.0035 0.8945
vn 0.2188 0.8662 -0.4492
vn 0.2209 0.8697 -0.4414
vn 0.4517 0.0062 -0.8921
vn 0.4470 0.0045 -0.8945
vn 0.9318 -0.0269 0.3619
vn 0.8945 0.0035 0.4470
vn -0.8925 0.0049 -0.4510
vn -0.8945 0.0035 -0.4470
vn -0.0019 0.6139 0.7894
vn -0.1001 0.9210 0.3765
vn 0.2911 0.7124 -0.6386
vn 0.6265 0.7497 -0.2131
vn -0.6318 0.7194 -0.2886
vn 0.8946 0.0040 -0.4469
vn 0.8949 0.0042 -0.4463
vn 0.4412 0.8698 -0.2208
vn 0.4495 0.8661 -0.2186
vn -0.4412 0.8697 0.2212
vn -0.4502 0.8657 0.2189
vn -0.8894 0.0039 0.4571
vn -0.8949 0.0080 0.4462
vn 0.7903 -0.4689 -0.3944
vn 0.7804 -0.4809 -0.3996
vn -0.7900 -0.4689 0.3950
vn -0.8077 -0.4464 0.3852
vn 0.6273 0.7141 0.3108
vn 0.6249 0.7156 0.3122
vn -0.6699 -0.6631 0.3339
vn -0.6761 -0.6589 0.3299
vn 0.6698 -0.6628 -0.3348
vn 0.6836 -0.6533 -0.3255
vn -0.3085 0.7094 0.6337
vn -0.3138 0.7151 0.6247
vn 0.7664 0.5096 -0.3910
vn -0.7916 0.4715 0.3888
vn 0.8638 -0.2649 -0.4286
vn 0.9085 -0.1639 -0.3843
vn 0.4090 0.8538 0.3220
vn -0.8834 -0.1638 0.4391
vn -0.6500 0.6714 0.3560
vn -0.4042 0.8936 -0.1952
vn 0.6789 0.6691 -0.3023
vn 0.3636 0.8930 -0.2651
vn -0.6105 0.7904 -0.0505
vn -0.6745 0.6583 0.3344
vn -0.8525 0.3092 0.4215
vn 0.2647 -0.9559 -0.1275
vn 0.2459 -0.9604 -0.1309
vn -0.2238 -0.9664 0.1265
vn -0.3712 -0.3108 -0.8750
vn 0.2136 -0.8661 -0.4520
vn 0.4955 -0.8354 -0.2379
vn 0.7705 -0.5899 -0.2414
vn -0.6944 -0.6990 0.1712
vn 0.1696 0.9819 -0.0843
vn 0.7772 0.5862 -0.2285
vn -0.4162 0.8723 0.2567
vn 0.8950 -0.0033 -0.4461
vn 0.8937 0.0001 -0.4486
vn -0.8908 0.0069 0.4544
vn -0.8965 -0.0058 0.4431
vn -0.4618 0.0057 0.8870
vn -0.4600 0.0035 0.8879
vn -0.8240 -0.3933 -0.4079
vn -0.4445 0.0055 -0.8958
vn -0.4463 0.0048 -0.8949
vn 0.5227 0.0038 0.8525
vn 0.4458 0.0364 0.8944
vn -0.2208 0.8698 -0.4412
vn -0.2185 0.8661 -0.4496
vn 0.2208 0.8698 0.4412
vn 0.2185 0.8661 0.4495
vn 0.3944 -0.4690 0.7903
vn 0.3916 -0.4626 0.7954
vn -0.3854 -0.5051 -0.7722
vn -0.3755 -0.4799 -0.7929
vn 0.3346 -0.6629 0.6697
vn 0.3336 -0.6619 0.6713
vn -0.3385 -0.6522 -0.6783
vn -0.3439 -0.6576 -0.6703
vn -0.3774 0.5155 -0.7693
vn -0.3743 0.5085 -0.7755
vn 0.3853 0.4975 0.7772
vn -0.4283 -0.2643 -0.8641
vn -0.3843 -0.1639 -0.9085
vn 0.2412 0.8125 -0.5308
vn 0.3024 0.6696 0.6783
vn -0.3416 0.7605 -0.5523
vn -0.3723 0.5018 -0.7808
vn -0.3755 0.5094 -0.7743
vn -0.4404 -0.3411 -0.8305
vn -0.4326 -0.2539 -0.8651
vn -0.5243 0.8228 -0.2193
vn -0.4269 0.3479 -0.8347
vn 0.4290 0.3478 0.8337
vn -0.2346 0.9176 0.3209
vn -0.8655 -0.3024 -0.3994
vn -0.8345 -0.3074 -0.4573
vn 0.4220 -0.3186 -0.8488
vn -0.1312 -0.9545 -0.2676
vn -0.1339 -0.9581 -0.2533
vn 0.1303 -0.9555 0.2646
vn 0.1331 -0.9588 0.2511
vn 0.3310 0.7872 0.5203
vn -0.2914 -0.5031 -0.8136
vn -0.3431 -0.9331 -0.1077
vn 0.1417 -0.9261 0.3496
vn 0.1267 -0.9589 0.2539
vn -0.3515 0.9274 -0.1284
vn -0.4480 -0.0000 -0.8940
vn 0.1760 0.9188 0.3533
vn 0.4422 0.0039 0.8969
vn 0.4079 -0.3938 -0.8238
vn 0.4339 -0.4248 -0.7945
vn -0.4152 -0.3434 0.8424
vn -0.4527 -0.3850 0.8043
vn -0.2239 0.8633 -0.4523
vn -0.2184 0.8183 -0.5318
vn 0.5318 0.8183 -0.2184
vn -0.4196 -0.3511 0.8371
vn -0.8407 -0.3414 -0.4204
vn -0.8487 -0.3188 -0.4220
vn -0.4202 -0.3441 -0.8397
vn -0.8823 -0.2981 0.3642
vn -0.4839 -0.2955 0.8237
vn 0.3642 -0.2981 0.8824
vn -0.8470 -0.3211 -0.4235
vn -0.8599 -0.2866 -0.4225
vn 0.4205 -0.3407 0.8409
vn 0.8685 -0.2392 -0.4343
vn 0.3995 -0.3025 -0.8654
vn 0.4433 -0.3063 -0.8424
vn 0.8486 -0.3190 0.4220
vn 0.4247 -0.3137 -0.8493
vn 0.4229 -0.2708 -0.8648
vn -0.8940 -0.0159 -0.4477
vn 0.4473 -0.0173 -0.8942
vn 0.4407 -0.1550 -0.8842
vn 0.8951 -0.0240 0.4452
vn 0.7457 -0.5493 0.3771
vn -0.4108 -0.5780 0.7051
vn 0.4305 0.2729 -0.8603
vn 0.4311 0.2625 -0.8633
vn 0.4484 0.0374 -0.8930
vn 0.8615 0.2728 0.4283
vn -0.4482 -0.1415 0.8827
vn -0.9961 0.0013 0.0887
vn -0.8936 0.0225 -0.4483
vn -0.8978 -0.0002 -0.4403
vn -0.8843 0.1575 -0.4396
vn -0.8761 0.1979 -0.4396
vn 0.8817 0.1748 0.4383
vn 0.8385 0.3319 0.4322
vn -0.4448 -0.0353 0.8949
vn -0.4376 0.1750 0.8820
vn -0.8697 -0.2384 -0.4322
vn -0.1269 -0.9895 -0.0689
vn 0.8709 -0.0996 0.4813
vn -0.3606 -0.3400 0.8686
vn -0.4233 0.0446 0.9049
vn -0.8837 -0.0403 -0.4663
vn -0.8562 -0.2670 -0.4423
vn -0.8967 0.0465 -0.4402
vn 0.8919 -0.0212 0.4518
vn -0.4442 -0.0167 0.8958
vn -0.4582 -0.1156 0.8813
vn -0.1252 -0.9776 0.1693
vn -0.7963 0.3888 -0.4634
vn -0.8830 0.1924 -0.4281
vn 0.6064 -0.7393 0.2927
vn 0.4490 0.0185 -0.8934
vn 0.9035 -0.0072 0.4285
vn 0.9013 0.0548 0.4296
vn -0.4338 -0.2206 -0.8736
vn 0.4469 -0.0190 0.8944
vn -0.4416 0.2706 -0.8555
vn -0.4491 0.0332 -0.8929
vn -0.4595 0.1919 -0.8672
vn 0.4290 -0.0398 0.9024
vn 0.4157 0.0034 0.9095
vn 0.4177 0.3448 0.8406
vn -0.4615 -0.2033 -0.8636
vn -0.3308 -0.9067 -0.2616
vn 0.4308 -0.0145 0.9024
vn 0.4353 -0.2077 0.8760
vn 0.4492 -0.0256 0.8931
vn 0.4492 -0.0257 0.8930
vn 0.4311 0.1159 0.8948
vn 0.4474 -0.0128 0.8943
vn -0.8763 0.1484 0.4583
vn 0.8552 0.2707 -0.4421
vn 0.8843 0.0921 -0.4577
vn 0.8929 0.0332 -0.4491
vn -0.8899 0.0398 0.4543
vn -0.8956 0.0125 0.4447
vn -0.8802 0.1831 0.4378
vn -0.8812 0.1781 0.4378
vn -0.8969 -0.1704 0.4081
vn -0.8803 -0.2908 0.3750
vn -0.7187 -0.6519 0.2417
vn 0.8910 -0.0432 -0.4519
vn -0.8820 -0.1674 0.4406
vn -0.9018 0.0086 0.4321
vn -0.9049 0.1037 0.4128
vn -0.8985 -0.0355 0.4375
vn 0.9093 -0.0465 -0.4136
vn 0.8557 0.2691 -0.4420
vn -0.8266 -0.3865 0.4090
vn -0.8218 -0.3919 0.4136
vn -0.5926 -0.7049 -0.3897
vn -0.6109 -0.7522 0.2470
vn -0.1959 -0.8887 0.4146
vn -0.8178 -0.4050 -0.4088
vn -0.8197 -0.4004 -0.4095
vn -0.6232 -0.7198 -0.3058
vn 0.4061 -0.4188 -0.8122
vn 0.4047 -0.4292 -0.8075
vn 0.7871 -0.4750 0.3935
vn 0.8214 -0.4030 0.4036
vn 0.7227 -0.5915 0.3575
vn -0.3937 -0.4744 0.7874
vn -0.4037 -0.4030 0.8214
vn -0.3105 -0.7176 0.6234
vn -0.4089 -0.4051 -0.8178
vn -0.4089 -0.4051 -0.8177
vn -0.3571 -0.5972 -0.7182
vn -0.3130 -0.7135 -0.6269
vn 0.4107 -0.3999 0.8194
vn 0.4118 -0.3900 0.8236
vn -0.3788 -0.9079 0.1797
vn -0.8077 -0.4288 0.4047
vn -0.8117 -0.4200 0.4059
vn -0.6072 -0.7344 0.3033
vn -0.6013 -0.7403 0.3007
vn 0.7868 -0.4693 -0.4009
vn 0.8234 -0.3905 -0.4117
vn -0.1189 -0.9558 0.2690
vn -0.3875 -0.4514 0.8038
vn -0.3950 -0.4685 0.7902
vn -0.8571 0.0296 -0.5144
vn 0.8571 0.0296 -0.5144
vn -0.1002 0.3722 -0.9227
vn 0.1007 0.3586 0.9280
vn -0.2688 0.2638 0.9264
vn 0.1993 0.1832 0.9626
vn -0.4631 0.2427 0.8524
vn -0.0000 0.1171 0.9931
vn -0.9225 0.3728 0.0996
vn 0.9282 0.3580 -0.1012
vn -0.9611 0.2737 -0.0365
vn -0.9425 0.1676 0.2890
vn -0.8523 0.2427 -0.4633
vn -0.9931 0.1171 -0.0000
vn -0.4218 0.8821 -0.2098
vn 0.4222 0.8818 0.2102
vn -0.4083 0.3987 0.8212
vn -0.2109 0.8819 0.4217
vn -0.5918 0.3408 0.7305
vn -0.3570 0.5671 0.7422
vn -0.8947 0.0311 -0.4455
vn 0.8939 -0.0303 0.4472
vn 0.8934 -0.0373 0.4477
vn -0.4408 0.0293 0.8971
vn -0.4471 0.0169 0.8943
vn -0.4253 0.3381 -0.8395
vn -0.2227 0.8695 -0.4408
vn 0.4271 0.3253 0.8437
vn 0.2223 0.8696 0.4409
vn -0.4445 -0.0619 -0.8937
vn 0.4455 0.0003 0.8953
vn 0.4720 0.2166 0.8546
vn -0.8215 0.3754 0.4293
vn -0.8402 0.3390 0.4233
vn -0.4409 0.8692 0.2239
vn 0.8438 0.3248 -0.4272
vn 0.4409 0.8696 -0.2222
vn -0.8363 0.3516 0.4207
vn -0.8961 0.0284 0.4428
vn 0.8940 -0.0329 -0.4468
vn -0.2091 0.8833 0.4195
vn -0.8809 -0.1717 -0.4410
vn 0.4410 -0.1716 -0.8810
vn 0.8809 -0.1717 0.4410
vn 0.8832 -0.1582 0.4415
vn -0.4410 -0.1716 -0.8810
vn 0.4410 -0.1717 0.8810
vn -0.8806 -0.1716 0.4416
vn 0.8831 -0.1582 -0.4416
vn 0.8809 -0.1717 -0.4410
vn 0.1808 -0.0653 -0.9814
vn 0.8184 -0.0585 0.5717
vn -0.8429 -0.0741 -0.5329
vn -0.8471 -0.0769 -0.5258
vn -0.9561 -0.1720 -0.2372
vn 0.8937 -0.0304 -0.4475
vn -0.5106 -0.0825 -0.8558
vn 0.8658 -0.1690 -0.4711
vn -0.4455 -0.0520 0.8938
vn 0.5950 -0.0500 0.8022
vn 0.5263 -0.0774 0.8467
vn 0.4469 -0.0501 -0.8932
vn -0.8935 -0.0425 -0.4470
vn -0.8275 -0.0646 0.5578
vn -0.9194 -0.1346 0.3695
vn -0.1401 -0.0503 -0.9889
vn 0.8946 -0.0269 0.4460
vn 0.8932 -0.0506 0.4468
vn 0.8925 -0.0633 0.4465
vn 0.8370 -0.0695 -0.5428
vn 0.4710 -0.1690 0.8658
vn -0.5639 -0.0627 0.8235
vn -0.5386 -0.0728 0.8394
vn -0.6821 -0.0121 0.7312
vn -0.4466 -0.0599 -0.8927
vn -0.3524 -0.6270 -0.6948
vn -0.4450 -0.0559 -0.8938
vn -0.4473 -0.0424 -0.8934
vn -0.9847 -0.0591 -0.1640
vn 0.6015 -0.0466 -0.7975
vn 0.5951 -0.0492 -0.8022
vn 0.4484 -0.0437 0.8927
vn 0.4480 -0.0288 0.8936
vn 0.8917 -0.0529 -0.4494
vn 0.4253 -0.1519 -0.8922
vn 0.7882 -0.0413 0.6140
vn -0.8924 -0.0543 0.4480
vn -0.4099 -0.1470 0.9002
vn -0.0552 -0.0209 0.9983
vn -0.8408 -0.0736 -0.5363
vn -0.8254 -0.0637 -0.5609
vn 0.8938 -0.0289 -0.4476
vn 0.8911 -0.0862 -0.4455
vn 0.7115 -0.5952 -0.3735
vn 0.4474 -0.0460 -0.8931
vn -0.5585 -0.0649 -0.8270
vn -0.6692 -0.0179 -0.7429
vn -0.4453 -0.0572 0.8935
vn -0.4452 -0.0417 0.8945
vn -0.3522 -0.6271 0.6948
vn -0.4401 -0.1324 0.8881
vn 0.5553 -0.0657 0.8290
vn 0.3504 -0.1372 0.9265
vn -0.9965 -0.0288 0.0790
vn 0.4477 -0.0269 -0.8938
vn 0.3548 -0.6008 -0.7164
vn -0.8938 -0.0478 -0.4459
vn -0.7270 -0.0101 0.6866
vn -0.7145 -0.0039 0.6996
vn -0.1885 -0.0684 -0.9797
vn 0.7165 -0.5891 0.3736
vn 0.8875 -0.1242 0.4438
vn 0.8865 -0.1325 0.4433
vn 0.8965 0.0124 0.4428
vn 0.7527 -0.0226 -0.6579
vn 0.7315 -0.0120 -0.6818
vn 0.8774 -0.0976 -0.4697
vn 0.4239 -0.1521 0.8928
vn 0.0786 -0.0292 0.9965
vn -0.7154 -0.6001 -0.3578
vn -0.6976 -0.6260 -0.3485
vn 0.4518 0.0081 -0.8921
vn -0.0009 -0.9999 0.0136
vn 0.8248 -0.3883 0.4110
vn 0.8220 -0.3915 0.4136
vn -0.2387 0.7478 0.6196
vn -0.2043 0.8837 0.4210
vn 0.8228 -0.3936 -0.4100
vn 0.8237 -0.3925 -0.4091
vn 0.4103 -0.3937 0.8226
vn -0.3264 0.9311 -0.1628
vn -0.4230 0.8878 -0.1813
vn 0.3524 0.6171 -0.7036
vn 0.3522 0.6149 -0.7055
vn -0.3112 -0.5405 0.7817
vn 0.3461 -0.6338 -0.6918
vn 0.3856 -0.8938 0.2289
vn -0.1579 -0.9796 -0.1242
vn -0.2513 -0.9587 -0.1336
vn 0.2437 0.9365 0.2521
vn -0.3405 -0.2953 -0.8927
vn -0.3584 -0.2973 -0.8849
vn 0.4096 0.3439 -0.8450
vn -0.5304 0.8116 -0.2447
vn 0.3860 0.9205 0.0613
vn 0.3865 0.8631 -0.3251
vn -0.8819 -0.1677 -0.4405
vn -0.4333 -0.1657 0.8859
vn 0.3853 0.4974 -0.7773
vn 0.7777 0.4969 0.3850
vn -0.7811 0.4929 -0.3832
vn -0.3325 -0.6615 0.6722
vn -0.3340 -0.6630 0.6700
vn 0.3202 0.6976 0.6410
vn 0.3184 0.6957 0.6439
vn 0.3189 0.6965 -0.6428
vn 0.3337 -0.6617 -0.6714
vn -0.7811 -0.4903 -0.3866
vn -0.3203 0.6976 -0.6408
vn -0.2190 0.8657 0.4501
vn 0.3882 -0.4942 -0.7778
vn 0.7805 -0.4911 0.3869
vn 0.7779 -0.4943 0.3881
vn 0.4488 0.8663 0.2193
vn 0.4420 0.8693 0.2212
vn -0.4495 0.8661 -0.2186
vn -0.4412 0.8698 -0.2208
vn 0.2187 0.8663 -0.4490
vn 0.4460 0.0040 -0.8950
vn 0.8949 0.0039 0.4462
vn 0.8952 0.0041 0.4457
vn -0.8949 0.0039 -0.4463
vn -0.8950 0.0040 -0.4461
vn -0.3274 0.7070 0.6269
vn -0.2700 0.6902 0.6714
vn -0.2927 0.4336 -0.8522
vn 0.2633 0.7641 -0.5889
vn 0.6384 0.6936 0.3338
vn 0.6620 0.6853 0.3034
vn -0.5849 0.7696 -0.2560
vn 0.8949 0.0041 -0.4462
vn 0.4420 0.8693 -0.2211
vn 0.4483 0.8665 -0.2195
vn -0.4414 0.8696 0.2214
vn -0.4498 0.8658 0.2192
vn -0.8945 0.0035 0.4470
vn -0.8887 0.0077 0.4585
vn 0.7779 -0.4942 -0.3881
vn 0.7811 -0.4903 -0.3866
vn -0.7777 -0.4942 0.3887
vn 0.6439 0.6957 0.3184
vn 0.6409 0.6976 0.3202
vn -0.6699 -0.6630 0.3340
vn -0.6737 -0.6605 0.3315
vn 0.6714 -0.6617 -0.3337
vn -0.3217 0.6972 0.6407
vn 0.7773 0.4974 -0.3853
vn -0.7758 0.4897 0.3978
vn -0.7933 0.4694 0.3877
vn 0.8697 -0.2402 0.4313
vn 0.8638 -0.2649 -0.4285
vn -0.8834 -0.1638 0.4389
vn -0.6499 0.6714 0.3561
vn -0.4043 0.8936 -0.1952
vn -0.7968 0.4684 0.3816
vn -0.2249 0.8633 0.4518
vn -0.8576 0.2942 0.4219
vn 0.2646 -0.9555 -0.1304
vn 0.4955 -0.8354 -0.2380
vn 0.7737 -0.5858 -0.2412
vn -0.1586 -0.9842 0.0789
vn 0.7787 0.5843 -0.2288
vn -0.4159 0.8724 0.2567
vn -0.5578 0.7822 0.2775
vn 0.8950 -0.0033 -0.4460
vn -0.8972 0.0067 0.4416
vn -0.4584 0.0035 0.8887
vn -0.0095 -0.9999 0.0078
vn -0.8240 -0.3932 -0.4080
vn -0.7944 -0.4246 -0.4343
vn -0.4521 0.0054 -0.8919
vn 0.4522 0.0054 0.8919
vn -0.2189 0.8663 -0.4491
vn 0.2189 0.8662 0.4491
vn 0.3346 -0.6629 0.6698
vn 0.3057 0.6686 0.6779
vn -0.3520 0.6440 -0.6793
vn -0.4371 -0.3395 -0.8329
vn -0.4312 -0.2654 -0.8623
vn -0.2346 0.9176 0.3210
vn -0.8864 -0.2969 -0.3551
vn -0.8336 -0.3064 -0.4596
vn -0.1318 -0.9553 -0.2645
vn 0.2592 0.8468 0.4644
vn 0.1972 -0.9165 0.3480
vn 0.1896 0.8862 0.4226
vn 0.4078 -0.3938 -0.8238
vn 0.4087 -0.3948 -0.8229
vn -0.4054 -0.4086 0.8177
vn -0.3959 -0.3964 0.8283
vn 0.2184 0.8183 0.5318
vn -0.4195 -0.3511 0.8371
vn -0.8382 -0.3480 -0.4198
vn -0.4201 -0.3446 -0.8395
vn -0.8384 -0.3290 0.4345
vn -0.4486 -0.3055 0.8399
vn -0.4566 -0.2997 0.8377
vn -0.4839 -0.2955 0.8238
vn 0.8597 -0.3035 0.4109
vn -0.8471 -0.3211 -0.4235
vn 0.8647 -0.3026 -0.4009
vn 0.4270 -0.3050 -0.8513
vn 0.4258 -0.3054 -0.8517
vn 0.4242 -0.2713 -0.8640
vn -0.8941 -0.0173 -0.4474
vn -0.8839 -0.1560 -0.4410
vn 0.4475 -0.0159 -0.8942
vn 0.7430 -0.5552 0.3738
vn 0.4311 0.2625 -0.8632
vn -0.7037 -0.0025 0.7105
vn 0.8818 0.1748 0.4381
vn 0.8384 0.3319 0.4323
vn -0.4383 0.1748 0.8816
vn -0.8698 -0.2382 -0.4322
vn -0.1084 -0.9921 -0.0625
vn 0.8708 -0.0996 0.4814
vn -0.8968 0.0465 -0.4400
vn 0.0311 -0.9170 -0.3978
vn -0.7963 0.3887 -0.4634
vn -0.8829 0.1925 -0.4283
vn 0.6047 -0.7403 0.2939
vn 0.9001 0.0244 0.4350
vn 0.4470 -0.0189 0.8944
vn -0.4431 0.0097 -0.8964
vn -0.4415 0.2707 -0.8555
vn -0.4594 0.1919 -0.8672
vn 0.4317 0.0014 0.9020
vn 0.4307 0.0048 0.9025
vn -0.4614 -0.2033 -0.8636
vn -0.3304 -0.9072 -0.2605
vn 0.4307 -0.0145 0.9024
vn 0.4354 -0.2077 0.8760
vn 0.4434 -0.0236 0.8960
vn 0.4378 -0.0519 0.8976
vn -0.8938 -0.0314 0.4474
vn -0.8813 -0.1863 0.4343
vn -0.8728 -0.2210 0.4353
vn -0.8764 0.1483 0.4581
vn 0.8922 0.0723 -0.4459
vn 0.8551 0.2708 -0.4421
vn -0.8776 0.1954 0.4377
vn -0.8813 0.1781 0.4378
vn 0.8738 0.3217 -0.3648
vn -0.8843 -0.1580 0.4394
vn -0.5381 -0.8039 0.2535
vn 0.8917 -0.0432 -0.4506
vn -0.8820 -0.1674 0.4405
vn -0.8555 0.2919 0.4278
vn 0.9094 -0.0464 -0.4134
vn -0.8114 -0.4205 0.4060
vn -0.0198 -0.8363 0.5479
vn -0.8198 -0.4004 -0.4095
vn -0.6229 -0.7200 -0.3059
vn 0.3935 -0.4751 -0.7871
vn 0.4036 -0.4030 -0.8214
vn 0.3575 -0.5915 -0.7227
vn 0.7873 -0.4745 0.3937
vn 0.8214 -0.4030 0.4037
vn 0.7237 -0.5900 0.3580
vn -0.4079 -0.4047 0.8185
vn -0.4099 -0.4055 -0.8170
vn -0.4117 -0.3906 -0.8234
vn -0.3634 -0.5916 -0.7196
vn 0.4096 -0.3999 0.8200
vn 0.4088 -0.4051 0.8178
vn 0.3144 -0.7016 0.6394
vn -0.6011 -0.7404 0.3007
vn -0.3832 -0.4800 0.7892
vn -0.3886 -0.4942 0.7776
vn -0.1004 0.3718 -0.9229
vn 0.1014 0.3578 0.9283
vn -0.2695 0.2637 0.9262
vn 0.1994 0.1832 0.9626
vn -0.4636 0.2427 0.8522
vn -0.0000 0.1172 0.9931
vn -0.9228 0.3721 0.1003
vn -0.9425 0.1677 0.2891
vn -0.4138 0.3710 0.8313
vn 0.8939 -0.0372 0.4467
vn -0.4470 0.0355 0.8939
vn -0.4402 -0.0305 0.8974
vn -0.2222 0.8696 -0.4408
vn 0.2222 0.8696 0.4408
vn -0.4440 -0.0620 -0.8939
vn -0.8361 0.3517 0.4210
vn -0.8810 -0.1716 -0.4410
vn 0.4409 -0.1717 -0.8810
vn 0.4416 -0.1582 -0.8831
vn 0.8810 -0.1716 0.4409
vn -0.4432 -0.1348 0.8863
vn -0.4409 -0.1717 -0.8810
vn 0.4410 -0.1717 0.8809
vn 0.8810 -0.1716 -0.4410
vn -0.5307 -0.0738 0.8444
vn 0.8188 -0.0587 0.5711
vn 0.6722 0.0195 0.7401
vn -0.8922 -0.0631 0.4472
vn -0.8944 -0.0204 0.4469
vn -0.8428 -0.0741 -0.5330
vn -0.8471 -0.0769 -0.5259
vn -0.9561 -0.1719 -0.2372
vn -0.4843 -0.0922 -0.8700
vn -0.4456 -0.0479 0.8939
vn -0.4474 -0.0425 0.8933
vn -0.4476 -0.0458 0.8930
vn 0.5263 -0.0774 0.8468
vn -0.8226 -0.0624 0.5652
vn 0.8940 -0.0267 0.4474
vn 0.8944 -0.0156 0.4469
vn 0.8926 -0.0633 0.4465
vn 0.9051 -0.1188 -0.4083
vn 0.1866 -0.0670 0.9802
vn -0.8884 -0.1198 -0.4431
vn 0.9847 -0.0591 0.1640
vn -0.6819 -0.0122 0.7314
vn -0.4466 -0.0599 -0.8928
vn -0.3530 -0.6262 -0.6952
vn -0.4463 -0.0398 -0.8940
vn 0.6346 -0.0324 -0.7722
vn 0.6018 -0.0468 -0.7973
vn 0.4484 -0.0436 0.8927
vn 0.3537 -0.6009 0.7168
vn 0.8917 -0.0528 -0.4495
vn 0.4252 -0.1518 -0.8923
vn 0.7766 -0.0350 0.6290
vn -0.8924 -0.0543 0.4481
vn 0.7115 -0.5952 -0.3734
vn 0.4476 -0.0470 -0.8930
vn -0.6997 -0.0037 -0.7144
vn -0.5564 -0.0659 -0.8283
vn -0.6839 -0.0112 -0.7295
vn -0.4451 -0.0573 0.8937
vn -0.4453 -0.0429 0.8943
vn -0.3522 -0.6269 0.6950
vn 0.5553 -0.0658 0.8291
vn 0.6053 -0.0453 0.7947
vn 0.4478 -0.0269 -0.8938
vn 0.4480 -0.0587 -0.8921
vn 0.3543 -0.6009 -0.7166
vn -0.8937 -0.0461 -0.4462
vn -0.7271 -0.0101 0.6865
vn -0.8225 -0.0623 0.5654
vn 0.7194 -0.5914 0.3643
vn 0.8665 -0.2479 0.4332
vn 0.7315 -0.0119 -0.6818
vn 0.4239 -0.1520 0.8929
vn 0.0784 -0.0292 0.9965
vn -0.8943 0.0151 -0.4472
vn -0.7157 -0.5998 -0.3577
vn -0.6976 -0.6258 -0.3489
vn -0.4582 -0.0266 0.8885
vn -0.4487 0.0381 0.8929
vn -0.4472 0.0925 0.8896
vn -0.4273 0.1962 0.8826
vn -0.4480 0.0430 0.8930
vn -0.4488 0.0381 0.8928
vn -0.4471 0.0925 0.8897
vn -0.4272 0.1963 0.8826
vn -0.4472 0.0924 0.8897
vn -0.4273 0.1963 0.8825
vt 0.625000 0.375000
vt 0.625000 0.437500
vt 0.625000 0.375000
vt 0.625000 0.312500
vt 0.625000 0.312500
vt 0.625000 0.875000
vt 0.625000 0.937500
vt 0.625000 0.812500
vt 0.625000 0.812500
vt 0.625000 0.125000
vt 0.625000 0.187500
vt 0.625000 0.125000
vt 0.625000 0.062500
vt 0.625000 0.062500
vt 0.625000 0.625000
vt 0.625000 0.687500
vt 0.625000 0.562500
vt 0.625000 0.562500
vt 0.625000 0.250000
vt 0.625000 0.187500
vt 0.625000 0.187500
vt 0.625000 -0.000000
vt 0.625000 0.062500
vt 0.625000 -0.000000
vt 0.625000 0.312500
vt 0.625000 0.375000
vt 0.625000 0.437500
vt 0.625000 0.750000
vt 0.625000 0.500000
vt 0.625000 0.500000
vt 0.625000 0.437500
vt 0.625000 0.437500
vt 0.625000 0.250000
vt 0.625000 1.000000
vt 0.625000 0.750000
vt 0.625000 0.125000
vt 0.625000 0.187500
vt 0.625000 0.125000
vt 0.625000 0.562500
vt 0.625000 0.687500
vt 0.625000 0.625000
vt 0.625000 0.125000
vt 0.625000 0.187500
vt 0.625000 0.125000
vt 0.625000 0.562500
vt 0.625000 0.312500
vt 0.625000 0.437500
vt 0.625000 0.937500
vt 0.625000 0.875000
vt 0.625000 0.187500
vt 0.625000 0.375000
vt 0.625000 0.500000
vt 0.625000 0.437500
vt 0.625000 0.062500
vt 0.625000 0.500000
vt 0.625000 0.062500
vt 0.625000 -0.000000
vt 0.625000 -0.000000
vt 0.625000 0.187500
vt 0.625000 0.125000
vt 0.625000 0.125000
vt 0.375000 0.062500
vt 0.375000 0.125000
vt 0.375297 0.125000
vt 0.625000 0.625000
vt 0.625000 0.625000
vt 0.625000 0.437500
vt 0.625000 0.500000
vt 0.625000 0.437491
vt 0.375000 0.687500
vt 0.375000 0.750000
vt 0.375000 0.187500
vt 0.375000 0.250000
vt 0.375000 0.250000
vt 0.375000 0.312500
vt 0.375000 0.375000
vt 0.375000 0.375000
vt 0.375000 0.437500
vt 0.375000 0.500000
vt 0.375000 0.500000
vt 0.375000 0.812500
vt 0.375000 0.875000
vt 0.375220 0.875000
vt 0.375000 0.687500
vt 0.375000 0.750000
vt 0.375000 0.437500
vt 0.375000 0.500000
vt 0.375000 0.937500
vt 0.375000 1.000000
vt 0.375000 0.187500
vt 0.375000 0.125000
vt 0.375000 0.187500
vt 0.375000 0.125000
vt 0.375000 0.687500
vt 0.375000 0.625000
vt 0.375000 0.562500
vt 0.375000 0.437500
vt 0.375000 0.437500
vt 0.375000 0.312500
vt 0.375000 0.937500
vt 0.375000 0.812500
vt 0.375000 0.875000
vt 0.375000 0.437500
vt 0.375000 0.375000
vt 0.375000 0.250000
vt 0.375000 0.312500
vt 0.375000 0.000000
vt 0.375000 0.062500
vt 0.375000 0.062500
vt 0.375000 0.937500
vt 0.375000 0.250000
vt 0.375000 0.687500
vt 0.375000 0.375000
vt 0.375000 0.500000
vt 0.375000 0.500000
vt 0.375000 0.875000
vt 0.375000 0.062500
vt 0.375000 0.187500
vt 0.375000 1.000000
vt 0.375000 0.187500
vt 0.375000 0.250000
vt 0.375000 0.687500
vt 0.375000 0.750000
vt 0.375000 0.750000
vt 0.375000 0.187500
vt 0.375000 0.562500
vt 0.375000 0.500000
vt 0.375000 0.562500
vt 0.375000 0.500000
vt 0.375000 0.750000
vt 0.375000 0.687500
vt 0.375000 0.062500
vt 0.375000 0.187500
vt 0.375000 0.125000
vt 0.375000 0.187500
vt 0.375000 0.375000
vt 0.375000 0.625000
vt 0.375000 0.062500
vt 0.375000 0.125000
vt 0.375000 0.312500
vt 0.375000 0.437500
vt 0.375000 0.250000
vt 0.375000 0.312500
vt 0.375000 0.250000
vt 0.375000 0.500000
vt 0.375000 0.625000
vt 0.375000 -0.000000
vt 0.375000 0.062500
vt 0.375000 0.750000
vt 0.375000 0.250000
vt 0.375000 0.500000
vt 0.375000 -0.000000
vt 0.375000 0.062500
vt 0.375000 0.062500
vt 0.375000 0.250000
vt 0.375000 1.000000
vt 0.375000 0.250000
vt 0.375000 0.437500
vt 0.375000 0.500000
vt 0.375000 0.562500
vt 0.375000 -0.000000
vt 0.375000 0.062500
vt 0.375000 0.625000
vt 0.375000 0.187500
vt 0.375000 0.125000
vt 0.375000 0.812500
vt 0.375000 0.312500
vt 0.375000 -0.000000
vt 0.375000 0.062500
vt 0.375000 0.812500
vt 0.375000 0.250000
vt 0.375000 0.312500
vt 0.375000 0.437500
vt 0.375000 0.125000
vt 0.375000 0.062500
vt 0.375000 0.125000
vt 0.375000 0.685205
vt 0.375000 0.185204
vt 0.375000 0.125000
vt 0.375000 0.125000
vt 0.375000 0.935204
vt 0.375000 0.435204
vt 0.375000 0.874851
vt 0.375000 0.882948
vt 0.375000 0.937357
vt 0.375000 0.812294
vt 0.375000 0.374999
vt 0.375000 0.312498
vt 0.375000 0.437497
vt 0.375000 0.562499
vt 0.375000 0.687501
vt 0.375000 0.749999
vt 0.375000 0.062500
vt 0.375000 0.187500
vt 0.625000 0.687482
vt 0.625000 0.562500
vt 0.625000 0.562515
vt 0.625000 0.750000
vt 0.625000 0.687500
vt 0.625000 0.685059
vt 0.625000 0.698553
vt 0.625000 0.750000
vt 0.625000 0.000000
vt 0.625000 0.000000
vt 0.625000 0.062500
vt 0.625000 0.000000
vt 0.625000 -0.000000
vt 0.625000 0.374859
vt 0.625000 0.312500
vt 0.625000 0.312410
vt 0.625000 0.812500
vt 0.625000 0.062500
vt 0.625000 0.125000
vt 0.625000 0.097221
vt 0.625000 0.250000
vt 0.625000 0.500000
vt 0.625000 0.500000
vt 0.625000 0.437500
vt 0.625000 0.250000
vt 0.625000 0.250000
vt 0.625000 0.062500
vt 0.625000 0.125000
vt 0.625000 0.062500
vt 0.625000 0.687500
vt 0.625000 0.626939
vt 0.625000 0.062500
vt 0.625000 -0.000000
vt 0.625000 0.253655
vt 0.625000 0.312500
vt 0.625000 0.500000
vt 0.625000 0.441317
vt 0.625000 0.375000
vt 0.625000 0.327220
vt 0.625000 0.213358
vt 0.625000 0.875000
vt 0.625000 0.777289
vt 0.625000 0.922779
vt 0.625000 0.562500
vt 0.625000 0.662850
vt 0.625000 0.499438
vt 0.625000 0.727615
vt 0.625000 0.625000
vt 0.625000 0.187500
vt 0.625000 0.087875
vt 0.625000 0.159519
vt 0.625000 0.913150
vt 0.625000 0.336848
vt 0.625000 0.812500
vt 0.625000 0.750000
vt 0.625000 0.338684
vt 0.625000 0.359431
vt 0.625000 0.556147
vt 0.625000 0.562500
vt 0.625000 0.742256
vt 0.625000 0.752538
vt 0.625000 0.686982
vt 0.625000 0.737343
vt 0.625000 0.656649
vt 0.625000 0.563097
vt 0.625000 0.511321
vt 0.625000 0.479279
vt 0.625000 0.717417
vt 0.625000 0.537211
vt 0.625000 0.589108
vt 0.625000 0.707267
vt 0.625000 0.649956
vt 0.625000 0.579427
vt 0.625000 0.541667
vt 0.625000 0.541667
vt 0.625000 0.597008
vt 0.625000 0.534300
vt 0.625000 0.576528
vt 0.625000 0.499978
vt 0.625000 0.500000
vt 0.625000 0.530004
vt 0.625000 0.735391
vt 0.625000 0.529302
vt 0.625000 0.562562
vt 0.625000 0.714195
vt 0.625000 0.734405
vt 0.625000 0.704318
vt 0.625000 0.690385
vt 0.625000 0.730398
vt 0.625000 0.674674
vt 0.625000 0.624904
vt 0.625000 0.668140
vt 0.625000 0.524336
vt 0.625000 0.528049
vt 0.625000 0.737175
vt 0.625000 0.716083
vt 0.625000 0.739583
vt 0.625000 0.728438
vt 0.625000 0.552072
vt 0.625000 0.664179
vt 0.625000 0.514305
vt 0.625000 0.524675
vt 0.625000 0.511055
vt 0.625000 0.518630
vt 0.625000 0.530009
vt 0.625000 0.510492
vt 0.625000 0.525222
vt 0.625000 0.556637
vt 0.625000 0.553383
vt 0.625000 0.517230
vt 0.625000 0.518229
vt 0.625000 0.511016
vt 0.625000 0.519606
vt 0.625000 0.738876
vt 0.625000 0.732210
vt 0.625000 0.698604
vt 0.625000 0.652781
vt 0.625000 0.625033
vt 0.625000 0.596930
vt 0.625000 0.730315
vt 0.625000 0.697418
vt 0.625000 0.516629
vt 0.625000 0.600393
vt 0.625000 0.735539
vt 0.625000 0.624938
vt 0.625000 0.656404
vt 0.625000 0.534719
vt 0.625000 0.511330
vt 0.625000 0.523115
vt 0.625000 0.515903
vt 0.625000 0.503104
vt 0.625000 0.527057
vt 0.625000 0.517436
vt 0.625000 0.596118
vt 0.625000 0.574762
vt 0.625000 0.674675
vt 0.625000 0.670573
vt 0.625000 0.577298
vt 0.625000 0.579427
vt 0.625000 0.736331
vt 0.625000 0.710298
vt 0.625000 0.732101
vt 0.625000 0.731771
vt 0.625000 0.737416
vt 0.625000 0.727300
vt 0.625000 0.591142
vt 0.625000 0.522727
vt 0.625000 0.655293
vt 0.625000 0.735202
vt 0.625000 0.736284
vt 0.625000 0.745858
vt 0.625000 0.566859
vt 0.625000 0.519722
vt 0.625000 0.515220
vt 0.625000 0.527873
vt 0.625000 0.518229
vt 0.625000 0.740612
vt 0.625000 0.692461
vt 0.625000 0.702622
vt 0.625000 0.581260
vt 0.625000 0.736205
vt 0.625000 0.722676
vt 0.625000 0.505296
vt 0.625000 0.524855
vt 0.625000 0.749138
vt 0.625000 0.661934
vt 0.625000 0.665624
vt 0.625000 0.812500
vt 0.625000 -0.000056
vt 0.625000 0.527444
vt 0.625000 0.187500
vt 0.625000 0.625000
vt 0.625000 -0.000000
vt 0.625000 0.670984
vt 0.625000 0.749997
vt 0.625000 0.732992
vt 0.625000 0.709745
vt 0.625000 0.749999
vt 0.625000 0.533000
vt 0.625000 0.512470
vt 0.625000 0.535184
vt 0.625000 0.559450
vt 0.625000 0.579783
vt 0.625000 0.679018
vt 0.625000 0.686255
vt 0.625000 0.551978
vt 0.625000 0.507759
vt 0.625000 0.522575
vt 0.625000 0.500441
vt 0.625000 0.554691
vt 0.625000 0.551832
vt 0.625000 0.500596
vt 0.625000 0.524299
vt 0.625000 0.702272
vt 0.625000 0.739563
vt 0.625000 0.720061
vt 0.625000 0.511167
vt 0.625000 0.506304
vt 0.625000 0.506207
vt 0.625000 0.546989
vt 0.625000 0.534528
vt 0.625000 0.653390
vt 0.625000 0.719397
vt 0.625000 0.511344
vt 0.625000 0.509849
vt 0.625000 0.511615
vt 0.625000 0.511158
vt 0.625000 0.741752
vt 0.625000 0.734830
vt 0.625000 0.513967
vt 0.625000 0.506207
vt 0.625000 0.511140
vt 0.625000 0.548087
vt 0.625000 0.516741
vt 0.625000 0.542469
vt 0.625000 0.575103
vt 0.625000 0.516764
vt 0.625000 0.687500
vt 0.625000 0.578903
vt 0.625000 0.500000
vt 0.625000 0.540719
vt 0.625000 0.578936
vt 0.625000 0.625000
vt 0.625000 0.651523
vt 0.625000 0.500000
vt 0.625000 0.562500
vt 0.625000 0.374985
vt 0.625000 0.312479
vt 0.625000 0.312500
vt 0.625000 1.000000
vt 0.625000 0.937523
vt 0.625000 0.062500
vt 0.625000 0.250000
vt 0.625000 0.187500
vt 0.625000 0.250000
vt 0.625000 0.062500
vt 0.625000 -0.000010
vt 0.625000 0.125000
vt 0.625000 0.564941
vt 0.625000 0.432725
vt 0.625000 0.375000
vt 0.375000 0.687500
vt 0.375000 0.500000
vt 0.375000 -0.000000
vt 0.375000 0.250000
vt 0.375000 0.687500
vt 0.375000 0.437500
vt 0.375000 0.562500
vt 0.375000 -0.000000
vt 0.375000 0.062500
vt 0.375000 -0.000000
vt 0.375000 0.062500
vt 0.375155 0.937500
vt 0.375000 0.937500
vt 0.375095 0.687500
vt 0.375000 0.625000
vt 0.375417 0.187500
vt 0.375000 0.187500
vt 0.625000 0.499999
vt 0.631274 0.419643
vt 0.625000 0.375030
vt 0.625000 0.999249
vt 0.625000 0.686461
vt 0.625000 0.875109
vt 0.377335 0.375029
vt 0.377966 0.250773
vt 0.250256 0.251330
vt 0.625000 0.750010
vt 0.625000 0.624907
vt 0.625000 0.250015
vt 0.627475 0.175989
vt 0.625000 0.125138
vt 0.377965 0.499357
vt 0.249778 0.498670
vt 0.625000 0.250666
vt 0.623084 0.248921
vt 0.625000 0.253293
vt 0.625000 0.998460
vt 0.625000 0.997067
vt 0.625000 0.749973
vt 0.625000 0.751320
vt 0.625000 0.747067
vt 0.625000 0.750026
vt 0.625000 0.748679
vt 0.625000 0.752933
vt 0.625000 0.250027
vt 0.625000 0.248259
vt 0.625000 0.252933
vt 0.625000 0.997005
vt 0.625000 0.999585
vt 0.625000 0.996871
vt 0.625000 0.124949
vt 0.625000 0.126083
vt 0.625000 0.122242
vt 0.625000 0.127801
vt 0.625000 0.127682
vt 0.625000 0.122238
vt 0.625000 0.123071
vt 0.625000 0.125986
vt 0.625000 0.125015
vt 0.625000 0.874949
vt 0.625000 0.876083
vt 0.625000 0.872242
vt 0.625000 0.875051
vt 0.625000 0.874105
vt 0.625000 0.877758
vt 0.625000 0.372459
vt 0.625000 0.375048
vt 0.625000 0.372239
vt 0.625000 0.626029
vt 0.625000 0.624205
vt 0.623778 0.626409
vt 0.375019 0.625039
vt 0.624972 0.621387
vt 0.625000 0.875021
vt 0.625000 0.874204
vt 0.623791 0.876408
vt 0.375020 0.875039
vt 0.624972 0.871387
vt 0.625000 0.998879
vt 0.625000 1.001565
vt 0.625000 1.000616
vt 0.625000 0.749126
vt 0.625000 0.751565
vt 0.625000 0.750616
vt 0.625000 0.499125
vt 0.625000 0.501565
vt 0.625000 0.500616
vt 0.625000 0.249125
vt 0.625000 0.251565
vt 0.625000 0.250616
vt 0.625000 0.123719
vt 0.625000 0.126504
vt 0.625000 0.125744
vt 0.625000 0.873002
vt 0.625000 0.876358
vt 0.625000 0.875744
vt 0.625000 0.124331
vt 0.625000 0.122888
vt 0.625000 0.124769
vt 0.625000 0.124853
vt 0.625000 0.121246
vt 0.625000 0.110050
vt 0.625000 0.998922
vt 0.625000 0.996965
vt 0.625000 0.998622
vt 0.625000 0.993689
vt 0.625000 0.581687
vt 0.625000 0.493690
vt 0.625000 0.506311
vt 0.625000 0.875132
vt 0.625000 0.996965
vt 0.625000 0.998822
vt 0.625000 0.239549
vt 0.625000 0.240336
vt 0.625000 0.240255
vt 0.625000 0.384225
vt 0.625000 0.384973
vt 0.625000 0.384966
vt 0.625000 0.884225
vt 0.625000 0.885174
vt 0.625000 0.884972
vt 0.625000 0.990249
vt 0.625000 0.990241
vt 0.625000 0.991090
vt 0.625000 0.989412
vt 0.625000 0.990238
vt 0.625000 0.990240
vt 0.625000 0.615025
vt 0.625000 0.615016
vt 0.625000 0.615885
vt 0.625000 0.008975
vt 0.625000 0.009760
vt 0.625000 0.009740
vt 0.625000 0.365025
vt 0.625000 0.365016
vt 0.625000 0.365885
vt 0.625000 0.243929
vt 0.625000 0.243484
vt 0.625000 0.243933
vt 0.625000 0.631182
vt 0.625000 0.631737
vt 0.625000 0.631743
vt 0.625000 0.990260
vt 0.625000 0.989545
vt 0.625000 0.990240
vt 0.625000 0.881182
vt 0.625000 0.881737
vt 0.625000 0.881743
vt 0.625000 0.993527
vt 0.625000 0.993481
vt 0.625000 0.993933
vt 0.625000 0.615025
vt 0.625000 0.614294
vt 0.625000 0.615019
vt 0.625000 0.506521
vt 0.625000 0.506516
vt 0.625000 0.506550
vt 0.625000 0.010588
vt 0.625000 0.009811
vt 0.625000 0.010476
vt 0.625000 0.010531
vt 0.625000 0.006515
vt 0.625000 0.006087
vt 0.625000 0.006086
vt 0.625000 0.868257
vt 0.625000 0.868263
vt 0.625000 0.868831
vt 0.625000 0.365025
vt 0.625000 0.364828
vt 0.625000 0.365019
vt 0.625000 0.364280
vt 0.625000 0.365028
vt 0.625000 0.256119
vt 0.625000 0.256516
vt 0.625000 0.256521
vt 0.625000 0.499987
vt 0.625062 0.682700
vt 0.625000 0.375111
vt 0.625000 0.999232
vt 0.625000 0.875093
vt 0.377337 0.374995
vt 0.377966 0.250771
vt 0.250256 0.251330
vt 0.867577 0.331405
vt 0.625009 0.249532
vt 0.625000 0.749990
vt 0.625000 0.624979
vt 0.377965 0.499357
vt 0.249778 0.498670
vt 0.625000 0.250665
vt 0.623077 0.248922
vt 0.625000 0.997067
vt 0.625000 0.999694
vt 0.625000 0.996591
vt 0.625000 0.998460
vt 0.625000 0.749973
vt 0.625000 0.751319
vt 0.625000 0.750026
vt 0.625000 0.748679
vt 0.625000 0.250026
vt 0.625000 0.248259
vt 0.625000 0.997005
vt 0.625000 0.127801
vt 0.625000 0.127683
vt 0.625000 0.122239
vt 0.625000 0.874949
vt 0.625000 0.876084
vt 0.625000 0.875051
vt 0.625000 0.874106
vt 0.625000 0.372459
vt 0.625000 0.375048
vt 0.625000 0.626029
vt 0.625000 0.624205
vt 0.623768 0.626410
vt 0.625000 0.874204
vt 0.623779 0.876410
vt 0.375020 0.875039
vt 0.624972 0.871387
vt 0.625000 0.998880
vt 0.625000 0.748126
vt 0.625000 0.750730
vt 0.625000 0.249125
vt 0.625000 0.623714
vt 0.625000 0.626504
vt 0.625000 0.625744
vt 0.625000 0.876358
vt 0.625000 0.124331
vt 0.625000 0.122888
vt 0.625000 0.124769
vt 0.625000 0.124917
vt 0.625000 0.121246
vt 0.625000 0.998922
vt 0.625000 0.998623
vt 0.625000 0.993689
vt 0.625000 0.581690
vt 0.625000 0.506311
vt 0.625000 0.875135
vt 0.625000 0.998822
vt 0.625000 0.239549
vt 0.625000 0.384966
vt 0.625000 0.885174
vt 0.625000 0.990241
vt 0.625000 0.990238
vt 0.625000 0.506473
vt 0.625000 0.505815
vt 0.625000 0.506511
vt 0.625000 0.009760
vt 0.625000 0.243929
vt 0.625000 0.243484
vt 0.625000 0.631182
vt 0.625000 0.990240
vt 0.625000 0.615025
vt 0.625000 0.614294
vt 0.625000 0.009811
vt 0.625000 0.006515
vt 0.625000 0.006087
vt 0.625000 0.868257
vt 0.625000 0.868831
vt 0.625000 0.365025
vt 0.625000 0.365019
vt 0.625000 0.499998
vt 0.631272 0.419638
vt 0.625000 0.374906
vt 0.625000 0.999249
vt 0.625000 0.686464
vt 0.625000 0.875140
vt 0.377335 0.375029
vt 0.377966 0.250773
vt 0.250256 0.251330
vt 0.625000 0.750017
vt 0.625000 0.624907
vt 0.625000 0.250010
vt 0.627473 0.175990
vt 0.625000 0.125121
vt 0.377965 0.499357
vt 0.249778 0.498670
vt 0.625000 0.250666
vt 0.623084 0.248920
vt 0.625000 0.998460
vt 0.625000 0.749973
vt 0.625000 0.751319
vt 0.625000 0.750026
vt 0.625000 0.250026
vt 0.625000 0.248260
vt 0.625000 0.124950
vt 0.625000 0.126083
vt 0.625000 0.127801
vt 0.625000 0.123071
vt 0.625000 0.125986
vt 0.625000 0.125015
vt 0.625000 0.874949
vt 0.625000 0.876084
vt 0.625000 0.875051
vt 0.625000 0.874105
vt 0.625000 0.372460
vt 0.625000 0.375047
vt 0.625000 0.626029
vt 0.625000 0.624205
vt 0.623779 0.626409
vt 0.375019 0.625039
vt 0.624972 0.621387
vt 0.625000 0.875033
vt 0.625000 0.874205
vt 0.623767 0.876409
vt 0.625000 0.998879
vt 0.625000 0.750730
vt 0.625000 0.499125
vt 0.625000 0.249125
vt 0.625000 0.123719
vt 0.625000 0.122888
vt 0.625000 0.124769
vt 0.625000 0.124853
vt 0.625000 0.121246
vt 0.625000 0.998922
vt 0.625000 0.998622
vt 0.625000 0.581687
vt 0.625000 0.998822
vt 0.625000 0.239549
vt 0.625000 0.240336
vt 0.625000 0.990238
vt 0.625000 0.008975
vt 0.625000 0.009760
vt 0.625000 0.243929
vt 0.625000 0.631737
vt 0.625000 0.990240
vt 0.625000 0.881182
vt 0.625000 0.881737
vt 0.625000 0.993933
vt 0.625000 0.615019
vt 0.625000 0.506517
vt 0.625000 0.009811
vt 0.625000 0.006515
vt 0.625000 0.006087
vt 0.625000 0.868831
vt 0.625000 0.365025
vt 0.625000 0.364828
vt 0.625000 0.365019
vt 0.625000 0.256119
vt 0.625000 0.937500
vt 0.625000 0.812507
vt 0.375000 -0.000000
vt 0.375000 0.062500
vt 0.375000 0.562500
vt 0.375000 -0.000000
vt 0.375000 -0.000000
vt 0.375000 0.562500
vt 0.375000 -0.000000
vt 0.375000 0.062500
vt 0.375000 0.250000
vt 0.375000 -0.000000
vt 0.375000 -0.000000
vt 0.375000 0.187500
vt 0.375000 -0.000000
vt 0.375000 0.437500
vt 0.375000 0.062500
vt 0.375000 0.812500
vt 0.375000 0.252623
vt 0.375000 0.031250
vt 0.625000 -0.000001
vt 0.625000 0.233370
vt 0.625000 0.250206
vt 0.625000 0.245301
vt 0.625000 0.875000
vt 0.625000 0.250000
vt 0.625000 0.902780
vt 0.625000 0.312500
vt 0.625000 0.185271
vt 0.625000 0.937500
vt 0.625000 0.591085
vt 0.625000 0.129599
vt 0.625000 0.842302
vt 0.625000 1.000115
vt 0.625000 0.464687
vt 0.625000 0.890570
vt 0.625000 0.625977
vt 0.625000 0.708333
vt 0.625000 0.513980
vt 0.625000 0.546867
vt 0.625000 0.521282
vt 0.625000 0.525305
vt 0.625000 0.601465
vt 0.625000 0.588718
vt 0.625000 0.531775
vt 0.625000 0.739182
vt 0.625000 0.504687
vt 0.625000 0.575325
vt 0.625000 0.564428
vt 0.625000 0.734559
vt 0.625000 0.720066
vt 0.625000 0.739160
vt 0.625000 0.592501
vt 0.625000 0.515671
vt 0.625000 0.729401
vt 0.625000 0.532035
vt 0.625000 0.624868
vt 0.625000 0.622147
vt 0.625000 0.708333
vt 0.625000 0.512625
vt 0.625000 0.510557
vt 0.625000 0.507453
vt 0.625000 0.521054
vt 0.625000 0.524336
vt 0.625000 0.575325
vt 0.625000 0.625039
vt 0.625000 0.510477
vt 0.625000 0.722556
vt 0.625000 0.077049
vt 0.625000 0.709050
vt 0.625000 0.503092
vt 0.625000 0.746902
vt 0.625000 0.749559
vt 0.625000 0.732134
vt 0.625000 0.547165
vt 0.625000 0.510772
vt 0.625000 0.562450
vt 0.625000 0.734355
vt 0.625000 0.740296
vt 0.625000 0.511160
vt 0.625000 0.706409
vt 0.625000 0.511142
vt 0.625000 0.564386
vt 0.625000 0.550486
vt 0.625000 0.528340
vt 0.625000 0.514882
vt 0.625000 0.506222
vt 0.625000 0.581185
vt 0.625000 0.503014
vt 0.625000 0.688615
vt 0.625000 0.671187
vt 0.625000 0.541782
vt 0.625000 0.125000
vt 0.625000 0.187500
vt 0.625000 0.685059
vt 0.375000 -0.000000
vt 0.375000 0.562500
vt 0.375000 0.250000
vt 0.375095 0.812500
vt 0.375229 0.562500
vt 0.375214 0.062500
vt 0.605995 0.999009
vt 0.617951 1.000000
vt 0.625000 0.996707
vt 0.625000 0.997246
vt 0.625000 0.999543
vt 0.625000 0.997071
vt 0.625000 0.998692
vt 0.625000 0.747067
vt 0.625000 0.752908
vt 0.625000 0.999242
vt 0.625000 0.996871
vt 0.625000 0.999236
vt 0.625000 0.736432
vt 0.625000 0.748725
vt 0.625000 0.753129
vt 0.625000 0.621387
vt 0.625000 0.628579
vt 0.625000 0.623671
vt 0.625000 0.624965
vt 0.625000 0.628579
vt 0.625000 0.121569
vt 0.625000 0.871386
vt 0.625000 0.376030
vt 0.625000 0.378579
vt 0.625000 0.373671
vt 0.625000 0.374964
vt 0.625000 0.378579
vt 0.625000 0.872549
vt 0.625000 0.878431
vt 0.625000 0.878369
vt 0.625000 0.375016
vt 0.625000 0.378431
vt 0.625000 0.378369
vt 0.621054 0.374490
vt 0.625000 0.001874
vt 0.625000 0.000462
vt 0.625000 0.000277
vt 0.625000 0.751874
vt 0.625000 0.750006
vt 0.625000 0.874972
vt 0.867011 0.327986
vt 0.706576 0.256767
vt 0.797097 0.492109
vt 0.625000 0.999784
vt 0.625000 0.625084
vt 0.625000 0.627948
vt 0.625000 0.624079
vt 0.625000 0.125084
vt 0.625000 0.127949
vt 0.625000 0.124079
vt 0.625000 0.875101
vt 0.625000 0.877949
vt 0.625000 0.874079
vt 0.625000 0.375101
vt 0.625000 0.377949
vt 0.625000 0.374079
vt 0.625000 0.001080
vt 0.625000 0.000911
vt 0.625000 0.831688
vt 0.625000 0.756311
vt 0.625000 0.743689
vt 0.625000 0.124836
vt 0.625000 0.139215
vt 0.625000 0.125000
vt 0.625000 0.119475
vt 0.625000 0.889051
vt 0.625000 0.869290
vt 0.625000 0.374998
vt 0.625000 0.369475
vt 0.625000 0.374839
vt 0.625000 0.243479
vt 0.625000 0.489524
vt 0.625000 0.489469
vt 0.625000 0.489489
vt 0.625000 0.385720
vt 0.625000 0.384972
vt 0.625000 0.381661
vt 0.625000 0.381132
vt 0.625000 0.381737
vt 0.625000 0.885720
vt 0.625000 0.884972
vt 0.625000 0.010531
vt 0.625000 0.009760
vt 0.625000 0.118822
vt 0.625000 0.118257
vt 0.625000 0.118276
vt 0.625000 0.756507
vt 0.625000 0.755937
vt 0.625000 0.756519
vt 0.625000 0.365028
vt 0.625000 0.259760
vt 0.625000 0.260531
vt 0.625000 0.260524
vt 0.625000 0.368822
vt 0.625000 0.368257
vt 0.625000 0.368276
vt 0.798027 0.493168
vt 0.625000 0.003293
vt 0.625000 0.000458
vt 0.605996 0.000991
vt 0.625000 0.752908
vt 0.625000 0.999405
vt 0.625000 0.999236
vt 0.625000 0.736440
vt 0.625000 0.748725
vt 0.606449 0.623433
vt 0.625000 0.621386
vt 0.625000 0.623670
vt 0.625000 0.625035
vt 0.625000 0.122318
vt 0.625000 0.125009
vt 0.625000 0.125980
vt 0.625000 0.376030
vt 0.625000 0.373670
vt 0.625000 0.374965
vt 0.625000 0.872549
vt 0.625000 0.375024
vt 0.625000 0.378369
vt 0.620401 0.375053
vt 0.625000 0.000277
vt 0.625000 0.875028
vt 0.625000 0.625101
vt 0.625000 0.624079
vt 0.625000 0.125101
vt 0.625000 0.124079
vt 0.625000 0.875084
vt 0.625000 0.874079
vt 0.625000 0.375084
vt 0.625000 0.374079
vt 0.625000 0.831692
vt 0.625000 0.743689
vt 0.625000 0.124836
vt 0.625000 0.119475
vt 0.625000 0.889051
vt 0.625000 0.374998
vt 0.625000 0.374836
vt 0.625000 0.489489
vt 0.625000 0.118822
vt 0.625000 0.118276
vt 0.625000 0.368822
vt 0.625000 0.368276
vt 0.605995 0.999009
vt 0.625000 0.999543
vt 0.625000 0.752908
vt 0.625000 0.999405
vt 0.625000 0.999237
vt 0.625000 0.736446
vt 0.625000 0.748725
vt 0.625000 0.623671
vt 0.625000 0.624964
vt 0.606455 0.873445
vt 0.625000 0.871386
vt 0.625000 0.872549
vt 0.625000 0.878369
vt 0.625000 0.375005
vt 0.621060 0.374472
vt 0.625000 0.000277
vt 0.867012 0.327977
vt 0.706570 0.256767
vt 0.797096 0.492109
vt 0.625000 0.625101
vt 0.625000 0.125084
vt 0.625000 0.124079
vt 0.625000 0.875101
vt 0.625000 0.375101
vt 0.625000 0.374079
vt 0.625000 0.001080
vt 0.625000 0.000911
vt 0.625000 0.831689
vt 0.625000 0.124836
vt 0.625000 0.489487
vt 0.625000 0.381737
vt 0.625000 0.118822
vt 0.625000 0.118276
vt 0.625000 0.756506
vt 0.625000 0.755950
vt 0.625000 0.368822
vt 0.534555 0.937500
vt 0.481845 1.000000
vt 0.612435 1.000000
vt 0.535775 0.875000
vt 0.536311 0.812500
vt 0.534881 0.750000
vt 0.381395 0.750000
vt 0.381505 0.812500
vt 0.530141 0.687500
vt 0.381213 0.687500
vt 0.595866 0.687500
vt 0.586806 0.625000
vt 0.521931 0.625000
vt 0.524593 0.562500
vt 0.583767 0.562500
vt 0.522980 0.500000
vt 0.583333 0.500000
vt 0.375012 0.500000
vt 0.375216 0.625000
vt 0.375002 0.437500
vt 0.525308 0.500000
vt 0.524065 0.437500
vt 0.583333 0.500000
vt 0.583333 0.437500
vt 0.523876 0.375000
vt 0.583333 0.375000
vt 0.523882 0.312500
vt 0.583333 0.312500
vt 0.523007 0.250000
vt 0.583333 0.250000
vt 0.382147 0.250000
vt 0.374999 0.312500
vt 0.375001 0.375000
vt 0.378062 0.250000
vt 0.524286 0.250000
vt 0.523889 0.187500
vt 0.583333 0.250000
vt 0.583767 0.187500
vt 0.528306 0.125000
vt 0.586806 0.125000
vt 0.595920 0.062500
vt 0.527844 0.062500
vt 0.533308 -0.000000
vt 0.375000 -0.000000
vt 0.375142 0.750000
vt 0.381395 0.750000
vt 0.625000 0.937500
vt 0.625000 -0.000000
vt 0.625000 0.062500
vt 0.625000 0.187500
vt 0.625000 0.250000
vt 0.625000 0.125000
vt 0.625000 0.062500
vt 0.625000 -0.000000
vt 0.624493 0.125000
vt 0.624465 0.250000
vt 0.625000 0.562500
vt 0.624492 0.625000
vt 0.625000 0.687500
vt 0.625000 0.375000
vt 0.625000 0.312500
vt 0.624391 0.375000
vt 0.625000 0.437500
vt 0.624460 0.500000
vt 0.625000 0.500000
vt 0.625000 0.375000
vt 0.625000 0.250000
vt 0.625000 0.312500
vt 0.625000 0.250000
vt 0.625000 0.937500
vt 0.625000 0.750000
vt 0.625000 1.000000
vt 0.625000 -0.000000
vt 0.625000 0.250000
vt 0.625000 0.000000
vt 0.625000 0.250000
vt 0.625000 -0.000000
vt 0.625000 -0.000000
vt 0.625000 0.875000
vt 0.625000 0.812500
vt 0.625000 0.250000
vt 0.625000 0.250000
vt 0.625000 0.250000
vt 0.625000 -0.000000
vt 0.625000 0.250000
vt 0.625000 -0.000000
vt 0.625000 0.500000
vt 0.625000 -0.000000
vt 0.625000 0.250000
vt 0.625000 0.312500
vt 0.625000 0.250000
vt 0.625000 0.437500
vt 0.625000 -0.000000
vt 0.625000 0.250000
vt 0.625000 -0.000000
vt 0.625000 0.750000
vt 0.625000 -0.000000
vt 0.625000 -0.000000
vt 0.375651 0.250000
vt 0.375096 0.750000
vt 0.375000 0.250000
vt 0.375000 -0.000000
vt 0.375000 -0.000000
vt 0.375000 0.250000
vt 0.375000 0.250000
vt 0.375000 0.250000
vt 0.375000 0.750000
vt 0.375000 0.125000
vt 0.375000 0.062500
vt 0.375000 -0.000000
vt 0.375000 0.250000
vt 0.375000 0.312500
vt 0.375000 0.250000
vt 0.375000 0.875000
vt 0.375000 0.750000
vt 0.375000 0.500000
vt 0.375000 -0.000000
vt 0.375000 -0.000000
vt 0.375000 0.937500
vt 0.375000 1.000000
vt 0.375000 0.375000
vt 0.375000 0.062500
vt 0.375000 0.312500
vt 0.375000 0.250000
vt 0.375000 -0.000000
vt 0.375000 0.250000
vt 0.375000 -0.000000
vt 0.375000 -0.000000
vt 0.375000 0.250000
vt 0.615782 0.375000
vt 0.622176 0.312500
vt 0.607422 0.312500
vt 0.622192 0.437500
vt 0.607422 0.437500
vt 0.607422 0.250000
vt 0.583333 0.250000
vt 0.583333 0.312500
vt 0.583333 0.375000
vt 0.583333 0.437500
vt 0.607422 0.500000
vt 0.619792 0.500000
vt 0.621566 0.250000
vt 0.616828 0.625000
vt 0.622206 0.562500
vt 0.607734 0.562500
vt 0.615655 0.687500
vt 0.623633 0.687500
vt 0.607422 0.500000
vt 0.583767 0.562500
vt 0.586806 0.625000
vt 0.595866 0.687500
vt 0.621495 0.500000
vt 0.617675 0.125000
vt 0.623782 0.062500
vt 0.615655 0.062500
vt 0.607734 0.187500
vt 0.622512 0.187500
vt 0.586806 0.125000
vt 0.583767 0.187500
vt 0.607422 0.250000
vt 0.619792 0.250000
vt 0.375000 -0.000000
vt 0.375000 0.437500
vt 0.375000 -0.000000
vt 0.375000 -0.000000
vt 0.375000 -0.000000
vt 0.375000 0.125000
vt 0.375000 0.125000
vt 0.375000 0.125000
vt 0.375000 0.062500
vt 0.375000 0.062500
vt 0.375000 -0.000000
vt 0.375000 -0.000000
vt 0.375000 0.625000
vt 0.375000 -0.000000
vt 0.375000 0.875000
vt 0.375000 0.125000
vt 0.375000 0.062500
vt 0.375000 -0.000000
vt 0.375000 0.750000
vt 0.375000 0.589904
vt 0.375000 0.160096
vt 0.375000 -0.000000
vt 0.375000 0.909593
vt 0.375000 0.339903
vt 0.375000 -0.000000
vt 0.375000 0.125000
vt 0.375000 0.250000
vt 0.375000 -0.000000
vt 0.375000 0.375000
vt 0.375000 0.312500
vt 0.375000 0.687500
vt 0.375000 0.625000
vt 0.375000 0.125000
vt 0.375000 -0.000000
vt 0.375000 0.125000
vt 0.375000 -0.000000
vt 0.375000 -0.000000
vt 0.375000 0.062500
vt 0.375000 -0.000000
vt 0.375000 -0.000000
vt 0.625000 -0.000000
vt 0.625000 0.773780
vt 0.625000 0.572273
vt 0.625000 0.564941
vt 0.625000 0.500024
vt 0.625000 -0.000000
vt 0.625000 0.876591
vt 0.625000 0.817944
vt 0.625000 0.824213
vt 0.625000 0.890972
vt 0.625000 1.000005
vt 0.625000 0.775987
vt 0.625000 0.782986
vt 0.625000 0.434917
vt 0.625000 0.371869
vt 0.625000 0.371572
vt 0.625000 0.467014
vt 0.625000 0.473958
vt 0.625000 0.750000
vt 0.625000 0.500000
vt 0.625000 -0.000000
vt 0.625000 -0.000000
vt 0.625000 0.749930
vt 0.625000 0.909523
vt 0.625000 0.249939
vt 0.625000 0.409524
vt 0.625000 0.590476
vt 0.625000 0.750339
vt 0.625000 -0.000163
vt 0.625000 0.159523
vt 0.625000 0.375000
vt 0.625000 -0.000000
vt 0.625000 0.868766
vt 0.625000 0.381234
vt 0.625000 0.250868
vt 0.625000 0.501915
vt 0.625000 -0.000000
vt 0.625000 0.250000
vt 0.625000 -0.000000
vt 0.625000 0.375000
vt 0.625000 0.312500
vt 0.625000 -0.000000
vt 0.625000 -0.000000
vt 0.625000 -0.000000
vt 0.625000 0.202425
vt 0.625000 0.098635
vt 0.625000 0.579664
vt 0.625000 0.778743
vt 0.625000 0.498324
vt 0.625000 0.473969
vt 0.625000 0.508449
vt 0.625000 0.521079
vt 0.625000 0.473958
vt 0.625000 0.564672
vt 0.625000 0.579434
vt 0.625000 0.575329
vt 0.625000 0.654195
vt 0.625000 0.674671
vt 0.625000 0.539063
vt 0.625000 0.530000
vt 0.625000 0.710937
vt 0.625000 0.720000
vt 0.625000 0.670573
vt 0.625000 0.528425
vt 0.625000 0.506374
vt 0.625000 0.506181
vt 0.625000 0.511168
vt 0.625000 0.506160
vt 0.625000 0.590306
vt 0.625000 0.671838
vt 0.625000 0.720213
vt 0.625000 0.744802
vt 0.625000 0.738844
vt 0.625000 0.743839
vt 0.625000 0.734074
vt 0.625000 0.700684
vt 0.625000 0.559807
vt 0.625000 0.517517
vt 0.625000 0.507565
vt 0.625000 0.509446
vt 0.625000 0.512590
vt 0.625000 0.517829
vt 0.625000 0.507457
vt 0.625000 0.513255
vt 0.625000 0.704534
vt 0.625000 0.737410
vt 0.625000 0.740554
vt 0.625000 0.742435
vt 0.625000 0.733311
vt 0.625000 0.732285
vt 0.625000 0.742543
vt 0.625000 0.732171
vt 0.625000 0.737602
vt 0.625000 0.743944
vt 0.625000 0.738559
vt 0.625000 0.743819
vt 0.625000 0.738844
vt 0.625000 0.720098
vt 0.625000 0.699626
vt 0.625000 0.750051
vt 0.625000 0.512398
vt 0.625000 0.505262
vt 0.625000 0.506056
vt 0.625000 0.511156
vt 0.625000 0.530010
vt 0.625000 0.537281
vt 0.625000 0.530000
vt 0.625000 0.511156
vt 0.625000 0.575325
vt 0.625000 0.674675
vt 0.625000 0.743974
vt 0.625000 0.738844
vt 0.625000 0.739358
vt 0.625000 0.615037
vt 0.625000 0.506026
vt 0.625000 0.511156
vt 0.625000 0.591326
vt 0.625000 0.603613
vt 0.625000 0.708309
vt 0.625000 0.696868
vt 0.625000 0.589283
vt 0.625000 0.617117
vt 0.625000 0.529526
vt 0.625000 0.749354
vt 0.625000 0.726650
vt 0.625000 0.690390
vt 0.625000 0.708352
vt 0.625000 0.742092
vt 0.625000 0.724703
vt 0.625000 0.529526
vt 0.625000 0.699760
vt 0.625000 0.562099
vt 0.625000 0.511049
vt 0.625000 0.541667
vt 0.625000 0.513060
vt 0.625000 0.708333
vt 0.625000 0.743820
vt 0.625000 0.720000
vt 0.625000 0.736920
vt 0.625000 0.651098
vt 0.625000 0.716016
vt 0.625000 0.512115
vt 0.625000 0.510417
vt 0.625000 0.575325
vt 0.625000 0.731771
vt 0.625000 0.710708
vt 0.625000 0.594380
vt 0.625000 0.575335
vt 0.625000 0.674675
vt 0.625000 0.530018
vt 0.625000 0.734367
vt 0.625000 0.687703
vt 0.625000 0.742042
vt 0.625000 0.687501
vt 0.625000 0.720070
vt 0.625000 0.622898
vt 0.625000 0.562555
vt 0.625000 0.526738
vt 0.625000 0.518230
vt 0.625000 0.505315
vt 0.625000 0.511156
vt 0.625000 0.720033
vt 0.625000 0.720000
vt 0.625000 0.674675
vt 0.625000 0.729241
vt 0.625000 0.747322
vt 0.625000 0.738770
vt 0.625000 0.738744
vt 0.625000 0.612504
vt 0.625000 0.548512
vt 0.625000 0.701996
vt 0.625000 0.687565
vt 0.625000 0.696617
vt 0.625000 0.553383
vt 0.625000 0.700697
vt 0.625000 0.549343
vt 0.625000 0.746925
vt 0.625000 0.738625
vt 0.625000 0.743816
vt 0.625000 0.749559
vt 0.625000 0.506184
vt 0.625000 0.511886
vt 0.625000 0.503032
vt 0.625000 0.500441
vt 0.625000 0.510769
vt 0.625000 0.539210
vt 0.625000 0.671931
vt 0.625000 0.699774
vt 0.625000 0.662454
vt 0.625000 0.598110
vt 0.625000 0.524858
vt 0.625000 0.514436
vt 0.625000 0.527065
vt 0.625000 0.737995
vt 0.625000 0.734743
vt 0.625000 0.736562
vt 0.625000 0.741514
vt 0.625000 0.507719
vt 0.625000 0.500071
vt 0.625000 0.512106
vt 0.625000 0.587646
vt 0.625000 0.579433
vt 0.625000 0.575356
vt 0.625000 0.654046
vt 0.625000 0.674644
vt 0.625000 0.539270
vt 0.625000 0.710730
vt 0.625000 0.505019
vt 0.625000 0.504687
vt 0.625000 0.511166
vt 0.625000 0.503166
vt 0.625000 0.707553
vt 0.625000 0.673368
vt 0.625000 0.572113
vt 0.625000 0.744981
vt 0.625000 0.745558
vt 0.625000 0.746834
vt 0.625000 0.734391
vt 0.625000 0.708279
vt 0.625000 0.516886
vt 0.625000 0.507550
vt 0.625000 0.509200
vt 0.625000 0.512556
vt 0.625000 0.517680
vt 0.625000 0.505803
vt 0.625000 0.500437
vt 0.625000 0.500024
vt 0.625000 0.591919
vt 0.625000 0.749980
vt 0.625000 0.654006
vt 0.625000 0.737444
vt 0.625000 0.740800
vt 0.625000 0.742450
vt 0.625000 0.735548
vt 0.625000 0.732288
vt 0.625000 0.743983
vt 0.625000 0.732320
vt 0.625000 0.737614
vt 0.625000 0.743972
vt 0.625000 0.745560
vt 0.625000 0.749559
vt 0.625000 0.746910
vt 0.625000 0.739230
vt 0.625000 0.720104
vt 0.625000 0.735878
vt 0.625000 0.687465
vt 0.625000 0.622745
vt 0.625000 0.512386
vt 0.625000 0.504440
vt 0.625000 0.506028
vt 0.625000 0.500440
vt 0.625000 0.530011
vt 0.625000 0.514368
vt 0.625000 0.503090
vt 0.625000 0.592572
vt 0.625000 0.575325
vt 0.625000 0.743994
vt 0.625000 0.739413
vt 0.625000 0.613766
vt 0.625000 0.506006
vt 0.625000 0.511156
vt 0.625000 0.696287
vt 0.625000 0.638185
vt 0.625000 0.549886
vt 0.625000 0.615781
vt 0.625000 0.696098
vt 0.625000 0.696038
vt 0.625000 0.553383
vt 0.625000 0.614550
vt 0.625000 0.687591
vt 0.625000 0.696617
vt 0.625000 0.701196
vt 0.625000 0.601316
vt 0.625000 0.693256
vt 0.625000 0.726688
vt 0.625000 0.732753
vt 0.625000 0.696617
vt 0.625000 0.708333
vt 0.625000 0.708345
vt 0.625000 0.541665
vt 0.625000 0.506326
vt 0.625000 0.735540
vt 0.625000 0.746905
vt 0.625000 0.708333
vt 0.625000 0.737411
vt 0.625000 0.651724
vt 0.625000 0.716308
vt 0.625000 0.513661
vt 0.625000 0.670579
vt 0.625000 0.517693
vt 0.625000 0.506023
vt 0.625000 0.511349
vt 0.625000 0.506406
vt 0.625000 0.517102
vt 0.625000 0.575336
vt 0.625000 0.530003
vt 0.625000 0.730476
vt 0.625000 0.662053
vt 0.625000 0.562529
vt 0.625000 0.587919
vt 0.625000 0.687485
vt 0.625000 0.509917
vt 0.625000 0.739187
vt 0.625000 0.747148
vt 0.625000 0.738807
vt 0.625000 0.595478
vt 0.625000 0.549855
vt 0.625000 0.649608
vt 0.625000 0.701345
vt 0.625000 0.662081
vt 0.625000 0.587919
vt 0.625000 0.701771
vt 0.625000 0.548804
vt 0.625000 0.553534
vt 0.625000 0.747010
vt 0.625000 0.738881
vt 0.625000 0.503124
vt 0.625000 0.502317
vt 0.625000 0.746070
vt 0.625000 0.312500
vt 0.625000 -0.000000
vt 0.625000 0.732294
vt 0.625000 0.744035
vt 0.625000 0.709325
vt 0.625000 0.732855
vt 0.625000 0.709742
vt 0.625000 0.517354
vt 0.625000 0.540966
vt 0.625000 0.505984
vt 0.625000 0.517062
vt 0.625000 0.598465
vt 0.625000 0.589704
vt 0.625000 0.579016
vt 0.625000 0.749998
vt 0.625000 0.732734
vt 0.625000 0.743995
vt 0.625000 0.746845
vt 0.625000 0.737744
vt 0.625000 0.739230
vt 0.625000 0.707060
vt 0.625000 0.510770
vt 0.625000 0.500438
vt 0.625000 0.674675
vt 0.625000 0.592955
vt 0.625000 0.650175
vt 0.625000 0.674615
vt 0.625000 0.723272
vt 0.625000 0.739231
vt 0.625000 0.500440
vt 0.625000 0.746882
vt 0.625000 0.749559
vt 0.625000 0.749432
vt 0.625000 0.739228
vt 0.625000 0.719993
vt 0.625000 0.669141
vt 0.625000 0.704729
vt 0.625000 0.595395
vt 0.625000 0.538259
vt 0.625000 0.704526
vt 0.625000 0.674519
vt 0.625000 0.649899
vt 0.625000 0.722679
vt 0.625000 0.743802
vt 0.625000 0.705059
vt 0.625000 0.594926
vt 0.625000 0.538242
vt 0.625000 0.660768
vt 0.625000 0.704804
vt 0.625000 0.738842
vt 0.625000 0.743776
vt 0.625000 0.728777
vt 0.625000 0.652234
vt 0.625000 0.575518
vt 0.625000 0.749567
vt 0.625000 0.746987
vt 0.625000 0.733283
vt 0.625000 0.709065
vt 0.625000 0.500423
vt 0.625000 0.654504
vt 0.625000 0.750000
vt 0.625000 0.750000
vt 0.625000 0.250000
vt 0.625000 0.750645
vt 0.621071 0.750056
vt 0.625000 0.500655
vt 0.625000 0.250073
vt 0.126286 0.251196
vt 0.126330 0.374778
vt 0.625000 0.001310
vt 0.625000 0.001292
vt 0.625000 0.125033
vt 0.625000 0.374949
vt 0.625000 0.249974
vt 0.379232 0.750082
vt 0.607578 0.499995
vt 0.375020 0.125039
vt 0.620648 0.124603
vt 0.625000 0.753481
vt 0.625000 0.624992
vt 0.625000 0.499994
vt 0.625000 0.499992
vt 0.625000 0.000348
vt 0.625000 0.000509
vt 0.625000 0.125050
vt 0.625000 0.501495
vt 0.625000 0.624999
vt 0.625000 0.249949
vt 0.625000 0.746806
vt 0.625000 0.874966
vt 0.625000 0.176114
vt 0.625000 0.000074
vt 0.625000 0.373763
vt 0.625000 0.375364
vt 0.625000 0.749697
vt 0.625000 0.875317
vt 0.625000 0.503193
vt 0.625000 0.250030
vt 0.625000 0.499697
vt 0.625000 0.249697
vt 0.625000 0.375329
vt 0.625000 0.625364
vt 0.625000 0.625329
vt 0.625000 0.997487
vt 0.625000 0.999229
vt 0.625000 0.125317
vt 0.625000 0.750202
vt 0.625000 0.749995
vt 0.624999 0.743944
vt 0.625000 0.740340
vt 0.625000 0.865262
vt 0.625000 0.628070
vt 0.625000 0.625110
vt 0.625000 0.500024
vt 0.625000 0.499994
vt 0.625000 0.125155
vt 0.625000 0.375180
vt 0.625000 0.250202
vt 0.625000 0.249994
vt 0.625000 0.124748
vt 0.625000 0.250032
vt 0.625000 0.249999
vt 0.625000 0.000581
vt 0.625000 0.001231
vt 0.625000 -0.000048
vt 0.625000 0.124491
vt 0.625000 0.374748
vt 0.625000 0.500032
vt 0.625000 0.500001
vt 0.625000 0.750001
vt 0.625000 0.750032
vt 0.625000 0.874748
vt 0.625000 0.874491
vt 0.625000 0.374491
vt 0.625000 0.000002
vt 0.625000 0.624748
vt 0.625000 0.624491
vt 0.625000 0.254636
vt 0.625000 0.001410
vt 0.625000 0.000855
vt 0.625000 0.999254
vt 0.625000 0.999134
vt 0.625000 0.998725
vt 0.625000 0.750050
vt 0.625000 0.750000
vt 0.625000 0.875003
vt 0.625000 0.875012
vt 0.625000 0.500050
vt 0.625000 0.500000
vt 0.625000 0.625025
vt 0.625000 0.625010
vt 0.625000 0.000464
vt 0.625000 0.000019
vt 0.625000 0.125005
vt 0.625000 0.125016
vt 0.625000 0.124997
vt 0.625000 0.000449
vt 0.625000 0.624997
vt 0.625000 0.500003
vt 0.625000 0.374999
vt 0.625000 0.250002
vt 0.625000 0.250050
vt 0.625000 0.375010
vt 0.625000 0.874997
vt 0.625000 0.750002
vt 0.625000 0.000295
vt 0.625000 0.125010
vt 0.625000 0.124998
vt 0.625000 0.250000
vt 0.625000 0.250004
vt 0.625000 0.874997
vt 0.625000 0.749997
vt 0.625000 0.750004
vt 0.625000 0.875005
vt 0.625000 0.625000
vt 0.625000 0.500004
vt 0.625000 0.624991
vt 0.625000 0.375006
vt 0.625000 0.750002
vt 0.625000 0.874999
vt 0.625000 0.374997
vt 0.625000 0.999802
vt 0.625000 0.999597
vt 0.625000 0.124992
vt 0.625000 0.000560
vt 0.625000 0.000333
vt 0.625000 0.124994
vt 0.625000 0.250000
vt 0.625000 0.374991
vt 0.625000 0.375002
vt 0.625000 0.249978
vt 0.625000 0.874992
vt 0.625000 0.749977
vt 0.625000 0.000500
vt 0.625000 0.624991
vt 0.625000 0.499993
vt 0.625000 0.001632
vt 0.625000 0.999699
vt 0.625000 0.999516
vt 0.625000 0.999562
vt 0.625000 0.000484
vt 0.625000 0.999459
vt 0.625000 0.249997
vt 0.625000 0.375022
vt 0.625000 0.999964
vt 0.625000 1.000000
vt 0.625000 0.000050
vt 0.625000 0.999395
vt 0.625000 0.999999
vt 0.625000 0.999735
vt 0.625000 0.997190
vt 0.625000 0.625000
vt 0.625000 0.634267
vt 0.625000 0.002421
vt 0.625000 0.998957
vt 0.625000 0.999998
vt 0.625000 0.000552
vt 0.611571 0.001450
vt 0.126196 0.498714
vt 0.625000 0.624256
vt 0.625000 0.375000
vt 0.625000 0.759103
vt 0.625000 0.618807
vt 0.625000 0.624851
vt 0.625000 0.500184
vt 0.625000 0.505812
vt 0.379166 0.000535
vt 0.625000 0.999950
vt 0.625000 0.124851
vt 0.625000 0.000184
vt 0.625000 0.006092
vt 0.625000 0.874851
vt 0.625000 0.750184
vt 0.625000 0.749816
vt 0.625000 0.625149
vt 0.625000 0.874256
vt 0.625000 0.993930
vt 0.625000 0.000000
vt 0.625000 0.131183
vt 0.625000 0.134270
vt 0.625000 0.993938
vt 0.625000 0.999816
vt 0.625000 0.875149
vt 0.625000 -0.000616
vt 0.625000 0.115262
vt 0.625000 0.124256
vt 0.625000 0.243930
vt 0.625000 0.255817
vt 0.625000 0.259385
vt 0.625000 0.749384
vt 0.625000 0.243938
vt 0.625000 0.249816
vt 0.625000 0.125149
vt 0.625000 0.259480
vt 0.625000 0.249384
vt 0.625000 0.375744
vt 0.625000 0.489393
vt 0.625000 0.374256
vt 0.625000 0.494046
vt 0.625000 0.509071
vt 0.625000 0.374851
vt 0.625000 0.250184
vt 0.625000 0.499816
vt 0.625000 0.375149
vt 0.625000 0.499384
vt 0.625000 0.503293
vt 0.625000 0.253293
vt 0.625000 0.503273
vt 0.625000 0.247098
vt 0.625000 0.252933
vt 0.625000 0.871569
vt 0.625000 0.746876
vt 0.625000 0.121569
vt 0.625000 0.874969
vt 0.625000 0.753272
vt 0.625000 0.503293
vt 0.625000 0.503272
vt 0.625000 0.378579
vt 0.625000 0.877758
vt 0.625000 0.871586
vt 0.625000 0.997111
vt 0.625000 0.503124
vt 0.378237 0.999628
vt 0.625000 0.001339
vt 0.625000 0.751874
vt 0.625000 0.501874
vt 0.625000 0.251874
vt 0.625000 0.126998
vt 0.625000 1.004754
vt 0.625000 0.994058
vt 0.625000 0.754754
vt 0.625000 0.744058
vt 0.625000 0.504754
vt 0.625000 0.494058
vt 0.625000 0.627948
vt 0.625000 0.127948
vt 0.625000 0.125000
vt 0.625000 0.130096
vt 0.625000 0.128057
vt 0.625000 0.119904
vt 0.625000 0.877949
vt 0.625000 0.377949
vt 0.625000 0.875000
vt 0.625000 0.889215
vt 0.625000 0.880096
vt 0.625000 0.878057
vt 0.625000 0.869904
vt 0.625000 0.378057
vt 0.625000 0.369904
vt 0.625000 0.001040
vt 0.625000 0.255942
vt 0.625000 0.005942
vt 0.625000 0.630079
vt 0.625000 0.380096
vt 0.625000 0.493478
vt 0.625000 0.993604
vt 0.625000 0.506507
vt 0.625000 0.114288
vt 0.625000 0.006067
vt 0.625000 0.864287
vt 0.625000 0.259759
vt 0.625000 0.135706
vt 0.625000 0.131715
vt 0.625000 0.243450
vt 0.625000 0.739545
vt 0.625000 0.635706
vt 0.625000 0.631755
vt 0.625000 0.743486
vt 0.625000 0.381748
vt 0.625000 0.881755
vt 0.625000 0.993450
vt 0.625000 0.510455
vt 0.625000 0.618284
vt 0.625000 0.118245
vt 0.625000 0.760455
vt 0.625000 0.756550
vt 0.625000 0.868245
vt 0.625000 0.260476
vt 0.625000 0.256550
vt 0.625000 0.368245
vt 0.625000 0.750645
vt 0.621040 0.750047
vt 0.625000 0.500645
vt 0.621129 0.499932
vt 0.625000 0.250073
vt 0.126286 0.251196
vt 0.126330 0.374777
vt 0.625000 0.124949
vt 0.625000 0.001267
vt 0.625000 0.001418
vt 0.625000 0.125021
vt 0.625000 0.374949
vt 0.625000 0.249973
vt 0.375019 0.625039
vt 0.379231 0.750082
vt 0.375020 0.125039
vt 0.621054 0.124490
vt 0.625000 0.753481
vt 0.625000 0.625011
vt 0.625000 0.499991
vt 0.625000 0.499992
vt 0.625000 0.000820
vt 0.625000 0.000813
vt 0.625000 0.501495
vt 0.625000 0.624997
vt 0.625000 0.249957
vt 0.625000 0.746806
vt 0.625000 0.875034
vt 0.625000 0.176067
vt 0.625000 0.000077
vt 0.625000 0.373834
vt 0.625000 0.375370
vt 0.625000 0.750731
vt 0.625000 0.749698
vt 0.625000 0.875417
vt 0.625000 0.503193
vt 0.625000 0.249993
vt 0.625000 0.499697
vt 0.625000 0.249697
vt 0.625000 0.375380
vt 0.625000 0.500420
vt 0.625000 0.625364
vt 0.625000 0.997487
vt 0.625000 0.999235
vt 0.625000 0.125416
vt 0.625000 0.749780
vt 0.625000 0.750027
vt 0.625000 0.743948
vt 0.625000 0.740330
vt 0.625000 0.865262
vt 0.625000 0.628070
vt 0.625000 0.625142
vt 0.625000 0.500024
vt 0.625000 0.125184
vt 0.625000 0.001080
vt 0.625000 0.000000
vt 0.625000 0.375191
vt 0.625000 0.250024
vt 0.625000 0.249994
vt 0.625000 0.124748
vt 0.625000 0.250032
vt 0.625000 0.249999
vt 0.625000 0.000581
vt 0.625000 0.001231
vt 0.625000 0.124491
vt 0.625000 0.374748
vt 0.625000 0.500032
vt 0.625000 0.500001
vt 0.625000 0.750032
vt 0.625000 0.874748
vt 0.625000 0.374491
vt 0.625000 0.000002
vt 0.625000 0.624748
vt 0.625000 0.624491
vt 0.625000 0.254636
vt 0.625000 0.001410
vt 0.625000 0.000855
vt 0.625000 0.999253
vt 0.625000 0.999135
vt 0.625000 0.998725
vt 0.625000 0.750050
vt 0.625000 0.750000
vt 0.625000 0.875003
vt 0.625000 0.875012
vt 0.625000 0.500050
vt 0.625000 0.625025
vt 0.625000 0.625010
vt 0.625000 0.000465
vt 0.625000 0.000019
vt 0.625000 0.125006
vt 0.625000 0.125013
vt 0.625000 0.124999
vt 0.625000 0.000356
vt 0.625000 0.625016
vt 0.625000 0.499997
vt 0.625000 0.374999
vt 0.625000 0.250002
vt 0.625000 0.250050
vt 0.625000 0.375010
vt 0.625000 0.750002
vt 0.625000 0.000297
vt 0.625000 0.125009
vt 0.625000 0.125017
vt 0.625000 0.250000
vt 0.625000 0.250003
vt 0.625000 0.875017
vt 0.625000 0.750001
vt 0.625000 0.750003
vt 0.625000 0.625001
vt 0.625000 0.500002
vt 0.625000 0.499999
vt 0.625000 0.624999
vt 0.625000 0.375006
vt 0.625000 0.750001
vt 0.625000 0.874991
vt 0.625000 0.375017
vt 0.625000 0.999804
vt 0.625000 0.999482
vt 0.625000 0.125007
vt 0.625000 0.000545
vt 0.625000 0.000334
vt 0.625000 0.124993
vt 0.625000 0.500002
vt 0.625000 0.624991
vt 0.625000 0.249999
vt 0.625000 0.374992
vt 0.625000 0.375007
vt 0.625000 0.250008
vt 0.625000 0.875007
vt 0.625000 0.750007
vt 0.625000 0.125111
vt 0.625000 0.000484
vt 0.625000 0.625007
vt 0.625000 0.500007
vt 0.625000 0.001940
vt 0.625000 0.999699
vt 0.625000 0.999516
vt 0.625000 0.999480
vt 0.625000 0.000375
vt 0.625000 0.999459
vt 0.625000 0.249997
vt 0.625000 0.375002
vt 0.625000 0.999964
vt 0.625000 0.000050
vt 0.625000 0.999395
vt 0.625000 0.999089
vt 0.625000 0.999735
vt 0.625000 0.997190
vt 0.625000 0.634270
vt 0.625000 0.002422
vt 0.625000 0.999019
vt 0.618852 0.998626
vt 0.625000 0.999998
vt 0.625000 0.000552
vt 0.625000 0.000239
vt 0.126196 0.498714
vt 0.625000 0.755815
vt 0.625000 0.759046
vt 0.625000 0.618807
vt 0.625000 0.125342
vt 0.607833 0.001213
vt 0.379117 0.000498
vt 0.625000 0.999950
vt 0.625000 0.006092
vt 0.625000 0.131182
vt 0.625000 0.134270
vt 0.625000 0.115262
vt 0.625000 0.243930
vt 0.625000 0.259385
vt 0.625000 0.243938
vt 0.625000 0.259480
vt 0.625000 0.489393
vt 0.624999 0.509059
vt 0.625000 0.621386
vt 0.625000 0.746876
vt 0.625000 -0.000032
vt 0.625000 0.753272
vt 0.625000 0.503272
vt 0.625000 0.997111
vt 0.625000 0.503124
vt 0.378287 0.999591
vt 0.625000 0.001340
vt 0.625000 0.626998
vt 0.625000 0.001040
vt 0.625000 0.993604
vt 0.625000 0.114288
vt 0.625000 0.006067
vt 0.625000 0.864287
vt 0.625000 0.760428
vt 0.625000 0.756356
vt 0.625000 0.131715
vt 0.625000 0.739524
vt 0.625000 0.743486
vt 0.625000 0.510455
vt 0.625000 0.618284
vt 0.625000 0.756519
vt 0.625000 0.750645
vt 0.621095 0.750047
vt 0.625000 0.500645
vt 0.621118 0.499954
vt 0.126286 0.251196
vt 0.126330 0.374744
vt 0.625000 0.001309
vt 0.625000 0.001292
vt 0.625000 0.125033
vt 0.625000 0.249973
vt 0.379232 0.750082
vt 0.375020 0.125039
vt 0.621042 0.124485
vt 0.625000 0.753482
vt 0.625000 0.624991
vt 0.625000 0.500016
vt 0.625000 0.499992
vt 0.625000 0.000377
vt 0.625000 0.000509
vt 0.625000 0.125050
vt 0.625000 0.501497
vt 0.625000 0.624992
vt 0.625000 0.249947
vt 0.625000 0.746806
vt 0.625000 0.176114
vt 0.625000 0.000074
vt 0.625000 0.373763
vt 0.625000 0.375364
vt 0.625000 0.749697
vt 0.625000 0.875317
vt 0.625000 0.503193
vt 0.625000 0.250030
vt 0.625000 0.375329
vt 0.625000 0.625364
vt 0.625000 0.625367
vt 0.625000 0.999229
vt 0.625000 0.125317
vt 0.625000 0.750202
vt 0.625000 0.743948
vt 0.625000 0.740342
vt 0.625000 0.865262
vt 0.625000 0.628070
vt 0.625000 0.625110
vt 0.625000 0.499994
vt 0.625000 0.125155
vt 0.625000 0.375180
vt 0.625000 0.250202
vt 0.625000 0.249994
vt 0.625000 0.124748
vt 0.625000 0.250032
vt 0.625000 0.000581
vt 0.625000 0.001231
vt 0.625000 0.124491
vt 0.625000 0.374748
vt 0.625000 0.500032
vt 0.625000 0.750032
vt 0.625000 0.000002
vt 0.625000 0.624748
vt 0.625000 0.001410
vt 0.625000 0.999134
vt 0.625000 0.998725
vt 0.625000 0.750050
vt 0.625000 0.875011
vt 0.625000 0.500000
vt 0.625000 0.625025
vt 0.625000 0.625011
vt 0.625000 0.000464
vt 0.625000 0.000019
vt 0.625000 0.125005
vt 0.625000 0.125016
vt 0.625000 0.124997
vt 0.625000 0.000404
vt 0.625000 0.624997
vt 0.625000 0.500003
vt 0.625000 0.375000
vt 0.625000 0.250002
vt 0.625000 0.250050
vt 0.625000 0.874997
vt 0.625000 0.750002
vt 0.625000 0.000269
vt 0.625000 0.125008
vt 0.625000 0.125000
vt 0.625000 0.250001
vt 0.625000 0.249997
vt 0.625000 0.874997
vt 0.625000 0.749997
vt 0.625000 0.750004
vt 0.625000 0.625000
vt 0.625000 0.500004
vt 0.625000 0.375006
vt 0.625000 0.749998
vt 0.625000 0.875000
vt 0.625000 0.999775
vt 0.625000 0.999597
vt 0.625000 0.124992
vt 0.625000 0.000560
vt 0.625000 0.000333
vt 0.625000 0.124994
vt 0.625000 0.500000
vt 0.625000 0.625000
vt 0.625000 0.250000
vt 0.625000 0.374991
vt 0.625000 0.375002
vt 0.625000 0.249978
vt 0.625000 0.874992
vt 0.625000 0.749987
vt 0.625000 0.000499
vt 0.625000 0.624991
vt 0.625000 0.499993
vt 0.625000 0.001631
vt 0.625000 0.999699
vt 0.625000 0.999516
vt 0.625000 0.999517
vt 0.625000 0.000484
vt 0.625000 0.999458
vt 0.625000 0.375022
vt 0.625000 0.000050
vt 0.625000 0.999395
vt 0.625000 0.634267
vt 0.625000 0.002421
vt 0.625000 0.998957
vt 0.625000 0.000552
vt 0.611542 0.001450
vt 0.126196 0.498714
vt 0.375020 0.875039
vt 0.625000 0.618807
vt 0.625000 0.505815
vt 0.379116 0.000498
vt 0.625000 0.999950
vt 0.625000 0.006092
vt 0.625000 0.131182
vt 0.625000 0.134270
vt 0.625000 0.115262
vt 0.625000 0.255817
vt 0.625000 0.259385
vt 0.625000 0.489392
vt 0.625000 0.494045
vt 0.625000 0.509070
vt 0.625000 0.247098
vt 0.625000 0.753272
vt 0.378286 0.999591
vt 0.625000 0.001040
vt 0.625000 0.493477
vt 0.625000 0.993604
vt 0.625000 0.506485
vt 0.625000 0.114288
vt 0.625000 0.006067
vt 0.625000 0.760436
vt 0.625000 0.135706
vt 0.625000 0.739545
vt 0.625000 0.510455
vt 0.625000 0.122379
vt 0.625000 0.000806
vt 0.625000 -0.000027
vt 0.625000 0.110050
vt 0.625000 0.000077
vt 0.625000 0.121951
vt 0.625000 0.000806
vt 0.625000 0.000077
vt 0.625000 0.000806
vt 0.625000 -0.000027
vt 0.625000 0.000077
s 0
usemtl lamp
f 11/1/1 12/2/1 13/3/1
f 13/3/2 14/4/2 15/5/2
f 2337/6/3 2339/7/3 16/6/3
f 16/6/4 17/8/4 2338/9/4
f 2341/10/5 2343/11/5 2346/12/5
f 2346/12/6 2345/13/6 2342/14/6
f 2320/15/7 2322/16/7 18/15/7
f 18/15/8 19/17/8 2321/18/8
f 20/19/9 21/20/9 2382/21/9
f 2385/22/10 2384/23/10 22/24/10
f 1768/25/11 23/26/11 24/25/11
f 25/27/12 56/26/12 23/26/12
f 26/28/13 27/16/13 2386/16/13
f 2363/29/14 2388/17/14 28/30/14
f 28/30/15 29/31/15 2362/32/15
f 30/33/16 2365/25/16 20/19/16
f 31/34/17 32/7/17 2377/7/17
f 33/35/18 2380/9/18 26/28/18
f 38/9/19 34/6/19 35/8/19
f 1769/9/20 2396/6/20 38/9/20
f 39/7/21 34/6/21 2396/6/21
f 1765/23/22 2389/36/22 40/23/22
f 41/37/23 48/38/23 2389/36/23
f 1767/17/24 2395/15/24 42/39/24
f 43/40/25 52/41/25 2395/15/25
f 49/23/26 44/42/26 45/23/26
f 46/43/27 47/44/27 44/42/27
f 40/23/28 48/38/28 49/23/28
f 42/39/29 52/41/29 53/45/29
f 24/25/30 56/26/30 57/46/30
f 53/45/31 2402/15/31 60/45/31
f 61/40/32 62/41/32 2402/15/32
f 57/46/33 2404/26/33 2405/25/33
f 2407/47/34 2406/26/34 2404/26/34
f 35/8/35 2397/6/35 63/8/35
f 64/48/36 65/49/36 2397/6/36
f 66/12/37 67/50/37 68/42/37
f 69/51/38 70/25/38 2449/25/38
f 2480/40/39 71/35/39 72/16/39
f 2450/32/40 2452/52/40 73/53/40
f 2474/6/41 2475/7/41 74/6/41
f 71/35/42 75/8/42 76/35/42
f 68/42/43 77/54/43 78/23/43
f 79/17/44 80/55/44 2452/52/44
f 81/56/45 83/57/45 84/58/45
f 85/59/46 82/60/46 86/61/46
f 90/62/47 89/63/47 2253/64/47
f 771/16/48 772/65/48 92/66/48
f 93/67/49 2975/68/49 431/69/49
f 96/70/50 99/71/50 100/71/50
f 101/72/51 102/73/51 91/74/51
f 107/75/52 106/76/52 108/77/52
f 105/78/53 109/79/53 110/80/53
f 113/81/54 112/82/54 103/83/54
f 115/84/55 2530/85/55 99/71/55
f 116/86/56 2526/87/56 109/79/56
f 117/88/57 2533/89/57 114/89/57
f 118/90/58 119/91/58 120/92/58
f 121/62/59 122/93/59 119/91/59
f 2543/94/60 2544/95/60 123/70/60
f 124/96/61 125/95/61 2544/95/61
f 2522/97/62 2524/77/62 126/98/62
f 127/99/63 128/77/63 2524/77/63
f 2537/88/64 2538/82/64 129/100/64
f 130/101/65 131/102/65 2538/82/65
f 132/103/66 133/104/66 134/97/66
f 135/99/67 136/105/67 137/106/67
f 133/104/68 137/106/68 150/76/68
f 138/107/69 139/108/69 2562/109/69
f 142/102/70 157/88/70 143/110/70
f 144/101/71 156/82/71 142/102/71
f 157/88/72 145/89/72 146/89/72
f 136/105/73 2560/90/73 140/111/73
f 2548/95/74 2549/96/74 147/95/74
f 147/95/75 166/112/75 2547/94/75
f 148/99/76 149/113/76 150/76/76
f 134/97/77 150/76/77 151/98/77
f 152/97/78 153/114/78 3594/115/78
f 154/101/79 155/116/79 156/82/79
f 157/88/80 156/82/80 158/88/80
f 159/117/81 160/93/81 161/63/81
f 141/92/82 161/63/82 162/118/82
f 163/96/83 164/95/83 165/95/83
f 166/112/84 165/95/84 167/70/84
f 168/100/85 169/119/85 2573/89/85
f 2578/120/86 170/73/86 2568/121/86
f 171/122/87 172/123/87 2575/124/87
f 2607/63/88 2609/117/88 173/63/88
f 173/63/89 174/125/89 2608/90/89
f 182/95/90 181/126/90 176/95/90
f 176/95/91 2729/112/91 180/94/91
f 2728/127/92 2730/128/92 181/126/92
f 178/124/93 180/94/93 177/124/93
f 183/129/94 181/126/94 2603/96/94
f 2597/130/95 2601/131/95 179/130/95
f 174/125/96 173/63/96 2678/72/96
f 2679/132/97 184/63/97 173/63/97
f 2729/112/98 176/95/98 185/84/98
f 186/96/99 187/95/99 176/95/99
f 2656/133/100 2657/134/100 188/135/100
f 189/108/101 190/63/101 2657/134/101
f 2663/110/102 2662/82/102 191/88/102
f 192/101/103 193/82/103 2662/82/103
f 2667/78/104 2668/136/104 194/98/104
f 195/99/105 196/113/105 2668/136/105
f 2768/137/106 2767/126/106 197/137/106
f 197/137/107 2792/122/107 2769/94/107
f 198/134/108 199/138/108 200/139/108
f 200/139/109 2795/133/109 201/90/109
f 202/82/110 203/81/110 204/82/110
f 204/82/111 211/110/111 205/88/111
f 206/76/112 207/140/112 208/76/112
f 208/76/113 2800/141/113 209/141/113
f 210/82/114 2811/100/114 211/110/114
f 2791/119/115 211/110/115 222/119/115
f 208/76/116 212/106/116 213/136/116
f 214/142/117 2813/143/117 212/106/117
f 2792/122/118 197/137/118 215/122/118
f 216/126/119 2807/95/119 197/137/119
f 2795/133/120 200/139/120 217/90/120
f 218/117/121 2809/93/121 200/139/121
f 210/82/122 2802/101/122 219/82/122
f 220/88/123 221/119/123 222/119/123
f 2813/143/124 223/144/124 231/106/124
f 224/97/125 225/145/125 2805/127/125
f 226/146/126 227/70/126 215/122/126
f 216/126/127 2805/127/127 232/96/127
f 218/117/128 2806/147/128 236/148/128
f 228/135/129 229/105/129 223/144/129
f 233/149/130 227/70/130 234/149/130
f 237/142/131 228/135/131 230/150/131
f 239/149/132 3578/101/132 2826/101/132
f 240/119/133 241/88/133 3580/119/133
f 242/142/134 3573/99/134 243/140/134
f 2818/87/135 244/103/135 3575/151/135
f 3575/151/136 3587/96/136 245/126/136
f 246/124/137 247/94/137 239/149/137
f 3584/152/138 3583/153/138 2822/154/138
f 248/155/139 249/125/139 242/142/139
f 279/123/140 280/101/140 278/101/140
f 274/156/141 275/100/141 281/119/141
f 272/157/142 284/106/142 283/106/142
f 276/129/143 277/158/143 285/159/143
f 285/159/144 288/126/144 287/160/144
f 270/71/145 271/84/145 279/123/145
f 292/161/146 293/162/146 291/154/146
f 316/142/147 315/133/147 317/111/147
f 328/84/148 327/95/148 330/84/148
f 331/128/149 3556/163/149 327/95/149
f 315/133/150 314/63/150 332/164/150
f 333/138/151 3555/165/151 314/63/151
f 320/110/152 319/82/152 334/88/152
f 335/166/153 3554/102/153 319/82/153
f 324/97/154 323/136/154 336/78/154
f 337/167/155 3553/76/155 323/136/155
f 342/168/156 343/138/156 344/169/156
f 353/124/157 354/101/157 348/170/157
f 355/171/158 356/172/158 351/75/158
f 357/127/159 358/126/159 339/128/159
f 359/82/160 3557/100/160 360/88/160
f 361/101/161 362/71/161 363/101/161
f 2939/136/162 366/106/162 367/136/162
f 367/136/163 3567/173/163 368/141/163
f 2932/95/164 369/126/164 370/95/164
f 370/95/165 3564/122/165 371/112/165
f 2935/174/166 372/175/166 373/176/166
f 373/176/167 3560/135/167 374/90/167
f 2944/177/168 383/163/168 2960/84/168
f 384/160/169 2959/95/169 383/163/169
f 2952/178/170 389/179/170 2965/90/170
f 390/138/171 2964/180/171 389/179/171
f 2953/181/172 382/82/172 2968/100/172
f 391/101/173 2967/82/173 382/82/173
f 2954/182/174 386/76/174 2971/86/174
f 392/172/175 2970/104/175 386/76/175
f 393/183/176 394/184/176 1870/185/176
f 393/183/177 796/186/177 394/184/177
f 395/187/178 397/188/178 396/189/178
f 398/163/179 400/190/179 399/191/179
f 399/191/180 394/184/180 793/192/180
f 401/63/181 788/193/181 1867/194/181
f 782/65/182 403/195/182 404/65/182
f 404/65/183 449/196/183 405/197/183
f 406/198/184 448/199/184 403/195/184
f 411/200/185 412/201/185 413/202/185
f 417/203/186 419/204/186 420/204/186
f 423/205/187 424/206/187 425/207/187
f 432/208/188 452/209/188 2998/210/188
f 406/198/189 444/211/189 434/35/189
f 445/212/190 446/213/190 442/214/190
f 436/215/191 443/21/191 447/37/191
f 434/35/192 441/16/192 448/199/192
f 407/216/193 449/196/193 438/217/193
f 438/217/194 439/53/194 450/218/194
f 451/219/195 452/209/195 436/215/195
f 453/220/196 452/209/196 454/215/196
f 3062/221/197 457/222/197 458/223/197
f 463/224/198 464/65/198 3060/225/198
f 469/226/199 470/58/199 471/227/199
f 473/228/200 474/51/200 475/229/200
f 477/230/201 478/67/201 476/231/201
f 480/232/202 482/233/202 479/25/202
f 482/233/203 483/234/203 3107/219/203
f 488/235/204 472/236/204 491/8/204
f 489/7/205 492/34/205 490/237/205
f 476/231/206 499/238/206 477/230/206
f 500/16/207 501/35/207 502/239/207
f 503/196/208 703/240/208 504/230/208
f 486/241/209 497/66/209 505/242/209
f 493/243/210 496/244/210 506/245/210
f 485/7/211 507/6/211 508/246/211
f 476/231/212 474/51/212 509/247/212
f 513/248/213 515/249/213 516/35/213
f 517/250/214 519/67/214 520/251/214
f 524/252/215 523/253/215 525/68/215
f 412/201/216 530/254/216 529/255/216
f 409/256/217 528/257/217 531/258/217
f 774/259/218 533/260/218 534/261/218
f 535/262/219 751/263/219 536/264/219
f 535/262/220 1862/265/220 526/266/220
f 538/267/221 539/268/221 540/269/221
f 541/270/222 3166/271/222 542/272/222
f 544/273/223 3182/274/223 3189/275/223
f 550/276/224 547/277/224 546/278/224
f 548/279/225 550/276/225 551/280/225
f 557/281/226 559/282/226 736/283/226
f 566/284/227 567/285/227 568/286/227
f 569/287/228 570/288/228 567/285/228
f 572/289/229 571/290/229 573/291/229
f 571/290/230 568/286/230 575/292/230
f 3227/293/231 580/294/231 584/295/231
f 574/296/232 578/297/232 585/298/232
f 590/299/233 591/300/233 592/301/233
f 596/302/234 598/303/234 3251/304/234
f 591/300/235 599/305/235 600/306/235
f 599/305/236 597/307/236 600/306/236
f 604/308/237 605/309/237 581/310/237
f 592/301/238 594/311/238 593/312/238
f 607/313/239 608/314/239 606/315/239
f 608/314/240 610/316/240 611/317/240
f 610/316/241 608/314/241 607/313/241
f 639/318/242 633/319/242 632/320/242
f 633/319/243 635/321/243 637/322/243
f 637/322/244 636/323/244 638/324/244
f 3345/325/245 642/326/245 643/327/245
f 624/328/246 644/269/246 645/268/246
f 656/15/247 657/329/247 658/15/247
f 659/330/248 658/15/248 660/331/248
f 655/332/249 661/333/249 657/329/249
f 663/334/250 664/335/250 665/336/250
f 669/337/251 670/338/251 651/339/251
f 3392/340/252 673/341/252 671/342/252
f 670/338/253 666/343/253 651/339/253
f 672/344/254 3424/345/254 670/338/254
f 680/346/255 683/303/255 681/347/255
f 3400/348/256 674/349/256 684/350/256
f 674/349/257 680/346/257 681/347/257
f 678/351/258 685/352/258 3402/353/258
f 678/351/259 676/354/259 686/355/259
f 694/356/260 692/357/260 693/358/260
f 692/357/261 689/359/261 687/360/261
f 694/356/262 693/358/262 690/361/262
f 3071/362/263 508/246/263 487/9/263
f 697/363/264 506/245/264 496/244/264
f 698/364/265 505/242/265 499/238/265
f 457/222/266 465/365/266 699/38/266
f 699/38/267 700/221/267 458/223/267
f 464/65/268 463/224/268 701/366/268
f 701/366/269 702/238/269 456/196/269
f 482/233/270 703/240/270 517/250/270
f 470/58/271 469/226/271 1811/367/271
f 3526/368/272 709/369/272 710/16/272
f 711/370/273 3530/371/273 712/372/273
f 3464/373/274 695/374/274 688/375/274
f 715/274/275 691/376/275 693/358/275
f 691/376/276 690/361/276 693/358/276
f 718/377/277 650/378/277 626/379/277
f 718/377/278 1852/380/278 650/378/278
f 720/381/279 647/382/279 721/383/279
f 1850/384/280 646/385/280 720/381/280
f 723/274/281 724/386/281 725/387/281
f 1832/388/282 729/389/282 621/390/282
f 730/391/283 622/392/283 731/393/283
f 1832/388/284 623/394/284 620/395/284
f 737/396/285 557/281/285 543/397/285
f 742/398/286 549/399/286 547/277/286
f 3189/275/287 554/400/287 744/401/287
f 747/402/288 748/403/288 535/262/288
f 533/260/289 537/404/289 749/405/289
f 750/406/290 537/404/290 751/263/290
f 3516/407/291 614/408/291 754/409/291
f 753/274/292 609/410/292 613/411/292
f 707/65/293 758/412/293 759/15/293
f 760/413/294 761/414/294 762/415/294
f 763/416/295 764/417/295 3442/418/295
f 765/419/296 766/420/296 763/416/296
f 767/421/297 430/422/297 94/423/297
f 95/7/298 769/424/298 427/425/298
f 81/56/299 82/60/299 415/426/299
f 429/427/300 770/11/300 85/59/300
f 773/238/301 772/65/301 774/259/301
f 772/65/302 409/256/302 408/41/302
f 775/8/303 1806/249/303 2502/35/303
f 777/238/304 92/66/304 773/238/304
f 2505/428/305 2507/429/305 85/59/305
f 2504/430/306 86/61/306 81/56/306
f 780/431/307 781/432/307 423/205/307
f 783/433/308 782/65/308 405/197/308
f 432/208/309 2995/434/309 3052/435/309
f 2995/434/310 778/274/310 450/218/310
f 444/211/311 406/198/311 784/249/311
f 405/197/312 407/216/312 778/274/312
f 341/124/313 340/436/313 353/124/313
f 338/437/314 352/141/314 357/127/314
f 346/73/315 347/120/315 355/171/315
f 787/438/316 788/193/316 390/138/316
f 2966/73/317 2965/90/317 789/439/317
f 2961/123/318 792/440/318 793/71/318
f 2956/129/319 795/441/319 790/159/319
f 793/192/320 796/186/320 391/101/320
f 798/442/321 3594/115/321 799/126/321
f 159/117/322 2576/443/322 2580/444/322
f 154/101/323 2575/124/323 800/166/323
f 801/167/324 2568/121/324 802/167/324
f 113/81/325 99/71/325 803/101/325
f 107/75/326 91/74/326 804/172/326
f 98/126/327 109/79/327 805/160/327
f 90/62/328 806/445/328 807/446/328
f 104/447/329 103/83/329 111/448/329
f 808/78/330 108/77/330 105/78/330
f 2254/449/331 97/450/331 96/70/331
f 2243/451/332 2253/64/332 88/452/332
f 809/453/333 810/454/333 811/455/333
f 812/456/334 813/457/334 814/458/334
f 815/459/335 816/460/335 817/461/335
f 818/462/336 813/457/336 819/463/336
f 820/464/337 821/465/337 822/466/337
f 825/467/338 815/459/338 826/468/338
f 832/469/339 833/470/339 834/471/339
f 840/472/340 841/34/340 842/473/340
f 845/474/341 846/475/341 847/476/341
f 853/477/342 854/478/342 855/479/342
f 856/480/343 849/481/343 857/482/343
f 859/483/344 860/484/344 861/34/344
f 859/483/345 861/34/345 867/485/345
f 875/486/346 876/487/346 877/488/346
f 878/489/347 880/490/347 879/491/347
f 883/492/348 884/493/348 824/494/348
f 888/495/349 889/496/349 890/497/349
f 897/498/350 891/499/350 898/500/350
f 894/501/351 899/502/351 895/503/351
f 912/504/352 913/505/352 871/506/352
f 907/507/353 871/506/353 872/508/353
f 915/509/354 916/510/354 885/511/354
f 905/512/355 885/511/355 886/513/355
f 918/514/356 919/515/356 920/516/356
f 921/517/357 922/518/357 923/519/357
f 924/520/358 925/521/358 926/522/358
f 927/523/359 928/524/359 929/525/359
f 932/526/360 933/527/360 934/528/360
f 935/529/361 936/530/361 937/531/361
f 910/532/362 940/533/362 828/534/362
f 824/535/363 940/536/363 941/537/363
f 973/538/364 974/34/364 975/539/364
f 984/540/365 985/34/365 986/541/365
f 988/542/366 989/68/366 990/543/366
f 989/68/367 988/542/367 991/544/367
f 1001/545/368 1002/546/368 1003/547/368
f 1012/548/369 1011/549/369 1078/550/369
f 1020/551/370 1021/552/370 1022/553/370
f 1029/554/371 1030/555/371 1031/556/371
f 1032/557/372 1033/558/372 1034/559/372
f 1037/560/373 1033/561/373 1038/562/373
f 1044/563/374 1045/564/374 1046/565/374
f 1052/566/375 1053/567/375 1054/568/375
f 1070/569/376 1071/570/376 1072/571/376
f 1014/572/377 1081/573/377 1015/574/377
f 1019/575/378 1085/576/378 1087/577/378
f 1092/578/379 1091/579/379 1035/580/379
f 1042/581/380 1093/582/380 1095/583/380
f 1040/584/381 1096/585/381 1041/586/381
f 1047/587/382 1098/588/382 1045/589/382
f 1101/590/383 1100/591/383 1102/592/383
f 1051/593/384 1104/594/384 1053/567/384
f 1105/595/385 1104/594/385 1106/596/385
f 1107/597/386 1059/598/386 1108/599/386
f 1114/600/387 1113/601/387 1064/602/387
f 1073/603/388 1116/604/388 1071/605/388
f 1117/606/389 1116/604/389 1118/607/389
f 1076/608/390 1121/609/390 1123/610/390
f 1126/611/391 1127/612/391 1128/613/391
f 1129/614/392 1127/612/392 1130/615/392
f 1131/616/335 1132/617/335 1133/618/335
f 1134/619/393 1135/620/393 1127/612/393
f 1136/621/394 1127/612/394 1137/622/394
f 1141/623/395 1131/616/395 1142/624/395
f 1151/625/396 1152/626/396 1153/471/396
f 1157/627/397 1158/628/397 1159/629/397
f 1160/630/398 1161/34/398 1162/473/398
f 1165/631/399 1166/632/399 1167/476/399
f 1172/633/400 1173/634/400 1174/479/400
f 1175/635/401 1169/636/401 1176/482/401
f 1178/637/402 1179/484/402 1180/34/402
f 1178/637/403 1180/34/403 1187/485/403
f 1196/638/404 1198/639/404 1197/640/404
f 1204/641/405 1205/642/405 1206/497/405
f 1213/643/406 1207/644/406 1214/500/406
f 1210/645/407 1215/646/407 1211/503/407
f 1228/647/408 1229/648/408 1190/649/408
f 1231/509/409 1232/650/409 1201/651/409
f 1221/652/410 1201/651/410 1202/653/410
f 1234/654/411 1235/515/411 1236/516/411
f 1237/655/412 1238/656/412 1239/519/412
f 1242/657/413 1243/524/413 1244/525/413
f 1245/658/414 1246/659/414 1247/660/414
f 1250/529/415 1251/661/415 1252/531/415
f 1226/662/416 1255/663/416 1144/664/416
f 1139/665/417 1255/666/417 1256/537/417
f 1289/667/418 1290/34/418 1291/539/418
f 1301/668/419 1302/34/419 1303/669/419
f 1305/670/420 1306/68/420 1307/543/420
f 1306/68/421 1305/670/421 1308/671/421
f 1316/672/422 1317/546/422 1318/673/422
f 1327/674/369 1326/549/369 1393/550/369
f 1335/551/423 1336/552/423 1337/675/423
f 1344/554/371 1345/676/371 1346/556/371
f 1347/557/424 1348/677/424 1349/559/424
f 1352/560/373 1348/678/373 1353/562/373
f 1359/563/374 1360/564/374 1361/565/374
f 1364/679/425 1365/680/425 1145/681/425
f 1367/566/375 1368/682/375 1369/568/375
f 1385/569/426 1386/570/426 1387/571/426
f 1329/683/427 1396/684/427 1330/574/427
f 1334/685/428 1399/576/428 1401/577/428
f 1406/578/429 1405/579/429 1350/686/429
f 1357/581/430 1407/582/430 1409/583/430
f 1355/584/431 1410/585/431 1356/586/431
f 1362/687/432 1412/688/432 1360/589/432
f 1414/590/433 1145/681/433 1415/592/433
f 1366/593/434 1417/689/434 1368/682/434
f 1418/595/385 1417/689/385 1419/596/385
f 1420/690/435 1374/691/435 1421/599/435
f 1427/692/436 1426/601/436 1379/693/436
f 1388/694/388 1429/604/388 1386/695/388
f 1430/606/437 1429/604/437 1431/607/437
f 1391/608/438 1434/609/438 1436/610/438
f 1439/696/439 1440/697/439 1441/698/439
f 1442/699/440 1443/700/440 1444/701/440
f 1445/702/335 1446/703/335 1447/704/335
f 1448/705/441 1443/700/441 1449/706/441
f 1450/707/442 1451/708/442 1452/709/442
f 1455/710/338 1445/702/338 1456/711/338
f 1464/712/443 1465/713/443 1466/471/443
f 1471/714/444 1472/34/444 1473/473/444
f 1476/715/445 1477/716/445 1478/476/445
f 1484/717/342 1485/634/342 1486/479/342
f 1487/718/401 1480/719/401 1488/482/401
f 1490/637/446 1491/484/446 1492/34/446
f 1490/637/447 1492/34/447 1498/485/447
f 1506/720/448 1507/721/448 1508/488/448
f 1509/722/449 1511/490/449 1510/491/449
f 1514/723/450 1515/724/450 1454/725/450
f 1519/726/349 1520/727/349 1521/497/349
f 1528/728/350 1522/729/350 1529/500/350
f 1525/730/451 1530/731/451 1526/503/451
f 1543/732/352 1544/733/352 1502/734/352
f 1538/735/452 1502/734/452 1503/736/452
f 1546/737/453 1547/738/453 1516/739/453
f 1549/740/454 1550/515/454 1551/516/454
f 1552/655/455 1553/741/455 1554/519/455
f 1555/742/456 1556/521/456 1557/522/456
f 1558/743/457 1559/524/457 1560/525/457
f 1563/744/458 1564/527/458 1565/528/458
f 1566/529/459 1567/530/459 1568/531/459
f 1541/532/460 1571/745/460 1459/746/460
f 1454/747/461 1571/748/461 1572/537/461
f 1604/749/462 1605/34/462 1606/539/462
f 1615/750/463 1616/34/463 1617/669/463
f 1619/751/366 1620/68/366 1621/543/366
f 1620/68/367 1619/751/367 1622/544/367
f 1632/545/368 1633/546/368 1634/752/368
f 1643/753/369 1642/754/369 1707/550/369
f 1651/551/464 1652/552/464 1653/553/464
f 1659/554/465 1660/676/465 1661/556/465
f 1662/557/466 1663/677/466 1664/559/466
f 1667/560/373 1663/755/373 1668/562/373
f 1674/563/467 1675/564/467 1676/565/467
f 1682/756/468 1683/757/468 1684/568/468
f 1699/569/469 1700/570/469 1701/571/469
f 1645/758/470 1710/573/470 1646/574/470
f 1650/575/471 1714/759/471 1716/577/471
f 1721/578/429 1720/579/429 1665/760/429
f 1672/761/472 1722/762/472 1724/583/472
f 1670/584/473 1725/585/473 1671/763/473
f 1677/587/382 1727/588/382 1675/764/382
f 1730/590/474 1729/765/474 1731/592/474
f 1681/593/384 1733/766/384 1683/757/384
f 1734/595/475 1733/766/475 1735/596/475
f 1736/767/476 1689/768/476 1737/599/476
f 1743/692/477 1742/601/477 1694/769/477
f 1702/770/478 1745/771/478 1700/772/478
f 1746/606/479 1745/771/479 1747/607/479
f 1705/773/480 1750/609/480 1752/610/480
f 11/1/481 13/3/481 15/5/481
f 13/3/482 12/2/482 1762/32/482
f 2337/6/483 16/6/483 2338/9/483
f 16/6/484 2339/7/484 1763/774/484
f 2341/10/485 2346/12/485 2342/14/485
f 2346/12/486 2343/11/486 2347/243/486
f 2320/15/487 18/15/487 2321/18/487
f 18/15/488 2322/16/488 1764/16/488
f 2366/19/489 20/19/489 2382/21/489
f 22/24/490 2384/23/490 1765/23/490
f 29/31/491 25/27/491 23/26/491
f 24/25/492 23/26/492 56/26/492
f 1766/249/493 26/28/493 2386/16/493
f 28/30/494 2388/17/494 1767/17/494
f 2363/29/495 28/30/495 2362/32/495
f 20/19/496 2365/25/496 1768/25/496
f 2378/34/497 31/34/497 2377/7/497
f 26/28/498 2380/9/498 1769/9/498
f 39/7/499 37/7/499 34/6/499
f 32/7/500 39/7/500 2396/6/500
f 38/9/501 2396/6/501 34/6/501
f 21/20/502 41/37/502 2389/36/502
f 40/23/503 2389/36/503 48/38/503
f 27/16/504 43/40/504 2395/15/504
f 42/39/505 2395/15/505 52/41/505
f 51/428/506 46/43/506 44/42/506
f 45/23/507 44/42/507 47/44/507
f 41/37/508 51/428/508 48/38/508
f 43/40/509 55/40/509 52/41/509
f 25/27/510 59/27/510 56/26/510
f 55/40/511 61/40/511 2402/15/511
f 60/45/512 2402/15/512 62/41/512
f 59/27/513 2407/47/513 2404/26/513
f 2405/25/514 2404/26/514 2406/26/514
f 37/7/515 64/48/515 2397/6/515
f 63/8/516 2397/6/516 65/49/516
f 66/12/517 68/42/517 78/23/517
f 2452/52/518 80/55/518 73/53/518
f 2479/17/519 79/17/519 2452/52/519
f 2448/26/520 69/51/520 2449/25/520
f 2473/8/521 75/8/521 71/35/521
f 74/6/522 2475/7/522 1771/48/522
f 68/42/523 67/50/523 1772/428/523
f 72/16/524 71/35/524 76/35/524
f 81/56/525 86/61/525 82/60/525
f 85/59/526 2507/429/526 87/220/526
f 88/452/527 2253/64/527 89/63/527
f 773/238/528 92/66/528 772/65/528
f 775/8/529 1773/775/529 1806/249/529
f 98/126/530 1774/79/530 109/79/530
f 807/446/531 806/445/531 1775/776/531
f 105/78/532 108/77/532 106/76/532
f 111/448/533 103/83/533 112/82/533
f 113/81/534 1778/124/534 99/71/534
f 805/160/535 109/79/535 2526/87/535
f 804/172/536 91/74/536 102/73/536
f 803/101/537 99/71/537 2530/85/537
f 1779/777/538 121/62/538 119/91/538
f 120/92/539 119/91/539 122/93/539
f 2545/778/540 124/96/540 2544/95/540
f 123/70/541 2544/95/541 125/95/541
f 2525/140/542 127/99/542 2524/77/542
f 126/98/543 2524/77/543 128/77/543
f 2539/101/544 130/101/544 2538/82/544
f 129/100/545 2538/82/545 131/102/545
f 133/104/546 135/99/546 137/106/546
f 137/106/547 136/105/547 140/111/547
f 134/97/548 133/104/548 150/76/548
f 140/111/549 2560/90/549 141/92/549
f 138/107/550 1780/779/550 139/108/550
f 2557/101/551 144/101/551 142/102/551
f 142/102/552 156/82/552 157/88/552
f 143/110/553 157/88/553 146/89/553
f 2563/780/554 138/107/554 2562/109/554
f 2548/95/555 147/95/555 2547/94/555
f 147/95/556 2549/96/556 2569/781/556
f 151/98/557 150/76/557 149/113/557
f 137/106/558 148/99/558 150/76/558
f 802/167/559 2568/121/559 170/73/559
f 158/88/560 156/82/560 155/116/560
f 144/101/561 154/101/561 156/82/561
f 162/118/562 161/63/562 160/93/562
f 139/108/563 159/117/563 161/63/563
f 167/70/564 165/95/564 164/95/564
f 2569/781/565 163/96/565 165/95/565
f 800/166/566 2575/124/566 172/123/566
f 2580/444/567 2576/443/567 1781/782/567
f 799/126/568 3594/115/568 153/114/568
f 2607/63/569 173/63/569 2608/90/569
f 173/63/570 2609/117/570 175/783/570
f 182/95/571 176/95/571 180/94/571
f 176/95/572 181/126/572 2730/128/572
f 183/129/573 2728/127/573 181/126/573
f 177/124/574 180/94/574 2729/112/574
f 2590/129/575 183/129/575 2603/96/575
f 179/130/576 2601/131/576 180/94/576
f 175/783/577 2679/132/577 173/63/577
f 2678/72/578 173/63/578 184/63/578
f 2730/128/579 186/96/579 176/95/579
f 185/84/580 176/95/580 187/95/580
f 2658/108/581 189/108/581 2657/134/581
f 188/135/582 2657/134/582 190/63/582
f 2664/101/583 192/101/583 2662/82/583
f 191/88/584 2662/82/584 193/82/584
f 2669/106/585 195/99/585 2668/136/585
f 194/98/586 2668/136/586 196/113/586
f 2768/137/587 197/137/587 2769/94/587
f 197/137/588 2767/126/588 2793/128/588
f 198/134/589 200/139/589 201/90/589
f 200/139/590 199/138/590 2796/153/590
f 202/82/591 204/82/591 205/88/591
f 204/82/592 203/81/592 2798/81/592
f 206/76/593 208/76/593 209/141/593
f 208/76/594 207/140/594 212/106/594
f 204/82/595 210/82/595 211/110/595
f 222/119/596 211/110/596 2811/100/596
f 213/136/597 212/106/597 2813/143/597
f 2801/784/598 214/142/598 212/106/598
f 2793/128/599 216/126/599 197/137/599
f 215/122/600 197/137/600 2807/95/600
f 2796/153/601 218/117/601 200/139/601
f 217/90/602 200/139/602 2809/93/602
f 219/82/603 2802/101/603 238/81/603
f 2811/100/604 220/88/604 222/119/604
f 231/106/605 223/144/605 229/105/605
f 2804/141/606 224/97/606 2805/127/606
f 2807/95/607 226/146/607 215/122/607
f 232/96/608 2805/127/608 225/145/608
f 236/148/609 2806/147/609 235/785/609
f 217/90/610 228/135/610 223/144/610
f 229/105/611 230/150/611 231/106/611
f 2814/124/612 234/149/612 238/81/612
f 246/124/613 239/149/613 2826/101/613
f 3580/119/614 241/88/614 3576/88/614
f 248/155/615 242/142/615 243/140/615
f 3575/151/616 244/103/616 3571/97/616
f 2818/87/617 3575/151/617 245/126/617
f 239/149/618 247/94/618 3585/84/618
f 2823/786/619 3584/152/619 2822/154/619
f 242/142/620 249/125/620 3581/787/620
f 270/71/621 279/123/621 278/101/621
f 281/119/622 275/100/622 282/88/622
f 285/159/623 277/158/623 286/78/623
f 276/129/624 285/159/624 287/160/624
f 279/123/625 271/84/625 289/131/625
f 290/788/626 292/161/626 291/154/626
f 272/157/627 273/90/627 294/90/627
f 329/124/628 1794/71/628 318/101/628
f 326/778/629 331/128/629 327/95/629
f 330/84/630 327/95/630 3556/163/630
f 313/108/631 333/138/631 314/63/631
f 332/164/632 314/63/632 3555/165/632
f 318/101/633 335/166/633 319/82/633
f 334/88/634 319/82/634 3554/102/634
f 322/172/635 337/167/635 323/136/635
f 336/78/636 323/136/636 3553/76/636
f 355/171/637 347/120/637 1795/125/637
f 350/119/638 349/88/638 1796/110/638
f 357/127/639 352/141/639 1797/789/639
f 353/124/640 340/436/640 1798/94/640
f 2938/82/641 359/82/641 360/88/641
f 363/101/642 362/71/642 3558/123/642
f 2939/136/643 367/136/643 368/141/643
f 367/136/644 366/106/644 3568/140/644
f 2932/95/645 370/95/645 371/112/645
f 370/95/646 369/126/646 3565/126/646
f 2935/174/647 373/176/647 374/90/647
f 373/176/648 372/175/648 3561/117/648
f 387/126/649 384/160/649 383/163/649
f 2960/84/650 383/163/650 2959/95/650
f 388/790/651 390/138/651 389/179/651
f 2965/90/652 389/179/652 2964/180/652
f 381/791/653 391/101/653 382/82/653
f 2968/100/654 382/82/654 2967/82/654
f 385/106/655 392/172/655 386/76/655
f 2971/86/656 386/76/656 2970/104/656
f 796/186/657 793/192/657 394/184/657
f 1870/185/658 394/184/658 1803/119/658
f 394/184/659 790/159/659 402/792/659
f 788/193/660 1804/445/660 1805/793/660
f 782/65/661 404/65/661 405/197/661
f 404/65/662 403/195/662 448/199/662
f 407/216/663 405/197/663 449/196/663
f 1808/794/664 416/795/664 417/203/664
f 417/203/665 1809/796/665 418/797/665
f 417/203/666 418/797/666 780/431/666
f 428/798/667 2987/7/667 785/48/667
f 2998/210/668 452/209/668 421/799/668
f 785/48/669 433/800/669 2973/6/669
f 434/35/670 444/211/670 435/9/670
f 451/219/671 436/215/671 447/37/671
f 406/198/672 434/35/672 448/199/672
f 438/217/673 449/196/673 440/253/673
f 407/216/674 438/217/674 450/218/674
f 436/215/675 452/209/675 437/801/675
f 3061/802/676 465/365/676 457/222/676
f 3054/7/677 466/803/677 460/798/677
f 456/196/678 3060/225/678 464/65/678
f 468/804/679 502/239/679 521/199/679
f 704/805/680 483/234/680 706/219/680
f 512/806/681 490/237/681 705/807/681
f 517/250/682 703/240/682 518/808/682
f 480/232/683 481/2/683 703/240/683
f 479/25/684 482/233/684 3107/219/684
f 488/235/685 489/7/685 490/237/685
f 473/228/686 494/219/686 493/243/686
f 502/239/687 501/35/687 472/236/687
f 1810/238/688 503/196/688 504/230/688
f 499/238/689 505/242/689 497/66/689
f 487/9/690 508/246/690 507/6/690
f 473/228/691 509/247/691 474/51/691
f 512/806/692 1812/809/692 513/248/692
f 517/250/693 518/808/693 519/67/693
f 751/263/694 535/262/694 526/266/694
f 1813/810/695 1814/811/695 1815/811/695
f 3188/812/696 3166/271/696 541/270/696
f 547/277/697 550/276/697 548/279/697
f 746/813/698 745/814/698 1819/815/698
f 3189/275/699 3182/274/699 554/400/699
f 1821/282/700 558/816/700 1822/817/700
f 558/816/701 1820/818/701 1822/817/701
f 568/286/702 567/285/702 570/288/702
f 571/290/703 566/284/703 568/286/703
f 576/337/704 573/291/704 577/819/704
f 584/295/705 580/294/705 609/410/705
f 585/298/706 578/297/706 3260/820/706
f 1829/821/707 592/301/707 593/312/707
f 592/301/708 591/300/708 600/306/708
f 599/305/709 601/822/709 597/307/709
f 602/823/710 604/308/710 581/310/710
f 612/824/711 608/314/711 611/317/711
f 613/411/712 609/410/712 611/317/712
f 612/824/713 615/825/713 608/314/713
f 616/826/714 733/827/714 622/392/714
f 623/394/715 617/828/715 622/392/715
f 623/394/716 621/390/716 617/828/716
f 3341/829/717 632/320/717 637/322/717
f 633/319/718 639/318/718 634/830/718
f 637/322/719 632/320/719 633/319/719
f 3370/831/720 1839/811/720 1840/832/720
f 3376/833/721 654/834/721 655/332/721
f 656/15/722 658/15/722 659/330/722
f 657/329/723 661/333/723 658/15/723
f 667/835/724 653/836/724 691/376/724
f 668/837/725 653/836/725 667/835/725
f 673/341/726 668/837/726 667/835/726
f 670/338/727 3424/345/727 666/343/727
f 1843/838/728 676/354/728 677/839/728
f 678/351/729 677/839/729 676/354/729
f 684/350/730 674/349/730 682/840/730
f 3400/348/731 684/350/731 676/354/731
f 678/351/732 686/355/732 685/352/732
f 687/360/733 688/375/733 692/357/733
f 692/357/734 694/356/734 689/359/734
f 688/375/735 695/374/735 692/357/735
f 1846/841/736 486/241/736 505/242/736
f 457/222/737 699/38/737 458/223/737
f 699/38/738 465/365/738 1847/243/738
f 464/65/739 701/366/739 456/196/739
f 701/366/740 463/224/740 1848/199/740
f 490/237/741 512/806/741 472/236/741
f 3108/842/742 469/226/742 471/227/742
f 502/239/743 468/804/743 503/196/743
f 512/806/744 705/807/744 514/7/744
f 3526/368/745 756/843/745 709/369/745
f 712/372/746 3530/371/746 1849/249/746
f 695/374/747 713/844/747 692/357/747
f 717/845/748 1851/846/748 649/847/748
f 727/848/749 642/326/749 722/849/749
f 3345/325/750 722/849/750 642/326/750
f 727/848/751 628/850/751 642/326/751
f 1856/851/752 639/318/752 640/852/752
f 728/853/753 637/322/753 638/324/753
f 3334/854/754 632/320/754 3341/829/754
f 732/855/755 731/393/755 622/392/755
f 730/391/756 623/394/756 622/392/756
f 1858/856/757 560/857/757 561/858/757
f 737/396/758 542/272/758 558/816/758
f 737/396/759 558/816/759 557/281/759
f 561/858/760 560/857/760 555/859/760
f 553/860/761 744/401/761 554/400/761
f 1861/861/762 544/273/762 3189/275/762
f 750/406/763 749/405/763 537/404/763
f 614/408/764 1863/862/764 610/316/764
f 601/822/765 581/310/765 755/863/765
f 601/822/766 596/302/766 597/307/766
f 601/822/767 755/863/767 596/302/767
f 707/65/768 708/864/768 758/412/768
f 760/413/769 1865/238/769 761/414/769
f 763/416/770 766/420/770 764/417/770
f 3398/865/771 765/419/771 763/416/771
f 94/423/772 430/422/772 429/427/772
f 95/7/773 768/424/773 769/424/773
f 426/6/774 95/7/774 427/425/774
f 415/426/775 82/60/775 414/866/775
f 771/16/776 409/256/776 772/65/776
f 772/65/777 408/41/777 774/259/777
f 93/67/778 776/230/778 2975/68/778
f 2511/16/779 771/16/779 92/66/779
f 2505/428/780 85/59/780 86/61/780
f 2504/430/781 81/56/781 84/58/781
f 418/797/782 422/867/782 781/432/782
f 1866/868/783 403/195/783 782/65/783
f 3052/435/784 2995/434/784 450/218/784
f 432/208/785 3052/435/785 452/209/785
f 450/218/786 778/274/786 407/216/786
f 2989/9/787 444/211/787 784/249/787
f 403/195/788 784/249/788 406/198/788
f 338/437/789 357/127/789 339/128/789
f 346/73/790 355/171/790 351/75/790
f 341/124/791 353/124/791 348/170/791
f 345/445/792 342/168/792 344/169/792
f 2962/869/793 787/438/793 390/138/793
f 789/439/794 2965/90/794 1867/194/794
f 2956/129/795 790/159/795 791/870/795
f 1868/871/796 789/439/796 794/99/796
f 1869/124/797 793/192/797 391/101/797
f 797/156/798 2968/100/798 1870/185/798
f 1871/122/799 171/122/799 2575/124/799
f 162/118/800 2578/120/800 2568/121/800
f 158/88/801 168/100/801 2573/89/801
f 1872/78/802 152/97/802 3594/115/802
f 111/448/803 117/88/803 114/89/803
f 105/78/804 116/86/804 109/79/804
f 96/70/805 115/84/805 99/71/805
f 88/452/806 101/72/806 91/74/806
f 2519/872/807 113/81/807 103/83/807
f 1873/167/808 107/75/808 108/77/808
f 2226/873/809 98/126/809 97/450/809
f 2252/874/810 90/62/810 2253/64/810
f 1874/875/811 1875/876/811 1876/877/811
f 829/878/812 1877/877/812 830/879/812
f 838/880/813 841/34/813 839/881/813
f 843/882/814 846/475/814 844/883/814
f 1891/884/815 1892/34/815 1893/885/815
f 1895/485/816 1896/484/816 1897/886/816
f 1898/887/817 862/888/817 1899/889/817
f 913/505/818 1902/890/818 871/506/818
f 912/504/819 1904/891/819 1903/892/819
f 1905/893/820 1903/892/820 1906/894/820
f 879/491/821 876/487/821 878/489/821
f 883/492/822 1908/895/822 884/493/822
f 916/510/823 1909/896/823 885/511/823
f 917/897/824 1911/898/824 1910/899/824
f 1912/900/825 1910/899/825 1913/901/825
f 892/497/826 889/496/826 891/499/826
f 900/902/827 1915/903/827 903/904/827
f 902/905/828 1917/906/828 904/907/828
f 913/505/829 912/504/829 1903/892/829
f 887/908/830 917/897/830 1910/899/830
f 1920/909/831 1921/910/831 1922/911/831
f 1923/912/832 921/517/832 1924/913/832
f 1928/914/833 936/530/833 1929/529/833
f 1930/915/834 1931/916/834 810/454/834
f 1930/915/835 810/454/835 1932/917/835
f 1936/546/836 1937/918/836 1003/547/836
f 1938/919/837 1939/920/837 1940/921/837
f 1941/922/838 1942/923/838 1943/924/838
f 1944/925/839 1945/926/839 1946/927/839
f 1947/928/840 1948/929/840 1949/930/840
f 976/931/841 977/204/841 1952/932/841
f 1007/933/842 1955/934/842 1956/249/842
f 1956/249/843 1957/935/843 1007/933/843
f 995/936/844 1961/937/844 1962/938/844
f 1962/938/845 1963/939/845 995/936/845
f 1007/933/846 1966/940/846 1967/235/846
f 1967/235/847 1968/941/847 1007/933/847
f 1969/942/848 1970/943/848 1006/944/848
f 1035/580/849 1033/558/849 1036/557/849
f 1051/593/850 1053/567/850 1052/566/850
f 1014/572/851 1972/945/851 1081/573/851
f 1973/946/852 1974/947/852 1024/948/852
f 1975/949/853 1976/950/853 1021/552/853
f 1027/951/854 1028/952/854 1089/953/854
f 1037/560/855 1035/580/855 1091/579/855
f 1977/954/856 1978/955/856 1030/555/856
f 1051/593/857 1979/956/857 1104/594/857
f 1125/568/858 1980/957/858 1104/594/858
f 1058/958/859 1981/959/859 1057/960/859
f 1065/961/860 1066/962/860 1111/963/860
f 1073/603/861 1982/964/861 1116/604/861
f 1067/965/862 1983/966/862 1119/967/862
f 1075/968/863 1984/969/863 1074/970/863
f 1127/612/864 1985/971/864 1134/619/864
f 1986/972/865 1987/973/865 1147/974/865
f 1157/627/866 1161/34/866 1158/628/866
f 1163/882/867 1166/632/867 1164/975/867
f 2002/976/868 2003/34/868 2004/885/868
f 2006/485/869 2007/484/869 2008/977/869
f 2009/978/870 1181/979/870 2010/889/870
f 1191/980/871 1190/649/871 2013/981/871
f 1229/648/872 2014/890/872 1190/649/872
f 1228/647/873 2016/891/873 2015/982/873
f 2017/983/874 2015/982/874 2018/894/874
f 1197/640/875 1195/984/875 1196/638/875
f 1139/985/876 2021/895/876 2019/986/876
f 1232/650/877 2022/896/877 1201/651/877
f 1233/987/824 2024/898/824 2023/988/824
f 2025/989/825 2023/988/825 2026/901/825
f 1208/497/826 1205/642/826 1207/644/826
f 1216/990/878 2028/903/878 1219/904/878
f 1218/991/879 2030/906/879 1220/992/879
f 1229/648/829 1228/647/829 2015/982/829
f 1203/993/880 1233/987/880 2023/988/880
f 2033/909/881 2034/910/881 2035/994/881
f 2039/995/882 1251/661/882 2040/529/882
f 2044/546/883 2045/918/883 1318/673/883
f 2046/996/884 2047/920/884 2048/997/884
f 2049/998/885 2050/923/885 2051/999/885
f 2052/1000/886 2053/926/886 2054/1001/886
f 2055/1002/887 2056/929/887 2057/1003/887
f 1322/1004/888 2062/934/888 2063/249/888
f 2063/249/889 2064/1005/889 1322/1004/889
f 1312/1006/890 2068/937/890 2069/938/890
f 2069/938/891 2070/1007/891 1312/1006/891
f 1322/1004/892 2073/1008/892 2074/235/892
f 2074/235/847 2075/941/847 1322/1004/847
f 2076/1009/893 2077/943/893 1321/1010/893
f 1350/686/894 1348/677/894 1351/557/894
f 1366/593/895 1368/682/895 1367/566/895
f 1329/683/896 2079/945/896 1396/684/896
f 2081/946/897 2082/947/897 1339/1011/897
f 2083/949/898 2084/950/898 1336/552/898
f 1342/951/899 1343/952/899 1403/953/899
f 1352/560/855 1350/686/855 1405/579/855
f 2085/954/900 2086/955/900 1345/676/900
f 1366/593/857 2087/956/857 1417/689/857
f 1438/568/858 2088/957/858 1417/689/858
f 1373/1012/901 2089/959/901 1372/1013/901
f 1388/694/902 2090/964/902 1429/604/902
f 1382/965/862 2091/966/862 1432/967/862
f 1390/1014/903 2092/969/903 1389/1015/903
f 2093/1016/904 2094/876/904 2095/877/904
f 1461/878/812 2096/877/812 1462/1017/812
f 1469/880/905 1472/34/905 1470/881/905
f 1474/882/814 1477/716/814 1475/1018/814
f 2110/1019/906 2111/34/906 2112/885/906
f 2114/485/907 2115/484/907 2116/1020/907
f 2117/1021/817 1493/1022/817 2118/889/817
f 1544/733/908 2121/890/908 1502/734/908
f 1543/732/873 2123/891/873 2122/1023/873
f 2124/1024/909 2122/1023/909 2125/894/909
f 1510/491/821 1507/721/821 1509/722/821
f 1514/723/910 2127/895/910 1515/724/910
f 1517/1025/911 1516/739/911 2128/1026/911
f 1547/738/912 2129/896/912 1516/739/912
f 1548/897/824 2131/898/824 2130/988/824
f 2132/900/825 2130/988/825 2133/901/825
f 1523/497/826 1520/727/826 1522/729/826
f 1531/1027/913 2135/903/913 1534/1028/913
f 1533/1029/914 2137/906/914 1535/907/914
f 1544/733/915 1543/732/915 2122/1023/915
f 1518/1030/916 1548/897/916 2130/988/916
f 2140/909/831 2141/910/831 2142/1031/831
f 2147/914/917 1567/530/917 2148/529/917
f 2149/1032/834 2150/1033/834 1440/697/834
f 2149/1032/835 1440/697/835 2151/1034/835
f 2155/546/918 2156/918/918 1634/752/918
f 2157/1035/919 2158/920/919 2159/997/919
f 2160/1036/920 2161/923/920 2162/1037/920
f 2163/1038/839 2164/926/839 2165/927/839
f 2166/1039/840 2167/929/840 2168/1040/840
f 1607/1041/921 1608/204/921 2171/1042/921
f 1638/1043/922 2174/934/922 2175/249/922
f 2175/249/843 2176/935/843 1638/1043/843
f 1626/1044/923 2180/937/923 2181/938/923
f 2181/938/845 2182/939/845 1626/1044/845
f 1638/1043/924 2185/940/924 2186/235/924
f 2186/235/847 2187/941/847 1638/1043/847
f 2188/942/925 2189/943/925 1637/944/925
f 1665/760/849 1663/677/849 1666/557/849
f 1681/593/926 1683/757/926 1682/756/926
f 1645/758/927 2191/945/927 1710/573/927
f 2192/946/928 2193/947/928 1458/1045/928
f 2194/949/929 2195/950/929 1652/552/929
f 1657/951/854 1658/952/854 1718/1046/854
f 1667/560/930 1665/760/930 1720/579/930
f 2196/954/931 2197/955/931 1660/676/931
f 1681/593/857 2198/956/857 1733/766/857
f 1754/568/858 2199/957/858 1733/766/858
f 1688/1047/932 2200/959/932 1687/1048/932
f 1695/1049/933 1460/1050/933 1740/963/933
f 1702/770/902 2201/964/902 1745/771/902
f 1696/965/934 2202/966/934 1748/967/934
f 1704/1051/935 2203/969/935 1703/1015/935
f 2205/1052/936 104/447/936 2521/119/936
f 2205/1052/937 2521/119/937 2207/1053/937
f 2205/1052/938 2207/1053/938 2208/1054/938
f 2209/7/939 2205/1052/939 2208/1054/939
f 2210/6/940 2204/1055/940 2205/1052/940
f 2210/6/941 2205/1052/941 2209/7/941
f 2211/9/942 2206/1056/942 2204/1055/942
f 2211/9/943 2204/1055/943 2210/6/943
f 2212/249/944 2213/1057/944 2206/1056/944
f 2212/249/945 2206/1056/945 2211/9/945
f 2213/1057/946 2214/1058/946 2215/1059/946
f 2213/1057/947 2215/1059/947 2206/1056/947
f 2206/1056/948 2215/1059/948 103/83/948
f 2206/1056/949 103/83/949 2204/1055/949
f 2204/1055/950 103/83/950 104/447/950
f 2204/1055/951 104/447/951 2205/1052/951
f 2217/1060/952 2219/1061/952 2214/1058/952
f 2217/1060/953 2214/1058/953 2213/1057/953
f 2220/1062/954 2217/1060/954 2213/1057/954
f 2220/1062/955 2213/1057/955 2212/249/955
f 2221/1063/956 2216/1064/956 2217/1060/956
f 2221/1063/957 2217/1060/957 2220/1062/957
f 2218/1065/958 2216/1064/958 2221/1063/958
f 2218/1065/959 2221/1063/959 2222/1066/959
f 2223/1067/960 2218/1065/960 2222/1066/960
f 2223/1067/961 2222/1066/961 2224/1068/961
f 2225/1069/962 2226/873/962 2218/1065/962
f 2225/1069/963 2218/1065/963 2223/1067/963
f 2226/873/964 2227/1070/964 2216/1064/964
f 2226/873/965 2216/1064/965 2218/1065/965
f 2216/1064/966 2227/1070/966 2219/1061/966
f 2216/1064/967 2219/1061/967 2217/1060/967
f 2231/1071/968 2225/1069/968 2232/1072/968
f 2231/1071/969 2232/1072/969 2229/1073/969
f 2229/1073/970 2232/1072/970 2233/1074/970
f 2229/1073/971 2233/1074/971 2234/1075/971
f 2228/1076/972 2229/1073/972 2234/1075/972
f 2228/1076/973 2234/1075/973 2235/1077/973
f 2230/1078/974 2228/1076/974 2235/1077/974
f 2230/1078/975 2235/1077/975 2236/1079/975
f 2237/1080/976 2230/1078/976 2236/1079/976
f 2237/1080/977 2236/1079/977 2238/1081/977
f 2239/1082/978 1777/1083/978 2230/1078/978
f 2239/1082/979 2230/1078/979 2237/1080/979
f 1777/1083/980 1776/1084/980 2228/1076/980
f 1777/1083/981 2228/1076/981 2230/1078/981
f 1776/1084/982 2231/1071/982 2229/1073/982
f 1776/1084/983 2229/1073/983 2228/1076/983
f 2243/451/984 2239/1085/984 2244/1086/984
f 2243/451/985 2244/1086/985 2241/1087/985
f 2241/1087/986 2244/1086/986 2245/1088/986
f 2241/1087/987 2245/1088/987 2246/1089/987
f 2240/1090/988 2241/1087/988 2246/1089/988
f 2240/1090/989 2246/1089/989 2247/1091/989
f 2248/1092/990 2242/1093/990 2240/1090/990
f 2248/1092/991 2240/1090/991 2247/1091/991
f 2249/204/992 2250/1094/992 2242/1093/992
f 2249/204/993 2242/1093/993 2248/1092/993
f 2250/1094/994 2251/1095/994 2252/874/994
f 2250/1094/995 2252/874/995 2242/1093/995
f 2242/1093/996 2252/874/996 2253/64/996
f 2242/1093/997 2253/64/997 2240/1090/997
f 2253/64/998 2243/451/998 2241/1087/998
f 2253/64/999 2241/1087/999 2240/1090/999
f 2254/449/1000 2219/1061/1000 2227/1070/1000
f 2255/1096/1001 2256/1097/1001 2219/1061/1001
f 2255/1096/1002 2219/1061/1002 2254/449/1002
f 2257/798/1003 1755/9/1003 2721/6/1003
f 2257/798/1004 2721/6/1004 2/1098/1004
f 2266/58/1005 1756/1099/1005 1757/1100/1005
f 2266/58/1006 1757/1100/1006 2258/23/1006
f 2258/23/1007 1757/1100/1007 2261/10/1007
f 2258/23/1008 2261/10/1008 2259/36/1008
f 2260/428/1009 2259/36/1009 2261/10/1009
f 2260/428/1010 2261/10/1010 4/1101/1010
f 2262/215/1011 2260/428/1011 4/1101/1011
f 2262/215/1012 4/1101/1012 3/1102/1012
f 2263/19/1013 2312/20/1013 2260/428/1013
f 2263/19/1014 2260/428/1014 2262/215/1014
f 2312/20/1015 2264/1103/1015 2259/36/1015
f 2312/20/1016 2259/36/1016 2260/428/1016
f 2311/1104/1017 2258/23/1017 2259/36/1017
f 2311/1104/1018 2259/36/1018 2264/1103/1018
f 2265/1105/1019 2266/58/1019 2258/23/1019
f 2265/1105/1020 2258/23/1020 2311/1104/1020
f 2261/10/1021 1757/1100/1021 2267/1106/1021
f 2261/10/1022 2267/1106/1022 4/1101/1022
f 4/1101/1023 2268/1107/1023 3/1102/1023
f 2269/66/1024 1758/1108/1024 2270/1109/1024
f 2269/66/1025 2270/1109/1025 6/1110/1025
f 2271/1111/1026 1759/1112/1026 2272/1113/1026
f 2271/1111/1027 2272/1113/1027 8/1114/1027
f 8/1114/1028 2273/1115/1028 7/68/1028
f 2279/1116/1029 2276/32/1029 2278/274/1029
f 2325/1116/1030 2329/67/1030 2276/32/1030
f 2325/1116/1031 2276/32/1031 2279/1116/1031
f 2329/67/1032 1761/1117/1032 2274/3/1032
f 2329/67/1033 2274/3/1033 2276/32/1033
f 1761/1117/1034 1760/4/1034 2275/25/1034
f 1761/1117/1035 2275/25/1035 2274/3/1035
f 1760/4/1036 2280/215/1036 2277/1118/1036
f 1760/4/1037 2277/1118/1037 2275/25/1037
f 2281/45/1038 2282/65/1038 2284/15/1038
f 2283/199/1039 2284/15/1039 2282/65/1039
f 2281/45/1040 2289/1116/1040 7/68/1040
f 2281/45/1041 7/68/1041 1758/1108/1041
f 2281/45/1042 1758/1108/1042 2269/66/1042
f 2281/45/1043 2269/66/1043 2282/65/1043
f 2283/199/1044 2282/65/1044 2269/66/1044
f 2283/199/1045 2269/66/1045 6/1110/1045
f 2283/199/1046 6/1110/1046 5/249/1046
f 2283/199/1047 5/249/1047 2285/35/1047
f 2283/199/1048 2285/35/1048 2286/28/1048
f 2287/16/1049 2283/199/1049 2286/28/1049
f 2287/16/1050 2284/15/1050 2283/199/1050
f 2288/17/1051 2281/45/1051 2284/15/1051
f 2288/17/1052 2278/274/1052 2289/1116/1052
f 2288/17/1053 2289/1116/1053 2281/45/1053
f 2291/1119/1054 2293/1120/1054 3/1102/1054
f 2291/1119/1055 3/1102/1055 1759/1112/1055
f 2290/232/1056 2291/1119/1056 1759/1112/1056
f 2290/232/1057 1759/1112/1057 2271/1111/1057
f 2292/218/1058 2290/232/1058 2271/1111/1058
f 2292/218/1059 2271/1111/1059 8/1114/1059
f 2289/1116/1060 2292/218/1060 8/1114/1060
f 2289/1116/1061 8/1114/1061 7/68/1061
f 2278/274/1062 2276/32/1062 2292/218/1062
f 2278/274/1063 2292/218/1063 2289/1116/1063
f 2276/32/1064 2274/3/1064 2290/232/1064
f 2276/32/1065 2290/232/1065 2292/218/1065
f 2274/3/1066 2275/25/1066 2291/1119/1066
f 2274/3/1067 2291/1119/1067 2290/232/1067
f 2275/25/1068 2277/1118/1068 2293/1120/1068
f 2275/25/1069 2293/1120/1069 2291/1119/1069
f 2301/35/1070 5/249/1070 1755/9/1070
f 2301/35/1071 1755/9/1071 2294/8/1071
f 2294/8/1072 1755/9/1072 2257/798/1072
f 2294/8/1073 2257/798/1073 2295/6/1073
f 2295/6/1074 2257/798/1074 2/1098/1074
f 2295/6/1075 2/1098/1075 2296/7/1075
f 2296/7/1076 2/1098/1076 1/424/1076
f 2296/7/1077 1/424/1077 2297/424/1077
f 2298/1121/1078 2296/7/1078 2297/424/1078
f 2298/1121/1079 2297/424/1079 2299/34/1079
f 2300/6/1080 2295/6/1080 2296/7/1080
f 2300/6/1081 2296/7/1081 2298/1121/1081
f 2308/8/1082 2294/8/1082 2295/6/1082
f 2308/8/1083 2295/6/1083 2300/6/1083
f 2286/28/1084 2301/35/1084 2294/8/1084
f 2286/28/1085 2294/8/1085 2308/8/1085
f 2305/219/1086 2304/428/1086 2280/215/1086
f 2304/428/1087 2305/219/1087 2306/1118/1087
f 2309/1122/1088 2286/28/1088 2308/8/1088
f 9/7/1089 2298/1121/1089 2299/34/1089
f 9/7/1090 2299/34/1090 2310/1123/1090
f 10/6/1091 2300/6/1091 2298/1121/1091
f 10/6/1092 2298/1121/1092 9/7/1092
f 2330/8/1093 2308/8/1093 2300/6/1093
f 2330/8/1094 2300/6/1094 10/6/1094
f 2318/35/1095 2308/8/1095 2330/8/1095
f 2318/35/1096 2309/1122/1096 2308/8/1096
f 2313/19/1097 2312/20/1097 2263/19/1097
f 2280/215/1098 2304/428/1098 2312/20/1098
f 2280/215/1099 2312/20/1099 2313/19/1099
f 2304/428/1100 2303/42/1100 2264/1103/1100
f 2304/428/1101 2264/1103/1101 2312/20/1101
f 2302/23/1102 2311/1104/1102 2264/1103/1102
f 2302/23/1103 2264/1103/1103 2303/42/1103
f 2307/1124/1104 2314/58/1104 2311/1104/1104
f 2307/1124/1105 2311/1104/1105 2302/23/1105
f 2314/58/1106 2265/1105/1106 2311/1104/1106
f 2315/238/1107 2288/17/1107 2316/41/1107
f 2317/199/1108 2316/41/1108 2287/16/1108
f 2288/17/1109 2284/15/1109 2316/41/1109
f 2287/16/1110 2316/41/1110 2284/15/1110
f 2287/16/1111 2286/28/1111 2318/35/1111
f 2317/199/1112 2287/16/1112 2318/35/1112
f 2319/16/1113 2317/199/1113 2318/35/1113
f 2326/65/1114 2316/41/1114 2317/199/1114
f 2326/65/1115 2317/199/1115 2319/16/1115
f 2326/65/1116 2327/238/1116 2315/238/1116
f 2326/65/1117 2315/238/1117 2316/41/1117
f 2327/238/1118 2325/1116/1118 2279/1116/1118
f 2327/238/1119 2279/1116/1119 2315/238/1119
f 2315/238/1120 2279/1116/1120 2278/274/1120
f 2315/238/1121 2278/274/1121 2288/17/1121
f 2320/15/1122 2321/18/1122 2327/238/1122
f 2320/15/1123 2327/238/1123 2326/65/1123
f 2320/15/1124 2326/65/1124 2319/16/1124
f 2320/15/1125 2319/16/1125 2322/16/1125
f 2322/16/1126 2319/16/1126 2328/35/1126
f 2322/16/1127 2328/35/1127 2323/28/1127
f 2321/18/1128 2324/29/1128 2325/1116/1128
f 2321/18/1129 2325/1116/1129 2327/238/1129
f 2319/16/1130 2318/35/1130 2328/35/1130
f 1760/4/1131 2306/1118/1131 2280/215/1131
f 2331/28/1132 2318/35/1132 2330/8/1132
f 2328/35/1133 2331/28/1133 2330/8/1133
f 2332/220/1134 2333/1125/1134 15/5/1134
f 2334/29/1135 1762/32/1135 12/2/1135
f 2334/29/1136 12/2/1136 2324/29/1136
f 2335/19/1137 2332/220/1137 15/5/1137
f 2335/19/1138 15/5/1138 14/4/1138
f 11/1/1139 15/5/1139 1760/4/1139
f 11/1/1140 1760/4/1140 1761/1117/1140
f 11/1/1141 1761/1117/1141 2329/67/1141
f 11/1/1142 2329/67/1142 12/2/1142
f 12/2/1143 2329/67/1143 2325/1116/1143
f 12/2/1144 2325/1116/1144 2324/29/1144
f 15/5/1145 2333/1125/1145 2336/219/1145
f 15/5/1146 2336/219/1146 2306/1118/1146
f 15/5/1147 2306/1118/1147 1760/4/1147
f 2337/6/1148 2338/9/1148 2330/8/1148
f 2337/6/1149 2330/8/1149 10/6/1149
f 2337/6/1150 10/6/1150 9/7/1150
f 2337/6/1151 9/7/1151 2339/7/1151
f 2339/7/1152 9/7/1152 2310/1123/1152
f 2339/7/1153 2310/1123/1153 2340/34/1153
f 2338/9/1154 2323/28/1154 2328/35/1154
f 2338/9/1155 2328/35/1155 2330/8/1155
f 2341/10/1156 2342/14/1156 2302/23/1156
f 2341/10/1157 2302/23/1157 2303/42/1157
f 2341/10/1158 2303/42/1158 2304/428/1158
f 2341/10/1159 2304/428/1159 2343/11/1159
f 2343/11/1160 2304/428/1160 2306/1118/1160
f 2343/11/1161 2306/1118/1161 2336/219/1161
f 2343/11/1162 2336/219/1162 2332/220/1162
f 2342/14/1163 2344/1126/1163 2307/1124/1163
f 2342/14/1164 2307/1124/1164 2302/23/1164
f 2348/222/1165 2349/13/1165 2345/13/1165
f 2348/222/1166 2345/13/1166 2346/12/1166
f 2348/222/1167 2346/12/1167 2347/243/1167
f 2348/222/1168 2347/243/1168 2350/43/1168
f 2350/43/1169 2347/243/1169 2352/1127/1169
f 2350/43/1170 2352/1127/1170 2353/219/1170
f 2349/13/1171 2354/1128/1171 2351/1129/1171
f 2349/13/1172 2351/1129/1172 2345/13/1172
f 2355/424/1173 1763/774/1173 2339/7/1173
f 2355/424/1174 2339/7/1174 2340/34/1174
f 2356/28/1175 2323/28/1175 2338/9/1175
f 2356/28/1176 2338/9/1176 17/8/1176
f 2352/1127/1177 2347/243/1177 2343/11/1177
f 2352/1127/1178 2343/11/1178 2332/220/1178
f 2351/1129/1179 2344/1126/1179 2342/14/1179
f 2351/1129/1180 2342/14/1180 2345/13/1180
f 2357/28/1181 1764/16/1181 2322/16/1181
f 2357/28/1182 2322/16/1182 2323/28/1182
f 2356/28/1183 1764/16/1183 2357/28/1183
f 2334/29/1184 2324/29/1184 2321/18/1184
f 2334/29/1185 2321/18/1185 19/17/1185
f 2362/32/1186 2360/67/1186 2361/230/1186
f 2362/32/1187 2361/230/1187 2363/29/1187
f 2364/26/1188 2358/51/1188 2360/67/1188
f 2364/26/1189 2360/67/1189 2362/32/1189
f 2364/26/1190 2365/25/1190 2359/25/1190
f 2364/26/1191 2359/25/1191 2358/51/1191
f 2365/25/1192 2366/19/1192 2353/219/1192
f 2365/25/1193 2353/219/1193 2359/25/1193
f 2367/15/1194 2368/17/1194 19/17/1194
f 2367/15/1195 19/17/1195 18/15/1195
f 2367/15/1196 18/15/1196 1764/16/1196
f 2367/15/1197 1764/16/1197 2369/40/1197
f 2369/40/1198 1764/16/1198 2356/28/1198
f 2369/40/1199 2356/28/1199 2370/28/1199
f 2368/17/1200 2361/230/1200 2334/29/1200
f 2368/17/1201 2334/29/1201 19/17/1201
f 2358/51/1202 2359/25/1202 14/4/1202
f 2358/51/1203 14/4/1203 13/3/1203
f 2358/51/1204 13/3/1204 1762/32/1204
f 2358/51/1205 1762/32/1205 2360/67/1205
f 2360/67/1206 1762/32/1206 2334/29/1206
f 2360/67/1207 2334/29/1207 2361/230/1207
f 2359/25/1208 2353/219/1208 2335/19/1208
f 2359/25/1209 2335/19/1209 14/4/1209
f 2371/1130/1210 2372/1131/1210 17/8/1210
f 2371/1130/1211 17/8/1211 16/6/1211
f 2371/1130/1212 16/6/1212 1763/774/1212
f 2371/1130/1213 1763/774/1213 2373/7/1213
f 2374/28/1214 2356/28/1214 17/8/1214
f 2373/7/1215 1763/774/1215 2355/424/1215
f 2373/7/1216 2355/424/1216 2375/424/1216
f 2372/1131/1217 2370/28/1217 2374/28/1217
f 2372/1131/1218 2374/28/1218 17/8/1218
f 2365/25/1219 30/33/1219 2366/19/1219
f 2372/1131/1220 2376/35/1220 2370/28/1220
f 2377/7/1221 2373/7/1221 2375/424/1221
f 2377/7/1222 2375/424/1222 2378/34/1222
f 2379/798/1223 2371/1130/1223 2373/7/1223
f 2379/798/1224 2373/7/1224 2377/7/1224
f 2379/798/1225 2380/9/1225 2372/1131/1225
f 2379/798/1226 2372/1131/1226 2371/1130/1226
f 2380/9/1227 2381/249/1227 2372/1131/1227
f 2372/1131/1228 2381/249/1228 2376/35/1228
f 2382/21/1229 2350/43/1229 2353/219/1229
f 2382/21/1230 2353/219/1230 2366/19/1230
f 2383/36/1231 2348/222/1231 2350/43/1231
f 2383/36/1232 2350/43/1232 2382/21/1232
f 2383/36/1233 2384/23/1233 2349/13/1233
f 2383/36/1234 2349/13/1234 2348/222/1234
f 2384/23/1235 2385/22/1235 2354/1128/1235
f 2384/23/1236 2354/1128/1236 2349/13/1236
f 2369/40/1237 2370/28/1237 2381/249/1237
f 2386/16/1238 2369/40/1238 2381/249/1238
f 2387/15/1239 2367/15/1239 2369/40/1239
f 2387/15/1240 2369/40/1240 2386/16/1240
f 2387/15/1241 2388/17/1241 2368/17/1241
f 2387/15/1242 2368/17/1242 2367/15/1242
f 2388/17/1243 2363/29/1243 2361/230/1243
f 2388/17/1244 2361/230/1244 2368/17/1244
f 2389/36/1245 1765/23/1245 2384/23/1245
f 2389/36/1246 2384/23/1246 2383/36/1246
f 2389/36/1247 2383/36/1247 2382/21/1247
f 2389/36/1248 2382/21/1248 21/20/1248
f 2380/9/1249 33/35/1249 2381/249/1249
f 2386/16/1250 2381/249/1250 2390/28/1250
f 2386/16/1251 2390/28/1251 33/35/1251
f 25/27/1252 29/31/1252 28/30/1252
f 25/27/1253 28/30/1253 2392/274/1253
f 24/25/1254 2393/1132/1254 2394/1133/1254
f 24/25/1255 2394/1133/1255 2391/1134/1255
f 24/25/1256 2391/1134/1256 1768/25/1256
f 2395/15/1257 1767/17/1257 2388/17/1257
f 2395/15/1258 2388/17/1258 2387/15/1258
f 2395/15/1259 2387/15/1259 2386/16/1259
f 2395/15/1260 2386/16/1260 27/16/1260
f 2386/16/1261 33/35/1261 1766/249/1261
f 23/26/1262 1768/25/1262 2365/25/1262
f 23/26/1263 2365/25/1263 2364/26/1263
f 23/26/1264 2364/26/1264 2362/32/1264
f 23/26/1265 2362/32/1265 29/31/1265
f 1768/25/1266 2391/1134/1266 20/19/1266
f 2396/6/1267 1769/9/1267 2380/9/1267
f 2396/6/1268 2380/9/1268 2379/798/1268
f 2396/6/1269 2379/798/1269 2377/7/1269
f 2396/6/1270 2377/7/1270 32/7/1270
f 2397/6/1271 35/8/1271 34/6/1271
f 2397/6/1272 34/6/1272 37/7/1272
f 37/7/1273 39/7/1273 36/34/1273
f 35/8/1274 54/35/1274 2398/35/1274
f 35/8/1275 2398/35/1275 38/9/1275
f 39/7/1276 32/7/1276 31/34/1276
f 39/7/1277 31/34/1277 36/34/1277
f 38/9/1278 2398/35/1278 26/28/1278
f 38/9/1279 26/28/1279 1769/9/1279
f 41/37/1280 21/20/1280 20/19/1280
f 41/37/1281 20/19/1281 2394/1133/1281
f 40/23/1282 1770/1135/1282 22/24/1282
f 40/23/1283 22/24/1283 1765/23/1283
f 27/16/1284 26/28/1284 2399/249/1284
f 43/40/1285 27/16/1285 2399/249/1285
f 43/40/1286 2399/249/1286 2398/35/1286
f 42/39/1287 2392/274/1287 28/30/1287
f 42/39/1288 28/30/1288 1767/17/1288
f 46/43/1289 51/428/1289 2400/1136/1289
f 46/43/1290 2400/1136/1290 2401/215/1290
f 45/23/1291 2419/1137/1291 1770/1135/1291
f 45/23/1292 1770/1135/1292 49/23/1292
f 44/42/1293 49/23/1293 48/38/1293
f 44/42/1294 48/38/1294 51/428/1294
f 51/428/1295 41/37/1295 2394/1133/1295
f 51/428/1296 2394/1133/1296 50/215/1296
f 51/428/1297 50/215/1297 2400/1136/1297
f 49/23/1298 1770/1135/1298 40/23/1298
f 2402/15/1299 53/45/1299 52/41/1299
f 2402/15/1300 52/41/1300 55/40/1300
f 43/40/1301 2398/35/1301 2403/249/1301
f 55/40/1302 43/40/1302 2403/249/1302
f 55/40/1303 2403/249/1303 54/35/1303
f 53/45/1304 58/52/1304 2392/274/1304
f 53/45/1305 2392/274/1305 42/39/1305
f 2404/26/1306 57/46/1306 56/26/1306
f 2404/26/1307 56/26/1307 59/27/1307
f 59/27/1308 25/27/1308 2392/274/1308
f 59/27/1309 2392/274/1309 58/52/1309
f 57/46/1310 50/215/1310 2393/1132/1310
f 57/46/1311 2393/1132/1311 24/25/1311
f 2405/25/1312 2408/220/1312 2401/215/1312
f 2410/19/1313 2408/220/1313 2405/25/1313
f 61/40/1314 55/40/1314 54/35/1314
f 61/40/1315 54/35/1315 2411/28/1315
f 60/45/1316 2409/1138/1316 58/52/1316
f 60/45/1317 58/52/1317 53/45/1317
f 2407/47/1318 59/27/1318 58/52/1318
f 2407/47/1319 58/52/1319 2409/1138/1319
f 2405/25/1320 2401/215/1320 50/215/1320
f 2405/25/1321 50/215/1321 57/46/1321
f 35/8/1322 2412/35/1322 54/35/1322
f 64/48/1323 37/7/1323 36/34/1323
f 64/48/1324 36/34/1324 2413/424/1324
f 63/8/1325 2411/28/1325 2412/35/1325
f 63/8/1326 2412/35/1326 35/8/1326
f 2414/23/1327 45/23/1327 47/44/1327
f 2414/23/1328 47/44/1328 2415/222/1328
f 2416/428/1329 2415/222/1329 47/44/1329
f 2416/428/1330 47/44/1330 46/43/1330
f 2417/19/1331 2416/428/1331 46/43/1331
f 2417/19/1332 46/43/1332 2410/19/1332
f 2418/1139/1333 2419/1137/1333 45/23/1333
f 2418/1139/1334 45/23/1334 2414/23/1334
f 2420/28/1335 2411/28/1335 63/8/1335
f 2410/19/1336 46/43/1336 2401/215/1336
f 61/40/1337 2411/28/1337 2421/249/1337
f 2420/28/1338 61/40/1338 2421/249/1338
f 2422/238/1339 2423/17/1339 2424/41/1339
f 2422/238/1340 2424/41/1340 2425/15/1340
f 2426/199/1341 2425/15/1341 2424/41/1341
f 2426/199/1342 2424/41/1342 2427/40/1342
f 2430/28/1343 2426/199/1343 2427/40/1343
f 2430/28/1344 2427/40/1344 2429/249/1344
f 2431/40/1345 2426/199/1345 2430/28/1345
f 2431/40/1346 2430/28/1346 2432/28/1346
f 2431/40/1347 2425/15/1347 2426/199/1347
f 2433/17/1348 2422/238/1348 2425/15/1348
f 2433/17/1349 2434/52/1349 2435/230/1349
f 2433/17/1350 2435/230/1350 2422/238/1350
f 2435/230/1351 2428/52/1351 2423/17/1351
f 2435/230/1352 2423/17/1352 2422/238/1352
f 2423/17/1353 60/45/1353 62/41/1353
f 2423/17/1354 62/41/1354 2424/41/1354
f 2427/40/1355 2424/41/1355 62/41/1355
f 2427/40/1356 62/41/1356 61/40/1356
f 2429/249/1357 2427/40/1357 61/40/1357
f 2429/249/1358 61/40/1358 2420/28/1358
f 2428/52/1359 2409/1138/1359 60/45/1359
f 2428/52/1360 60/45/1360 2423/17/1360
f 2436/25/1361 2405/25/1361 2406/26/1361
f 2436/25/1362 2406/26/1362 2437/26/1362
f 2438/27/1363 2437/26/1363 2406/26/1363
f 2438/27/1364 2406/26/1364 2407/47/1364
f 2428/52/1365 2438/27/1365 2407/47/1365
f 2428/52/1366 2407/47/1366 2409/1138/1366
f 2439/1140/1367 2410/19/1367 2405/25/1367
f 2439/1140/1368 2405/25/1368 2436/25/1368
f 2440/8/1369 63/8/1369 65/49/1369
f 2440/8/1370 65/49/1370 2441/6/1370
f 2442/7/1371 2441/6/1371 65/49/1371
f 2442/7/1372 65/49/1372 64/48/1372
f 2443/34/1373 2442/7/1373 64/48/1373
f 2443/34/1374 64/48/1374 2413/424/1374
f 2429/249/1375 2444/35/1375 2440/8/1375
f 2444/35/1376 2420/28/1376 63/8/1376
f 2444/35/1377 63/8/1377 2440/8/1377
f 2448/26/1378 2449/25/1378 2446/1141/1378
f 2448/26/1379 2446/1141/1379 2445/26/1379
f 2450/32/1380 2448/26/1380 2445/26/1380
f 2450/32/1381 2445/26/1381 2447/31/1381
f 2452/52/1382 2450/32/1382 2447/31/1382
f 2452/52/1383 2447/31/1383 2434/52/1383
f 2449/25/1384 2453/1125/1384 2451/1142/1384
f 2449/25/1385 2451/1142/1385 2446/1141/1385
f 2454/46/1386 2436/25/1386 2437/26/1386
f 2454/46/1387 2437/26/1387 2445/26/1387
f 2455/1143/1388 2445/26/1388 2437/26/1388
f 2455/1143/1389 2437/26/1389 2438/27/1389
f 2435/230/1390 2455/1143/1390 2438/27/1390
f 2435/230/1391 2438/27/1391 2428/52/1391
f 2434/52/1392 2447/31/1392 2455/1143/1392
f 2434/52/1393 2455/1143/1393 2435/230/1393
f 2447/31/1394 2445/26/1394 2455/1143/1394
f 2445/26/1395 2446/1141/1395 2454/46/1395
f 2446/1141/1396 2451/1142/1396 2456/1120/1396
f 2446/1141/1397 2456/1120/1397 2454/46/1397
f 2456/1120/1398 2439/1140/1398 2436/25/1398
f 2456/1120/1399 2436/25/1399 2454/46/1399
f 2457/8/1400 2440/8/1400 2441/6/1400
f 2457/8/1401 2441/6/1401 2458/235/1401
f 2459/7/1402 2458/235/1402 2441/6/1402
f 2459/7/1403 2441/6/1403 2442/7/1403
f 2460/424/1404 2459/7/1404 2442/7/1404
f 2460/424/1405 2442/7/1405 2443/34/1405
f 2461/7/1406 2459/7/1406 2460/424/1406
f 2461/7/1407 2460/424/1407 2462/34/1407
f 2458/235/1408 2459/7/1408 2461/7/1408
f 2463/8/1409 2457/8/1409 2458/235/1409
f 2432/28/1410 2457/8/1410 2463/8/1410
f 2432/28/1411 2429/249/1411 2457/8/1411
f 2429/249/1412 2440/8/1412 2457/8/1412
f 2464/23/1413 2414/23/1413 2415/222/1413
f 2464/23/1414 2415/222/1414 2465/42/1414
f 2466/428/1415 2465/42/1415 2415/222/1415
f 2466/428/1416 2415/222/1416 2416/428/1416
f 2467/19/1417 2466/428/1417 2416/428/1417
f 2467/19/1418 2416/428/1418 2417/19/1418
f 2467/19/1419 2468/428/1419 2466/428/1419
f 2468/428/1420 2465/42/1420 2466/428/1420
f 2469/23/1421 2464/23/1421 2465/42/1421
f 2470/1144/1422 2464/23/1422 2469/23/1422
f 2470/1144/1423 2418/1139/1423 2414/23/1423
f 2470/1144/1424 2414/23/1424 2464/23/1424
f 2472/1145/1425 67/50/1425 2453/1125/1425
f 2473/8/1426 2463/8/1426 2458/235/1426
f 2473/8/1427 2458/235/1427 2474/6/1427
f 2474/6/1428 2458/235/1428 2461/7/1428
f 2474/6/1429 2461/7/1429 2475/7/1429
f 2475/7/1430 2461/7/1430 2462/34/1430
f 2475/7/1431 2462/34/1431 2476/1123/1431
f 2477/35/1432 2432/28/1432 2463/8/1432
f 2477/35/1433 2463/8/1433 2473/8/1433
f 66/12/1434 78/23/1434 2469/23/1434
f 66/12/1435 2469/23/1435 2465/42/1435
f 66/12/1436 2465/42/1436 2468/428/1436
f 66/12/1437 2468/428/1437 67/50/1437
f 2453/1125/1438 67/50/1438 2468/428/1438
f 2453/1125/1439 2468/428/1439 2467/19/1439
f 2471/1146/1440 2470/1144/1440 2469/23/1440
f 2471/1146/1441 2469/23/1441 78/23/1441
f 2478/41/1442 2479/17/1442 2433/17/1442
f 2478/41/1443 2433/17/1443 2425/15/1443
f 2478/41/1444 2425/15/1444 2431/40/1444
f 2478/41/1445 2431/40/1445 2480/40/1445
f 2431/40/1446 2432/28/1446 2481/1147/1446
f 2480/40/1447 2431/40/1447 2481/1147/1447
f 2480/40/1448 2481/1147/1448 2477/35/1448
f 2479/17/1449 2452/52/1449 2434/52/1449
f 2479/17/1450 2434/52/1450 2433/17/1450
f 2482/33/1451 2472/1145/1451 2449/25/1451
f 2482/33/1452 2449/25/1452 70/25/1452
f 2480/40/1453 2477/35/1453 2483/249/1453
f 71/35/1454 2480/40/1454 2483/249/1454
f 72/16/1455 2484/15/1455 2478/41/1455
f 72/16/1456 2478/41/1456 2480/40/1456
f 79/17/1457 2479/17/1457 2478/41/1457
f 79/17/1458 2478/41/1458 2484/15/1458
f 2449/25/1459 2485/220/1459 2453/1125/1459
f 69/51/1460 2448/26/1460 2450/32/1460
f 69/51/1461 2450/32/1461 73/53/1461
f 2472/1145/1462 2485/220/1462 2449/25/1462
f 74/6/1463 75/8/1463 2473/8/1463
f 74/6/1464 2473/8/1464 2474/6/1464
f 71/35/1465 2477/35/1465 2473/8/1465
f 2486/1141/1466 70/25/1466 2487/3/1466
f 2488/32/1467 2487/3/1467 73/53/1467
f 70/25/1468 69/51/1468 2487/3/1468
f 2487/3/1469 69/51/1469 73/53/1469
f 73/53/1470 80/55/1470 2489/274/1470
f 2489/274/1471 2488/32/1471 73/53/1471
f 2488/32/1472 2490/51/1472 2487/3/1472
f 2490/51/1473 2486/1141/1473 2487/3/1473
f 2486/1141/1474 2491/1125/1474 2492/19/1474
f 2492/19/1475 2482/33/1475 70/25/1475
f 2492/19/1476 70/25/1476 2486/1141/1476
f 2493/34/1477 1771/48/1477 2475/7/1477
f 2493/34/1478 2475/7/1478 2476/1123/1478
f 75/8/1479 2494/28/1479 76/35/1479
f 77/54/1480 2495/1148/1480 2471/1146/1480
f 77/54/1481 2471/1146/1481 78/23/1481
f 1772/428/1482 67/50/1482 2472/1145/1482
f 1772/428/1483 2472/1145/1483 2482/33/1483
f 2496/28/1484 72/16/1484 76/35/1484
f 2494/28/1485 72/16/1485 2496/28/1485
f 2497/7/1486 74/6/1486 1771/48/1486
f 775/8/1487 75/8/1487 74/6/1487
f 775/8/1488 74/6/1488 2498/6/1488
f 2498/6/1489 74/6/1489 2497/7/1489
f 2499/424/1490 2497/7/1490 1771/48/1490
f 2499/424/1491 1771/48/1491 2493/34/1491
f 2500/7/1492 2497/7/1492 2499/424/1492
f 2500/7/1493 2499/424/1493 2501/424/1493
f 2498/6/1494 2497/7/1494 2500/7/1494
f 2502/35/1495 2494/28/1495 75/8/1495
f 2502/35/1496 75/8/1496 775/8/1496
f 2503/36/1497 2504/430/1497 77/54/1497
f 2503/36/1498 1772/428/1498 2505/428/1498
f 77/54/1499 2508/1149/1499 2495/1148/1499
f 77/54/1500 68/42/1500 2503/36/1500
f 1772/428/1501 2503/36/1501 68/42/1501
f 1772/428/1502 2482/33/1502 2506/19/1502
f 2506/19/1503 2505/428/1503 1772/428/1503
f 2507/429/1504 2505/428/1504 2506/19/1504
f 86/61/1505 2503/36/1505 2505/428/1505
f 86/61/1506 2504/430/1506 2503/36/1506
f 2508/1149/1507 77/54/1507 2504/430/1507
f 2509/15/1508 2510/17/1508 79/17/1508
f 2509/15/1509 72/16/1509 2511/16/1509
f 79/17/1510 2484/15/1510 2509/15/1510
f 72/16/1511 2509/15/1511 2484/15/1511
f 2512/35/1512 72/16/1512 2494/28/1512
f 2511/16/1513 72/16/1513 2512/35/1513
f 2511/16/1514 2512/35/1514 2502/35/1514
f 2513/65/1515 2509/15/1515 2511/16/1515
f 2513/65/1516 2510/17/1516 2509/15/1516
f 2510/17/1517 2489/274/1517 79/17/1517
f 2489/274/1518 80/55/1518 79/17/1518
f 94/423/1519 87/220/1519 2507/429/1519
f 94/423/1520 2507/429/1520 2514/229/1520
f 767/421/1521 94/423/1521 2514/229/1521
f 767/421/1522 2514/229/1522 2490/51/1522
f 431/69/1523 767/421/1523 2490/51/1523
f 431/69/1524 2490/51/1524 93/67/1524
f 1773/775/1525 775/8/1525 2498/6/1525
f 1773/775/1526 2498/6/1526 426/6/1526
f 426/6/1527 2498/6/1527 2500/7/1527
f 426/6/1528 2500/7/1528 95/7/1528
f 95/7/1529 2500/7/1529 2501/424/1529
f 95/7/1530 2501/424/1530 768/424/1530
f 98/126/1531 110/80/1531 1774/79/1531
f 2516/73/1532 102/73/1532 101/72/1532
f 2243/451/1533 2517/111/1533 2239/1085/1533
f 2518/1150/1534 1777/1083/1534 2239/1082/1534
f 1777/1083/1535 2518/1150/1535 2517/111/1535
f 103/83/1536 2215/1059/1536 2519/872/1536
f 2519/872/1537 2215/1059/1537 2256/1097/1537
f 2519/872/1538 2256/1097/1538 2520/1151/1538
f 113/81/1539 100/71/1539 1778/124/1539
f 2522/97/1540 2523/136/1540 2524/77/1540
f 2525/140/1541 2524/77/1541 2523/136/1541
f 2526/87/1542 116/86/1542 2522/97/1542
f 2522/97/1543 116/86/1543 2523/136/1543
f 2525/140/1544 2523/136/1544 804/172/1544
f 2516/73/1545 2525/140/1545 804/172/1545
f 2527/784/1546 2525/140/1546 2516/73/1546
f 2528/437/1547 2526/87/1547 2522/97/1547
f 2531/1152/1548 804/172/1548 102/73/1548
f 2516/73/1549 804/172/1549 2531/1152/1549
f 121/62/1550 1779/777/1550 2534/1153/1550
f 121/62/1551 2534/1153/1551 2535/1154/1551
f 120/92/1552 2536/1155/1552 2527/784/1552
f 120/92/1553 2527/784/1553 118/90/1553
f 2537/88/1554 2532/82/1554 2538/82/1554
f 2539/101/1555 2538/82/1555 2532/82/1555
f 2533/89/1556 117/88/1556 2537/88/1556
f 2537/88/1557 117/88/1557 2532/82/1557
f 2539/101/1558 2532/82/1558 803/101/1558
f 2530/85/1559 2539/101/1559 803/101/1559
f 2540/124/1560 2539/101/1560 2530/85/1560
f 2541/89/1561 2533/89/1561 2537/88/1561
f 118/90/1562 2515/63/1562 119/91/1562
f 1779/777/1563 119/91/1563 2515/63/1563
f 2516/73/1564 101/72/1564 118/90/1564
f 118/90/1565 101/72/1565 2515/63/1565
f 1779/777/1566 2515/63/1566 807/446/1566
f 1775/776/1567 1779/777/1567 807/446/1567
f 2534/1153/1568 1779/777/1568 1775/776/1568
f 118/90/1569 2527/784/1569 2542/73/1569
f 2542/73/1570 2516/73/1570 118/90/1570
f 2543/94/1571 2529/95/1571 2544/95/1571
f 2545/778/1572 2544/95/1572 2529/95/1572
f 2530/85/1573 115/84/1573 2543/94/1573
f 2543/94/1574 115/84/1574 2529/95/1574
f 2545/778/1575 2529/95/1575 805/160/1575
f 2526/87/1576 2545/778/1576 805/160/1576
f 2528/437/1577 2545/778/1577 2526/87/1577
f 2546/71/1578 2530/85/1578 2543/94/1578
f 2547/94/1579 123/70/1579 125/95/1579
f 2547/94/1580 125/95/1580 2548/95/1580
f 2549/96/1581 2548/95/1581 125/95/1581
f 2549/96/1582 125/95/1582 124/96/1582
f 2550/437/1583 2549/96/1583 124/96/1583
f 2550/437/1584 124/96/1584 2551/159/1584
f 2559/124/1585 2552/71/1585 123/70/1585
f 2559/124/1586 123/70/1586 2547/94/1586
f 124/96/1587 2545/778/1587 2528/437/1587
f 124/96/1588 2528/437/1588 2551/159/1588
f 123/70/1589 2552/71/1589 2546/71/1589
f 123/70/1590 2546/71/1590 2543/94/1590
f 2525/140/1591 2527/784/1591 2553/1156/1591
f 127/99/1592 2525/140/1592 2553/1156/1592
f 127/99/1593 2553/1156/1593 2536/1155/1593
f 126/98/1594 2551/159/1594 2528/437/1594
f 126/98/1595 2528/437/1595 2522/97/1595
f 130/101/1596 2539/101/1596 2540/124/1596
f 130/101/1597 2540/124/1597 2552/71/1597
f 129/100/1598 2554/119/1598 2541/89/1598
f 129/100/1599 2541/89/1599 2537/88/1599
f 136/105/1600 135/99/1600 2555/74/1600
f 134/97/1601 2556/129/1601 2550/437/1601
f 134/97/1602 2550/437/1602 132/103/1602
f 128/77/1603 132/103/1603 126/98/1603
f 2555/74/1604 127/99/1604 2536/1155/1604
f 2555/74/1605 135/99/1605 127/99/1605
f 135/99/1606 133/104/1606 128/77/1606
f 135/99/1607 128/77/1607 127/99/1607
f 133/104/1608 132/103/1608 128/77/1608
f 132/103/1609 2550/437/1609 2551/159/1609
f 132/103/1610 2551/159/1610 126/98/1610
f 131/102/1611 130/101/1611 2557/101/1611
f 2557/101/1612 130/101/1612 2552/71/1612
f 2557/101/1613 2552/71/1613 2558/124/1613
f 2557/101/1614 2558/124/1614 2559/124/1614
f 142/102/1615 131/102/1615 2557/101/1615
f 143/110/1616 129/100/1616 131/102/1616
f 143/110/1617 131/102/1617 142/102/1617
f 146/89/1618 2554/119/1618 129/100/1618
f 146/89/1619 129/100/1619 143/110/1619
f 2560/90/1620 120/92/1620 122/93/1620
f 2560/90/1621 122/93/1621 2561/134/1621
f 2562/109/1622 2561/134/1622 122/93/1622
f 2562/109/1623 122/93/1623 121/62/1623
f 2562/109/1624 121/62/1624 2535/1154/1624
f 2562/109/1625 2535/1154/1625 2563/780/1625
f 2560/90/1626 2555/74/1626 2564/1157/1626
f 2560/90/1627 2564/1157/1627 2536/1155/1627
f 2560/90/1628 2536/1155/1628 120/92/1628
f 161/63/1629 141/92/1629 2560/90/1629
f 161/63/1630 2560/90/1630 2561/134/1630
f 161/63/1631 2561/134/1631 2562/109/1631
f 161/63/1632 2562/109/1632 139/108/1632
f 144/101/1633 2557/101/1633 2559/124/1633
f 144/101/1634 2559/124/1634 2565/123/1634
f 2560/90/1635 2566/142/1635 2555/74/1635
f 2560/90/1636 136/105/1636 2566/142/1636
f 2556/129/1637 2569/781/1637 2549/96/1637
f 2556/129/1638 2549/96/1638 2550/437/1638
f 2565/123/1639 2559/124/1639 2547/94/1639
f 2565/123/1640 2547/94/1640 166/112/1640
f 151/98/1641 2567/159/1641 2556/129/1641
f 151/98/1642 2556/129/1642 134/97/1642
f 148/99/1643 137/106/1643 3591/142/1643
f 148/99/1644 3591/142/1644 2568/121/1644
f 166/112/1645 147/95/1645 165/95/1645
f 2569/781/1646 165/95/1646 147/95/1646
f 2570/124/1647 2565/123/1647 166/112/1647
f 144/101/1648 2565/123/1648 2570/124/1648
f 2571/119/1649 145/89/1649 157/88/1649
f 158/88/1650 2573/89/1650 2571/119/1650
f 158/88/1651 2571/119/1651 157/88/1651
f 154/101/1652 144/101/1652 2574/1158/1652
f 154/101/1653 2574/1158/1653 2575/124/1653
f 162/118/1654 2568/121/1654 3591/142/1654
f 162/118/1655 3591/142/1655 141/92/1655
f 159/117/1656 139/108/1656 1780/779/1656
f 159/117/1657 1780/779/1657 2576/443/1657
f 167/70/1658 2574/1158/1658 166/112/1658
f 163/96/1659 2569/781/1659 2556/129/1659
f 163/96/1660 2556/129/1660 2567/159/1660
f 167/70/1661 2577/71/1661 2574/1158/1661
f 2652/63/1662 2651/90/1662 2578/120/1662
f 2652/63/1663 2578/120/1663 2579/1159/1663
f 2652/63/1664 2579/1159/1664 2580/444/1664
f 2652/63/1665 2580/444/1665 2653/1160/1665
f 2653/1160/1666 2580/444/1666 1781/782/1666
f 2653/1160/1667 1781/782/1667 2581/1161/1667
f 2651/90/1668 2582/142/1668 170/73/1668
f 2651/90/1669 170/73/1669 2578/120/1669
f 2588/1162/1670 2587/1163/1670 2589/1164/1670
f 2641/94/1671 171/122/1671 2584/95/1671
f 2641/94/1672 2584/95/1672 2591/95/1672
f 2642/128/1673 2591/95/1673 2584/95/1673
f 2642/128/1674 2584/95/1674 799/126/1674
f 2643/129/1675 2642/128/1675 799/126/1675
f 2643/129/1676 799/126/1676 153/114/1676
f 2592/123/1677 172/123/1677 171/122/1677
f 2592/123/1678 171/122/1678 2641/94/1678
f 2646/76/1679 2645/97/1679 152/97/1679
f 2646/76/1680 152/97/1680 2572/77/1680
f 2647/106/1681 2646/76/1681 2572/77/1681
f 2647/106/1682 2572/77/1682 802/167/1682
f 2582/142/1683 2647/106/1683 802/167/1683
f 2582/142/1684 802/167/1684 170/73/1684
f 2645/97/1685 2643/129/1685 153/114/1685
f 2645/97/1686 153/114/1686 152/97/1686
f 2648/100/1687 168/100/1687 2583/1165/1687
f 2648/100/1688 2583/1165/1688 2649/82/1688
f 2649/82/1689 2583/1165/1689 800/166/1689
f 2649/82/1690 800/166/1690 2650/101/1690
f 2650/101/1691 800/166/1691 172/123/1691
f 2650/101/1692 172/123/1692 2592/123/1692
f 2593/119/1693 169/119/1693 168/100/1693
f 2593/119/1694 168/100/1694 2648/100/1694
f 2598/1166/1695 2596/81/1695 2597/130/1695
f 2588/1162/1696 2589/1164/1696 174/125/1696
f 2601/131/1697 2615/94/1697 2614/95/1697
f 2601/131/1698 2614/95/1698 2602/146/1698
f 2603/96/1699 2602/146/1699 2614/95/1699
f 2603/96/1700 2614/95/1700 2616/778/1700
f 2590/129/1701 2603/96/1701 2616/778/1701
f 2597/130/1702 2615/94/1702 2601/131/1702
f 2590/129/1703 2616/778/1703 2619/1167/1703
f 2597/130/1704 2604/124/1704 2615/94/1704
f 2600/1168/1705 175/783/1705 2609/117/1705
f 2600/1168/1706 2609/117/1706 2613/1169/1706
f 2589/1164/1707 2608/90/1707 174/125/1707
f 2597/130/1708 2596/81/1708 2627/101/1708
f 2597/130/1709 2627/101/1709 2604/124/1709
f 2595/82/1710 2605/82/1710 2627/101/1710
f 2595/82/1711 2627/101/1711 2596/81/1711
f 2594/88/1712 2626/1170/1712 2605/82/1712
f 2594/88/1713 2605/82/1713 2595/82/1713
f 2599/1171/1714 2628/89/1714 2626/1170/1714
f 2599/1171/1715 2626/1170/1715 2594/88/1715
f 2589/1164/1716 2587/1163/1716 2622/106/1716
f 2587/1163/1717 2586/104/1717 2606/1172/1717
f 2587/1163/1718 2606/1172/1718 2622/106/1718
f 2586/104/1719 2585/97/1719 2620/158/1719
f 2586/104/1720 2620/158/1720 2606/1172/1720
f 2590/129/1721 2619/1167/1721 2620/158/1721
f 2590/129/1722 2620/158/1722 2585/97/1722
f 2608/90/1723 2610/73/1723 2611/133/1723
f 2607/63/1724 2608/90/1724 2611/133/1724
f 2607/63/1725 2611/133/1725 2612/139/1725
f 2607/63/1726 2612/139/1726 2634/1173/1726
f 2607/63/1727 2634/1173/1727 2609/117/1727
f 2609/117/1728 2634/1173/1728 2613/1169/1728
f 2608/90/1729 2589/1164/1729 2610/73/1729
f 2615/94/1730 2632/123/1730 2617/84/1730
f 2614/95/1731 2615/94/1731 2617/84/1731
f 2614/95/1732 2617/84/1732 2618/450/1732
f 2614/95/1733 2618/450/1733 2631/778/1733
f 2614/95/1734 2631/778/1734 2616/778/1734
f 2616/778/1735 2631/778/1735 2633/159/1735
f 2616/778/1736 2633/159/1736 2619/1167/1736
f 2604/124/1737 2632/123/1737 2615/94/1737
f 2606/1172/1738 2620/158/1738 2621/136/1738
f 2622/106/1739 2606/1172/1739 2621/136/1739
f 2620/158/1740 2619/1167/1740 2633/159/1740
f 2620/158/1741 2633/159/1741 2623/86/1741
f 2621/136/1742 2620/158/1742 2623/86/1742
f 2621/136/1743 2624/1174/1743 2622/106/1743
f 2622/106/1744 2624/1174/1744 2610/73/1744
f 2625/1175/1745 2622/106/1745 2610/73/1745
f 2589/1164/1746 2622/106/1746 2625/1175/1746
f 2626/1170/1747 2638/82/1747 2605/82/1747
f 2605/82/1748 2638/82/1748 2627/101/1748
f 2626/1170/1749 2628/89/1749 2629/88/1749
f 2638/82/1750 2626/1170/1750 2629/88/1750
f 2638/82/1751 2639/101/1751 2627/101/1751
f 2627/101/1752 2639/101/1752 2632/123/1752
f 2627/101/1753 2632/123/1753 2630/124/1753
f 2627/101/1754 2630/124/1754 2604/124/1754
f 2634/1173/1755 2636/1176/1755 2613/1169/1755
f 2611/133/1756 2610/73/1756 2637/142/1756
f 2611/133/1757 2637/142/1757 2635/1177/1757
f 2629/88/1758 2628/89/1758 2640/156/1758
f 2624/1174/1759 2635/1177/1759 2610/73/1759
f 2618/450/1760 2617/84/1760 2641/94/1760
f 2618/450/1761 2641/94/1761 2591/95/1761
f 2618/450/1762 2591/95/1762 2642/128/1762
f 2618/450/1763 2642/128/1763 2631/778/1763
f 2633/159/1764 2631/778/1764 2642/128/1764
f 2633/159/1765 2642/128/1765 2643/129/1765
f 2632/123/1766 2644/123/1766 2641/94/1766
f 2632/123/1767 2641/94/1767 2617/84/1767
f 2621/136/1768 2623/86/1768 2645/97/1768
f 2621/136/1769 2645/97/1769 2646/76/1769
f 2624/1174/1770 2621/136/1770 2646/76/1770
f 2624/1174/1771 2646/76/1771 2647/106/1771
f 2635/1177/1772 2624/1174/1772 2647/106/1772
f 2623/86/1773 2633/159/1773 2643/129/1773
f 2623/86/1774 2643/129/1774 2645/97/1774
f 2629/88/1775 2648/100/1775 2649/82/1775
f 2629/88/1776 2649/82/1776 2638/82/1776
f 2638/82/1777 2649/82/1777 2650/101/1777
f 2638/82/1778 2650/101/1778 2639/101/1778
f 2639/101/1779 2650/101/1779 2644/123/1779
f 2639/101/1780 2644/123/1780 2632/123/1780
f 2640/156/1781 2593/119/1781 2648/100/1781
f 2640/156/1782 2648/100/1782 2629/88/1782
f 2612/139/1783 2611/133/1783 2651/90/1783
f 2612/139/1784 2651/90/1784 2652/63/1784
f 2612/139/1785 2652/63/1785 2653/1160/1785
f 2612/139/1786 2653/1160/1786 2634/1173/1786
f 2634/1173/1787 2653/1160/1787 2581/1161/1787
f 2634/1173/1788 2581/1161/1788 2636/1176/1788
f 2611/133/1789 2635/1177/1789 2651/90/1789
f 2644/123/1790 2592/123/1790 2641/94/1790
f 2651/90/1791 2635/1177/1791 2654/111/1791
f 2651/90/1792 2654/111/1792 2582/142/1792
f 2650/101/1793 2592/123/1793 2655/71/1793
f 2650/101/1794 2655/71/1794 2644/123/1794
f 2635/1177/1795 2647/106/1795 2582/142/1795
f 2656/133/1796 2678/72/1796 184/63/1796
f 2656/133/1797 184/63/1797 2657/134/1797
f 2658/108/1798 2657/134/1798 184/63/1798
f 2658/108/1799 184/63/1799 2679/132/1799
f 2659/1178/1800 2658/108/1800 2679/132/1800
f 2659/1178/1801 2679/132/1801 2680/1179/1801
f 2660/142/1802 2661/121/1802 2678/72/1802
f 2660/142/1803 2678/72/1803 2656/133/1803
f 2662/82/1804 2663/110/1804 2676/1170/1804
f 2662/82/1805 2676/1170/1805 2675/102/1805
f 2664/101/1806 2662/82/1806 2675/102/1806
f 2664/101/1807 2675/102/1807 2677/81/1807
f 177/124/1808 2664/101/1808 2677/81/1808
f 177/124/1809 2677/81/1809 178/124/1809
f 2663/110/1810 2665/119/1810 2666/119/1810
f 2663/110/1811 2666/119/1811 2676/1170/1811
f 2667/78/1812 2670/141/1812 2671/136/1812
f 2667/78/1813 2671/136/1813 2668/136/1813
f 2668/136/1814 2671/136/1814 2672/140/1814
f 2668/136/1815 2672/140/1815 2669/106/1815
f 2669/106/1816 2672/140/1816 2661/121/1816
f 2669/106/1817 2661/121/1817 2660/142/1817
f 2728/127/1818 183/129/1818 2670/141/1818
f 2728/127/1819 2670/141/1819 2667/78/1819
f 2672/140/1820 2673/1156/1820 2674/142/1820
f 2672/140/1821 2674/142/1821 2661/121/1821
f 178/124/1822 2677/81/1822 179/130/1822
f 2661/121/1823 2673/1156/1823 2678/72/1823
f 180/94/1824 178/124/1824 2681/124/1824
f 180/94/1825 2681/124/1825 179/130/1825
f 2675/102/1826 2676/1170/1826 2594/88/1826
f 2675/102/1827 2594/88/1827 2595/82/1827
f 2677/81/1828 2675/102/1828 2595/82/1828
f 2677/81/1829 2595/82/1829 2596/81/1829
f 179/130/1830 2677/81/1830 2596/81/1830
f 179/130/1831 2596/81/1831 2598/1166/1831
f 2676/1170/1832 2666/119/1832 2599/1171/1832
f 2676/1170/1833 2599/1171/1833 2594/88/1833
f 2670/141/1834 2585/97/1834 2586/104/1834
f 2670/141/1835 2586/104/1835 2671/136/1835
f 2671/136/1836 2586/104/1836 2587/1163/1836
f 2671/136/1837 2587/1163/1837 2672/140/1837
f 2672/140/1838 2587/1163/1838 2588/1162/1838
f 2672/140/1839 2588/1162/1839 2673/1156/1839
f 183/129/1840 2590/129/1840 2585/97/1840
f 183/129/1841 2585/97/1841 2670/141/1841
f 182/95/1842 2602/146/1842 2603/96/1842
f 182/95/1843 2603/96/1843 181/126/1843
f 182/95/1844 180/94/1844 2601/131/1844
f 182/95/1845 2601/131/1845 2602/146/1845
f 2682/1180/1846 2588/1162/1846 174/125/1846
f 2680/1179/1847 2679/132/1847 175/783/1847
f 2680/1179/1848 175/783/1848 2600/1168/1848
f 2673/1156/1849 2682/1180/1849 174/125/1849
f 2673/1156/1850 174/125/1850 2678/72/1850
f 2683/1181/1851 2684/1182/1851 2685/1183/1851
f 2686/1184/1852 2683/1181/1852 2687/1185/1852
f 2272/1113/1853 2684/1182/1853 2683/1181/1853
f 2272/1113/1854 2683/1181/1854 2686/1184/1854
f 2685/1183/1855 2688/1186/1855 2689/1187/1855
f 2685/1183/1855 2689/1187/1855 2690/1188/1855
f 2683/1181/1856 2685/1183/1856 2690/1188/1856
f 2683/1181/1857 2690/1188/1857 2691/1189/1857
f 2687/1185/1858 2683/1181/1858 2691/1189/1858
f 2687/1185/1859 2691/1189/1859 2692/1190/1859
f 2693/1191/1860 2687/1185/1860 2692/1190/1860
f 2693/1191/1860 2692/1190/1860 2233/1074/1860
f 2694/1192/1861 2686/1184/1861 2687/1185/1861
f 2694/1192/1862 2687/1185/1862 2693/1191/1862
f 2686/1184/1863 2694/1192/1863 2273/1115/1863
f 8/1114/1864 2686/1184/1864 2273/1115/1864
f 2272/1113/1865 2686/1184/1865 8/1114/1865
f 2272/1113/1866 1759/1112/1866 2684/1182/1866
f 1759/1112/1867 3/1102/1867 2695/1193/1867
f 1759/1112/1868 2695/1193/1868 2684/1182/1868
f 2684/1182/1869 2695/1193/1869 2688/1186/1869
f 2684/1182/1870 2688/1186/1870 2685/1183/1870
f 2696/1194/1871 2697/1195/1871 2698/1196/1871
f 2696/1194/1872 2699/1197/1872 2700/1198/1872
f 2270/1109/1873 2697/1195/1873 2696/1194/1873
f 2270/1109/1874 2696/1194/1874 2700/1198/1874
f 2698/1196/1875 2701/1199/1875 2224/1068/1875
f 2698/1196/1875 2224/1068/1875 2702/1200/1875
f 2696/1194/1876 2698/1196/1876 2702/1200/1876
f 2696/1194/1877 2702/1200/1877 2703/1201/1877
f 2696/1194/1878 2703/1201/1878 2704/1202/1878
f 2696/1194/1879 2704/1202/1879 2699/1197/1879
f 2699/1197/1880 2704/1202/1880 2212/249/1880
f 2699/1197/1880 2212/249/1880 2705/28/1880
f 2700/1198/1881 2699/1197/1881 2705/28/1881
f 2700/1198/1882 2705/28/1882 2706/28/1882
f 6/1110/1883 2700/1198/1883 2706/28/1883
f 6/1110/1884 2706/28/1884 5/249/1884
f 2270/1109/1885 2700/1198/1885 6/1110/1885
f 2270/1109/1886 1758/1108/1886 2697/1195/1886
f 1758/1108/1887 7/68/1887 2707/1203/1887
f 1758/1108/1888 2707/1203/1888 2697/1195/1888
f 2697/1195/1889 2707/1203/1889 2701/1199/1889
f 2697/1195/1890 2701/1199/1890 2698/1196/1890
f 2708/1204/1891 2709/1205/1891 2710/1206/1891
f 2708/1204/1892 2711/1207/1892 2712/1208/1892
f 2267/1106/1893 2709/1205/1893 2708/1204/1893
f 2267/1106/1894 2708/1204/1894 2712/1208/1894
f 2713/58/1895 2249/204/1895 2248/1092/1895
f 2713/58/1895 2248/1092/1895 2710/1206/1895
f 2710/1206/1896 2248/1092/1896 2714/1209/1896
f 2710/1206/1897 2714/1209/1897 2708/1204/1897
f 2711/1207/1898 2708/1204/1898 2714/1209/1898
f 2711/1207/1899 2714/1209/1899 2715/1210/1899
f 2716/1211/1900 2711/1207/1900 2715/1210/1900
f 2716/1211/1900 2715/1210/1900 2238/1081/1900
f 2717/1212/1901 2712/1208/1901 2711/1207/1901
f 2717/1212/1902 2711/1207/1902 2716/1211/1902
f 2712/1208/1903 2717/1212/1903 2268/1107/1903
f 4/1101/1904 2712/1208/1904 2268/1107/1904
f 2267/1106/1905 2712/1208/1905 4/1101/1905
f 2267/1106/1906 1757/1100/1906 2709/1205/1906
f 1757/1100/1907 1756/1099/1907 2718/58/1907
f 1757/1100/1908 2718/58/1908 2709/1205/1908
f 2718/58/1909 2713/58/1909 2710/1206/1909
f 2718/58/1910 2710/1206/1910 2709/1205/1910
f 2719/362/1911 2720/362/1911 2210/6/1911
f 2719/362/1912 2210/6/1912 2721/6/1912
f 2721/6/1913 2210/6/1913 2209/7/1913
f 2721/6/1914 2209/7/1914 2722/7/1914
f 2705/28/1915 2723/28/1915 2211/9/1915
f 2705/28/1915 2211/9/1915 2720/362/1915
f 2720/362/1916 2211/9/1916 2210/6/1916
f 2209/7/1917 2208/1054/1917 2724/424/1917
f 2722/7/1918 2209/7/1918 2724/424/1918
f 2722/7/1919 2724/424/1919 2725/424/1919
f 2/1098/1920 2722/7/1920 2725/424/1920
f 2/1098/1921 2725/424/1921 1/424/1921
f 2721/6/1922 2722/7/1922 2/1098/1922
f 2721/6/1923 1755/9/1923 2719/362/1923
f 1755/9/1924 2726/28/1924 2706/28/1924
f 1755/9/1925 2706/28/1925 2719/362/1925
f 2706/28/1926 2705/28/1926 2720/362/1926
f 2706/28/1927 2720/362/1927 2719/362/1927
f 2669/106/1928 2660/142/1928 2727/1175/1928
f 2729/112/1929 2731/71/1929 177/124/1929
f 2732/111/1930 2660/142/1930 2656/133/1930
f 2727/1175/1931 2732/111/1931 2656/133/1931
f 2733/71/1932 2664/101/1932 177/124/1932
f 2731/71/1933 2664/101/1933 2733/71/1933
f 186/96/1934 2730/128/1934 2728/127/1934
f 186/96/1935 2728/127/1935 2734/129/1935
f 185/84/1936 2735/124/1936 2731/71/1936
f 185/84/1937 2731/71/1937 2729/112/1937
f 189/108/1938 2658/108/1938 2659/1178/1938
f 189/108/1939 2659/1178/1939 2736/1213/1939
f 188/135/1940 2737/871/1940 2727/1175/1940
f 188/135/1941 2727/1175/1941 2656/133/1941
f 192/101/1942 2664/101/1942 2731/71/1942
f 192/101/1943 2731/71/1943 2735/124/1943
f 191/88/1944 2738/156/1944 2665/119/1944
f 191/88/1945 2665/119/1945 2663/110/1945
f 195/99/1946 2669/106/1946 2727/1175/1946
f 195/99/1947 2727/1175/1947 2737/871/1947
f 194/98/1948 2734/129/1948 2728/127/1948
f 194/98/1949 2728/127/1949 2667/78/1949
f 2739/82/1950 2740/110/1950 191/88/1950
f 2739/82/1951 191/88/1951 193/82/1951
f 2739/82/1952 193/82/1952 192/101/1952
f 2739/82/1953 192/101/1953 2741/101/1953
f 2741/101/1954 192/101/1954 2735/124/1954
f 2741/101/1955 2735/124/1955 2742/124/1955
f 2740/110/1956 2738/156/1956 191/88/1956
f 2743/76/1957 2744/789/1957 194/98/1957
f 2743/76/1958 194/98/1958 196/113/1958
f 2743/76/1959 196/113/1959 195/99/1959
f 2743/76/1960 195/99/1960 2745/172/1960
f 2745/172/1961 195/99/1961 2737/871/1961
f 2745/172/1962 2737/871/1962 2746/1175/1962
f 2745/172/1963 2746/1175/1963 2747/1157/1963
f 2744/789/1964 2748/87/1964 2734/129/1964
f 2744/789/1965 2734/129/1965 194/98/1965
f 2749/95/1966 2750/94/1966 185/84/1966
f 2749/95/1967 185/84/1967 187/95/1967
f 2749/95/1968 187/95/1968 186/96/1968
f 2749/95/1969 186/96/1969 2751/128/1969
f 2751/128/1970 186/96/1970 2734/129/1970
f 2751/128/1971 2734/129/1971 2748/87/1971
f 2750/94/1972 2742/124/1972 2752/124/1972
f 2750/94/1973 2752/124/1973 2735/124/1973
f 2750/94/1974 2735/124/1974 185/84/1974
f 2753/134/1975 2754/90/1975 188/135/1975
f 2753/134/1976 188/135/1976 190/63/1976
f 2753/134/1977 190/63/1977 189/108/1977
f 2753/134/1978 189/108/1978 2755/1173/1978
f 2755/1173/1979 189/108/1979 2736/1213/1979
f 2754/90/1980 2747/1157/1980 2737/871/1980
f 2754/90/1981 2737/871/1981 188/135/1981
f 2778/76/1982 2779/1214/1982 2744/789/1982
f 2778/76/1983 2744/789/1983 2743/76/1983
f 2778/76/1984 2743/76/1984 2745/172/1984
f 2778/76/1985 2745/172/1985 2756/172/1985
f 2756/172/1986 2745/172/1986 2747/1157/1986
f 2756/172/1987 2747/1157/1987 2757/142/1987
f 2779/1214/1988 2758/79/1988 2748/87/1988
f 2779/1214/1989 2748/87/1989 2744/789/1989
f 2765/450/1990 2766/122/1990 2750/94/1990
f 2765/450/1991 2750/94/1991 2749/95/1991
f 2765/450/1992 2749/95/1992 2751/128/1992
f 2765/450/1993 2751/128/1993 2759/126/1993
f 2759/126/1994 2751/128/1994 2748/87/1994
f 2759/126/1995 2748/87/1995 2758/79/1995
f 2766/122/1996 2760/71/1996 2742/124/1996
f 2766/122/1997 2742/124/1997 2750/94/1997
f 2772/63/1998 2773/787/1998 2754/90/1998
f 2772/63/1999 2754/90/1999 2753/134/1999
f 2772/63/2000 2753/134/2000 2755/1173/2000
f 2772/63/2001 2755/1173/2001 2761/109/2001
f 2761/109/2002 2755/1173/2002 2736/1213/2002
f 2761/109/2003 2736/1213/2003 2762/1215/2003
f 2773/787/2004 2757/142/2004 2747/1157/2004
f 2773/787/2005 2747/1157/2005 2754/90/2005
f 2776/82/2006 2777/100/2006 2740/110/2006
f 2776/82/2007 2740/110/2007 2739/82/2007
f 2776/82/2008 2739/82/2008 2741/101/2008
f 2776/82/2009 2741/101/2009 2763/101/2009
f 2763/101/2010 2741/101/2010 2742/124/2010
f 2763/101/2011 2742/124/2011 2760/71/2011
f 2777/100/2012 2764/119/2012 2738/156/2012
f 2777/100/2013 2738/156/2013 2740/110/2013
f 2785/159/2014 2767/126/2014 2759/126/2014
f 2785/159/2015 2759/126/2015 2758/79/2015
f 2767/126/2016 2768/137/2016 2765/450/2016
f 2767/126/2017 2765/450/2017 2759/126/2017
f 2769/94/2018 2766/122/2018 2765/450/2018
f 2769/94/2019 2765/450/2019 2768/137/2019
f 2770/71/2020 2771/71/2020 2766/122/2020
f 2770/71/2021 2766/122/2021 2769/94/2021
f 2766/122/2022 2771/71/2022 2760/71/2022
f 199/138/2023 2761/109/2023 2762/1215/2023
f 199/138/2024 2762/1215/2024 2774/1216/2024
f 2772/63/2025 2761/109/2025 199/138/2025
f 2772/63/2026 201/90/2026 2773/787/2026
f 201/90/2027 2775/1155/2027 2757/142/2027
f 201/90/2028 2757/142/2028 2773/787/2028
f 203/81/2029 2763/101/2029 2760/71/2029
f 203/81/2030 2760/71/2030 2770/71/2030
f 2776/82/2031 2763/101/2031 203/81/2031
f 205/88/2032 2777/100/2032 2776/82/2032
f 2782/89/2033 2764/119/2033 2777/100/2033
f 2782/89/2034 2777/100/2034 205/88/2034
f 2756/172/2035 2757/142/2035 2780/1152/2035
f 2775/1155/2036 207/140/2036 2756/172/2036
f 2775/1155/2037 2756/172/2037 2780/1152/2037
f 207/140/2038 2778/76/2038 2756/172/2038
f 2778/76/2039 209/141/2039 2779/1214/2039
f 209/141/2040 2785/159/2040 2758/79/2040
f 209/141/2041 2758/79/2041 2779/1214/2041
f 205/88/2042 2776/82/2042 202/82/2042
f 202/82/2043 2776/82/2043 203/81/2043
f 203/81/2044 2770/71/2044 2781/124/2044
f 206/76/2045 209/141/2045 2778/76/2045
f 207/140/2046 206/76/2046 2778/76/2046
f 2783/784/2047 207/140/2047 2775/1155/2047
f 2784/74/2048 207/140/2048 2783/784/2048
f 2781/124/2049 2786/124/2049 2769/94/2049
f 2786/124/2050 2770/71/2050 2769/94/2050
f 198/134/2051 201/90/2051 2772/63/2051
f 198/134/2052 2772/63/2052 199/138/2052
f 201/90/2053 2784/74/2053 2775/1155/2053
f 2787/159/2054 2793/128/2054 2767/126/2054
f 2787/159/2055 2767/126/2055 2785/159/2055
f 2788/123/2056 2781/124/2056 2769/94/2056
f 2788/123/2057 2769/94/2057 2792/122/2057
f 2789/1217/2058 2796/153/2058 199/138/2058
f 2789/1217/2059 199/138/2059 2774/1216/2059
f 2790/105/2060 2784/74/2060 201/90/2060
f 2790/105/2061 201/90/2061 2795/133/2061
f 2788/123/2062 2798/81/2062 203/81/2062
f 2788/123/2063 203/81/2063 2781/124/2063
f 2791/119/2064 2782/89/2064 205/88/2064
f 2791/119/2065 205/88/2065 211/110/2065
f 2790/105/2066 212/106/2066 207/140/2066
f 2790/105/2067 207/140/2067 2784/74/2067
f 2787/159/2068 2785/159/2068 209/141/2068
f 2787/159/2069 209/141/2069 2800/141/2069
f 2794/124/2070 2788/123/2070 2792/122/2070
f 2795/133/2071 2801/784/2071 2797/111/2071
f 2797/111/2072 2790/105/2072 2795/133/2072
f 2799/71/2073 2798/81/2073 2788/123/2073
f 2798/81/2074 2799/71/2074 2794/124/2074
f 2801/784/2075 212/106/2075 2790/105/2075
f 210/82/2076 204/82/2076 2798/81/2076
f 210/82/2077 2798/81/2077 2802/101/2077
f 2802/101/2078 2798/81/2078 2794/124/2078
f 2802/101/2079 2794/124/2079 2803/124/2079
f 213/136/2080 2804/141/2080 2800/141/2080
f 213/136/2081 2800/141/2081 208/76/2081
f 2804/141/2082 2805/127/2082 2787/159/2082
f 2804/141/2083 2787/159/2083 2800/141/2083
f 216/126/2084 2793/128/2084 2787/159/2084
f 216/126/2085 2787/159/2085 2805/127/2085
f 215/122/2086 2803/124/2086 2794/124/2086
f 215/122/2087 2794/124/2087 2792/122/2087
f 218/117/2088 2796/153/2088 2789/1217/2088
f 218/117/2089 2789/1217/2089 2806/147/2089
f 217/90/2090 214/142/2090 2801/784/2090
f 217/90/2091 2801/784/2091 2795/133/2091
f 2808/71/2092 2803/124/2092 215/122/2092
f 217/90/2093 2810/121/2093 214/142/2093
f 223/144/2094 2810/121/2094 217/90/2094
f 2802/101/2095 2803/124/2095 2812/71/2095
f 2808/71/2096 2802/101/2096 2812/71/2096
f 223/144/2097 2813/143/2097 214/142/2097
f 220/88/2098 2811/100/2098 210/82/2098
f 220/88/2099 210/82/2099 219/82/2099
f 2814/124/2100 238/81/2100 2802/101/2100
f 2814/124/2101 2802/101/2101 2808/71/2101
f 224/97/2102 2804/141/2102 213/136/2102
f 224/97/2103 213/136/2103 2815/136/2103
f 231/106/2104 2815/136/2104 213/136/2104
f 231/106/2105 213/136/2105 2813/143/2105
f 232/96/2106 226/146/2106 2807/95/2106
f 232/96/2107 2807/95/2107 216/126/2107
f 2814/124/2108 2808/71/2108 215/122/2108
f 2814/124/2109 215/122/2109 227/70/2109
f 228/135/2110 217/90/2110 2809/93/2110
f 228/135/2111 2809/93/2111 2816/1218/2111
f 236/148/2112 2816/1218/2112 2809/93/2112
f 236/148/2113 2809/93/2113 218/117/2113
f 233/149/2114 2814/124/2114 227/70/2114
f 237/142/2115 229/105/2115 228/135/2115
f 247/94/2116 246/124/2116 2819/71/2116
f 247/94/2117 2819/71/2117 2820/124/2117
f 249/125/2118 248/155/2118 2824/871/2118
f 2826/101/2119 2820/124/2119 246/124/2119
f 243/140/2120 2824/871/2120 2828/1152/2120
f 243/140/2121 2828/1152/2121 248/155/2121
f 3577/82/2122 3576/88/2122 241/88/2122
f 3577/82/2123 241/88/2123 2825/82/2123
f 3577/82/2124 2825/82/2124 2826/101/2124
f 3577/82/2125 2826/101/2125 3578/101/2125
f 3572/104/2126 3571/97/2126 244/103/2126
f 3572/104/2127 244/103/2127 2827/136/2127
f 3572/104/2128 2827/136/2128 243/140/2128
f 3572/104/2129 243/140/2129 3573/99/2129
f 3586/95/2130 3585/84/2130 247/94/2130
f 3586/95/2131 247/94/2131 2817/137/2131
f 3586/95/2132 2817/137/2132 245/126/2132
f 3586/95/2133 245/126/2133 3587/96/2133
f 3582/1219/2134 3581/787/2134 249/125/2134
f 3582/1219/2135 249/125/2135 2821/1220/2135
f 3582/1219/2136 2821/1220/2136 2822/154/2136
f 3582/1219/2137 2822/154/2137 3583/153/2137
f 2830/71/2138 1783/71/2138 1782/94/2138
f 2832/74/2139 1785/111/2139 1784/133/2139
f 2833/124/2140 255/81/2140 1783/71/2140
f 2830/71/2141 255/81/2141 2833/124/2141
f 2834/1152/2142 257/172/2142 1785/111/2142
f 2832/74/2143 257/172/2143 2834/1152/2143
f 2852/88/2144 1786/110/2144 254/82/2144
f 2852/88/2145 254/82/2145 2835/82/2145
f 2853/81/2146 2835/82/2146 254/82/2146
f 2853/81/2147 254/82/2147 255/81/2147
f 2836/71/2148 2853/81/2148 255/81/2148
f 2836/71/2149 255/81/2149 2830/71/2149
f 2837/156/2150 1787/89/2150 1786/110/2150
f 2837/156/2151 1786/110/2151 2852/88/2151
f 2856/141/2152 1788/1214/2152 256/136/2152
f 2856/141/2153 256/136/2153 2838/113/2153
f 2857/99/2154 2838/113/2154 256/136/2154
f 2857/99/2155 256/136/2155 257/172/2155
f 2839/871/2156 2857/99/2156 257/172/2156
f 2839/871/2157 257/172/2157 2832/74/2157
f 2840/129/2158 2829/114/2158 1788/1214/2158
f 2840/129/2159 1788/1214/2159 2856/141/2159
f 2844/94/2160 1782/94/2160 250/450/2160
f 2844/94/2161 250/450/2161 2841/450/2161
f 2845/778/2162 2841/450/2162 250/450/2162
f 2845/778/2163 250/450/2163 251/126/2163
f 2840/129/2164 2845/778/2164 251/126/2164
f 2840/129/2165 251/126/2165 2829/114/2165
f 2836/71/2166 2830/71/2166 1782/94/2166
f 2836/71/2167 1782/94/2167 2844/94/2167
f 2847/90/2168 1784/133/2168 252/93/2168
f 2847/90/2169 252/93/2169 2842/1220/2169
f 2848/1221/2170 2842/1220/2170 252/93/2170
f 2848/1221/2171 252/93/2171 253/1222/2171
f 2843/1223/2172 2848/1221/2172 253/1222/2172
f 2843/1223/2173 253/1222/2173 2831/1224/2173
f 2839/871/2174 2832/74/2174 1784/133/2174
f 2839/871/2175 1784/133/2175 2847/90/2175
f 2845/778/2176 2840/129/2176 276/129/2176
f 268/96/2177 2845/778/2177 276/129/2177
f 264/1225/2178 2841/450/2178 2845/778/2178
f 264/1225/2179 2845/778/2179 268/96/2179
f 264/1225/2180 265/122/2180 2844/94/2180
f 264/1225/2181 2844/94/2181 2841/450/2181
f 265/122/2182 2846/123/2182 2844/94/2182
f 2846/123/2183 2836/71/2183 2844/94/2183
f 2849/1226/2184 2848/1221/2184 2843/1223/2184
f 269/108/2185 2848/1221/2185 2849/1226/2185
f 258/139/2186 2842/1220/2186 2848/1221/2186
f 258/139/2187 2848/1221/2187 269/108/2187
f 258/139/2188 259/90/2188 2847/90/2188
f 258/139/2189 2847/90/2189 2842/1220/2189
f 259/90/2190 2850/111/2190 2851/73/2190
f 259/90/2191 2851/73/2191 2847/90/2191
f 2851/73/2192 2839/871/2192 2847/90/2192
f 2854/124/2193 2853/81/2193 2836/71/2193
f 266/101/2194 2853/81/2194 2854/124/2194
f 260/1227/2195 2835/82/2195 2853/81/2195
f 260/1227/2196 2853/81/2196 266/101/2196
f 260/1227/2197 261/88/2197 2852/88/2197
f 260/1227/2198 2852/88/2198 2835/82/2198
f 261/88/2199 2855/119/2199 2852/88/2199
f 2855/119/2200 2837/156/2200 2852/88/2200
f 2850/111/2201 2857/99/2201 2839/871/2201
f 267/106/2202 2857/99/2202 2850/111/2202
f 262/136/2203 2838/113/2203 2857/99/2203
f 262/136/2204 2857/99/2204 267/106/2204
f 262/136/2205 263/97/2205 2856/141/2205
f 262/136/2206 2856/141/2206 2838/113/2206
f 263/97/2207 276/129/2207 2856/141/2207
f 2856/141/2208 276/129/2208 2840/129/2208
f 259/90/2209 2858/142/2209 2850/111/2209
f 269/108/2210 2849/1226/2210 290/788/2210
f 259/90/2211 2859/155/2211 2858/142/2211
f 266/101/2212 2854/124/2212 270/71/2212
f 261/88/2213 274/156/2213 2855/119/2213
f 267/106/2214 2850/111/2214 2859/155/2214
f 265/122/2215 270/71/2215 2846/123/2215
f 2860/95/2216 271/84/2216 265/122/2216
f 2860/95/2217 265/122/2217 264/1225/2217
f 2860/95/2218 264/1225/2218 268/96/2218
f 2860/95/2219 268/96/2219 287/160/2219
f 287/160/2220 268/96/2220 276/129/2220
f 271/84/2221 270/71/2221 265/122/2221
f 2861/1228/2222 273/90/2222 259/90/2222
f 2861/1228/2223 259/90/2223 258/139/2223
f 2861/1228/2224 258/139/2224 269/108/2224
f 2861/1228/2225 269/108/2225 291/154/2225
f 291/154/2226 269/108/2226 290/788/2226
f 273/90/2227 272/157/2227 2859/155/2227
f 273/90/2228 2859/155/2228 259/90/2228
f 2862/82/2229 275/100/2229 261/88/2229
f 2862/82/2230 261/88/2230 260/1227/2230
f 2862/82/2231 260/1227/2231 266/101/2231
f 2862/82/2232 266/101/2232 278/101/2232
f 278/101/2233 266/101/2233 270/71/2233
f 275/100/2234 274/156/2234 261/88/2234
f 2863/136/2235 277/158/2235 263/97/2235
f 2863/136/2236 263/97/2236 262/136/2236
f 2863/136/2237 262/136/2237 267/106/2237
f 2863/136/2238 267/106/2238 283/106/2238
f 283/106/2239 267/106/2239 2859/155/2239
f 283/106/2240 2859/155/2240 272/157/2240
f 277/158/2241 276/129/2241 263/97/2241
f 2862/82/2242 282/88/2242 275/100/2242
f 2862/82/2243 278/101/2243 280/101/2243
f 2863/136/2244 286/78/2244 277/158/2244
f 2863/136/2245 283/106/2245 284/106/2245
f 2860/95/2246 289/131/2246 271/84/2246
f 2860/95/2247 287/160/2247 288/126/2247
f 2861/1228/2248 294/90/2248 273/90/2248
f 2861/1228/2249 291/154/2249 293/162/2249
f 2864/104/2250 286/78/2250 2863/136/2250
f 2864/104/2251 2863/136/2251 284/106/2251
f 284/106/2252 272/157/2252 2865/121/2252
f 2866/95/2253 289/131/2253 2860/95/2253
f 2866/95/2254 2860/95/2254 288/126/2254
f 2867/63/2255 294/90/2255 2861/1228/2255
f 2867/63/2256 2861/1228/2256 293/162/2256
f 294/90/2257 2865/121/2257 2868/142/2257
f 294/90/2258 2868/142/2258 272/157/2258
f 2869/82/2259 282/88/2259 2862/82/2259
f 2869/82/2260 2862/82/2260 280/101/2260
f 2870/450/2261 289/131/2261 2866/95/2261
f 2870/450/2262 2866/95/2262 288/126/2262
f 1791/131/2263 289/131/2263 2870/450/2263
f 297/126/2264 2870/450/2264 288/126/2264
f 289/131/2265 2872/71/2265 279/123/2265
f 288/126/2266 285/159/2266 2871/1167/2266
f 2871/1167/2267 297/126/2267 288/126/2267
f 2872/71/2268 289/131/2268 1791/131/2268
f 1792/125/2269 294/90/2269 2867/63/2269
f 1792/125/2270 2867/63/2270 298/63/2270
f 299/1229/2271 298/63/2271 2867/63/2271
f 299/1229/2272 2867/63/2272 293/162/2272
f 2873/1230/2273 299/1229/2273 293/162/2273
f 2873/1230/2274 293/162/2274 292/161/2274
f 2874/144/2275 2865/121/2275 294/90/2275
f 2874/144/2276 294/90/2276 1792/125/2276
f 2875/82/2277 282/88/2277 2869/82/2277
f 2875/82/2278 2869/82/2278 280/101/2278
f 1789/100/2279 282/88/2279 2875/82/2279
f 295/81/2280 2875/82/2280 280/101/2280
f 280/101/2281 279/123/2281 2876/123/2281
f 2876/123/2282 295/81/2282 280/101/2282
f 2877/156/2283 281/119/2283 282/88/2283
f 2877/156/2284 282/88/2284 1789/100/2284
f 2878/136/2285 286/78/2285 2864/104/2285
f 2878/136/2286 2864/104/2286 284/106/2286
f 1790/86/2287 286/78/2287 2878/136/2287
f 296/1174/2288 2878/136/2288 284/106/2288
f 286/78/2289 2871/1167/2289 285/159/2289
f 284/106/2290 2865/121/2290 2879/74/2290
f 2874/144/2291 296/1174/2291 284/106/2291
f 2874/144/2292 284/106/2292 2879/74/2292
f 2871/1167/2293 286/78/2293 1790/86/2293
f 2880/1231/2294 295/81/2294 2876/123/2294
f 2880/1231/2295 2872/71/2295 1791/131/2295
f 305/84/2296 1791/131/2296 2870/450/2296
f 305/84/2297 2870/450/2297 304/1232/2297
f 304/1232/2298 2870/450/2298 297/126/2298
f 303/1167/2299 304/1232/2299 297/126/2299
f 303/1167/2300 297/126/2300 2871/1167/2300
f 300/124/2301 2880/1231/2301 1791/131/2301
f 300/124/2302 1791/131/2302 305/84/2302
f 308/1233/2303 1792/125/2303 298/63/2303
f 306/1160/2304 308/1233/2304 298/63/2304
f 306/1160/2305 298/63/2305 299/1229/2305
f 307/1234/2306 306/1160/2306 299/1229/2306
f 307/1234/2307 299/1229/2307 2873/1230/2307
f 301/150/2308 2874/144/2308 1792/125/2308
f 301/150/2309 1792/125/2309 308/1233/2309
f 309/1235/2310 1789/100/2310 2875/82/2310
f 310/101/2311 309/1235/2311 2875/82/2311
f 310/101/2312 2875/82/2312 295/81/2312
f 300/124/2313 310/101/2313 295/81/2313
f 300/124/2314 295/81/2314 2880/1231/2314
f 302/156/2315 2877/156/2315 1789/100/2315
f 302/156/2316 1789/100/2316 309/1235/2316
f 312/158/2317 1790/86/2317 2878/136/2317
f 312/158/2318 2878/136/2318 311/1236/2318
f 311/1236/2319 2878/136/2319 296/1174/2319
f 301/150/2320 311/1236/2320 296/1174/2320
f 301/150/2321 296/1174/2321 2874/144/2321
f 303/1167/2322 2871/1167/2322 1790/86/2322
f 303/1167/2323 1790/86/2323 312/158/2323
f 329/124/2324 318/101/2324 310/101/2324
f 329/124/2325 310/101/2325 300/124/2325
f 318/101/2326 2881/82/2326 309/1235/2326
f 318/101/2327 309/1235/2327 310/101/2327
f 320/110/2328 309/1235/2328 2881/82/2328
f 321/89/2329 302/156/2329 309/1235/2329
f 321/89/2330 309/1235/2330 320/110/2330
f 316/142/2331 322/172/2331 311/1236/2331
f 316/142/2332 311/1236/2332 301/150/2332
f 322/172/2333 2882/136/2333 311/1236/2333
f 324/97/2334 312/158/2334 311/1236/2334
f 324/97/2335 311/1236/2335 2882/136/2335
f 2883/159/2336 303/1167/2336 312/158/2336
f 2883/159/2337 312/158/2337 324/97/2337
f 2883/159/2338 326/778/2338 304/1232/2338
f 2883/159/2339 304/1232/2339 303/1167/2339
f 326/778/2340 2884/450/2340 304/1232/2340
f 328/84/2341 305/84/2341 304/1232/2341
f 328/84/2342 304/1232/2342 2884/450/2342
f 329/124/2343 300/124/2343 305/84/2343
f 329/124/2344 305/84/2344 328/84/2344
f 1793/1237/2345 313/108/2345 306/1160/2345
f 1793/1237/2346 306/1160/2346 307/1234/2346
f 313/108/2347 2885/1238/2347 308/1233/2347
f 313/108/2348 308/1233/2348 306/1160/2348
f 315/133/2349 308/1233/2349 2885/1238/2349
f 316/142/2350 301/150/2350 308/1233/2350
f 316/142/2351 308/1233/2351 315/133/2351
f 315/133/2352 2886/1239/2352 317/111/2352
f 318/101/2353 1794/71/2353 2887/149/2353
f 322/172/2354 316/142/2354 2886/1239/2354
f 328/84/2355 2887/149/2355 329/124/2355
f 331/128/2356 326/778/2356 325/151/2356
f 331/128/2357 325/151/2357 2888/437/2357
f 330/84/2358 2887/149/2358 328/84/2358
f 333/138/2359 313/108/2359 1793/1237/2359
f 333/138/2360 1793/1237/2360 2894/1240/2360
f 332/164/2361 2886/1239/2361 315/133/2361
f 335/166/2362 318/101/2362 2887/149/2362
f 334/88/2363 2895/119/2363 321/89/2363
f 334/88/2364 321/89/2364 320/110/2364
f 337/167/2365 322/172/2365 2886/1239/2365
f 336/78/2366 2888/437/2366 325/151/2366
f 336/78/2367 325/151/2367 324/97/2367
f 2896/110/2368 2897/88/2368 2898/82/2368
f 2896/110/2369 2898/82/2369 2899/82/2369
f 2900/81/2370 2899/82/2370 2898/82/2370
f 2900/81/2371 2898/82/2371 2901/101/2371
f 2902/124/2372 2900/81/2372 2901/101/2372
f 2902/124/2373 2901/101/2373 2893/123/2373
f 3551/156/2374 2903/119/2374 2897/88/2374
f 3551/156/2375 2897/88/2375 2896/110/2375
f 2913/97/2376 2909/141/2376 2910/1172/2376
f 2913/97/2377 2910/1172/2377 2914/1241/2377
f 2915/140/2378 2914/1241/2378 2910/1172/2378
f 2915/140/2379 2910/1172/2379 2911/1242/2379
f 2916/155/2380 2915/140/2380 2911/1242/2380
f 2916/155/2381 2911/1242/2381 2908/73/2381
f 2917/87/2382 2892/129/2382 2909/141/2382
f 2917/87/2383 2909/141/2383 2913/97/2383
f 2918/122/2384 2889/1243/2384 2890/450/2384
f 2918/122/2385 2890/450/2385 2919/1244/2385
f 2920/126/2386 2919/1244/2386 2890/450/2386
f 2920/126/2387 2890/450/2387 2891/126/2387
f 2917/87/2388 2920/126/2388 2891/126/2388
f 2917/87/2389 2891/126/2389 2892/129/2389
f 2902/124/2390 2893/123/2390 2889/1243/2390
f 2902/124/2391 2889/1243/2391 2918/122/2391
f 2921/90/2392 2904/90/2392 2905/1245/2392
f 2921/90/2393 2905/1245/2393 2922/1218/2393
f 2923/138/2394 2922/1218/2394 2905/1245/2394
f 2923/138/2395 2905/1245/2395 2906/132/2395
f 2924/445/2396 2923/138/2396 2906/132/2396
f 2924/445/2397 2906/132/2397 2907/1246/2397
f 2916/155/2398 2908/73/2398 2904/90/2398
f 2916/155/2399 2904/90/2399 2921/90/2399
f 2925/134/2400 1795/125/2400 347/120/2400
f 2925/134/2401 347/120/2401 2926/1247/2401
f 2925/134/2402 2926/1247/2402 344/169/2402
f 2925/134/2403 344/169/2403 343/138/2403
f 1796/110/2404 2934/89/2404 350/119/2404
f 2929/82/2405 1796/110/2405 349/88/2405
f 2929/82/2406 349/88/2406 2927/82/2406
f 2929/82/2407 2927/82/2407 348/170/2407
f 2929/82/2408 348/170/2408 354/101/2408
f 2930/136/2409 1797/789/2409 352/141/2409
f 2930/136/2410 352/141/2410 2928/1172/2410
f 2930/136/2411 2928/1172/2411 351/75/2411
f 2930/136/2412 351/75/2412 356/172/2412
f 2931/95/2413 1798/94/2413 340/436/2413
f 2931/95/2414 340/436/2414 2912/1244/2414
f 2931/95/2415 2912/1244/2415 339/128/2415
f 2931/95/2416 339/128/2416 358/126/2416
f 363/101/2417 359/82/2417 2938/82/2417
f 363/101/2418 2938/82/2418 361/101/2418
f 3559/119/2419 2934/89/2419 360/88/2419
f 3559/119/2420 360/88/2420 3557/100/2420
f 1799/1174/2421 2941/1157/2421 2942/74/2421
f 1799/1174/2422 2942/74/2422 2943/111/2422
f 3563/144/2423 3568/140/2423 366/106/2423
f 3563/144/2424 366/106/2424 2937/73/2424
f 3566/1167/2425 2933/129/2425 368/141/2425
f 3566/1167/2426 368/141/2426 3567/173/2426
f 3566/1167/2427 3565/126/2427 369/126/2427
f 3566/1167/2428 369/126/2428 2933/129/2428
f 3558/123/2429 362/71/2429 371/112/2429
f 3558/123/2430 371/112/2430 3564/122/2430
f 3562/1248/2431 3561/117/2431 372/175/2431
f 3562/1248/2432 372/175/2432 2936/1249/2432
f 3563/144/2433 2937/73/2433 374/90/2433
f 3563/144/2434 374/90/2434 3560/135/2434
f 2944/177/2435 375/131/2435 376/95/2435
f 2944/177/2436 376/95/2436 1800/126/2436
f 2944/177/2437 1800/126/2437 387/126/2437
f 387/126/2438 1800/126/2438 2940/129/2438
f 387/126/2439 2940/129/2439 2955/129/2439
f 2944/177/2440 2950/124/2440 2945/124/2440
f 2944/177/2441 2945/124/2441 375/131/2441
f 375/131/2442 2945/124/2442 2947/124/2442
f 375/131/2443 2947/124/2443 2946/123/2443
f 377/90/2444 2943/111/2444 2941/1157/2444
f 1802/81/2445 2946/123/2445 2945/124/2445
f 2952/178/2446 377/90/2446 378/139/2446
f 2952/178/2447 378/139/2447 1801/1250/2447
f 2952/178/2448 1801/1250/2448 388/790/2448
f 388/790/2449 1801/1250/2449 2948/1251/2449
f 388/790/2450 2948/1251/2450 2958/1252/2450
f 2952/178/2451 2957/1157/2451 2943/111/2451
f 2952/178/2452 2943/111/2452 377/90/2452
f 2953/181/2453 379/100/2453 380/82/2453
f 2953/181/2454 380/82/2454 1802/81/2454
f 2953/181/2455 1802/81/2455 381/791/2455
f 381/791/2456 1802/81/2456 2945/124/2456
f 381/791/2457 2945/124/2457 2950/124/2457
f 2953/181/2458 2951/89/2458 2949/89/2458
f 2953/181/2459 2949/89/2459 379/100/2459
f 2954/182/2460 364/97/2460 365/113/2460
f 2954/182/2461 365/113/2461 1799/1174/2461
f 2954/182/2462 1799/1174/2462 385/106/2462
f 385/106/2463 1799/1174/2463 2943/111/2463
f 385/106/2464 2943/111/2464 2957/1157/2464
f 2954/182/2465 2955/129/2465 2940/129/2465
f 2954/182/2466 2940/129/2466 364/97/2466
f 384/160/2467 387/126/2467 2955/129/2467
f 384/160/2468 2955/129/2468 2956/129/2468
f 2960/84/2469 2961/123/2469 2950/124/2469
f 2960/84/2470 2950/124/2470 2944/177/2470
f 390/138/2471 388/790/2471 2958/1252/2471
f 390/138/2472 2958/1252/2472 2962/869/2472
f 2965/90/2473 2963/142/2473 2957/1157/2473
f 2965/90/2474 2957/1157/2474 2952/178/2474
f 391/101/2475 381/791/2475 2950/124/2475
f 391/101/2476 2950/124/2476 2961/123/2476
f 2968/100/2477 2969/89/2477 2951/89/2477
f 2968/100/2478 2951/89/2478 2953/181/2478
f 392/172/2479 385/106/2479 2957/1157/2479
f 392/172/2480 2957/1157/2480 2963/142/2480
f 2971/86/2481 2956/129/2481 2955/129/2481
f 2971/86/2482 2955/129/2482 2954/182/2482
f 1803/119/2483 797/156/2483 1870/185/2483
f 2965/90/2484 2966/73/2484 2963/142/2484
f 392/172/2485 2963/142/2485 2972/1152/2485
f 392/172/2486 2972/1152/2486 2966/73/2486
f 402/792/2487 397/188/2487 789/439/2487
f 790/159/2488 396/189/2488 397/188/2488
f 790/159/2489 397/188/2489 402/792/2489
f 394/184/2490 399/191/2490 400/190/2490
f 394/184/2491 400/190/2491 790/159/2491
f 1804/445/2492 788/193/2492 787/438/2492
f 402/792/2493 1867/194/2493 788/193/2493
f 402/792/2494 788/193/2494 1805/793/2494
f 402/792/2495 789/439/2495 1867/194/2495
f 452/209/2496 453/220/2496 421/799/2496
f 445/212/2497 423/205/2497 781/432/2497
f 445/212/2498 781/432/2498 446/213/2498
f 447/37/2499 446/213/2499 781/432/2499
f 447/37/2500 781/432/2500 422/867/2500
f 453/220/2501 447/37/2501 422/867/2501
f 453/220/2502 422/867/2502 421/799/2502
f 3051/1253/2503 423/205/2503 445/212/2503
f 2974/1254/2504 409/256/2504 1806/249/2504
f 534/261/2505 2975/68/2505 774/259/2505
f 412/201/2506 411/200/2506 410/1255/2506
f 411/200/2507 782/65/2507 410/1255/2507
f 1807/1256/2508 410/1255/2508 782/65/2508
f 410/1255/2509 1807/1256/2509 778/1257/2509
f 416/795/2510 770/11/2510 429/427/2510
f 416/795/2511 414/866/2511 770/11/2511
f 1808/794/2512 415/426/2512 414/866/2512
f 1808/794/2513 414/866/2513 416/795/2513
f 1808/794/2514 2977/58/2514 415/426/2514
f 2977/58/2515 2976/1258/2515 415/426/2515
f 417/203/2516 416/795/2516 1809/796/2516
f 780/431/2517 419/204/2517 417/203/2517
f 3051/1253/2518 424/206/2518 423/205/2518
f 2978/1259/2519 1773/775/2519 426/6/2519
f 2978/1259/2520 426/6/2520 427/425/2520
f 427/425/2521 769/424/2521 2979/424/2521
f 427/425/2522 2979/424/2522 2980/34/2522
f 2981/1260/2523 1773/775/2523 2978/1259/2523
f 2981/1260/2524 2974/1254/2524 1806/249/2524
f 2981/1260/2525 1806/249/2525 1773/775/2525
f 2982/1261/2526 2981/1260/2526 2978/1259/2526
f 2982/1261/2527 2978/1259/2527 2983/1262/2527
f 2983/1262/2528 2978/1259/2528 2984/1263/2528
f 2978/1259/2529 427/425/2529 2984/1263/2529
f 2985/34/2530 2984/1263/2530 427/425/2530
f 2985/34/2531 427/425/2531 2980/34/2531
f 2986/34/2532 2983/1262/2532 2984/1263/2532
f 2987/7/2533 2983/1262/2533 2986/34/2533
f 2987/7/2534 2986/34/2534 2988/34/2534
f 2987/7/2535 428/798/2535 2983/1262/2535
f 428/798/2536 2989/9/2536 2982/1261/2536
f 428/798/2537 2982/1261/2537 2983/1262/2537
f 2989/9/2538 413/202/2538 2990/1264/2538
f 2989/9/2539 2990/1264/2539 2982/1261/2539
f 2982/1261/2540 2990/1264/2540 2991/1265/2540
f 2991/1265/2541 2974/1254/2541 2981/1260/2541
f 2991/1265/2542 2981/1260/2542 2982/1261/2542
f 786/424/2543 785/48/2543 2987/7/2543
f 786/424/2544 2987/7/2544 779/34/2544
f 785/48/2545 786/424/2545 455/1123/2545
f 2994/1266/2546 431/69/2546 2975/68/2546
f 2994/1266/2547 2975/68/2547 534/261/2547
f 2994/1266/2548 2993/1267/2548 767/421/2548
f 2994/1266/2549 767/421/2549 431/69/2549
f 2993/1267/2550 430/422/2550 767/421/2550
f 430/422/2551 416/795/2551 429/427/2551
f 2992/1268/2552 1809/796/2552 2993/1267/2552
f 2994/1266/2553 2992/1268/2553 2993/1267/2553
f 2992/1268/2554 2994/1266/2554 2995/434/2554
f 1809/796/2555 416/795/2555 430/422/2555
f 1809/796/2556 430/422/2556 2993/1267/2556
f 2996/1269/2557 2994/1266/2557 534/261/2557
f 2995/434/2558 2994/1266/2558 2996/1269/2558
f 2995/434/2559 2996/1269/2559 2997/1270/2559
f 2995/434/2560 2997/1270/2560 778/274/2560
f 432/208/2561 2992/1268/2561 2995/434/2561
f 2998/210/2562 1809/796/2562 2992/1268/2562
f 2998/210/2563 2992/1268/2563 432/208/2563
f 2998/210/2564 418/797/2564 1809/796/2564
f 3003/249/2565 3001/40/2565 3004/35/2565
f 3001/40/2566 3003/249/2566 3005/1271/2566
f 3008/43/2567 3010/215/2567 3011/1118/2567
f 3013/8/2568 3005/1271/2568 3004/35/2568
f 3019/220/2569 3010/215/2569 3017/25/2569
f 3017/25/2570 3011/1118/2570 3019/220/2570
f 3000/17/2571 3020/17/2571 3021/15/2571
f 3000/17/2572 3021/15/2572 2999/15/2572
f 3001/40/2573 2999/15/2573 3021/15/2573
f 3001/40/2574 3021/15/2574 3022/16/2574
f 3004/35/2575 3001/40/2575 3022/16/2575
f 3004/35/2576 3022/16/2576 3023/28/2576
f 3002/1272/2577 3042/274/2577 3020/17/2577
f 3002/1272/2578 3020/17/2578 3000/17/2578
f 3017/25/2579 3024/25/2579 3025/26/2579
f 3017/25/2580 3025/26/2580 3016/51/2580
f 3018/27/2581 3016/51/2581 3025/26/2581
f 3018/27/2582 3025/26/2582 3026/53/2582
f 3002/1272/2583 3018/27/2583 3026/53/2583
f 3002/1272/2584 3026/53/2584 3042/274/2584
f 3010/215/2585 3027/1118/2585 3024/25/2585
f 3010/215/2586 3024/25/2586 3017/25/2586
f 3013/8/2587 3028/8/2587 3029/6/2587
f 3013/8/2588 3029/6/2588 3012/6/2588
f 3014/1121/2589 3012/6/2589 3029/6/2589
f 3014/1121/2590 3029/6/2590 3030/7/2590
f 3031/35/2591 3023/28/2591 3028/8/2591
f 3015/424/2592 3014/1121/2592 3030/7/2592
f 3015/424/2593 3030/7/2593 3039/424/2593
f 3004/35/2594 3031/35/2594 3028/8/2594
f 3004/35/2595 3028/8/2595 3013/8/2595
f 3007/23/2596 3032/54/2596 3033/1103/2596
f 3007/23/2597 3033/1103/2597 3006/222/2597
f 3008/43/2598 3006/222/2598 3033/1103/2598
f 3008/43/2599 3033/1103/2599 3034/428/2599
f 3010/215/2600 3008/43/2600 3034/428/2600
f 3010/215/2601 3034/428/2601 3036/19/2601
f 3009/1273/2602 3035/1274/2602 3032/54/2602
f 3009/1273/2603 3032/54/2603 3007/23/2603
f 3028/8/2604 3037/1275/2604 3038/1276/2604
f 3028/8/2605 3038/1276/2605 3029/6/2605
f 3030/7/2606 3029/6/2606 3038/1276/2606
f 3039/424/2607 3030/7/2607 3038/1276/2607
f 3023/28/2608 3037/1275/2608 3028/8/2608
f 3024/25/2609 3040/1277/2609 3041/1278/2609
f 3024/25/2610 3041/1278/2610 3025/26/2610
f 3026/53/2611 3025/26/2611 3041/1278/2611
f 3042/274/2612 3026/53/2612 3041/1278/2612
f 3027/1118/2613 3040/1277/2613 3024/25/2613
f 3020/17/2614 3043/1279/2614 3021/15/2614
f 3022/16/2615 3021/15/2615 3043/1279/2615
f 3022/16/2616 3043/1279/2616 3044/1280/2616
f 3023/28/2617 3022/16/2617 3044/1280/2617
f 3042/274/2618 3043/1279/2618 3020/17/2618
f 3032/54/2619 3045/1281/2619 3046/1282/2619
f 3032/54/2620 3046/1282/2620 3033/1103/2620
f 3034/428/2621 3033/1103/2621 3046/1282/2621
f 3036/19/2622 3034/428/2622 3046/1282/2622
f 3036/19/2623 3046/1282/2623 3040/1277/2623
f 3035/1274/2624 3045/1281/2624 3032/54/2624
f 3040/1277/2625 437/801/2625 3047/1283/2625
f 3040/1277/2626 3047/1283/2626 3041/1278/2626
f 3041/1278/2627 3047/1283/2627 439/53/2627
f 3042/274/2628 3041/1278/2628 439/53/2628
f 3042/274/2629 439/53/2629 438/217/2629
f 3040/1277/2630 436/215/2630 437/801/2630
f 3037/1275/2631 435/9/2631 433/800/2631
f 3037/1275/2632 433/800/2632 3038/1276/2632
f 3039/424/2633 3038/1276/2633 433/800/2633
f 3039/424/2634 433/800/2634 3048/424/2634
f 3044/1280/2635 434/35/2635 435/9/2635
f 3044/1280/2636 435/9/2636 3037/1275/2636
f 3045/1281/2637 442/214/2637 3046/1282/2637
f 3046/1282/2638 442/214/2638 443/21/2638
f 3040/1277/2639 3046/1282/2639 443/21/2639
f 3040/1277/2640 443/21/2640 436/215/2640
f 3045/1281/2641 3049/1284/2641 442/214/2641
f 3043/1279/2642 440/253/2642 3050/65/2642
f 3044/1280/2643 3043/1279/2643 3050/65/2643
f 3044/1280/2644 3050/65/2644 441/16/2644
f 3044/1280/2645 441/16/2645 434/35/2645
f 3042/274/2646 438/217/2646 440/253/2646
f 3042/274/2647 440/253/2647 3043/1279/2647
f 433/800/2648 435/9/2648 444/211/2648
f 433/800/2649 444/211/2649 2973/6/2649
f 433/800/2650 785/48/2650 455/1123/2650
f 433/800/2651 455/1123/2651 3048/424/2651
f 442/214/2652 446/213/2652 447/37/2652
f 442/214/2653 447/37/2653 443/21/2653
f 442/214/2654 3049/1284/2654 3051/1253/2654
f 442/214/2655 3051/1253/2655 445/212/2655
f 3050/65/2656 440/253/2656 449/196/2656
f 3050/65/2657 449/196/2657 404/65/2657
f 3050/65/2658 404/65/2658 448/199/2658
f 3050/65/2659 448/199/2659 441/16/2659
f 3047/1283/2660 437/801/2660 452/209/2660
f 3047/1283/2661 452/209/2661 3052/435/2661
f 3047/1283/2662 3052/435/2662 450/218/2662
f 3047/1283/2663 450/218/2663 439/53/2663
f 452/209/2664 451/219/2664 454/215/2664
f 451/219/2665 447/37/2665 453/220/2665
f 3053/1285/2666 3013/8/2666 3012/6/2666
f 3053/1285/2667 3012/6/2667 3014/1121/2667
f 3053/1285/2668 3014/1121/2668 3054/7/2668
f 3054/7/2669 3014/1121/2669 3015/424/2669
f 3054/7/2670 3015/424/2670 3055/424/2670
f 3053/1285/2671 3056/35/2671 3005/1271/2671
f 3053/1285/2672 3005/1271/2672 3013/8/2672
f 3057/1286/2673 3058/1287/2673 3017/25/2673
f 3057/1286/2674 3017/25/2674 3016/51/2674
f 3057/1286/2675 3016/51/2675 3018/27/2675
f 3057/1286/2676 3018/27/2676 3002/1272/2676
f 3057/1286/2677 3002/1272/2677 3059/1288/2677
f 3058/1287/2678 3011/1118/2678 3017/25/2678
f 3060/225/2679 3059/1288/2679 3000/17/2679
f 3060/225/2680 3000/17/2680 2999/15/2680
f 3060/225/2681 2999/15/2681 3001/40/2681
f 3060/225/2682 3001/40/2682 3005/1271/2682
f 3060/225/2683 3005/1271/2683 3056/35/2683
f 3059/1288/2684 3002/1272/2684 3000/17/2684
f 3061/802/2685 3062/221/2685 3007/23/2685
f 3061/802/2686 3007/23/2686 3006/222/2686
f 3061/802/2687 3006/222/2687 3008/43/2687
f 3061/802/2688 3008/43/2688 3011/1118/2688
f 3061/802/2689 3011/1118/2689 3058/1287/2689
f 3062/221/2690 3063/1289/2690 3009/1273/2690
f 3062/221/2691 3009/1273/2691 3007/23/2691
f 3060/225/2692 456/196/2692 3059/1288/2692
f 463/224/2693 3060/225/2693 3056/35/2693
f 463/224/2694 3056/35/2694 3064/28/2694
f 463/224/2695 3064/28/2695 3065/35/2695
f 456/196/2696 3069/274/2696 3059/1288/2696
f 457/222/2697 3062/221/2697 3061/802/2697
f 3061/802/2698 3058/1287/2698 3066/1290/2698
f 465/365/2699 3061/802/2699 3066/1290/2699
f 458/223/2700 3070/1291/2700 3063/1289/2700
f 458/223/2701 3063/1289/2701 3062/221/2701
f 460/798/2702 459/8/2702 3053/1285/2702
f 460/798/2703 3053/1285/2703 3054/7/2703
f 459/8/2704 3056/35/2704 3053/1285/2704
f 3054/7/2705 3055/424/2705 3067/34/2705
f 466/803/2706 3054/7/2706 3067/34/2706
f 459/8/2707 3065/35/2707 3056/35/2707
f 462/1292/2708 461/1293/2708 3057/1286/2708
f 462/1292/2709 3057/1286/2709 467/67/2709
f 3057/1286/2710 461/1293/2710 3058/1287/2710
f 467/67/2711 3057/1286/2711 3059/1288/2711
f 467/67/2712 3059/1288/2712 3069/274/2712
f 461/1293/2713 3066/1290/2713 3068/219/2713
f 461/1293/2714 3068/219/2714 3058/1287/2714
f 3073/7/2715 3074/424/2715 3075/34/2715
f 518/808/2716 703/240/2716 503/196/2716
f 518/808/2717 503/196/2717 468/804/2717
f 516/35/2718 521/199/2718 502/239/2718
f 516/35/2719 502/239/2719 472/236/2719
f 516/35/2720 472/236/2720 512/806/2720
f 705/807/2721 490/237/2721 492/34/2721
f 706/219/2722 483/234/2722 482/233/2722
f 706/219/2723 482/233/2723 517/250/2723
f 478/67/2724 474/51/2724 476/231/2724
f 475/229/2725 494/219/2725 473/228/2725
f 3086/32/2726 3083/26/2726 3085/32/2726
f 3084/423/2727 3091/1142/2727 3087/1125/2727
f 3084/423/2728 3087/1125/2728 3088/1141/2728
f 3083/26/2729 3084/423/2729 3088/1141/2729
f 3083/26/2730 3088/1141/2730 474/51/2730
f 3085/32/2731 3083/26/2731 474/51/2731
f 3090/29/2732 3085/32/2732 3089/274/2732
f 3090/29/2733 3086/32/2733 3085/32/2733
f 479/25/2734 3083/26/2734 480/232/2734
f 480/232/2735 3083/26/2735 3086/32/2735
f 480/232/2736 3086/32/2736 481/2/2736
f 3107/219/2737 3091/1142/2737 3084/423/2737
f 3107/219/2738 3084/423/2738 479/25/2738
f 479/25/2739 3084/423/2739 3083/26/2739
f 481/2/2740 3086/32/2740 3090/29/2740
f 481/2/2741 3090/29/2741 504/230/2741
f 3092/230/2742 703/240/2742 481/2/2742
f 3092/230/2743 481/2/2743 504/230/2743
f 703/240/2744 482/233/2744 480/232/2744
f 3093/35/2745 486/241/2745 487/9/2745
f 3096/8/2746 487/9/2746 3094/6/2746
f 487/9/2747 507/6/2747 3094/6/2747
f 3094/6/2748 507/6/2748 485/7/2748
f 3094/6/2749 485/7/2749 3095/48/2749
f 3095/48/2750 485/7/2750 484/34/2750
f 3095/48/2751 484/34/2751 3097/34/2751
f 3098/28/2752 3093/35/2752 3096/8/2752
f 3093/35/2753 487/9/2753 3096/8/2753
f 488/235/2754 3096/8/2754 3094/6/2754
f 489/7/2755 488/235/2755 3094/6/2755
f 488/235/2756 491/8/2756 3096/8/2756
f 489/7/2757 3094/6/2757 3095/48/2757
f 3097/34/2758 489/7/2758 3095/48/2758
f 492/34/2759 489/7/2759 3097/34/2759
f 491/8/2760 501/35/2760 3098/28/2760
f 491/8/2761 3098/28/2761 3096/8/2761
f 472/236/2762 488/235/2762 490/237/2762
f 472/236/2763 501/35/2763 491/8/2763
f 495/1294/2764 496/244/2764 3099/23/2764
f 3100/42/2765 3099/23/2765 496/244/2765
f 3100/42/2766 496/244/2766 493/243/2766
f 3100/42/2767 493/243/2767 3101/428/2767
f 3102/19/2768 3101/428/2768 493/243/2768
f 3102/19/2769 493/243/2769 494/219/2769
f 3102/19/2770 3103/37/2770 3101/428/2770
f 3103/37/2771 3100/42/2771 3101/428/2771
f 3106/221/2772 3099/23/2772 3100/42/2772
f 3104/1295/2773 3099/23/2773 3106/221/2773
f 3104/1295/2774 495/1294/2774 3099/23/2774
f 3105/42/2775 3106/221/2775 3100/42/2775
f 3105/42/2776 3100/42/2776 3103/37/2776
f 3106/221/2777 3109/1296/2777 3104/1295/2777
f 3103/37/2778 3102/19/2778 3107/219/2778
f 483/234/2779 3103/37/2779 3107/219/2779
f 483/234/2780 3105/42/2780 3103/37/2780
f 3108/842/2781 3106/221/2781 3105/42/2781
f 3108/842/2782 471/227/2782 3109/1296/2782
f 3108/842/2783 3109/1296/2783 3106/221/2783
f 483/234/2784 3108/842/2784 3105/42/2784
f 497/66/2785 486/241/2785 498/16/2785
f 498/16/2786 486/241/2786 3093/35/2786
f 3110/15/2787 3111/17/2787 3112/39/2787
f 3110/15/2788 3112/39/2788 3113/15/2788
f 3110/15/2789 3113/15/2789 3114/199/2789
f 3113/15/2790 498/16/2790 3114/199/2790
f 3114/199/2791 498/16/2791 3093/35/2791
f 3114/199/2792 3093/35/2792 3115/28/2792
f 3116/40/2793 3114/199/2793 3115/28/2793
f 3116/40/2794 3115/28/2794 3098/28/2794
f 3110/15/2795 3114/199/2795 3116/40/2795
f 3111/17/2796 3090/29/2796 3089/274/2796
f 3111/17/2797 3089/274/2797 3112/39/2797
f 3117/249/2798 3116/40/2798 3098/28/2798
f 501/35/2799 3116/40/2799 3117/249/2799
f 501/35/2800 500/16/2800 3116/40/2800
f 500/16/2801 3118/15/2801 3110/15/2801
f 500/16/2802 3110/15/2802 3116/40/2802
f 3119/39/2803 3111/17/2803 3110/15/2803
f 3119/39/2804 3110/15/2804 3118/15/2804
f 504/230/2805 3090/29/2805 3111/17/2805
f 504/230/2806 3111/17/2806 3119/39/2806
f 503/196/2807 1810/238/2807 3120/66/2807
f 503/196/2808 3120/66/2808 502/239/2808
f 502/239/2809 3120/66/2809 500/16/2809
f 3121/1297/2810 510/428/2810 511/215/2810
f 3121/1297/2811 3122/1298/2811 704/805/2811
f 3121/1297/2812 704/805/2812 510/428/2812
f 3122/1298/2813 469/226/2813 704/805/2813
f 3123/58/2814 1811/367/2814 469/226/2814
f 3123/58/2815 469/226/2815 3122/1298/2815
f 514/7/2816 3124/34/2816 3125/424/2816
f 1812/809/2817 514/7/2817 3125/424/2817
f 1812/809/2818 512/806/2818 514/7/2818
f 516/35/2819 512/806/2819 513/248/2819
f 525/68/2820 519/67/2820 518/808/2820
f 525/68/2821 518/808/2821 524/252/2821
f 520/251/2822 3121/1297/2822 511/215/2822
f 520/251/2823 511/215/2823 517/250/2823
f 3126/16/2824 521/199/2824 516/35/2824
f 3126/16/2825 516/35/2825 515/249/2825
f 3127/15/2826 522/66/2826 521/199/2826
f 3127/15/2827 521/199/2827 3126/16/2827
f 3127/15/2828 3128/238/2828 523/253/2828
f 3127/15/2829 523/253/2829 522/66/2829
f 3128/238/2830 525/68/2830 523/253/2830
f 751/263/2831 526/266/2831 527/1299/2831
f 529/255/2832 528/257/2832 2974/1254/2832
f 529/255/2833 2974/1254/2833 3129/1300/2833
f 529/255/2834 3129/1300/2834 413/202/2834
f 529/255/2835 413/202/2835 412/201/2835
f 530/254/2836 528/257/2836 529/255/2836
f 3130/1301/2837 3131/1302/2837 3132/1303/2837
f 3132/1303/2838 3133/1304/2838 3130/1301/2838
f 3130/1301/2839 778/1257/2839 3134/1305/2839
f 3130/1301/2840 3134/1305/2840 2996/1269/2840
f 3130/1301/2841 2996/1269/2841 3131/1302/2841
f 3132/1303/2842 3131/1302/2842 534/261/2842
f 3132/1303/2843 534/261/2843 533/260/2843
f 3133/1304/2844 410/1255/2844 3130/1301/2844
f 3130/1301/2845 410/1255/2845 778/1257/2845
f 532/1306/2846 774/259/2846 531/258/2846
f 774/259/2847 408/41/2847 531/258/2847
f 409/256/2848 531/258/2848 408/41/2848
f 528/257/2849 409/256/2849 2974/1254/2849
f 533/260/2850 774/259/2850 532/1306/2850
f 3135/1307/2851 3136/1308/2851 3137/15/2851
f 3135/1307/2852 3137/15/2852 3138/1309/2852
f 3138/1309/2853 3137/15/2853 3139/1310/2853
f 3140/1311/2854 3141/1312/2854 3136/1308/2854
f 3142/1313/2855 3139/1310/2855 3143/1314/2855
f 3142/1313/2856 3138/1309/2856 3139/1310/2856
f 3144/811/2857 3145/1315/2857 3138/1309/2857
f 3144/811/2858 3138/1309/2858 3142/1313/2858
f 3145/1315/2859 3146/417/2859 3138/1309/2859
f 3135/1307/2860 3138/1309/2860 3146/417/2860
f 3147/268/2861 3140/1311/2861 3135/1307/2861
f 3140/1311/2862 3136/1308/2862 3135/1307/2862
f 3149/1316/2863 3133/1304/2863 3132/1303/2863
f 3149/1316/2864 3132/1303/2864 3148/1317/2864
f 3148/1317/2865 3132/1303/2865 533/260/2865
f 3148/1317/2866 533/260/2866 3150/1318/2866
f 3148/1317/2867 3150/1318/2867 3151/1319/2867
f 3153/1320/2868 3148/1317/2868 3151/1319/2868
f 3154/1321/2869 3155/1322/2869 412/201/2869
f 3154/1321/2870 412/201/2870 410/1255/2870
f 3154/1321/2871 410/1255/2871 3133/1304/2871
f 3154/1321/2872 3133/1304/2872 3149/1316/2872
f 3155/1322/2873 3156/1323/2873 412/201/2873
f 3156/1323/2874 3157/1324/2874 530/254/2874
f 747/402/2875 528/257/2875 3157/1324/2875
f 530/254/2876 3157/1324/2876 528/257/2876
f 3156/1323/2877 530/254/2877 412/201/2877
f 3158/1325/2878 3159/1326/2878 3157/1324/2878
f 3158/1325/2879 3157/1324/2879 3156/1323/2879
f 3159/1326/2880 3160/1327/2880 3157/1324/2880
f 3160/1327/2881 748/403/2881 3157/1324/2881
f 3157/1324/2882 748/403/2882 747/402/2882
f 751/263/2883 537/404/2883 536/264/2883
f 535/262/2884 748/403/2884 1862/265/2884
f 540/269/2885 3147/268/2885 538/267/2885
f 1814/811/2886 1813/810/2886 3161/331/2886
f 1814/811/2887 3161/331/2887 3144/811/2887
f 1825/1328/2888 1813/810/2888 1815/811/2888
f 1825/1328/2889 563/1329/2889 1813/810/2889
f 563/1329/2890 538/267/2890 1813/810/2890
f 563/1329/2891 539/268/2891 538/267/2891
f 1816/1330/2892 3164/1331/2892 3162/1332/2892
f 3162/1332/2893 3164/1331/2893 3163/1333/2893
f 3163/1333/2894 3141/1312/2894 3140/1311/2894
f 3165/1334/2895 3163/1333/2895 3140/1311/2895
f 3165/1334/2896 3140/1311/2896 3147/268/2896
f 3214/1335/2897 3162/1332/2897 3163/1333/2897
f 3214/1335/2898 3163/1333/2898 3165/1334/2898
f 738/1336/2899 1816/1330/2899 3162/1332/2899
f 738/1336/2900 3162/1332/2900 3214/1335/2900
f 3166/271/2901 1816/1330/2901 738/1336/2901
f 542/272/2902 737/396/2902 541/270/2902
f 543/397/2903 3196/1337/2903 737/396/2903
f 737/396/2904 3196/1337/2904 541/270/2904
f 3168/1338/2905 3142/1313/2905 3143/1314/2905
f 3167/1339/2906 3168/1338/2906 3170/1340/2906
f 3169/1341/2907 3167/1339/2907 3170/1340/2907
f 3169/1341/2908 3170/1340/2908 545/1342/2908
f 543/397/2909 3169/1341/2909 545/1342/2909
f 3169/1341/2910 3219/1343/2910 3167/1339/2910
f 3219/1343/2911 3220/1344/2911 3168/1338/2911
f 3219/1343/2912 3168/1338/2912 3167/1339/2912
f 3220/1344/2913 3144/811/2913 3142/1313/2913
f 3220/1344/2914 3142/1313/2914 3168/1338/2914
f 3159/1326/2915 3171/1345/2915 3160/1327/2915
f 3173/1346/2916 3171/1345/2916 3159/1326/2916
f 3172/1347/2917 3173/1346/2917 3159/1326/2917
f 3174/1348/2918 3172/1347/2918 3159/1326/2918
f 3174/1348/2919 3159/1326/2919 3158/1325/2919
f 3175/1349/2920 3172/1347/2920 3174/1348/2920
f 3176/1350/2921 3172/1347/2921 3175/1349/2921
f 3171/1345/2922 3177/1351/2922 3160/1327/2922
f 3179/16/2923 3180/15/2923 544/273/2923
f 3179/16/2924 544/273/2924 1817/1352/2924
f 3181/238/2925 544/273/2925 3180/15/2925
f 3153/1320/2926 3151/1319/2926 3184/1353/2926
f 3183/1354/2927 3153/1320/2927 3185/1355/2927
f 3185/1355/2928 3153/1320/2928 3184/1353/2928
f 3186/1356/2929 3149/1316/2929 3148/1317/2929
f 3186/1356/2930 3148/1317/2930 3153/1320/2930
f 3184/1353/2931 3151/1319/2931 3152/1357/2931
f 3184/1353/2932 3152/1357/2932 3187/1358/2932
f 3188/812/2933 3183/1354/2933 3185/1355/2933
f 3189/1359/2934 3190/1360/2934 3183/1354/2934
f 3189/1359/2935 3183/1354/2935 3188/812/2935
f 3190/1360/2936 3191/1318/2936 3183/1354/2936
f 3191/1318/2937 3186/1356/2937 3153/1320/2937
f 3191/1318/2938 3153/1320/2938 3183/1354/2938
f 3177/1351/2939 3187/1358/2939 3192/1361/2939
f 3177/1351/2940 3192/1361/2940 3193/15/2940
f 3177/1351/2941 3193/15/2941 3194/1362/2941
f 3177/1351/2942 3194/1362/2942 3160/1327/2942
f 3187/1358/2943 3152/1357/2943 3192/1361/2943
f 3170/1340/2944 3195/1363/2944 3171/1345/2944
f 3170/1340/2945 3171/1345/2945 3173/1346/2945
f 545/1342/2946 3170/1340/2946 3173/1346/2946
f 545/1342/2947 3173/1346/2947 3172/1347/2947
f 3171/1345/2948 551/280/2948 3177/1351/2948
f 3196/1337/2949 3172/1347/2949 3176/1350/2949
f 3196/1337/2950 545/1342/2950 3172/1347/2950
f 543/397/2951 545/1342/2951 3196/1337/2951
f 3170/1340/2952 3168/1338/2952 3195/1363/2952
f 3168/1338/2953 3143/1314/2953 3197/1364/2953
f 3168/1338/2954 3197/1364/2954 3195/1363/2954
f 3195/1363/2955 3197/1364/2955 3198/1365/2955
f 3195/1363/2956 3198/1365/2956 551/280/2956
f 3195/1363/2957 551/280/2957 3171/1345/2957
f 541/270/2958 3196/1337/2958 3176/1350/2958
f 541/270/2959 3176/1350/2959 3199/1366/2959
f 541/270/2960 3199/1366/2960 3189/1359/2960
f 541/270/2961 3189/1359/2961 3188/812/2961
f 1816/1330/2962 3188/812/2962 3185/1355/2962
f 1816/1330/2963 3185/1355/2963 3164/1331/2963
f 3164/1331/2964 3185/1355/2964 3184/1353/2964
f 3164/1331/2965 3184/1353/2965 3200/1367/2965
f 3184/1353/2966 3187/1358/2966 3201/1356/2966
f 3200/1367/2967 3184/1353/2967 3201/1356/2967
f 3200/1367/2968 3201/1356/2968 3202/1318/2968
f 3200/1367/2969 3202/1318/2969 3203/1368/2969
f 3163/1333/2970 3200/1367/2970 3203/1368/2970
f 3163/1333/2971 3203/1368/2971 3141/1312/2971
f 3164/1331/2972 3200/1367/2972 3163/1333/2972
f 3166/271/2973 3188/812/2973 1816/1330/2973
f 548/279/2974 1818/1369/2974 547/277/2974
f 3204/1370/2975 3205/1371/2975 3206/1372/2975
f 3205/1371/2976 3204/1370/2976 3181/1373/2976
f 3204/1370/2977 3206/1372/2977 3207/1374/2977
f 3204/1370/2978 3207/1374/2978 746/813/2978
f 3208/1375/2979 3181/1373/2979 3204/1370/2979
f 3208/1375/2980 3204/1370/2980 746/813/2980
f 3209/68/2981 3181/1373/2981 3208/1375/2981
f 3179/1376/2982 3205/1371/2982 3181/1373/2982
f 3179/1376/2983 3178/1377/2983 3205/1371/2983
f 3206/1372/2984 552/1378/2984 3207/1374/2984
f 3212/1379/2985 3210/1380/2985 3211/1381/2985
f 3211/1381/2986 552/1378/2986 3206/1372/2986
f 3212/1379/2987 3211/1381/2987 3206/1372/2987
f 3212/1379/2988 3178/1377/2988 3210/1380/2988
f 554/400/2989 1819/815/2989 745/814/2989
f 554/400/2990 745/814/2990 553/860/2990
f 3213/1382/2991 554/400/2991 3182/274/2991
f 3213/1382/2992 3182/274/2992 3209/68/2992
f 746/813/2993 554/400/2993 3213/1382/2993
f 746/813/2994 1819/815/2994 554/400/2994
f 1824/1383/2995 562/1384/2995 563/1329/2995
f 1824/1383/2996 563/1329/2996 1825/1328/2996
f 739/1385/2997 738/1336/2997 3214/1335/2997
f 3165/1334/2998 3147/268/2998 3215/1386/2998
f 3165/1334/2999 3215/1386/2999 3216/1386/2999
f 564/1387/3000 3165/1334/3000 3216/1386/3000
f 564/1387/3001 3216/1386/3001 563/1329/3001
f 564/1387/3002 3214/1335/3002 3165/1334/3002
f 569/287/3003 3214/1335/3003 564/1387/3003
f 3217/1359/3004 3218/1360/3004 3214/1335/3004
f 3217/1359/3005 3214/1335/3005 569/287/3005
f 3218/1360/3006 739/1385/3006 3214/1335/3006
f 560/857/3007 1822/817/3007 1820/818/3007
f 560/857/3008 1820/818/3008 555/859/3008
f 3220/1344/3009 3222/1388/3009 3144/811/3009
f 3221/1389/3010 3219/1343/3010 3169/1341/3010
f 3223/1325/3011 3221/1389/3011 3169/1341/3011
f 3223/1325/3012 3169/1341/3012 543/397/3012
f 3224/1349/3013 3219/1343/3013 3221/1389/3013
f 3225/1390/3014 571/290/3014 3219/1343/3014
f 3225/1390/3015 3219/1343/3015 3224/1349/3015
f 571/290/3016 1826/1391/3016 3219/1343/3016
f 1826/1391/3017 3220/1344/3017 3219/1343/3017
f 1826/1391/3018 1825/1328/3018 3226/1388/3018
f 1826/1391/3019 3226/1388/3019 3220/1344/3019
f 3220/1344/3020 3226/1388/3020 3222/1388/3020
f 556/1392/3021 1822/817/3021 560/857/3021
f 556/1392/3022 736/283/3022 559/282/3022
f 556/1392/3023 559/282/3023 1822/817/3023
f 1821/282/3024 557/281/3024 558/816/3024
f 736/283/3025 556/1392/3025 1823/1393/3025
f 3227/293/3026 562/1384/3026 1824/1383/3026
f 580/294/3027 3227/293/3027 1824/1383/3027
f 569/287/3028 564/1387/3028 565/1394/3028
f 565/1394/3029 564/1387/3029 563/1329/3029
f 3228/305/3030 565/1394/3030 563/1329/3030
f 3228/305/3031 563/1329/3031 562/1384/3031
f 3229/1395/3032 565/1394/3032 3228/305/3032
f 570/288/3033 569/287/3033 565/1394/3033
f 570/288/3034 565/1394/3034 3229/1395/3034
f 571/290/3035 3225/1390/3035 566/284/3035
f 569/287/3036 567/285/3036 3230/1396/3036
f 569/287/3037 3230/1396/3037 3217/1359/3037
f 571/290/3038 572/289/3038 1826/1391/3038
f 573/291/3039 3231/1397/3039 572/289/3039
f 3231/1397/3040 1824/1383/3040 1825/1328/3040
f 3231/1397/3041 1825/1328/3041 572/289/3041
f 572/289/3042 1825/1328/3042 1826/1391/3042
f 574/296/3043 570/288/3043 1827/1395/3043
f 574/296/3044 1827/1395/3044 578/297/3044
f 578/297/3045 1827/1395/3045 579/305/3045
f 579/305/3046 562/1384/3046 3227/293/3046
f 568/286/3047 570/288/3047 574/296/3047
f 575/292/3048 577/819/3048 573/291/3048
f 575/292/3049 573/291/3049 571/290/3049
f 576/337/3050 580/294/3050 1824/1383/3050
f 3257/1398/3051 575/292/3051 568/286/3051
f 3257/1398/3052 568/286/3052 3232/1399/3052
f 3232/1399/3053 568/286/3053 574/296/3053
f 585/298/3054 3232/1399/3054 574/296/3054
f 3227/293/3055 578/297/3055 579/305/3055
f 580/294/3056 576/337/3056 577/819/3056
f 581/310/3057 3233/1400/3057 3234/15/3057
f 581/310/3058 3234/15/3058 3235/1401/3058
f 581/310/3059 3235/1401/3059 3236/1390/3059
f 601/822/3060 3233/1400/3060 581/310/3060
f 601/822/3061 589/1402/3061 3233/1400/3061
f 577/819/3062 575/292/3062 3237/1403/3062
f 3237/1403/3063 575/292/3063 3257/1398/3063
f 583/1404/3064 580/294/3064 577/819/3064
f 583/1404/3065 577/819/3065 582/1405/3065
f 609/410/3066 580/294/3066 583/1404/3066
f 584/295/3067 3260/820/3067 578/297/3067
f 584/295/3068 578/297/3068 3227/293/3068
f 3238/1406/3069 587/1407/3069 586/1408/3069
f 3239/1409/3070 586/1408/3070 1828/1410/3070
f 588/1411/3071 591/300/3071 3241/1412/3071
f 591/300/3072 590/299/3072 3242/1413/3072
f 3241/1412/3073 591/300/3073 3242/1413/3073
f 588/1411/3074 3241/1412/3074 589/1402/3074
f 601/822/3075 588/1411/3075 589/1402/3075
f 595/1414/3076 3243/1415/3076 3244/1416/3076
f 595/1414/3077 3244/1416/3077 593/312/3077
f 592/301/3078 1829/821/3078 590/299/3078
f 603/1417/3079 595/1414/3079 593/312/3079
f 603/1417/3080 593/312/3080 594/311/3080
f 602/823/3081 1830/1418/3081 3245/1419/3081
f 602/823/3082 3245/1419/3082 595/1414/3082
f 581/310/3083 3236/1390/3083 3246/1420/3083
f 581/310/3084 3246/1420/3084 602/823/3084
f 602/823/3085 3246/1420/3085 1830/1418/3085
f 3245/1419/3086 3243/1415/3086 595/1414/3086
f 602/823/3087 595/1414/3087 603/1417/3087
f 3240/1421/3088 3247/1422/3088 1831/1423/3088
f 3247/1422/3089 596/302/3089 755/863/3089
f 1831/1423/3090 3247/1422/3090 755/863/3090
f 3238/1424/3091 1831/1423/3091 3248/1425/3091
f 3238/1424/3092 3240/1421/3092 1831/1423/3092
f 3239/238/3093 3249/1426/3093 3240/1421/3093
f 3249/1426/3094 3247/1422/3094 3240/1421/3094
f 3250/1427/3095 587/1407/3095 3238/1406/3095
f 3250/1427/3096 605/309/3096 587/1407/3096
f 3250/1427/3097 755/863/3097 605/309/3097
f 3251/304/3098 597/307/3098 596/302/3098
f 3247/1428/3099 3251/304/3099 598/303/3099
f 3247/1428/3100 1828/1410/3100 3251/304/3100
f 3247/1428/3101 3239/1409/3101 1828/1410/3101
f 604/308/3102 602/823/3102 603/1417/3102
f 3252/1429/3103 582/1405/3103 1830/1418/3103
f 1830/1418/3104 582/1405/3104 3253/1430/3104
f 1830/1418/3105 3253/1430/3105 3254/1431/3105
f 3246/1420/3106 3252/1429/3106 1830/1418/3106
f 3255/1432/3107 3256/249/3107 582/1405/3107
f 3255/1432/3108 582/1405/3108 3252/1429/3108
f 1830/1418/3109 3254/1431/3109 3245/1419/3109
f 3241/1412/3110 3258/1433/3110 3259/1434/3110
f 3241/1412/3111 3259/1434/3111 3260/820/3111
f 3261/1435/3112 3241/1412/3112 3260/820/3112
f 3261/1435/3113 3260/820/3113 584/295/3113
f 3263/1436/3114 3261/1435/3114 584/295/3114
f 3263/1436/3115 584/295/3115 3264/68/3115
f 3265/1437/3116 3241/1412/3116 3261/1435/3116
f 589/1402/3117 3241/1412/3117 3265/1437/3117
f 3241/1412/3118 3242/1413/3118 3258/1433/3118
f 609/410/3119 3264/68/3119 584/295/3119
f 3260/820/3120 3259/1434/3120 585/298/3120
f 3262/1438/3121 585/298/3121 3259/1434/3121
f 3232/1399/3122 585/298/3122 3262/1438/3122
f 3232/1399/3123 3456/1439/3123 3257/1398/3123
f 582/1405/3124 577/819/3124 3237/1403/3124
f 3257/1398/3125 3253/1430/3125 3237/1403/3125
f 582/1405/3126 3237/1403/3126 3253/1430/3126
f 3256/249/3127 583/1404/3127 582/1405/3127
f 610/316/3128 613/411/3128 611/317/3128
f 611/317/3129 609/410/3129 583/1404/3129
f 611/317/3130 583/1404/3130 612/824/3130
f 610/316/3131 754/409/3131 614/408/3131
f 610/316/3132 607/313/3132 754/409/3132
f 3266/1440/3133 3268/249/3133 3269/1441/3133
f 3266/1440/3134 3269/1441/3134 3267/1442/3134
f 1834/1443/3135 3267/1442/3135 3269/1441/3135
f 1834/1443/3136 3269/1441/3136 3270/1444/3136
f 3293/1445/3137 3267/1442/3137 1834/1443/3137
f 622/392/3138 617/828/3138 616/826/3138
f 1833/1446/3139 1832/388/3139 3272/1447/3139
f 1833/1446/3140 3272/1447/3140 3273/249/3140
f 3271/1448/3141 1833/1446/3141 3273/249/3141
f 3271/1448/3142 3273/249/3142 3268/249/3142
f 3271/1448/3143 3268/249/3143 3266/1440/3143
f 3274/1449/3144 1833/1446/3144 3271/1448/3144
f 3275/1450/3145 1834/1443/3145 619/1451/3145
f 3275/1450/3146 619/1451/3146 618/1452/3146
f 1834/1443/3147 3270/1444/3147 3276/68/3147
f 619/1451/3148 1834/1443/3148 3276/68/3148
f 619/1451/3149 3277/68/3149 618/1452/3149
f 618/1452/3150 3277/68/3150 620/395/3150
f 620/395/3151 3277/68/3151 3278/1453/3151
f 620/395/3152 3278/1453/3152 1832/388/3152
f 1832/388/3153 3278/1453/3153 3272/1447/3153
f 3279/1454/3154 3280/1455/3154 3281/15/3154
f 3279/1454/3155 3281/15/3155 3282/1456/3155
f 3282/1456/3156 3281/15/3156 3283/1457/3156
f 3284/1458/3157 3285/1312/3157 3280/1455/3157
f 3286/1459/3158 3283/1457/3158 3287/1390/3158
f 3286/1459/3159 3282/1456/3159 3283/1457/3159
f 3288/811/3160 3289/1315/3160 3282/1456/3160
f 3288/811/3161 3282/1456/3161 3286/1459/3161
f 3289/1315/3162 3290/417/3162 3282/1456/3162
f 3279/1454/3163 3282/1456/3163 3290/417/3163
f 3291/268/3164 3284/1458/3164 3279/1454/3164
f 3284/1458/3165 3280/1455/3165 3279/1454/3165
f 3292/1460/3166 3293/1445/3166 3275/1450/3166
f 3292/1460/3167 3275/1450/3167 618/1452/3167
f 3292/1460/3168 618/1452/3168 3294/1461/3168
f 3275/1450/3169 3293/1445/3169 1834/1443/3169
f 3295/1356/3170 618/1452/3170 620/395/3170
f 3294/1461/3171 618/1452/3171 3295/1356/3171
f 3294/1461/3172 3295/1356/3172 3296/1318/3172
f 3294/1461/3173 3296/1318/3173 3297/1462/3173
f 3299/1463/3174 3292/1460/3174 3294/1461/3174
f 3299/1463/3175 3294/1461/3175 3297/1462/3175
f 3300/68/3176 3293/1445/3176 3292/1460/3176
f 3301/1464/3177 3266/1440/3177 3267/1442/3177
f 3302/1465/3178 3301/1464/3178 3267/1442/3178
f 3302/1465/3179 3267/1442/3179 3293/1445/3179
f 3303/1466/3180 3293/1445/3180 3300/68/3180
f 3302/1465/3181 3293/1445/3181 3303/1466/3181
f 3302/1465/3182 3304/249/3182 3301/1464/3182
f 3305/1467/3183 3306/1468/3183 1833/1446/3183
f 3305/1467/3184 1833/1446/3184 3274/1449/3184
f 729/389/3185 1832/388/3185 1833/1446/3185
f 3274/1449/3186 3271/1448/3186 3266/1440/3186
f 3274/1449/3187 3266/1440/3187 3301/1464/3187
f 3301/1464/3188 3305/1467/3188 3274/1449/3188
f 3304/249/3189 3305/1467/3189 3301/1464/3189
f 3307/1469/3190 3308/1470/3190 3306/1468/3190
f 3307/1469/3191 3306/1468/3191 3305/1467/3191
f 3308/1470/3192 729/389/3192 3306/1468/3192
f 3306/1468/3193 729/389/3193 1833/1446/3193
f 621/390/3194 729/389/3194 617/828/3194
f 1835/1471/3195 624/328/3195 3310/331/3195
f 3311/268/3196 3291/268/3196 3309/267/3196
f 3309/267/3197 3312/15/3197 624/328/3197
f 3310/331/3198 624/328/3198 3312/15/3198
f 3313/811/3199 3310/331/3199 3288/811/3199
f 3313/811/3200 1835/1471/3200 3310/331/3200
f 1839/811/3201 3370/831/3201 1835/1471/3201
f 3370/831/3202 624/328/3202 1835/1471/3202
f 645/268/3203 3314/268/3203 624/328/3203
f 3314/268/3204 3311/268/3204 624/328/3204
f 3311/268/3205 3309/267/3205 624/328/3205
f 1836/1472/3206 3317/1473/3206 3315/1474/3206
f 3315/1474/3207 3317/1473/3207 3316/1475/3207
f 3316/1475/3208 3285/1312/3208 3284/1458/3208
f 3318/1476/3209 3316/1475/3209 3284/1458/3209
f 3318/1476/3210 3284/1458/3210 3291/268/3210
f 3319/1477/3211 3315/1474/3211 3316/1475/3211
f 3319/1477/3212 3316/1475/3212 3318/1476/3212
f 3320/1478/3213 1836/1472/3213 3315/1474/3213
f 3320/1478/3214 3315/1474/3214 3319/1477/3214
f 3321/1479/3215 1836/1472/3215 3320/1478/3215
f 626/379/3216 625/1480/3216 718/377/3216
f 627/1481/3217 3350/1482/3217 626/379/3217
f 626/379/3218 3350/1482/3218 625/1480/3218
f 3321/1479/3219 718/377/3219 625/1480/3219
f 3323/1483/3220 3286/1459/3220 3287/1390/3220
f 3322/1484/3221 3323/1483/3221 3325/1485/3221
f 3324/1486/3222 3322/1484/3222 3325/1485/3222
f 3324/1486/3223 3325/1485/3223 631/1487/3223
f 627/1481/3224 3324/1486/3224 631/1487/3224
f 3324/1486/3225 3377/1488/3225 3322/1484/3225
f 3377/1488/3226 3378/1489/3226 3323/1483/3226
f 3377/1488/3227 3323/1483/3227 3322/1484/3227
f 3378/1489/3228 3288/811/3228 3286/1459/3228
f 3378/1489/3229 3286/1459/3229 3323/1483/3229
f 3307/1469/3230 3326/1490/3230 3308/1470/3230
f 3328/1491/3231 3326/1490/3231 3307/1469/3231
f 3327/1492/3232 3328/1491/3232 3307/1469/3232
f 3329/1493/3233 3307/1469/3233 3305/1467/3233
f 3329/1493/3234 3305/1467/3234 3304/249/3234
f 3330/1494/3235 3327/1492/3235 3307/1469/3235
f 3330/1494/3236 3307/1469/3236 3329/1493/3236
f 3331/1495/3237 3327/1492/3237 3330/1494/3237
f 3332/1496/3238 3333/1497/3238 3327/1492/3238
f 3332/1496/3239 3327/1492/3239 3331/1495/3239
f 3333/1497/3240 3328/1491/3240 3327/1492/3240
f 3326/1490/3241 3334/854/3241 3308/1470/3241
f 1837/1498/3242 3335/1499/3242 628/850/3242
f 3299/1463/3243 3297/1462/3243 3338/1500/3243
f 3337/1501/3244 3299/1463/3244 3339/1502/3244
f 3339/1502/3245 3299/1463/3245 3338/1500/3245
f 3340/1503/3246 3300/68/3246 3292/1460/3246
f 3340/1503/3247 3292/1460/3247 3299/1463/3247
f 3338/1500/3248 3297/1462/3248 3298/1504/3248
f 3338/1500/3249 3298/1504/3249 3341/829/3249
f 3342/1505/3250 3337/1501/3250 3339/1502/3250
f 3343/1359/3251 3344/1437/3251 3337/1501/3251
f 3343/1359/3252 3337/1501/3252 3342/1505/3252
f 3344/1437/3253 3345/1506/3253 3337/1501/3253
f 3345/1506/3254 3340/1503/3254 3299/1463/3254
f 3345/1506/3255 3299/1463/3255 3337/1501/3255
f 3346/1507/3256 630/1508/3256 629/15/3256
f 3346/1507/3257 629/15/3257 1838/1401/3257
f 3346/1507/3258 1838/1401/3258 3334/854/3258
f 3334/854/3259 1838/1401/3259 3308/1470/3259
f 3346/1507/3260 3341/829/3260 3298/1504/3260
f 3346/1507/3261 3298/1504/3261 630/1508/3261
f 3325/1485/3262 3347/1509/3262 3326/1490/3262
f 3325/1485/3263 3326/1490/3263 3328/1491/3263
f 631/1487/3264 3325/1485/3264 3328/1491/3264
f 631/1487/3265 3328/1491/3265 3333/1497/3265
f 3326/1490/3266 640/852/3266 3334/854/3266
f 627/1481/3267 631/1487/3267 3333/1497/3267
f 3325/1485/3268 3323/1483/3268 3347/1509/3268
f 3323/1483/3269 3287/1390/3269 3348/1364/3269
f 3323/1483/3270 3348/1364/3270 3347/1509/3270
f 3347/1509/3271 3348/1364/3271 3349/1510/3271
f 3347/1509/3272 3349/1510/3272 640/852/3272
f 3347/1509/3273 640/852/3273 3326/1490/3273
f 3350/1482/3274 3332/1496/3274 3351/1511/3274
f 3350/1482/3275 3351/1511/3275 625/1480/3275
f 625/1480/3276 3351/1511/3276 3343/1359/3276
f 625/1480/3277 3343/1359/3277 3342/1505/3277
f 625/1480/3278 3342/1505/3278 3321/1479/3278
f 3350/1482/3279 627/1481/3279 3333/1497/3279
f 3350/1482/3280 3333/1497/3280 3332/1496/3280
f 1836/1472/3281 3342/1505/3281 3339/1502/3281
f 1836/1472/3282 3339/1502/3282 3317/1473/3282
f 3317/1473/3283 3339/1502/3283 3338/1500/3283
f 3317/1473/3284 3338/1500/3284 3352/1512/3284
f 3338/1500/3285 3341/829/3285 3353/1513/3285
f 3352/1512/3286 3338/1500/3286 3353/1513/3286
f 3352/1512/3287 3353/1513/3287 3354/1318/3287
f 3352/1512/3288 3354/1318/3288 3355/1368/3288
f 3316/1475/3289 3352/1512/3289 3355/1368/3289
f 3316/1475/3290 3355/1368/3290 3285/1312/3290
f 3317/1473/3291 3352/1512/3291 3316/1475/3291
f 3321/1479/3292 3342/1505/3292 1836/1472/3292
f 637/322/3293 635/321/3293 636/323/3293
f 639/318/3294 641/1514/3294 634/830/3294
f 635/321/3295 634/830/3295 641/1514/3295
f 3356/1515/3296 3358/1516/3296 3359/1517/3296
f 3359/1517/3297 3357/1518/3297 3356/1515/3297
f 3357/1518/3298 3360/1519/3298 3356/1515/3298
f 3361/1520/3299 3359/1517/3299 3358/1516/3299
f 628/17/3300 3336/1521/3300 3359/1517/3300
f 628/17/3301 3359/1517/3301 3361/1520/3301
f 1837/1522/3302 3359/1517/3302 3336/1521/3302
f 1837/1522/3303 3362/1523/3303 3359/1517/3303
f 3362/1523/3304 3363/1524/3304 3357/1518/3304
f 3362/1523/3305 3357/1518/3305 3359/1517/3305
f 3358/1516/3306 3365/1525/3306 725/387/3306
f 3358/1516/3307 3356/1515/3307 3365/1525/3307
f 3356/1515/3308 3364/1526/3308 3365/1525/3308
f 3360/1519/3309 3364/1526/3309 3356/1515/3309
f 3367/1527/3310 3364/1526/3310 3360/1519/3310
f 3363/1524/3311 3366/1528/3311 3367/1527/3311
f 3363/1524/3312 3367/1527/3312 3360/1519/3312
f 3363/1524/3313 3368/1529/3313 3366/1528/3313
f 3368/1529/3314 1837/1498/3314 3366/1528/3314
f 643/327/3315 725/387/3315 724/386/3315
f 643/327/3316 724/386/3316 3345/325/3316
f 643/327/3317 642/326/3317 628/850/3317
f 3369/303/3318 643/327/3318 628/850/3318
f 3358/1516/3319 643/327/3319 3369/303/3319
f 3358/1516/3320 725/387/3320 643/327/3320
f 3372/1530/3321 3370/831/3321 1840/832/3321
f 3372/1530/3322 3371/1531/3322 3370/831/3322
f 3371/1531/3323 652/1532/3323 3370/831/3323
f 652/1532/3324 3373/1386/3324 3370/831/3324
f 3373/1386/3325 644/269/3325 624/328/3325
f 3373/1386/3326 624/328/3326 3370/831/3326
f 1853/1533/3327 3320/1478/3327 3319/1477/3327
f 1853/1533/3328 3319/1477/3328 3318/1476/3328
f 3318/1476/3329 3291/268/3329 3374/1386/3329
f 3318/1476/3330 3374/1386/3330 3375/1386/3330
f 3376/833/3331 3318/1476/3331 3375/1386/3331
f 3376/833/3332 3375/1386/3332 645/268/3332
f 3376/833/3333 1853/1533/3333 3318/1476/3333
f 657/329/3334 1853/1533/3334 3376/833/3334
f 720/381/3335 3320/1478/3335 1853/1533/3335
f 662/1534/3336 3377/1488/3336 3379/1535/3336
f 3378/1489/3337 3380/1536/3337 3288/811/3337
f 3379/1535/3338 3377/1488/3338 3324/1486/3338
f 3381/1493/3339 3379/1535/3339 3324/1486/3339
f 3381/1493/3340 3324/1486/3340 627/1481/3340
f 3382/1495/3341 662/1534/3341 3379/1535/3341
f 3383/1390/3342 662/1534/3342 3382/1495/3342
f 662/1534/3343 3384/1537/3343 3377/1488/3343
f 3384/1537/3344 3378/1489/3344 3377/1488/3344
f 3384/1537/3345 1839/811/3345 3385/1388/3345
f 3384/1537/3346 3385/1388/3346 3378/1489/3346
f 3378/1489/3347 3385/1388/3347 3380/1536/3347
f 648/1538/3348 650/378/3348 647/382/3348
f 646/385/3349 648/1538/3349 647/382/3349
f 648/1538/3350 649/847/3350 650/378/3350
f 647/382/3351 650/378/3351 1852/380/3351
f 649/847/3352 648/1538/3352 1841/1539/3352
f 651/339/3353 652/1532/3353 3371/1531/3353
f 651/339/3354 653/836/3354 652/1532/3354
f 654/834/3355 3376/833/3355 1842/1540/3355
f 3376/833/3356 645/268/3356 3386/1386/3356
f 1842/1540/3357 3376/833/3357 3386/1386/3357
f 1842/1540/3358 3386/1386/3358 3387/268/3358
f 3388/305/3359 1842/1540/3359 3387/268/3359
f 3388/305/3360 3387/268/3360 652/268/3360
f 654/834/3361 1842/1540/3361 3388/305/3361
f 655/332/3362 657/329/3362 3376/833/3362
f 662/1534/3363 3383/1390/3363 659/330/3363
f 660/331/3364 664/335/3364 662/1534/3364
f 660/331/3365 662/1534/3365 659/330/3365
f 662/1534/3366 663/334/3366 3384/1537/3366
f 664/335/3367 663/334/3367 662/1534/3367
f 3384/1537/3368 3389/1388/3368 1839/811/3368
f 665/336/3369 3371/811/3369 3390/1536/3369
f 665/336/3370 3390/1536/3370 663/334/3370
f 663/334/3371 3390/1536/3371 3389/1388/3371
f 663/334/3372 3389/1388/3372 3384/1537/3372
f 691/376/3373 651/339/3373 666/343/3373
f 691/376/3374 653/836/3374 651/339/3374
f 668/837/3375 654/834/3375 653/836/3375
f 668/837/3376 655/332/3376 654/834/3376
f 654/834/3377 3391/305/3377 653/836/3377
f 653/836/3378 3391/305/3378 652/1532/3378
f 3392/340/3379 3393/1541/3379 658/15/3379
f 3392/340/3380 658/15/3380 655/332/3380
f 3392/340/3381 655/332/3381 668/837/3381
f 670/338/3382 669/337/3382 665/336/3382
f 670/338/3383 665/336/3383 664/335/3383
f 3393/1541/3384 670/338/3384 664/335/3384
f 651/339/3385 3371/1531/3385 669/337/3385
f 673/341/3386 3392/340/3386 668/837/3386
f 3396/1542/3387 3395/1543/3387 3397/1544/3387
f 3398/865/3388 3399/1545/3388 3394/1546/3388
f 3394/1546/3389 3399/1545/3389 3395/1543/3389
f 762/415/3390 3397/1544/3390 3400/348/3390
f 762/415/3391 3396/1542/3391 3397/1544/3391
f 3392/340/3392 671/342/3392 3393/1541/3392
f 672/344/3393 3393/1541/3393 671/342/3393
f 672/344/3394 670/338/3394 3393/1541/3394
f 3402/353/3395 3401/1547/3395 3404/15/3395
f 3402/353/3396 3404/15/3396 3405/1401/3396
f 3402/353/3397 3405/1401/3397 3406/1314/3397
f 680/346/3398 3401/1547/3398 3402/353/3398
f 680/346/3399 3402/353/3399 685/352/3399
f 680/346/3400 674/349/3400 3401/1547/3400
f 674/349/3401 3403/1548/3401 3401/1547/3401
f 679/1549/3402 686/355/3402 676/354/3402
f 679/1549/3403 676/354/3403 3407/1550/3403
f 1845/1551/3404 3407/1550/3404 676/354/3404
f 3408/1552/3405 3409/15/3405 3407/1550/3405
f 3408/1552/3406 3407/1550/3406 1845/1551/3406
f 3410/1553/3407 679/1549/3407 3407/1550/3407
f 674/349/3408 3400/348/3408 675/1554/3408
f 675/1554/3409 3403/1548/3409 674/349/3409
f 678/351/3410 3411/1314/3410 3412/1416/3410
f 678/351/3411 3412/1416/3411 677/839/3411
f 676/354/3412 1843/838/3412 3400/348/3412
f 678/351/3413 3413/1555/3413 3425/1556/3413
f 678/351/3414 3425/1556/3414 3414/1557/3414
f 3413/1555/3415 3402/353/3415 3406/1314/3415
f 3414/1557/3416 3411/1314/3416 678/351/3416
f 678/351/3417 3402/353/3417 3413/1555/3417
f 3415/1558/3418 3416/1559/3418 680/346/3418
f 1844/1560/3419 3415/1558/3419 680/346/3419
f 1844/1560/3420 685/352/3420 3417/1561/3420
f 3410/40/3421 3418/1562/3421 1844/1560/3421
f 3410/40/3422 1844/1560/3422 3417/1561/3422
f 3418/1562/3423 3409/15/3423 3415/1558/3423
f 3418/1562/3424 3415/1558/3424 1844/1560/3424
f 3419/1563/3425 3415/1558/3425 3409/15/3425
f 1845/238/3426 3416/1559/3426 3415/1558/3426
f 1845/238/3427 3415/1558/3427 3419/1563/3427
f 679/1549/3428 685/352/3428 686/355/3428
f 3420/1564/3429 679/1549/3429 3410/1553/3429
f 3420/1564/3430 685/352/3430 679/1549/3430
f 685/352/3431 1844/1560/3431 680/346/3431
f 681/347/3432 1845/1551/3432 676/354/3432
f 681/347/3433 676/354/3433 3422/305/3433
f 681/347/3434 3422/305/3434 682/840/3434
f 3416/1565/3435 681/347/3435 683/303/3435
f 3416/1565/3436 3421/1566/3436 681/347/3436
f 3421/1566/3437 1845/1551/3437 681/347/3437
f 681/347/3438 682/840/3438 674/349/3438
f 3423/1567/3439 3424/345/3439 3425/1556/3439
f 3426/1432/3440 3427/249/3440 666/343/3440
f 3426/1432/3441 666/343/3441 3423/1567/3441
f 3423/1567/3442 666/343/3442 3424/345/3442
f 3428/1568/3443 3424/345/3443 672/344/3443
f 3425/1556/3444 3424/345/3444 3428/1568/3444
f 3425/1556/3445 3428/1568/3445 3429/1348/3445
f 3425/1556/3446 3429/1348/3446 3414/1557/3446
f 3425/1556/3447 3413/1555/3447 3423/1567/3447
f 3431/1569/3448 3430/1570/3448 667/835/3448
f 3431/1569/3449 675/1554/3449 3430/1570/3449
f 3399/1545/3450 3398/865/3450 673/341/3450
f 3399/1545/3451 673/341/3451 3430/1570/3451
f 3432/1436/3452 667/835/3452 3433/68/3452
f 3431/1569/3453 667/835/3453 3432/1436/3453
f 675/1554/3454 3431/1569/3454 3434/1437/3454
f 675/1554/3455 3434/1437/3455 3403/1548/3455
f 3400/348/3456 3397/1544/3456 675/1554/3456
f 675/1554/3457 3397/1544/3457 3399/1545/3457
f 675/1554/3458 3399/1545/3458 3430/1570/3458
f 690/361/3459 691/376/3459 666/343/3459
f 690/361/3460 666/343/3460 3427/249/3460
f 3433/68/3461 667/835/3461 691/376/3461
f 673/341/3462 667/835/3462 3430/1570/3462
f 3428/1568/3463 672/344/3463 671/342/3463
f 671/342/3464 673/341/3464 3398/865/3464
f 694/356/3465 696/1571/3465 689/359/3465
f 509/247/3466 473/228/3466 3081/19/3466
f 509/247/3467 3081/19/3467 3078/1572/3467
f 509/247/3468 3078/1572/3468 3077/1/3468
f 476/231/3469 509/247/3469 3077/1/3469
f 476/231/3470 3077/1/3470 3079/1143/3470
f 476/231/3471 3079/1143/3471 3080/1116/3471
f 476/231/3472 3080/1116/3472 698/364/3472
f 3071/362/3473 1846/841/3473 3076/35/3473
f 3071/362/3474 3072/798/3474 508/246/3474
f 508/246/3475 3072/798/3475 3073/7/3475
f 508/246/3476 3073/7/3476 3075/34/3476
f 485/7/3477 508/246/3477 3075/34/3477
f 485/7/3478 3075/34/3478 484/34/3478
f 487/9/3479 486/241/3479 1846/841/3479
f 487/9/3480 1846/841/3480 3071/362/3480
f 697/363/3481 3082/1573/3481 700/221/3481
f 506/245/3482 697/363/3482 700/221/3482
f 506/245/3483 700/221/3483 699/38/3483
f 506/245/3484 699/38/3484 1847/243/3484
f 506/245/3485 1847/243/3485 3081/19/3485
f 506/245/3486 3081/19/3486 473/228/3486
f 493/243/3487 506/245/3487 473/228/3487
f 496/244/3488 495/1294/3488 697/363/3488
f 698/364/3489 3080/1116/3489 702/238/3489
f 505/242/3490 698/364/3490 702/238/3490
f 505/242/3491 702/238/3491 701/366/3491
f 505/242/3492 701/366/3492 1848/199/3492
f 505/242/3493 1848/199/3493 1846/841/3493
f 1846/841/3494 1848/199/3494 3076/35/3494
f 499/238/3495 476/231/3495 698/364/3495
f 3081/19/3496 1847/243/3496 465/365/3496
f 3081/19/3497 465/365/3497 3066/1290/3497
f 3082/1573/3498 3070/1291/3498 458/223/3498
f 3082/1573/3499 458/223/3499 700/221/3499
f 1848/199/3500 463/224/3500 3065/35/3500
f 1848/199/3501 3065/35/3501 3076/35/3501
f 702/238/3502 3080/1116/3502 3069/274/3502
f 702/238/3503 3069/274/3503 456/196/3503
f 3080/1116/3504 3079/1143/3504 467/67/3504
f 3080/1116/3505 467/67/3505 3069/274/3505
f 3079/1143/3506 3077/1/3506 462/1292/3506
f 3079/1143/3507 462/1292/3507 467/67/3507
f 3077/1/3508 3078/1572/3508 461/1293/3508
f 3077/1/3509 461/1293/3509 462/1292/3509
f 3078/1572/3510 3081/19/3510 3066/1290/3510
f 3078/1572/3511 3066/1290/3511 461/1293/3511
f 3073/7/3512 466/803/3512 3067/34/3512
f 3073/7/3513 3067/34/3513 3074/424/3513
f 3072/798/3514 460/798/3514 466/803/3514
f 3072/798/3515 466/803/3515 3073/7/3515
f 3071/362/3516 459/8/3516 460/798/3516
f 3071/362/3517 460/798/3517 3072/798/3517
f 3076/35/3518 3065/35/3518 459/8/3518
f 3076/35/3519 459/8/3519 3071/362/3519
f 704/805/3520 3108/842/3520 483/234/3520
f 469/226/3521 3108/842/3521 704/805/3521
f 521/199/3522 522/66/3522 468/804/3522
f 524/252/3523 468/804/3523 522/66/3523
f 524/252/3524 518/808/3524 468/804/3524
f 511/215/3525 3435/219/3525 517/250/3525
f 3435/219/3526 706/219/3526 517/250/3526
f 3124/34/3527 514/7/3527 705/807/3527
f 510/428/3528 704/805/3528 706/219/3528
f 510/428/3529 706/219/3529 511/215/3529
f 3438/1574/3530 3437/1575/3530 3428/1568/3530
f 3441/1576/3531 3411/1314/3531 3439/1325/3531
f 3441/1576/3532 3439/1325/3532 3436/1577/3532
f 3436/1577/3533 3439/1325/3533 3437/1575/3533
f 3440/1578/3534 3438/1574/3534 3428/1568/3534
f 763/416/3535 3442/418/3535 671/342/3535
f 763/416/3536 671/342/3536 3398/865/3536
f 3440/1578/3537 3428/1568/3537 671/342/3537
f 3440/1578/3538 671/342/3538 3442/418/3538
f 760/413/3539 762/415/3539 3400/348/3539
f 760/413/3540 3400/348/3540 3443/1508/3540
f 707/65/3541 760/413/3541 3443/1508/3541
f 707/65/3542 3443/1508/3542 3444/15/3542
f 707/65/3543 3444/15/3543 3445/1401/3543
f 707/65/3544 3445/1401/3544 708/864/3544
f 708/864/3545 3445/1401/3545 3411/1314/3545
f 708/864/3546 3411/1314/3546 3441/1576/3546
f 3446/230/3547 1864/1579/3547 3447/1580/3547
f 3446/230/3548 3447/1580/3548 3448/68/3548
f 3446/230/3549 3534/1581/3549 1864/1579/3549
f 3449/274/3550 3450/1582/3550 3534/1581/3550
f 3449/274/3551 3534/1581/3551 3446/230/3551
f 3451/68/3552 3262/1438/3552 3450/1582/3552
f 3451/68/3553 3450/1582/3553 3449/274/3553
f 3452/238/3554 3453/1583/3554 3262/1438/3554
f 3452/238/3555 3262/1438/3555 3451/68/3555
f 3454/417/3556 3453/1583/3556 3452/238/3556
f 3454/417/3557 3455/16/3557 3456/1439/3557
f 3454/417/3558 3456/1439/3558 3453/1583/3558
f 3455/16/3559 1849/249/3559 3530/371/3559
f 3455/16/3560 3530/371/3560 3456/1439/3560
f 710/16/3561 3457/1584/3561 3524/15/3561
f 710/16/3562 3524/15/3562 3526/368/3562
f 3457/1584/3563 3525/1585/3563 3524/15/3563
f 3448/68/3564 3447/1580/3564 3525/1585/3564
f 3448/68/3565 3525/1585/3565 3457/1584/3565
f 3458/1586/3566 709/369/3566 756/843/3566
f 3458/1586/3567 756/843/3567 757/1587/3567
f 3458/1586/3568 757/1587/3568 3531/1588/3568
f 712/372/3569 3458/1586/3569 3531/1588/3569
f 712/372/3570 3531/1588/3570 711/370/3570
f 696/1571/3571 3459/1589/3571 3460/1590/3571
f 694/356/3572 3427/249/3572 3461/846/3572
f 694/356/3573 3461/846/3573 696/1571/3573
f 696/1571/3574 3461/846/3574 3459/1589/3574
f 3459/1589/3575 3462/1591/3575 3460/1590/3575
f 3463/1592/3576 3460/1590/3576 3462/1591/3576
f 3463/1592/3577 3462/1591/3577 3406/1314/3577
f 689/359/3578 3460/1590/3578 3463/1592/3578
f 696/1571/3579 3460/1590/3579 689/359/3579
f 3464/373/3580 3403/1359/3580 3465/1593/3580
f 3464/373/3581 3465/1593/3581 695/374/3581
f 713/844/3582 695/374/3582 3465/1593/3582
f 693/358/3583 714/1594/3583 3433/68/3583
f 693/358/3584 692/357/3584 714/1594/3584
f 692/357/3585 713/844/3585 714/1594/3585
f 690/361/3586 3466/28/3586 694/356/3586
f 3463/1592/3587 3406/1314/3587 3468/1595/3587
f 3463/1592/3588 3468/1595/3588 3469/15/3588
f 3463/1592/3589 3469/15/3589 3470/1396/3589
f 3463/1592/3590 3470/1396/3590 3467/1596/3590
f 3467/1596/3591 3470/1396/3591 3403/1359/3591
f 3467/1596/3592 3403/1359/3592 3464/373/3592
f 688/375/3593 3467/1596/3593 3464/373/3593
f 688/375/3594 687/360/3594 3467/1596/3594
f 687/360/3595 3463/1592/3595 3467/1596/3595
f 689/359/3596 3463/1592/3596 687/360/3596
f 3471/1597/3597 1850/384/3597 3472/1598/3597
f 3472/1598/3598 1850/384/3598 657/329/3598
f 3472/1598/3599 657/329/3599 3473/15/3599
f 3472/1598/3600 3383/1390/3600 716/1599/3600
f 3471/1597/3601 3472/1598/3601 716/1599/3601
f 1841/1539/3602 648/1538/3602 3471/1597/3602
f 1841/1539/3603 3471/1597/3603 716/1599/3603
f 646/385/3604 1850/384/3604 3471/1597/3604
f 646/385/3605 3471/1597/3605 648/1538/3605
f 716/1599/3606 3383/1390/3606 3474/1600/3606
f 716/1599/3607 3474/1600/3607 717/845/3607
f 1851/846/3608 627/249/3608 719/28/3608
f 649/847/3609 1851/846/3609 719/28/3609
f 649/847/3610 719/28/3610 650/378/3610
f 649/847/3611 1841/1539/3611 716/1599/3611
f 649/847/3612 716/1599/3612 717/845/3612
f 719/28/3613 3475/28/3613 626/379/3613
f 1852/380/3614 718/377/3614 3476/274/3614
f 650/378/3615 719/28/3615 626/379/3615
f 721/383/3616 1852/380/3616 3321/68/3616
f 1850/384/3617 720/381/3617 1853/1533/3617
f 1850/384/3618 1853/1533/3618 657/329/3618
f 647/382/3619 720/381/3619 646/385/3619
f 647/382/3620 1852/380/3620 721/383/3620
f 724/386/3621 723/274/3621 3300/68/3621
f 724/386/3622 3300/68/3622 3477/1601/3622
f 3345/325/3623 724/386/3623 3477/1601/3623
f 727/848/3624 722/849/3624 3343/1359/3624
f 1854/1602/3625 3479/1603/3625 3478/1604/3625
f 3478/1604/3626 3479/1603/3626 3304/249/3626
f 3478/1604/3627 3304/249/3627 726/28/3627
f 3367/1527/3628 3478/1604/3628 726/28/3628
f 3367/1527/3629 726/28/3629 3364/1526/3629
f 3366/1528/3630 1854/1602/3630 3478/1604/3630
f 3366/1528/3631 3478/1604/3631 3367/1527/3631
f 3366/1528/3632 1855/1605/3632 1854/1602/3632
f 3366/1528/3633 1837/1498/3633 3332/1606/3633
f 3366/1528/3634 3332/1606/3634 1855/1605/3634
f 726/28/3635 3480/28/3635 3302/1465/3635
f 723/274/3636 3303/1466/3636 3481/274/3636
f 725/387/3637 3365/1525/3637 3303/1466/3637
f 725/387/3638 3303/1466/3638 723/274/3638
f 3364/1526/3639 3302/1465/3639 3303/1466/3639
f 3364/1526/3640 3303/1466/3640 3365/1525/3640
f 3364/1526/3641 726/28/3641 3302/1465/3641
f 727/848/3642 3343/1359/3642 3483/1508/3642
f 727/848/3643 3483/1508/3643 3351/15/3643
f 727/848/3644 3351/15/3644 3482/1607/3644
f 1837/1498/3645 3482/1607/3645 3332/1606/3645
f 1837/1498/3646 628/850/3646 3482/1607/3646
f 628/850/3647 727/848/3647 3482/1607/3647
f 3484/1608/3648 3287/1390/3648 3486/1416/3648
f 3484/1608/3649 3486/1416/3649 3487/15/3649
f 3484/1608/3650 3487/15/3650 3485/1609/3650
f 3485/1609/3651 3487/15/3651 3488/1396/3651
f 3489/1610/3652 3485/1609/3652 3488/1396/3652
f 3489/1610/3653 3488/1396/3653 3285/1312/3653
f 636/323/3654 635/321/3654 3485/1609/3654
f 636/323/3655 3485/1609/3655 3489/1610/3655
f 635/321/3656 641/1514/3656 3485/1609/3656
f 641/1514/3657 3484/1608/3657 3485/1609/3657
f 640/852/3658 3349/1510/3658 1856/851/3658
f 1856/851/3659 3349/1510/3659 3287/1390/3659
f 1856/851/3660 3287/1390/3660 3484/1608/3660
f 639/318/3661 1856/851/3661 3484/1608/3661
f 639/318/3662 3484/1608/3662 641/1514/3662
f 639/318/3663 632/320/3663 3334/854/3663
f 639/318/3664 3334/854/3664 640/852/3664
f 638/324/3665 3489/1610/3665 3285/1312/3665
f 638/324/3666 3285/1312/3666 3490/1356/3666
f 638/324/3667 3490/1356/3667 3491/1318/3667
f 728/853/3668 638/324/3668 3491/1318/3668
f 637/322/3669 728/853/3669 3341/829/3669
f 636/323/3670 3489/1610/3670 638/324/3670
f 3341/829/3671 3346/1507/3671 3334/854/3671
f 729/389/3672 3308/1470/3672 1857/1611/3672
f 617/828/3673 729/389/3673 1857/1611/3673
f 732/855/3674 733/827/3674 3298/1359/3674
f 622/392/3675 733/827/3675 732/855/3675
f 730/391/3676 620/395/3676 623/394/3676
f 621/390/3677 623/394/3677 1832/388/3677
f 1857/1611/3678 3308/1470/3678 3492/1416/3678
f 1857/1611/3679 3492/1416/3679 629/15/3679
f 1857/1611/3680 629/15/3680 616/826/3680
f 616/826/3681 629/15/3681 3493/1396/3681
f 733/827/3682 616/826/3682 3493/1396/3682
f 733/827/3683 3493/1396/3683 3298/1359/3683
f 617/828/3684 1857/1611/3684 616/826/3684
f 1858/856/3685 3494/1612/3685 3495/1613/3685
f 1858/856/3686 3217/1359/3686 3496/1508/3686
f 3494/1612/3687 1858/856/3687 3496/1508/3687
f 3494/1612/3688 3496/1508/3688 567/15/3688
f 3494/1612/3689 3225/1390/3689 734/1614/3689
f 3495/1613/3690 3494/1612/3690 734/1614/3690
f 1823/1393/3691 556/1392/3691 3495/1613/3691
f 1823/1393/3692 3495/1613/3692 734/1614/3692
f 560/857/3693 1858/856/3693 3495/1613/3693
f 560/857/3694 3495/1613/3694 556/1392/3694
f 734/1614/3695 3225/1390/3695 3497/1325/3695
f 734/1614/3696 3497/1325/3696 735/1615/3696
f 735/1615/3697 3498/1349/3697 736/283/3697
f 736/283/3698 3498/1349/3698 543/397/3698
f 736/283/3699 543/397/3699 557/281/3699
f 736/283/3700 1823/1393/3700 734/1614/3700
f 736/283/3701 734/1614/3701 735/1615/3701
f 1820/818/3702 558/816/3702 542/272/3702
f 1820/818/3703 542/272/3703 3166/271/3703
f 555/859/3704 738/1336/3704 739/1385/3704
f 561/858/3705 555/859/3705 739/1385/3705
f 1820/818/3706 738/1336/3706 555/859/3706
f 1858/856/3707 561/858/3707 739/1385/3707
f 1858/856/3708 739/1385/3708 3217/1359/3708
f 1820/818/3709 3166/271/3709 738/1336/3709
f 741/1616/3710 3143/1314/3710 3499/1416/3710
f 741/1616/3711 3499/1416/3711 3500/15/3711
f 741/1616/3712 3500/15/3712 740/1617/3712
f 740/1617/3713 3500/15/3713 3501/1396/3713
f 743/1618/3714 740/1617/3714 3501/1396/3714
f 743/1618/3715 3501/1396/3715 3141/1312/3715
f 547/277/3716 1818/1369/3716 740/1617/3716
f 547/277/3717 740/1617/3717 743/1618/3717
f 548/279/3718 741/1616/3718 740/1617/3718
f 548/279/3719 740/1617/3719 1818/1369/3719
f 551/280/3720 3504/1619/3720 3177/1351/3720
f 551/280/3721 3198/1365/3721 3143/1314/3721
f 551/280/3722 3143/1314/3722 741/1616/3722
f 548/279/3723 551/280/3723 741/1616/3723
f 550/276/3724 3504/1619/3724 551/280/3724
f 742/398/3725 743/1618/3725 3141/1312/3725
f 549/399/3726 742/398/3726 3502/1318/3726
f 549/399/3727 3502/1318/3727 3503/1368/3727
f 549/399/3728 3503/1368/3728 3187/1358/3728
f 547/277/3729 549/399/3729 546/278/3729
f 547/277/3730 743/1618/3730 742/398/3730
f 549/399/3731 3187/1358/3731 3504/1619/3731
f 3504/1619/3732 3187/1358/3732 3177/1351/3732
f 550/276/3733 546/278/3733 3504/1619/3733
f 546/278/3734 549/399/3734 3504/1619/3734
f 745/814/3735 3149/1316/3735 3186/1356/3735
f 553/860/3736 745/814/3736 3186/1356/3736
f 3506/1620/3737 3176/1390/3737 1860/1621/3737
f 1859/1622/3738 3507/1349/3738 3505/1623/3738
f 3505/1623/3739 3507/1349/3739 3156/1323/3739
f 3211/1381/3740 3505/1623/3740 552/1378/3740
f 3210/1380/3741 1859/1622/3741 3505/1623/3741
f 3210/1380/3742 3505/1623/3742 3211/1381/3742
f 3210/1380/3743 1860/1621/3743 1859/1622/3743
f 3210/1380/3744 3178/1377/3744 3506/1620/3744
f 3210/1380/3745 3506/1620/3745 1860/1621/3745
f 3505/1623/3746 3156/1323/3746 3155/1322/3746
f 745/814/3747 3154/1321/3747 3149/1316/3747
f 746/813/3748 3207/1374/3748 3154/1321/3748
f 746/813/3749 3154/1321/3749 745/814/3749
f 552/1378/3750 3155/1322/3750 3154/1321/3750
f 552/1378/3751 3154/1321/3751 3207/1374/3751
f 552/1378/3752 3505/1623/3752 3155/1322/3752
f 3506/1620/3753 1861/861/3753 3199/15/3753
f 3506/1620/3754 3199/15/3754 3508/1401/3754
f 3506/1620/3755 3508/1401/3755 3176/1390/3755
f 3178/1377/3756 1817/1352/3756 3506/1620/3756
f 1817/1352/3757 544/273/3757 1861/861/3757
f 1817/1352/3758 1861/861/3758 3506/1620/3758
f 747/402/3759 535/262/3759 528/257/3759
f 748/403/3760 3160/1327/3760 1862/265/3760
f 750/406/3761 751/263/3761 3152/1359/3761
f 537/404/3762 533/260/3762 532/1306/3762
f 537/404/3763 532/1306/3763 536/264/3763
f 535/262/3764 532/1306/3764 531/258/3764
f 535/262/3765 531/258/3765 528/257/3765
f 536/264/3766 532/1306/3766 535/262/3766
f 527/1299/3767 3509/1624/3767 3510/1625/3767
f 1862/265/3768 3160/1327/3768 3511/1416/3768
f 1862/265/3769 3511/1416/3769 3509/1624/3769
f 3509/1624/3770 3511/1416/3770 3193/15/3770
f 3509/1624/3771 3193/15/3771 3510/1625/3771
f 751/263/3772 3510/1625/3772 3152/1359/3772
f 751/263/3773 527/1299/3773 3510/1625/3773
f 527/1299/3774 526/266/3774 3509/1624/3774
f 1862/265/3775 3509/1624/3775 526/266/3775
f 615/825/3776 3512/1626/3776 3252/1627/3776
f 612/824/3777 3256/249/3777 3512/1626/3777
f 3513/1628/3778 3252/1627/3778 3514/1591/3778
f 3515/1629/3779 3513/1628/3779 3514/1591/3779
f 3515/1629/3780 3514/1591/3780 3236/1390/3780
f 608/314/3781 3513/1628/3781 3515/1629/3781
f 608/314/3782 3515/1629/3782 606/315/3782
f 615/825/3783 3252/1627/3783 3513/1628/3783
f 615/825/3784 3513/1628/3784 608/314/3784
f 612/824/3785 3512/1626/3785 615/825/3785
f 3516/407/3786 589/1359/3786 3517/1593/3786
f 3516/407/3787 3517/1593/3787 614/408/3787
f 614/408/3788 3517/1593/3788 1863/862/3788
f 753/274/3789 752/1630/3789 3264/68/3789
f 613/411/3790 752/1630/3790 753/274/3790
f 613/411/3791 610/316/3791 1863/862/3791
f 613/411/3792 1863/862/3792 752/1630/3792
f 609/410/3793 753/274/3793 3518/274/3793
f 583/1404/3794 3519/28/3794 612/824/3794
f 3520/1631/3795 3515/1629/3795 3236/1390/3795
f 3520/1631/3796 3236/1390/3796 3521/1416/3796
f 3520/1631/3797 3521/1416/3797 3522/15/3797
f 3520/1631/3798 3522/15/3798 3523/1396/3798
f 3520/1631/3799 3523/1396/3799 3516/407/3799
f 3516/407/3800 3523/1396/3800 589/1359/3800
f 754/409/3801 607/313/3801 3516/407/3801
f 607/313/3802 3520/1631/3802 3516/407/3802
f 606/315/3803 3520/1631/3803 607/313/3803
f 606/315/3804 3515/1629/3804 3520/1631/3804
f 3251/304/3805 1828/1410/3805 592/301/3805
f 3251/304/3806 592/301/3806 600/306/3806
f 3251/304/3807 600/306/3807 597/307/3807
f 605/309/3808 755/863/3808 581/310/3808
f 605/309/3809 604/308/3809 603/1417/3809
f 605/309/3810 603/1417/3810 587/1407/3810
f 587/1407/3811 594/311/3811 586/1408/3811
f 586/1408/3812 594/311/3812 592/301/3812
f 1828/1410/3813 586/1408/3813 592/301/3813
f 587/1407/3814 603/1417/3814 594/311/3814
f 3525/1585/3815 3447/1580/3815 590/1359/3815
f 3525/1585/3816 590/1359/3816 3527/1508/3816
f 3524/15/3817 3525/1585/3817 3527/1508/3817
f 3524/15/3818 3527/1508/3818 3528/15/3818
f 3524/15/3819 3528/15/3819 3529/1401/3819
f 3524/15/3820 3529/1401/3820 3526/368/3820
f 3526/368/3821 3529/1401/3821 3243/1415/3821
f 3526/368/3822 3243/1415/3822 756/843/3822
f 3456/1439/3823 3232/1399/3823 3453/1583/3823
f 3530/371/3824 3257/1398/3824 3456/1439/3824
f 3262/1438/3825 3453/1583/3825 3232/1399/3825
f 756/843/3826 3243/1415/3826 3532/1325/3826
f 756/843/3827 3532/1325/3827 757/1587/3827
f 757/1587/3828 3532/1325/3828 3531/1588/3828
f 711/370/3829 3531/1588/3829 3533/1349/3829
f 3530/371/3830 711/370/3830 3533/1349/3830
f 3530/371/3831 3533/1349/3831 3257/1398/3831
f 3262/1438/3832 3259/1434/3832 3450/1582/3832
f 3450/1582/3833 3259/1434/3833 3534/1581/3833
f 1864/1579/3834 3534/1581/3834 3535/1368/3834
f 3447/1580/3835 1864/1579/3835 3535/1368/3835
f 3447/1580/3836 3535/1368/3836 590/1359/3836
f 1865/238/3837 760/413/3837 707/65/3837
f 1865/238/3838 707/65/3838 759/15/3838
f 3536/1632/3839 758/412/3839 708/864/3839
f 3536/1632/3840 708/864/3840 3441/1576/3840
f 3537/412/3841 3538/1633/3841 3440/1578/3841
f 3537/412/3842 3440/1578/3842 3442/418/3842
f 764/417/3843 3537/412/3843 3442/418/3843
f 3539/28/3844 3536/1632/3844 3441/1576/3844
f 3539/28/3845 3441/1576/3845 3436/1577/3845
f 3539/28/3846 3436/1577/3846 3437/1575/3846
f 3540/28/3847 3539/28/3847 3437/1575/3847
f 3540/28/3848 3437/1575/3848 3438/1574/3848
f 3538/1633/3849 3540/28/3849 3438/1574/3849
f 3538/1633/3850 3438/1574/3850 3440/1578/3850
f 765/419/3851 3398/865/3851 3394/1546/3851
f 765/419/3852 3394/1546/3852 3541/230/3852
f 3541/230/3853 3394/1546/3853 3395/1543/3853
f 3541/230/3854 3395/1543/3854 3542/274/3854
f 3542/274/3855 3395/1543/3855 3396/1542/3855
f 3542/274/3856 3396/1542/3856 762/415/3856
f 3542/274/3857 762/415/3857 761/414/3857
f 94/423/3858 429/427/3858 3543/1634/3858
f 85/59/3859 87/220/3859 429/427/3859
f 414/866/3860 82/60/3860 85/59/3860
f 414/866/3861 85/59/3861 770/11/3861
f 415/426/3862 2976/1258/3862 83/57/3862
f 415/426/3863 83/57/3863 81/56/3863
f 1806/249/3864 409/256/3864 771/16/3864
f 2975/68/3865 773/238/3865 774/259/3865
f 771/16/3866 2511/16/3866 2502/35/3866
f 771/16/3867 2502/35/3867 1806/249/3867
f 773/238/3868 2975/68/3868 776/230/3868
f 773/238/3869 776/230/3869 777/238/3869
f 84/58/3870 2508/1149/3870 2504/430/3870
f 421/799/3871 418/797/3871 2998/210/3871
f 784/249/3872 3544/28/3872 2989/9/3872
f 3545/424/3873 2987/7/3873 3546/424/3873
f 779/34/3874 2987/7/3874 3545/424/3874
f 781/432/3875 780/431/3875 418/797/3875
f 422/867/3876 418/797/3876 421/799/3876
f 423/205/3877 425/207/3877 3547/58/3877
f 423/205/3878 3547/58/3878 780/431/3878
f 405/197/3879 778/274/3879 783/433/3879
f 403/195/3880 1866/868/3880 413/202/3880
f 403/195/3881 413/202/3881 784/249/3881
f 444/211/3882 2989/9/3882 428/798/3882
f 444/211/3883 428/798/3883 2973/6/3883
f 2973/6/3884 428/798/3884 785/48/3884
f 3548/1152/3885 2915/140/3885 2916/155/3885
f 3549/71/3886 2900/81/3886 2902/124/3886
f 2900/81/3887 3549/71/3887 3550/124/3887
f 2921/90/3888 3548/1152/3888 3552/111/3888
f 3552/111/3889 2916/155/3889 2921/90/3889
f 3550/124/3890 2902/124/3890 2918/122/3890
f 2928/1172/3891 352/141/3891 2913/97/3891
f 2928/1172/3892 2913/97/3892 2914/1241/3892
f 351/75/3893 2928/1172/3893 2914/1241/3893
f 351/75/3894 2914/1241/3894 2915/140/3894
f 346/73/3895 351/75/3895 2915/140/3895
f 346/73/3896 2915/140/3896 3548/1152/3896
f 352/141/3897 338/437/3897 2917/87/3897
f 352/141/3898 2917/87/3898 2913/97/3898
f 349/88/3899 2896/110/3899 2899/82/3899
f 349/88/3900 2899/82/3900 2927/82/3900
f 2927/82/3901 2899/82/3901 2900/81/3901
f 2927/82/3902 2900/81/3902 348/170/3902
f 348/170/3903 2900/81/3903 3550/124/3903
f 348/170/3904 3550/124/3904 341/124/3904
f 350/119/3905 3551/156/3905 2896/110/3905
f 350/119/3906 2896/110/3906 349/88/3906
f 2926/1247/3907 347/120/3907 2921/90/3907
f 2926/1247/3908 2921/90/3908 2922/1218/3908
f 2926/1247/3909 2922/1218/3909 2923/138/3909
f 2926/1247/3910 2923/138/3910 344/169/3910
f 344/169/3911 2923/138/3911 2924/445/3911
f 344/169/3912 2924/445/3912 345/445/3912
f 347/120/3913 346/73/3913 3548/1152/3913
f 347/120/3914 3548/1152/3914 2921/90/3914
f 340/436/3915 2918/122/3915 2919/1244/3915
f 340/436/3916 2919/1244/3916 2912/1244/3916
f 339/128/3917 2912/1244/3917 2919/1244/3917
f 339/128/3918 2919/1244/3918 2920/126/3918
f 338/437/3919 339/128/3919 2920/126/3919
f 338/437/3920 2920/126/3920 2917/87/3920
f 341/124/3921 3550/124/3921 2918/122/3921
f 341/124/3922 2918/122/3922 340/436/3922
f 328/84/3923 2884/450/3923 327/95/3923
f 327/95/3924 2884/450/3924 326/778/3924
f 326/778/3925 2883/159/3925 325/151/3925
f 324/97/3926 2882/136/3926 323/136/3926
f 322/172/3927 323/136/3927 2882/136/3927
f 324/97/3928 325/151/3928 2883/159/3928
f 319/82/3929 320/110/3929 2881/82/3929
f 319/82/3930 2881/82/3930 318/101/3930
f 315/133/3931 2885/1238/3931 314/63/3931
f 314/63/3932 2885/1238/3932 313/108/3932
f 2909/141/3933 336/78/3933 3553/76/3933
f 2909/141/3934 3553/76/3934 2910/1172/3934
f 2910/1172/3935 3553/76/3935 337/167/3935
f 2910/1172/3936 337/167/3936 2911/1242/3936
f 2911/1242/3937 337/167/3937 2886/1239/3937
f 2911/1242/3938 2886/1239/3938 2908/73/3938
f 2892/129/3939 2888/437/3939 336/78/3939
f 2892/129/3940 336/78/3940 2909/141/3940
f 2897/88/3941 334/88/3941 3554/102/3941
f 2897/88/3942 3554/102/3942 2898/82/3942
f 2898/82/3943 3554/102/3943 335/166/3943
f 2898/82/3944 335/166/3944 2901/101/3944
f 2901/101/3945 335/166/3945 2887/149/3945
f 2901/101/3946 2887/149/3946 2893/123/3946
f 2903/119/3947 2895/119/3947 334/88/3947
f 2903/119/3948 334/88/3948 2897/88/3948
f 2904/90/3949 332/164/3949 3555/165/3949
f 2904/90/3950 3555/165/3950 2905/1245/3950
f 2906/132/3951 2905/1245/3951 3555/165/3951
f 2906/132/3952 3555/165/3952 333/138/3952
f 2906/132/3953 333/138/3953 2894/1240/3953
f 2906/132/3954 2894/1240/3954 2907/1246/3954
f 2908/73/3955 2886/1239/3955 332/164/3955
f 2908/73/3956 332/164/3956 2904/90/3956
f 2889/1243/3957 330/84/3957 3556/163/3957
f 2889/1243/3958 3556/163/3958 2890/450/3958
f 2890/450/3959 3556/163/3959 331/128/3959
f 2890/450/3960 331/128/3960 2891/126/3960
f 2891/126/3961 331/128/3961 2888/437/3961
f 2891/126/3962 2888/437/3962 2892/129/3962
f 2893/123/3963 2887/149/3963 330/84/3963
f 2893/123/3964 330/84/3964 2889/1243/3964
f 368/141/3965 1797/789/3965 2930/136/3965
f 368/141/3966 2930/136/3966 2939/136/3966
f 2939/136/3967 2930/136/3967 356/172/3967
f 2939/136/3968 356/172/3968 366/106/3968
f 366/106/3969 356/172/3969 355/171/3969
f 366/106/3970 355/171/3970 2937/73/3970
f 2933/129/3971 357/127/3971 1797/789/3971
f 2933/129/3972 1797/789/3972 368/141/3972
f 360/88/3973 1796/110/3973 2929/82/3973
f 360/88/3974 2929/82/3974 2938/82/3974
f 2938/82/3975 2929/82/3975 354/101/3975
f 2938/82/3976 354/101/3976 361/101/3976
f 361/101/3977 354/101/3977 353/124/3977
f 361/101/3978 353/124/3978 362/71/3978
f 2934/89/3979 1796/110/3979 360/88/3979
f 374/90/3980 1795/125/3980 2925/134/3980
f 374/90/3981 2925/134/3981 2935/174/3981
f 2935/174/3982 2925/134/3982 343/138/3982
f 2935/174/3983 343/138/3983 372/175/3983
f 372/175/3984 343/138/3984 342/168/3984
f 372/175/3985 342/168/3985 2936/1249/3985
f 2937/73/3986 355/171/3986 1795/125/3986
f 2937/73/3987 1795/125/3987 374/90/3987
f 2932/95/3988 371/112/3988 1798/94/3988
f 2932/95/3989 1798/94/3989 2931/95/3989
f 2932/95/3990 2931/95/3990 358/126/3990
f 2932/95/3991 358/126/3991 369/126/3991
f 369/126/3992 358/126/3992 357/127/3992
f 369/126/3993 357/127/3993 2933/129/3993
f 362/71/3994 353/124/3994 1798/94/3994
f 362/71/3995 1798/94/3995 371/112/3995
f 379/100/3996 3557/100/3996 359/82/3996
f 379/100/3997 359/82/3997 380/82/3997
f 380/82/3998 359/82/3998 363/101/3998
f 380/82/3999 363/101/3999 1802/81/3999
f 1802/81/4000 363/101/4000 3558/123/4000
f 1802/81/4001 3558/123/4001 2946/123/4001
f 379/100/4002 2949/89/4002 3559/119/4002
f 379/100/4003 3559/119/4003 3557/100/4003
f 377/90/4004 3560/135/4004 373/176/4004
f 377/90/4005 373/176/4005 378/139/4005
f 378/139/4006 373/176/4006 3561/117/4006
f 378/139/4007 3561/117/4007 1801/1250/4007
f 2948/1251/4008 1801/1250/4008 3561/117/4008
f 2948/1251/4009 3561/117/4009 3562/1248/4009
f 2941/1157/4010 3563/144/4010 3560/135/4010
f 2941/1157/4011 3560/135/4011 377/90/4011
f 375/131/4012 3564/122/4012 370/95/4012
f 375/131/4013 370/95/4013 376/95/4013
f 376/95/4014 370/95/4014 3565/126/4014
f 376/95/4015 3565/126/4015 1800/126/4015
f 1800/126/4016 3565/126/4016 3566/1167/4016
f 1800/126/4017 3566/1167/4017 2940/129/4017
f 2946/123/4018 3558/123/4018 3564/122/4018
f 2946/123/4019 3564/122/4019 375/131/4019
f 364/97/4020 3567/173/4020 367/136/4020
f 364/97/4021 367/136/4021 365/113/4021
f 365/113/4022 367/136/4022 3568/140/4022
f 365/113/4023 3568/140/4023 1799/1174/4023
f 1799/1174/4024 3568/140/4024 3563/144/4024
f 1799/1174/4025 3563/144/4025 2941/1157/4025
f 2940/129/4026 3566/1167/4026 3567/173/4026
f 2940/129/4027 3567/173/4027 364/97/4027
f 389/179/4028 2952/178/4028 388/790/4028
f 383/163/4029 2944/177/4029 387/126/4029
f 386/76/4030 2954/182/4030 385/106/4030
f 382/82/4031 2953/181/4031 381/791/4031
f 401/63/4032 2964/180/4032 390/138/4032
f 401/63/4033 390/138/4033 788/193/4033
f 401/63/4034 1867/194/4034 2965/90/4034
f 401/63/4035 2965/90/4035 2964/180/4035
f 792/440/4036 2961/123/4036 2960/84/4036
f 2959/95/4037 792/440/4037 2960/84/4037
f 2959/95/4038 384/160/4038 791/870/4038
f 791/870/4039 384/160/4039 2956/129/4039
f 3569/95/4040 2959/95/4040 791/870/4040
f 3569/95/4041 792/440/4041 2959/95/4041
f 795/441/4042 2956/129/4042 2971/86/4042
f 2970/104/4043 795/441/4043 2971/86/4043
f 2970/104/4044 392/172/4044 794/99/4044
f 794/99/4045 392/172/4045 2966/73/4045
f 794/99/4046 2966/73/4046 1868/871/4046
f 3570/113/4047 2970/104/4047 794/99/4047
f 3570/113/4048 795/441/4048 2970/104/4048
f 2968/100/4049 797/156/4049 2969/89/4049
f 391/101/4050 2961/123/4050 1869/124/4050
f 393/183/4051 2967/82/4051 391/101/4051
f 393/183/4052 391/101/4052 796/186/4052
f 393/183/4053 1870/185/4053 2968/100/4053
f 393/183/4054 2968/100/4054 2967/82/4054
f 256/136/4055 1788/1214/4055 3571/97/4055
f 256/136/4056 3571/97/4056 3572/104/4056
f 256/136/4057 3572/104/4057 3573/99/4057
f 256/136/4058 3573/99/4058 257/172/4058
f 257/172/4059 3573/99/4059 3574/142/4059
f 257/172/4060 3574/142/4060 1785/111/4060
f 1788/1214/4061 2829/114/4061 3575/151/4061
f 1788/1214/4062 3575/151/4062 3571/97/4062
f 1786/110/4063 3576/88/4063 3577/82/4063
f 1786/110/4064 3577/82/4064 254/82/4064
f 254/82/4065 3577/82/4065 3578/101/4065
f 254/82/4066 3578/101/4066 255/81/4066
f 255/81/4067 3578/101/4067 3579/124/4067
f 255/81/4068 3579/124/4068 1783/71/4068
f 1787/89/4069 3580/119/4069 3576/88/4069
f 1787/89/4070 3576/88/4070 1786/110/4070
f 1784/133/4071 3581/787/4071 3582/1219/4071
f 1784/133/4072 3582/1219/4072 252/93/4072
f 252/93/4073 3582/1219/4073 3583/153/4073
f 252/93/4074 3583/153/4074 253/1222/4074
f 253/1222/4075 3583/153/4075 3584/152/4075
f 253/1222/4076 3584/152/4076 2831/1224/4076
f 1784/133/4077 1785/111/4077 3574/142/4077
f 1784/133/4078 3574/142/4078 3581/787/4078
f 1782/94/4079 3585/84/4079 3586/95/4079
f 1782/94/4080 3586/95/4080 250/450/4080
f 250/450/4081 3586/95/4081 3587/96/4081
f 250/450/4082 3587/96/4082 251/126/4082
f 251/126/4083 3587/96/4083 3575/151/4083
f 251/126/4084 3575/151/4084 2829/114/4084
f 1782/94/4085 1783/71/4085 3579/124/4085
f 1782/94/4086 3579/124/4086 3585/84/4086
f 3585/84/4087 3579/124/4087 239/149/4087
f 3581/787/4088 3574/142/4088 242/142/4088
f 3578/101/4089 239/149/4089 3588/124/4089
f 3578/101/4090 3588/124/4090 3579/124/4090
f 3573/99/4091 242/142/4091 3589/1156/4091
f 3573/99/4092 3589/1156/4092 3574/142/4092
f 244/103/4093 224/97/4093 2815/136/4093
f 244/103/4094 2815/136/4094 2827/136/4094
f 243/140/4095 2827/136/4095 2815/136/4095
f 243/140/4096 2815/136/4096 231/106/4096
f 2824/871/4097 243/140/4097 231/106/4097
f 2824/871/4098 231/106/4098 230/150/4098
f 2818/87/4099 225/145/4099 224/97/4099
f 2818/87/4100 224/97/4100 244/103/4100
f 241/88/4101 220/88/4101 219/82/4101
f 241/88/4102 219/82/4102 2825/82/4102
f 2826/101/4103 2825/82/4103 219/82/4103
f 2826/101/4104 219/82/4104 238/81/4104
f 2826/101/4105 238/81/4105 234/149/4105
f 2826/101/4106 234/149/4106 2820/124/4106
f 240/119/4107 221/119/4107 220/88/4107
f 240/119/4108 220/88/4108 241/88/4108
f 249/125/4109 228/135/4109 2816/1218/4109
f 249/125/4110 2816/1218/4110 2821/1220/4110
f 2821/1220/4111 2816/1218/4111 236/148/4111
f 2821/1220/4112 236/148/4112 2822/154/4112
f 2822/154/4113 236/148/4113 235/785/4113
f 2822/154/4114 235/785/4114 2823/786/4114
f 249/125/4115 2824/871/4115 230/150/4115
f 249/125/4116 230/150/4116 228/135/4116
f 247/94/4117 227/70/4117 226/146/4117
f 247/94/4118 226/146/4118 2817/137/4118
f 2817/137/4119 226/146/4119 232/96/4119
f 2817/137/4120 232/96/4120 245/126/4120
f 2818/87/4121 245/126/4121 232/96/4121
f 2818/87/4122 232/96/4122 225/145/4122
f 2820/124/4123 234/149/4123 227/70/4123
f 2820/124/4124 227/70/4124 247/94/4124
f 166/112/4125 3590/130/4125 2570/124/4125
f 166/112/4126 2574/1158/4126 3590/130/4126
f 141/92/4127 3591/142/4127 140/111/4127
f 144/101/4128 2570/124/4128 2574/1158/4128
f 137/106/4129 140/111/4129 3592/1156/4129
f 137/106/4130 3592/1156/4130 3591/142/4130
f 799/126/4131 2584/95/4131 3593/163/4131
f 799/126/4132 3593/163/4132 798/442/4132
f 171/122/4133 1871/122/4133 3593/163/4133
f 171/122/4134 3593/163/4134 2584/95/4134
f 2580/444/4135 2579/1159/4135 160/93/4135
f 2580/444/4136 160/93/4136 159/117/4136
f 2578/120/4137 162/118/4137 160/93/4137
f 2578/120/4138 160/93/4138 2579/1159/4138
f 800/166/4139 2583/1165/4139 155/116/4139
f 800/166/4140 155/116/4140 154/101/4140
f 168/100/4141 158/88/4141 155/116/4141
f 168/100/4142 155/116/4142 2583/1165/4142
f 802/167/4143 2572/77/4143 3595/77/4143
f 802/167/4144 3595/77/4144 801/167/4144
f 152/97/4145 1872/78/4145 3595/77/4145
f 152/97/4146 3595/77/4146 2572/77/4146
f 803/101/4147 2532/82/4147 112/82/4147
f 803/101/4148 112/82/4148 113/81/4148
f 117/88/4149 111/448/4149 112/82/4149
f 117/88/4150 112/82/4150 2532/82/4150
f 804/172/4151 2523/136/4151 106/76/4151
f 804/172/4152 106/76/4152 107/75/4152
f 116/86/4153 105/78/4153 106/76/4153
f 116/86/4154 106/76/4154 2523/136/4154
f 805/160/4155 2529/95/4155 97/450/4155
f 805/160/4156 97/450/4156 98/126/4156
f 115/84/4157 96/70/4157 97/450/4157
f 115/84/4158 97/450/4158 2529/95/4158
f 807/446/4159 2515/63/4159 89/63/4159
f 807/446/4160 89/63/4160 90/62/4160
f 101/72/4161 88/452/4161 89/63/4161
f 101/72/4162 89/63/4162 2515/63/4162
f 113/81/4163 2519/872/4163 2520/1151/4163
f 113/81/4164 2520/1151/4164 100/71/4164
f 111/448/4165 114/89/4165 2521/119/4165
f 111/448/4166 2521/119/4166 104/447/4166
f 808/78/4167 3596/129/4167 3597/79/4167
f 107/75/4168 1873/167/4168 2517/111/4168
f 107/75/4169 2517/111/4169 91/74/4169
f 105/78/4170 110/80/4170 3596/129/4170
f 105/78/4171 3596/129/4171 808/78/4171
f 97/450/4172 2254/449/4172 2227/1070/4172
f 97/450/4173 2227/1070/4173 2226/873/4173
f 2226/873/4174 2225/1069/4174 3596/129/4174
f 98/126/4175 2226/873/4175 3596/129/4175
f 98/126/4176 3596/129/4176 110/80/4176
f 96/70/4177 100/71/4177 2520/1151/4177
f 96/70/4178 2520/1151/4178 2254/449/4178
f 2254/449/4179 2520/1151/4179 2255/1096/4179
f 90/62/4180 2252/874/4180 2251/1095/4180
f 90/62/4181 2251/1095/4181 806/445/4181
f 88/452/4182 91/74/4182 2517/111/4182
f 88/452/4183 2517/111/4183 2243/451/4183
f 915/509/4184 1887/1635/4184 831/1636/4184
f 915/509/4185 831/1636/4185 916/510/4185
f 1903/892/4186 835/1637/4186 913/505/4186
f 1910/899/4187 1890/1638/4187 832/469/4187
f 1910/899/4188 832/469/4188 887/908/4188
f 3598/1639/4189 3599/1640/4189 815/459/4189
f 3598/1639/4190 815/459/4190 817/461/4190
f 833/470/4191 816/460/4191 815/459/4191
f 833/470/4192 815/459/4192 887/908/4192
f 875/486/4193 837/1641/4193 1880/1642/4193
f 875/486/4194 1880/1642/4194 914/1643/4194
f 893/1644/4195 851/1645/4195 1890/1638/4195
f 893/1644/4196 1890/1638/4196 1912/900/4196
f 907/507/4197 908/1646/4197 831/1636/4197
f 907/507/4198 831/1636/4198 871/506/4198
f 815/459/4199 825/467/4199 1879/1647/4199
f 815/459/4200 1879/1647/4200 887/908/4200
f 909/1648/4201 816/460/4201 833/470/4201
f 909/1648/4202 833/470/4202 873/1649/4202
f 888/495/4203 845/474/4203 1885/1650/4203
f 888/495/4204 1885/1650/4204 915/509/4204
f 874/1651/4205 848/1652/4205 1888/1653/4205
f 874/1651/4206 1888/1653/4206 1905/893/4206
f 868/1654/4207 852/1655/4207 881/1656/4207
f 868/1654/4208 881/1656/4208 884/493/4208
f 864/1657/4209 848/1652/4209 874/1651/4209
f 864/1657/4210 874/1651/4210 882/1658/4210
f 823/1659/4211 856/480/4211 899/502/4211
f 823/1659/4212 899/502/4212 902/905/4212
f 1894/1660/4213 853/477/4213 897/498/4213
f 1894/1660/4214 897/498/4214 1914/1661/4214
f 911/1662/4215 865/1663/4215 910/532/4215
f 911/1662/4216 1918/1664/4216 3600/1665/4216
f 1924/913/4217 3601/1666/4217 3602/1667/4217
f 1924/913/4218 3602/1667/4218 1928/914/4218
f 1898/887/4219 1918/1664/4219 1901/1668/4219
f 1898/887/4220 1901/1668/4220 882/1658/4220
f 1918/1664/4221 911/1662/4221 870/1669/4221
f 3603/1670/4222 3600/1665/4222 1918/1664/4222
f 927/523/4223 3604/1671/4223 3600/1665/4223
f 927/523/4224 3600/1665/4224 938/1672/4224
f 924/520/4225 3603/1670/4225 3605/1673/4225
f 924/520/4226 3605/1673/4226 930/1674/4226
f 3606/1675/4227 3602/1667/4227 1897/1676/4227
f 3604/1671/4228 3607/1677/4228 911/1662/4228
f 3601/1666/4229 3605/1673/4229 1898/887/4229
f 1001/545/4230 994/1678/4230 969/1679/4230
f 1001/545/4231 969/1679/4231 1946/927/4231
f 1018/1680/4232 827/1681/4232 3608/249/4232
f 1018/1680/4233 3608/249/4233 3609/249/4233
f 1064/602/4234 1062/1682/4234 3610/6/4234
f 1064/602/4235 3610/6/4235 3611/235/4235
f 1960/1683/4236 991/544/4236 988/542/4236
f 993/1684/4237 972/1685/4237 970/1686/4237
f 993/1684/4238 970/1686/4238 1940/921/4238
f 997/1687/4239 976/931/4239 1952/932/4239
f 997/1687/4240 1952/932/4240 1943/924/4240
f 1005/1688/4241 996/1689/4241 971/1690/4241
f 1005/1688/4242 971/1690/4242 1949/930/4242
f 1941/922/4243 999/1691/4243 979/1692/4243
f 1941/922/4244 979/1692/4244 992/1693/4244
f 1941/922/4245 3612/1694/4245 1951/1695/4245
f 1941/922/4246 1951/1695/4246 999/1691/4246
f 999/1691/4247 1951/1695/4247 3613/1696/4247
f 999/1691/4248 3613/1696/4248 1958/1697/4248
f 1947/928/4249 992/1693/4249 979/1692/4249
f 1947/928/4250 979/1692/4250 1008/1698/4250
f 1947/928/4251 1008/1698/4251 978/1699/4251
f 1947/928/4252 978/1699/4252 1000/1700/4252
f 1944/925/4253 981/1701/4253 980/1702/4253
f 1944/925/4254 980/1702/4254 1009/1703/4254
f 1009/1703/4255 980/1702/4255 1964/1704/4255
f 1008/1698/4256 979/1692/4256 1965/1705/4256
f 1963/939/4257 987/1706/4257 995/936/4257
f 998/1707/4258 978/1699/4258 1959/1708/4258
f 1938/919/4259 1000/1700/4259 978/1699/4259
f 1938/919/4260 978/1699/4260 998/1707/4260
f 995/936/4261 996/1689/4261 1954/1709/4261
f 1007/933/4262 994/1678/4262 1001/545/4262
f 1970/943/4263 1954/1709/4263 1006/944/4263
f 1968/941/4264 1955/934/4264 1007/933/4264
f 1938/919/4265 981/1701/4265 969/1679/4265
f 1941/922/4266 992/1693/4266 971/1690/4266
f 995/936/4267 1953/1710/4267 3616/1711/4267
f 995/936/4268 3616/1711/4268 997/1687/4268
f 1944/925/4269 983/1712/4269 967/1713/4269
f 1947/928/4270 1000/1700/4270 970/1686/4270
f 1006/944/4271 996/1689/4271 1005/1688/4271
f 988/542/4272 993/1684/4272 994/1678/4272
f 988/542/4273 994/1678/4273 1007/933/4273
f 1006/944/4274 972/1685/4274 988/542/4274
f 1007/933/4275 1001/545/4275 1004/1714/4275
f 1007/933/4276 1004/1714/4276 984/540/4276
f 3621/1715/4277 3622/1716/4277 3623/1717/4277
f 3621/1715/4278 3623/1717/4278 3624/1718/4278
f 3625/1719/4279 3626/1720/4279 3627/1721/4279
f 3625/1719/4280 3627/1721/4280 3628/1722/4280
f 3618/1723/4281 3614/1724/4281 3615/1725/4281
f 3618/1723/4282 3615/1725/4282 3617/1726/4282
f 948/1727/4283 949/1728/4283 3618/1723/4283
f 948/1727/4284 3618/1723/4284 3617/1726/4284
f 944/1729/4285 945/1730/4285 3625/1719/4285
f 944/1729/4286 3625/1719/4286 3628/1722/4286
f 946/1731/4287 947/1732/4287 3630/1733/4287
f 946/1731/4288 3630/1733/4288 3629/1734/4288
f 942/1735/4289 943/1736/4289 3621/1715/4289
f 942/1735/4290 3621/1715/4290 3624/1718/4290
f 3648/1737/4291 949/1728/4291 948/1727/4291
f 3648/1737/4292 948/1727/4292 3631/1738/4292
f 956/1739/4293 3631/1738/4293 3632/1740/4293
f 956/1739/4294 3632/1740/4294 955/1741/4294
f 950/1742/4295 951/1743/4295 3633/1744/4295
f 950/1742/4296 3633/1744/4296 3634/1745/4296
f 952/1746/4297 953/1747/4297 3635/1720/4297
f 952/1746/4298 3635/1720/4298 3636/1748/4298
f 3635/1720/4299 945/1730/4299 944/1729/4299
f 3635/1720/4300 944/1729/4300 3636/1748/4300
f 3633/1744/4301 943/1736/4301 942/1735/4301
f 3633/1744/4302 942/1735/4302 3634/1745/4302
f 3632/1740/4303 947/1732/4303 946/1731/4303
f 3632/1740/4304 946/1731/4304 3637/1749/4304
f 3642/1750/4305 951/1743/4305 950/1742/4305
f 3642/1750/4306 950/1742/4306 3643/1751/4306
f 952/1746/4307 3636/1748/4307 3633/1744/4307
f 952/1746/4308 3633/1744/4308 951/1743/4308
f 954/1752/4309 3637/1749/4309 3635/1720/4309
f 954/1752/4310 3635/1720/4310 953/1747/4310
f 950/1742/4311 3634/1745/4311 3638/1753/4311
f 950/1742/4312 3638/1753/4312 1934/1754/4312
f 964/1755/4313 965/1756/4313 3715/1757/4313
f 964/1755/4314 3715/1757/4314 3639/1758/4314
f 3644/414/4315 953/1747/4315 952/1746/4315
f 3644/414/4316 952/1746/4316 3645/1748/4316
f 3640/1759/4317 955/1741/4317 954/1752/4317
f 3640/1759/4318 954/1752/4318 3641/1760/4318
f 962/1761/4319 963/1762/4319 3640/1759/4319
f 962/1761/4320 3640/1759/4320 3641/1760/4320
f 958/1763/4321 959/1764/4321 3642/1750/4321
f 958/1763/4322 3642/1750/4322 3643/1751/4322
f 966/1765/4323 965/1756/4323 964/1755/4323
f 966/1765/4324 964/1755/4324 822/466/4324
f 960/1766/4325 961/1767/4325 3644/414/4325
f 960/1766/4326 3644/414/4326 3645/1748/4326
f 809/453/4327 961/1767/4327 960/1766/4327
f 809/453/4328 960/1766/4328 819/463/4328
f 820/464/4329 963/1762/4329 962/1761/4329
f 820/464/4330 962/1761/4330 811/455/4330
f 818/462/4331 959/1764/4331 958/1763/4331
f 818/462/4332 958/1763/4332 814/458/4332
f 821/465/4333 3646/1768/4333 966/1765/4333
f 821/465/4334 966/1765/4334 822/466/4334
f 813/457/4335 810/454/4335 809/453/4335
f 813/457/4336 809/453/4336 819/463/4336
f 810/454/4337 821/465/4337 820/464/4337
f 810/454/4338 820/464/4338 811/455/4338
f 813/457/4339 818/462/4339 814/458/4339
f 809/453/4340 811/455/4340 962/1761/4340
f 809/453/4341 962/1761/4341 961/1767/4341
f 962/1761/4342 3641/1760/4342 3644/414/4342
f 962/1761/4343 3644/414/4343 961/1767/4343
f 958/1763/4344 3643/1751/4344 3647/1769/4344
f 958/1763/4345 3647/1769/4345 1935/1770/4345
f 814/458/4346 958/1763/4346 1935/1770/4346
f 814/458/4347 1935/1770/4347 812/456/4347
f 3644/414/4348 3641/1760/4348 954/1752/4348
f 3644/414/4349 954/1752/4349 953/1747/4349
f 3647/1769/4350 3643/1751/4350 950/1742/4350
f 3647/1769/4351 950/1742/4351 1934/1754/4351
f 954/1752/4352 955/1741/4352 3632/1740/4352
f 954/1752/4353 3632/1740/4353 3637/1749/4353
f 3638/1753/4354 3634/1745/4354 942/1735/4354
f 3638/1753/4355 942/1735/4355 1933/1771/4355
f 3635/1720/4356 3637/1749/4356 946/1731/4356
f 3635/1720/4357 946/1731/4357 945/1730/4357
f 956/1739/4358 957/1772/4358 3648/1737/4358
f 956/1739/4359 3648/1737/4359 3631/1738/4359
f 946/1731/4360 3629/1734/4360 3625/1719/4360
f 946/1731/4361 3625/1719/4361 945/1730/4361
f 942/1735/4362 3624/1718/4362 3649/1773/4362
f 942/1735/4363 3649/1773/4363 1933/1771/4363
f 3630/1733/4364 3619/1774/4364 3620/1775/4364
f 3630/1733/4365 3620/1775/4365 3629/1734/4365
f 3625/1719/4366 3629/1734/4366 3620/1775/4366
f 3625/1719/4367 3620/1775/4367 3626/1720/4367
f 1006/944/4368 1954/1709/4368 996/1689/4368
f 3649/1773/4369 3624/1718/4369 3623/1717/4369
f 3649/1773/4370 3623/1717/4370 3650/1776/4370
f 1001/545/4371 1003/547/4371 1004/1714/4371
f 1944/925/4372 969/1679/4372 981/1701/4372
f 1006/944/4373 1005/1688/4373 972/1685/4373
f 1947/928/4374 971/1690/4374 992/1693/4374
f 1969/942/4375 1006/944/4375 988/542/4375
f 1969/942/4376 988/542/4376 990/543/4376
f 1966/940/4377 1007/933/4377 984/540/4377
f 1966/940/4378 984/540/4378 986/541/4378
f 995/936/4379 987/1706/4379 1953/1710/4379
f 1008/1698/4380 1965/1705/4380 978/1699/4380
f 1944/925/4381 1009/1703/4381 982/1777/4381
f 1944/925/4382 982/1777/4382 983/1712/4382
f 1959/1708/4383 978/1699/4383 3651/68/4383
f 1959/1708/4384 3651/68/4384 3652/41/4384
f 1958/1697/4385 3613/1696/4385 3653/1778/4385
f 1958/1697/4386 3653/1778/4386 3654/938/4386
f 1009/1703/4387 1964/1704/4387 1950/1779/4387
f 1009/1703/4388 1950/1779/4388 982/1777/4388
f 1001/545/4389 968/1780/4389 973/538/4389
f 1005/1688/4390 970/1686/4390 972/1685/4390
f 924/520/4391 938/1672/4391 3600/1665/4391
f 924/520/4392 3600/1665/4392 3603/1670/4392
f 3655/1781/4393 1928/914/4393 3602/1667/4393
f 3655/1781/4394 3602/1667/4394 3656/1782/4394
f 1019/575/4395 3657/1783/4395 3658/41/4395
f 1019/575/4396 3658/41/4396 1017/1784/4396
f 3603/1670/4397 1918/1664/4397 3605/1673/4397
f 3659/1785/4398 865/1663/4398 3607/1677/4398
f 864/1657/4399 902/905/4399 899/502/4399
f 864/1657/4400 899/502/4400 848/1652/4400
f 1891/884/4401 1914/1661/4401 897/498/4401
f 1891/884/4402 897/498/4402 839/881/4402
f 893/1644/4403 1912/900/4403 1888/1653/4403
f 893/1644/4404 1888/1653/4404 848/1652/4404
f 888/495/4405 915/509/4405 1883/1786/4405
f 888/495/4406 1883/1786/4406 840/472/4406
f 917/897/4407 887/908/4407 835/1637/4407
f 915/509/4408 885/511/4408 829/878/4408
f 915/509/4409 829/878/4409 1882/1787/4409
f 914/1643/4410 1884/1788/4410 3668/1789/4410
f 914/1643/4411 3668/1789/4411 873/1649/4411
f 815/459/4412 3599/1640/4412 3660/1790/4412
f 815/459/4413 3660/1790/4413 826/468/4413
f 831/1636/4414 908/1646/4414 905/512/4414
f 831/1636/4415 905/512/4415 886/513/4415
f 819/463/4416 960/1766/4416 959/1764/4416
f 819/463/4417 959/1764/4417 818/462/4417
f 822/466/4418 964/1755/4418 963/1762/4418
f 822/466/4419 963/1762/4419 820/464/4419
f 960/1766/4420 3645/1748/4420 3642/1750/4420
f 960/1766/4421 3642/1750/4421 959/1764/4421
f 964/1755/4422 3639/1758/4422 3640/1759/4422
f 964/1755/4423 3640/1759/4423 963/1762/4423
f 3640/1759/4424 3639/1758/4424 956/1739/4424
f 3640/1759/4425 956/1739/4425 955/1741/4425
f 3642/1750/4426 3645/1748/4426 952/1746/4426
f 3642/1750/4427 952/1746/4427 951/1743/4427
f 3632/1740/4428 3631/1738/4428 948/1727/4428
f 3632/1740/4429 948/1727/4429 947/1732/4429
f 3633/1744/4430 3636/1748/4430 944/1729/4430
f 3633/1744/4431 944/1729/4431 943/1736/4431
f 944/1729/4432 3628/1722/4432 3621/1715/4432
f 944/1729/4433 3621/1715/4433 943/1736/4433
f 948/1727/4434 3617/1726/4434 3630/1733/4434
f 948/1727/4435 3630/1733/4435 947/1732/4435
f 3621/1715/4436 3628/1722/4436 3627/1721/4436
f 3621/1715/4437 3627/1721/4437 3622/1716/4437
f 3630/1733/4438 3617/1726/4438 3615/1725/4438
f 3630/1733/4439 3615/1725/4439 3619/1774/4439
f 988/542/4440 972/1685/4440 993/1684/4440
f 995/936/4441 997/1687/4441 996/1689/4441
f 1938/919/4442 970/1686/4442 1000/1700/4442
f 1960/1683/4443 988/542/4443 1007/933/4443
f 1960/1683/4444 1007/933/4444 1957/935/4444
f 999/1691/4445 1958/1697/4445 979/1692/4445
f 1938/919/4446 998/1707/4446 980/1702/4446
f 1938/919/4447 980/1702/4447 981/1701/4447
f 827/1681/4448 1017/1784/4448 3661/1791/4448
f 827/1681/4449 3661/1791/4449 923/519/4449
f 1965/1705/4450 979/1692/4450 3662/220/4450
f 1965/1705/4451 3662/220/4451 3663/1792/4451
f 1964/1704/4452 980/1702/4452 3664/249/4452
f 1964/1704/4453 3664/249/4453 3665/235/4453
f 998/1707/4454 1959/1708/4454 980/1702/4454
f 993/1684/4455 969/1679/4455 994/1678/4455
f 997/1687/4456 971/1690/4456 996/1689/4456
f 1961/937/4457 995/936/4457 1954/1709/4457
f 1066/962/4458 3609/249/4458 3608/249/4458
f 1066/962/4459 3608/249/4459 1061/1793/4459
f 1048/1794/4460 3666/1795/4460 3667/1796/4460
f 1048/1794/4461 3667/1796/4461 1050/1797/4461
f 1924/913/4462 930/1674/4462 3605/1673/4462
f 1924/913/4463 3605/1673/4463 3601/1666/4463
f 3601/1666/4464 1898/887/4464 3602/1667/4464
f 3604/1671/4465 911/1662/4465 3600/1665/4465
f 927/523/4466 932/526/4466 3607/1677/4466
f 927/523/4467 3607/1677/4467 3604/1671/4467
f 911/1662/4468 910/532/4468 870/1669/4468
f 1894/1660/4469 882/1658/4469 874/1651/4469
f 1894/1660/4470 874/1651/4470 853/477/4470
f 823/1659/4471 884/493/4471 881/1656/4471
f 823/1659/4472 881/1656/4472 856/480/4472
f 874/1651/4473 1905/893/4473 1885/1650/4473
f 874/1651/4474 1885/1650/4474 845/474/4474
f 912/504/4475 871/506/4475 831/1636/4475
f 912/504/4476 831/1636/4476 1887/1635/4476
f 875/486/4477 914/1643/4477 1890/1638/4477
f 875/486/4478 1890/1638/4478 851/1645/4478
f 914/1643/4479 873/1649/4479 832/469/4479
f 914/1643/4480 832/469/4480 1890/1638/4480
f 1879/1647/4481 825/467/4481 907/507/4481
f 1879/1647/4482 907/507/4482 872/508/4482
f 3668/1789/4483 1919/1798/4483 909/1648/4483
f 3668/1789/4484 909/1648/4484 873/1649/4484
f 1958/1697/4485 3654/938/4485 3662/220/4485
f 1958/1697/4486 3662/220/4486 979/1692/4486
f 1959/1708/4487 3652/41/4487 3664/249/4487
f 1959/1708/4488 3664/249/4488 980/1702/4488
f 1965/1705/4489 3663/1792/4489 3651/68/4489
f 1965/1705/4490 3651/68/4490 978/1699/4490
f 1964/1704/4491 3665/235/4491 3669/1799/4491
f 1964/1704/4492 3669/1799/4492 1950/1779/4492
f 1058/958/4493 3670/1800/4493 3671/1801/4493
f 1058/958/4494 3671/1801/4494 1060/1802/4494
f 1048/1794/4495 1046/565/4495 3658/41/4495
f 1048/1794/4496 3658/41/4496 3672/41/4496
f 1042/581/4497 3611/235/4497 3673/235/4497
f 1042/581/4498 3673/235/4498 1029/554/4498
f 1064/602/4499 3674/1803/4499 3675/1804/4499
f 1064/602/4500 3675/1804/4500 1066/962/4500
f 1019/575/4501 1018/1680/4501 3676/1805/4501
f 1019/575/4502 3676/1805/4502 3677/1806/4502
f 1033/561/4503 1029/554/4503 3678/1807/4503
f 1033/561/4504 3678/1807/4504 920/516/4504
f 1039/1808/4505 1034/559/4505 3679/34/4505
f 1039/1808/4506 3679/34/4506 3680/34/4506
f 1060/1802/4507 3681/1809/4507 3682/204/4507
f 1060/1802/4508 3682/204/4508 1052/566/4508
f 1016/1810/4509 3683/938/4509 3684/938/4509
f 1016/1810/4510 3684/938/4510 1010/1811/4510
f 1042/581/4511 1039/1812/4511 3685/1813/4511
f 1042/581/4512 3685/1813/4512 3686/1814/4512
f 1052/566/4513 3687/1815/4513 934/528/4513
f 1052/566/4514 934/528/4514 1055/1816/4514
f 1011/549/4515 1010/1811/4515 3688/1817/4515
f 1011/549/4516 3688/1817/4516 929/525/4516
f 1058/958/4517 1055/1816/4517 3684/938/4517
f 1058/958/4518 3684/938/4518 3683/938/4518
f 1013/1818/4519 1011/549/4519 3689/220/4519
f 1013/1818/4520 3689/220/4520 3690/220/4520
f 1077/1819/4521 3690/220/4521 3689/220/4521
f 1077/1819/4522 3689/220/4522 1068/1820/4522
f 1028/952/4523 3691/1792/4523 3692/1792/4523
f 1028/952/4524 3692/1792/4524 1020/551/4524
f 1061/1793/4525 3693/1821/4525 937/531/4525
f 1061/1793/4526 937/531/4526 1062/1682/4526
f 1016/1810/4527 1013/1822/4527 3694/1823/4527
f 1016/1810/4528 3694/1823/4528 3695/1824/4528
f 1068/1825/4529 3696/1826/4529 939/1827/4529
f 1068/1825/4530 939/1827/4530 1071/605/4530
f 1023/1828/4531 1020/551/4531 3697/1829/4531
f 1023/1828/4532 3697/1829/4532 926/522/4532
f 1075/968/4533 1072/571/4533 3692/1792/4533
f 1075/968/4534 3692/1792/4534 3691/1792/4534
f 1025/1830/4535 1023/1828/4535 3698/68/4535
f 1025/1830/4536 3698/68/4536 3699/68/4536
f 1050/1797/4537 3699/68/4537 3698/68/4537
f 1050/1797/4538 3698/68/4538 1043/1831/4538
f 1075/968/4539 3700/1832/4539 3701/1833/4539
f 1075/968/4540 3701/1833/4540 1077/1819/4540
f 1028/952/4541 1025/1830/4541 3702/1834/4541
f 1028/952/4542 3702/1834/4542 3703/1835/4542
f 1043/1831/4543 3704/1836/4543 931/660/4543
f 1043/1831/4544 931/660/4544 1045/589/4544
f 886/513/4545 916/510/4545 831/1636/4545
f 872/508/4546 913/505/4546 835/1637/4546
f 872/508/4547 835/1637/4547 3705/1837/4547
f 872/508/4548 3705/1837/4548 1879/1647/4548
f 887/908/4549 832/469/4549 1878/1838/4549
f 887/908/4550 1878/1838/4550 833/470/4550
f 1887/1635/4551 915/509/4551 1885/1650/4551
f 3706/1839/4552 1903/892/4552 1905/893/4552
f 3706/1839/4553 1905/893/4553 1888/1653/4553
f 835/1637/4554 1903/892/4554 3706/1839/4554
f 1890/1638/4555 1910/899/4555 1912/900/4555
f 1884/1788/4556 914/1643/4556 1880/1642/4556
f 1882/1787/4557 829/878/4557 830/879/4557
f 846/475/4558 892/497/4558 891/499/4558
f 846/475/4559 891/499/4559 844/883/4559
f 845/474/4560 888/495/4560 892/497/4560
f 845/474/4561 892/497/4561 846/475/4561
f 850/1840/4562 895/503/4562 849/481/4562
f 851/1645/4563 893/1644/4563 895/503/4563
f 851/1645/4564 895/503/4564 850/1840/4564
f 837/1641/4565 875/486/4565 879/491/4565
f 891/499/4566 897/498/4566 853/477/4566
f 891/499/4567 853/477/4567 855/479/4567
f 891/499/4568 855/479/4568 844/883/4568
f 899/502/4569 856/480/4569 858/1841/4569
f 895/503/4570 899/502/4570 858/1841/4570
f 895/503/4571 858/1841/4571 849/481/4571
f 880/490/4572 881/1656/4572 852/1655/4572
f 879/491/4573 880/490/4573 852/1655/4573
f 879/491/4574 852/1655/4574 837/1641/4574
f 3707/1842/4575 900/902/4575 862/888/4575
f 3707/1842/4576 862/888/4576 863/1843/4576
f 1914/1661/4577 3707/1842/4577 863/1843/4577
f 1914/1661/4578 863/1843/4578 1894/1660/4578
f 1907/1844/4579 883/492/4579 868/1654/4579
f 884/493/4580 1907/1844/4580 868/1654/4580
f 1900/889/4581 903/904/4581 1916/1845/4581
f 1900/889/4582 1916/1845/4582 1898/887/4582
f 862/888/4583 900/902/4583 903/904/4583
f 862/888/4584 903/904/4584 1900/889/4584
f 864/1657/4585 882/1658/4585 1901/1668/4585
f 870/1669/4586 904/907/4586 1918/1664/4586
f 823/1659/4587 902/905/4587 904/907/4587
f 823/1659/4588 904/907/4588 870/1669/4588
f 873/1649/4589 833/470/4589 832/469/4589
f 1886/1846/4590 1885/1650/4590 1905/893/4590
f 1886/1846/4591 1905/893/4591 3708/894/4591
f 1887/1635/4592 1886/1846/4592 3708/894/4592
f 1887/1635/4593 3708/894/4593 912/504/4593
f 843/882/4594 844/883/4594 874/1651/4594
f 845/474/4595 843/882/4595 874/1651/4595
f 849/481/4596 878/489/4596 876/487/4596
f 851/1645/4597 849/481/4597 876/487/4597
f 851/1645/4598 876/487/4598 875/486/4598
f 874/1651/4599 854/478/4599 853/477/4599
f 874/1651/4600 844/883/4600 854/478/4600
f 878/489/4601 849/481/4601 856/480/4601
f 878/489/4602 856/480/4602 881/1656/4602
f 882/1658/4603 1894/1660/4603 862/888/4603
f 884/493/4604 823/1659/4604 824/494/4604
f 862/888/4605 1898/887/4605 882/1658/4605
f 870/1669/4606 910/532/4606 828/534/4606
f 823/1659/4607 870/1669/4607 828/534/4607
f 823/1659/4608 828/534/4608 824/494/4608
f 885/511/4609 3709/877/4609 829/878/4609
f 885/511/4610 1874/875/4610 3709/877/4610
f 887/908/4611 836/1847/4611 835/1637/4611
f 887/908/4612 1879/1647/4612 836/1847/4612
f 1882/1787/4613 1883/1786/4613 915/509/4613
f 1889/1848/4614 1888/1653/4614 1912/900/4614
f 1889/1848/4615 1912/900/4615 3710/1849/4615
f 835/1637/4616 1889/1848/4616 3710/1849/4616
f 835/1637/4617 3710/1849/4617 917/897/4617
f 838/880/4618 891/499/4618 889/496/4618
f 840/472/4619 838/880/4619 889/496/4619
f 840/472/4620 889/496/4620 888/495/4620
f 848/1652/4621 894/501/4621 893/1644/4621
f 896/1850/4622 839/881/4622 897/498/4622
f 891/499/4623 838/880/4623 839/881/4623
f 891/499/4624 839/881/4624 896/1850/4624
f 894/501/4625 848/1652/4625 899/502/4625
f 901/1851/4626 859/1852/4626 900/902/4626
f 1914/1661/4627 1891/884/4627 859/1852/4627
f 1914/1661/4628 859/1852/4628 901/1851/4628
f 3711/485/4629 1897/1676/4629 1916/1845/4629
f 3711/485/4630 1916/1845/4630 1915/903/4630
f 859/1852/4631 3711/485/4631 1915/903/4631
f 859/1852/4632 1915/903/4632 900/902/4632
f 869/1853/4633 1901/1668/4633 1918/1664/4633
f 869/1853/4634 1918/1664/4634 1917/906/4634
f 864/1657/4635 869/1853/4635 1917/906/4635
f 864/1657/4636 1917/906/4636 902/905/4636
f 905/512/4637 906/1854/4637 1874/875/4637
f 905/512/4638 1874/875/4638 885/511/4638
f 1898/887/4639 1916/1845/4639 3602/1667/4639
f 865/1663/4640 911/1662/4640 3607/1677/4640
f 1918/1664/4641 1898/887/4641 3605/1673/4641
f 1897/1676/4642 3602/1667/4642 1916/1845/4642
f 3607/1677/4643 3712/1855/4643 3659/1785/4643
f 3713/529/4644 937/531/4644 3693/1821/4644
f 3713/529/4644 3693/1821/4644 3714/1856/4644
f 1928/914/4645 3713/529/4645 3714/1856/4645
f 1928/914/4646 3714/1856/4646 1924/913/4646
f 930/1674/4647 931/660/4647 3704/1836/4647
f 930/1674/4648 3704/1836/4648 1925/1857/4648
f 930/1674/4649 1925/1857/4649 924/520/4649
f 938/1672/4650 939/1827/4650 3696/1826/4650
f 938/1672/4651 3696/1826/4651 1926/1858/4651
f 938/1672/4652 1926/1858/4652 927/523/4652
f 932/526/4653 934/528/4653 3687/1815/4653
f 932/526/4654 3687/1815/4654 1920/909/4654
f 932/526/4655 1920/909/4655 1922/911/4655
f 930/1674/4656 921/517/4656 923/519/4656
f 930/1674/4657 923/519/4657 3661/1791/4657
f 930/1674/4658 1924/913/4658 921/517/4658
f 1927/1859/4659 927/523/4659 929/525/4659
f 1927/1859/4660 929/525/4660 3688/1817/4660
f 932/526/4661 927/523/4661 1927/1859/4661
f 3602/1667/4662 3606/1675/4662 3656/1782/4662
f 936/530/4663 918/514/4663 920/516/4663
f 936/530/4664 920/516/4664 3678/1807/4664
f 1928/914/4665 3655/1781/4665 918/514/4665
f 1928/914/4666 918/514/4666 936/530/4666
f 938/1672/4667 924/520/4667 926/522/4667
f 938/1672/4668 926/522/4668 3697/1829/4668
f 1922/911/4669 3712/1855/4669 3607/1677/4669
f 1922/911/4670 3607/1677/4670 932/526/4670
f 3715/1757/4671 957/1772/4671 956/1739/4671
f 3715/1757/4672 956/1739/4672 3639/1758/4672
f 985/34/4673 3716/1860/4673 3650/34/4673
f 985/34/4674 3650/34/4674 3717/1861/4674
f 1956/249/4675 3719/1862/4675 3622/1716/4675
f 1956/249/4676 3622/1716/4676 3720/1863/4676
f 989/68/4677 3721/1864/4677 3626/68/4677
f 989/68/4678 3626/68/4678 3722/1865/4678
f 3724/1866/4679 993/1684/4679 1940/921/4679
f 3725/1867/4680 997/1687/4680 1943/924/4680
f 1963/939/4681 1962/938/4681 3727/938/4681
f 3728/1868/4682 1961/937/4682 3729/1869/4682
f 3728/1868/4683 3729/1869/4683 3727/938/4683
f 3730/1870/4684 3615/1725/4684 3731/1871/4684
f 3730/1870/4685 3731/1871/4685 3727/938/4685
f 3732/1872/4686 1001/545/4686 1946/927/4686
f 3733/1873/4687 1005/1688/4687 1949/930/4687
f 1968/941/4688 1967/235/4688 3734/235/4688
f 3735/1874/4689 1966/1875/4689 3736/1876/4689
f 3735/1874/4690 3736/1876/4690 3734/235/4690
f 3737/1877/4691 3623/235/4691 3738/1878/4691
f 3737/1877/4692 3738/1878/4692 3734/235/4692
f 3740/1879/4693 3620/1775/4693 3741/1880/4693
f 3740/1879/4694 3741/1880/4694 1969/1792/4694
f 969/1679/4695 1944/925/4695 1946/927/4695
f 970/1686/4696 1938/919/4696 1940/921/4696
f 971/1690/4697 1947/928/4697 1949/930/4697
f 3742/1881/4698 1943/924/4698 1952/932/4698
f 3742/1881/4699 1941/922/4699 1943/924/4699
f 976/931/4700 997/1687/4700 3616/1711/4700
f 1955/934/4701 1968/941/4701 3623/1717/4701
f 1955/934/4702 3623/1717/4702 3622/1716/4702
f 991/544/4703 1960/1683/4703 3627/1721/4703
f 991/544/4704 3627/1721/4704 3626/1720/4704
f 3723/1882/4705 3741/1880/4705 3620/1775/4705
f 3723/1882/4706 3620/1775/4706 3619/1774/4706
f 1954/1709/4707 1970/943/4707 3741/1880/4707
f 1954/1709/4708 3741/1880/4708 3723/1882/4708
f 3718/1883/4709 3731/1871/4709 3615/1725/4709
f 3718/1883/4710 3615/1725/4710 3614/1724/4710
f 987/1706/4711 1963/939/4711 3731/1871/4711
f 987/1706/4712 3731/1871/4712 3718/1883/4712
f 969/1679/4713 993/1684/4713 1939/920/4713
f 969/1679/4714 1939/920/4714 1938/919/4714
f 971/1690/4715 997/1687/4715 1942/923/4715
f 971/1690/4716 1942/923/4716 1941/922/4716
f 1957/935/4717 3622/1716/4717 3627/1721/4717
f 1957/935/4718 3627/1721/4718 3726/1884/4718
f 1957/935/4719 3726/1884/4719 1960/1683/4719
f 1954/1709/4720 3619/1774/4720 3615/1725/4720
f 1954/1709/4721 3615/1725/4721 3729/1869/4721
f 1954/1709/4722 3729/1869/4722 1961/937/4722
f 967/1713/4723 968/1780/4723 1001/545/4723
f 967/1713/4724 1001/545/4724 1945/926/4724
f 967/1713/4725 1945/926/4725 1944/925/4725
f 970/1686/4726 1005/1688/4726 1948/929/4726
f 970/1686/4727 1948/929/4727 1947/928/4727
f 973/538/4728 1002/546/4728 1001/545/4728
f 986/541/4729 3650/1776/4729 3623/1717/4729
f 986/541/4730 3623/1717/4730 1966/940/4730
f 990/543/4731 3626/1720/4731 3620/1775/4731
f 990/543/4732 3620/1775/4732 3739/1885/4732
f 990/543/4733 3739/1885/4733 1969/942/4733
f 1941/922/4734 3742/1881/4734 3612/1694/4734
f 3674/1803/4735 3665/235/4735 3664/249/4735
f 3674/1803/4736 3664/249/4736 3675/1804/4736
f 3666/1795/4737 3652/41/4737 3651/68/4737
f 3666/1795/4738 3651/68/4738 3667/1796/4738
f 3700/1832/4739 3663/1792/4739 3662/220/4739
f 3700/1832/4740 3662/220/4740 3701/1833/4740
f 3670/1800/4741 3654/938/4741 3653/1778/4741
f 3670/1800/4742 3653/1778/4742 3671/1801/4742
f 3677/1806/4743 3676/1805/4743 3664/249/4743
f 3677/1806/4744 3664/249/4744 3652/41/4744
f 3695/1824/4745 3694/1823/4745 3662/220/4745
f 3695/1824/4746 3662/220/4746 3654/938/4746
f 3686/1814/4747 3685/1813/4747 3669/1799/4747
f 3686/1814/4748 3669/1799/4748 3665/235/4748
f 3703/1835/4749 3702/1834/4749 3651/68/4749
f 3703/1835/4750 3651/68/4750 3663/1792/4750
f 1010/1811/4751 1011/549/4751 1012/548/4751
f 1011/549/4752 1013/1818/4752 1015/574/4752
f 1016/1810/4753 1014/572/4753 1013/1822/4753
f 1020/551/4754 1022/553/4754 1028/952/4754
f 1025/1830/4755 1026/1886/4755 1024/948/4755
f 1025/1830/4756 1024/948/4756 1023/1828/4756
f 1027/951/4757 1026/1886/4757 1025/1830/4757
f 1027/951/4758 1025/1830/4758 1028/952/4758
f 1029/554/4759 1033/561/4759 1037/560/4759
f 1029/554/4760 1031/556/4760 1042/581/4760
f 1039/1808/4761 1041/586/4761 1035/580/4761
f 1039/1808/4762 1035/580/4762 1036/557/4762
f 1039/1808/4763 1036/557/4763 1034/559/4763
f 1042/581/4764 1040/1887/4764 1039/1812/4764
f 1043/1831/4765 1049/1888/4765 1050/1797/4765
f 1048/1794/4766 1047/587/4766 1046/565/4766
f 1048/1794/4767 1050/1797/4767 1049/1888/4767
f 1055/1816/4768 1056/1889/4768 1051/593/4768
f 1055/1816/4769 1051/593/4769 1052/566/4769
f 1054/568/4770 1971/1890/4770 1060/1802/4770
f 1054/568/4771 1060/1802/4771 1052/566/4771
f 1057/960/4772 1056/1889/4772 1055/1816/4772
f 1057/960/4773 1055/1816/4773 1058/958/4773
f 1058/958/4774 1060/1802/4774 1059/598/4774
f 1062/1682/4775 1063/1891/4775 1061/1793/4775
f 1064/602/4776 1063/1891/4776 1062/1682/4776
f 1114/600/4777 1064/602/4777 1066/962/4777
f 1114/600/4778 1066/962/4778 1065/961/4778
f 1071/605/4779 1067/965/4779 1068/1825/4779
f 1077/1819/4780 1068/1820/4780 1069/1892/4780
f 1077/1819/4781 1069/1892/4781 1076/608/4781
f 1075/968/4782 1073/603/4782 1072/571/4782
f 1074/970/4783 1073/603/4783 1075/968/4783
f 1075/968/4784 1077/1819/4784 1076/608/4784
f 1010/1811/4785 1012/548/4785 1079/1893/4785
f 1016/1810/4786 1010/1811/4786 1079/1893/4786
f 1016/1810/4787 1079/1893/4787 1080/1894/4787
f 1012/548/4788 1078/550/4788 1015/574/4788
f 1012/548/4789 1015/574/4789 1081/573/4789
f 1082/1895/4790 1012/548/4790 1081/573/4790
f 1080/1894/4791 1972/945/4791 1014/572/4791
f 1080/1894/4792 1014/572/4792 1016/1810/4792
f 1080/1894/4793 1082/1895/4793 1972/945/4793
f 1017/1784/4794 827/1681/4794 1083/1896/4794
f 1017/1784/4795 1083/1896/4795 1084/1897/4795
f 1084/1897/4796 1086/1898/4796 1085/576/4796
f 1019/575/4797 1017/1784/4797 1084/1897/4797
f 1019/575/4798 1084/1897/4798 1085/576/4798
f 1083/1896/4799 827/1681/4799 1018/1680/4799
f 1083/1896/4800 1018/1680/4800 1088/1899/4800
f 1087/577/4801 1088/1899/4801 1018/1680/4801
f 1087/577/4802 1018/1680/4802 1019/575/4802
f 1086/1898/4803 1088/1899/4803 1087/577/4803
f 1974/947/4804 1973/946/4804 1975/949/4804
f 1974/947/4805 1975/949/4805 1021/552/4805
f 1020/551/4806 1023/1828/4806 1974/947/4806
f 1020/551/4807 1974/947/4807 1021/552/4807
f 1976/950/4808 1975/949/4808 1090/1900/4808
f 1976/950/4809 1090/1900/4809 1089/953/4809
f 1028/952/4810 1022/553/4810 1976/950/4810
f 1028/952/4811 1976/950/4811 1089/953/4811
f 1024/948/4812 1026/1886/4812 1973/946/4812
f 1090/1900/4813 1026/1886/4813 1027/951/4813
f 1091/579/4814 1977/954/4814 1030/555/4814
f 1029/554/4815 1037/560/4815 1091/579/4815
f 1029/554/4816 1091/579/4816 1030/555/4816
f 1031/556/4817 1977/954/4817 1094/1901/4817
f 1031/556/4818 1094/1901/4818 1093/582/4818
f 1042/581/4819 1031/556/4819 1093/582/4819
f 1091/579/4820 1096/585/4820 1097/1902/4820
f 1041/586/4821 1096/585/4821 1091/579/4821
f 1041/586/4822 1091/579/4822 1092/578/4822
f 1095/583/4823 1040/1887/4823 1042/581/4823
f 1094/1901/4824 1097/1902/4824 1040/1887/4824
f 1094/1901/4825 1040/1887/4825 1095/583/4825
f 1045/589/4826 1098/588/4826 1099/1903/4826
f 1045/589/4827 1099/1903/4827 1043/1831/4827
f 1099/1903/4828 1100/591/4828 1049/1888/4828
f 1099/1903/4829 1049/1888/4829 1043/1831/4829
f 1102/592/4830 1100/591/4830 1099/1903/4830
f 1098/588/4831 1047/587/4831 1048/1794/4831
f 1098/588/4832 1048/1794/4832 1103/1904/4832
f 1103/1904/4833 1048/1794/4833 1049/1888/4833
f 1103/1904/4834 1049/1888/4834 1101/590/4834
f 1103/1904/4835 1101/590/4835 1102/592/4835
f 1106/596/4836 1056/1889/4836 1105/595/4836
f 1056/1889/4837 1106/596/4837 1051/593/4837
f 1104/594/4838 1107/597/4838 1108/599/4838
f 1104/594/4839 1108/599/4839 1125/568/4839
f 1107/597/4840 1104/594/4840 1105/595/4840
f 1109/1905/4841 1056/1889/4841 1057/960/4841
f 1981/959/4842 1058/958/4842 1059/598/4842
f 1981/959/4843 1059/598/4843 1107/597/4843
f 1109/1905/4844 1981/959/4844 1107/597/4844
f 1063/1891/4775 1110/1906/4775 1061/1793/4775
f 1110/1906/4845 1112/1907/4845 1111/963/4845
f 1066/962/4846 1061/1793/4846 1110/1906/4846
f 1066/962/4847 1110/1906/4847 1111/963/4847
f 1063/1891/4848 1064/602/4848 1113/601/4848
f 1115/1908/4849 1063/1891/4849 1113/601/4849
f 1115/1908/4850 1114/600/4850 1065/961/4850
f 1115/1908/4851 1065/961/4851 1112/1907/4851
f 1983/966/4852 1116/604/4852 1117/606/4852
f 1983/966/4853 1117/606/4853 1120/1909/4853
f 1071/605/4854 1116/604/4854 1983/966/4854
f 1071/605/4855 1983/966/4855 1067/965/4855
f 1119/967/4856 1120/1909/4856 1122/1910/4856
f 1119/967/4857 1122/1910/4857 1121/609/4857
f 1076/608/4858 1067/965/4858 1119/967/4858
f 1076/608/4859 1119/967/4859 1121/609/4859
f 1982/964/4860 1073/603/4860 1074/970/4860
f 1124/1911/4861 1117/606/4861 1982/964/4861
f 1124/1911/4862 1982/964/4862 1074/970/4862
f 1984/969/4863 1075/968/4863 1076/608/4863
f 1984/969/4864 1076/608/4864 1123/610/4864
f 1124/1911/4865 1984/969/4865 1123/610/4865
f 1124/1911/4866 1123/610/4866 1122/1910/4866
f 1231/509/4184 1996/1912/4184 1150/1913/4184
f 1231/509/4185 1150/1913/4185 1232/650/4185
f 2015/982/4867 1999/1914/4867 1154/1915/4867
f 2015/982/4868 1154/1915/4868 1229/648/4868
f 2023/988/4187 2000/1916/4187 1151/625/4187
f 2023/988/4869 1151/625/4869 1203/993/4869
f 3743/1917/4189 3744/1918/4189 1131/616/4189
f 3743/1917/4190 1131/616/4190 1133/618/4190
f 1152/626/4870 1132/617/4870 1131/616/4870
f 1152/626/4871 1131/616/4871 1203/993/4871
f 1194/1919/4872 1156/1920/4872 1989/1921/4872
f 1194/1919/4194 1989/1921/4194 1230/1922/4194
f 1209/1923/4873 1171/1924/4873 2000/1916/4873
f 1209/1923/4874 2000/1916/4874 2025/989/4874
f 1223/1925/4197 1224/1926/4197 1150/1913/4197
f 1223/1925/4875 1150/1913/4875 1191/980/4875
f 1131/616/4876 1141/623/4876 1154/1915/4876
f 1131/616/4877 1154/1915/4877 1203/993/4877
f 1225/1927/4201 1132/617/4201 1152/626/4201
f 1225/1927/4878 1152/626/4878 1192/1928/4878
f 1204/641/4203 1165/631/4203 1994/1929/4203
f 1204/641/4879 1994/1929/4879 1231/509/4879
f 1193/1930/4880 1168/1931/4880 1997/1932/4880
f 1193/1930/4206 1997/1932/4206 2017/983/4206
f 2001/1933/4881 1155/1934/4881 1199/1656/4881
f 2001/1933/4882 1199/1656/4882 2019/986/4882
f 1183/1935/4209 1168/1931/4209 1193/1930/4209
f 1183/1935/4210 1193/1930/4210 1200/1936/4210
f 1184/1937/4883 1175/635/4883 1215/646/4883
f 1184/1937/4884 1215/646/4884 1218/991/4884
f 2005/1938/4885 1172/633/4885 1213/643/4885
f 2005/1938/4886 1213/643/4886 2027/1939/4886
f 1227/1940/4215 1185/1941/4215 1226/662/4215
f 1227/1940/4887 2031/1942/4887 3745/1943/4887
f 1238/1944/4888 3746/1945/4888 3747/1946/4888
f 1238/1944/4889 3747/1946/4889 2039/995/4889
f 2009/978/4890 2031/1942/4890 2012/1947/4890
f 2009/978/4220 2012/1947/4220 1200/1936/4220
f 2031/1942/4891 1227/1940/4891 1140/1948/4891
f 3748/1949/4222 3745/1943/4222 2031/1942/4222
f 1242/657/4223 3749/1950/4223 3745/1943/4223
f 1242/657/4892 3745/1943/4892 1253/1951/4892
f 1240/1952/4893 3748/1949/4893 3750/1953/4893
f 1240/1952/4894 3750/1953/4894 1245/658/4894
f 3751/1954/4227 3747/1946/4227 2008/1955/4227
f 3749/1950/4228 3752/1956/4228 1227/1940/4228
f 3746/1945/4229 3750/1953/4229 2009/978/4229
f 1316/672/4895 1294/1957/4895 1284/1958/4895
f 1316/672/4896 1284/1958/4896 2054/1001/4896
f 1333/1959/4897 1143/1960/4897 3753/249/4897
f 1333/1959/4898 3753/249/4898 3754/249/4898
f 1379/693/4234 1377/1961/4234 3755/6/4234
f 1379/693/4235 3755/6/4235 3756/235/4235
f 2067/1962/4236 1308/671/4236 1305/670/4236
f 1310/1963/4899 1287/1964/4899 1285/1686/4899
f 1310/1963/4900 1285/1686/4900 2048/997/4900
f 1311/1965/4901 1292/1966/4901 1282/1967/4901
f 1311/1965/4902 1282/1967/4902 2051/999/4902
f 1320/1968/4903 1288/1969/4903 1286/1970/4903
f 1320/1968/4242 1286/1970/4242 2057/1003/4242
f 2049/998/4243 1314/1971/4243 1296/1972/4243
f 2049/998/4244 1296/1972/4244 1309/1973/4244
f 2049/998/4245 3757/1974/4245 2059/1975/4245
f 2049/998/4904 2059/1975/4904 1314/1971/4904
f 1314/1971/4905 2059/1975/4905 3758/1696/4905
f 1314/1971/4248 3758/1696/4248 2065/1976/4248
f 2055/1002/4906 1309/1973/4906 1296/1972/4906
f 2055/1002/4250 1296/1972/4250 1323/1977/4250
f 2055/1002/4907 1323/1977/4907 1295/1978/4907
f 2055/1002/4252 1295/1978/4252 1315/1979/4252
f 2052/1000/4908 1298/1701/4908 1297/1980/4908
f 2052/1000/4254 1297/1980/4254 1324/1981/4254
f 1324/1981/4255 1297/1980/4255 2071/1704/4255
f 1323/1977/4256 1296/1972/4256 2072/1982/4256
f 2070/1007/4909 1304/1983/4909 1312/1006/4909
f 1313/1984/4258 1295/1978/4258 2066/1985/4258
f 2046/996/4259 1315/1979/4259 1295/1978/4259
f 2046/996/4260 1295/1978/4260 1313/1984/4260
f 1312/1006/4910 1288/1969/4910 2061/1986/4910
f 1322/1004/4911 1294/1957/4911 1316/672/4911
f 2077/943/4912 2061/1986/4912 1321/1010/4912
f 2075/941/4913 2062/934/4913 1322/1004/4913
f 2046/996/4914 1298/1701/4914 1284/1958/4914
f 2049/998/4266 1309/1973/4266 1286/1970/4266
f 1312/1006/4267 2060/1987/4267 3761/1988/4267
f 1312/1006/4915 3761/1988/4915 1311/1965/4915
f 2052/1000/4916 1300/1989/4916 3762/1990/4916
f 2055/1002/4270 1315/1979/4270 1285/1686/4270
f 1321/1010/4917 1288/1969/4917 1320/1968/4917
f 1305/670/4918 1310/1963/4918 1294/1957/4918
f 1305/670/4919 1294/1957/4919 1322/1004/4919
f 1321/1010/4920 1287/1964/4920 1305/670/4920
f 1322/1004/4275 1316/672/4275 1319/1991/4275
f 1322/1004/4921 1319/1991/4921 1301/668/4921
f 3767/1992/4922 3768/1993/4922 3769/1994/4922
f 3767/1992/4923 3769/1994/4923 3770/1995/4923
f 3771/1996/4924 3772/1720/4924 3773/1997/4924
f 3771/1996/4925 3773/1997/4925 3774/1998/4925
f 3764/1999/4926 3759/2000/4926 3760/2001/4926
f 3764/1999/4927 3760/2001/4927 3763/2002/4927
f 1263/2003/4928 1264/2004/4928 3764/1999/4928
f 1263/2003/4929 3764/1999/4929 3763/2002/4929
f 1259/2005/4930 1260/2006/4930 3771/1996/4930
f 1259/2005/4931 3771/1996/4931 3774/1998/4931
f 1261/2007/4932 1262/2008/4932 3776/2009/4932
f 1261/2007/4288 3776/2009/4288 3775/2010/4288
f 1257/235/4933 1258/2011/4933 3767/1992/4933
f 1257/235/4934 3767/1992/4934 3770/1995/4934
f 3794/2012/4935 1264/2004/4935 1263/2003/4935
f 3794/2012/4936 1263/2003/4936 3777/2013/4936
f 1271/2014/4937 3777/2013/4937 3778/2015/4937
f 1271/2014/4938 3778/2015/4938 1270/2016/4938
f 1265/2017/4939 1266/2018/4939 3779/2019/4939
f 1265/2017/4940 3779/2019/4940 3780/1745/4940
f 1267/2020/4941 1268/2021/4941 3781/2022/4941
f 1267/2020/4942 3781/2022/4942 3782/2023/4942
f 3781/2022/4943 1260/2006/4943 1259/2005/4943
f 3781/2022/4944 1259/2005/4944 3782/2023/4944
f 3779/2019/4945 1258/2011/4945 1257/235/4945
f 3779/2019/4302 1257/235/4302 3780/1745/4302
f 3778/2015/4946 1262/2008/4946 1261/2007/4946
f 3778/2015/4304 1261/2007/4304 3783/2024/4304
f 3788/2025/4947 1266/2018/4947 1265/2017/4947
f 3788/2025/4948 1265/2017/4948 3789/2026/4948
f 1267/2020/4949 3782/2023/4949 3779/2019/4949
f 1267/2020/4950 3779/2019/4950 1266/2018/4950
f 1269/2027/4951 3783/2024/4951 3781/2022/4951
f 1269/2027/4952 3781/2022/4952 1268/2021/4952
f 1265/2017/4953 3780/1745/4953 3784/2028/4953
f 1265/2017/4954 3784/2028/4954 2042/2029/4954
f 1279/2030/4955 1280/2031/4955 3860/2032/4955
f 1279/2030/4956 3860/2032/4956 3785/2033/4956
f 3790/2034/4957 1268/2021/4957 1267/2020/4957
f 3790/2034/4958 1267/2020/4958 3791/2035/4958
f 3786/2036/4959 1270/2016/4959 1269/2027/4959
f 3786/2036/4960 1269/2027/4960 3787/2037/4960
f 1277/2038/4961 1278/2039/4961 3786/2036/4961
f 1277/2038/4962 3786/2036/4962 3787/2037/4962
f 1273/2040/4963 1274/2041/4963 3788/2025/4963
f 1273/2040/4964 3788/2025/4964 3789/2026/4964
f 1138/2042/4965 1281/2043/4965 1280/2031/4965
f 1138/2042/4966 1280/2031/4966 1279/2030/4966
f 1275/2044/4967 1276/2045/4967 3790/2034/4967
f 1275/2044/4968 3790/2034/4968 3791/2035/4968
f 1137/622/4969 1126/611/4969 1276/2045/4969
f 1137/622/4970 1276/2045/4970 1275/2044/4970
f 1128/613/4971 1135/620/4971 1278/2039/4971
f 1128/613/4972 1278/2039/4972 1277/2038/4972
f 1130/615/4973 1136/621/4973 1274/2041/4973
f 1130/615/4974 1274/2041/4974 1273/2040/4974
f 1135/620/4975 3792/2046/4975 1281/2043/4975
f 1135/620/4976 1281/2043/4976 1138/2042/4976
f 1127/612/4977 1126/611/4977 1137/622/4977
f 1127/612/4978 1135/620/4978 1128/613/4978
f 1127/612/4979 1136/621/4979 1130/615/4979
f 1126/611/4980 1128/613/4980 1277/2038/4980
f 1126/611/4981 1277/2038/4981 1276/2045/4981
f 1277/2038/4982 3787/2037/4982 3790/2034/4982
f 1277/2038/4983 3790/2034/4983 1276/2045/4983
f 1273/2040/4984 3789/2026/4984 3793/2047/4984
f 1273/2040/4985 3793/2047/4985 2043/2048/4985
f 1129/614/4986 1130/615/4986 1273/2040/4986
f 1129/614/4987 1273/2040/4987 2043/2048/4987
f 3790/2034/4988 3787/2037/4988 1269/2027/4988
f 3790/2034/4989 1269/2027/4989 1268/2021/4989
f 3793/2047/4990 3789/2026/4990 1265/2017/4990
f 3793/2047/4991 1265/2017/4991 2042/2029/4991
f 1269/2027/4992 1270/2016/4992 3778/2015/4992
f 1269/2027/4993 3778/2015/4993 3783/2024/4993
f 3784/2028/4994 3780/1745/4994 1257/235/4994
f 3784/2028/4995 1257/235/4995 2041/2049/4995
f 3781/2022/4996 3783/2024/4996 1261/2007/4996
f 3781/2022/4997 1261/2007/4997 1260/2006/4997
f 1271/2014/4998 1272/2050/4998 3794/2012/4998
f 1271/2014/4999 3794/2012/4999 3777/2013/4999
f 1261/2007/4360 3775/2010/4360 3771/1996/4360
f 1261/2007/5000 3771/1996/5000 1260/2006/5000
f 1257/235/4362 3770/1995/4362 3795/2051/4362
f 1257/235/5001 3795/2051/5001 2041/2049/5001
f 3776/2009/4364 3765/2052/4364 3766/2053/4364
f 3776/2009/4365 3766/2053/4365 3775/2010/4365
f 3771/1996/5002 3775/2010/5002 3766/2053/5002
f 3771/1996/5003 3766/2053/5003 3772/1720/5003
f 1321/1010/5004 2061/1986/5004 1288/1969/5004
f 3795/2051/5005 3770/1995/5005 3769/1994/5005
f 3795/2051/5005 3769/1994/5005 3796/2054/5005
f 1316/672/5006 1318/673/5006 1319/1991/5006
f 2052/1000/5007 1284/1958/5007 1298/1701/5007
f 1321/1010/5008 1320/1968/5008 1287/1964/5008
f 2055/1002/4374 1286/1970/4374 1309/1973/4374
f 2076/1009/5009 1321/1010/5009 1305/670/5009
f 2076/1009/4376 1305/670/4376 1307/543/4376
f 2073/1008/4377 1322/1004/4377 1301/668/4377
f 2073/1008/5010 1301/668/5010 1303/669/5010
f 1312/1006/4379 1304/1983/4379 2060/1987/4379
f 1323/1977/4380 2072/1982/4380 1295/1978/4380
f 2052/1000/4381 1324/1981/4381 1299/1777/4381
f 2052/1000/4382 1299/1777/4382 1300/1989/4382
f 2066/1985/4383 1295/1978/4383 3797/68/4383
f 2066/1985/4384 3797/68/4384 3798/41/4384
f 2065/1976/4385 3758/1696/4385 3799/2055/4385
f 2065/1976/4386 3799/2055/4386 3800/938/4386
f 1324/1981/4387 2071/1704/4387 2058/2056/4387
f 1324/1981/5011 2058/2056/5011 1299/1777/5011
f 1316/672/5012 3801/2057/5012 1289/667/5012
f 1320/1968/4390 1285/1686/4390 1287/1964/4390
f 1240/1952/5013 1253/1951/5013 3745/1943/5013
f 1240/1952/5014 3745/1943/5014 3748/1949/5014
f 3802/2058/4393 2039/995/4393 3747/1946/4393
f 3802/2058/5015 3747/1946/5015 3803/2059/5015
f 1334/685/4395 3804/1783/4395 3805/41/4395
f 1334/685/5016 3805/41/5016 1332/2060/5016
f 3748/1949/5017 2031/1942/5017 3750/1953/5017
f 3806/2061/4398 1185/1941/4398 3752/1956/4398
f 1183/1935/5018 1218/991/5018 1215/646/5018
f 1183/1935/5019 1215/646/5019 1168/1931/5019
f 2002/976/4401 2027/1939/4401 1213/643/4401
f 2002/976/5020 1213/643/5020 1158/628/5020
f 1209/1923/5021 2025/989/5021 1997/1932/5021
f 1209/1923/5022 1997/1932/5022 1168/1931/5022
f 1204/641/5023 1231/509/5023 1992/2062/5023
f 1204/641/4406 1992/2062/4406 1160/630/4406
f 1233/987/5024 1203/993/5024 1154/1915/5024
f 1233/987/5025 1154/1915/5025 1999/1914/5025
f 1231/509/5026 1201/651/5026 1148/2063/5026
f 1231/509/5027 1148/2063/5027 1991/2064/5027
f 1230/1922/5028 1993/2065/5028 1146/2066/5028
f 1230/1922/5029 1146/2066/5029 1192/1928/5029
f 1131/616/4412 3744/1918/4412 3807/2067/4412
f 1131/616/4413 3807/2067/4413 1142/624/4413
f 1150/1913/5030 1224/1926/5030 1221/652/5030
f 1150/1913/4415 1221/652/4415 1202/653/4415
f 1136/621/5031 1137/622/5031 1275/2044/5031
f 1136/621/5032 1275/2044/5032 1274/2041/5032
f 1135/620/5033 1138/2042/5033 1279/2030/5033
f 1135/620/5034 1279/2030/5034 1278/2039/5034
f 1275/2044/5035 3791/2035/5035 3788/2025/5035
f 1275/2044/5036 3788/2025/5036 1274/2041/5036
f 1279/2030/5037 3785/2033/5037 3786/2036/5037
f 1279/2030/5038 3786/2036/5038 1278/2039/5038
f 3786/2036/5039 3785/2033/5039 1271/2014/5039
f 3786/2036/5040 1271/2014/5040 1270/2016/5040
f 3788/2025/5041 3791/2035/5041 1267/2020/5041
f 3788/2025/5042 1267/2020/5042 1266/2018/5042
f 3778/2015/5043 3777/2013/5043 1263/2003/5043
f 3778/2015/5044 1263/2003/5044 1262/2008/5044
f 3779/2019/5045 3782/2023/5045 1259/2005/5045
f 3779/2019/5046 1259/2005/5046 1258/2011/5046
f 1259/2005/5047 3774/1998/5047 3767/1992/5047
f 1259/2005/5048 3767/1992/5048 1258/2011/5048
f 1263/2003/4434 3763/2002/4434 3776/2009/4434
f 1263/2003/5049 3776/2009/5049 1262/2008/5049
f 3767/1992/5050 3774/1998/5050 3773/1997/5050
f 3767/1992/5051 3773/1997/5051 3768/1993/5051
f 3776/2009/4438 3763/2002/4438 3760/2001/4438
f 3776/2009/4439 3760/2001/4439 3765/2052/4439
f 1305/670/5052 1287/1964/5052 1310/1963/5052
f 1312/1006/5053 1311/1965/5053 1288/1969/5053
f 2046/996/4442 1285/1686/4442 1315/1979/4442
f 2067/1962/5054 1305/670/5054 1322/1004/5054
f 2067/1962/4444 1322/1004/4444 2064/1005/4444
f 1314/1971/4445 2065/1976/4445 1296/1972/4445
f 2046/996/5055 1313/1984/5055 1297/1980/5055
f 2046/996/5056 1297/1980/5056 1298/1701/5056
f 1143/1960/5057 1332/2060/5057 3808/1791/5057
f 1143/1960/5058 3808/1791/5058 1239/519/5058
f 2072/1982/4450 1296/1972/4450 3809/220/4450
f 2072/1982/4451 3809/220/4451 3810/1792/4451
f 2071/1704/5059 1297/1980/5059 3811/249/5059
f 2071/1704/4453 3811/249/4453 3812/235/4453
f 1313/1984/4454 2066/1985/4454 1297/1980/4454
f 1310/1963/5060 1284/1958/5060 1294/1957/5060
f 1311/1965/5061 1286/1970/5061 1288/1969/5061
f 2068/937/5062 1312/1006/5062 2061/1986/5062
f 1381/2068/5063 3754/249/5063 3753/249/5063
f 1381/2068/5064 3753/249/5064 1376/2069/5064
f 1363/2070/4460 3813/1795/4460 3814/1796/4460
f 1363/2070/5065 3814/1796/5065 1365/680/5065
f 1238/1944/5066 1245/658/5066 3750/1953/5066
f 1238/1944/5067 3750/1953/5067 3746/1945/5067
f 3746/1945/4464 2009/978/4464 3747/1946/4464
f 3749/1950/4465 1227/1940/4465 3745/1943/4465
f 1242/657/5068 1248/2071/5068 3752/1956/5068
f 1242/657/5069 3752/1956/5069 3749/1950/5069
f 1227/1940/5070 1226/662/5070 1140/1948/5070
f 2005/1938/5071 1200/1936/5071 1193/1930/5071
f 2005/1938/5072 1193/1930/5072 1172/633/5072
f 1184/1937/5073 2019/986/5073 1199/1656/5073
f 1184/1937/5074 1199/1656/5074 1175/635/5074
f 1193/1930/4473 2017/983/4473 1994/1929/4473
f 1193/1930/5075 1994/1929/5075 1165/631/5075
f 1228/647/5076 1190/649/5076 1150/1913/5076
f 1228/647/4476 1150/1913/4476 1996/1912/4476
f 1194/1919/4477 1230/1922/4477 2000/1916/4477
f 1194/1919/5077 2000/1916/5077 1171/1924/5077
f 1230/1922/5078 1192/1928/5078 1151/625/5078
f 1230/1922/4480 1151/625/4480 2000/1916/4480
f 1154/1915/5079 1141/623/5079 1223/1925/5079
f 1154/1915/5080 1223/1925/5080 1191/980/5080
f 1147/2072/5081 2032/2073/5081 1225/1927/5081
f 1147/2072/5082 1225/1927/5082 1192/1928/5082
f 2065/1976/4485 3800/938/4485 3809/220/4485
f 2065/1976/4486 3809/220/4486 1296/1972/4486
f 2066/1985/5083 3798/41/5083 3811/249/5083
f 2066/1985/5084 3811/249/5084 1297/1980/5084
f 2072/1982/4489 3810/1792/4489 3797/68/4489
f 2072/1982/5085 3797/68/5085 1295/1978/5085
f 2071/1704/4491 3812/235/4491 3815/2074/4491
f 2071/1704/4492 3815/2074/4492 2058/2056/4492
f 1373/1012/4493 3816/1800/4493 3817/1801/4493
f 1373/1012/5086 3817/1801/5086 1375/2075/5086
f 1363/2070/4495 1361/565/4495 3805/41/4495
f 1363/2070/4496 3805/41/4496 3818/41/4496
f 1357/581/4497 3756/235/4497 3819/235/4497
f 1357/581/4498 3819/235/4498 1344/554/4498
f 1379/693/5087 3820/1803/5087 3821/1804/5087
f 1379/693/5088 3821/1804/5088 1381/2068/5088
f 1334/685/5089 1333/1959/5089 3822/1805/5089
f 1334/685/4502 3822/1805/4502 3823/1806/4502
f 1348/678/4503 1344/554/4503 3824/1807/4503
f 1348/678/4504 3824/1807/4504 1236/516/4504
f 1354/1808/4505 1349/559/4505 3825/34/4505
f 1354/1808/5090 3825/34/5090 3826/34/5090
f 1375/2075/4507 3827/1809/4507 3828/204/4507
f 1375/2075/4508 3828/204/4508 1367/566/4508
f 1331/2076/4509 3829/938/4509 3830/938/4509
f 1331/2076/4510 3830/938/4510 1325/2077/4510
f 1357/581/4511 1354/1812/4511 3831/1813/4511
f 1357/581/4512 3831/1813/4512 3832/1814/4512
f 1367/566/4513 3833/1815/4513 1249/528/4513
f 1367/566/4514 1249/528/4514 1370/2078/4514
f 1326/549/4515 1325/2077/4515 3834/1817/4515
f 1326/549/4516 3834/1817/4516 1244/525/4516
f 1373/1012/4517 1370/2078/4517 3830/938/4517
f 1373/1012/5091 3830/938/5091 3829/938/5091
f 1328/2079/4519 1326/549/4519 3835/220/4519
f 1328/2079/5092 3835/220/5092 3836/220/5092
f 1392/1819/4521 3836/220/4521 3835/220/4521
f 1392/1819/4522 3835/220/4522 1383/2080/4522
f 1343/952/4523 3837/1792/4523 3838/1792/4523
f 1343/952/4524 3838/1792/4524 1335/551/4524
f 1376/2069/5093 3839/1821/5093 1252/531/5093
f 1376/2069/5094 1252/531/5094 1377/1961/5094
f 1331/2076/5095 1328/2081/5095 3840/1823/5095
f 1331/2076/4528 3840/1823/4528 3841/1824/4528
f 1383/2082/4529 3842/1826/4529 1254/1827/4529
f 1383/2082/4530 1254/1827/4530 1386/695/4530
f 1338/2083/4531 1335/551/4531 3843/1829/4531
f 1338/2083/5096 3843/1829/5096 1241/522/5096
f 1390/1014/4533 1387/571/4533 3838/1792/4533
f 1390/1014/4534 3838/1792/4534 3837/1792/4534
f 1340/1830/4535 1338/2083/4535 3844/68/4535
f 1340/1830/4536 3844/68/4536 3845/68/4536
f 1365/680/5097 3845/68/5097 3844/68/5097
f 1365/680/5098 3844/68/5098 1358/2084/5098
f 1390/1014/4539 3846/1832/4539 3847/1833/4539
f 1390/1014/5099 3847/1833/5099 1392/1819/5099
f 1343/952/4541 1340/1830/4541 3848/1834/4541
f 1343/952/4542 3848/1834/4542 3849/1835/4542
f 1358/2084/5100 3850/1836/5100 1247/660/5100
f 1358/2084/5101 1247/660/5101 1360/589/5101
f 1202/653/5102 1232/650/5102 1150/1913/5102
f 3851/2085/5103 1229/648/5103 1154/1915/5103
f 1191/980/5104 3851/2085/5104 1154/1915/5104
f 1203/993/5105 1151/625/5105 1988/1838/5105
f 1203/993/5106 1988/1838/5106 1152/626/5106
f 1192/1928/5107 1146/2066/5107 1147/2072/5107
f 1996/1912/4551 1231/509/4551 1994/1929/4551
f 3852/1839/5108 2015/982/5108 2017/983/5108
f 3852/1839/5109 2017/983/5109 1997/1932/5109
f 1999/1914/5110 2015/982/5110 3852/1839/5110
f 2000/1916/5111 2023/988/5111 2025/989/5111
f 1993/2065/5112 1230/1922/5112 1989/1921/5112
f 1991/2064/5113 1148/2063/5113 1149/34/5113
f 1166/632/5114 1208/497/5114 1207/644/5114
f 1166/632/5115 1207/644/5115 1164/975/5115
f 1165/631/5116 1204/641/5116 1208/497/5116
f 1165/631/5117 1208/497/5117 1166/632/5117
f 1170/1840/4562 1211/503/4562 1169/636/4562
f 1171/1924/5118 1209/1923/5118 1211/503/5118
f 1171/1924/5119 1211/503/5119 1170/1840/5119
f 1156/1920/5120 1197/640/5120 1155/1934/5120
f 1156/1920/5121 1194/1919/5121 1197/640/5121
f 1207/644/5122 1213/643/5122 1172/633/5122
f 1207/644/4567 1172/633/4567 1174/479/4567
f 1207/644/5123 1174/479/5123 1164/975/5123
f 1215/646/4569 1175/635/4569 1177/1841/4569
f 1211/503/4570 1215/646/4570 1177/1841/4570
f 1211/503/5124 1177/1841/5124 1169/636/5124
f 1198/639/5125 1199/1656/5125 1155/1934/5125
f 1197/640/5126 1198/639/5126 1155/1934/5126
f 3853/1842/5127 1216/990/5127 1181/979/5127
f 3853/1842/4576 1181/979/4576 1182/2086/4576
f 2027/1939/5128 3853/1842/5128 1182/2086/5128
f 2027/1939/5129 1182/2086/5129 2005/1938/5129
f 1218/991/5130 1140/1948/5130 1184/1937/5130
f 2020/1844/5131 1139/985/5131 1188/2087/5131
f 2020/1844/5132 1188/2087/5132 2001/1933/5132
f 2019/986/5133 2020/1844/5133 2001/1933/5133
f 2011/889/4581 1219/904/4581 2029/1845/4581
f 2011/889/5134 2029/1845/5134 2009/978/5134
f 1181/979/5135 1216/990/5135 1219/904/5135
f 1181/979/5136 1219/904/5136 2011/889/5136
f 1183/1935/5137 1200/1936/5137 2012/1947/5137
f 1140/1948/5138 1220/992/5138 2031/1942/5138
f 1140/1948/5139 1218/991/5139 1220/992/5139
f 1191/980/5140 1150/1913/5140 1190/649/5140
f 1192/1928/5141 1152/626/5141 1151/625/5141
f 1995/2088/4590 1994/1929/4590 2017/983/4590
f 1995/2088/5142 2017/983/5142 3854/894/5142
f 1996/1912/4592 1995/2088/4592 3854/894/4592
f 1996/1912/5143 3854/894/5143 1228/647/5143
f 1163/882/4594 1164/975/4594 1193/1930/4594
f 1165/631/5144 1163/882/5144 1193/1930/5144
f 1169/636/5145 1196/638/5145 1195/984/5145
f 1171/1924/5146 1169/636/5146 1195/984/5146
f 1171/1924/5147 1195/984/5147 1194/1919/5147
f 1193/1930/5148 1173/634/5148 1172/633/5148
f 1193/1930/5149 1164/975/5149 1173/634/5149
f 1196/638/5150 1169/636/5150 1175/635/5150
f 1196/638/5151 1175/635/5151 1199/1656/5151
f 1200/1936/4603 2005/1938/4603 1181/979/4603
f 2019/986/5152 1184/1937/5152 1140/1948/5152
f 2019/986/5153 1140/1948/5153 1139/985/5153
f 1181/979/4605 2009/978/4605 1200/1936/4605
f 1140/1948/5154 1226/662/5154 1144/664/5154
f 1140/1948/5155 1144/664/5155 1139/985/5155
f 1991/2064/5156 1992/2062/5156 1231/509/5156
f 1998/2089/4614 1997/1932/4614 2025/989/4614
f 1998/2089/5157 2025/989/5157 3855/1849/5157
f 1999/1914/5158 1998/2089/5158 3855/1849/5158
f 1999/1914/5159 3855/1849/5159 1233/987/5159
f 3856/627/5160 1159/629/5160 1207/644/5160
f 3856/627/5161 1207/644/5161 1205/642/5161
f 1160/630/5162 3856/627/5162 1205/642/5162
f 1160/630/5163 1205/642/5163 1204/641/5163
f 1168/1931/4621 1210/645/4621 1209/1923/4621
f 1212/1850/5164 1158/628/5164 1213/643/5164
f 1207/644/5165 1159/629/5165 1158/628/5165
f 1207/644/5166 1158/628/5166 1212/1850/5166
f 1210/645/5167 1168/1931/5167 1215/646/5167
f 1217/1851/4626 1178/2090/4626 1216/990/4626
f 2027/1939/5168 2002/976/5168 1178/2090/5168
f 2027/1939/5169 1178/2090/5169 1217/1851/5169
f 3857/485/5170 2008/1955/5170 2029/1845/5170
f 3857/485/4630 2029/1845/4630 2028/903/4630
f 1178/2090/4631 3857/485/4631 2028/903/4631
f 1178/2090/5171 2028/903/5171 1216/990/5171
f 1189/2091/5172 2012/1947/5172 2031/1942/5172
f 1189/2091/5173 2031/1942/5173 2030/906/5173
f 1183/1935/4635 1189/2091/4635 2030/906/4635
f 1183/1935/4636 2030/906/4636 1218/991/4636
f 1221/652/5174 1222/2092/5174 1148/2063/5174
f 1221/652/5175 1148/2063/5175 1201/651/5175
f 2009/978/5176 2029/1845/5176 3747/1946/5176
f 1185/1941/4640 1227/1940/4640 3752/1956/4640
f 2031/1942/4641 2009/978/4641 3750/1953/4641
f 2008/1955/5177 3747/1946/5177 2029/1845/5177
f 3752/1956/5178 3858/2093/5178 3806/2061/5178
f 3859/529/5179 1252/531/5179 3839/1821/5179
f 3859/529/5180 3839/1821/5180 1238/1944/5180
f 2039/995/5181 3859/529/5181 1238/1944/5181
f 1245/658/5182 1247/660/5182 3850/1836/5182
f 1245/658/5183 3850/1836/5183 1240/1952/5183
f 1253/1951/5184 1254/1827/5184 3842/1826/5184
f 1253/1951/5185 3842/1826/5185 2037/1858/5185
f 1253/1951/5186 2037/1858/5186 1242/657/5186
f 1248/2071/5187 1249/528/5187 3833/1815/5187
f 1248/2071/5188 3833/1815/5188 2033/909/5188
f 1248/2071/5189 2033/909/5189 2035/994/5189
f 2038/2094/5190 2036/655/5190 1239/519/5190
f 2038/2094/5191 1239/519/5191 3808/1791/5191
f 1245/658/5192 1238/1944/5192 2036/655/5192
f 1245/658/5193 2036/655/5193 2038/2094/5193
f 1248/2071/5194 1242/657/5194 1244/525/5194
f 1248/2071/5195 1244/525/5195 3834/1817/5195
f 3747/1946/5196 3751/1954/5196 3803/2059/5196
f 1251/661/5197 1234/654/5197 1236/516/5197
f 1251/661/5198 1236/516/5198 3824/1807/5198
f 2039/995/5199 3802/2058/5199 1234/654/5199
f 2039/995/5200 1234/654/5200 1251/661/5200
f 1253/1951/5201 1240/1952/5201 1241/522/5201
f 1253/1951/5202 1241/522/5202 3843/1829/5202
f 2035/994/4669 3858/2093/4669 3752/1956/4669
f 2035/994/5203 3752/1956/5203 1248/2071/5203
f 3860/2032/5204 1272/2050/5204 1271/2014/5204
f 3860/2032/5205 1271/2014/5205 3785/2033/5205
f 1302/34/4673 3861/1860/4673 3796/34/4673
f 1302/34/4674 3796/34/4674 3862/1861/4674
f 2063/249/5206 3864/1862/5206 3768/1993/5206
f 2063/249/4676 3768/1993/4676 3865/1863/4676
f 1306/68/4677 3866/1864/4677 3772/68/4677
f 1306/68/5207 3772/68/5207 3867/1865/5207
f 3869/1866/5208 1310/1963/5208 2048/997/5208
f 3870/1867/5209 1311/1965/5209 2051/999/5209
f 2070/1007/5210 2069/938/5210 3872/938/5210
f 3873/1868/5211 2068/937/5211 3874/1869/5211
f 3873/1868/5212 3874/1869/5212 3872/938/5212
f 3875/1870/4684 3760/2001/4684 3876/1871/4684
f 3875/1870/5213 3876/1871/5213 3872/938/5213
f 3877/1872/5214 1316/672/5214 2054/1001/5214
f 3878/1873/5215 1320/1968/5215 2057/1003/5215
f 2075/941/5216 2074/235/5216 3879/235/5216
f 3880/1874/5217 2073/1875/5217 3881/1876/5217
f 3880/1874/5218 3881/1876/5218 3879/235/5218
f 3882/1877/4691 3769/235/4691 3883/1878/4691
f 3882/1877/5219 3883/1878/5219 3879/235/5219
f 3885/1879/4693 3766/2053/4693 3886/1880/4693
f 3885/1879/4694 3886/1880/4694 2076/1792/4694
f 1284/1958/5220 2052/1000/5220 2054/1001/5220
f 1285/1686/4696 2046/996/4696 2048/997/4696
f 1286/1970/5221 2055/1002/5221 2057/1003/5221
f 1283/2095/5222 2051/999/5222 1282/1967/5222
f 1283/2095/5223 2049/998/5223 2051/999/5223
f 1282/1967/5224 1292/1966/5224 1293/204/5224
f 1292/1966/5225 1311/1965/5225 3761/1988/5225
f 2062/934/5226 2075/941/5226 3769/1994/5226
f 2062/934/4702 3769/1994/4702 3768/1993/4702
f 1308/671/4703 2067/1962/4703 3773/1997/4703
f 1308/671/4704 3773/1997/4704 3772/1720/4704
f 3868/1882/4705 3886/1880/4705 3766/2053/4705
f 3868/1882/4706 3766/2053/4706 3765/2052/4706
f 2061/1986/5227 2077/943/5227 3886/1880/5227
f 2061/1986/5228 3886/1880/5228 3868/1882/5228
f 3863/1883/4709 3876/1871/4709 3760/2001/4709
f 3863/1883/5229 3760/2001/5229 3759/2000/5229
f 1304/1983/4711 2070/1007/4711 3876/1871/4711
f 1304/1983/5230 3876/1871/5230 3863/1883/5230
f 1284/1958/5231 1310/1963/5231 2047/920/5231
f 1284/1958/5232 2047/920/5232 2046/996/5232
f 1286/1970/5233 1311/1965/5233 2050/923/5233
f 1286/1970/5234 2050/923/5234 2049/998/5234
f 2064/1005/4717 3768/1993/4717 3773/1997/4717
f 2064/1005/4718 3773/1997/4718 3871/1884/4718
f 2064/1005/5235 3871/1884/5235 2067/1962/5235
f 2061/1986/5236 3765/2052/5236 3760/2001/5236
f 2061/1986/4721 3760/2001/4721 3874/1869/4721
f 2061/1986/5237 3874/1869/5237 2068/937/5237
f 3762/1990/5238 3801/2057/5238 1316/672/5238
f 3762/1990/5239 1316/672/5239 2053/926/5239
f 3762/1990/5240 2053/926/5240 2052/1000/5240
f 1285/1686/5241 1320/1968/5241 2056/929/5241
f 1285/1686/5242 2056/929/5242 2055/1002/5242
f 1289/667/5243 1317/546/5243 1316/672/5243
f 1303/669/5244 3796/2054/5244 3769/1994/5244
f 1303/669/4730 3769/1994/4730 2073/1008/4730
f 1307/543/4731 3772/1720/4731 3766/2053/4731
f 1307/543/4732 3766/2053/4732 3884/1885/4732
f 1307/543/5245 3884/1885/5245 2076/1009/5245
f 2049/998/5246 1283/2095/5246 3757/1974/5246
f 3820/1803/5247 3812/235/5247 3811/249/5247
f 3820/1803/4736 3811/249/4736 3821/1804/4736
f 3813/1795/5248 3798/41/5248 3797/68/5248
f 3813/1795/4738 3797/68/4738 3814/1796/4738
f 3846/1832/5249 3810/1792/5249 3809/220/5249
f 3846/1832/5250 3809/220/5250 3847/1833/5250
f 3816/1800/4741 3800/938/4741 3799/2055/4741
f 3816/1800/4742 3799/2055/4742 3817/1801/4742
f 3823/1806/4743 3822/1805/4743 3811/249/4743
f 3823/1806/5251 3811/249/5251 3798/41/5251
f 3841/1824/4745 3840/1823/4745 3809/220/4745
f 3841/1824/5252 3809/220/5252 3800/938/5252
f 3832/1814/4747 3831/1813/4747 3815/2074/4747
f 3832/1814/5253 3815/2074/5253 3812/235/5253
f 3849/1835/5254 3848/1834/5254 3797/68/5254
f 3849/1835/5255 3797/68/5255 3810/1792/5255
f 1325/2077/4751 1326/549/4751 1327/674/4751
f 1326/549/4752 1328/2079/4752 1330/574/4752
f 1331/2076/4753 1329/683/4753 1328/2081/4753
f 1335/551/5256 1337/675/5256 1343/952/5256
f 1340/1830/5257 1341/1886/5257 1339/1011/5257
f 1340/1830/4756 1339/1011/4756 1338/2083/4756
f 1342/951/4757 1341/1886/4757 1340/1830/4757
f 1342/951/4758 1340/1830/4758 1343/952/4758
f 1344/554/4759 1348/678/4759 1352/560/4759
f 1344/554/4760 1346/556/4760 1357/581/4760
f 1354/1808/5258 1356/586/5258 1350/686/5258
f 1354/1808/5259 1350/686/5259 1351/557/5259
f 1354/1808/5260 1351/557/5260 1349/559/5260
f 1357/581/5261 1355/2096/5261 1354/1812/5261
f 1358/2084/5262 1145/681/5262 1365/680/5262
f 1363/2070/5263 1362/687/5263 1361/565/5263
f 1363/2070/5264 1365/680/5264 1364/679/5264
f 1370/2078/4768 1371/2097/4768 1366/593/4768
f 1370/2078/4769 1366/593/4769 1367/566/4769
f 1369/568/5265 2078/2098/5265 1375/2075/5265
f 1369/568/5266 1375/2075/5266 1367/566/5266
f 1372/1013/4772 1371/2097/4772 1370/2078/4772
f 1372/1013/4773 1370/2078/4773 1373/1012/4773
f 1373/1012/5267 1375/2075/5267 1374/691/5267
f 1377/1961/5268 1378/2099/5268 1376/2069/5268
f 1381/2068/5269 1376/2069/5269 1423/2100/5269
f 1381/2068/5270 1423/2100/5270 1380/2101/5270
f 1379/693/5271 1378/2099/5271 1377/1961/5271
f 1427/692/5272 1379/693/5272 1381/2068/5272
f 1427/692/5273 1381/2068/5273 1380/2101/5273
f 1386/695/5274 1382/965/5274 1383/2082/5274
f 1392/1819/4780 1383/2080/4780 1384/1892/4780
f 1392/1819/5275 1384/1892/5275 1391/608/5275
f 1390/1014/5276 1388/694/5276 1387/571/5276
f 1389/1015/4783 1388/694/4783 1390/1014/4783
f 1390/1014/4784 1392/1819/4784 1391/608/4784
f 1325/2077/4785 1327/674/4785 1394/1893/4785
f 1331/2076/4786 1325/2077/4786 1394/1893/4786
f 1331/2076/4787 1394/1893/4787 1395/2102/4787
f 1327/674/5277 1393/550/5277 1330/574/5277
f 1327/674/5278 1330/574/5278 1396/684/5278
f 1397/1895/5279 1327/674/5279 1396/684/5279
f 1395/2102/4791 2079/945/4791 1329/683/4791
f 1395/2102/5280 1329/683/5280 1331/2076/5280
f 1395/2102/5281 1397/1895/5281 2079/945/5281
f 1143/1960/5282 2080/2103/5282 1398/1897/5282
f 1332/2060/5283 1143/1960/5283 1398/1897/5283
f 1398/1897/4796 1400/1898/4796 1399/576/4796
f 1334/685/5284 1332/2060/5284 1398/1897/5284
f 1334/685/4798 1398/1897/4798 1399/576/4798
f 1143/1960/5285 1333/1959/5285 1402/2104/5285
f 1402/2104/5286 2080/2103/5286 1143/1960/5286
f 1401/577/5287 1402/2104/5287 1333/1959/5287
f 1401/577/5288 1333/1959/5288 1334/685/5288
f 1400/1898/4803 1402/2104/4803 1401/577/4803
f 2082/947/4804 2081/946/4804 2083/949/4804
f 2082/947/5289 2083/949/5289 1336/552/5289
f 1335/551/4806 1338/2083/4806 2082/947/4806
f 1335/551/4807 2082/947/4807 1336/552/4807
f 2084/950/5290 2083/949/5290 1404/1900/5290
f 2084/950/4809 1404/1900/4809 1403/953/4809
f 1343/952/4810 1337/675/4810 2084/950/4810
f 1343/952/4811 2084/950/4811 1403/953/4811
f 1339/1011/5291 1341/1886/5291 2081/946/5291
f 1404/1900/4813 1341/1886/4813 1342/951/4813
f 1405/579/4814 2085/954/4814 1345/676/4814
f 1344/554/5292 1352/560/5292 1405/579/5292
f 1344/554/4816 1405/579/4816 1345/676/4816
f 1346/556/5293 2085/954/5293 1408/1901/5293
f 1346/556/5294 1408/1901/5294 1407/582/5294
f 1357/581/4819 1346/556/4819 1407/582/4819
f 1405/579/4820 1410/585/4820 1411/1902/4820
f 1356/586/5295 1410/585/5295 1405/579/5295
f 1356/586/5296 1405/579/5296 1406/578/5296
f 1409/583/5297 1355/2096/5297 1357/581/5297
f 1408/1901/5298 1411/1902/5298 1355/2096/5298
f 1408/1901/5299 1355/2096/5299 1409/583/5299
f 1360/589/4826 1412/688/4826 1413/2105/4826
f 1360/589/5300 1413/2105/5300 1358/2084/5300
f 1413/2105/5301 1145/681/5301 1358/2084/5301
f 1415/592/5302 1145/681/5302 1413/2105/5302
f 1412/688/4831 1362/687/4831 1363/2070/4831
f 1412/688/4832 1363/2070/4832 1416/2106/4832
f 1416/2106/5303 1363/2070/5303 1364/679/5303
f 1416/2106/5304 1364/679/5304 1414/590/5304
f 1416/2106/5305 1414/590/5305 1415/592/5305
f 1419/596/5306 1371/2097/5306 1418/595/5306
f 1371/2097/4837 1419/596/4837 1366/593/4837
f 1417/689/5307 1420/690/5307 1421/599/5307
f 1417/689/4839 1421/599/4839 1438/568/4839
f 1420/690/5308 1417/689/5308 1418/595/5308
f 1422/1905/5309 1371/2097/5309 1372/1013/5309
f 2089/959/5310 1373/1012/5310 1374/691/5310
f 2089/959/4843 1374/691/4843 1420/690/4843
f 1422/1905/5311 2089/959/5311 1420/690/5311
f 1378/2099/5312 1423/2100/5312 1376/2069/5312
f 1423/2100/5313 1425/1907/5313 1424/2107/5313
f 1380/2101/5314 1423/2100/5314 1424/2107/5314
f 1378/2099/5315 1379/693/5315 1426/601/5315
f 1428/1908/4849 1378/2099/4849 1426/601/4849
f 1428/1908/5316 1427/692/5316 1380/2101/5316
f 1428/1908/5317 1380/2101/5317 1425/1907/5317
f 2091/966/4852 1429/604/4852 1430/606/4852
f 2091/966/5318 1430/606/5318 1433/1909/5318
f 1386/695/4854 1429/604/4854 2091/966/4854
f 1386/695/5319 2091/966/5319 1382/965/5319
f 1432/967/5320 1433/1909/5320 1435/1910/5320
f 1432/967/5321 1435/1910/5321 1434/609/5321
f 1391/608/4858 1382/965/4858 1432/967/4858
f 1391/608/5322 1432/967/5322 1434/609/5322
f 2090/964/4860 1388/694/4860 1389/1015/4860
f 1437/1911/5323 1430/606/5323 2090/964/5323
f 1437/1911/5324 2090/964/5324 1389/1015/5324
f 2092/969/4863 1390/1014/4863 1391/608/4863
f 2092/969/4864 1391/608/4864 1436/610/4864
f 1437/1911/5325 2092/969/5325 1436/610/5325
f 1437/1911/5326 1436/610/5326 1435/1910/5326
f 1546/737/4184 2105/2108/4184 1463/2109/4184
f 1546/737/4185 1463/2109/4185 1547/738/4185
f 2122/1023/4867 2108/2110/4867 1467/2111/4867
f 2122/1023/5327 1467/2111/5327 1544/733/5327
f 2130/988/4187 2109/1638/4187 1464/712/4187
f 2130/988/4188 1464/712/4188 1518/1030/4188
f 3887/2112/5328 3888/2113/5328 1445/702/5328
f 3887/2112/4190 1445/702/4190 1447/704/4190
f 1465/713/5329 1446/703/5329 1445/702/5329
f 1465/713/5330 1445/702/5330 1518/1030/5330
f 1506/720/5331 1468/2114/5331 2098/2115/5331
f 1506/720/5332 2098/2115/5332 1545/2116/5332
f 1524/1644/4195 1482/2117/4195 2109/1638/4195
f 1524/1644/4196 2109/1638/4196 2132/900/4196
f 1538/735/4197 1539/2118/4197 1463/2109/4197
f 1538/735/4198 1463/2109/4198 1502/734/4198
f 1445/702/5333 1455/710/5333 1467/2111/5333
f 1445/702/5334 1467/2111/5334 1518/1030/5334
f 1540/2119/4201 1446/703/4201 1465/713/4201
f 1540/2119/5335 1465/713/5335 1504/2120/5335
f 1519/726/5336 1476/715/5336 2103/2121/5336
f 1519/726/5337 2103/2121/5337 1546/737/5337
f 1505/2122/5338 1479/2123/5338 2106/2124/5338
f 1505/2122/5339 2106/2124/5339 2124/1024/5339
f 1499/2125/5340 1483/2126/5340 1512/2127/5340
f 1499/2125/4208 1512/2127/4208 1515/724/4208
f 1495/2128/5341 1479/2123/5341 1505/2122/5341
f 1495/2128/4210 1505/2122/4210 1513/2129/4210
f 1453/2130/5342 1487/718/5342 1530/731/5342
f 1453/2130/4212 1530/731/4212 1533/1029/4212
f 2113/2131/4213 1484/717/4213 1528/728/4213
f 2113/2131/5343 1528/728/5343 2134/1939/5343
f 1542/2132/4215 1496/2133/4215 1541/532/4215
f 1542/2132/4887 2138/2134/4887 3889/2135/4887
f 1553/1944/5344 3890/2136/5344 3891/2137/5344
f 1553/1944/4889 3891/2137/4889 2147/914/4889
f 2117/1021/4219 2138/2134/4219 2120/2138/4219
f 2117/1021/4220 2120/2138/4220 1513/2129/4220
f 2138/2134/5345 1542/2132/5345 1501/2139/5345
f 3892/1670/4222 3889/2135/4222 2138/2134/4222
f 1558/743/4223 3893/1671/4223 3889/2135/4223
f 1558/743/4224 3889/2135/4224 1569/2140/4224
f 1555/742/4225 3892/1670/4225 3894/2141/4225
f 1555/742/4226 3894/2141/4226 1561/2142/4226
f 3895/1675/4227 3891/2137/4227 2116/2143/4227
f 3893/1671/4228 3896/2144/4228 1542/2132/4228
f 3890/2136/4229 3894/2141/4229 2117/1021/4229
f 1632/545/4230 1625/2145/4230 1600/1679/4230
f 1632/545/4231 1600/1679/4231 2165/927/4231
f 1649/2146/5346 1457/2147/5346 3897/249/5346
f 1649/2146/5347 3897/249/5347 3898/249/5347
f 1694/769/4234 1692/2148/4234 3899/6/4234
f 1694/769/4235 3899/6/4235 3900/235/4235
f 2179/2149/4236 1622/544/4236 1619/751/4236
f 1624/2150/5348 1603/1685/5348 1601/2151/5348
f 1624/2150/4238 1601/2151/4238 2159/997/4238
f 1628/2152/4239 1607/1041/4239 2171/1042/4239
f 1628/2152/4240 2171/1042/4240 2162/1037/4240
f 1636/2153/4241 1627/2154/4241 1602/2155/4241
f 1636/2153/4242 1602/2155/4242 2168/1040/4242
f 2160/1036/4243 1630/2156/4243 1610/2157/4243
f 2160/1036/4244 1610/2157/4244 1623/1693/4244
f 2160/1036/4245 3901/2158/4245 2170/2159/4245
f 2160/1036/4904 2170/2159/4904 1630/2156/4904
f 1630/2156/4905 2170/2159/4905 3902/1696/4905
f 1630/2156/4248 3902/1696/4248 2177/2160/4248
f 2166/1039/4906 1623/1693/4906 1610/2157/4906
f 2166/1039/4250 1610/2157/4250 1639/2161/4250
f 2166/1039/4251 1639/2161/4251 1609/2162/4251
f 2166/1039/4252 1609/2162/4252 1631/1700/4252
f 2163/1038/4253 1612/1701/4253 1611/2163/4253
f 2163/1038/4254 1611/2163/4254 1640/1703/4254
f 1640/1703/4255 1611/2163/4255 2183/1704/4255
f 1639/2161/4256 1610/2157/4256 2184/1705/4256
f 2182/939/4257 1618/2164/4257 1626/1044/4257
f 1629/2165/4258 1609/2162/4258 2178/1985/4258
f 2157/1035/4259 1631/1700/4259 1609/2162/4259
f 2157/1035/4260 1609/2162/4260 1629/2165/4260
f 1626/1044/4261 1627/2154/4261 2173/1709/4261
f 1638/1043/5349 1625/2145/5349 1632/545/5349
f 2189/943/5350 2173/1709/5350 1637/944/5350
f 2187/941/4264 2174/934/4264 1638/1043/4264
f 2157/1035/4265 1612/1701/4265 1600/1679/4265
f 2160/1036/4266 1623/1693/4266 1602/2155/4266
f 1626/1044/4267 2172/2166/4267 3905/1988/4267
f 1626/1044/4268 3905/1988/4268 1628/2152/4268
f 2163/1038/4269 1614/1712/4269 1598/2167/4269
f 2166/1039/4270 1631/1700/4270 1601/2151/4270
f 1637/944/4271 1627/2154/4271 1636/2153/4271
f 1619/751/4272 1624/2150/4272 1625/2145/4272
f 1619/751/4273 1625/2145/4273 1638/1043/4273
f 1637/944/5351 1603/1685/5351 1619/751/5351
f 1638/1043/4275 1632/545/4275 1635/2168/4275
f 1638/1043/4276 1635/2168/4276 1615/750/4276
f 3910/2169/5352 3911/1716/5352 3912/1994/5352
f 3910/2169/4278 3912/1994/4278 3913/2170/4278
f 3914/1719/4279 3915/2171/4279 3916/2172/4279
f 3914/1719/4280 3916/2172/4280 3917/2173/4280
f 3907/2174/5353 3903/2175/5353 3904/2176/5353
f 3907/2174/4282 3904/2176/4282 3906/2177/4282
f 1579/2178/4283 1580/2179/4283 3907/2174/4283
f 1579/2178/4284 3907/2174/4284 3906/2177/4284
f 1575/2180/5354 1576/2181/5354 3914/1719/5354
f 1575/2180/4286 3914/1719/4286 3917/2173/4286
f 1577/2182/5355 1578/2183/5355 3919/2184/5355
f 1577/2182/4288 3919/2184/4288 3918/1734/4288
f 1573/2185/4289 1574/2186/4289 3910/2169/4289
f 1573/2185/5356 3910/2169/5356 3913/2170/5356
f 3937/2187/5357 1580/2179/5357 1579/2178/5357
f 3937/2187/5358 1579/2178/5358 3920/2188/5358
f 1587/2189/5359 3920/2188/5359 3921/2190/5359
f 1587/2189/5360 3921/2190/5360 1586/2191/5360
f 1581/2192/4295 1582/2193/4295 3922/2194/4295
f 1581/2192/4296 3922/2194/4296 3923/1745/4296
f 1583/2195/5361 1584/2196/5361 3924/1720/5361
f 1583/2195/4298 3924/1720/4298 3925/2035/4298
f 3924/1720/5362 1576/2181/5362 1575/2180/5362
f 3924/1720/4300 1575/2180/4300 3925/2035/4300
f 3922/2194/4301 1574/2186/4301 1573/2185/4301
f 3922/2194/4302 1573/2185/4302 3923/1745/4302
f 3921/2190/4303 1578/2183/4303 1577/2182/4303
f 3921/2190/4304 1577/2182/4304 3926/2197/4304
f 3931/2198/5363 1582/2193/5363 1581/2192/5363
f 3931/2198/4306 1581/2192/4306 3932/2199/4306
f 1583/2195/5364 3925/2035/5364 3922/2194/5364
f 1583/2195/4308 3922/2194/4308 1582/2193/4308
f 1585/1752/4309 3926/2197/4309 3924/1720/4309
f 1585/1752/4310 3924/1720/4310 1584/2196/4310
f 1581/2192/4311 3923/1745/4311 3927/2200/4311
f 1581/2192/4312 3927/2200/4312 2153/2201/4312
f 1595/2202/5365 1596/2203/5365 4003/2204/5365
f 1595/2202/4314 4003/2204/4314 3928/2205/4314
f 3933/2206/4315 1584/2196/4315 1583/2195/4315
f 3933/2206/5366 1583/2195/5366 3934/2207/5366
f 3929/2208/5367 1586/2191/5367 1585/1752/5367
f 3929/2208/5368 1585/1752/5368 3930/2209/5368
f 1593/2210/5369 1594/2211/5369 3929/2208/5369
f 1593/2210/5370 3929/2208/5370 3930/2209/5370
f 1589/2212/5371 1590/2213/5371 3931/2198/5371
f 1589/2212/5372 3931/2198/5372 3932/2199/5372
f 1597/2214/4323 1596/2203/4323 1595/2202/4323
f 1597/2214/4324 1595/2202/4324 1452/709/4324
f 1591/2215/5373 1592/2216/5373 3933/2206/5373
f 1591/2215/4326 3933/2206/4326 3934/2207/4326
f 1439/696/4327 1592/2216/4327 1591/2215/4327
f 1439/696/5374 1591/2215/5374 1449/706/5374
f 1450/707/5375 1594/2211/5375 1593/2210/5375
f 1450/707/5376 1593/2210/5376 1441/698/5376
f 1448/705/5377 1590/2213/5377 1589/2212/5377
f 1448/705/5378 1589/2212/5378 1444/701/5378
f 1451/708/5379 3935/2217/5379 1597/2214/5379
f 1451/708/5380 1597/2214/5380 1452/709/5380
f 1443/700/5381 1440/697/5381 1439/696/5381
f 1443/700/5382 1439/696/5382 1449/706/5382
f 1440/697/5383 1451/708/5383 1450/707/5383
f 1440/697/5384 1450/707/5384 1441/698/5384
f 1443/700/5385 1448/705/5385 1444/701/5385
f 1439/696/5386 1441/698/5386 1593/2210/5386
f 1439/696/5386 1593/2210/5386 1592/2216/5386
f 1593/2210/5387 3930/2209/5387 3933/2206/5387
f 1593/2210/5388 3933/2206/5388 1592/2216/5388
f 1589/2212/5389 3932/2199/5389 3936/2218/5389
f 1589/2212/5390 3936/2218/5390 2154/2219/5390
f 1444/701/5391 1589/2212/5391 2154/2219/5391
f 1444/701/5392 2154/2219/5392 1442/699/5392
f 3933/2206/5393 3930/2209/5393 1585/1752/5393
f 3933/2206/5394 1585/1752/5394 1584/2196/5394
f 3936/2218/5395 3932/2199/5395 1581/2192/5395
f 3936/2218/4351 1581/2192/4351 2153/2201/4351
f 1585/1752/5396 1586/2191/5396 3921/2190/5396
f 1585/1752/5397 3921/2190/5397 3926/2197/5397
f 3927/2200/5398 3923/1745/5398 1573/2185/5398
f 3927/2200/5399 1573/2185/5399 2152/2220/5399
f 3924/1720/4996 3926/2197/4996 1577/2182/4996
f 3924/1720/5400 1577/2182/5400 1576/2181/5400
f 1587/2189/4358 1588/2221/4358 3937/2187/4358
f 1587/2189/5401 3937/2187/5401 3920/2188/5401
f 1577/2182/4360 3918/1734/4360 3914/1719/4360
f 1577/2182/5402 3914/1719/5402 1576/2181/5402
f 1573/2185/5403 3913/2170/5403 3938/2222/5403
f 1573/2185/5404 3938/2222/5404 2152/2220/5404
f 3919/2184/4364 3908/1732/4364 3909/2223/4364
f 3919/2184/5405 3909/2223/5405 3918/1734/5405
f 3914/1719/5406 3918/1734/5406 3909/2223/5406
f 3914/1719/4367 3909/2223/4367 3915/2171/4367
f 1637/944/4368 2173/1709/4368 1627/2154/4368
f 3938/2222/5407 3913/2170/5407 3912/1994/5407
f 3938/2222/4370 3912/1994/4370 3939/2054/4370
f 1632/545/5408 1634/752/5408 1635/2168/5408
f 2163/1038/5409 1600/1679/5409 1612/1701/5409
f 1637/944/4373 1636/2153/4373 1603/1685/4373
f 2166/1039/4374 1602/2155/4374 1623/1693/4374
f 2188/942/4375 1637/944/4375 1619/751/4375
f 2188/942/4376 1619/751/4376 1621/543/4376
f 2185/940/4377 1638/1043/4377 1615/750/4377
f 2185/940/5010 1615/750/5010 1617/669/5010
f 1626/1044/4379 1618/2164/4379 2172/2166/4379
f 1639/2161/4380 2184/1705/4380 1609/2162/4380
f 2163/1038/4381 1640/1703/4381 1613/1777/4381
f 2163/1038/5410 1613/1777/5410 1614/1712/5410
f 2178/1985/4383 1609/2162/4383 3940/68/4383
f 2178/1985/4384 3940/68/4384 3941/41/4384
f 2177/2160/5411 3902/1696/5411 3942/2224/5411
f 2177/2160/4386 3942/2224/4386 3943/938/4386
f 1640/1703/4387 2183/1704/4387 2169/2225/4387
f 1640/1703/5011 2169/2225/5011 1613/1777/5011
f 1632/545/5412 1599/1780/5412 1604/749/5412
f 1636/2153/4390 1601/2151/4390 1603/1685/4390
f 1555/742/5413 1569/2140/5413 3889/2135/5413
f 1555/742/4392 3889/2135/4392 3892/1670/4392
f 3944/2058/4393 2147/914/4393 3891/2137/4393
f 3944/2058/4394 3891/2137/4394 3945/1782/4394
f 1650/575/4395 3946/1783/4395 3947/41/4395
f 1650/575/4396 3947/41/4396 1648/2226/4396
f 3892/1670/4397 2138/2134/4397 3894/2141/4397
f 3948/2227/4398 1496/2133/4398 3896/2144/4398
f 1495/2128/5414 1533/1029/5414 1530/731/5414
f 1495/2128/5415 1530/731/5415 1479/2123/5415
f 2110/1019/5416 2134/1939/5416 1528/728/5416
f 2110/1019/4402 1528/728/4402 1470/881/4402
f 1524/1644/5021 2132/900/5021 2106/2124/5021
f 1524/1644/5417 2106/2124/5417 1479/2123/5417
f 1519/726/5418 1546/737/5418 2101/2228/5418
f 1519/726/5419 2101/2228/5419 1471/714/5419
f 1548/897/5420 1518/1030/5420 1467/2111/5420
f 1548/897/5025 1467/2111/5025 2108/2110/5025
f 1546/737/5421 1516/739/5421 1461/878/5421
f 1546/737/4409 1461/878/4409 2100/1787/4409
f 1545/2116/4410 2102/2229/4410 3957/2230/4410
f 1545/2116/5422 3957/2230/5422 1504/2120/5422
f 1445/702/4412 3888/2113/4412 3949/2231/4412
f 1445/702/5423 3949/2231/5423 1456/711/5423
f 1463/2109/5424 1539/2118/5424 1536/2232/5424
f 1463/2109/5425 1536/2232/5425 1517/1025/5425
f 1449/706/4416 1591/2215/4416 1590/2213/4416
f 1449/706/5426 1590/2213/5426 1448/705/5426
f 1452/709/4418 1595/2202/4418 1594/2211/4418
f 1452/709/5427 1594/2211/5427 1450/707/5427
f 1591/2215/4420 3934/2207/4420 3931/2198/4420
f 1591/2215/5428 3931/2198/5428 1590/2213/5428
f 1595/2202/4422 3928/2205/4422 3929/2208/4422
f 1595/2202/5429 3929/2208/5429 1594/2211/5429
f 3929/2208/4424 3928/2205/4424 1587/2189/4424
f 3929/2208/4425 1587/2189/4425 1586/2191/4425
f 3931/2198/4426 3934/2207/4426 1583/2195/4426
f 3931/2198/4427 1583/2195/4427 1582/2193/4427
f 3921/2190/5430 3920/2188/5430 1579/2178/5430
f 3921/2190/4429 1579/2178/4429 1578/2183/4429
f 3922/2194/4430 3925/2035/4430 1575/2180/4430
f 3922/2194/4431 1575/2180/4431 1574/2186/4431
f 1575/2180/4432 3917/2173/4432 3910/2169/4432
f 1575/2180/4433 3910/2169/4433 1574/2186/4433
f 1579/2178/4434 3906/2177/4434 3919/2184/4434
f 1579/2178/4435 3919/2184/4435 1578/2183/4435
f 3910/2169/4436 3917/2173/4436 3916/2172/4436
f 3910/2169/4437 3916/2172/4437 3911/1716/4437
f 3919/2184/4438 3906/2177/4438 3904/2176/4438
f 3919/2184/4439 3904/2176/4439 3908/1732/4439
f 1619/751/4440 1603/1685/4440 1624/2150/4440
f 1626/1044/5431 1628/2152/5431 1627/2154/5431
f 2157/1035/4442 1601/2151/4442 1631/1700/4442
f 2179/2149/5054 1619/751/5054 1638/1043/5054
f 2179/2149/5432 1638/1043/5432 2176/935/5432
f 1630/2156/4445 2177/2160/4445 1610/2157/4445
f 2157/1035/4446 1629/2165/4446 1611/2163/4446
f 2157/1035/4447 1611/2163/4447 1612/1701/4447
f 1457/2147/5433 1648/2226/5433 3950/1791/5433
f 1457/2147/5434 3950/1791/5434 1554/519/5434
f 2184/1705/4450 1610/2157/4450 3951/220/4450
f 2184/1705/4451 3951/220/4451 3952/1792/4451
f 2183/1704/5059 1611/2163/5059 3953/249/5059
f 2183/1704/4453 3953/249/4453 3954/235/4453
f 1629/2165/4454 2178/1985/4454 1611/2163/4454
f 1624/2150/4455 1600/1679/4455 1625/2145/4455
f 1628/2152/4456 1602/2155/4456 1627/2154/4456
f 2180/937/5435 1626/1044/5435 2173/1709/5435
f 1460/1050/5436 3898/249/5436 3897/249/5436
f 1460/1050/5437 3897/249/5437 1691/2069/5437
f 1678/2233/4460 3955/1795/4460 3956/1796/4460
f 1678/2233/5065 3956/1796/5065 1680/2234/5065
f 1553/1944/5438 1561/2142/5438 3894/2141/5438
f 1553/1944/5067 3894/2141/5067 3890/2136/5067
f 3890/2136/4464 2117/1021/4464 3891/2137/4464
f 3893/1671/4465 1542/2132/4465 3889/2135/4465
f 1558/743/4466 1563/744/4466 3896/2144/4466
f 1558/743/4467 3896/2144/4467 3893/1671/4467
f 1542/2132/5439 1541/532/5439 1501/2139/5439
f 2113/2131/4469 1513/2129/4469 1505/2122/4469
f 2113/2131/4470 1505/2122/4470 1484/717/4470
f 1453/2130/5440 1515/724/5440 1512/2127/5440
f 1453/2130/4472 1512/2127/4472 1487/718/4472
f 1505/2122/4473 2124/1024/4473 2103/2121/4473
f 1505/2122/4474 2103/2121/4474 1476/715/4474
f 1543/732/4475 1502/734/4475 1463/2109/4475
f 1543/732/4476 1463/2109/4476 2105/2108/4476
f 1506/720/5441 1545/2116/5441 2109/1638/5441
f 1506/720/4478 2109/1638/4478 1482/2117/4478
f 1545/2116/5078 1504/2120/5078 1464/712/5078
f 1545/2116/4480 1464/712/4480 2109/1638/4480
f 1467/2111/5442 1455/710/5442 1538/735/5442
f 1467/2111/5443 1538/735/5443 1503/736/5443
f 3957/2230/5444 2139/2235/5444 1540/2119/5444
f 3957/2230/5445 1540/2119/5445 1504/2120/5445
f 2177/2160/4485 3943/938/4485 3951/220/4485
f 2177/2160/5446 3951/220/5446 1610/2157/5446
f 2178/1985/5083 3941/41/5083 3953/249/5083
f 2178/1985/4488 3953/249/4488 1611/2163/4488
f 2184/1705/4489 3952/1792/4489 3940/68/4489
f 2184/1705/4490 3940/68/4490 1609/2162/4490
f 2183/1704/4491 3954/235/4491 3958/2236/4491
f 2183/1704/4492 3958/2236/4492 2169/2225/4492
f 1688/1047/4493 3959/1800/4493 3960/1801/4493
f 1688/1047/5447 3960/1801/5447 1690/2237/5447
f 1678/2233/4495 1676/565/4495 3947/41/4495
f 1678/2233/4496 3947/41/4496 3961/41/4496
f 1672/761/4497 3900/235/4497 3962/235/4497
f 1672/761/4498 3962/235/4498 1659/554/4498
f 1694/769/4499 3963/1803/4499 3964/1804/4499
f 1694/769/5448 3964/1804/5448 1460/1050/5448
f 1650/575/5449 1649/2146/5449 3965/1805/5449
f 1650/575/4502 3965/1805/4502 3966/1806/4502
f 1663/755/5450 1659/554/5450 3967/1807/5450
f 1663/755/4504 3967/1807/4504 1551/516/4504
f 1669/1808/4505 1664/559/4505 3968/34/4505
f 1669/1808/4506 3968/34/4506 3969/34/4506
f 1690/2237/4507 3970/1809/4507 3971/204/4507
f 1690/2237/5451 3971/204/5451 1682/756/5451
f 1647/2238/4509 3972/938/4509 3973/938/4509
f 1647/2238/4510 3973/938/4510 1641/2239/4510
f 1672/761/4511 1669/1812/4511 3974/1813/4511
f 1672/761/4512 3974/1813/4512 3975/1814/4512
f 1682/756/4513 3976/1815/4513 1565/528/4513
f 1682/756/4514 1565/528/4514 1685/2240/4514
f 1642/754/4515 1641/2239/4515 3977/1817/4515
f 1642/754/4516 3977/1817/4516 1560/525/4516
f 1688/1047/5452 1685/2240/5452 3973/938/5452
f 1688/1047/5453 3973/938/5453 3972/938/5453
f 1644/1818/4519 1642/754/4519 3978/220/4519
f 1644/1818/5092 3978/220/5092 3979/220/5092
f 1706/2241/4521 3979/220/4521 3978/220/4521
f 1706/2241/5454 3978/220/5454 1697/2242/5454
f 1658/952/4523 3980/1792/4523 3981/1792/4523
f 1658/952/4524 3981/1792/4524 1651/551/4524
f 1691/2069/5455 3982/1821/5455 1568/531/5455
f 1691/2069/5094 1568/531/5094 1692/2148/5094
f 1647/2238/5095 1644/2081/5095 3983/1823/5095
f 1647/2238/4528 3983/1823/4528 3984/1824/4528
f 1697/1825/4529 3985/1826/4529 1570/1827/4529
f 1697/1825/4530 1570/1827/4530 1700/772/4530
f 1654/2243/4531 1651/551/4531 3986/1829/4531
f 1654/2243/4532 3986/1829/4532 1557/522/4532
f 1704/1051/4533 1701/571/4533 3981/1792/4533
f 1704/1051/4534 3981/1792/4534 3980/1792/4534
f 1655/2244/4535 1654/2243/4535 3987/68/4535
f 1655/2244/5456 3987/68/5456 3988/68/5456
f 1680/2234/5097 3988/68/5097 3987/68/5097
f 1680/2234/5457 3987/68/5457 1673/2245/5457
f 1704/1051/4539 3989/1832/4539 3990/1833/4539
f 1704/1051/5099 3990/1833/5099 1706/2241/5099
f 1658/952/4541 1655/2244/4541 3991/1834/4541
f 1658/952/4542 3991/1834/4542 3992/1835/4542
f 1673/2245/5458 3993/1836/5458 1562/660/5458
f 1673/2245/5459 1562/660/5459 1675/764/5459
f 3994/896/5460 1547/738/5460 1463/2109/5460
f 1517/1025/5461 3994/896/5461 1463/2109/5461
f 1503/736/5462 1544/733/5462 1467/2111/5462
f 1518/1030/5105 1464/712/5105 2097/1838/5105
f 1518/1030/5463 2097/1838/5463 1465/713/5463
f 2105/2108/4551 1546/737/4551 2103/2121/4551
f 3995/1839/5108 2122/1023/5108 2124/1024/5108
f 3995/1839/5464 2124/1024/5464 2106/2124/5464
f 2108/2110/5110 2122/1023/5110 3995/1839/5110
f 2109/1638/4555 2130/988/4555 2132/900/4555
f 2102/2229/4556 1545/2116/4556 2098/2115/4556
f 2100/1787/5465 1461/878/5465 1462/1017/5465
f 1477/716/4558 1523/497/4558 1522/729/4558
f 1477/716/4559 1522/729/4559 1475/1018/4559
f 1476/715/4560 1519/726/4560 1523/497/4560
f 1476/715/4561 1523/497/4561 1477/716/4561
f 1481/2246/4562 1526/503/4562 1480/719/4562
f 1482/2117/5466 1524/1644/5466 1526/503/5466
f 1482/2117/5467 1526/503/5467 1481/2246/5467
f 1468/2114/5468 1506/720/5468 1510/491/5468
f 1522/729/5469 1528/728/5469 1484/717/5469
f 1522/729/4567 1484/717/4567 1486/479/4567
f 1522/729/5470 1486/479/5470 1475/1018/5470
f 1530/731/4569 1487/718/4569 1489/1841/4569
f 1526/503/4570 1530/731/4570 1489/1841/4570
f 1526/503/5471 1489/1841/5471 1480/719/5471
f 1511/490/4572 1512/2127/4572 1483/2126/4572
f 1510/491/4573 1511/490/4573 1483/2126/4573
f 1510/491/4574 1483/2126/4574 1468/2114/4574
f 3996/1842/4575 1531/1027/4575 1493/1022/4575
f 3996/1842/4576 1493/1022/4576 1494/2086/4576
f 2134/1939/4577 3996/1842/4577 1494/2086/4577
f 2134/1939/5472 1494/2086/5472 2113/2131/5472
f 2126/1844/4579 1514/723/4579 1499/2125/4579
f 1515/724/5473 2126/1844/5473 1499/2125/5473
f 2119/889/4581 1534/1028/4581 2136/1845/4581
f 2119/889/5474 2136/1845/5474 2117/1021/5474
f 1493/1022/5475 1531/1027/5475 1534/1028/5475
f 1493/1022/5476 1534/1028/5476 2119/889/5476
f 1495/2128/4585 1513/2129/4585 2120/2138/4585
f 1501/2139/4586 1535/907/4586 2138/2134/4586
f 1453/2130/4587 1533/1029/4587 1535/907/4587
f 1453/2130/5477 1535/907/5477 1501/2139/5477
f 1504/2120/5478 1465/713/5478 1464/712/5478
f 2104/2247/5479 2103/2121/5479 2124/1024/5479
f 2104/2247/5480 2124/1024/5480 3997/894/5480
f 2105/2108/4592 2104/2247/4592 3997/894/4592
f 2105/2108/5143 3997/894/5143 1543/732/5143
f 1474/882/4594 1475/1018/4594 1505/2122/4594
f 1476/715/5481 1474/882/5481 1505/2122/5481
f 1480/719/5482 1509/722/5482 1507/721/5482
f 1482/2117/5483 1480/719/5483 1507/721/5483
f 1482/2117/4598 1507/721/4598 1506/720/4598
f 1505/2122/5484 1485/634/5484 1484/717/5484
f 1505/2122/5485 1475/1018/5485 1485/634/5485
f 1509/722/5486 1480/719/5486 1487/718/5486
f 1509/722/5487 1487/718/5487 1512/2127/5487
f 1513/2129/4603 2113/2131/4603 1493/1022/4603
f 1515/724/5488 1453/2130/5488 1454/725/5488
f 1493/1022/4605 2117/1021/4605 1513/2129/4605
f 1501/2139/4606 1541/532/4606 1459/746/4606
f 1453/2130/4607 1501/2139/4607 1459/746/4607
f 1453/2130/5489 1459/746/5489 1454/725/5489
f 1516/739/5490 3998/877/5490 1461/878/5490
f 1517/1025/5491 2093/1016/5491 3998/877/5491
f 1517/1025/5492 3998/877/5492 1516/739/5492
f 2100/1787/5493 2101/2228/5493 1546/737/5493
f 2107/2089/5494 2106/2124/5494 2132/900/5494
f 2107/2089/5495 2132/900/5495 3999/1849/5495
f 2108/2110/5158 2107/2089/5158 3999/1849/5158
f 2108/2110/5159 3999/1849/5159 1548/897/5159
f 1469/880/4618 1522/729/4618 1520/727/4618
f 1471/714/5496 1469/880/5496 1520/727/5496
f 1471/714/5497 1520/727/5497 1519/726/5497
f 1479/2123/5498 1525/730/5498 1524/1644/5498
f 1527/1850/5499 1470/881/5499 1528/728/5499
f 1522/729/4623 1469/880/4623 1470/881/4623
f 1522/729/5500 1470/881/5500 1527/1850/5500
f 1525/730/5501 1479/2123/5501 1530/731/5501
f 1532/1851/4626 1490/2090/4626 1531/1027/4626
f 2134/1939/5502 2110/1019/5502 1490/2090/5502
f 2134/1939/5169 1490/2090/5169 1532/1851/5169
f 4000/485/4629 2116/2143/4629 2136/1845/4629
f 4000/485/5503 2136/1845/5503 2135/903/5503
f 1490/2090/4631 4000/485/4631 2135/903/4631
f 1490/2090/4632 2135/903/4632 1531/1027/4632
f 1500/2091/5504 2120/2138/5504 2138/2134/5504
f 1500/2091/4634 2138/2134/4634 2137/906/4634
f 1495/2128/4635 1500/2091/4635 2137/906/4635
f 1495/2128/4636 2137/906/4636 1533/1029/4636
f 1536/2232/4637 1537/2248/4637 2093/1016/4637
f 1536/2232/5505 2093/1016/5505 1517/1025/5505
f 2117/1021/4639 2136/1845/4639 3891/2137/4639
f 1496/2133/5506 1542/2132/5506 3896/2144/5506
f 2138/2134/4641 2117/1021/4641 3894/2141/4641
f 2116/2143/4642 3891/2137/4642 2136/1845/4642
f 3896/2144/4643 4001/1855/4643 3948/2227/4643
f 4002/529/4644 1568/531/4644 3982/1821/4644
f 4002/529/5507 3982/1821/5507 1553/1944/5507
f 2147/914/5508 4002/529/5508 1553/1944/5508
f 1561/2142/5509 1562/660/5509 3993/1836/5509
f 1561/2142/5510 3993/1836/5510 2144/1857/5510
f 1561/2142/5511 2144/1857/5511 1555/742/5511
f 1569/2140/5512 1570/1827/5512 3985/1826/5512
f 1569/2140/5513 3985/1826/5513 2145/1858/5513
f 1569/2140/5514 2145/1858/5514 1558/743/5514
f 1563/744/4653 1565/528/4653 3976/1815/4653
f 1563/744/5515 3976/1815/5515 2140/909/5515
f 1563/744/4655 2140/909/4655 2142/1031/4655
f 1561/2142/5516 2143/655/5516 1554/519/5516
f 1561/2142/5517 1554/519/5517 3950/1791/5517
f 1561/2142/5518 1553/1944/5518 2143/655/5518
f 2146/1859/5519 1558/743/5519 1560/525/5519
f 2146/1859/5520 1560/525/5520 3977/1817/5520
f 1563/744/5521 1558/743/5521 2146/1859/5521
f 3891/2137/5196 3895/1675/5196 3945/1782/5196
f 1567/530/4663 1549/740/4663 1551/516/4663
f 1567/530/5198 1551/516/5198 3967/1807/5198
f 2147/914/4665 3944/2058/4665 1549/740/4665
f 2147/914/5522 1549/740/5522 1567/530/5522
f 1569/2140/4667 1555/742/4667 1557/522/4667
f 1569/2140/4668 1557/522/4668 3986/1829/4668
f 2142/1031/4669 4001/1855/4669 3896/2144/4669
f 2142/1031/4670 3896/2144/4670 1563/744/4670
f 4003/2204/5523 1588/2221/5523 1587/2189/5523
f 4003/2204/5524 1587/2189/5524 3928/2205/5524
f 1616/34/4673 4004/1860/4673 3939/34/4673
f 1616/34/4674 3939/34/4674 4005/1861/4674
f 2175/249/4675 4007/1862/4675 3911/1716/4675
f 2175/249/4676 3911/1716/4676 4008/1863/4676
f 1620/68/4677 4009/1864/4677 3915/68/4677
f 1620/68/4678 3915/68/4678 4010/1865/4678
f 4012/1866/5525 1624/2150/5525 2159/997/5525
f 4013/1867/5526 1628/2152/5526 2162/1037/5526
f 2182/939/5527 2181/938/5527 4015/938/5527
f 4016/1868/5528 2180/937/5528 4017/1869/5528
f 4016/1868/5529 4017/1869/5529 4015/938/5529
f 4018/1870/4684 3904/2176/4684 4019/1871/4684
f 4018/1870/5530 4019/1871/5530 4015/938/5530
f 4020/1872/5531 1632/545/5531 2165/927/5531
f 4021/1873/4687 1636/2153/4687 2168/1040/4687
f 2187/941/4688 2186/235/4688 4022/235/4688
f 4023/1874/5532 2185/1875/5532 4024/1876/5532
f 4023/1874/4690 4024/1876/4690 4022/235/4690
f 4025/1877/4691 3912/235/4691 4026/1878/4691
f 4025/1877/4692 4026/1878/4692 4022/235/4692
f 4028/1879/4693 3909/2223/4693 4029/1880/4693
f 4028/1879/4694 4029/1880/4694 2188/1792/4694
f 1600/1679/4695 2163/1038/4695 2165/927/4695
f 1601/2151/4696 2157/1035/4696 2159/997/4696
f 1602/2155/4697 2166/1039/4697 2168/1040/4697
f 4030/2249/5533 2162/1037/5533 2171/1042/5533
f 4030/2249/4699 2160/1036/4699 2162/1037/4699
f 1607/1041/4700 1628/2152/4700 3905/1988/4700
f 2174/934/4701 2187/941/4701 3912/1994/4701
f 2174/934/4702 3912/1994/4702 3911/1716/4702
f 1622/544/4703 2179/2149/4703 3916/2172/4703
f 1622/544/4704 3916/2172/4704 3915/2171/4704
f 4011/1882/4705 4029/1880/4705 3909/2223/4705
f 4011/1882/4706 3909/2223/4706 3908/1732/4706
f 2173/1709/4707 2189/943/4707 4029/1880/4707
f 2173/1709/5534 4029/1880/5534 4011/1882/5534
f 4006/1883/5535 4019/1871/5535 3904/2176/5535
f 4006/1883/5229 3904/2176/5229 3903/2175/5229
f 1618/2164/5536 2182/939/5536 4019/1871/5536
f 1618/2164/5230 4019/1871/5230 4006/1883/5230
f 1600/1679/4713 1624/2150/4713 2158/920/4713
f 1600/1679/5537 2158/920/5537 2157/1035/5537
f 1602/2155/4715 1628/2152/4715 2161/923/4715
f 1602/2155/5538 2161/923/5538 2160/1036/5538
f 2176/935/4717 3911/1716/4717 3916/2172/4717
f 2176/935/4718 3916/2172/4718 4014/1884/4718
f 2176/935/5539 4014/1884/5539 2179/2149/5539
f 2173/1709/4720 3908/1732/4720 3904/2176/4720
f 2173/1709/4721 3904/2176/4721 4017/1869/4721
f 2173/1709/4722 4017/1869/4722 2180/937/4722
f 1598/2167/4723 1599/1780/4723 1632/545/4723
f 1598/2167/4724 1632/545/4724 2164/926/4724
f 1598/2167/4725 2164/926/4725 2163/1038/4725
f 1601/2151/4726 1636/2153/4726 2167/929/4726
f 1601/2151/4727 2167/929/4727 2166/1039/4727
f 1604/749/5540 1633/546/5540 1632/545/5540
f 1617/669/4729 3939/2054/4729 3912/1994/4729
f 1617/669/4730 3912/1994/4730 2185/940/4730
f 1621/543/4731 3915/2171/4731 3909/2223/4731
f 1621/543/4732 3909/2223/4732 4027/1885/4732
f 1621/543/4733 4027/1885/4733 2188/942/4733
f 2160/1036/4734 4030/2249/4734 3901/2158/4734
f 3963/1803/5541 3954/235/5541 3953/249/5541
f 3963/1803/4736 3953/249/4736 3964/1804/4736
f 3955/1795/5542 3941/41/5542 3940/68/5542
f 3955/1795/5543 3940/68/5543 3956/1796/5543
f 3989/1832/5544 3952/1792/5544 3951/220/5544
f 3989/1832/4740 3951/220/4740 3990/1833/4740
f 3959/1800/4741 3943/938/4741 3942/2224/4741
f 3959/1800/5545 3942/2224/5545 3960/1801/5545
f 3966/1806/4743 3965/1805/4743 3953/249/4743
f 3966/1806/5546 3953/249/5546 3941/41/5546
f 3984/1824/4745 3983/1823/4745 3951/220/4745
f 3984/1824/5547 3951/220/5547 3943/938/5547
f 3975/1814/4747 3974/1813/4747 3958/2236/4747
f 3975/1814/4748 3958/2236/4748 3954/235/4748
f 3992/1835/4749 3991/1834/4749 3940/68/4749
f 3992/1835/5548 3940/68/5548 3952/1792/5548
f 1641/2239/4751 1642/754/4751 1643/753/4751
f 1642/754/5549 1644/1818/5549 1646/574/5549
f 1647/2238/4753 1645/758/4753 1644/2081/4753
f 1651/551/4754 1653/553/4754 1658/952/4754
f 1655/2244/5550 1656/2250/5550 1458/1045/5550
f 1655/2244/5551 1458/1045/5551 1654/2243/5551
f 1657/951/5552 1656/2250/5552 1655/2244/5552
f 1657/951/5553 1655/2244/5553 1658/952/5553
f 1659/554/4759 1663/755/4759 1667/560/4759
f 1659/554/4760 1661/556/4760 1672/761/4760
f 1669/1808/5554 1671/763/5554 1665/760/5554
f 1669/1808/5555 1665/760/5555 1666/557/5555
f 1669/1808/5556 1666/557/5556 1664/559/5556
f 1672/761/4764 1670/2251/4764 1669/1812/4764
f 1673/2245/5557 1679/2252/5557 1680/2234/5557
f 1678/2233/4766 1677/587/4766 1676/565/4766
f 1678/2233/5558 1680/2234/5558 1679/2252/5558
f 1685/2240/5559 1686/2253/5559 1681/593/5559
f 1685/2240/5560 1681/593/5560 1682/756/5560
f 1684/568/5265 2190/2254/5265 1690/2237/5265
f 1684/568/5561 1690/2237/5561 1682/756/5561
f 1687/1048/4772 1686/2253/4772 1685/2240/4772
f 1687/1048/4773 1685/2240/4773 1688/1047/4773
f 1688/1047/5267 1690/2237/5267 1689/768/5267
f 1692/2148/5268 1693/2099/5268 1691/2069/5268
f 1460/1050/5562 1691/2069/5562 1739/2255/5562
f 1694/769/4776 1693/2099/4776 1692/2148/4776
f 1743/692/5563 1694/769/5563 1460/1050/5563
f 1743/692/5564 1460/1050/5564 1695/1049/5564
f 1700/772/5565 1696/965/5565 1697/1825/5565
f 1706/2241/5566 1697/2242/5566 1698/1892/5566
f 1706/2241/5275 1698/1892/5275 1705/773/5275
f 1704/1051/4782 1702/770/4782 1701/571/4782
f 1703/1015/5567 1702/770/5567 1704/1051/5567
f 1704/1051/5568 1706/2241/5568 1705/773/5568
f 1641/2239/4785 1643/753/4785 1708/2256/4785
f 1647/2238/5569 1641/2239/5569 1708/2256/5569
f 1647/2238/4787 1708/2256/4787 1709/1894/4787
f 1643/753/5277 1707/550/5277 1646/574/5277
f 1643/753/5278 1646/574/5278 1710/573/5278
f 1711/1895/5570 1643/753/5570 1710/573/5570
f 1709/1894/4791 2191/945/4791 1645/758/4791
f 1709/1894/5571 1645/758/5571 1647/2238/5571
f 1709/1894/5572 1711/1895/5572 2191/945/5572
f 1648/2226/5573 1457/2147/5573 1712/2257/5573
f 1648/2226/4795 1712/2257/4795 1713/1897/4795
f 1713/1897/4796 1715/1898/4796 1714/759/4796
f 1650/575/4797 1648/2226/4797 1713/1897/4797
f 1650/575/4798 1713/1897/4798 1714/759/4798
f 1712/2257/5574 1457/2147/5574 1649/2146/5574
f 1712/2257/5575 1649/2146/5575 1717/1899/5575
f 1716/577/5576 1717/1899/5576 1649/2146/5576
f 1716/577/5288 1649/2146/5288 1650/575/5288
f 1715/1898/5577 1717/1899/5577 1716/577/5577
f 2193/947/4804 2192/946/4804 2194/949/4804
f 2193/947/5578 2194/949/5578 1652/552/5578
f 1651/551/4806 1654/2243/4806 2193/947/4806
f 1651/551/4807 2193/947/4807 1652/552/4807
f 2195/950/5579 2194/949/5579 1719/1900/5579
f 2195/950/4809 1719/1900/4809 1718/1046/4809
f 1658/952/4810 1653/553/4810 2195/950/4810
f 1658/952/4811 2195/950/4811 1718/1046/4811
f 1458/1045/5580 1656/2250/5580 2192/946/5580
f 1719/1900/4813 1656/2250/4813 1657/951/4813
f 1720/579/4814 2196/954/4814 1660/676/4814
f 1659/554/5581 1667/560/5581 1720/579/5581
f 1659/554/4816 1720/579/4816 1660/676/4816
f 1661/556/4817 2196/954/4817 1723/1901/4817
f 1661/556/4818 1723/1901/4818 1722/762/4818
f 1672/761/4819 1661/556/4819 1722/762/4819
f 1720/579/4820 1725/585/4820 1726/1902/4820
f 1671/763/5295 1725/585/5295 1720/579/5295
f 1671/763/4822 1720/579/4822 1721/578/4822
f 1724/583/4823 1670/2251/4823 1672/761/4823
f 1723/1901/4824 1726/1902/4824 1670/2251/4824
f 1723/1901/5582 1670/2251/5582 1724/583/5582
f 1675/764/4826 1727/588/4826 1728/2258/4826
f 1675/764/5583 1728/2258/5583 1673/2245/5583
f 1728/2258/5584 1729/765/5584 1679/2252/5584
f 1728/2258/5585 1679/2252/5585 1673/2245/5585
f 1731/592/5586 1729/765/5586 1728/2258/5586
f 1727/588/4831 1677/587/4831 1678/2233/4831
f 1727/588/4832 1678/2233/4832 1732/1904/4832
f 1732/1904/5587 1678/2233/5587 1679/2252/5587
f 1732/1904/5588 1679/2252/5588 1730/590/5588
f 1732/1904/5589 1730/590/5589 1731/592/5589
f 1735/596/4836 1686/2253/4836 1734/595/4836
f 1686/2253/4837 1735/596/4837 1681/593/4837
f 1733/766/5590 1736/767/5590 1737/599/5590
f 1733/766/5591 1737/599/5591 1754/568/5591
f 1736/767/5308 1733/766/5308 1734/595/5308
f 1738/1905/4841 1686/2253/4841 1687/1048/4841
f 2200/959/5592 1688/1047/5592 1689/768/5592
f 2200/959/5593 1689/768/5593 1736/767/5593
f 1738/1905/5594 2200/959/5594 1736/767/5594
f 1693/2099/5595 1739/2255/5595 1691/2069/5595
f 1739/2255/5596 1741/1907/5596 1740/963/5596
f 1460/1050/5597 1739/2255/5597 1740/963/5597
f 1693/2099/5315 1694/769/5315 1742/601/5315
f 1744/1908/4849 1693/2099/4849 1742/601/4849
f 1744/1908/5598 1743/692/5598 1695/1049/5598
f 1744/1908/5599 1695/1049/5599 1741/1907/5599
f 2202/966/4852 1745/771/4852 1746/606/4852
f 2202/966/5318 1746/606/5318 1749/1909/5318
f 1700/772/4854 1745/771/4854 2202/966/4854
f 1700/772/4855 2202/966/4855 1696/965/4855
f 1748/967/4856 1749/1909/4856 1751/1910/4856
f 1748/967/5600 1751/1910/5600 1750/609/5600
f 1705/773/4858 1696/965/4858 1748/967/4858
f 1705/773/4859 1748/967/4859 1750/609/4859
f 2201/964/4860 1702/770/4860 1703/1015/4860
f 1753/1911/5601 1746/606/5601 2201/964/5601
f 1753/1911/5602 2201/964/5602 1703/1015/5602
f 2203/969/4863 1704/1051/4863 1705/773/4863
f 2203/969/5603 1705/773/5603 1752/610/5603
f 1753/1911/5604 2203/969/5604 1752/610/5604
f 1753/1911/5605 1752/610/5605 1751/1910/5605
f 4031/2259/5606 866/2260/5606 868/2261/5606
f 866/2260/5607 4031/2259/5607 4032/2262/5607
f 941/537/5608 865/2263/5608 866/2260/5608
f 865/2263/5609 941/537/5609 4033/2264/5609
f 4034/2259/5610 1186/2265/5610 1188/2087/5610
f 1186/2265/5611 4034/2259/5611 4035/2262/5611
f 1256/537/5612 1185/2266/5612 1186/2265/5612
f 1185/2266/5613 1256/537/5613 4036/2264/5613
f 4037/2259/5606 1497/2267/5606 1499/2268/5606
f 1497/2267/5607 4037/2259/5607 4038/2262/5607
f 1572/537/5614 1496/2269/5614 1497/2267/5614
f 1496/2269/5615 1572/537/5615 4039/2264/5615
l 1683 1754
l 1689 2190
l 1053 1125
l 1880 1881
l 1059 1971
l 2098 2099
l 586 3240
l 3335 3336
l 1989 1990
l 1374 2078
l 1368 1438
o lamp_lumierre_0
v 0.101627 2.584788 -0.144250
v 0.005489 2.584788 -0.096181
v 0.005489 2.366760 -0.174381
v 0.049494 2.366760 -0.196383
v -0.101627 2.584788 -0.363094
v -0.005489 2.584788 -0.411163
v -0.005489 2.366760 -0.332963
v -0.049494 2.366760 -0.310961
v 0.109422 2.584788 -0.355299
v 0.157491 2.584788 -0.259161
v 0.079291 2.366760 -0.259161
v 0.057289 2.366760 -0.303166
v -0.109422 2.584788 -0.152045
v -0.157491 2.584788 -0.248183
v -0.079291 2.366760 -0.248183
v -0.057289 2.366760 -0.204178
v 0.101627 2.584788 -0.363094
v 0.049494 2.366760 -0.310961
v 0.005489 2.366760 -0.332963
v 0.005489 2.584788 -0.411163
v -0.101627 2.584788 -0.144250
v -0.049494 2.366760 -0.196383
v -0.005489 2.366760 -0.174381
v -0.005489 2.584788 -0.096181
v -0.109422 2.584788 -0.355299
v -0.057289 2.366760 -0.303166
v -0.079291 2.366760 -0.259161
v -0.157491 2.584788 -0.259161
v 0.109422 2.584788 -0.152045
v 0.057289 2.366760 -0.204178
v 0.079291 2.366760 -0.248183
v 0.157491 2.584788 -0.248183
v 0.101627 2.792604 0.125724
v 0.005489 2.792604 0.173793
v 0.005489 2.574576 0.095593
v 0.049494 2.574577 0.073591
v -0.101627 2.792604 -0.093120
v -0.005489 2.792604 -0.141189
v -0.005489 2.574576 -0.062989
v -0.049494 2.574577 -0.040987
v 0.109422 2.792604 -0.085325
v 0.157491 2.792604 0.010813
v 0.079291 2.574576 0.010813
v 0.057289 2.574577 -0.033192
v -0.109422 2.792604 0.117929
v -0.157491 2.792604 0.021791
v -0.079291 2.574576 0.021791
v -0.057289 2.574577 0.065796
v 0.101627 2.792604 -0.093120
v 0.049494 2.574576 -0.040987
v 0.005489 2.574576 -0.062989
v 0.005489 2.792604 -0.141189
v -0.101627 2.792604 0.125724
v -0.049494 2.574576 0.073591
v -0.005489 2.574576 0.095593
v -0.005489 2.792604 0.173793
v -0.109422 2.792604 -0.085325
v -0.057289 2.574576 -0.033192
v -0.079291 2.574576 0.010813
v -0.157491 2.792604 0.010813
v 0.109422 2.792604 0.117929
v 0.057289 2.574576 0.065796
v 0.079291 2.574576 0.021791
v 0.157491 2.792604 0.021791
v 0.101627 2.584894 0.398428
v 0.005489 2.584894 0.446497
v 0.005489 2.366866 0.368297
v 0.049494 2.366866 0.346295
v -0.101627 2.584893 0.179584
v -0.005489 2.584893 0.131515
v -0.005489 2.366866 0.209715
v -0.049494 2.366866 0.231717
v 0.109422 2.584893 0.187379
v 0.157491 2.584894 0.283517
v 0.079291 2.366866 0.283517
v 0.057289 2.366866 0.239513
v -0.109422 2.584894 0.390633
v -0.157491 2.584894 0.294495
v -0.079291 2.366866 0.294495
v -0.057289 2.366866 0.338500
v 0.101627 2.584893 0.179584
v 0.049494 2.366866 0.231717
v 0.005489 2.366866 0.209715
v 0.005489 2.584893 0.131515
v -0.101627 2.584894 0.398428
v -0.049494 2.366866 0.346295
v -0.005489 2.366866 0.368297
v -0.005489 2.584894 0.446497
v -0.109422 2.584893 0.187379
v -0.057289 2.366866 0.239513
v -0.079291 2.366866 0.283517
v -0.157491 2.584894 0.283517
v 0.109422 2.584894 0.390633
v 0.057289 2.366866 0.338500
v 0.079291 2.366866 0.294495
v 0.157491 2.584894 0.294495
vn 0.4258 -0.3055 0.8517
vn -0.4258 -0.3055 -0.8517
vn 0.8517 -0.3055 -0.4258
vn -0.8517 -0.3055 0.4258
vn 0.4258 -0.3055 -0.8517
vn -0.4258 -0.3055 0.8517
vn -0.8517 -0.3055 -0.4258
vn 0.8517 -0.3055 0.4258
vt 0.625000 0.243450
vt 0.625000 0.131755
vt 0.625000 0.135720
vt 0.625000 0.239524
vt 0.625000 0.743450
vt 0.625000 0.631755
vt 0.625000 0.635720
vt 0.625000 0.739524
vt 0.625000 0.493450
vt 0.625000 0.381755
vt 0.625000 0.385720
vt 0.625000 0.489524
vt 0.625000 0.993450
vt 0.625000 0.881755
vt 0.625000 0.885720
vt 0.625000 0.989524
vt 0.625000 0.506550
vt 0.625000 0.510476
vt 0.625000 0.614280
vt 0.625000 0.618245
vt 0.625000 0.006550
vt 0.625000 0.010476
vt 0.625000 0.114280
vt 0.625000 0.118245
vt 0.625000 0.756550
vt 0.625000 0.760476
vt 0.625000 0.864280
vt 0.625000 0.868245
vt 0.625000 0.256550
vt 0.625000 0.260476
vt 0.625000 0.364280
vt 0.625000 0.368245
s 0
usemtl lumierre
f 4040/2270/5616 4041/2271/5616 4042/2272/5616
f 4040/2270/5616 4042/2272/5616 4043/2273/5616
f 4044/2274/5617 4045/2275/5617 4046/2276/5617
f 4044/2274/5617 4046/2276/5617 4047/2277/5617
f 4048/2278/5618 4049/2279/5618 4050/2280/5618
f 4048/2278/5618 4050/2280/5618 4051/2281/5618
f 4052/2282/5619 4053/2283/5619 4054/2284/5619
f 4052/2282/5619 4054/2284/5619 4055/2285/5619
f 4056/2286/5620 4057/2287/5620 4058/2288/5620
f 4056/2286/5620 4058/2288/5620 4059/2289/5620
f 4060/2290/5621 4061/2291/5621 4062/2292/5621
f 4060/2290/5621 4062/2292/5621 4063/2293/5621
f 4064/2294/5622 4065/2295/5622 4066/2296/5622
f 4064/2294/5622 4066/2296/5622 4067/2297/5622
f 4068/2298/5623 4069/2299/5623 4070/2300/5623
f 4068/2298/5623 4070/2300/5623 4071/2301/5623
f 4072/2270/5616 4073/2271/5616 4074/2272/5616
f 4072/2270/5616 4074/2272/5616 4075/2273/5616
f 4076/2274/5617 4077/2275/5617 4078/2276/5617
f 4076/2274/5617 4078/2276/5617 4079/2277/5617
f 4080/2278/5618 4081/2279/5618 4082/2280/5618
f 4080/2278/5618 4082/2280/5618 4083/2281/5618
f 4084/2282/5619 4085/2283/5619 4086/2284/5619
f 4084/2282/5619 4086/2284/5619 4087/2285/5619
f 4088/2286/5620 4089/2287/5620 4090/2288/5620
f 4088/2286/5620 4090/2288/5620 4091/2289/5620
f 4092/2290/5621 4093/2291/5621 4094/2292/5621
f 4092/2290/5621 4094/2292/5621 4095/2293/5621
f 4096/2294/5622 4097/2295/5622 4098/2296/5622
f 4096/2294/5622 4098/2296/5622 4099/2297/5622
f 4100/2298/5623 4101/2299/5623 4102/2300/5623
f 4100/2298/5623 4102/2300/5623 4103/2301/5623
f 4104/2270/5616 4105/2271/5616 4106/2272/5616
f 4104/2270/5616 4106/2272/5616 4107/2273/5616
f 4108/2274/5617 4109/2275/5617 4110/2276/5617
f 4108/2274/5617 4110/2276/5617 4111/2277/5617
f 4112/2278/5618 4113/2279/5618 4114/2280/5618
f 4112/2278/5618 4114/2280/5618 4115/2281/5618
f 4116/2282/5619 4117/2283/5619 4118/2284/5619
f 4116/2282/5619 4118/2284/5619 4119/2285/5619
f 4120/2286/5620 4121/2287/5620 4122/2288/5620
f 4120/2286/5620 4122/2288/5620 4123/2289/5620
f 4124/2290/5621 4125/2291/5621 4126/2292/5621
f 4124/2290/5621 4126/2292/5621 4127/2293/5621
f 4128/2294/5622 4129/2295/5622 4130/2296/5622
f 4128/2294/5622 4130/2296/5622 4131/2297/5622
f 4132/2298/5623 4133/2299/5623 4134/2300/5623
f 4132/2298/5623 4134/2300/5623 4135/2301/5623
