# Blender 5.1.1
# www.blender.org
mtllib KhabarovskNaberZabor.mtl
o waterfront_module.002
v 0.408178 12.436928 0.408178
v -0.408178 12.436928 0.408178
v -0.408178 12.436928 -0.408178
v 0.408178 12.436928 -0.408178
v -0.786693 12.217062 -0.786693
v -0.786693 12.217062 0.786693
v 0.786693 12.217062 -0.786693
v 0.786693 12.217062 0.786693
v 0.786693 12.153230 -0.786693
v -0.786693 12.153230 -0.786693
v 0.786693 12.153230 0.786693
v -0.786693 12.153230 0.786693
v 0.475817 12.153233 0.475817
v -0.621685 12.153233 -0.257510
v 0.559502 12.153233 0.373847
v 0.621685 12.153233 0.257510
v -0.659977 12.153233 -0.131278
v 0.659977 12.153233 0.131278
v 0.257510 12.153233 -0.621685
v 0.131278 12.153233 -0.659977
v -0.672907 12.153233 0.000000
v 0.000000 12.153233 -0.672907
v -0.659977 12.153233 0.131278
v -0.621685 12.153233 0.257510
v 0.672907 12.153233 0.000000
v -0.131278 12.153233 -0.659977
v -0.559502 12.153233 0.373847
v -0.475817 12.153233 0.475817
v 0.659977 12.153233 -0.131278
v -0.373847 12.153233 0.559502
v -0.257510 12.153233 -0.621685
v -0.257510 12.153233 0.621685
v 0.621685 12.153233 -0.257510
v -0.131278 12.153233 0.659977
v -0.373847 12.153233 -0.559502
v 0.000000 12.153233 0.672907
v 0.559502 12.153233 -0.373847
v 0.131278 12.153233 0.659977
v 0.257510 12.153233 0.621685
v 0.373847 12.153233 0.559502
v -0.475817 12.153233 -0.475817
v -0.559502 12.153233 -0.373847
v 0.475817 12.153233 -0.475817
v 0.373847 12.153233 -0.559502
v 0.131278 0.000000 -0.659977
v 0.257510 0.000000 -0.621685
v 0.373847 0.000000 -0.559502
v 0.475817 0.000000 -0.475817
v 0.559502 0.000000 -0.373847
v 0.621685 0.000000 -0.257510
v 0.659977 0.000000 -0.131278
v 0.672907 0.000000 0.000000
v 0.659977 0.000000 0.131278
v 0.621685 0.000000 0.257510
v 0.559502 0.000000 0.373847
v 0.475817 0.000000 0.475817
v 0.373847 0.000000 0.559502
v 0.257510 0.000000 0.621685
v 0.131278 0.000000 0.659977
v 0.000000 0.000000 0.672907
v -0.131278 0.000000 0.659977
v -0.257510 0.000000 0.621685
v -0.373847 0.000000 0.559502
v -0.475817 0.000000 0.475817
v -0.559502 0.000000 0.373847
v -0.621685 0.000000 0.257510
v -0.659977 0.000000 0.131278
v -0.672907 0.000000 0.000000
v -0.659977 0.000000 -0.131278
v -0.621685 0.000000 -0.257510
v -0.559502 0.000000 -0.373847
v -0.475817 0.000000 -0.475817
v -0.373847 0.000000 -0.559502
v -0.257510 0.000000 -0.621685
v -0.131278 0.000000 -0.659977
v 0.000000 0.000000 -0.672907
v -23.319998 7.676346 0.245410
v -23.620077 7.527208 0.245410
v -23.319998 7.676346 -0.245415
v -23.417751 7.944808 -0.245415
v -23.918142 7.716844 0.245410
v -23.917908 7.378829 0.245410
v -24.164373 7.221861 -0.245415
v -24.164373 7.221861 0.245410
v -24.540800 6.896971 0.245410
v -24.540800 6.896971 -0.245415
v -24.334724 7.451293 -0.245415
v -24.742870 7.099039 -0.245415
v -24.742870 7.099039 0.245410
v -24.334724 7.451293 0.245410
v -24.865702 2.525736 0.245410
v -24.540800 2.149291 0.245410
v -24.540800 2.149291 -0.245415
v -24.865702 2.525736 -0.245415
v -25.095135 2.355379 -0.245415
v -24.742870 1.947220 -0.245415
v -24.742870 1.947220 0.245410
v -25.095135 2.355379 0.245410
v -24.164373 1.824398 0.245410
v -24.164373 1.824398 -0.245415
v -24.334724 1.594967 -0.245415
v -24.334724 1.594967 0.245410
v -23.669588 7.221869 0.245410
v -23.669588 7.221869 -0.245415
v -23.499197 7.451290 -0.245415
v -24.416189 7.944811 -0.245415
v -24.416189 7.944811 0.245410
v -24.513945 7.676349 0.245410
v -24.967793 7.806280 0.245410
v -24.967793 7.806280 -0.245415
v -24.513945 7.676349 -0.245415
v -24.908554 8.085773 -0.245415
v -24.908554 8.085773 0.245410
v -25.432674 7.871241 0.245410
v -25.432674 7.871241 -0.245415
v -25.412851 8.156241 -0.245415
v -25.412851 8.156241 0.245410
v -25.906895 8.156241 0.245410
v -25.916660 7.871241 0.245410
v -25.916660 7.871241 -0.245415
v -26.082207 1.175018 0.245410
v -25.930956 1.175018 0.245410
v -25.930956 1.175018 -0.245415
v -26.082207 1.175018 -0.245415
v -25.921484 0.890018 -0.245415
v -26.082676 0.890018 -0.245415
v -25.921484 0.890018 0.245410
v -26.082676 0.890018 0.245410
v -25.412851 0.890018 0.245410
v -25.432674 1.175018 0.245410
v -24.967793 1.239981 0.245410
v -24.967793 1.239981 -0.245415
v -25.432674 1.175018 -0.245415
v -25.412851 0.890018 -0.245415
v -24.908554 0.960486 -0.245415
v -24.908554 0.960486 0.245410
v -24.513945 1.369913 0.245410
v -24.513945 1.369913 -0.245415
v -24.416189 1.101451 -0.245415
v -24.416189 1.101451 0.245410
v -24.213865 7.527277 -0.245415
v -24.213865 7.527277 0.245410
v -23.620077 7.527208 -0.245415
v -23.917908 7.378829 -0.245415
v -23.918142 7.716844 -0.245415
v -23.417751 7.944808 0.245410
v -23.499197 7.451290 0.245410
v -23.319998 1.369913 -0.245415
v -23.620077 1.519049 0.245410
v -23.417751 1.101453 -0.245415
v -23.417751 1.101453 0.245410
v -23.918142 1.329415 0.245410
v -23.918142 1.329415 -0.245415
v -23.917908 1.667430 0.245410
v -23.917908 1.667430 -0.245415
v -23.669588 1.824388 0.245410
v -23.669588 1.824388 -0.245415
v -23.499197 1.594969 -0.245415
v -23.499197 1.594969 0.245410
v -24.213865 1.518985 -0.245415
v -24.213865 1.518985 0.245410
v -23.620077 1.519049 -0.245415
v -23.319998 1.369913 0.245410
v -19.819977 7.676346 0.245410
v -20.120075 7.527210 -0.245415
v -19.917751 7.944808 -0.245415
v -20.418142 7.716842 -0.245415
v -20.418142 7.716842 0.245410
v -19.917751 7.944808 0.245410
v -20.417908 7.378831 0.245410
v -20.664371 7.221861 -0.245415
v -20.664371 7.221861 0.245410
v -21.040798 6.896968 0.245410
v -21.040798 6.896968 -0.245415
v -20.834724 7.451293 -0.245415
v -21.242868 7.099039 -0.245415
v -21.242868 7.099039 0.245410
v -20.834724 7.451293 0.245410
v -21.365700 6.520523 0.245410
v -21.365700 6.520523 -0.245415
v -21.595135 6.690879 -0.245415
v -21.595135 6.690879 0.245410
v -21.625427 6.111157 0.245410
v -21.625427 6.111157 -0.245415
v -21.877127 6.246428 -0.245415
v -21.877127 6.246428 0.245410
v -21.877127 2.799828 0.245410
v -21.625427 2.935097 0.245410
v -21.365700 2.525736 0.245410
v -21.365700 2.525736 -0.245415
v -21.625427 2.935097 -0.245415
v -21.877127 2.799828 -0.245415
v -21.595135 2.355377 -0.245415
v -21.595135 2.355377 0.245410
v -21.040798 2.149288 0.245410
v -21.040798 2.149288 -0.245415
v -21.242868 1.947220 -0.245415
v -21.242868 1.947220 0.245410
v -20.664371 1.824398 0.245410
v -20.664371 1.824398 -0.245415
v -20.834724 1.594964 -0.245415
v -20.834724 1.594964 0.245410
v -23.293123 6.896971 0.245410
v -23.293123 6.896971 -0.245415
v -23.091053 7.099039 -0.245415
v -23.091053 7.099039 0.245410
v -23.293123 2.149288 0.245410
v -23.293123 2.149288 -0.245415
v -23.091053 1.947220 -0.245415
v -23.091053 1.947220 0.245410
v -22.968241 2.525736 0.245410
v -22.968241 2.525736 -0.245415
v -22.738806 2.355379 -0.245415
v -22.738806 2.355379 0.245410
v -22.708494 2.935097 0.245410
v -22.708494 2.935097 -0.245415
v -22.456795 2.799828 -0.245415
v -22.456795 2.799828 0.245410
v -22.456795 6.246428 0.245410
v -22.708494 6.111160 0.245410
v -22.968241 6.520525 0.245410
v -22.968241 6.520525 -0.245415
v -22.708494 6.111160 -0.245415
v -22.456795 6.246428 -0.245415
v -22.738787 6.690879 -0.245415
v -22.738787 6.690879 0.245410
v -20.169586 7.221869 0.245410
v -20.169586 7.221869 -0.245415
v -19.999195 7.451293 -0.245415
v -19.999195 7.451293 0.245410
v -20.916189 7.944808 -0.245415
v -20.916189 7.944808 0.245410
v -21.013943 7.676346 0.245410
v -21.467791 7.806278 0.245410
v -21.467791 7.806278 -0.245415
v -21.013943 7.676346 -0.245415
v -21.408552 8.085773 -0.245415
v -21.408552 8.085773 0.245410
v -21.932673 7.871241 0.245410
v -21.932673 7.871241 -0.245415
v -21.912849 8.156241 -0.245415
v -21.912849 8.156241 0.245410
v -22.421091 8.156241 0.245410
v -22.401268 7.871241 0.245410
v -22.401268 7.871241 -0.245415
v -22.866150 7.806280 0.245410
v -22.866150 7.806280 -0.245415
v -22.421091 8.156241 -0.245415
v -22.925369 8.085773 -0.245415
v -22.925369 8.085773 0.245410
v -22.866150 1.239981 0.245410
v -22.866150 1.239979 -0.245415
v -22.925369 0.960486 -0.245415
v -22.925369 0.960486 0.245410
v -22.401268 1.175018 0.245410
v -22.401268 1.175018 -0.245415
v -22.421091 0.890018 -0.245415
v -22.421091 0.890018 0.245410
v -21.912849 0.890018 0.245410
v -21.932653 1.175018 0.245410
v -21.932653 1.175018 -0.245415
v -21.467791 1.239981 0.245410
v -21.467791 1.239981 -0.245415
v -21.912849 0.890018 -0.245415
v -21.408552 0.960486 -0.245415
v -21.408552 0.960486 0.245410
v -21.013943 1.369910 0.245410
v -21.013943 1.369910 -0.245415
v -20.916189 1.101448 -0.245415
v -20.916189 1.101448 0.245410
v -20.713863 7.527274 -0.245415
v -20.713863 7.527277 0.245410
v -20.417908 7.378831 -0.245415
v -20.120075 7.527210 0.245410
v -19.819977 7.676346 -0.245415
v -19.819977 1.369913 -0.245415
v -20.120075 1.519049 0.245410
v -19.917751 1.101451 -0.245415
v -19.917751 1.101451 0.245410
v -20.418142 1.329415 0.245410
v -20.418142 1.329415 -0.245415
v -20.417908 1.667428 0.245410
v -20.417908 1.667428 -0.245415
v -20.169586 1.824390 0.245410
v -20.169586 1.824390 -0.245415
v -19.999195 1.594967 -0.245415
v -19.999195 1.594967 0.245410
v -20.713863 1.518983 -0.245415
v -20.713863 1.518983 0.245410
v -20.120075 1.519049 -0.245415
v -19.819977 1.369913 0.245410
v -16.319975 7.676346 0.245410
v -16.620073 7.527210 -0.245415
v -16.417749 7.944806 -0.245415
v -16.918140 7.716842 -0.245415
v -16.918140 7.716842 0.245410
v -16.417749 7.944806 0.245410
v -16.917906 7.378831 0.245410
v -17.164351 7.221859 -0.245415
v -17.164351 7.221859 0.245410
v -17.540796 6.896971 0.245410
v -17.540796 6.896971 -0.245415
v -17.334723 7.451293 -0.245415
v -17.742867 7.099039 -0.245415
v -17.742867 7.099039 0.245410
v -17.334723 7.451293 0.245410
v -17.865700 6.520523 0.245410
v -17.865700 6.520523 -0.245415
v -18.095133 6.690879 -0.245415
v -18.095133 6.690879 0.245410
v -18.125425 6.111157 0.245410
v -18.125425 6.111157 -0.245415
v -18.377125 6.246426 -0.245415
v -18.377125 6.246426 0.245410
v -18.377125 2.799828 0.245410
v -18.125425 2.935097 0.245410
v -17.865700 2.525733 0.245410
v -17.865700 2.525733 -0.245415
v -18.125425 2.935097 -0.245415
v -18.377125 2.799828 -0.245415
v -18.095133 2.355377 -0.245415
v -18.095133 2.355377 0.245410
v -17.540796 2.149288 0.245410
v -17.540796 2.149288 -0.245415
v -17.742867 1.947220 -0.245415
v -17.742867 1.947220 0.245410
v -17.164351 1.824398 0.245410
v -17.164351 1.824398 -0.245415
v -17.334723 1.594967 -0.245415
v -17.334723 1.594967 0.245410
v -19.793121 6.896971 0.245410
v -19.793121 6.896971 -0.245415
v -19.591051 7.099039 -0.245415
v -19.591051 7.099039 0.245410
v -19.793121 2.149291 0.245410
v -19.793121 2.149288 -0.245415
v -19.591051 1.947218 -0.245415
v -19.591051 1.947218 0.245410
v -19.468239 2.525736 0.245410
v -19.468239 2.525736 -0.245415
v -19.238785 2.355379 -0.245415
v -19.238785 2.355379 0.245410
v -19.208492 2.935097 0.245410
v -19.208492 2.935097 -0.245415
v -18.956793 2.799828 -0.245415
v -18.956793 2.799828 0.245410
v -18.956793 6.246428 0.245410
v -19.208492 6.111160 0.245410
v -19.468239 6.520523 0.245410
v -19.468239 6.520523 -0.245415
v -19.208492 6.111160 -0.245415
v -18.956793 6.246428 -0.245415
v -19.238785 6.690879 -0.245415
v -19.238785 6.690879 0.245410
v -16.669584 7.221869 0.245410
v -16.669584 7.221869 -0.245415
v -16.499195 7.451290 -0.245415
v -16.499195 7.451290 0.245410
v -17.416187 7.944808 -0.245415
v -17.416187 7.944808 0.245410
v -17.513941 7.676346 0.245410
v -17.967789 7.806280 0.245410
v -17.967789 7.806278 -0.245415
v -17.513941 7.676346 -0.245415
v -17.908550 8.085773 -0.245415
v -17.908550 8.085773 0.245410
v -18.432652 7.871241 0.245410
v -18.432652 7.871241 -0.245415
v -18.412848 8.156241 -0.245415
v -18.412848 8.156241 0.245410
v -18.921089 8.156241 0.245410
v -18.901266 7.871241 0.245410
v -18.901266 7.871241 -0.245415
v -19.366148 7.806278 0.245410
v -19.366148 7.806278 -0.245415
v -18.921089 8.156241 -0.245415
v -19.425367 8.085773 -0.245415
v -19.425367 8.085773 0.245410
v -19.366148 1.239979 0.245410
v -19.366148 1.239979 -0.245415
v -19.425367 0.960486 -0.245415
v -19.425367 0.960486 0.245410
v -18.901266 1.175018 0.245410
v -18.901266 1.175018 -0.245415
v -18.921089 0.890018 -0.245415
v -18.921089 0.890018 0.245410
v -18.412848 0.890018 0.245410
v -18.432652 1.175018 0.245410
v -18.432652 1.175018 -0.245415
v -17.967789 1.239979 0.245410
v -17.967789 1.239979 -0.245415
v -18.412848 0.890018 -0.245415
v -17.908550 0.960486 -0.245415
v -17.908550 0.960486 0.245410
v -17.513941 1.369910 0.245410
v -17.513941 1.369910 -0.245415
v -17.416187 1.101448 -0.245415
v -17.416187 1.101448 0.245410
v -17.213863 7.527274 -0.245415
v -17.213863 7.527274 0.245410
v -16.917906 7.378831 -0.245415
v -16.620073 7.527210 0.245410
v -16.319975 7.676346 -0.245415
v -16.319975 1.369910 -0.245415
v -16.620073 1.519049 0.245410
v -16.417749 1.101451 -0.245415
v -16.417749 1.101451 0.245410
v -16.918140 1.329415 0.245410
v -16.918140 1.329415 -0.245415
v -16.917906 1.667428 0.245410
v -16.917906 1.667428 -0.245415
v -16.669565 1.824388 0.245410
v -16.669565 1.824388 -0.245415
v -16.499195 1.594967 -0.245415
v -16.499195 1.594967 0.245410
v -17.213863 1.518983 -0.245415
v -17.213863 1.518983 0.245410
v -16.620073 1.519049 -0.245415
v -16.319975 1.369910 0.245410
v -12.819974 7.676346 0.245410
v -13.120052 7.527208 -0.245415
v -12.917747 7.944806 -0.245415
v -13.418118 7.716842 -0.245415
v -13.418118 7.716842 0.245410
v -12.917747 7.944806 0.245410
v -13.417904 7.378831 0.245410
v -13.664350 7.221859 -0.245415
v -13.664350 7.221859 0.245410
v -14.040794 6.896971 0.245410
v -14.040794 6.896971 -0.245415
v -13.834721 7.451290 -0.245415
v -14.242866 7.099039 -0.245415
v -14.242866 7.099039 0.245410
v -13.834721 7.451290 0.245410
v -14.365697 6.520523 0.245410
v -14.365697 6.520523 -0.245415
v -14.595131 6.690879 -0.245415
v -14.595131 6.690879 0.245410
v -14.625424 6.111157 0.245410
v -14.625424 6.111157 -0.245415
v -14.877123 6.246426 -0.245415
v -14.877123 6.246428 0.245410
v -14.877123 2.799828 0.245410
v -14.625424 2.935097 0.245410
v -14.365697 2.525733 0.245410
v -14.365697 2.525733 -0.245415
v -14.625424 2.935097 -0.245415
v -14.877123 2.799828 -0.245415
v -14.595131 2.355377 -0.245415
v -14.595131 2.355377 0.245410
v -14.040794 2.149286 0.245410
v -14.040794 2.149286 -0.245415
v -14.242866 1.947218 -0.245415
v -14.242866 1.947218 0.245410
v -13.664350 1.824398 0.245410
v -13.664350 1.824398 -0.245415
v -13.834721 1.594964 -0.245415
v -13.834721 1.594964 0.245410
v -16.293119 6.896968 0.245410
v -16.293119 6.896968 -0.245415
v -16.091049 7.099039 -0.245415
v -16.091049 7.099039 0.245410
v -16.293119 2.149288 0.245410
v -16.293119 2.149288 -0.245415
v -16.091049 1.947218 -0.245415
v -16.091049 1.947218 0.245410
v -15.968218 2.525736 0.245410
v -15.968218 2.525733 -0.245415
v -15.738784 2.355379 -0.245415
v -15.738784 2.355379 0.245410
v -15.708491 2.935097 0.245410
v -15.708491 2.935097 -0.245415
v -15.456792 2.799828 -0.245415
v -15.456792 2.799828 0.245410
v -15.456792 6.246426 0.245410
v -15.708491 6.111157 0.245410
v -15.968218 6.520523 0.245410
v -15.968218 6.520523 -0.245415
v -15.708491 6.111157 -0.245415
v -15.456792 6.246426 -0.245415
v -15.738784 6.690879 -0.245415
v -15.738784 6.690879 0.245410
v -13.169564 7.221869 0.245410
v -13.169564 7.221866 -0.245415
v -12.999193 7.451290 -0.245415
v -12.999193 7.451290 0.245410
v -13.916185 7.944808 -0.245415
v -13.916185 7.944808 0.245410
v -14.013939 7.676346 0.245410
v -14.467787 7.806278 0.245410
v -14.467768 7.806278 -0.245415
v -14.013939 7.676346 -0.245415
v -14.408549 8.085773 -0.245415
v -14.408549 8.085773 0.245410
v -14.932651 7.871241 0.245410
v -14.932651 7.871241 -0.245415
v -14.912846 8.156241 -0.245415
v -14.912846 8.156241 0.245410
v -15.421088 8.156239 0.245410
v -15.401264 7.871241 0.245410
v -15.401264 7.871241 -0.245415
v -15.866147 7.806278 0.245410
v -15.866147 7.806278 -0.245415
v -15.421088 8.156239 -0.245415
v -15.925366 8.085773 -0.245415
v -15.925366 8.085773 0.245410
v -15.866147 1.239979 0.245410
v -15.866147 1.239979 -0.245415
v -15.925366 0.960486 -0.245415
v -15.925366 0.960486 0.245410
v -15.401264 1.175018 0.245410
v -15.401264 1.175018 -0.245415
v -15.421088 0.890018 -0.245415
v -15.421088 0.890018 0.245410
v -14.912827 0.890015 0.245410
v -14.932651 1.175018 0.245410
v -14.932651 1.175018 -0.245415
v -14.467787 1.239979 0.245410
v -14.467787 1.239979 -0.245415
v -14.912846 0.890015 -0.245415
v -14.408549 0.960486 -0.245415
v -14.408549 0.960486 0.245410
v -14.013939 1.369913 0.245410
v -14.013939 1.369913 -0.245415
v -13.916185 1.101451 -0.245415
v -13.916185 1.101451 0.245410
v -13.713861 7.527274 -0.245415
v -13.713861 7.527274 0.245410
v -13.417904 7.378831 -0.245415
v -13.120052 7.527208 0.245410
v -12.819974 7.676346 -0.245415
v -12.819974 1.369910 -0.245415
v -13.120071 1.519046 0.245410
v -12.917747 1.101448 -0.245415
v -12.917747 1.101448 0.245410
v -13.418139 1.329412 0.245410
v -13.418139 1.329412 -0.245415
v -13.417904 1.667425 0.245410
v -13.417904 1.667425 -0.245415
v -13.169564 1.824388 0.245410
v -13.169564 1.824388 -0.245415
v -12.999193 1.594964 -0.245415
v -12.999193 1.594964 0.245410
v -13.713861 1.518983 -0.245415
v -13.713861 1.518983 0.245410
v -13.120071 1.519046 -0.245415
v -12.819974 1.369910 0.245410
v -9.319972 7.676346 0.245410
v -9.620050 7.527208 -0.245415
v -9.417746 7.944806 -0.245415
v -9.918118 7.716842 -0.245415
v -9.918118 7.716842 0.245410
v -9.417746 7.944806 0.245410
v -9.917902 7.378829 0.245410
v -10.164348 7.221859 -0.245415
v -10.164348 7.221859 0.245410
v -10.540793 6.896968 0.245410
v -10.540793 6.896968 -0.245415
v -10.334719 7.451290 -0.245415
v -10.742864 7.099039 -0.245415
v -10.742864 7.099039 0.245410
v -10.334719 7.451290 0.245410
v -10.865696 6.520523 0.245410
v -10.865696 6.520523 -0.245415
v -11.095129 6.690879 -0.245415
v -11.095129 6.690879 0.245410
v -11.125422 6.111157 0.245410
v -11.125422 6.111157 -0.245415
v -11.377122 6.246426 -0.245415
v -11.377122 6.246426 0.245410
v -11.377122 2.799828 0.245410
v -11.125422 2.935097 0.245410
v -10.865696 2.525731 0.245410
v -10.865696 2.525731 -0.245415
v -11.125422 2.935097 -0.245415
v -11.377122 2.799825 -0.245415
v -11.095129 2.355377 -0.245415
v -11.095129 2.355377 0.245410
v -10.540793 2.149286 0.245410
v -10.540793 2.149286 -0.245415
v -10.742864 1.947218 -0.245415
v -10.742864 1.947218 0.245410
v -10.164348 1.824395 0.245410
v -10.164348 1.824395 -0.245415
v -10.334719 1.594964 -0.245415
v -10.334719 1.594964 0.245410
v -12.793118 6.896968 0.245410
v -12.793118 6.896968 -0.245415
v -12.591048 7.099039 -0.245415
v -12.591048 7.099039 0.245410
v -12.793118 2.149286 0.245410
v -12.793118 2.149286 -0.245415
v -12.591048 1.947218 -0.245415
v -12.591048 1.947218 0.245410
v -12.468216 2.525733 0.245410
v -12.468216 2.525733 -0.245415
v -12.238782 2.355377 -0.245415
v -12.238782 2.355377 0.245410
v -12.208489 2.935097 0.245410
v -12.208489 2.935097 -0.245415
v -11.956790 2.799825 -0.245415
v -11.956790 2.799825 0.245410
v -11.956790 6.246426 0.245410
v -12.208489 6.111157 0.245410
v -12.468216 6.520523 0.245410
v -12.468216 6.520523 -0.245415
v -12.208489 6.111157 -0.245415
v -11.956790 6.246426 -0.245415
v -12.238782 6.690879 -0.245415
v -12.238782 6.690879 0.245410
v -9.669562 7.221869 0.245410
v -9.669562 7.221866 -0.245415
v -9.499191 7.451290 -0.245415
v -9.499191 7.451290 0.245410
v -10.416183 7.944808 -0.245415
v -10.416183 7.944808 0.245410
v -10.513938 7.676346 0.245410
v -10.967766 7.806278 0.245410
v -10.967766 7.806275 -0.245415
v -10.513938 7.676346 -0.245415
v -10.908547 8.085773 -0.245415
v -10.908547 8.085773 0.245410
v -11.432649 7.871239 0.245410
v -11.432649 7.871239 -0.245415
v -11.412825 8.156239 -0.245415
v -11.412825 8.156241 0.245410
v -11.921087 8.156239 0.245410
v -11.901262 7.871241 0.245410
v -11.901262 7.871241 -0.245415
v -12.366146 7.806278 0.245410
v -12.366146 7.806278 -0.245415
v -11.921087 8.156239 -0.245415
v -12.425364 8.085773 -0.245415
v -12.425364 8.085773 0.245410
v -12.366146 1.239979 0.245410
v -12.366146 1.239979 -0.245415
v -12.425364 0.960484 -0.245415
v -12.425364 0.960484 0.245410
v -11.901262 1.175015 0.245410
v -11.901262 1.175015 -0.245415
v -11.921067 0.890015 -0.245415
v -11.921067 0.890015 0.245410
v -11.412825 0.890015 0.245410
v -11.432649 1.175015 0.245410
v -11.432649 1.175015 -0.245415
v -10.967766 1.239979 0.245410
v -10.967766 1.239979 -0.245415
v -11.412825 0.890015 -0.245415
v -10.908547 0.960484 -0.245415
v -10.908547 0.960484 0.245410
v -10.513938 1.369908 0.245410
v -10.513938 1.369908 -0.245415
v -10.416183 1.101448 -0.245415
v -10.416183 1.101448 0.245410
v -10.213840 7.527271 -0.245415
v -10.213840 7.527274 0.245410
v -9.917902 7.378829 -0.245415
v -9.620050 7.527208 0.245410
v -9.319972 7.676346 -0.245415
v -9.319972 1.369910 -0.245415
v -9.620050 1.519046 0.245410
v -9.417746 1.101448 -0.245415
v -9.417746 1.101448 0.245410
v -9.918118 1.329412 0.245410
v -9.918118 1.329412 -0.245415
v -9.917902 1.667425 0.245410
v -9.917902 1.667425 -0.245415
v -9.669562 1.824388 0.245410
v -9.669562 1.824388 -0.245415
v -9.499191 1.594964 -0.245415
v -9.499191 1.594964 0.245410
v -10.213840 1.518983 -0.245415
v -10.213840 1.518983 0.245410
v -9.620050 1.519046 -0.245415
v -9.319972 1.369910 0.245410
v -5.819971 7.676344 0.245410
v -6.120049 7.527208 -0.245415
v -5.917744 7.944806 -0.245415
v -6.418116 7.716842 -0.245415
v -6.418116 7.716842 0.245410
v -5.917744 7.944806 0.245410
v -6.417901 7.378829 0.245410
v -6.664346 7.221856 -0.245415
v -6.664346 7.221856 0.245410
v -7.040792 6.896968 0.245410
v -7.040792 6.896968 -0.245415
v -6.834717 7.451290 -0.245415
v -7.242862 7.099039 -0.245415
v -7.242862 7.099039 0.245410
v -6.834717 7.451290 0.245410
v -7.365694 6.520523 0.245410
v -7.365694 6.520523 -0.245415
v -7.595128 6.690879 -0.245415
v -7.595128 6.690879 0.245410
v -7.625421 6.111157 0.245410
v -7.625421 6.111157 -0.245415
v -7.877120 6.246426 -0.245415
v -7.877120 6.246428 0.245410
v -7.877120 2.799825 0.245410
v -7.625421 2.935097 0.245410
v -7.365694 2.525731 0.245410
v -7.365694 2.525731 -0.245415
v -7.625421 2.935097 -0.245415
v -7.877120 2.799825 -0.245415
v -7.595128 2.355375 -0.245415
v -7.595128 2.355375 0.245410
v -7.040792 2.149286 0.245410
v -7.040792 2.149286 -0.245415
v -7.242862 1.947218 -0.245415
v -7.242862 1.947218 0.245410
v -6.664346 1.824393 0.245410
v -6.664346 1.824393 -0.245415
v -6.834717 1.594964 -0.245415
v -6.834717 1.594964 0.245410
v -9.293117 6.896968 0.245410
v -9.293117 6.896968 -0.245415
v -9.091046 7.099039 -0.245415
v -9.091046 7.099039 0.245410
v -9.293117 2.149286 0.245410
v -9.293117 2.149286 -0.245415
v -9.091046 1.947218 -0.245415
v -9.091046 1.947218 0.245410
v -8.968214 2.525733 0.245410
v -8.968214 2.525731 -0.245415
v -8.738781 2.355375 -0.245415
v -8.738781 2.355375 0.245405
v -8.708488 2.935094 0.245405
v -8.708488 2.935094 -0.245415
v -8.456788 2.799825 -0.245415
v -8.456788 2.799825 0.245405
v -8.456788 6.246426 0.245410
v -8.708488 6.111157 0.245410
v -8.968214 6.520523 0.245410
v -8.968214 6.520523 -0.245415
v -8.708488 6.111157 -0.245415
v -8.456788 6.246426 -0.245415
v -8.738781 6.690879 -0.245415
v -8.738781 6.690879 0.245410
v -6.169561 7.221869 0.245410
v -6.169561 7.221869 -0.245415
v -5.999190 7.451290 -0.245415
v -5.999190 7.451290 0.245410
v -6.916182 7.944808 -0.245415
v -6.916182 7.944808 0.245410
v -7.013936 7.676346 0.245410
v -7.467764 7.806278 0.245410
v -7.467764 7.806275 -0.245415
v -7.013936 7.676346 -0.245415
v -7.408546 8.085773 -0.245415
v -7.408546 8.085773 0.245410
v -7.932648 7.871241 0.245410
v -7.932648 7.871239 -0.245415
v -7.912823 8.156239 -0.245415
v -7.912823 8.156241 0.245410
v -8.421085 8.156239 0.245410
v -8.401261 7.871241 0.245410
v -8.401261 7.871241 -0.245415
v -8.866144 7.806278 0.245410
v -8.866144 7.806278 -0.245415
v -8.421085 8.156239 -0.245415
v -8.925363 8.085771 -0.245415
v -8.925363 8.085771 0.245410
v -8.866144 1.239976 0.245410
v -8.866144 1.239976 -0.245415
v -8.925363 0.960484 -0.245415
v -8.925363 0.960484 0.245410
v -8.401261 1.175015 0.245410
v -8.401261 1.175015 -0.245415
v -8.421085 0.890015 -0.245415
v -8.421085 0.890015 0.245410
v -7.912823 0.890015 0.245405
v -7.932648 1.175015 0.245410
v -7.467764 1.239979 0.245410
v -7.467764 1.239979 -0.245415
v -7.932648 1.175015 -0.245415
v -7.912823 0.890015 -0.245415
v -7.408546 0.960484 -0.245415
v -7.408546 0.960484 0.245405
v -7.013936 1.369910 0.245410
v -7.013936 1.369910 -0.245415
v -6.916182 1.101448 -0.245415
v -6.916182 1.101448 0.245410
v -6.713858 7.527271 -0.245415
v -6.713858 7.527274 0.245410
v -6.417901 7.378829 -0.245415
v -6.120049 7.527208 0.245410
v -5.819971 7.676344 -0.245415
v -5.819971 1.369908 -0.245415
v -6.120049 1.519046 0.245410
v -5.917744 1.101448 -0.245415
v -5.917744 1.101448 0.245410
v -6.418116 1.329412 0.245410
v -6.418116 1.329412 -0.245415
v -6.417901 1.667425 0.245410
v -6.417901 1.667425 -0.245415
v -6.169561 1.824386 0.245410
v -6.169561 1.824386 -0.245415
v -5.999190 1.594964 -0.245415
v -5.999190 1.594964 0.245410
v -6.713858 1.518983 -0.245415
v -6.713858 1.518983 0.245410
v -6.120049 1.519046 -0.245415
v -5.819971 1.369908 0.245410
v -2.319970 7.676344 0.245410
v -2.620048 7.527205 0.245410
v -2.620048 7.527205 -0.245415
v -2.319970 7.676344 -0.245415
v -2.417743 7.944806 -0.245415
v -2.918114 7.716842 -0.245415
v -2.918114 7.716842 0.245410
v -2.417743 7.944806 0.245410
v -2.917900 7.378827 0.245410
v -3.164345 7.221859 -0.245415
v -3.164345 7.221859 0.245410
v -3.540791 6.896966 0.245410
v -3.540791 6.896966 -0.245415
v -3.334716 7.451290 -0.245415
v -3.742861 7.099036 -0.245415
v -3.742861 7.099036 0.245410
v -3.334716 7.451290 0.245410
v -3.865673 6.520523 0.245410
v -3.865673 6.520523 -0.245415
v -4.095127 6.690877 -0.245415
v -4.095127 6.690877 0.245410
v -4.125420 6.111157 0.245410
v -4.125420 6.111157 -0.245415
v -4.377119 6.246426 -0.245415
v -4.377119 6.246426 0.245410
v -4.320146 5.676130 0.245435
v -4.320146 5.676130 -0.245440
v -4.588623 5.773928 -0.245391
v -4.588623 5.773928 0.245386
v -4.395635 5.445544 0.241411
v -4.395635 5.445544 -0.241416
v -4.666943 5.582788 0.244785
v -4.450127 3.824091 0.245371
v -4.395635 3.600707 0.241411
v -4.395635 3.600707 -0.241416
v -4.320146 3.370124 0.245435
v -4.125420 2.935094 0.245410
v -4.125420 2.935094 -0.245415
v -4.320146 3.370124 -0.245440
v -4.588623 3.272321 -0.245391
v -4.377119 2.799825 -0.245415
v -4.377119 2.799825 0.245410
v -4.588623 3.272321 0.245386
v -3.865673 2.525731 0.245410
v -3.865673 2.525731 -0.245415
v -4.095127 2.355375 -0.245415
v -4.095127 2.355375 0.245410
v -3.540791 2.149286 0.245410
v -3.540791 2.149286 -0.245415
v -3.742861 1.947215 -0.245415
v -3.742861 1.947215 0.245410
v -3.164345 1.824393 0.245410
v -3.164345 1.824393 -0.245415
v -3.334716 1.594962 -0.245415
v -3.334716 1.594962 0.245410
v -5.793115 6.896968 0.245410
v -5.793115 6.896968 -0.245415
v -5.591045 7.099039 -0.245415
v -5.591045 7.099039 0.245410
v -5.793115 2.149286 0.245405
v -5.793115 2.149286 -0.245415
v -5.591045 1.947215 -0.245420
v -5.591045 1.947215 0.245405
v -5.468213 2.525733 0.245405
v -5.468213 2.525731 -0.245420
v -5.238779 2.355377 -0.245420
v -5.238779 2.355377 0.245405
v -5.208486 2.935097 0.245405
v -5.208486 2.935097 -0.245420
v -4.956787 2.799825 -0.245420
v -4.956787 2.799825 0.245405
v -5.013760 3.370121 0.245435
v -5.013760 3.370121 -0.245444
v -4.745283 3.272323 -0.245396
v -4.745283 3.272323 0.245386
v -4.938252 3.600710 0.241406
v -4.938252 3.600710 -0.241416
v -4.666943 3.463461 -0.244795
v -4.666943 3.463464 0.244785
v -4.883780 5.222160 0.245371
v -4.938252 5.445544 0.241406
v -4.938252 5.445547 -0.241416
v -5.013760 5.676130 0.245435
v -5.208486 6.111157 0.245410
v -5.208486 6.111157 -0.245415
v -5.013760 5.676130 -0.245444
v -4.745283 5.773933 -0.245396
v -4.956787 6.246426 -0.245415
v -4.956787 6.246426 0.245410
v -4.745283 5.773931 0.245386
v -5.468213 6.520523 0.245410
v -5.468213 6.520521 -0.245415
v -5.238779 6.690879 -0.245415
v -5.238779 6.690879 0.245410
v -2.669559 7.221856 0.245410
v -2.669559 7.221856 -0.245415
v -2.499188 7.451280 -0.245415
v -2.499188 7.451280 0.245410
v -3.416181 7.944806 -0.245415
v -3.416181 7.944806 0.245410
v -3.513935 7.676344 0.245410
v -3.967763 7.806278 0.245410
v -3.967763 7.806275 -0.245415
v -3.513935 7.676344 -0.245415
v -3.908545 8.085771 -0.245415
v -3.908545 8.085773 0.245410
v -4.432646 7.871239 0.245410
v -4.432646 7.871239 -0.245415
v -4.412822 8.156239 -0.245415
v -4.412822 8.156239 0.245410
v -4.901260 7.871241 0.245410
v -4.901260 7.871241 -0.245415
v -4.921064 8.156239 0.245410
v -5.366143 7.806278 0.245410
v -5.366143 7.806275 -0.245415
v -4.921064 8.156239 -0.245415
v -5.425361 8.085771 -0.245415
v -5.425361 8.085771 0.245410
v -5.366143 1.239976 0.245410
v -5.366143 1.239976 -0.245415
v -5.425361 0.960484 -0.245415
v -5.425361 0.960484 0.245405
v -4.901260 1.175013 0.245410
v -4.901260 1.175013 -0.245415
v -4.921064 0.890013 -0.245415
v -4.921064 0.890013 0.245405
v -4.432646 1.175013 0.245410
v -4.432646 1.175013 -0.245415
v -4.412822 0.890013 0.245405
v -3.967763 1.239979 0.245405
v -3.967763 1.239979 -0.245415
v -4.412822 0.890013 -0.245420
v -3.908545 0.960481 -0.245420
v -3.908545 0.960481 0.245405
v -3.513935 1.369908 0.245410
v -3.513935 1.369908 -0.245415
v -3.416162 1.101446 -0.245415
v -3.416162 1.101446 0.245410
v -3.213837 7.527271 -0.245415
v -3.213837 7.527271 0.245410
v -2.917900 7.378827 -0.245415
v -4.450127 5.222160 -0.245376
v -4.883780 3.824094 -0.245381
v -4.883780 5.222160 -0.245381
v -4.666943 5.582788 -0.244795
v -4.666943 5.268186 -0.254287
v -4.666943 3.778063 -0.254287
v -4.883780 3.824094 0.245371
v -4.666943 3.778066 0.254277
v -4.666943 5.268186 0.254277
v -4.450127 3.824094 -0.245381
v -4.450127 5.222160 0.245371
v -2.319970 1.369908 0.245410
v -2.319970 1.369908 -0.245415
v -2.620048 1.519044 -0.245415
v -2.620048 1.519044 0.245410
v -2.417743 1.101448 -0.245415
v -2.417743 1.101448 0.245410
v -2.918114 1.329412 0.245410
v -2.918114 1.329412 -0.245415
v -2.917900 1.667425 0.245410
v -2.917900 1.667425 -0.245415
v -2.669559 1.824378 0.245410
v -2.669559 1.824378 -0.245415
v -2.499188 1.594957 -0.245415
v -2.499188 1.594957 0.245410
v -3.213837 1.518983 -0.245415
v -3.213837 1.518983 0.245410
v -0.764910 7.871239 0.245410
v -0.913406 7.871239 0.245410
v -0.913406 7.871239 -0.245415
v -0.764910 7.871239 -0.245415
v -0.923094 8.156239 -0.245415
v -0.764442 8.156239 -0.245415
v -0.923094 8.156239 0.245410
v -0.764442 8.156239 0.245410
v -1.421063 8.156237 0.245410
v -1.401258 7.871241 0.245410
v -1.866122 7.806275 0.245410
v -1.866122 7.806275 -0.245415
v -1.401258 7.871241 -0.245415
v -1.421063 8.156237 -0.245415
v -1.925360 8.085768 -0.245415
v -1.925360 8.085768 0.245410
v -1.866122 1.239976 0.245405
v -1.866122 1.239976 -0.245415
v -1.925360 0.960484 -0.245420
v -1.925360 0.960484 0.245405
v -1.401258 1.175013 0.245405
v -1.401258 1.175013 -0.245415
v -1.421063 0.890013 -0.245420
v -1.421063 0.890013 0.245405
v -0.938582 0.890013 0.245405
v -0.928582 1.175015 0.245405
v -0.928582 1.175015 -0.245420
v -2.293095 2.149271 0.245410
v -2.293095 2.149271 -0.245415
v -2.091044 1.947201 -0.245415
v -2.091044 1.947201 0.245410
v -1.968212 2.525717 0.245410
v -1.968212 2.525717 -0.245415
v -1.738778 2.355362 -0.245415
v -1.738778 2.355362 0.245410
v -1.708485 2.935077 0.245410
v -1.708485 2.935077 -0.245415
v -1.456786 2.799811 -0.245415
v -1.456786 2.799811 0.245410
v -1.513700 3.370238 0.245410
v -1.513700 3.370238 -0.245415
v -1.245282 3.272296 -0.245415
v -1.245282 3.272296 0.245410
v -1.383797 3.823927 0.245410
v -1.383797 3.823927 -0.245415
v -1.104305 3.764701 -0.245415
v -1.104305 3.764701 0.245410
v -1.318836 4.288808 0.245410
v -1.318836 4.288808 -0.245415
v -1.033836 4.268984 -0.245415
v -1.033836 4.268986 0.245410
v -1.318836 4.757419 0.245410
v -1.318836 4.757419 -0.245415
v -1.033836 4.777236 -0.245415
v -1.033836 4.777236 0.245410
v -1.383797 5.222292 0.245410
v -1.383797 5.222292 -0.245415
v -1.104305 5.281518 -0.245415
v -1.104305 5.281518 0.245410
v -1.513700 5.675984 0.245410
v -1.513700 5.675984 -0.245415
v -1.245282 5.773923 -0.245415
v -1.245282 5.773923 0.245410
v -1.708485 6.111145 0.245410
v -1.708485 6.111145 -0.245415
v -1.456786 6.246411 -0.245415
v -1.456786 6.246411 0.245410
v -1.968212 6.520504 0.245410
v -1.968212 6.520504 -0.245415
v -1.738778 6.690862 -0.245415
v -1.738778 6.690862 0.245410
v -2.293114 6.896949 0.245410
v -2.293114 6.896949 -0.245415
v -2.091044 7.099019 -0.245415
v -2.091044 7.099019 0.245410
v -24.865702 6.520523 0.245410
v -24.865702 6.520523 -0.245415
v -25.095135 6.690879 -0.245415
v -25.095135 6.690879 0.245410
v -25.125429 6.111160 0.245410
v -25.125429 6.111160 -0.245415
v -25.377129 6.246428 -0.245415
v -25.377129 6.246431 0.245410
v -25.320234 5.676006 0.245410
v -25.320234 5.676006 -0.245415
v -25.588633 5.773941 -0.245415
v -25.588633 5.773941 0.245410
v -25.450117 5.222312 0.245410
v -25.450117 5.222312 -0.245415
v -25.729609 5.281538 -0.245415
v -25.729609 5.281540 0.245410
v -25.515078 4.757436 0.245410
v -25.515078 4.757434 -0.245415
v -25.800077 4.777253 -0.245415
v -25.800077 4.777253 0.245410
v -25.515078 4.288825 0.245410
v -25.515078 4.288825 -0.245415
v -25.800077 4.269008 -0.245415
v -25.800077 4.269008 0.245410
v -25.450117 3.823947 0.245410
v -25.450117 3.823947 -0.245415
v -25.729609 3.764721 -0.245415
v -25.729609 3.764721 0.245410
v -25.320234 3.370255 0.245410
v -25.320234 3.370255 -0.245415
v -25.588633 3.272318 -0.245415
v -25.588633 3.272318 0.245410
v -25.125429 2.935099 0.245410
v -25.125429 2.935099 -0.245415
v -25.377129 2.799830 -0.245415
v -25.377129 2.799830 0.245410
v -26.082207 7.871241 0.245410
v -26.082676 8.156241 0.245410
v -0.764910 1.175015 0.245405
v -0.764442 0.890015 0.245405
v -0.764442 0.890015 -0.245420
v -0.764910 1.175015 -0.245420
v -0.938582 0.890013 -0.245420
v -26.082676 8.156241 -0.245415
v -26.082207 7.871241 -0.245415
v -25.906895 8.156241 -0.245415
v -4.666943 4.523127 0.322495
v -4.497998 4.354179 0.322495
v -4.446201 4.431694 0.322495
v -4.428018 4.523127 0.322495
v -4.666943 4.284199 0.322495
v -4.575518 4.302387 0.322495
v -4.835889 4.354179 0.322495
v -4.758389 4.302387 0.322495
v -4.905869 4.523127 0.322495
v -4.887686 4.431694 0.322495
v -4.835889 4.692075 0.322495
v -4.887686 4.614560 0.322495
v -4.666943 4.762055 0.322495
v -4.758389 4.743869 0.322495
v -4.497998 4.692075 0.322495
v -4.575518 4.743869 0.322495
v -4.446201 4.614563 0.322495
v -4.225459 4.340258 -0.277359
v -4.189092 4.523127 0.277349
v -4.329052 4.185231 -0.277359
v -5.108428 4.340258 -0.277359
v -5.144814 4.523127 -0.277359
v -5.108428 4.705996 -0.277359
v -5.004854 4.861022 -0.277354
v -4.859053 4.958440 -0.261616
v -4.858858 4.960237 0.263023
v -4.225459 4.705996 -0.277359
v -4.666943 4.523127 -0.322505
v -4.428018 4.523127 -0.322505
v -4.446201 4.431694 -0.322505
v -4.497998 4.354179 -0.322505
v -4.575518 4.302385 -0.322505
v -4.666943 4.284199 -0.322505
v -4.758389 4.302385 -0.322505
v -4.835889 4.354179 -0.322505
v -4.887686 4.431694 -0.322505
v -4.905869 4.523127 -0.322505
v -4.887686 4.614560 -0.322505
v -4.835889 4.692075 -0.322505
v -4.758389 4.743869 -0.322505
v -4.666943 4.762055 -0.322505
v -4.575518 4.743869 -0.322505
v -4.497998 4.692075 -0.322505
v -4.446201 4.614560 -0.322505
v -4.189092 4.523127 -0.277359
v -4.225459 4.340258 0.277349
v -4.329052 4.185231 0.277349
v -4.473408 4.088784 -0.261470
v -4.666943 4.045270 -0.277359
v -4.666943 4.045270 0.277349
v -5.004854 4.185231 0.277349
v -4.858721 4.087590 0.261572
v -5.004854 4.185231 -0.277359
v -5.108428 4.340261 0.277349
v -5.144814 4.523127 0.277349
v -5.108428 4.705996 0.277349
v -5.004854 4.861022 0.277349
v -4.666943 5.000984 -0.277354
v -4.666943 5.000984 0.277349
v -4.329052 4.861022 0.277349
v -4.472842 4.957099 0.261460
v -4.329052 4.861022 -0.277359
v -4.225459 4.705996 0.277349
v -4.473408 4.088771 0.261460
v -4.858916 4.087719 -0.261582
v -4.472178 4.956655 -0.261470
v -4.857119 4.987925 0.245816
v -4.857119 4.987922 -0.245825
v -4.666943 5.017805 -0.257632
v -4.474756 4.986577 -0.245562
v -4.474756 4.986577 0.245557
v -4.666943 5.017807 0.257622
v -4.857021 4.063940 -0.245772
v -4.857021 4.063940 0.245762
v -4.666943 4.031833 0.257700
v -4.475283 4.065002 0.245552
v -4.475283 4.065002 -0.245562
v -4.666943 4.031833 -0.257705
v -7.820148 5.676128 0.245435
v -7.820148 5.676130 -0.245440
v -8.088624 5.773928 -0.245391
v -8.088624 5.773928 0.245386
v -7.895655 5.445544 0.241411
v -7.895655 5.445544 -0.241416
v -8.166965 5.582788 -0.244795
v -7.950128 3.824089 0.245371
v -7.895655 3.600707 0.241411
v -7.895655 3.600707 -0.241416
v -7.820148 3.370121 0.245435
v -7.820148 3.370121 -0.245440
v -8.088624 3.272321 -0.245391
v -8.088624 3.272321 0.245386
v -8.513762 3.370121 0.245435
v -8.513762 3.370121 -0.245444
v -8.245284 3.272321 -0.245396
v -8.245284 3.272323 0.245386
v -8.438272 3.600707 0.241406
v -8.438272 3.600707 -0.241416
v -8.166965 3.463464 0.244790
v -8.383780 5.222160 0.245371
v -8.438272 5.445544 0.241411
v -8.438272 5.445544 -0.241416
v -8.513762 5.676128 0.245435
v -8.513762 5.676128 -0.245444
v -8.245284 5.773931 -0.245396
v -8.245284 5.773931 0.245386
v -7.950128 5.222160 -0.245376
v -8.383780 3.824094 -0.245381
v -8.383780 5.222160 -0.245381
v -8.166965 5.268186 -0.254287
v -8.166965 3.778063 -0.254287
v -8.166965 3.463461 -0.244795
v -8.383780 3.824094 0.245371
v -8.166965 3.778066 0.254277
v -8.166965 5.268186 0.254277
v -8.166965 5.582788 0.244790
v -7.950128 3.824091 -0.245376
v -7.950128 5.222160 0.245371
v -8.166965 4.523127 0.322495
v -7.998019 4.354179 0.322495
v -7.946222 4.431694 0.322495
v -7.928019 4.523127 0.322495
v -8.166965 4.284199 0.322495
v -8.075519 4.302385 0.322495
v -8.335910 4.354179 0.322495
v -8.258389 4.302387 0.322495
v -8.405890 4.523127 0.322495
v -8.387707 4.431694 0.322495
v -8.335910 4.692075 0.322495
v -8.387687 4.614560 0.322495
v -8.166965 4.762055 0.322495
v -8.258389 4.743867 0.322495
v -7.997999 4.692075 0.322495
v -8.075519 4.743867 0.322495
v -7.946222 4.614560 0.322495
v -7.725480 4.340256 -0.277359
v -7.689093 4.523127 0.277349
v -7.829054 4.185229 -0.277354
v -8.608429 4.340258 -0.277354
v -8.644815 4.523127 -0.277354
v -8.608429 4.705993 -0.277354
v -8.504855 4.861022 -0.277354
v -8.359054 4.958440 -0.261616
v -8.358859 4.960234 0.263023
v -7.725480 4.705996 -0.277359
v -8.166965 4.523127 -0.322505
v -7.928019 4.523127 -0.322505
v -7.946222 4.431692 -0.322505
v -7.998019 4.354177 -0.322505
v -8.075519 4.302385 -0.322505
v -8.166965 4.284199 -0.322505
v -8.258389 4.302385 -0.322505
v -8.335910 4.354179 -0.322505
v -8.387707 4.431694 -0.322505
v -8.405890 4.523127 -0.322505
v -8.387687 4.614560 -0.322505
v -8.335910 4.692075 -0.322505
v -8.258389 4.743867 -0.322505
v -8.166965 4.762055 -0.322505
v -8.075519 4.743867 -0.322505
v -7.997999 4.692075 -0.322505
v -7.946222 4.614560 -0.322505
v -7.689093 4.523127 -0.277359
v -7.725480 4.340258 0.277349
v -7.829054 4.185229 0.277349
v -7.973409 4.088781 -0.261470
v -8.166965 4.045270 -0.277359
v -8.166965 4.045270 0.277349
v -8.504855 4.185231 0.277349
v -8.358722 4.087587 0.261572
v -8.504855 4.185231 -0.277354
v -8.608429 4.340258 0.277349
v -8.644815 4.523127 0.277349
v -8.608429 4.705996 0.277349
v -8.504855 4.861022 0.277349
v -8.166965 5.000984 -0.277354
v -8.166965 5.000984 0.277349
v -7.829054 4.861022 0.277349
v -7.972843 4.957099 0.261460
v -7.829054 4.861022 -0.277354
v -7.725480 4.705996 0.277349
v -7.973429 4.088771 0.261460
v -8.358917 4.087719 -0.261582
v -7.972179 4.956655 -0.261470
v -8.357121 4.987925 0.245820
v -8.357121 4.987922 -0.245825
v -8.166965 5.017805 -0.257632
v -7.974776 4.986577 -0.245562
v -7.974776 4.986577 0.245557
v -8.166965 5.017805 0.257622
v -8.357042 4.063937 -0.245772
v -8.357042 4.063940 0.245762
v -8.166965 4.031830 0.257700
v -7.975284 4.065002 0.245557
v -7.975284 4.065000 -0.245562
v -8.166965 4.031830 -0.257705
v -11.320149 5.676128 0.245435
v -11.320149 5.676128 -0.245440
v -11.588626 5.773928 -0.245391
v -11.588626 5.773928 0.245386
v -11.395657 5.445544 0.241411
v -11.395657 5.445544 -0.241416
v -11.666946 5.582788 -0.244795
v -11.666946 5.582788 0.244790
v -11.450130 3.824091 0.245371
v -11.395657 3.600707 0.241411
v -11.395657 3.600707 -0.241416
v -11.320149 3.370124 0.245435
v -11.320149 3.370121 -0.245440
v -11.588626 3.272321 -0.245391
v -11.588626 3.272321 0.245386
v -12.013762 3.370121 0.245435
v -12.013762 3.370121 -0.245444
v -11.745286 3.272323 -0.245396
v -11.745286 3.272323 0.245386
v -11.938254 3.600707 0.241411
v -11.938254 3.600707 -0.241416
v -11.666965 3.463461 -0.244795
v -11.666946 3.463464 0.244790
v -11.883782 5.222158 0.245371
v -11.938254 5.445544 0.241411
v -11.938274 5.445544 -0.241416
v -12.013762 5.676128 0.245435
v -12.013762 5.676128 -0.245440
v -11.745286 5.773931 -0.245391
v -11.745286 5.773931 0.245386
v -11.450130 5.222158 -0.245376
v -11.883782 3.824094 -0.245381
v -11.883782 5.222158 -0.245376
v -11.666946 5.268186 -0.254287
v -11.666946 3.778063 -0.254287
v -11.883782 3.824094 0.245371
v -11.666946 3.778063 0.254277
v -11.666946 5.268186 0.254277
v -11.450130 3.824091 -0.245376
v -11.450130 5.222158 0.245371
v -11.666965 4.523127 0.322500
v -11.498001 4.354179 0.322500
v -11.446223 4.431694 0.322500
v -11.428020 4.523127 0.322500
v -11.666965 4.284199 0.322500
v -11.575521 4.302385 0.322500
v -11.835911 4.354179 0.322500
v -11.758391 4.302385 0.322500
v -11.905891 4.523127 0.322500
v -11.887689 4.431694 0.322500
v -11.835911 4.692075 0.322500
v -11.887689 4.614560 0.322500
v -11.666965 4.762055 0.322500
v -11.758391 4.743867 0.322500
v -11.498001 4.692075 0.322500
v -11.575521 4.743869 0.322500
v -11.446223 4.614560 0.322500
v -11.225481 4.340258 -0.277354
v -11.189095 4.523127 0.277349
v -11.329056 4.185229 -0.277354
v -12.108431 4.340258 -0.277354
v -12.144817 4.523127 -0.277354
v -12.108431 4.705996 -0.277354
v -12.004856 4.861022 -0.277354
v -11.859056 4.958440 -0.261616
v -11.858860 4.960234 0.263027
v -11.225481 4.705993 -0.277354
v -11.666965 4.523127 -0.322505
v -11.428020 4.523127 -0.322505
v -11.446204 4.431694 -0.322505
v -11.498001 4.354177 -0.322505
v -11.575521 4.302385 -0.322505
v -11.666965 4.284199 -0.322505
v -11.758391 4.302385 -0.322505
v -11.835911 4.354179 -0.322505
v -11.887689 4.431694 -0.322505
v -11.905891 4.523127 -0.322505
v -11.887689 4.614560 -0.322505
v -11.835911 4.692075 -0.322505
v -11.758391 4.743867 -0.322505
v -11.666965 4.762055 -0.322505
v -11.575521 4.743867 -0.322505
v -11.498001 4.692075 -0.322505
v -11.446223 4.614560 -0.322505
v -11.189095 4.523127 -0.277354
v -11.225481 4.340258 0.277349
v -11.329056 4.185231 0.277349
v -11.473411 4.088784 -0.261470
v -11.666965 4.045270 -0.277354
v -11.666965 4.045270 0.277349
v -12.004856 4.185231 0.277349
v -11.858724 4.087590 0.261572
v -12.004856 4.185231 -0.277354
v -12.108431 4.340258 0.277349
v -12.144817 4.523127 0.277349
v -12.108431 4.705996 0.277349
v -12.004856 4.861022 0.277349
v -11.666965 5.000984 -0.277354
v -11.666965 5.000984 0.277349
v -11.329056 4.861022 0.277349
v -11.472844 4.957097 0.261460
v -11.329056 4.861022 -0.277354
v -11.225481 4.705993 0.277349
v -11.473431 4.088771 0.261460
v -11.858919 4.087719 -0.261582
v -11.472180 4.956653 -0.261470
v -11.857122 4.987925 0.245820
v -11.857122 4.987925 -0.245825
v -11.666965 5.017805 -0.257632
v -11.474778 4.986577 -0.245562
v -11.474778 4.986577 0.245557
v -11.666965 5.017805 0.257622
v -11.857044 4.063940 -0.245772
v -11.857044 4.063940 0.245762
v -11.666946 4.031833 0.257700
v -11.475286 4.065002 0.245557
v -11.475286 4.065002 -0.245562
v -11.666946 4.031833 -0.257705
v -14.820170 5.676128 0.245435
v -14.820170 5.676128 -0.245440
v -15.088627 5.773928 -0.245391
v -15.088627 5.773928 0.245386
v -14.895658 5.445547 0.241411
v -14.895658 5.445544 -0.241416
v -15.166967 5.582788 -0.244795
v -15.166967 5.582788 0.244790
v -14.950131 3.824091 0.245371
v -14.895658 3.600707 0.241411
v -14.895658 3.600707 -0.241416
v -14.820170 3.370121 0.245435
v -14.820170 3.370121 -0.245440
v -15.088627 3.272321 -0.245391
v -15.088627 3.272321 0.245386
v -15.513764 3.370121 0.245435
v -15.513764 3.370121 -0.245440
v -15.245288 3.272323 -0.245391
v -15.245288 3.272323 0.245386
v -15.438276 3.600707 0.241411
v -15.438276 3.600707 -0.241416
v -15.166967 3.463461 -0.244795
v -15.166967 3.463464 0.244790
v -15.383803 5.222160 0.245371
v -15.438276 5.445544 0.241411
v -15.438276 5.445544 -0.241416
v -15.513764 5.676130 0.245435
v -15.513764 5.676128 -0.245440
v -15.245288 5.773931 -0.245391
v -15.245288 5.773931 0.245386
v -14.950131 5.222158 -0.245376
v -15.383783 3.824094 -0.245376
v -15.383803 5.222158 -0.245376
v -15.166967 5.268186 -0.254287
v -15.166967 3.778063 -0.254287
v -15.383783 3.824094 0.245371
v -15.166967 3.778066 0.254277
v -15.166967 5.268188 0.254282
v -14.950131 3.824091 -0.245376
v -14.950131 5.222158 0.245371
v -15.166967 4.523127 0.322500
v -14.998022 4.354179 0.322500
v -14.946225 4.431692 0.322500
v -14.928041 4.523127 0.322500
v -15.166967 4.284199 0.322500
v -15.075521 4.302385 0.322500
v -15.335913 4.354179 0.322500
v -15.258393 4.302387 0.322500
v -15.405893 4.523127 0.322500
v -15.387710 4.431694 0.322500
v -15.335913 4.692075 0.322500
v -15.387710 4.614560 0.322500
v -15.166967 4.762055 0.322500
v -15.258393 4.743867 0.322500
v -14.998022 4.692077 0.322500
v -15.075521 4.743869 0.322500
v -14.946225 4.614563 0.322500
v -14.725483 4.340258 -0.277354
v -14.689116 4.523127 0.277349
v -14.829077 4.185229 -0.277354
v -15.608452 4.340258 -0.277354
v -15.644819 4.523125 -0.277354
v -15.608452 4.705993 -0.277354
v -15.504858 4.861020 -0.277354
v -15.359057 4.958437 -0.261616
v -15.358862 4.960234 0.263027
v -14.725483 4.705993 -0.277354
v -15.166967 4.523125 -0.322505
v -14.928041 4.523125 -0.322505
v -14.946225 4.431694 -0.322505
v -14.998022 4.354177 -0.322505
v -15.075521 4.302385 -0.322505
v -15.166967 4.284196 -0.322505
v -15.258393 4.302385 -0.322505
v -15.335913 4.354179 -0.322505
v -15.387710 4.431694 -0.322505
v -15.405893 4.523125 -0.322505
v -15.387710 4.614558 -0.322505
v -15.335913 4.692072 -0.322505
v -15.258393 4.743867 -0.322505
v -15.166967 4.762053 -0.322505
v -15.075521 4.743869 -0.322505
v -14.998022 4.692075 -0.322505
v -14.946225 4.614560 -0.322505
v -14.689116 4.523125 -0.277354
v -14.725483 4.340258 0.277349
v -14.829077 4.185229 0.277349
v -14.973413 4.088781 -0.261465
v -15.166967 4.045268 -0.277354
v -15.166967 4.045270 0.277349
v -15.504858 4.185231 0.277349
v -15.358725 4.087587 0.261572
v -15.504858 4.185229 -0.277354
v -15.608452 4.340258 0.277349
v -15.644819 4.523127 0.277349
v -15.608452 4.705996 0.277349
v -15.504858 4.861022 0.277349
v -15.166967 5.000981 -0.277354
v -15.166967 5.000984 0.277349
v -14.829057 4.861025 0.277349
v -14.972846 4.957099 0.261460
v -14.829057 4.861022 -0.277354
v -14.725483 4.705996 0.277349
v -14.973432 4.088771 0.261460
v -15.358920 4.087719 -0.261577
v -14.972182 4.956655 -0.261470
v -15.357123 4.987925 0.245820
v -15.357123 4.987922 -0.245825
v -15.166967 5.017805 -0.257632
v -14.974779 4.986577 -0.245562
v -14.974779 4.986577 0.245557
v -15.166967 5.017807 0.257622
v -15.357045 4.063937 -0.245772
v -15.357045 4.063940 0.245762
v -15.166967 4.031833 0.257700
v -14.975287 4.065002 0.245557
v -14.975287 4.065000 -0.245562
v -15.166967 4.031830 -0.257705
v -18.320171 5.676130 0.245435
v -18.320171 5.676130 -0.245440
v -18.588629 5.773928 -0.245391
v -18.588629 5.773928 0.245386
v -18.395660 5.445544 0.241411
v -18.395660 5.445544 -0.241416
v -18.666969 5.582788 -0.244795
v -18.666969 5.582788 0.244790
v -18.450132 3.824091 0.245371
v -18.395660 3.600707 0.241411
v -18.395660 3.600707 -0.241416
v -18.320171 3.370121 0.245435
v -18.320171 3.370121 -0.245440
v -18.588629 3.272321 -0.245391
v -18.588629 3.272323 0.245386
v -19.013765 3.370121 0.245435
v -19.013765 3.370121 -0.245440
v -18.745289 3.272323 -0.245391
v -18.745289 3.272323 0.245386
v -18.938278 3.600707 0.241411
v -18.938278 3.600707 -0.241416
v -18.666969 3.463461 -0.244795
v -18.666969 3.463464 0.244790
v -18.883804 5.222160 0.245371
v -18.938278 5.445544 0.241411
v -18.938278 5.445544 -0.241416
v -19.013765 5.676128 0.245435
v -19.013765 5.676128 -0.245440
v -18.745289 5.773933 -0.245391
v -18.745289 5.773931 0.245386
v -18.450132 5.222158 -0.245376
v -18.883804 3.824094 -0.245376
v -18.883804 5.222160 -0.245376
v -18.666969 5.268186 -0.254287
v -18.666969 3.778063 -0.254287
v -18.883804 3.824094 0.245371
v -18.666969 3.778066 0.254282
v -18.666969 5.268186 0.254282
v -18.450132 3.824091 -0.245376
v -18.450132 5.222160 0.245371
v -18.666969 4.523127 0.322500
v -18.498024 4.354179 0.322500
v -18.446226 4.431694 0.322500
v -18.428043 4.523127 0.322500
v -18.666969 4.284199 0.322500
v -18.575523 4.302387 0.322500
v -18.835915 4.354179 0.322500
v -18.758394 4.302387 0.322500
v -18.905895 4.523129 0.322500
v -18.887711 4.431694 0.322500
v -18.835915 4.692075 0.322500
v -18.887711 4.614560 0.322500
v -18.666969 4.762058 0.322500
v -18.758394 4.743869 0.322500
v -18.498024 4.692077 0.322500
v -18.575523 4.743869 0.322500
v -18.446226 4.614560 0.322500
v -18.225485 4.340258 -0.277354
v -18.189117 4.523127 0.277349
v -18.329079 4.185231 -0.277354
v -19.108454 4.340258 -0.277354
v -19.144821 4.523127 -0.277354
v -19.108454 4.705993 -0.277354
v -19.004860 4.861022 -0.277354
v -18.859058 4.958440 -0.261616
v -18.858864 4.960237 0.263027
v -18.225485 4.705993 -0.277354
v -18.666969 4.523127 -0.322505
v -18.428043 4.523127 -0.322505
v -18.446226 4.431694 -0.322505
v -18.498024 4.354179 -0.322505
v -18.575523 4.302385 -0.322505
v -18.666969 4.284199 -0.322505
v -18.758394 4.302387 -0.322505
v -18.835915 4.354179 -0.322505
v -18.887711 4.431694 -0.322505
v -18.905895 4.523127 -0.322505
v -18.887711 4.614560 -0.322505
v -18.835915 4.692075 -0.322505
v -18.758394 4.743867 -0.322505
v -18.666969 4.762055 -0.322505
v -18.575523 4.743867 -0.322505
v -18.498024 4.692075 -0.322505
v -18.446226 4.614560 -0.322505
v -18.189117 4.523127 -0.277354
v -18.225485 4.340258 0.277349
v -18.329079 4.185231 0.277349
v -18.473413 4.088781 -0.261465
v -18.666969 4.045270 -0.277354
v -18.666969 4.045270 0.277349
v -19.004860 4.185231 0.277349
v -18.858727 4.087590 0.261572
v -19.004860 4.185229 -0.277354
v -19.108454 4.340258 0.277349
v -19.144821 4.523127 0.277349
v -19.108454 4.705996 0.277349
v -19.004860 4.861022 0.277349
v -18.666969 5.000984 -0.277354
v -18.666969 5.000984 0.277349
v -18.329079 4.861025 0.277349
v -18.472847 4.957099 0.261460
v -18.329079 4.861022 -0.277354
v -18.225485 4.705993 0.277349
v -18.473433 4.088771 0.261460
v -18.858921 4.087719 -0.261577
v -18.472183 4.956653 -0.261470
v -18.857145 4.987922 0.245820
v -18.857145 4.987922 -0.245825
v -18.666969 5.017805 -0.257632
v -18.474781 4.986579 -0.245562
v -18.474781 4.986579 0.245557
v -18.666969 5.017807 0.257622
v -18.857046 4.063940 -0.245772
v -18.857046 4.063940 0.245762
v -18.666969 4.031833 0.257700
v -18.475288 4.065002 0.245557
v -18.475288 4.065002 -0.245562
v -18.666969 4.031830 -0.257705
v -21.820173 5.676130 0.245435
v -21.820173 5.676130 -0.245440
v -22.088631 5.773928 -0.245391
v -22.088650 5.773928 0.245386
v -21.895662 5.445547 0.241411
v -21.895662 5.445544 -0.241416
v -22.166971 5.582788 -0.244795
v -22.166971 5.582790 0.244790
v -21.950134 3.824089 0.245371
v -21.895662 3.600707 0.241411
v -21.895662 3.600707 -0.241416
v -21.820173 3.370124 0.245435
v -21.820173 3.370121 -0.245440
v -22.088631 3.272321 -0.245391
v -22.088631 3.272323 0.245386
v -22.513767 3.370121 0.245435
v -22.513767 3.370121 -0.245440
v -22.245291 3.272323 -0.245391
v -22.245291 3.272323 0.245386
v -22.438278 3.600710 0.241411
v -22.438278 3.600710 -0.241416
v -22.166971 3.463464 -0.244795
v -22.166971 3.463466 0.244790
v -22.383806 5.222163 0.245371
v -22.438278 5.445544 0.241411
v -22.438278 5.445544 -0.241416
v -22.513767 5.676130 0.245435
v -22.513767 5.676130 -0.245440
v -22.245291 5.773933 -0.245391
v -22.245291 5.773931 0.245386
v -21.950134 5.222160 -0.245376
v -22.383806 3.824096 -0.245376
v -22.383806 5.222160 -0.245376
v -22.166971 5.268186 -0.254287
v -22.166971 3.778066 -0.254287
v -22.383806 3.824096 0.245371
v -22.166971 3.778066 0.254282
v -22.166971 5.268188 0.254282
v -21.950134 3.824091 -0.245376
v -21.950134 5.222160 0.245371
v -22.166971 4.523129 0.322500
v -21.998024 4.354179 0.322500
v -21.946228 4.431694 0.322500
v -21.928045 4.523129 0.322500
v -22.166971 4.284199 0.322500
v -22.075525 4.302387 0.322500
v -22.335917 4.354179 0.322500
v -22.258396 4.302387 0.322500
v -22.405895 4.523129 0.322500
v -22.387712 4.431696 0.322500
v -22.335917 4.692075 0.322500
v -22.387712 4.614563 0.322500
v -22.166971 4.762055 0.322500
v -22.258396 4.743869 0.322500
v -21.998024 4.692077 0.322500
v -22.075525 4.743869 0.322500
v -21.946228 4.614563 0.322500
v -21.725485 4.340258 -0.277354
v -21.689119 4.523129 0.277349
v -21.829079 4.185231 -0.277354
v -22.608456 4.340258 -0.277354
v -22.644821 4.523127 -0.277354
v -22.608456 4.705993 -0.277354
v -22.504862 4.861022 -0.277354
v -22.359060 4.958440 -0.261616
v -22.358866 4.960234 0.263027
v -21.725485 4.705996 -0.277354
v -22.166971 4.523127 -0.322505
v -21.928045 4.523127 -0.322505
v -21.946228 4.431694 -0.322505
v -21.998024 4.354179 -0.322505
v -22.075525 4.302385 -0.322505
v -22.166971 4.284199 -0.322505
v -22.258396 4.302387 -0.322505
v -22.335917 4.354179 -0.322505
v -22.387712 4.431694 -0.322505
v -22.405895 4.523127 -0.322505
v -22.387712 4.614560 -0.322505
v -22.335917 4.692075 -0.322505
v -22.258396 4.743867 -0.322505
v -22.166971 4.762055 -0.322505
v -22.075525 4.743869 -0.322505
v -21.998024 4.692075 -0.322505
v -21.946228 4.614560 -0.322505
v -21.689119 4.523127 -0.277354
v -21.725485 4.340258 0.277349
v -21.829079 4.185231 0.277349
v -21.973415 4.088781 -0.261465
v -22.166971 4.045270 -0.277354
v -22.166971 4.045270 0.277349
v -22.504862 4.185231 0.277349
v -22.358728 4.087590 0.261572
v -22.504862 4.185229 -0.277354
v -22.608456 4.340258 0.277349
v -22.644821 4.523127 0.277349
v -22.608456 4.705996 0.277349
v -22.504862 4.861025 0.277349
v -22.166971 5.000984 -0.277354
v -22.166971 5.000986 0.277349
v -21.829079 4.861025 0.277349
v -21.972849 4.957099 0.261465
v -21.829079 4.861022 -0.277354
v -21.725485 4.705996 0.277349
v -21.973434 4.088771 0.261460
v -22.358923 4.087719 -0.261577
v -21.972185 4.956655 -0.261470
v -22.357145 4.987925 0.245820
v -22.357145 4.987925 -0.245825
v -22.166971 5.017805 -0.257632
v -21.974783 4.986577 -0.245562
v -21.974783 4.986579 0.245557
v -22.166971 5.017807 0.257622
v -22.357048 4.063940 -0.245772
v -22.357048 4.063940 0.245762
v -22.166971 4.031833 0.257700
v -21.975290 4.065002 0.245557
v -21.975309 4.065002 -0.245562
v -22.166971 4.031830 -0.257705
v -2.763564 8.563105 0.243574
v -3.086513 8.276300 -0.243613
v -2.772157 8.829152 0.192461
v -2.816259 8.971984 0.199995
v -3.032411 8.971989 0.199995
v -2.816298 8.972076 -0.200005
v -3.032392 8.972070 -0.200005
v -2.723974 9.121676 0.192529
v -3.076493 8.829235 -0.192534
v -2.772196 8.829240 -0.192539
v -3.076493 8.829157 0.192466
v -3.414072 8.832299 0.192471
v -3.124677 9.121691 0.192520
v -3.124599 9.121759 -0.192481
v -3.413994 8.832365 -0.192529
v -2.724071 9.121777 -0.192471
v -2.434696 8.832382 -0.192544
v -2.434579 8.832282 0.192456
v -2.781825 8.596764 0.192495
v -3.066825 8.815773 0.192495
v -3.066825 8.596764 0.192495
v -3.066825 8.815778 -0.192505
v -3.066825 8.596764 -0.192505
v -2.781825 8.815775 -0.192505
v -2.781825 8.596764 -0.192505
v -2.781825 8.815775 0.192495
v -2.763427 8.563105 -0.243584
v -3.080868 8.563117 0.243555
v -2.761005 8.276300 0.243604
v -1.012918 8.563105 0.243574
v -1.022156 8.829152 0.192461
v -1.066258 8.971984 0.199995
v -1.282391 8.971989 0.199995
v -1.066297 8.972076 -0.200005
v -1.282391 8.972070 -0.200005
v -0.974071 9.525620 -0.192471
v -0.684695 8.832382 -0.192544
v -1.326493 8.829235 -0.192534
v -1.022196 8.829240 -0.192539
v -1.326493 8.829157 0.192466
v -1.664071 8.832299 0.192471
v -1.374676 9.121691 0.192520
v -1.374598 9.121759 -0.192481
v -1.663993 8.832365 -0.192529
v -0.973973 9.121676 0.192529
v -0.974071 9.121777 -0.192471
v -0.684578 8.832284 0.192456
v -1.031824 8.596762 0.192495
v -1.316825 8.815775 0.192495
v -1.316825 8.596762 0.192495
v -1.316825 8.815775 -0.192505
v -1.316825 8.596762 -0.192505
v -1.031824 8.815775 -0.192505
v -1.031824 8.596762 -0.192505
v -1.031824 8.815775 0.192495
v -1.015086 8.563105 -0.243584
v -1.331922 8.563117 0.243555
v -1.010360 8.276300 0.243604
v -2.760868 8.276300 -0.243613
v -1.012528 8.276300 -0.243613
v -0.416883 8.276300 0.243604
v -1.336551 8.276300 -0.243613
v -1.011727 8.250631 0.228457
v -1.011727 8.250633 -0.228467
v -1.334598 8.250633 -0.228467
v -1.334598 8.250631 0.228457
v -3.414072 9.815095 0.192471
v -1.664071 9.815095 0.192471
v -2.434696 9.815012 -0.192544
v -0.973973 9.525717 0.192529
v -3.084110 8.563117 -0.243565
v -4.512529 8.276302 -0.243613
v -4.515088 8.563105 -0.243584
v -3.083290 8.276300 0.243604
v -1.011727 8.168800 0.228457
v -1.334598 8.168800 -0.228467
v -1.334325 8.276300 0.243604
v -0.416961 8.563109 0.243565
v -1.334149 8.563117 -0.243565
v -0.416883 8.276300 -0.243613
v -0.416961 8.563109 -0.243574
v -1.011727 8.168800 -0.228467
v -1.334598 8.168800 0.228457
v -2.723974 9.525720 0.192529
v -2.724071 9.525620 -0.192471
v -3.083290 10.371094 0.243604
v -3.084110 10.084279 -0.243565
v -3.076493 9.818239 0.192466
v -3.032411 9.675407 0.199995
v -2.816259 9.675412 0.199995
v -3.124677 9.525702 0.192520
v -3.124599 9.525637 -0.192481
v -3.032392 9.675324 -0.200005
v -2.816298 9.675320 -0.200005
v -2.772196 9.818156 -0.192539
v -2.772157 9.818242 0.192461
v -2.434579 9.815112 0.192456
v -3.076493 9.818161 -0.192534
v -3.413994 9.815029 -0.192529
v -3.066825 10.050632 0.192495
v -2.781825 9.831618 0.192495
v -3.066825 10.050632 -0.192505
v -3.066825 9.831618 0.192495
v -2.781825 10.050632 -0.192505
v -3.066825 9.831618 -0.192505
v -2.781825 10.050632 0.192495
v -2.781825 9.831618 -0.192505
v -3.080868 10.084279 0.243555
v -2.763564 10.084290 0.243574
v -1.331903 10.084279 0.243555
v -1.326493 9.818239 0.192466
v -1.282391 9.675407 0.199995
v -1.066239 9.675412 0.199995
v -1.374676 9.525702 0.192520
v -1.374598 9.525637 -0.192481
v -1.282391 9.675324 -0.200005
v -1.066297 9.675320 -0.200005
v -0.684676 9.815012 -0.192544
v -1.022196 9.818153 -0.192539
v -1.022156 9.818244 0.192461
v -0.684578 9.815112 0.192456
v -1.326493 9.818161 -0.192534
v -1.663993 9.815029 -0.192529
v -1.316825 10.050632 0.192495
v -1.031824 9.831618 0.192495
v -1.316825 10.050632 -0.192505
v -1.316825 9.831618 0.192495
v -1.031824 10.050632 -0.192505
v -1.316825 9.831618 -0.192505
v -1.031824 10.050632 0.192495
v -1.031824 9.831618 -0.192505
v -1.334149 10.084279 -0.243565
v -1.012918 10.084290 0.243574
v -2.763427 10.084290 -0.243584
v -2.761005 10.371094 0.243604
v -1.015086 10.084290 -0.243584
v -1.010360 10.371094 0.243604
v -0.416883 10.371094 -0.243613
v -2.760868 10.371094 -0.243613
v -1.012508 10.371094 -0.243613
v -1.042098 10.396763 0.197119
v -1.304227 10.396760 0.197119
v -1.334325 10.371094 0.243604
v -1.304227 10.396760 -0.197129
v -1.042098 10.396760 -0.197129
v -4.515088 10.084290 -0.243584
v -3.086513 10.371094 -0.243613
v -4.512920 10.084290 0.243574
v -4.510361 10.371094 0.243604
v -1.045145 10.438644 0.187681
v -1.042098 10.478594 0.197119
v -1.301121 10.438640 -0.187695
v -1.304227 10.478594 -0.197129
v -0.416961 10.084284 0.243565
v -0.416883 10.371094 0.243604
v -1.336551 10.371094 -0.243613
v -0.416961 10.084284 -0.243574
v -1.301317 10.438647 0.187666
v -1.044969 10.438647 -0.187671
v -1.334325 0.758138 0.273604
v -1.334149 0.378377 -0.273565
v -1.012918 0.378386 0.273574
v -1.015086 0.378386 -0.273584
v -1.010360 0.758138 0.273604
v -0.416883 0.758138 -0.273613
v -1.012508 0.758138 -0.273613
v -1.011727 0.783804 0.228457
v -1.334598 0.783807 0.228457
v -1.334598 0.783804 -0.228467
v -1.011727 0.783804 -0.228467
v -4.515088 0.378386 -0.273584
v -1.336551 0.758138 -0.273613
v -1.331903 0.378377 0.273555
v -4.510361 0.758138 0.273604
v -1.011727 0.865635 0.228457
v -1.334598 0.865635 -0.228467
v -0.416961 0.378382 0.273565
v -0.416883 0.758138 0.273604
v -0.416961 0.378382 -0.273574
v -1.334598 0.865635 0.228457
v -1.011727 0.865635 -0.228467
v -0.417039 10.518561 -0.365850
v -0.988660 10.518559 -0.365850
v -0.417039 10.498559 -0.345845
v -0.988660 10.498559 -0.345845
v -0.417039 10.498559 0.345840
v -0.417039 10.518561 0.365840
v -0.988660 10.518559 0.365840
v -0.417020 10.706035 0.365840
v -0.988660 10.706035 0.365840
v -0.417039 10.706033 0.499995
v -0.988660 10.706033 0.499995
v -0.417039 11.117195 0.499995
v -0.988660 11.117195 0.499995
v -0.417039 11.169485 0.479932
v -0.988660 11.169485 0.479927
v -0.417039 11.169485 -0.479937
v -0.988660 11.169485 -0.479937
v -0.417039 11.117195 -0.500005
v -0.988660 11.117195 -0.500005
v -0.417039 10.706033 -0.500005
v -0.988660 10.706033 -0.500005
v -0.417020 10.706035 -0.365850
v -4.488662 10.518559 -0.365845
v -1.357664 10.706035 -0.365850
v -4.488662 10.498557 -0.345845
v -1.357664 10.498559 0.345840
v -4.488662 10.518559 0.365840
v -4.488662 10.706038 0.365840
v -4.488662 10.706033 0.499995
v -4.488662 11.117195 0.499995
v -4.488662 11.169480 0.479932
v -4.488662 11.169480 -0.479937
v -4.488662 11.117195 -0.500005
v -4.488662 10.706033 -0.500005
v -0.988660 10.706035 -0.365850
v -1.042098 10.478591 -0.197129
v -1.304227 10.478594 0.197119
v -6.263565 8.563107 0.243574
v -6.586514 8.276302 -0.243613
v -6.272159 8.829152 0.192461
v -6.316260 8.971987 0.199995
v -6.532413 8.971992 0.199995
v -6.316299 8.972076 -0.200005
v -6.532393 8.972072 -0.200005
v -6.223975 9.121676 0.192529
v -6.576495 8.829237 -0.192534
v -6.272198 8.829242 -0.192539
v -6.576495 8.829157 0.192466
v -6.914073 8.832301 0.192471
v -6.624678 9.121694 0.192520
v -6.624600 9.121759 -0.192481
v -6.913995 8.832367 -0.192529
v -6.224072 9.121777 -0.192466
v -5.934698 8.832384 -0.192544
v -5.934580 8.832284 0.192456
v -6.281826 8.596764 0.192495
v -6.566827 8.815775 0.192495
v -6.566827 8.596764 0.192495
v -6.566827 8.815775 -0.192505
v -6.566827 8.596764 -0.192505
v -6.281826 8.815775 -0.192505
v -6.281826 8.596764 -0.192505
v -6.281826 8.815775 0.192495
v -6.263428 8.563105 -0.243584
v -6.580870 8.563114 0.243555
v -6.261006 8.276302 0.243604
v -4.522158 8.829152 0.192461
v -4.566260 8.971984 0.199995
v -4.782412 8.971989 0.199995
v -4.474072 9.525620 -0.192471
v -4.184697 8.832382 -0.192544
v -4.566298 8.972076 -0.200005
v -4.826494 8.829235 -0.192534
v -4.782393 8.972070 -0.200005
v -4.522197 8.829240 -0.192539
v -4.826494 8.829157 0.192466
v -5.164072 8.832301 0.192471
v -4.874678 9.121694 0.192520
v -4.874599 9.121759 -0.192481
v -5.163994 8.832367 -0.192529
v -4.473974 9.121676 0.192529
v -4.474072 9.121774 -0.192471
v -4.184580 8.832282 0.192456
v -4.816826 8.596764 0.192495
v -4.816826 8.815775 -0.192505
v -4.531826 8.596764 -0.192505
v -4.531826 8.815775 0.192495
v -4.816826 8.815775 0.192495
v -4.531826 8.596764 0.192495
v -4.816826 8.596764 -0.192505
v -4.531826 8.815775 -0.192505
v -4.831924 8.563114 0.243555
v -4.510361 8.276302 0.243604
v -6.260870 8.276302 -0.243613
v -4.512920 8.563105 0.243574
v -4.511728 8.250631 0.228457
v -4.511728 8.250631 -0.228467
v -4.834599 8.250633 -0.228467
v -4.834599 8.250633 0.228457
v -4.836553 8.276302 -0.243613
v -6.914073 9.815095 0.192471
v -5.164072 9.815095 0.192471
v -5.934698 9.815012 -0.192544
v -4.473974 9.525717 0.192529
v -6.584112 8.563114 -0.243565
v -8.012530 8.276302 -0.243613
v -8.015089 8.563107 -0.243584
v -6.583292 8.276302 0.243604
v -4.511728 8.168800 0.228457
v -4.834599 8.168802 -0.228467
v -4.834326 8.276302 0.243604
v -4.834150 8.563114 -0.243565
v -4.511728 8.168802 -0.228467
v -4.834599 8.168802 0.228457
v -6.223975 9.525720 0.192529
v -6.224072 9.525620 -0.192471
v -6.583292 10.371096 0.243604
v -6.584112 10.084279 -0.243565
v -6.576495 9.818239 0.192466
v -6.532413 9.675407 0.199995
v -6.316260 9.675412 0.199995
v -6.624678 9.525702 0.192520
v -6.624600 9.525637 -0.192481
v -6.532393 9.675324 -0.200005
v -6.316299 9.675320 -0.200005
v -6.272198 9.818156 -0.192539
v -6.272159 9.818244 0.192461
v -5.934580 9.815112 0.192456
v -6.576495 9.818161 -0.192534
v -6.913995 9.815029 -0.192529
v -6.566827 10.050632 0.192495
v -6.281826 9.831618 0.192495
v -6.566827 10.050632 -0.192505
v -6.566827 9.831618 0.192495
v -6.281826 10.050632 -0.192505
v -6.566827 9.831618 -0.192505
v -6.281826 10.050632 0.192495
v -6.281826 9.831618 -0.192505
v -6.580870 10.084282 0.243555
v -6.263565 10.084290 0.243574
v -4.831904 10.084279 0.243555
v -4.826494 9.818239 0.192466
v -4.782393 9.675407 0.199995
v -4.566240 9.675409 0.199995
v -4.184678 9.815012 -0.192544
v -4.566298 9.675320 -0.200005
v -4.522197 9.818156 -0.192539
v -4.782393 9.675324 -0.200005
v -4.874599 9.525634 -0.192481
v -4.522158 9.818244 0.192461
v -4.184580 9.815109 0.192456
v -4.826494 9.818161 -0.192534
v -5.163994 9.815026 -0.192529
v -4.874678 9.525702 0.192520
v -4.816826 10.050632 0.192495
v -4.531826 9.831618 0.192495
v -4.816826 10.050632 -0.192505
v -4.816826 9.831618 0.192495
v -4.531826 10.050632 -0.192505
v -4.816826 9.831618 -0.192505
v -4.531826 10.050632 0.192495
v -4.531826 9.831618 -0.192505
v -4.834150 10.084279 -0.243565
v -6.263428 10.084290 -0.243584
v -6.261006 10.371094 0.243604
v -6.260870 10.371094 -0.243613
v -4.512529 10.371094 -0.243613
v -4.542099 10.396760 0.197119
v -4.834326 10.371094 0.243604
v -4.804228 10.396760 -0.197129
v -8.015089 10.084291 -0.243584
v -6.586514 10.371096 -0.243613
v -8.012921 10.084291 0.243574
v -8.010363 10.371096 0.243604
v -4.804228 10.396760 0.197119
v -4.545146 10.438644 0.187681
v -4.542099 10.478594 0.197119
v -4.542099 10.396760 -0.197129
v -4.801123 10.438640 -0.187695
v -4.804228 10.478591 -0.197129
v -4.836553 10.371094 -0.243613
v -4.801318 10.438644 0.187666
v -4.544971 10.438647 -0.187671
v -4.834326 0.758138 0.273604
v -4.512920 0.378386 0.273574
v -4.512529 0.758138 -0.273613
v -8.015089 0.378389 -0.273584
v -4.836553 0.758138 -0.273613
v -4.831924 0.378377 0.273555
v -8.010363 0.758138 0.273604
v -4.834599 0.783807 0.228457
v -4.511728 0.783807 0.228457
v -4.511728 0.865638 0.228457
v -4.511728 0.783804 -0.228467
v -4.834599 0.783807 -0.228467
v -4.834599 0.865638 -0.228467
v -4.834150 0.378377 -0.273565
v -4.834599 0.865638 0.228457
v -4.511728 0.865638 -0.228467
v -7.988663 10.518561 -0.365845
v -4.857666 10.706035 -0.365845
v -7.988663 10.498562 -0.345845
v -4.857666 10.498559 0.345840
v -7.988663 10.518561 0.365840
v -7.988663 10.706038 0.365840
v -7.988663 10.706033 0.499995
v -7.988663 11.117195 0.499995
v -7.988663 11.169485 0.479932
v -7.988663 11.169485 -0.479937
v -7.988663 11.117195 -0.500005
v -7.988663 10.706033 -0.500005
v -4.488662 10.706038 -0.365845
v -4.488662 10.498557 0.345840
v -4.542099 10.478594 -0.197129
v -4.804228 10.478591 0.197119
v -9.763566 8.563107 0.243574
v -10.086515 8.276302 -0.243613
v -9.772161 8.829152 0.192461
v -9.816261 8.971984 0.199995
v -10.032414 8.971992 0.199995
v -9.816300 8.972076 -0.200005
v -10.032394 8.972072 -0.200005
v -9.723996 9.121676 0.192534
v -10.076496 8.829237 -0.192534
v -9.772200 8.829242 -0.192539
v -10.076496 8.829157 0.192466
v -10.414075 8.832301 0.192471
v -10.124680 9.121694 0.192520
v -10.124601 9.121762 -0.192481
v -10.413997 8.832367 -0.192529
v -9.724074 9.121777 -0.192466
v -9.434699 8.832384 -0.192544
v -9.434582 8.832284 0.192456
v -9.781828 8.596764 0.192495
v -10.066828 8.815778 0.192495
v -10.066828 8.596764 0.192495
v -10.066828 8.815778 -0.192505
v -10.066828 8.596764 -0.192505
v -9.781828 8.815775 -0.192505
v -9.781828 8.596764 -0.192505
v -9.781828 8.815775 0.192495
v -9.763430 8.563107 -0.243584
v -10.080872 8.563117 0.243555
v -9.761007 8.276302 0.243604
v -8.012921 8.563107 0.243574
v -7.974073 9.525620 -0.192466
v -7.684698 8.832384 -0.192544
v -8.022160 8.829152 0.192461
v -8.066261 8.971984 0.199995
v -8.282413 8.971989 0.199995
v -8.066300 8.972076 -0.200005
v -8.326495 8.829237 -0.192534
v -8.282393 8.972072 -0.200005
v -8.022199 8.829242 -0.192539
v -8.326495 8.829157 0.192466
v -8.664074 8.832301 0.192471
v -8.374679 9.121694 0.192520
v -8.374600 9.121759 -0.192481
v -8.663996 8.832367 -0.192529
v -7.973976 9.121679 0.192534
v -7.974073 9.121777 -0.192466
v -7.684581 8.832284 0.192456
v -8.031827 8.596764 0.192495
v -8.316828 8.815775 0.192495
v -8.316828 8.596764 0.192495
v -8.316828 8.815775 -0.192505
v -8.031827 8.596764 -0.192505
v -8.031827 8.815775 0.192495
v -8.031827 8.815775 -0.192505
v -8.316828 8.596764 -0.192505
v -8.331925 8.563117 0.243555
v -8.010363 8.276302 0.243604
v -9.760871 8.276302 -0.243613
v -8.011729 8.250633 0.228457
v -8.011729 8.250633 -0.228467
v -8.334600 8.250633 -0.228467
v -8.334600 8.250633 0.228457
v -10.414075 9.815095 0.192471
v -8.664074 9.815095 0.192471
v -9.434699 9.815012 -0.192544
v -7.973995 9.525720 0.192529
v -10.084113 8.563117 -0.243565
v -11.512532 8.276302 -0.243613
v -11.515091 8.563107 -0.243584
v -10.083293 8.276302 0.243604
v -8.011729 8.168800 0.228457
v -8.334600 8.168802 -0.228467
v -8.334328 8.276302 0.243604
v -8.334151 8.563117 -0.243565
v -8.336554 8.276302 -0.243613
v -8.011729 8.168802 -0.228467
v -8.334600 8.168802 0.228457
v -9.723996 9.525720 0.192534
v -9.724074 9.525620 -0.192466
v -10.083293 10.371096 0.243604
v -10.084113 10.084279 -0.243565
v -10.076496 9.818239 0.192466
v -10.032414 9.675407 0.199995
v -9.816261 9.675412 0.199995
v -10.124680 9.525705 0.192520
v -10.124601 9.525637 -0.192481
v -10.032394 9.675326 -0.200005
v -9.816300 9.675320 -0.200005
v -9.772200 9.818156 -0.192539
v -9.772161 9.818244 0.192461
v -9.434582 9.815112 0.192456
v -10.076496 9.818161 -0.192534
v -10.413997 9.815031 -0.192529
v -10.066828 10.050632 0.192495
v -9.781828 9.831620 0.192495
v -10.066828 10.050632 -0.192505
v -10.066828 9.831618 0.192495
v -9.781828 10.050632 -0.192505
v -10.066828 9.831618 -0.192505
v -9.781828 10.050632 0.192495
v -9.781828 9.831620 -0.192505
v -10.080872 10.084279 0.243555
v -9.763566 10.084291 0.243574
v -8.326495 9.818239 0.192466
v -8.282393 9.675407 0.199995
v -8.066241 9.675412 0.199995
v -8.374679 9.525705 0.192520
v -7.684698 9.815012 -0.192544
v -8.066300 9.675320 -0.200005
v -8.022199 9.818156 -0.192539
v -8.282393 9.675326 -0.200005
v -8.374600 9.525637 -0.192481
v -8.022160 9.818244 0.192461
v -7.684581 9.815112 0.192456
v -8.326495 9.818161 -0.192534
v -8.663996 9.815031 -0.192529
v -8.316828 10.050632 0.192495
v -8.031827 9.831620 0.192495
v -8.316828 10.050632 -0.192505
v -8.316828 9.831618 0.192495
v -8.031827 10.050632 0.192495
v -8.031827 9.831620 -0.192505
v -8.316828 9.831618 -0.192505
v -8.031827 10.050632 -0.192505
v -8.334151 10.084282 -0.243565
v -8.331925 10.084279 0.243555
v -9.763430 10.084291 -0.243584
v -9.761007 10.371096 0.243604
v -9.760871 10.371096 -0.243613
v -8.012530 10.371096 -0.243613
v -8.042101 10.396763 0.197119
v -8.334328 10.371096 0.243604
v -8.304230 10.396760 -0.197129
v -11.515091 10.084291 -0.243584
v -10.086515 10.371096 -0.243613
v -11.512922 10.084291 0.243574
v -11.510364 10.371096 0.243604
v -8.304230 10.396763 0.197119
v -8.045148 10.438644 0.187681
v -8.042101 10.478594 0.197119
v -8.042101 10.396763 -0.197129
v -8.301125 10.438640 -0.187691
v -8.304230 10.478594 -0.197129
v -8.336554 10.371096 -0.243613
v -8.044971 10.438647 -0.187671
v -8.301319 10.438647 0.187666
v -8.334151 0.378377 -0.273565
v -8.012921 0.378389 0.273574
v -8.334328 0.758138 0.273604
v -8.012530 0.758138 -0.273613
v -11.515091 0.378389 -0.273584
v -8.336554 0.758138 -0.273613
v -8.331925 0.378377 0.273555
v -11.510364 0.758138 0.273604
v -8.334600 0.783807 0.228457
v -8.011729 0.783807 0.228457
v -8.011729 0.865638 0.228457
v -8.011729 0.783807 -0.228467
v -8.334600 0.783807 -0.228467
v -8.334600 0.865638 -0.228467
v -8.334600 0.865638 0.228457
v -8.011729 0.865638 -0.228467
v -11.488665 10.518561 -0.365845
v -8.357667 10.706038 -0.365845
v -11.488665 10.498562 -0.345845
v -8.357667 10.498562 0.345840
v -11.488665 10.518561 0.365840
v -11.488665 10.706038 0.365840
v -11.488665 10.706033 0.499995
v -11.488665 11.117195 0.499995
v -11.488665 11.169485 0.479932
v -11.488665 11.169485 -0.479937
v -11.488665 11.117195 -0.500005
v -11.488665 10.706033 -0.500005
v -7.988663 10.706038 -0.365845
v -7.988663 10.498562 0.345840
v -8.042101 10.478594 -0.197129
v -8.304230 10.478594 0.197119
v -13.263568 8.563107 0.243574
v -13.586517 8.276302 -0.243613
v -13.272161 8.829154 0.192461
v -13.316263 8.971984 0.199995
v -13.532415 8.971989 0.199995
v -13.316302 8.972076 -0.200005
v -13.532396 8.972072 -0.200005
v -13.223997 9.121676 0.192534
v -13.576498 8.829235 -0.192534
v -13.272201 8.829240 -0.192539
v -13.576498 8.829157 0.192466
v -13.914076 8.832301 0.192471
v -13.624681 9.121694 0.192520
v -13.624603 9.121762 -0.192481
v -13.913998 8.832367 -0.192529
v -13.224095 9.121777 -0.192466
v -12.934701 8.832384 -0.192544
v -12.934603 8.832284 0.192456
v -13.281830 8.596764 0.192495
v -13.566830 8.815778 0.192495
v -13.566830 8.596764 0.192495
v -13.566830 8.815778 -0.192505
v -13.566830 8.596764 -0.192505
v -13.281830 8.815778 -0.192505
v -13.281830 8.596764 -0.192505
v -13.281830 8.815778 0.192495
v -13.263432 8.563107 -0.243584
v -13.580873 8.563117 0.243560
v -13.261009 8.276302 0.243604
v -11.512922 8.563107 0.243574
v -11.522161 8.829154 0.192461
v -11.566262 8.971984 0.199995
v -11.782414 8.971992 0.199995
v -11.566301 8.972076 -0.200005
v -11.782395 8.972072 -0.200005
v -11.474075 9.525620 -0.192466
v -11.184700 8.832384 -0.192544
v -11.826497 8.829237 -0.192534
v -11.522200 8.829242 -0.192539
v -11.826497 8.829157 0.192466
v -12.164075 8.832301 0.192471
v -11.874681 9.121694 0.192520
v -11.874602 9.121762 -0.192481
v -12.163997 8.832367 -0.192529
v -11.473997 9.121676 0.192534
v -11.474075 9.121777 -0.192466
v -11.184583 8.832284 0.192456
v -11.531829 8.596764 0.192495
v -11.816829 8.815778 0.192495
v -11.816829 8.596764 0.192495
v -11.816829 8.815778 -0.192505
v -11.816829 8.596764 -0.192505
v -11.531829 8.815778 -0.192505
v -11.531829 8.596764 -0.192505
v -11.531829 8.815778 0.192495
v -11.831926 8.563117 0.243555
v -11.510364 8.276302 0.243604
v -13.260873 8.276302 -0.243613
v -11.836576 8.276302 -0.243613
v -11.511731 8.250633 0.228457
v -11.511731 8.250633 -0.228467
v -11.834602 8.250633 -0.228467
v -11.834602 8.250633 0.228457
v -13.914076 9.815097 0.192471
v -12.164075 9.815095 0.192471
v -12.934701 9.815012 -0.192544
v -11.473997 9.525720 0.192534
v -13.584115 8.563117 -0.243565
v -15.012533 8.276302 -0.243613
v -15.015092 8.563107 -0.243584
v -13.583295 8.276302 0.243609
v -11.511731 8.168800 0.228457
v -11.834602 8.168802 -0.228467
v -11.834329 8.276302 0.243604
v -11.834153 8.563117 -0.243565
v -11.511731 8.168802 -0.228467
v -11.834602 8.168800 0.228457
v -13.223997 9.525720 0.192534
v -13.224095 9.525620 -0.192466
v -13.583295 10.371096 0.243604
v -13.584115 10.084279 -0.243565
v -13.576498 9.818239 0.192466
v -13.532415 9.675407 0.199995
v -13.316263 9.675412 0.199995
v -13.624681 9.525702 0.192520
v -13.624603 9.525637 -0.192481
v -13.532396 9.675329 -0.200005
v -13.316302 9.675320 -0.200005
v -13.272201 9.818156 -0.192539
v -13.272161 9.818244 0.192461
v -12.934603 9.815114 0.192456
v -13.576498 9.818161 -0.192534
v -13.913998 9.815031 -0.192529
v -13.566830 10.050634 0.192495
v -13.281830 9.831620 0.192495
v -13.566830 10.050634 -0.192505
v -13.566830 9.831620 0.192495
v -13.281830 10.050632 -0.192505
v -13.566830 9.831620 -0.192505
v -13.281830 10.050632 0.192495
v -13.281830 9.831620 -0.192505
v -13.580873 10.084279 0.243555
v -13.263568 10.084291 0.243574
v -11.831926 10.084279 0.243555
v -11.826497 9.818239 0.192466
v -11.782395 9.675407 0.199995
v -11.566262 9.675412 0.199995
v -11.874681 9.525705 0.192520
v -11.874602 9.525637 -0.192481
v -11.782395 9.675326 -0.200005
v -11.566301 9.675322 -0.200005
v -11.184700 9.815014 -0.192544
v -11.522200 9.818156 -0.192539
v -11.522161 9.818244 0.192461
v -11.184583 9.815114 0.192456
v -11.826497 9.818161 -0.192534
v -12.163997 9.815031 -0.192529
v -11.816829 10.050632 0.192495
v -11.531829 9.831620 0.192495
v -11.816829 10.050632 -0.192505
v -11.816829 9.831620 0.192495
v -11.531829 10.050632 -0.192505
v -11.816829 9.831620 -0.192505
v -11.531829 10.050632 0.192495
v -11.531829 9.831620 -0.192505
v -11.834153 10.084279 -0.243565
v -13.263432 10.084291 -0.243584
v -13.261009 10.371096 0.243604
v -13.260873 10.371096 -0.243613
v -11.512532 10.371096 -0.243613
v -11.542102 10.396763 0.197119
v -11.804232 10.396763 0.197119
v -11.834329 10.371096 0.243604
v -11.804232 10.396760 -0.197129
v -11.542102 10.396763 -0.197129
v -15.015092 10.084291 -0.243584
v -13.586517 10.371096 -0.243613
v -15.012924 10.084291 0.243574
v -15.010386 10.371096 0.243609
v -11.545149 10.438644 0.187681
v -11.542102 10.478596 0.197124
v -11.801126 10.438643 -0.187691
v -11.804232 10.478594 -0.197129
v -11.836555 10.371096 -0.243613
v -11.801321 10.438647 0.187666
v -11.544973 10.438647 -0.187671
v -11.834329 0.758138 0.273604
v -11.834153 0.378377 -0.273565
v -11.512922 0.378389 0.273574
v -11.512532 0.758138 -0.273613
v -11.511731 0.783807 0.228457
v -11.834602 0.783807 0.228457
v -11.834602 0.783804 -0.228467
v -11.511731 0.783804 -0.228467
v -15.015092 0.378389 -0.273584
v -11.836555 0.758138 -0.273613
v -11.831926 0.378377 0.273555
v -15.010386 0.758138 0.273604
v -11.511731 0.865638 0.228457
v -11.834602 0.865638 -0.228467
v -11.834602 0.865638 0.228457
v -11.511731 0.865638 -0.228467
v -14.988686 10.518561 -0.365845
v -11.857669 10.706038 -0.365845
v -14.988686 10.498562 -0.345845
v -11.857669 10.498562 0.345840
v -14.988686 10.518561 0.365840
v -14.988686 10.706038 0.365840
v -14.988686 10.706033 0.499995
v -14.988686 11.117195 0.499995
v -14.988686 11.169485 0.479932
v -14.988686 11.169485 -0.479937
v -14.988686 11.117195 -0.500005
v -14.988686 10.706033 -0.500005
v -11.488665 10.706038 -0.365845
v -11.488665 10.498562 0.345840
v -11.542102 10.478596 -0.197129
v -11.804232 10.478594 0.197124
v -16.763569 8.563107 0.243579
v -17.086519 8.276302 -0.243613
v -16.772163 8.829154 0.192461
v -16.816265 8.971987 0.199995
v -17.032417 8.971992 0.199995
v -16.816303 8.972076 -0.200005
v -17.032398 8.972072 -0.200005
v -16.723999 9.121679 0.192534
v -17.076500 8.829237 -0.192534
v -16.772202 8.829242 -0.192539
v -17.076519 8.829159 0.192466
v -17.414078 8.832301 0.192471
v -17.124683 9.121696 0.192520
v -17.124624 9.121762 -0.192481
v -17.414000 8.832370 -0.192529
v -16.724096 9.121778 -0.192466
v -16.434702 8.832387 -0.192544
v -16.434605 8.832287 0.192456
v -16.781832 8.596764 0.192495
v -17.066832 8.815778 0.192495
v -17.066832 8.596764 0.192495
v -17.066832 8.815778 -0.192505
v -17.066832 8.596764 -0.192505
v -16.781832 8.815778 -0.192505
v -16.781832 8.596764 -0.192505
v -16.781832 8.815778 0.192495
v -16.763433 8.563107 -0.243584
v -17.080894 8.563117 0.243560
v -16.761011 8.276302 0.243609
v -15.012924 8.563107 0.243574
v -15.022162 8.829154 0.192461
v -15.066264 8.971984 0.199995
v -15.282416 8.971992 0.199995
v -15.066303 8.972076 -0.200005
v -15.282397 8.972072 -0.200005
v -14.974096 9.525622 -0.192466
v -14.684701 8.832384 -0.192544
v -15.326498 8.829237 -0.192534
v -15.022202 8.829242 -0.192539
v -15.326518 8.829159 0.192466
v -15.664077 8.832301 0.192471
v -15.374682 9.121696 0.192520
v -15.374623 9.121759 -0.192481
v -15.663999 8.832370 -0.192529
v -14.973998 9.121679 0.192534
v -14.974096 9.121777 -0.192466
v -14.684604 8.832284 0.192456
v -15.031831 8.596764 0.192495
v -15.316831 8.815778 0.192495
v -15.316831 8.596764 0.192495
v -15.316831 8.815778 -0.192505
v -15.316831 8.596764 -0.192505
v -15.031831 8.815778 -0.192505
v -15.031831 8.596764 -0.192505
v -15.031831 8.815778 0.192495
v -15.331928 8.563117 0.243560
v -15.010386 8.276302 0.243609
v -16.760874 8.276302 -0.243613
v -15.336576 8.276305 -0.243613
v -15.011733 8.250633 0.228457
v -15.011733 8.250633 -0.228467
v -15.334604 8.250636 -0.228467
v -15.334604 8.250636 0.228457
v -17.414078 9.815097 0.192471
v -15.664077 9.815095 0.192471
v -16.434702 9.815014 -0.192544
v -14.973998 9.525720 0.192534
v -17.084116 8.563117 -0.243565
v -18.512535 8.276302 -0.243613
v -18.515093 8.563107 -0.243584
v -17.083296 8.276302 0.243609
v -15.011733 8.168802 0.228457
v -15.334604 8.168802 -0.228467
v -15.334331 8.276302 0.243609
v -15.334174 8.563117 -0.243565
v -15.011733 8.168802 -0.228467
v -15.334604 8.168802 0.228457
v -16.723999 9.525720 0.192534
v -16.724096 9.525622 -0.192466
v -17.083296 10.371096 0.243609
v -17.084116 10.084282 -0.243565
v -17.076519 9.818239 0.192466
v -17.032417 9.675407 0.199995
v -16.816265 9.675412 0.199995
v -17.124683 9.525705 0.192520
v -17.124624 9.525637 -0.192481
v -17.032398 9.675329 -0.200005
v -16.816303 9.675322 -0.200005
v -16.772202 9.818156 -0.192539
v -16.772163 9.818244 0.192461
v -16.434605 9.815114 0.192456
v -17.076500 9.818161 -0.192534
v -17.414019 9.815031 -0.192529
v -17.066832 10.050634 0.192495
v -16.781832 9.831623 0.192495
v -17.066832 10.050634 -0.192505
v -17.066832 9.831620 0.192495
v -16.781832 10.050634 -0.192505
v -17.066832 9.831620 -0.192505
v -16.781832 10.050634 0.192495
v -16.781832 9.831623 -0.192505
v -17.080894 10.084282 0.243560
v -16.763569 10.084294 0.243574
v -15.331928 10.084282 0.243555
v -15.326498 9.818239 0.192466
v -15.282416 9.675407 0.199995
v -15.066264 9.675412 0.199995
v -15.374682 9.525705 0.192520
v -15.374623 9.525637 -0.192481
v -15.282397 9.675329 -0.200005
v -15.066303 9.675322 -0.200005
v -14.684701 9.815014 -0.192544
v -15.022202 9.818156 -0.192539
v -15.022162 9.818244 0.192461
v -14.684604 9.815114 0.192456
v -15.326498 9.818161 -0.192534
v -15.663999 9.815031 -0.192529
v -15.316831 10.050632 0.192495
v -15.031831 9.831620 0.192495
v -15.316831 10.050632 -0.192505
v -15.316831 9.831620 0.192495
v -15.031831 10.050634 -0.192505
v -15.316831 9.831620 -0.192505
v -15.031831 10.050634 0.192495
v -15.031831 9.831620 -0.192505
v -15.334174 10.084282 -0.243565
v -16.763433 10.084294 -0.243584
v -16.761011 10.371096 0.243609
v -16.760874 10.371096 -0.243613
v -15.012533 10.371096 -0.243613
v -15.042104 10.396763 0.197124
v -15.304233 10.396763 0.197124
v -15.334331 10.371096 0.243609
v -15.304233 10.396760 -0.197129
v -15.042104 10.396763 -0.197129
v -18.515093 10.084294 -0.243584
v -17.086519 10.371096 -0.243613
v -18.512926 10.084294 0.243574
v -18.510387 10.371096 0.243609
v -15.045151 10.438644 0.187681
v -15.042104 10.478596 0.197124
v -15.301127 10.438643 -0.187691
v -15.304233 10.478594 -0.197129
v -15.336576 10.371096 -0.243613
v -15.301323 10.438647 0.187666
v -15.044975 10.438649 -0.187666
v -15.334331 0.758138 0.273604
v -15.334155 0.378379 -0.273565
v -15.012924 0.378389 0.273574
v -15.012533 0.758140 -0.273613
v -15.011733 0.783807 0.228457
v -15.334604 0.783807 0.228457
v -15.334604 0.783807 -0.228467
v -15.011733 0.783807 -0.228467
v -18.515093 0.378391 -0.273584
v -15.336576 0.758138 -0.273613
v -15.331928 0.378379 0.273555
v -18.510387 0.758140 0.273604
v -15.011733 0.865640 0.228457
v -15.334604 0.865638 -0.228467
v -15.334604 0.865638 0.228457
v -15.011733 0.865638 -0.228467
v -18.488688 10.518561 -0.365845
v -15.357671 10.706038 -0.365845
v -18.488688 10.498562 -0.345845
v -15.357671 10.498562 0.345840
v -18.488688 10.518561 0.365840
v -18.488688 10.706038 0.365840
v -18.488688 10.706035 0.499995
v -18.488688 11.117200 0.499995
v -18.488688 11.169485 0.479932
v -18.488688 11.169485 -0.479937
v -18.488688 11.117200 -0.500005
v -18.488688 10.706035 -0.500005
v -14.988686 10.706038 -0.365845
v -14.988686 10.498562 0.345840
v -15.042104 10.478596 -0.197129
v -15.304233 10.478594 0.197124
v -20.263571 8.563107 0.243579
v -20.586521 8.276302 -0.243613
v -20.272165 8.829154 0.192461
v -20.316267 8.971987 0.199995
v -20.532419 8.971992 0.199995
v -20.316305 8.972076 -0.200005
v -20.532400 8.972072 -0.200005
v -20.224001 9.121679 0.192534
v -20.576500 8.829237 -0.192534
v -20.272203 8.829242 -0.192534
v -20.576521 8.829159 0.192466
v -20.914080 8.832301 0.192471
v -20.624685 9.121696 0.192520
v -20.624626 9.121762 -0.192481
v -20.914021 8.832367 -0.192529
v -20.224098 9.121778 -0.192466
v -19.934704 8.832384 -0.192539
v -19.934607 8.832287 0.192456
v -20.281834 8.596764 0.192495
v -20.566833 8.815778 0.192495
v -20.566833 8.596764 0.192495
v -20.566833 8.815778 -0.192505
v -20.566833 8.596764 -0.192505
v -20.281834 8.815778 -0.192505
v -20.281834 8.596764 -0.192505
v -20.281834 8.815778 0.192495
v -20.263433 8.563107 -0.243584
v -20.580894 8.563117 0.243560
v -20.261013 8.276302 0.243609
v -18.512926 8.563107 0.243579
v -18.522163 8.829154 0.192461
v -18.566265 8.971987 0.199995
v -18.782417 8.971992 0.199995
v -18.566305 8.972076 -0.200005
v -18.782398 8.972072 -0.200005
v -18.474098 9.525622 -0.192466
v -18.184704 8.832384 -0.192544
v -18.826500 8.829237 -0.192534
v -18.522203 8.829242 -0.192539
v -18.826519 8.829159 0.192466
v -19.164078 8.832301 0.192471
v -18.874683 9.121696 0.192520
v -18.874624 9.121762 -0.192481
v -19.164021 8.832370 -0.192529
v -18.473999 9.121679 0.192534
v -18.474098 9.121778 -0.192466
v -18.184605 8.832287 0.192456
v -18.531832 8.596766 0.192495
v -18.816832 8.815778 0.192495
v -18.816832 8.596764 0.192495
v -18.816832 8.815778 -0.192505
v -18.816832 8.596764 -0.192505
v -18.531832 8.815778 -0.192505
v -18.531832 8.596766 -0.192505
v -18.531832 8.815778 0.192495
v -18.831930 8.563119 0.243560
v -18.510387 8.276302 0.243609
v -20.260876 8.276302 -0.243613
v -18.836578 8.276302 -0.243613
v -18.511734 8.250636 0.228457
v -18.511734 8.250636 -0.228467
v -18.834606 8.250636 -0.228467
v -18.834606 8.250636 0.228457
v -20.914080 9.815097 0.192471
v -19.164078 9.815097 0.192471
v -19.934704 9.815014 -0.192544
v -18.473999 9.525720 0.192534
v -20.584118 8.563119 -0.243565
v -22.012537 8.276305 -0.243613
v -22.015095 8.563107 -0.243584
v -20.583298 8.276305 0.243609
v -18.511734 8.168802 0.228457
v -18.834606 8.168802 -0.228467
v -18.834332 8.276302 0.243609
v -18.834175 8.563117 -0.243565
v -18.511734 8.168802 -0.228467
v -18.834606 8.168802 0.228457
v -20.224001 9.525720 0.192534
v -20.224098 9.525622 -0.192466
v -20.583298 10.371096 0.243609
v -20.584118 10.084282 -0.243565
v -20.576521 9.818239 0.192466
v -20.532419 9.675407 0.199995
v -20.316267 9.675412 0.199995
v -20.624685 9.525705 0.192520
v -20.624626 9.525637 -0.192481
v -20.532400 9.675329 -0.200005
v -20.316305 9.675324 -0.200005
v -20.272203 9.818156 -0.192539
v -20.272165 9.818244 0.192461
v -19.934607 9.815114 0.192456
v -20.576500 9.818161 -0.192534
v -20.914021 9.815031 -0.192529
v -20.566833 10.050634 0.192495
v -20.281834 9.831623 0.192495
v -20.566833 10.050634 -0.192505
v -20.566833 9.831623 0.192495
v -20.281834 10.050634 -0.192505
v -20.566833 9.831623 -0.192505
v -20.281834 10.050634 0.192495
v -20.281834 9.831623 -0.192505
v -20.580894 10.084282 0.243560
v -20.263571 10.084294 0.243579
v -18.831930 10.084282 0.243560
v -18.826519 9.818239 0.192466
v -18.782417 9.675407 0.199995
v -18.566265 9.675414 0.199995
v -18.874683 9.525705 0.192520
v -18.874624 9.525637 -0.192481
v -18.782398 9.675326 -0.200005
v -18.566305 9.675322 -0.200005
v -18.184704 9.815014 -0.192544
v -18.522203 9.818156 -0.192539
v -18.522163 9.818247 0.192461
v -18.184605 9.815114 0.192456
v -18.826500 9.818161 -0.192534
v -19.164000 9.815031 -0.192529
v -18.816832 10.050634 0.192495
v -18.531832 9.831623 0.192495
v -18.816832 10.050634 -0.192505
v -18.816832 9.831620 0.192495
v -18.531832 10.050634 -0.192505
v -18.816832 9.831620 -0.192505
v -18.531832 10.050634 0.192495
v -18.531832 9.831623 -0.192505
v -18.834175 10.084282 -0.243565
v -20.263433 10.084294 -0.243584
v -20.261013 10.371096 0.243609
v -20.260876 10.371096 -0.243613
v -18.512535 10.371096 -0.243613
v -18.542105 10.396763 0.197124
v -18.804234 10.396763 0.197124
v -18.834332 10.371096 0.243609
v -18.804234 10.396763 -0.197129
v -18.542105 10.396763 -0.197129
v -22.015095 10.084294 -0.243584
v -20.586521 10.371096 -0.243613
v -22.012928 10.084294 0.243579
v -22.010387 10.371096 0.243609
v -18.545153 10.438644 0.187681
v -18.542105 10.478596 0.197124
v -18.801149 10.438643 -0.187691
v -18.804234 10.478596 -0.197129
v -18.836578 10.371096 -0.243613
v -18.801325 10.438647 0.187666
v -18.544977 10.438647 -0.187666
v -18.834332 0.758140 0.273604
v -18.834156 0.378379 -0.273565
v -18.512926 0.378391 0.273574
v -18.512535 0.758140 -0.273613
v -18.511734 0.783807 0.228457
v -18.834606 0.783807 0.228457
v -18.834606 0.783807 -0.228467
v -18.511734 0.783807 -0.228467
v -22.015095 0.378391 -0.273584
v -18.836578 0.758140 -0.273613
v -18.831930 0.378379 0.273555
v -22.010387 0.758140 0.273609
v -18.511734 0.865640 0.228457
v -18.834606 0.865638 -0.228467
v -18.834606 0.865638 0.228457
v -18.511734 0.865638 -0.228467
v -21.988689 10.518561 -0.365845
v -18.857672 10.706039 -0.365845
v -21.988689 10.498562 -0.345845
v -18.857672 10.498562 0.345840
v -21.988689 10.518561 0.365840
v -21.988689 10.706038 0.365840
v -21.988689 10.706035 0.499995
v -21.988689 11.117200 0.499995
v -21.988689 11.169485 0.479932
v -21.988689 11.169485 -0.479937
v -21.988689 11.117200 -0.500005
v -21.988689 10.706035 -0.500005
v -18.488688 10.706038 -0.365845
v -18.488688 10.498562 0.345840
v -18.542105 10.478596 -0.197129
v -18.804234 10.478596 0.197124
v -23.763573 8.563107 0.243579
v -24.086521 8.276305 -0.243613
v -23.772167 8.829154 0.192466
v -23.816267 8.971987 0.199995
v -24.032421 8.971993 0.199995
v -23.816307 8.972079 -0.200005
v -24.032400 8.972072 -0.200005
v -23.724003 9.121679 0.192534
v -24.076502 8.829237 -0.192534
v -23.772205 8.829242 -0.192534
v -24.076523 8.829162 0.192466
v -24.414082 8.832304 0.192471
v -24.124685 9.121696 0.192520
v -24.124628 9.121764 -0.192481
v -24.414022 8.832370 -0.192529
v -23.724100 9.121778 -0.192466
v -23.434706 8.832384 -0.192539
v -23.434608 8.832287 0.192461
v -23.781834 8.596766 0.192495
v -24.066833 8.815778 0.192495
v -24.066833 8.596766 0.192495
v -24.066833 8.815778 -0.192505
v -24.066833 8.596766 -0.192505
v -23.781834 8.815778 -0.192505
v -23.781834 8.596766 -0.192505
v -23.781834 8.815778 0.192495
v -23.763435 8.563107 -0.243584
v -24.080896 8.563117 0.243560
v -23.761013 8.276305 0.243609
v -22.012928 8.563107 0.243579
v -22.022165 8.829154 0.192466
v -22.066267 8.971987 0.199995
v -22.282419 8.971992 0.199995
v -22.066307 8.972076 -0.200005
v -22.282400 8.972072 -0.200005
v -21.974098 9.525622 -0.192466
v -21.684704 8.832384 -0.192539
v -22.326502 8.829237 -0.192534
v -22.022205 8.829242 -0.192534
v -22.326521 8.829159 0.192466
v -22.664080 8.832301 0.192471
v -22.374685 9.121696 0.192520
v -22.374626 9.121762 -0.192481
v -22.664021 8.832370 -0.192529
v -21.974001 9.121679 0.192534
v -21.974098 9.121778 -0.192466
v -21.684607 8.832287 0.192461
v -22.031834 8.596764 0.192495
v -22.316833 8.815778 0.192495
v -22.316833 8.596766 0.192495
v -22.316833 8.815778 -0.192505
v -22.316833 8.596766 -0.192505
v -22.031834 8.815778 -0.192505
v -22.031834 8.596764 -0.192505
v -22.031834 8.815778 0.192495
v -22.331932 8.563119 0.243560
v -22.010387 8.276302 0.243609
v -23.760878 8.276305 -0.243613
v -22.336580 8.276305 -0.243613
v -22.011736 8.250636 0.228457
v -22.011736 8.250636 -0.228467
v -22.334606 8.250636 -0.228462
v -22.334606 8.250636 0.228457
v -24.414082 9.815100 0.192471
v -22.664080 9.815100 0.192471
v -23.434706 9.815017 -0.192539
v -21.974001 9.525720 0.192534
v -24.084120 8.563117 -0.243565
v -25.512539 8.276305 -0.243613
v -25.515097 8.563107 -0.243584
v -24.083300 8.276305 0.243609
v -22.011736 8.168802 0.228457
v -22.334606 8.168805 -0.228462
v -22.334333 8.276302 0.243609
v -22.334177 8.563117 -0.243565
v -22.011736 8.168802 -0.228467
v -22.334606 8.168802 0.228457
v -23.724003 9.525722 0.192534
v -23.724100 9.525622 -0.192466
v -24.083300 10.371096 0.243609
v -24.084120 10.084284 -0.243565
v -24.076523 9.818242 0.192466
v -24.032421 9.675407 0.199995
v -23.816267 9.675417 0.199995
v -24.124685 9.525705 0.192520
v -24.124628 9.525637 -0.192481
v -24.032400 9.675329 -0.200005
v -23.816307 9.675324 -0.200005
v -23.772205 9.818159 -0.192534
v -23.772167 9.818244 0.192466
v -23.434608 9.815114 0.192461
v -24.076502 9.818164 -0.192534
v -24.414022 9.815031 -0.192529
v -24.066833 10.050637 0.192495
v -23.781834 9.831623 0.192495
v -24.066833 10.050637 -0.192505
v -24.066833 9.831620 0.192495
v -23.781834 10.050634 -0.192505
v -24.066833 9.831620 -0.192505
v -23.781834 10.050634 0.192495
v -23.781834 9.831623 -0.192505
v -24.080896 10.084284 0.243560
v -23.763573 10.084294 0.243579
v -22.331932 10.084282 0.243560
v -22.326521 9.818239 0.192466
v -22.282419 9.675409 0.199995
v -22.066267 9.675412 0.199995
v -22.374685 9.525705 0.192520
v -22.374626 9.525637 -0.192481
v -22.282400 9.675329 -0.200005
v -22.066307 9.675324 -0.200005
v -21.684704 9.815017 -0.192539
v -22.022205 9.818156 -0.192534
v -22.022165 9.818244 0.192461
v -21.684607 9.815114 0.192456
v -22.326502 9.818164 -0.192534
v -22.664001 9.815031 -0.192529
v -22.316833 10.050634 0.192495
v -22.031834 9.831623 0.192495
v -22.316833 10.050634 -0.192505
v -22.316833 9.831623 0.192495
v -22.031834 10.050634 -0.192505
v -22.316833 9.831623 -0.192505
v -22.031834 10.050634 0.192495
v -22.031834 9.831623 -0.192505
v -22.334177 10.084284 -0.243565
v -23.763435 10.084294 -0.243584
v -23.761013 10.371099 0.243609
v -23.760878 10.371099 -0.243613
v -22.012537 10.371096 -0.243613
v -22.042107 10.396765 0.197124
v -22.304235 10.396763 0.197124
v -22.334333 10.371096 0.243609
v -22.304235 10.396763 -0.197129
v -22.042107 10.396763 -0.197129
v -25.515097 10.084294 -0.243584
v -24.086521 10.371096 -0.243613
v -25.512928 10.084294 0.243579
v -25.510389 10.371096 0.243609
v -22.045155 10.438644 0.187681
v -22.042107 10.478596 0.197124
v -22.301149 10.438644 -0.187691
v -22.304235 10.478596 -0.197129
v -22.336580 10.371096 -0.243613
v -22.301327 10.438649 0.187666
v -22.044977 10.438649 -0.187666
v -22.334333 0.758140 0.273609
v -22.334177 0.378379 -0.273565
v -22.012928 0.378391 0.273574
v -22.012537 0.758140 -0.273613
v -22.011736 0.783809 0.228457
v -22.334606 0.783807 0.228457
v -22.334606 0.783807 -0.228467
v -22.011736 0.783807 -0.228467
v -25.515097 0.378391 -0.273584
v -22.336580 0.758140 -0.273613
v -22.331932 0.378379 0.273560
v -25.510389 0.758140 0.273609
v -22.011736 0.865640 0.228457
v -22.334606 0.865638 -0.228467
v -22.334606 0.865638 0.228457
v -22.011736 0.865640 -0.228467
v -25.488691 10.518561 -0.365845
v -22.357674 10.706038 -0.365845
v -25.488691 10.498562 -0.345845
v -22.357674 10.498562 0.345840
v -25.488691 10.518561 0.365840
v -25.488691 10.706039 0.365840
v -25.488691 10.706035 0.499995
v -25.488691 11.117200 0.499995
v -25.488691 11.169485 0.479932
v -25.488691 11.169485 -0.479937
v -25.488691 11.117200 -0.500000
v -25.488691 10.706035 -0.500005
v -21.988689 10.706038 -0.365845
v -21.988689 10.498562 0.345840
v -22.042107 10.478596 -0.197129
v -22.304235 10.478596 0.197124
v -25.512928 8.563107 0.243579
v -25.522167 8.829157 0.192466
v -25.566269 8.971989 0.199995
v -25.782421 8.971993 0.199995
v -25.566307 8.972079 -0.200005
v -25.782402 8.972075 -0.200005
v -25.474100 9.525622 -0.192466
v -25.184706 8.832387 -0.192539
v -25.826504 8.829240 -0.192534
v -25.522205 8.829245 -0.192534
v -25.826523 8.829162 0.192466
v -26.164082 8.832304 0.192471
v -25.874687 9.121696 0.192520
v -25.874628 9.121764 -0.192481
v -26.164022 8.832370 -0.192529
v -25.474003 9.121681 0.192534
v -25.474100 9.121778 -0.192466
v -25.184608 8.832287 0.192461
v -25.531855 8.596766 0.192495
v -25.816835 8.815778 0.192495
v -25.816835 8.596764 0.192495
v -25.816835 8.815778 -0.192505
v -25.816835 8.596764 -0.192505
v -25.531836 8.815781 -0.192505
v -25.531855 8.596766 -0.192505
v -25.531836 8.815781 0.192495
v -25.831932 8.563119 0.243560
v -25.510389 8.276305 0.243609
v -25.836582 8.276305 -0.243613
v -25.511738 8.250633 0.228462
v -25.511738 8.250636 -0.228462
v -25.834608 8.250636 -0.228462
v -25.834608 8.250633 0.228462
v -26.164082 9.815100 0.192471
v -25.474003 9.525722 0.192534
v -25.511757 8.168805 0.228462
v -25.834608 8.168805 -0.228462
v -25.834335 8.276305 0.243609
v -25.834179 8.563119 -0.243565
v -25.511757 8.168805 -0.228462
v -25.834608 8.168805 0.228462
v -25.831932 10.084284 0.243560
v -25.826523 9.818242 0.192466
v -25.782421 9.675409 0.199995
v -25.566269 9.675414 0.199995
v -25.874687 9.525705 0.192520
v -25.874628 9.525639 -0.192481
v -25.782402 9.675329 -0.200005
v -25.566307 9.675322 -0.200005
v -25.184706 9.815017 -0.192539
v -25.522205 9.818159 -0.192534
v -25.522167 9.818247 0.192466
v -25.184608 9.815114 0.192461
v -25.826504 9.818164 -0.192534
v -26.164022 9.815031 -0.192529
v -25.816854 10.050634 0.192495
v -25.531836 9.831623 0.192495
v -25.816854 10.050634 -0.192505
v -25.816835 9.831623 0.192495
v -25.531855 10.050637 -0.192505
v -25.816835 9.831623 -0.192505
v -25.531855 10.050637 0.192495
v -25.531836 9.831623 -0.192505
v -25.834179 10.084284 -0.243565
v -25.512539 10.371099 -0.243613
v -25.542128 10.396765 0.197124
v -25.804237 10.396765 0.197124
v -25.834335 10.371096 0.243609
v -25.804237 10.396765 -0.197129
v -25.542109 10.396765 -0.197129
v -25.545155 10.438647 0.187681
v -25.542109 10.478596 0.197124
v -25.801151 10.438644 -0.187691
v -25.804237 10.478596 -0.197129
v -25.836582 10.371096 -0.243613
v -25.801327 10.438649 0.187666
v -25.544979 10.438649 -0.187666
v -25.834335 0.758140 0.273609
v -25.834179 0.378382 -0.273565
v -25.512928 0.378391 0.273579
v -25.512539 0.758140 -0.273613
v -25.511738 0.783809 0.228457
v -25.834608 0.783809 0.228457
v -25.834608 0.783809 -0.228462
v -25.511738 0.783807 -0.228467
v -25.511738 0.865640 0.228457
v -25.834608 0.865640 -0.228462
v -25.831932 0.378382 0.273560
v -25.836582 0.758140 -0.273613
v -25.834608 0.865640 0.228457
v -25.511738 0.865640 -0.228467
v -26.417149 10.518561 -0.365845
v -26.417149 10.706038 -0.365845
v -25.857676 10.706038 -0.365845
v -26.417149 10.498562 -0.345845
v -25.857676 10.498562 0.345840
v -26.417149 10.498562 0.345840
v -26.417149 10.518561 0.365840
v -26.417149 10.706038 0.365840
v -26.417149 10.706035 0.499995
v -26.417149 11.117200 0.499995
v -26.417149 11.169485 0.479932
v -26.417149 11.169485 -0.479937
v -26.417149 11.117200 -0.500005
v -26.417149 10.706035 -0.500005
v -25.488691 10.706039 -0.365845
v -25.488691 10.498562 0.345840
v -25.542109 10.478596 -0.197129
v -25.804237 10.478596 0.197124
v -26.416817 8.563111 -0.243574
v -26.416817 8.276302 -0.243613
v -26.416796 8.563111 0.243569
v -26.416796 8.276305 0.243609
v -26.416817 10.371096 -0.243613
v -26.416817 10.084290 -0.243574
v -26.416817 10.084290 0.243569
v -26.416796 10.371096 0.243609
v -26.417128 0.758142 -0.273613
v -26.417128 0.378384 -0.273569
v -26.417128 0.378384 0.273565
v -26.417128 0.758140 0.273609
v -1.357664 10.518561 -0.365850
v -1.357664 10.498559 -0.345845
v -1.357664 10.518561 0.365840
v -0.988660 10.498559 0.345840
v -1.357664 10.706035 0.365840
v -1.357664 10.706033 0.499995
v -1.357664 11.117195 0.499995
v -1.357664 11.169485 0.479927
v -1.357664 11.169485 -0.479937
v -1.357664 11.117195 -0.500005
v -1.357664 10.706033 -0.500005
v -4.857666 10.518561 -0.365845
v -4.857666 10.498559 -0.345845
v -4.857666 10.518561 0.365840
v -4.857666 10.706035 0.365840
v -4.857666 10.706030 0.499995
v -4.857666 11.117195 0.499995
v -4.857666 11.169485 0.479932
v -4.857666 11.169485 -0.479937
v -4.857666 11.117195 -0.500005
v -4.857666 10.706030 -0.500005
v -8.357667 10.518561 -0.365845
v -8.357667 10.498562 -0.345845
v -8.357667 10.518561 0.365840
v -8.357667 10.706038 0.365840
v -8.357667 10.706033 0.499995
v -8.357667 11.117195 0.499995
v -8.357667 11.169485 0.479932
v -8.357667 11.169485 -0.479937
v -8.357667 11.117195 -0.500005
v -8.357667 10.706033 -0.500005
v -11.857669 10.518561 -0.365845
v -11.857669 10.498562 -0.345845
v -11.857669 10.518561 0.365840
v -11.857669 10.706038 0.365840
v -11.857669 10.706033 0.499995
v -11.857669 11.117195 0.499995
v -11.857669 11.169485 0.479932
v -11.857669 11.169485 -0.479937
v -11.857669 11.117195 -0.500005
v -11.857669 10.706033 -0.500005
v -15.357671 10.518561 -0.365845
v -15.357671 10.498562 -0.345845
v -15.357671 10.518561 0.365840
v -15.357671 10.706038 0.365840
v -15.357671 10.706033 0.499995
v -15.357671 11.117195 0.499995
v -15.357671 11.169485 0.479932
v -15.357671 11.169485 -0.479937
v -15.357671 11.117195 -0.500005
v -15.357671 10.706033 -0.500005
v -18.857672 10.518561 -0.365845
v -18.857672 10.498562 -0.345845
v -18.857672 10.518561 0.365840
v -18.857672 10.706039 0.365840
v -18.857672 10.706035 0.499995
v -18.857672 11.117200 0.499995
v -18.857672 11.169485 0.479932
v -18.857672 11.169485 -0.479937
v -18.857672 11.117200 -0.500005
v -18.857672 10.706035 -0.500005
v -22.357674 10.518561 -0.365845
v -22.357674 10.498562 -0.345845
v -22.357674 10.518561 0.365840
v -22.357674 10.706038 0.365840
v -22.357674 10.706033 0.499995
v -22.357674 11.117195 0.499995
v -22.357674 11.169485 0.479932
v -22.357674 11.169485 -0.479937
v -22.357674 11.117195 -0.500005
v -22.357674 10.706033 -0.500005
v -25.857676 10.518561 -0.365845
v -25.857676 10.498562 -0.345845
v -25.857676 10.518561 0.365840
v -25.857676 10.706038 0.365840
v -25.857676 10.706038 0.499995
v -25.857676 11.117200 0.499995
v -25.857676 11.169485 0.479932
v -25.857676 11.169485 -0.479937
v -25.857676 11.117200 -0.500005
v -25.857676 10.706038 -0.500005
v -0.574078 13.479106 -0.186529
v -0.417092 13.644171 -0.135521
v -0.219278 13.750150 -0.071248
v 0.000000 13.786668 0.000000
v -0.219278 13.750150 0.071248
v -0.417092 13.644171 0.135522
v -0.574078 13.479106 0.186529
v -0.674870 13.271113 0.219279
v -0.709600 13.040550 0.230563
v -0.674870 12.809986 0.219279
v -0.574078 12.601995 0.186529
v -0.417092 12.436928 0.135522
v -0.257777 12.436928 0.354800
v -0.354800 12.601995 0.488340
v -0.417092 12.809986 0.574078
v -0.438557 13.040550 0.603622
v -0.417092 13.271113 0.574078
v -0.354800 13.479106 0.488340
v -0.257777 13.644171 0.354800
v -0.135522 13.750150 0.186529
v 0.000000 13.750150 0.230563
v 0.000000 13.644171 0.438557
v 0.000000 13.479106 0.603622
v 0.000000 13.271113 0.709600
v 0.000000 13.040550 0.746118
v 0.000000 12.809986 0.709600
v 0.000000 12.601995 0.603622
v 0.000000 12.436928 0.438557
v 0.257777 12.436928 0.354800
v 0.354800 12.601995 0.488340
v 0.417092 12.809986 0.574078
v 0.438557 13.040550 0.603622
v 0.417092 13.271113 0.574078
v 0.354800 13.479106 0.488340
v 0.257777 13.644171 0.354800
v 0.135522 13.750150 0.186529
v 0.219278 13.750150 0.071248
v 0.417092 13.644171 0.135522
v 0.574078 13.479106 0.186529
v 0.674870 13.271113 0.219278
v 0.709600 13.040550 0.230563
v 0.674870 12.809986 0.219278
v 0.574078 12.601995 0.186529
v 0.417092 12.436928 0.135522
v 0.417092 12.436928 -0.135522
v 0.574078 12.601995 -0.186529
v 0.674870 12.809986 -0.219278
v 0.709600 13.040550 -0.230563
v 0.674870 13.271113 -0.219278
v 0.574078 13.479106 -0.186529
v 0.417092 13.644171 -0.135522
v 0.219278 13.750150 -0.071248
v 0.135522 13.750150 -0.186529
v 0.257777 13.644171 -0.354800
v 0.354800 13.479106 -0.488340
v 0.417092 13.271113 -0.574078
v 0.438557 13.040550 -0.603622
v 0.417092 12.809986 -0.574078
v 0.354800 12.601995 -0.488340
v 0.257777 12.436928 -0.354800
v 0.000000 13.040550 -0.746117
v 0.000000 13.479106 -0.603622
v -0.674870 13.271113 -0.219278
v -0.709600 13.040550 -0.230563
v -0.674870 12.809986 -0.219278
v -0.574078 12.601995 -0.186529
v -0.417092 12.436928 -0.135521
v -0.354800 13.479106 -0.488340
v -0.257777 13.644171 -0.354800
v -0.135522 13.750150 -0.186529
v -0.417092 13.271113 -0.574078
v -0.438557 13.040550 -0.603622
v -0.417092 12.809986 -0.574078
v -0.354800 12.601995 -0.488340
v -0.257777 12.436928 -0.354800
v -0.000000 13.644171 -0.438557
v -0.000000 13.750150 -0.230563
v -0.000000 13.271113 -0.709600
v -0.000000 12.809986 -0.709600
v -0.000000 12.601995 -0.603622
v -0.000000 12.436928 -0.438557
vn -0.9239 -0.0000 -0.3827
vn -0.8315 -0.0000 -0.5556
vn 0.5556 -0.0000 -0.8315
vn 0.7071 -0.0000 -0.7071
vn 0.3827 -0.0000 -0.9239
vn -0.8315 -0.0000 0.5556
vn -0.9239 -0.0000 0.3827
vn -0.7071 -0.0000 0.7071
vn 0.1951 -0.0000 0.9808
vn -0.0000 -0.0000 1.0000
vn 0.1951 -0.0000 -0.9808
vn -0.3827 -0.0000 0.9239
vn -0.5556 -0.0000 0.8315
vn -1.0000 -0.0000 -0.0000
vn -0.9808 -0.0000 -0.1951
vn -0.5556 -0.0000 -0.8315
vn -0.3827 -0.0000 -0.9239
vn -0.1951 -0.0000 -0.9808
vn -0.9808 -0.0000 0.1951
vn 0.9808 -0.0000 -0.1951
vn 1.0000 -0.0000 -0.0000
vn 0.8315 -0.0000 0.5556
vn 0.7071 -0.0000 0.7071
vn 0.9808 -0.0000 0.1951
vn -0.1951 -0.0000 0.9808
vn 0.8315 -0.0000 -0.5556
vn 0.5556 -0.0000 0.8315
vn 0.3827 -0.0000 0.9239
vn -0.0000 -1.0000 -0.0000
vn 0.9239 -0.0000 -0.3827
vn 0.5023 0.8647 -0.0000
vn -0.0000 -0.0000 -1.0000
vn -0.5023 0.8647 -0.0000
vn -0.0000 0.8647 0.5023
vn -0.0000 0.8647 -0.5023
vn -0.7071 -0.0000 -0.7071
vn -0.0000 1.0000 -0.0000
vn 0.9239 -0.0000 0.3827
vn 0.4451 -0.8955 -0.0000
vn 0.3617 -0.9323 -0.0000
vn 0.3616 -0.9323 -0.0000
vn -0.4146 0.9100 -0.0000
vn -0.3459 0.9383 -0.0000
vn 0.5968 -0.8024 -0.0000
vn 0.5372 -0.8435 -0.0000
vn 0.7071 -0.7071 -0.0000
vn 0.5969 -0.8024 -0.0000
vn -0.7071 0.7071 -0.0000
vn -0.5945 0.8041 -0.0000
vn 0.7071 0.7071 -0.0000
vn 0.8029 0.5962 -0.0000
vn -0.7071 -0.7071 -0.0000
vn -0.8029 -0.5962 -0.0000
vn 0.5969 0.8024 -0.0000
vn -0.5945 -0.8041 -0.0000
vn -0.5343 -0.8453 -0.0000
vn -0.5955 -0.8034 -0.0000
vn 0.5319 0.8468 -0.0000
vn 0.5943 0.8042 -0.0000
vn 0.3467 0.9380 -0.0000
vn 0.4162 0.9093 -0.0000
vn -0.2073 -0.9783 -0.0000
vn -0.3616 -0.9323 -0.0000
vn 0.2073 0.9783 -0.0000
vn -0.0694 -0.9976 -0.0000
vn 0.1326 0.9912 -0.0000
vn -0.1278 -0.9918 -0.0000
vn -0.2073 0.9783 -0.0000
vn -0.0694 0.9976 -0.0000
vn 0.2073 -0.9783 -0.0000
vn 0.1863 -0.9825 -0.0000
vn -0.3616 0.9323 -0.0000
vn 0.3467 -0.9380 -0.0000
vn -0.5322 0.8466 -0.0000
vn -0.4449 -0.8956 -0.0000
vn 0.3616 0.9323 -0.0000
vn 0.4451 0.8955 -0.0000
vn -0.3459 -0.9383 -0.0000
vn -0.4146 -0.9100 -0.0000
vn 0.5372 0.8435 -0.0000
vn -0.5955 0.8034 -0.0000
vn -0.5343 0.8453 -0.0000
vn 0.5943 -0.8042 -0.0000
vn 0.5319 -0.8468 -0.0000
vn 0.4162 -0.9093 -0.0000
vn -0.5322 -0.8466 -0.0000
vn -0.4449 0.8956 -0.0000
vn 0.4450 -0.8955 -0.0000
vn 0.5969 -0.8023 -0.0000
vn 0.8029 -0.5962 -0.0000
vn -0.8029 0.5962 -0.0000
vn 0.8808 -0.4734 -0.0000
vn -0.8809 0.4734 -0.0000
vn 0.8808 0.4734 -0.0000
vn -0.8809 -0.4734 -0.0000
vn 0.5969 0.8023 -0.0000
vn -0.8808 0.4734 -0.0000
vn 0.8809 0.4734 -0.0000
vn 0.5318 0.8468 -0.0000
vn 0.0694 -0.9976 -0.0000
vn -0.1409 0.9900 -0.0000
vn 0.0694 0.9976 -0.0000
vn -0.2011 -0.9796 -0.0000
vn 0.4450 0.8955 -0.0000
vn 0.5372 -0.8434 -0.0000
vn 0.8809 -0.4734 -0.0000
vn 0.5372 0.8434 -0.0000
vn 0.1325 0.9912 -0.0000
vn 0.3617 0.9323 -0.0000
vn -0.0006 -0.0014 1.0000
vn 0.9327 -0.3606 -0.0000
vn -0.0006 -0.0013 -1.0000
vn -0.9191 0.3939 -0.0000
vn 0.9617 -0.2743 -0.0000
vn -0.9253 0.3792 -0.0000
vn 0.9854 0.1704 -0.0000
vn 0.9617 0.2743 -0.0000
vn -0.0006 0.0014 1.0000
vn 0.0007 0.0061 1.0000
vn 0.9327 0.3606 -0.0000
vn -0.0006 0.0013 -1.0000
vn 0.0007 0.0061 -1.0000
vn -0.9191 -0.3939 -0.0000
vn 0.0006 0.0013 1.0000
vn -0.9327 0.3606 -0.0000
vn 0.0006 0.0014 -1.0000
vn 0.9191 -0.3940 -0.0000
vn -0.9617 0.2743 -0.0000
vn 0.9253 -0.3792 -0.0000
vn -0.9617 -0.2743 -0.0000
vn -0.9846 -0.1750 -0.0000
vn 0.0006 -0.0014 1.0000
vn -0.0007 -0.0061 1.0000
vn -0.9327 -0.3606 -0.0000
vn 0.0006 -0.0013 -1.0000
vn -0.0007 -0.0061 -1.0000
vn 0.9191 0.3940 -0.0000
vn 0.5320 0.8468 -0.0000
vn 0.5944 0.8042 -0.0000
vn -0.9253 -0.3792 -0.0000
vn 0.9253 0.3792 -0.0000
vn 0.9854 -0.1705 -0.0000
vn -0.9848 0.1739 -0.0000
vn -0.0203 0.0034 -0.9998
vn -0.0000 0.0172 -0.9999
vn -0.0470 0.0064 -0.9989
vn -0.0203 -0.0034 -0.9998
vn -0.0000 -0.0172 -0.9999
vn -0.0000 -0.0063 -1.0000
vn -0.0007 0.0061 -1.0000
vn 0.0007 -0.0061 -1.0000
vn -0.0000 0.0063 -1.0000
vn -0.0203 -0.0034 0.9998
vn -0.0000 -0.0172 0.9999
vn -0.0471 -0.0065 0.9989
vn -0.0203 0.0034 0.9998
vn -0.0000 0.0172 0.9999
vn -0.0000 0.0063 1.0000
vn -0.0007 0.0061 1.0000
vn -0.0000 -0.0063 1.0000
vn 0.0203 -0.0034 0.9998
vn 0.0007 -0.0061 1.0000
vn 0.0203 0.0034 0.9998
vn 0.0204 0.0034 -0.9998
vn 0.0204 -0.0034 -0.9998
vn -0.5954 0.8034 -0.0000
vn 0.0659 0.9978 -0.0000
vn -0.8029 0.5961 -0.0000
vn -0.9394 0.3428 -0.0000
vn 0.9394 -0.3428 -0.0000
vn -0.9783 0.2073 -0.0000
vn 0.9783 -0.2073 -0.0000
vn -0.9976 0.0694 -0.0000
vn 0.9976 -0.0694 -0.0000
vn -0.9976 -0.0694 -0.0000
vn 0.9976 0.0694 -0.0000
vn -0.9783 -0.2073 -0.0000
vn 0.9783 0.2073 -0.0000
vn -0.9394 -0.3428 -0.0000
vn 0.9394 0.3428 -0.0000
vn 0.0968 -0.0401 0.9945
vn 0.1048 -0.0000 0.9945
vn 0.0605 -0.1153 0.9915
vn 0.0733 -0.0903 0.9932
vn -0.0604 -0.1152 0.9915
vn -0.0000 -0.1048 0.9945
vn -0.0968 -0.0401 0.9945
vn -0.0732 -0.0901 0.9932
vn -0.0968 0.0401 0.9945
vn -0.1048 -0.0000 0.9945
vn -0.0581 0.1132 0.9919
vn -0.0733 0.0883 0.9934
vn 0.0605 0.1153 0.9915
vn -0.0000 0.1048 0.9945
vn 0.0968 0.0401 0.9945
vn 0.0733 0.0903 0.9932
vn 0.9239 -0.3827 -0.0000
vn 0.7113 -0.7029 -0.0000
vn -0.9239 -0.3827 -0.0000
vn -0.7112 -0.7029 -0.0000
vn -0.9239 0.3827 -0.0000
vn -0.7112 0.7030 -0.0000
vn -0.7130 0.7012 -0.0010
vn -0.5568 0.8306 -0.0005
vn -0.5622 0.8270 -0.0026
vn 0.9239 0.3827 -0.0000
vn 0.7113 0.7029 -0.0000
vn 0.0968 -0.0401 -0.9945
vn 0.0733 -0.0903 -0.9932
vn 0.0605 -0.1153 -0.9915
vn -0.0000 -0.1048 -0.9945
vn -0.0604 -0.1152 -0.9915
vn -0.0732 -0.0901 -0.9932
vn -0.0968 -0.0401 -0.9945
vn -0.1048 -0.0000 -0.9945
vn -0.0968 0.0401 -0.9945
vn -0.0732 0.0900 -0.9932
vn -0.0603 0.1152 -0.9915
vn -0.0000 0.1048 -0.9945
vn 0.0605 0.1153 -0.9915
vn 0.0733 0.0903 -0.9932
vn 0.0968 0.0401 -0.9945
vn 0.1048 -0.0000 -0.9945
vn 0.1857 -0.0000 0.9826
vn 0.1715 -0.0711 0.9826
vn 0.0986 -0.1637 0.9816
vn 0.0954 -0.2169 0.9715
vn 0.0001 -0.2094 0.9778
vn -0.0956 -0.2162 0.9717
vn -0.0992 -0.1631 0.9816
vn -0.1715 -0.0711 0.9826
vn -0.1857 -0.0000 0.9826
vn -0.1715 0.0711 0.9826
vn -0.1027 0.1596 0.9818
vn -0.1221 0.3221 0.9388
vn 0.0031 0.5219 0.8530
vn 0.1239 0.3057 0.9440
vn 0.0985 0.1638 0.9816
vn 0.1715 0.0711 0.9826
vn 0.1857 -0.0000 -0.9826
vn 0.1715 -0.0711 -0.9826
vn 0.0986 -0.1637 -0.9816
vn 0.0954 -0.2169 -0.9715
vn 0.0001 -0.2094 -0.9778
vn -0.0956 -0.2163 -0.9716
vn -0.0992 -0.1631 -0.9816
vn -0.1715 -0.0711 -0.9826
vn -0.1857 -0.0000 -0.9826
vn -0.1715 0.0711 -0.9826
vn -0.0992 0.1631 -0.9816
vn -0.1232 0.3045 -0.9445
vn 0.0014 0.5212 -0.8535
vn 0.1235 0.3041 -0.9446
vn 0.0983 0.1640 -0.9816
vn 0.1715 0.0711 -0.9826
vn -0.9999 -0.0119 0.0001
vn 0.0003 0.0035 -1.0000
vn -0.0612 -0.0051 -0.9981
vn 0.0472 0.0063 -0.9989
vn 1.0000 0.0037 -0.0000
vn 0.0471 0.0063 0.9989
vn 0.0002 0.0035 1.0000
vn 0.0617 -0.0057 0.9981
vn -0.0470 0.0064 0.9989
vn -1.0000 0.0007 -0.0000
vn 0.0002 -0.0033 1.0000
vn -0.0618 0.0053 0.9981
vn 0.0472 -0.0063 0.9989
vn 1.0000 -0.0018 -0.0000
vn 0.0472 -0.0063 -0.9989
vn 0.0002 -0.0033 -1.0000
vn 0.0622 0.0058 -0.9980
vn -0.0471 -0.0065 -0.9989
vn -0.9979 0.0653 -0.0000
vn -0.9999 -0.0118 -0.0000
vn -0.1750 0.4974 -0.8497
vn 0.0021 0.7608 -0.6489
vn 0.1778 0.4969 -0.8494
vn 1.0000 -0.0074 0.0007
vn 0.9964 0.0848 0.0001
vn 0.1777 0.4992 0.8481
vn 0.0021 0.7609 0.6489
vn -0.1734 0.5467 0.8192
vn -1.0000 0.0050 0.0002
vn -0.9969 -0.0791 -0.0000
vn 0.0019 -0.8069 0.5906
vn -0.1887 -0.5758 0.7955
vn 0.0017 -0.8254 0.5645
vn 0.1911 -0.5766 0.7944
vn 0.9969 -0.0786 -0.0000
vn 0.0019 -0.8069 -0.5906
vn 0.1911 -0.5764 -0.7945
vn 0.0017 -0.8255 -0.5644
vn -0.1888 -0.5748 -0.7962
vn 0.5556 0.8315 -0.0000
vn 0.5555 -0.8315 -0.0000
vn 0.5556 -0.8315 -0.0000
vn -0.5556 -0.8315 -0.0000
vn -0.0006 -0.0013 1.0000
vn -0.9191 0.3940 -0.0000
vn -0.0006 0.0013 1.0000
vn -0.9191 -0.3940 -0.0000
vn 0.0006 0.0013 -1.0000
vn 0.9191 -0.3939 -0.0000
vn 0.0006 -0.0013 1.0000
vn 0.9191 0.3939 -0.0000
vn 0.9253 0.3791 -0.0000
vn -0.0204 -0.0034 0.9998
vn -0.0000 0.0171 0.9999
vn 0.0732 -0.0903 0.9932
vn 0.7114 0.7028 -0.0000
vn 0.7113 0.7028 -0.0000
vn -0.0733 0.0901 -0.9932
vn 0.1239 0.3058 0.9440
vn -0.1716 -0.0711 -0.9826
vn -0.1716 0.0711 -0.9826
vn -0.0993 0.1631 -0.9816
vn 0.0983 0.1640 -0.9815
vn 0.0471 0.0063 -0.9989
vn 1.0000 0.0040 -0.0000
vn -1.0000 0.0012 -0.0000
vn 1.0000 -0.0014 -0.0000
vn 0.0622 0.0057 -0.9980
vn 1.0000 -0.0071 0.0007
vn 0.9963 0.0854 0.0001
vn 0.1777 0.4993 0.8480
vn 0.0021 0.7609 0.6488
vn -0.1734 0.5466 0.8192
vn -1.0000 0.0054 0.0002
vn -0.9969 -0.0782 -0.0000
vn 0.0019 -0.8069 0.5907
vn -0.1888 -0.5758 0.7955
vn 0.0017 -0.8254 0.5646
vn 0.1911 -0.5764 0.7945
vn 0.0019 -0.8069 -0.5907
vn 0.0017 -0.8254 -0.5645
vn -0.1888 -0.5747 -0.7963
vn -0.9848 0.1738 -0.0000
vn -0.0204 0.0034 -0.9998
vn -0.0000 0.0171 -0.9999
vn -0.7112 -0.7030 -0.0000
vn -0.0733 -0.0901 -0.9932
vn 0.1716 -0.0711 0.9826
vn -0.0956 -0.2163 0.9716
vn -0.1716 -0.0711 0.9826
vn -0.1716 0.0711 0.9826
vn -0.1028 0.1596 0.9818
vn 0.1716 0.0711 0.9826
vn 0.1716 -0.0711 -0.9826
vn 0.0984 0.1640 -0.9816
vn 0.1716 0.0711 -0.9826
vn 0.0002 0.0035 -1.0000
vn -0.0612 -0.0050 -0.9981
vn -0.1750 0.4973 -0.8497
vn 0.0018 -0.8069 0.5906
vn -0.1888 -0.5757 0.7956
vn 0.0018 -0.8254 0.5645
vn 0.0018 -0.8069 -0.5907
vn 0.0018 -0.8254 -0.5645
vn 0.9617 -0.2742 -0.0000
vn 0.9617 0.2742 -0.0000
vn -0.9617 -0.2742 -0.0000
vn -0.0204 -0.0034 -0.9998
vn -0.0204 0.0034 0.9998
vn 0.0204 0.0034 0.9998
vn 0.9239 0.3826 -0.0000
vn -0.0732 0.0901 -0.9932
vn -0.0956 -0.2162 0.9716
vn 0.0014 0.5211 -0.8535
vn 0.0020 0.7608 -0.6490
vn 0.1911 -0.5763 -0.7946
vn -0.1888 -0.5746 -0.7964
vn -0.9617 0.2742 -0.0000
vn 0.0204 -0.0034 0.9998
vn -0.9999 -0.0123 0.0001
vn -0.9979 0.0646 -0.0000
vn -0.9999 -0.0121 -0.0000
vn -0.1750 0.4973 -0.8498
vn -0.1887 -0.5757 0.7956
vn 0.0019 -0.8068 -0.5908
vn 0.0017 -0.8254 -0.5646
vn 0.5556 0.8314 -0.0000
vn 0.5556 -0.8314 -0.0000
vn -0.9979 0.0647 -0.0000
vn 0.1777 0.4994 0.8480
vn 0.9968 -0.0793 -0.0000
vn 1.0000 -0.0022 -0.0000
vn 0.1483 -0.9889 -0.0000
vn -0.0792 0.9969 -0.0000
vn -0.0000 0.0001 1.0000
vn -0.0000 0.0002 1.0000
vn -0.0000 0.0002 -1.0000
vn -0.0000 0.0001 -1.0000
vn -0.0126 -0.0181 0.9998
vn 0.0402 -0.0055 0.9992
vn -0.0402 -0.0055 0.9992
vn -0.0000 1.0000 0.0002
vn -0.0091 0.0094 -0.9999
vn 0.0402 -0.0051 -0.9992
vn -0.0402 -0.0051 -0.9992
vn 0.0001 0.0001 1.0000
vn 0.0093 0.0092 0.9999
vn 0.0001 -0.0001 1.0000
vn 0.0126 -0.0180 0.9998
vn -0.0092 0.0092 0.9999
vn 0.0090 0.0094 -0.9999
vn 0.0126 -0.0188 -0.9997
vn -0.0126 -0.0188 -0.9997
vn 0.0093 -1.0000 -0.0002
vn -0.0093 -1.0000 -0.0002
vn -0.0000 0.0013 1.0000
vn -0.9575 0.2885 -0.0000
vn -0.9687 0.2484 0.0037
vn -0.0000 -0.0015 -1.0000
vn 0.9534 0.3018 0.0002
vn 0.9529 0.3034 -0.0000
vn -0.0000 0.0015 1.0000
vn -0.8107 -0.5855 -0.0000
vn -0.8121 -0.5835 -0.0001
vn -0.8106 -0.5855 -0.0000
vn -0.0000 -0.0013 -1.0000
vn 0.8106 -0.5856 -0.0000
vn 0.8133 -0.5818 -0.0002
vn 0.8134 -0.5817 -0.0002
vn -0.0000 0.8350 -0.5502
vn -0.8937 0.4487 0.0008
vn -0.0000 0.8350 0.5502
vn 0.8777 0.4793 -0.0000
vn 0.8788 0.4772 0.0002
vn -0.0001 -0.0001 -1.0000
vn -0.0001 0.0001 -1.0000
vn -0.9573 0.2890 -0.0000
vn -0.9651 0.2619 0.0025
vn 0.9507 0.3101 -0.0000
vn 0.9585 0.2850 -0.0024
vn -0.8106 -0.5856 -0.0000
vn -0.8122 -0.5834 -0.0001
vn -0.8920 0.4521 0.0006
vn 0.8748 0.4845 -0.0005
vn 0.9988 -0.0489 -0.0002
vn 0.9999 0.0151 -0.0025
vn 0.9996 0.0286 -0.0044
vn -0.0000 -0.5082 0.8612
vn -0.9974 -0.0715 0.0002
vn -1.0000 0.0033 0.0025
vn -1.0000 0.0080 0.0046
vn -0.0000 -0.5082 -0.8612
vn -1.0000 -0.0000 -0.0002
vn 1.0000 -0.0000 0.0002
vn 0.0001 -0.0001 -1.0000
vn -0.0091 -0.0094 -0.9999
vn 0.9995 -0.0305 -0.0000
vn -0.9991 -0.0435 -0.0000
vn -1.0000 -0.0000 0.0003
vn -0.0000 -0.0001 1.0000
vn -0.0000 -0.0002 1.0000
vn -0.0000 -0.0001 -1.0000
vn -0.0000 -0.0002 -1.0000
vn -0.0126 0.0181 0.9998
vn 0.0402 0.0055 0.9992
vn 0.0126 0.0180 0.9998
vn -0.0000 -1.0000 0.0002
vn -0.0000 -1.0000 0.0003
vn 0.0402 0.0051 -0.9992
vn 0.0090 -0.0094 -0.9999
vn 1.0000 -0.0000 -0.0003
vn 0.0093 -0.0092 0.9999
vn -0.0092 -0.0092 0.9999
vn -0.0402 0.0055 0.9992
vn 0.0126 0.0188 -0.9997
vn -0.0126 0.0188 -0.9997
vn 0.0093 1.0000 -0.0002
vn -0.0093 1.0000 -0.0002
vn -0.0000 -0.0015 1.0000
vn -0.9575 -0.2884 -0.0000
vn -0.9687 -0.2484 0.0037
vn -0.0000 0.0013 -1.0000
vn 0.9534 -0.3018 0.0002
vn 0.9529 -0.3034 -0.0000
vn -0.8106 0.5856 -0.0000
vn -0.8121 0.5836 -0.0001
vn -0.8121 0.5835 -0.0001
vn 0.8133 0.5819 -0.0002
vn 0.8105 0.5857 -0.0000
vn 0.8134 0.5817 -0.0002
vn -0.0000 -0.8350 -0.5502
vn -0.8937 -0.4486 0.0008
vn -0.9195 -0.3931 0.0061
vn -0.0000 -0.8350 0.5502
vn 0.8776 -0.4793 -0.0000
vn 0.8788 -0.4772 0.0002
vn 0.0093 1.0000 -0.0003
vn -0.9573 -0.2890 -0.0000
vn -0.9652 -0.2616 0.0026
vn 0.9507 -0.3101 -0.0000
vn 0.9585 -0.2850 -0.0024
vn 0.8133 0.5818 -0.0002
vn 0.8105 0.5858 -0.0000
vn -0.0000 -0.8350 -0.5503
vn -0.8920 -0.4520 0.0006
vn -0.9102 -0.4142 0.0042
vn 0.8748 -0.4845 -0.0005
vn 0.8930 -0.4501 -0.0040
vn 0.6517 0.7584 -0.0028
vn 0.6319 0.7751 -0.0004
vn 0.6526 0.7577 -0.0029
vn -0.0000 0.8754 0.4834
vn -0.6453 0.7640 0.0028
vn -0.6249 0.7807 0.0004
vn -0.6462 0.7632 0.0030
vn -0.0000 0.8754 -0.4834
vn -0.0001 -0.0001 1.0000
vn -0.0001 0.0001 1.0000
vn 0.9974 0.0723 0.0004
vn 1.0000 -0.0019 -0.0000
vn 1.0000 -0.0020 0.0005
vn -0.0000 0.2201 0.9755
vn -0.0000 -0.0054 1.0000
vn -0.0001 -0.0054 1.0000
vn -0.9973 0.0737 -0.0005
vn -1.0000 -0.0019 -0.0000
vn -1.0000 -0.0020 -0.0005
vn 0.0001 0.2202 -0.9755
vn -0.0000 -0.0054 -1.0000
vn 0.0001 -0.0054 -1.0000
vn -0.0402 0.0051 -0.9992
vn 0.0402 0.0056 0.9992
vn 0.9999 -0.0138 -0.0024
vn 0.9990 0.0456 -0.0004
vn 0.9997 -0.0235 -0.0039
vn -0.0000 0.8693 0.4942
vn -0.0000 0.8693 0.4943
vn -1.0000 -0.0012 0.0025
vn -0.9977 0.0681 0.0004
vn -1.0000 -0.0035 0.0041
vn -0.0000 0.8693 -0.4942
vn 0.9994 0.0333 -0.0000
vn -0.9989 0.0475 -0.0000
vn -0.0000 -0.7072 -0.7071
vn -0.0000 -0.7072 -0.7070
vn 0.0408 -0.9978 -0.0521
vn -0.0000 -0.7071 0.7071
vn -0.0000 0.1822 0.9833
vn -0.0000 0.3582 0.9336
vn -0.0000 0.1822 -0.9833
vn -0.0000 0.3583 -0.9336
vn -0.0000 -0.7071 -0.7071
vn 0.0408 -0.9978 0.0521
vn -0.0408 -0.9978 -0.0521
vn -0.0408 -0.9978 0.0521
vn -0.0000 0.3583 0.9336
vn 0.2109 -0.9760 0.0553
vn -0.2109 -0.9760 0.0553
vn -0.2109 -0.9760 -0.0553
vn 0.9971 -0.0758 0.0004
vn -0.0001 -0.2303 0.9731
vn -0.9970 -0.0772 -0.0005
vn 0.0001 -0.2304 -0.9731
vn -0.9575 0.2884 -0.0000
vn 0.9534 0.3018 0.0001
vn 0.8134 -0.5818 -0.0002
vn 0.8134 -0.5816 -0.0002
vn -0.0000 0.8350 -0.5503
vn -0.8937 0.4486 0.0008
vn -0.0000 0.8350 0.5503
vn -1.0000 0.0079 0.0046
vn -0.0000 -0.5082 -0.8613
vn 0.0001 0.0001 -1.0000
vn -0.9195 -0.3930 0.0061
vn -0.0000 -0.8350 0.5503
vn -0.9652 -0.2616 0.0025
vn 0.6519 0.7583 -0.0028
vn 0.6528 0.7575 -0.0029
vn 0.9999 -0.0142 -0.0024
vn 0.9997 -0.0242 -0.0040
vn -0.2109 -0.9759 0.0553
vn 0.0402 -0.0056 0.9992
vn -0.8105 -0.5857 -0.0000
vn 0.8135 -0.5816 -0.0002
vn 0.8776 0.4793 -0.0000
vn -0.8122 -0.5833 -0.0001
vn 0.9999 0.0152 -0.0025
vn 0.9995 -0.0304 -0.0000
vn -1.0000 -0.0000 0.0002
vn -0.0000 0.0015 -1.0000
vn 0.8106 0.5857 -0.0000
vn 0.8788 -0.4771 0.0002
vn -0.9573 -0.2889 -0.0000
vn -0.9651 -0.2619 0.0025
vn 0.9585 -0.2849 -0.0024
vn -0.9100 -0.4146 0.0042
vn 0.6520 0.7582 -0.0028
vn 0.6318 0.7751 -0.0004
vn 0.6529 0.7574 -0.0029
vn -0.6453 0.7639 0.0028
vn -0.6462 0.7631 0.0030
vn 0.0001 0.2202 -0.9754
vn 0.9990 0.0455 -0.0004
vn 0.2109 -0.9759 0.0553
vn -0.0001 -0.2302 0.9731
vn 0.0403 -0.0051 -0.9992
vn -0.8121 -0.5836 -0.0001
vn 0.8105 -0.5857 -0.0000
vn 0.8133 -0.5819 -0.0002
vn -0.9974 -0.0722 0.0002
vn -1.0000 0.0033 0.0026
vn -0.9990 -0.0439 -0.0000
vn 0.0403 0.0051 -0.9992
vn 1.0000 -0.0000 -0.0002
vn -0.0000 -0.0013 1.0000
vn -0.9575 -0.2885 -0.0000
vn -0.9686 -0.2484 0.0037
vn -0.8122 0.5834 -0.0001
vn -0.8937 -0.4487 0.0008
vn -0.8920 -0.4521 0.0006
vn -0.0000 0.8754 -0.4833
vn -0.0000 -0.0055 1.0000
vn -0.0001 -0.0055 1.0000
vn -0.2109 -0.9759 -0.0553
vn -0.0001 -0.2304 0.9731
vn 0.0001 -0.2303 -0.9731
vn -0.9686 0.2486 0.0037
vn 0.9534 0.3019 0.0002
vn -0.8100 -0.5864 -0.0000
vn -0.8100 -0.5865 -0.0000
vn -0.9572 0.2893 -0.0000
vn -0.8122 -0.5834 -0.0002
vn -0.8918 0.4525 0.0006
vn 0.9988 -0.0482 -0.0002
vn -0.0000 -0.5084 0.8611
vn -0.0000 -0.5083 0.8612
vn 0.9995 -0.0300 -0.0000
vn -0.9686 -0.2486 0.0037
vn -0.8101 0.5863 -0.0000
vn 0.8134 0.5818 -0.0002
vn -0.9193 -0.3935 0.0061
vn 0.8777 -0.4793 -0.0000
vn -0.9573 -0.2892 -0.0000
vn -0.9651 -0.2619 0.0026
vn -0.8918 -0.4524 0.0006
vn -0.9100 -0.4147 0.0042
vn 0.6321 0.7749 -0.0004
vn -0.6453 0.7639 0.0029
vn -0.6247 0.7809 0.0004
vn -0.0000 0.2202 0.9754
vn 0.0001 0.2203 -0.9754
vn 0.9990 0.0449 -0.0004
vn 0.9997 -0.0243 -0.0039
vn -0.9976 0.0687 0.0004
vn -1.0000 -0.0034 0.0041
vn -0.0000 0.8693 -0.4943
vn 0.9995 0.0328 -0.0000
vn -0.9988 0.0479 -0.0000
vn 0.2110 -0.9759 -0.0553
vn 0.0001 -0.2305 -0.9731
vn 0.0126 -0.0187 -0.9997
vn 0.8776 0.4794 -0.0000
vn 0.9585 0.2849 -0.0024
vn -1.0000 -0.0000 -0.0001
vn -0.8122 0.5833 -0.0002
vn -0.8123 0.5833 -0.0002
vn -0.9193 -0.3934 0.0061
vn 0.9507 -0.3100 -0.0000
vn 0.8135 0.5815 -0.0002
vn -0.6247 0.7808 0.0004
vn -0.9973 0.0732 -0.0004
vn 0.9999 -0.0143 -0.0024
vn 0.9990 0.0448 -0.0004
vn -0.9988 0.0480 -0.0000
vn -0.9971 -0.0767 -0.0004
vn 0.0126 -0.0181 0.9998
vn -0.8101 -0.5863 -0.0000
vn -0.8121 -0.5835 -0.0002
vn 0.8788 0.4771 0.0002
vn -0.9573 0.2892 -0.0000
vn -0.8918 0.4524 0.0006
vn -0.9974 -0.0723 0.0002
vn -0.0000 -0.5083 -0.8612
vn 1.0000 -0.0000 0.0001
vn 0.0126 0.0181 0.9998
vn 0.0126 0.0187 -0.9997
vn -0.9686 -0.2487 0.0037
vn -0.8100 0.5865 -0.0000
vn -0.8121 0.5836 -0.0002
vn -0.8121 0.5835 -0.0002
vn 0.8106 0.5856 -0.0000
vn 0.8134 0.5816 -0.0002
vn -0.8122 0.5834 -0.0002
vn -0.0000 0.8694 0.4942
vn -0.9976 0.0688 0.0004
vn -0.9970 -0.0768 -0.0004
vn -0.9651 0.2619 0.0026
vn 1.0000 -0.0001 -0.0000
vn 0.9506 0.3103 -0.0000
vn 0.9585 0.2852 -0.0024
vn 0.8746 0.4849 -0.0005
vn -0.0000 -0.5081 0.8613
vn 0.9995 -0.0301 -0.0000
vn 1.0000 -0.0002 -0.0000
vn -1.0000 -0.0001 -0.0000
vn 0.9506 -0.3103 -0.0000
vn 1.0000 0.0001 -0.0000
vn 0.9585 -0.2852 -0.0024
vn 0.8746 -0.4849 -0.0005
vn 0.8928 -0.4505 -0.0040
vn 0.6318 0.7751 -0.0003
vn 0.9974 0.0719 0.0004
vn 1.0000 -0.0022 0.0005
vn -0.9973 0.0733 -0.0004
vn -0.0000 -0.2304 0.9731
vn 0.1260 0.9920 -0.0000
vn -0.0000 0.8034 -0.5954
vn -0.1712 0.9852 -0.0000
vn -0.0000 0.8033 0.5955
vn -1.0000 -0.0016 -0.0000
vn -0.2702 -0.9628 -0.0000
vn -0.0000 -0.5709 -0.8210
vn -0.0000 -0.5708 -0.8211
vn -0.0000 -0.5710 -0.8210
vn 0.2394 -0.9709 -0.0000
vn -0.0000 -0.5709 0.8210
vn -0.0000 -0.5710 0.8210
vn -0.2713 -0.9625 -0.0000
vn 0.2393 -0.9709 -0.0000
vn -0.2714 -0.9625 -0.0000
vn 0.3162 -0.9487 -0.0000
vn -0.0000 -0.5708 0.8211
vn 1.0000 0.0016 -0.0000
vn 1.0000 -0.0016 -0.0000
vn 0.1403 0.9901 -0.0000
vn -0.0000 0.8034 -0.5955
vn -0.1438 0.9896 -0.0000
vn -0.0000 0.8034 0.5954
vn -0.0000 0.8035 0.5954
vn -0.0000 0.8035 0.5953
vn -0.1437 0.9896 -0.0000
vn -0.0000 0.8033 -0.5955
vn -1.0000 0.0016 -0.0000
vn -0.0000 -0.5082 0.8613
vn -0.0000 0.2197 -0.9756
vn -0.0000 -0.2299 0.9732
vn -0.0000 -0.2298 -0.9732
vn -0.0000 1.0000 0.0003
vn -0.0000 0.2198 0.9755
vn -0.0000 -0.2299 -0.9732
vn 0.2108 -0.9760 -0.0553
vn 0.2109 -0.9760 -0.0553
vn -0.1979 0.9416 -0.2724
vn -0.0000 0.7944 -0.6074
vn -0.3570 0.7944 -0.4914
vn -0.2960 0.2869 -0.9111
vn -0.3090 -0.0000 -0.9511
vn -0.4815 -0.5735 -0.6627
vn -0.4156 -0.7071 -0.5721
vn -0.0000 0.9416 -0.3367
vn -0.4815 0.5735 -0.6627
vn -0.2960 -0.2869 -0.9111
vn -0.0000 -0.5735 -0.8192
vn -0.0000 0.5735 -0.8192
vn -0.8090 -0.0000 -0.5878
vn -0.7750 -0.2869 -0.5631
vn -0.5777 0.7944 -0.1877
vn -0.7791 0.5735 -0.2531
vn -0.7791 -0.5735 -0.2531
vn -0.7750 0.2869 -0.5631
vn -0.3202 0.9416 -0.1041
vn -0.6725 -0.7071 -0.2185
vn -0.7791 -0.5735 0.2531
vn -0.6725 -0.7071 0.2185
vn -0.3202 0.9416 0.1041
vn -0.7791 0.5735 0.2531
vn -0.9580 0.2869 -0.0000
vn -0.9580 -0.2869 -0.0000
vn -0.5777 0.7944 0.1877
vn -0.7750 -0.2869 0.5631
vn -0.4815 -0.5735 0.6627
vn -0.4815 0.5735 0.6627
vn -0.7750 0.2869 0.5631
vn -0.1979 0.9416 0.2724
vn -0.4156 -0.7071 0.5721
vn -0.8090 -0.0000 0.5878
vn -0.3570 0.7944 0.4914
vn -0.0000 0.7944 0.6074
vn -0.0000 0.5735 0.8192
vn -0.3090 -0.0000 0.9511
vn -0.2960 -0.2869 0.9111
vn -0.0000 0.9416 0.3367
vn -0.2960 0.2869 0.9111
vn -0.0000 -0.5735 0.8192
vn 0.2960 0.2869 0.9111
vn 0.3090 -0.0000 0.9511
vn 0.1979 0.9416 0.2724
vn 0.3570 0.7944 0.4914
vn 0.2960 -0.2869 0.9111
vn 0.4815 0.5735 0.6627
vn 0.4815 -0.5735 0.6627
vn 0.4156 -0.7071 0.5721
vn 0.5777 0.7944 0.1877
vn 0.7750 0.2869 0.5631
vn 0.8090 -0.0000 0.5878
vn 0.7791 -0.5735 0.2532
vn 0.6725 -0.7071 0.2185
vn 0.3202 0.9416 0.1041
vn 0.7791 0.5735 0.2531
vn 0.7750 -0.2869 0.5631
vn 0.9580 -0.2869 -0.0000
vn 0.5777 0.7944 -0.1877
vn 0.7791 0.5735 -0.2531
vn 0.7791 -0.5735 -0.2531
vn 0.9580 0.2869 -0.0000
vn 0.3202 0.9416 -0.1041
vn 0.6725 -0.7071 -0.2185
vn 0.1979 0.9416 -0.2724
vn 0.4815 0.5735 -0.6627
vn 0.7750 0.2869 -0.5631
vn 0.7750 -0.2869 -0.5631
vn 0.4815 -0.5735 -0.6627
vn 0.3570 0.7944 -0.4914
vn 0.8090 -0.0000 -0.5878
vn 0.4156 -0.7071 -0.5721
vn 0.2960 -0.2869 -0.9111
vn 0.2960 0.2869 -0.9111
vn 0.3090 -0.0000 -0.9511
vn 0.0618 -0.0057 -0.9981
vn -0.0612 -0.0051 0.9981
vn 0.0623 0.0058 0.9980
vn -0.0618 0.0053 -0.9981
vn -0.9980 0.0628 0.0002
vn 0.9979 0.0654 0.0012
vn -0.9974 -0.0719 0.0004
vn -0.1891 -0.5551 0.8100
vn 0.1914 -0.5563 0.8086
vn 0.1914 -0.5561 -0.8088
vn -0.1891 -0.5541 -0.8107
vn -0.0612 -0.0050 0.9981
vn 0.0622 0.0057 0.9980
vn 0.9978 0.0661 0.0012
vn -0.9975 -0.0711 0.0004
vn -0.1891 -0.5550 0.8100
vn 0.1914 -0.5561 0.8088
vn 0.9970 -0.0778 -0.0000
vn -0.1891 -0.5539 -0.8108
vn -0.9980 0.0627 0.0002
vn -0.1891 -0.5550 0.8101
vn -0.1891 -0.5540 -0.8108
vn -0.0618 0.0052 -0.9981
vn 0.9970 -0.0779 -0.0000
vn 0.1914 -0.5560 -0.8089
vn -0.1891 -0.5538 -0.8109
vn -0.0611 -0.0050 0.9981
vn -0.9981 0.0621 0.0002
vn -0.9975 -0.0711 0.0003
vn 0.1914 -0.5560 -0.8088
vn 0.0093 -1.0000 -0.0003
vn 0.8105 -0.5858 -0.0000
vn -0.9195 0.3930 0.0061
vn -0.9100 0.4147 0.0042
vn 0.8930 0.4501 -0.0040
vn -0.8105 0.5857 -0.0000
vn 0.8104 0.5858 -0.0000
vn 0.8104 0.5859 -0.0000
vn 0.6289 0.7775 -0.0000
vn -0.6219 0.7831 -0.0000
vn 0.9977 0.0684 -0.0000
vn -0.9976 0.0693 -0.0000
vn 0.2109 -0.9759 -0.0553
vn 0.9974 -0.0717 -0.0000
vn -0.9974 -0.0727 -0.0000
vn -0.8123 -0.5833 -0.0001
vn -0.9100 0.4146 0.0042
vn 0.6288 0.7775 -0.0000
vn -0.9195 0.3931 0.0061
vn -0.8106 0.5857 -0.0000
vn 0.6288 0.7776 -0.0000
vn -0.6218 0.7832 -0.0000
vn -0.0000 0.2199 -0.9755
vn -0.0000 0.2198 -0.9755
vn -0.0000 -0.2300 0.9732
vn -0.9193 0.3934 0.0061
vn -0.0000 0.8351 0.5502
vn -0.8122 -0.5833 -0.0002
vn -0.8100 0.5864 -0.0000
vn 0.6291 0.7773 -0.0000
vn -0.6216 0.7834 -0.0000
vn -0.0000 0.2200 0.9755
vn -0.9974 -0.0726 -0.0000
vn -0.9099 0.4147 0.0042
vn -0.6216 0.7833 -0.0000
vn -0.8099 0.5866 -0.0000
vn 0.8928 0.4505 -0.0040
vn -0.0000 0.2199 0.9755
vt 0.719805 0.390501
vt 0.723530 0.001328
vt 0.723530 0.390502
vt 0.657274 0.390506
vt 0.660539 0.001327
vt 0.660539 0.390500
vt 0.653548 0.390510
vt 0.657274 0.001333
vt 0.699587 0.390502
vt 0.703313 0.001328
vt 0.703313 0.390501
vt 0.696320 0.390503
vt 0.699587 0.001328
vt 0.674226 0.390512
vt 0.678430 0.001341
vt 0.678430 0.390513
vt 0.649506 0.390513
vt 0.653548 0.001337
vt 0.686676 0.390510
vt 0.690401 0.001333
vt 0.690401 0.390506
vt 0.711560 0.390501
vt 0.715763 0.001327
vt 0.715763 0.390501
vt 0.633331 0.390506
vt 0.637056 0.001337
vt 0.637056 0.390510
vt 0.641098 0.001340
vt 0.641098 0.390513
vt 0.707356 0.001327
vt 0.707356 0.390501
vt 0.740482 0.390501
vt 0.744686 0.001327
vt 0.744686 0.390501
vt 0.756656 0.390501
vt 0.759921 0.001328
vt 0.759921 0.390502
vt 0.748890 0.001327
vt 0.748890 0.390501
vt 0.682634 0.390512
vt 0.686676 0.001337
vt 0.729448 0.390502
vt 0.732714 0.001328
vt 0.732714 0.390501
vt 0.666458 0.390506
vt 0.670184 0.001337
vt 0.670184 0.390510
vt 0.685209 0.547853
vt 0.735592 0.598236
vt 0.685209 0.598236
vt 0.674226 0.001340
vt 0.693666 0.001327
vt 0.693666 0.390500
vt 0.736439 0.390501
vt 0.740482 0.001327
vt 0.735592 0.651273
vt 0.723474 0.613011
vt 0.735592 0.600890
vt 0.645302 0.390514
vt 0.649506 0.001340
vt 0.685209 0.600890
vt 0.697333 0.639152
vt 0.685209 0.651273
vt 0.697333 0.613011
vt 0.723474 0.639152
vt 0.758662 0.598236
vt 0.756617 0.547853
vt 0.758662 0.547853
vt 0.758662 0.651273
vt 0.756617 0.600890
vt 0.758662 0.600890
vt 0.150214 0.906423
vt 0.148170 0.856040
vt 0.150214 0.856040
vt 0.873491 0.921076
vt 0.871447 0.870693
vt 0.873491 0.870693
vt 0.736439 0.001327
vt 0.726794 0.001329
vt 0.726794 0.390503
vt 0.719805 0.001328
vt 0.682634 0.001340
vt 0.711560 0.001327
vt 0.663193 0.390500
vt 0.666458 0.001333
vt 0.645302 0.001341
vt 0.630066 0.390500
vt 0.633331 0.001333
vt 0.752932 0.001327
vt 0.752932 0.390501
vt 0.756656 0.001328
vt 0.877656 0.514753
vt 0.893373 0.524360
vt 0.877656 0.524360
vt 0.592419 0.742766
vt 0.576702 0.726739
vt 0.592419 0.726739
vt 0.430123 0.925196
vt 0.445841 0.933087
vt 0.430123 0.933086
vt 0.023901 0.057300
vt 0.041652 0.050701
vt 0.031248 0.062755
vt 0.430123 0.913147
vt 0.445841 0.925197
vt 0.280386 0.762699
vt 0.262635 0.756100
vt 0.269982 0.750645
vt 0.017044 0.975971
vt 0.001327 0.962897
vt 0.017044 0.962897
vt 0.187083 0.032950
vt 0.193683 0.050701
vt 0.181628 0.040297
vt 0.682555 0.699884
vt 0.666835 0.687831
vt 0.682553 0.687831
vt 0.432417 0.762699
vt 0.425817 0.780450
vt 0.420362 0.773103
vt 0.645783 0.558140
vt 0.630071 0.545066
vt 0.645788 0.545066
vt 0.211433 0.057300
vt 0.200153 0.044231
vt 0.478168 0.949721
vt 0.493885 0.961770
vt 0.478167 0.961770
vt 0.450167 0.756100
vt 0.438887 0.769170
vt 0.145644 0.966906
vt 0.129927 0.953831
vt 0.145644 0.953830
vt 0.445841 0.941041
vt 0.430123 0.941041
vt 0.108901 0.975959
vt 0.093184 0.972089
vt 0.108901 0.972089
vt 0.592419 0.758712
vt 0.576702 0.742766
vt 0.003584 0.038925
vt 0.016694 0.051561
vt 0.008098 0.054692
vt 0.459041 0.850415
vt 0.474759 0.864950
vt 0.459041 0.864950
vt 0.255428 0.761839
vt 0.242318 0.774475
vt 0.246832 0.758709
vt 0.592419 0.774476
vt 0.576702 0.758712
vt 0.001327 0.022776
vt 0.012534 0.037028
vt 0.459041 0.835527
vt 0.474759 0.850415
vt 0.251268 0.776372
vt 0.240061 0.790624
vt 0.592419 0.790624
vt 0.576702 0.774476
vt 0.001327 0.006956
vt 0.010453 0.022141
vt 0.459041 0.820029
vt 0.474759 0.835527
vt 0.249187 0.791259
vt 0.240061 0.806445
vt 0.234007 0.001327
vt 0.224881 0.006185
vt 0.224881 0.001342
vt 0.915427 0.797982
vt 0.931144 0.802825
vt 0.915427 0.802825
vt 0.463615 0.807215
vt 0.472741 0.812073
vt 0.463615 0.812058
vt 0.872219 0.930467
vt 0.867058 0.946184
vt 0.867058 0.930467
vt 0.234007 0.022776
vt 0.222801 0.037028
vt 0.224881 0.022142
vt 0.915427 0.767138
vt 0.931144 0.782026
vt 0.915427 0.782026
vt 0.461535 0.776372
vt 0.472741 0.790624
vt 0.463615 0.791259
vt 0.682548 0.721852
vt 0.666830 0.705704
vt 0.682548 0.705704
vt 0.231751 0.038925
vt 0.218640 0.051561
vt 0.915427 0.752603
vt 0.931144 0.767138
vt 0.457374 0.761839
vt 0.470485 0.774475
vt 0.682548 0.737616
vt 0.666830 0.721852
vt 0.001327 0.959025
vt 0.017044 0.959026
vt 0.474759 0.874561
vt 0.459041 0.874561
vt 0.264955 0.742753
vt 0.254132 0.742760
vt 0.260204 0.733216
vt 0.021468 0.061170
vt 0.026221 0.070648
vt 0.015397 0.070640
vt 0.021470 0.080185
vt 0.008098 0.086664
vt 0.031248 0.078599
vt 0.269982 0.734801
vt 0.260202 0.752230
vt 0.246832 0.726737
vt 0.893373 0.693927
vt 0.877656 0.703534
vt 0.877656 0.693927
vt 0.666830 0.769588
vt 0.682548 0.753561
vt 0.682548 0.769588
vt 0.493885 0.941830
vt 0.478168 0.941830
vt 0.493885 0.933877
vt 0.478168 0.933877
vt 0.703580 0.964407
vt 0.719297 0.960537
vt 0.719297 0.964407
vt 0.666831 0.753561
vt 0.129927 0.970777
vt 0.145644 0.970777
vt 0.931144 0.742992
vt 0.915427 0.742992
vt 0.458671 0.742760
vt 0.447847 0.742753
vt 0.452598 0.733216
vt 0.213866 0.061171
vt 0.204086 0.062755
vt 0.227237 0.054692
vt 0.219937 0.070640
vt 0.213864 0.080185
vt 0.227237 0.086664
vt 0.218640 0.089794
vt 0.204087 0.078599
vt 0.209113 0.070648
vt 0.442821 0.734801
vt 0.450167 0.729345
vt 0.452600 0.752230
vt 0.442820 0.750645
vt 0.465971 0.758709
vt 0.465971 0.726737
vt 0.877656 0.801906
vt 0.893373 0.811513
vt 0.877656 0.811513
vt 0.592419 0.630688
vt 0.576702 0.614662
vt 0.592419 0.614662
vt 0.759116 0.933860
vt 0.774833 0.941750
vt 0.759116 0.941750
vt 0.023901 0.169378
vt 0.041652 0.162779
vt 0.031248 0.174833
vt 0.759116 0.921811
vt 0.774833 0.933860
vt 0.280386 0.650621
vt 0.262635 0.644022
vt 0.269982 0.638567
vt 0.445840 0.972701
vt 0.430123 0.959626
vt 0.445840 0.959626
vt 0.048251 0.145028
vt 0.035181 0.156308
vt 0.912306 0.431105
vt 0.896601 0.419035
vt 0.912319 0.419049
vt 0.286985 0.668372
vt 0.273915 0.657092
vt 0.950484 0.273423
vt 0.934765 0.260352
vt 0.950483 0.260357
vt 0.062483 0.135998
vt 0.053706 0.152375
vt 0.912293 0.444215
vt 0.896589 0.431092
vt 0.292440 0.661025
vt 0.301217 0.677402
vt 0.950483 0.287651
vt 0.934766 0.273418
vt 0.172851 0.135998
vt 0.181628 0.152375
vt 0.168519 0.144058
vt 0.931603 0.310401
vt 0.915883 0.297294
vt 0.931601 0.297294
vt 0.420362 0.661025
vt 0.411585 0.677402
vt 0.407253 0.669342
vt 0.474760 0.912706
vt 0.459042 0.898474
vt 0.474759 0.898470
vt 0.187083 0.145028
vt 0.193683 0.162779
vt 0.931605 0.322454
vt 0.915886 0.310401
vt 0.432417 0.650621
vt 0.425817 0.668372
vt 0.474759 0.925780
vt 0.459042 0.912710
vt 0.211433 0.169378
vt 0.200153 0.156308
vt 0.630066 0.951155
vt 0.645783 0.963205
vt 0.630066 0.963205
vt 0.450167 0.644022
vt 0.438887 0.657092
vt 0.968923 0.602722
vt 0.953206 0.589647
vt 0.968923 0.589647
vt 0.023901 0.084056
vt 0.041652 0.090655
vt 0.035181 0.097125
vt 0.445840 0.953101
vt 0.430123 0.953101
vt 0.280386 0.722746
vt 0.262635 0.729345
vt 0.273915 0.716275
vt 0.093184 0.959024
vt 0.108901 0.959024
vt 0.211433 0.084056
vt 0.193683 0.090655
vt 0.478167 0.921817
vt 0.432417 0.722746
vt 0.719297 0.977471
vt 0.187083 0.108405
vt 0.200153 0.097125
vt 0.915940 0.663416
vt 0.931659 0.675471
vt 0.915942 0.675467
vt 0.425817 0.704995
vt 0.438887 0.716275
vt 0.933799 0.778481
vt 0.949515 0.791550
vt 0.933798 0.791553
vt 0.172851 0.117436
vt 0.181628 0.101058
vt 0.915940 0.650311
vt 0.931658 0.663420
vt 0.420362 0.712342
vt 0.411585 0.695965
vt 0.933798 0.764247
vt 0.949516 0.778478
vt 0.062483 0.117436
vt 0.053706 0.101058
vt 0.066815 0.109376
vt 0.896314 0.142918
vt 0.912072 0.155976
vt 0.896355 0.156030
vt 0.292440 0.712342
vt 0.301217 0.695965
vt 0.305549 0.704025
vt 0.934766 0.219218
vt 0.950483 0.233452
vt 0.934766 0.233449
vt 0.048251 0.108406
vt 0.896277 0.130860
vt 0.912031 0.142864
vt 0.286985 0.704995
vt 0.934766 0.206150
vt 0.950483 0.219221
vt 0.774833 0.949704
vt 0.759116 0.949704
vt 0.700926 0.977472
vt 0.685209 0.973602
vt 0.700926 0.973602
vt 0.592419 0.646634
vt 0.576702 0.630688
vt 0.003584 0.151003
vt 0.016694 0.163639
vt 0.008098 0.166769
vt 0.877656 0.583670
vt 0.893373 0.598205
vt 0.877656 0.598205
vt 0.255428 0.649761
vt 0.242318 0.662398
vt 0.246832 0.646631
vt 0.592419 0.662398
vt 0.576702 0.646634
vt 0.001327 0.134854
vt 0.012534 0.149106
vt 0.877656 0.568783
vt 0.893374 0.583670
vt 0.251268 0.664294
vt 0.240061 0.678546
vt 0.592419 0.678546
vt 0.576702 0.662398
vt 0.001327 0.118579
vt 0.010453 0.134219
vt 0.877656 0.553777
vt 0.893374 0.568783
vt 0.249187 0.694187
vt 0.249187 0.679181
vt 0.012534 0.104327
vt 0.010453 0.119214
vt 0.877656 0.538892
vt 0.893374 0.553777
vt 0.251268 0.709073
vt 0.240061 0.694821
vt 0.592419 0.710970
vt 0.576702 0.694821
vt 0.592419 0.694821
vt 0.003584 0.102431
vt 0.016694 0.089794
vt 0.893374 0.538892
vt 0.255428 0.723606
vt 0.242318 0.710969
vt 0.576702 0.710970
vt 0.231751 0.102431
vt 0.893374 0.679396
vt 0.457374 0.723606
vt 0.470485 0.710969
vt 0.682548 0.785358
vt 0.234007 0.118579
vt 0.222801 0.104327
vt 0.877656 0.679396
vt 0.893374 0.664510
vt 0.461535 0.709073
vt 0.472741 0.694821
vt 0.682548 0.801507
vt 0.666830 0.785358
vt 0.234007 0.134854
vt 0.224881 0.119214
vt 0.877656 0.649504
vt 0.877656 0.664510
vt 0.463615 0.694187
vt 0.472741 0.678546
vt 0.222801 0.149106
vt 0.224881 0.134220
vt 0.877656 0.634617
vt 0.893374 0.649504
vt 0.461535 0.664294
vt 0.463615 0.679180
vt 0.645783 0.684535
vt 0.630066 0.668388
vt 0.645783 0.668388
vt 0.231751 0.151003
vt 0.218640 0.163639
vt 0.877656 0.620082
vt 0.893374 0.634617
vt 0.457374 0.649761
vt 0.470485 0.662398
vt 0.645783 0.700300
vt 0.630066 0.684535
vt 0.445840 0.955755
vt 0.430123 0.955755
vt 0.877656 0.607817
vt 0.893373 0.607817
vt 0.264955 0.630675
vt 0.254132 0.630682
vt 0.260204 0.621138
vt 0.021468 0.173248
vt 0.026221 0.182726
vt 0.015398 0.182718
vt 0.021470 0.192263
vt 0.008098 0.198742
vt 0.031248 0.190677
vt 0.269982 0.622723
vt 0.260202 0.640152
vt 0.246832 0.614659
vt 0.682548 0.890387
vt 0.666830 0.899994
vt 0.666831 0.890386
vt 0.630066 0.732272
vt 0.645783 0.716245
vt 0.645783 0.732272
vt 0.645783 0.943265
vt 0.630066 0.943265
vt 0.645783 0.935311
vt 0.630066 0.935311
vt 0.811506 0.965164
vt 0.827223 0.961295
vt 0.827223 0.965165
vt 0.630066 0.716245
vt 0.953206 0.606593
vt 0.968923 0.606593
vt 0.893373 0.610471
vt 0.877656 0.610471
vt 0.458671 0.630682
vt 0.447847 0.630675
vt 0.452598 0.621138
vt 0.213866 0.173248
vt 0.204086 0.174833
vt 0.227237 0.166769
vt 0.219937 0.182718
vt 0.213864 0.192263
vt 0.227237 0.198742
vt 0.218640 0.201873
vt 0.204087 0.190677
vt 0.209113 0.182726
vt 0.442821 0.622723
vt 0.450167 0.617267
vt 0.452600 0.640152
vt 0.442820 0.638567
vt 0.465971 0.646631
vt 0.465971 0.614659
vt 0.038070 0.814727
vt 0.053787 0.824335
vt 0.038070 0.824335
vt 0.592419 0.518610
vt 0.576702 0.502584
vt 0.592419 0.502584
vt 0.411752 0.925197
vt 0.427469 0.933086
vt 0.411752 0.933086
vt 0.023901 0.281456
vt 0.041652 0.274857
vt 0.031248 0.286912
vt 0.411752 0.913147
vt 0.427469 0.925197
vt 0.280386 0.538543
vt 0.262635 0.531944
vt 0.269982 0.526489
vt 0.090530 0.975970
vt 0.074812 0.962895
vt 0.090530 0.962896
vt 0.048251 0.257106
vt 0.035181 0.268386
vt 0.912306 0.495896
vt 0.896602 0.483827
vt 0.912319 0.483840
vt 0.286985 0.556294
vt 0.273915 0.545014
vt 0.950552 0.432106
vt 0.934833 0.419035
vt 0.950551 0.419040
vt 0.062483 0.248076
vt 0.053706 0.264453
vt 0.912293 0.509007
vt 0.896589 0.495883
vt 0.292440 0.548947
vt 0.301217 0.565324
vt 0.950552 0.446335
vt 0.934834 0.432101
vt 0.172851 0.248076
vt 0.181628 0.264453
vt 0.168519 0.256136
vt 0.931603 0.245645
vt 0.915883 0.232538
vt 0.931601 0.232537
vt 0.420362 0.548948
vt 0.411585 0.565324
vt 0.407253 0.557265
vt 0.827225 0.921267
vt 0.811508 0.907036
vt 0.827225 0.907032
vt 0.187083 0.257106
vt 0.193683 0.274857
vt 0.931606 0.257698
vt 0.915886 0.245645
vt 0.432417 0.538543
vt 0.425817 0.556294
vt 0.827224 0.934342
vt 0.811508 0.921272
vt 0.211433 0.281456
vt 0.200153 0.268386
vt 0.896028 0.951666
vt 0.911745 0.963716
vt 0.896028 0.963716
vt 0.450167 0.531944
vt 0.438887 0.545014
vt 0.427469 0.968830
vt 0.411752 0.955755
vt 0.427469 0.955755
vt 0.023901 0.196134
vt 0.041652 0.202733
vt 0.035181 0.209203
vt 0.774833 0.961764
vt 0.759116 0.961764
vt 0.280386 0.610668
vt 0.262635 0.617267
vt 0.273915 0.604197
vt 0.685209 0.960537
vt 0.700926 0.960537
vt 0.211433 0.196134
vt 0.193683 0.202733
vt 0.645783 0.923251
vt 0.432417 0.610668
vt 0.827223 0.978229
vt 0.187083 0.220484
vt 0.200153 0.209203
vt 0.915942 0.740258
vt 0.931658 0.728211
vt 0.931659 0.740262
vt 0.425817 0.592917
vt 0.438887 0.604197
vt 0.877657 0.933112
vt 0.893373 0.946181
vt 0.877656 0.946184
vt 0.172851 0.229514
vt 0.181628 0.213136
vt 0.915940 0.715102
vt 0.915940 0.728207
vt 0.420362 0.600264
vt 0.411585 0.583887
vt 0.877656 0.918878
vt 0.893374 0.933109
vt 0.062483 0.229514
vt 0.053706 0.213136
vt 0.066815 0.221454
vt 0.896313 0.013439
vt 0.912072 0.026498
vt 0.896355 0.026551
vt 0.292440 0.600264
vt 0.301217 0.583887
vt 0.305549 0.591947
vt 0.934766 0.065601
vt 0.950483 0.079835
vt 0.934766 0.079832
vt 0.048251 0.220484
vt 0.896277 0.001381
vt 0.912031 0.013386
vt 0.286985 0.592917
vt 0.934766 0.052533
vt 0.950483 0.065604
vt 0.427469 0.941041
vt 0.411752 0.941041
vt 0.072041 0.975960
vt 0.056324 0.972090
vt 0.072041 0.972090
vt 0.592419 0.534556
vt 0.576702 0.518610
vt 0.003584 0.263081
vt 0.016694 0.275717
vt 0.008098 0.278847
vt 0.877656 0.870822
vt 0.893373 0.885358
vt 0.877656 0.885358
vt 0.255428 0.537683
vt 0.242318 0.550320
vt 0.246832 0.534553
vt 0.592419 0.550321
vt 0.576702 0.534556
vt 0.001327 0.246932
vt 0.012534 0.261184
vt 0.877656 0.855935
vt 0.893373 0.870822
vt 0.251268 0.552217
vt 0.240061 0.566468
vt 0.592419 0.566468
vt 0.576702 0.550321
vt 0.010453 0.231292
vt 0.010453 0.246298
vt 0.877656 0.840929
vt 0.893373 0.855936
vt 0.249187 0.582109
vt 0.249187 0.567103
vt 0.001327 0.230657
vt 0.012534 0.216405
vt 0.877656 0.826044
vt 0.893373 0.840929
vt 0.251268 0.596995
vt 0.240061 0.582743
vt 0.592419 0.598892
vt 0.576702 0.582743
vt 0.592419 0.582743
vt 0.003584 0.214509
vt 0.016694 0.201873
vt 0.893373 0.826044
vt 0.255428 0.611528
vt 0.242318 0.598891
vt 0.576702 0.598892
vt 0.231751 0.214509
vt 0.666831 0.875856
vt 0.457374 0.611528
vt 0.470485 0.598892
vt 0.645783 0.748041
vt 0.234007 0.230657
vt 0.222801 0.216405
vt 0.666831 0.860970
vt 0.682548 0.875856
vt 0.461535 0.596995
vt 0.472741 0.582743
vt 0.645783 0.764190
vt 0.630066 0.748041
vt 0.234007 0.246932
vt 0.224881 0.231292
vt 0.666831 0.845964
vt 0.682548 0.860970
vt 0.463615 0.582109
vt 0.472741 0.566468
vt 0.222801 0.261184
vt 0.224881 0.246298
vt 0.666831 0.831077
vt 0.682548 0.845964
vt 0.461535 0.552217
vt 0.463615 0.567103
vt 0.700926 0.777668
vt 0.685209 0.761521
vt 0.700926 0.761521
vt 0.231751 0.263081
vt 0.218640 0.275717
vt 0.666831 0.816542
vt 0.682548 0.831077
vt 0.457374 0.537683
vt 0.470485 0.550320
vt 0.700926 0.793433
vt 0.685209 0.777668
vt 0.074812 0.959024
vt 0.090530 0.959024
vt 0.893373 0.894969
vt 0.877656 0.894969
vt 0.264955 0.518597
vt 0.254132 0.518605
vt 0.260204 0.509060
vt 0.021468 0.285326
vt 0.026221 0.294803
vt 0.015398 0.294796
vt 0.021470 0.304341
vt 0.008098 0.310820
vt 0.031248 0.302755
vt 0.269982 0.510645
vt 0.260202 0.528074
vt 0.246832 0.502581
vt 0.017044 0.898183
vt 0.001327 0.907791
vt 0.001327 0.898183
vt 0.685209 0.825405
vt 0.700926 0.809378
vt 0.700926 0.825405
vt 0.911745 0.943777
vt 0.896028 0.943776
vt 0.911745 0.935822
vt 0.896028 0.935822
vt 0.724565 0.964441
vt 0.740282 0.960572
vt 0.740282 0.964441
vt 0.685209 0.809378
vt 0.411752 0.972701
vt 0.427469 0.972701
vt 0.682548 0.806931
vt 0.666830 0.806931
vt 0.458671 0.518605
vt 0.447847 0.518597
vt 0.452598 0.509060
vt 0.213866 0.285326
vt 0.204086 0.286912
vt 0.227237 0.278847
vt 0.219937 0.294796
vt 0.213864 0.304341
vt 0.227237 0.310820
vt 0.218640 0.313951
vt 0.204087 0.302756
vt 0.209113 0.294803
vt 0.442821 0.510645
vt 0.450167 0.505189
vt 0.452600 0.528074
vt 0.442820 0.526489
vt 0.465971 0.534553
vt 0.465971 0.502581
vt 0.877656 0.706188
vt 0.893373 0.715795
vt 0.877656 0.715795
vt 0.592419 0.406532
vt 0.576702 0.390506
vt 0.592419 0.390506
vt 0.496539 0.933867
vt 0.512256 0.941756
vt 0.496539 0.941756
vt 0.023901 0.393534
vt 0.041652 0.386935
vt 0.031248 0.398990
vt 0.496539 0.921817
vt 0.512256 0.933867
vt 0.280386 0.426465
vt 0.262635 0.419867
vt 0.269982 0.414411
vt 0.035416 0.975971
vt 0.019698 0.962897
vt 0.035416 0.962897
vt 0.048251 0.369184
vt 0.035181 0.380464
vt 0.912306 0.560688
vt 0.896601 0.548618
vt 0.912319 0.548631
vt 0.286985 0.444217
vt 0.273915 0.432936
vt 0.950491 0.338179
vt 0.934773 0.325108
vt 0.950490 0.325113
vt 0.062483 0.360154
vt 0.053706 0.376531
vt 0.912293 0.573798
vt 0.896589 0.560674
vt 0.292440 0.436870
vt 0.301218 0.453247
vt 0.934773 0.352403
vt 0.934774 0.338174
vt 0.172851 0.360154
vt 0.181628 0.376531
vt 0.168519 0.368214
vt 0.931603 0.180889
vt 0.915883 0.167781
vt 0.931601 0.167781
vt 0.420362 0.436870
vt 0.411585 0.453247
vt 0.407253 0.445187
vt 0.540145 0.921265
vt 0.524428 0.907033
vt 0.540145 0.907029
vt 0.187083 0.369184
vt 0.193683 0.386935
vt 0.931605 0.192942
vt 0.915886 0.180889
vt 0.432417 0.426465
vt 0.425817 0.444217
vt 0.540144 0.934339
vt 0.524428 0.921269
vt 0.211433 0.393534
vt 0.200153 0.380464
vt 0.952170 0.813502
vt 0.967887 0.825553
vt 0.952170 0.825553
vt 0.450167 0.419867
vt 0.438887 0.432936
vt 0.968923 0.563521
vt 0.953206 0.550446
vt 0.968923 0.550446
vt 0.023901 0.308211
vt 0.041652 0.314810
vt 0.035181 0.321281
vt 0.427469 0.953101
vt 0.411752 0.953101
vt 0.280386 0.498590
vt 0.262635 0.505189
vt 0.273915 0.492119
vt 0.056324 0.959025
vt 0.072041 0.959025
vt 0.211433 0.308211
vt 0.193683 0.314810
vt 0.896028 0.923763
vt 0.432417 0.498590
vt 0.740282 0.977506
vt 0.187083 0.332562
vt 0.200153 0.321281
vt 0.915942 0.610675
vt 0.931657 0.598629
vt 0.931659 0.610679
vt 0.425817 0.480839
vt 0.438887 0.492119
vt 0.933799 0.829695
vt 0.949516 0.842765
vt 0.933798 0.842767
vt 0.172851 0.341592
vt 0.181628 0.325215
vt 0.915940 0.598625
vt 0.931657 0.585523
vt 0.420362 0.488186
vt 0.411585 0.471809
vt 0.933798 0.815462
vt 0.949516 0.829693
vt 0.062483 0.341592
vt 0.053706 0.325215
vt 0.066815 0.333532
vt 0.896313 0.078179
vt 0.912072 0.091237
vt 0.896355 0.091291
vt 0.292440 0.488186
vt 0.301218 0.471809
vt 0.305549 0.479869
vt 0.934766 0.116807
vt 0.950483 0.131040
vt 0.934766 0.131038
vt 0.048251 0.332562
vt 0.896277 0.066120
vt 0.912031 0.078125
vt 0.286985 0.480839
vt 0.934766 0.103738
vt 0.950483 0.116809
vt 0.496539 0.949711
vt 0.512256 0.949711
vt 0.861921 0.978220
vt 0.846204 0.974351
vt 0.861921 0.974351
vt 0.592419 0.422478
vt 0.576702 0.406532
vt 0.003584 0.375159
vt 0.016694 0.387795
vt 0.008098 0.390925
vt 0.038070 0.898179
vt 0.053787 0.883645
vt 0.053787 0.898179
vt 0.255428 0.425605
vt 0.242318 0.438242
vt 0.246832 0.422475
vt 0.592419 0.438243
vt 0.576702 0.422478
vt 0.001327 0.359010
vt 0.012534 0.373262
vt 0.038070 0.883644
vt 0.053787 0.868757
vt 0.251268 0.440138
vt 0.240061 0.454390
vt 0.592419 0.454390
vt 0.576702 0.438243
vt 0.010453 0.343370
vt 0.010453 0.358376
vt 0.038070 0.853751
vt 0.038070 0.868757
vt 0.249187 0.470031
vt 0.249187 0.455025
vt 0.001327 0.342735
vt 0.012534 0.328483
vt 0.038070 0.838866
vt 0.053787 0.853751
vt 0.251268 0.484917
vt 0.240061 0.470666
vt 0.592419 0.486815
vt 0.576702 0.470666
vt 0.592419 0.470666
vt 0.003584 0.326587
vt 0.016694 0.313950
vt 0.053787 0.838866
vt 0.255428 0.499450
vt 0.242318 0.486814
vt 0.576702 0.486815
vt 0.231751 0.326587
vt 0.001327 0.883652
vt 0.457374 0.499450
vt 0.470485 0.486814
vt 0.700926 0.841174
vt 0.234007 0.342735
vt 0.222801 0.328483
vt 0.001327 0.868767
vt 0.017044 0.883652
vt 0.461535 0.484917
vt 0.472741 0.470666
vt 0.700926 0.857323
vt 0.685209 0.841174
vt 0.224881 0.358376
vt 0.224881 0.343370
vt 0.001327 0.853760
vt 0.017044 0.868767
vt 0.463615 0.470031
vt 0.472741 0.454390
vt 0.234007 0.359011
vt 0.222801 0.373262
vt 0.001327 0.838874
vt 0.017044 0.853760
vt 0.461535 0.440139
vt 0.463615 0.455025
vt 0.664154 0.684535
vt 0.648437 0.668388
vt 0.664154 0.668388
vt 0.231751 0.375159
vt 0.218640 0.387795
vt 0.001327 0.824339
vt 0.017044 0.838874
vt 0.457374 0.425605
vt 0.470485 0.438242
vt 0.664154 0.700300
vt 0.648437 0.684535
vt 0.019698 0.959025
vt 0.035416 0.959026
vt 0.053787 0.907791
vt 0.038070 0.907791
vt 0.264955 0.406519
vt 0.254132 0.406526
vt 0.260204 0.396981
vt 0.021468 0.397404
vt 0.026221 0.406881
vt 0.015398 0.406874
vt 0.021470 0.416419
vt 0.008098 0.422897
vt 0.031248 0.414834
vt 0.269982 0.398567
vt 0.260202 0.415996
vt 0.246832 0.390503
vt 0.893373 0.502492
vt 0.877656 0.512100
vt 0.877656 0.502492
vt 0.648437 0.732272
vt 0.664154 0.716245
vt 0.664154 0.732272
vt 0.967887 0.805613
vt 0.952170 0.805613
vt 0.967887 0.797658
vt 0.952170 0.797658
vt 0.189375 0.965515
vt 0.205093 0.961646
vt 0.205093 0.965515
vt 0.648437 0.716245
vt 0.953206 0.567392
vt 0.968923 0.567392
vt 0.017044 0.814727
vt 0.001327 0.814727
vt 0.458671 0.406527
vt 0.447847 0.406519
vt 0.452598 0.396982
vt 0.213866 0.397404
vt 0.204086 0.398990
vt 0.227237 0.390925
vt 0.219937 0.406874
vt 0.213864 0.416419
vt 0.227237 0.422897
vt 0.218640 0.426028
vt 0.204087 0.414834
vt 0.209113 0.406881
vt 0.442821 0.398567
vt 0.450167 0.393111
vt 0.452600 0.415996
vt 0.442820 0.414411
vt 0.465971 0.422475
vt 0.465971 0.390503
vt 0.074812 0.814727
vt 0.090530 0.824334
vt 0.074813 0.824334
vt 0.592419 0.294454
vt 0.576702 0.278428
vt 0.592419 0.278428
vt 0.648437 0.935301
vt 0.664154 0.943190
vt 0.648437 0.943190
vt 0.023901 0.505612
vt 0.041652 0.499013
vt 0.031248 0.511067
vt 0.648437 0.923251
vt 0.664154 0.935301
vt 0.280386 0.314388
vt 0.262635 0.307789
vt 0.269982 0.302333
vt 0.127273 0.970777
vt 0.111555 0.957702
vt 0.127273 0.957703
vt 0.048251 0.481262
vt 0.035181 0.492542
vt 0.912306 0.625479
vt 0.896601 0.613409
vt 0.912319 0.613423
vt 0.286985 0.332139
vt 0.273915 0.320858
vt 0.950552 0.483307
vt 0.934833 0.470236
vt 0.950551 0.470241
vt 0.062483 0.472232
vt 0.053706 0.488609
vt 0.912293 0.638589
vt 0.896589 0.625466
vt 0.292440 0.324792
vt 0.301218 0.341169
vt 0.950552 0.497536
vt 0.934834 0.483302
vt 0.172851 0.472232
vt 0.181628 0.488609
vt 0.168519 0.480292
vt 0.912265 0.857832
vt 0.896545 0.844725
vt 0.912262 0.844725
vt 0.420362 0.324792
vt 0.411585 0.341169
vt 0.407253 0.333109
vt 0.611765 0.907027
vt 0.596048 0.921268
vt 0.596048 0.907032
vt 0.187083 0.481262
vt 0.193683 0.499013
vt 0.912267 0.869885
vt 0.896547 0.857833
vt 0.432417 0.314388
vt 0.425817 0.332139
vt 0.611764 0.934337
vt 0.611765 0.921263
vt 0.211433 0.505612
vt 0.200153 0.492542
vt 0.558446 0.953090
vt 0.574163 0.965141
vt 0.558446 0.965141
vt 0.450167 0.307789
vt 0.438887 0.320858
vt 0.682548 0.964304
vt 0.666830 0.951229
vt 0.682548 0.951229
vt 0.023901 0.420289
vt 0.041652 0.426888
vt 0.035181 0.433359
vt 0.496539 0.961770
vt 0.512256 0.961770
vt 0.280386 0.386512
vt 0.262635 0.393111
vt 0.273915 0.380041
vt 0.846204 0.961286
vt 0.861921 0.961286
vt 0.211433 0.420289
vt 0.193683 0.426888
vt 0.952170 0.785599
vt 0.432417 0.386512
vt 0.205093 0.978580
vt 0.187083 0.444639
vt 0.200153 0.433359
vt 0.915880 0.375115
vt 0.931599 0.387170
vt 0.915881 0.387166
vt 0.425817 0.368761
vt 0.438887 0.380041
vt 0.829880 0.921266
vt 0.845597 0.934335
vt 0.829879 0.934338
vt 0.172851 0.453669
vt 0.181628 0.437292
vt 0.915880 0.362009
vt 0.931597 0.375119
vt 0.420362 0.376108
vt 0.411585 0.359731
vt 0.829880 0.907032
vt 0.845597 0.921263
vt 0.062483 0.453669
vt 0.053706 0.437292
vt 0.066815 0.445609
vt 0.896314 0.207658
vt 0.912072 0.220716
vt 0.896355 0.220770
vt 0.292440 0.376108
vt 0.301218 0.359731
vt 0.305549 0.367791
vt 0.934766 0.168012
vt 0.950483 0.182246
vt 0.934766 0.182243
vt 0.048251 0.444639
vt 0.896277 0.195599
vt 0.912031 0.207604
vt 0.286985 0.368761
vt 0.934766 0.154944
vt 0.950483 0.168015
vt 0.648437 0.951145
vt 0.664154 0.951145
vt 0.538098 0.978226
vt 0.522381 0.974357
vt 0.538098 0.974357
vt 0.592419 0.310400
vt 0.576702 0.294454
vt 0.003584 0.487236
vt 0.016694 0.499873
vt 0.008098 0.503003
vt 0.877656 0.775105
vt 0.893373 0.789640
vt 0.877656 0.789640
vt 0.255428 0.313528
vt 0.242318 0.326164
vt 0.246832 0.310397
vt 0.592419 0.326165
vt 0.576702 0.310400
vt 0.001327 0.471088
vt 0.012534 0.485340
vt 0.877656 0.760217
vt 0.893373 0.775105
vt 0.251268 0.328060
vt 0.240061 0.342312
vt 0.576702 0.342312
vt 0.576702 0.326165
vt 0.010453 0.455448
vt 0.010453 0.470454
vt 0.877656 0.745211
vt 0.893373 0.760217
vt 0.249187 0.357953
vt 0.249188 0.342947
vt 0.001327 0.454813
vt 0.012534 0.440561
vt 0.877656 0.730326
vt 0.893373 0.745211
vt 0.251268 0.372839
vt 0.240061 0.358588
vt 0.592419 0.374737
vt 0.576702 0.358588
vt 0.592419 0.358588
vt 0.003584 0.438665
vt 0.016694 0.426028
vt 0.893373 0.730326
vt 0.255428 0.387372
vt 0.242318 0.374736
vt 0.576702 0.374737
vt 0.231751 0.438665
vt 0.877656 0.487961
vt 0.457374 0.387372
vt 0.470485 0.374736
vt 0.664154 0.748041
vt 0.234007 0.454813
vt 0.222801 0.440561
vt 0.877656 0.473075
vt 0.893373 0.487961
vt 0.461535 0.372839
vt 0.472741 0.358587
vt 0.664154 0.764191
vt 0.648437 0.748041
vt 0.224881 0.470454
vt 0.224881 0.455448
vt 0.877656 0.458069
vt 0.893374 0.473075
vt 0.463615 0.342947
vt 0.463615 0.357953
vt 0.234007 0.471088
vt 0.222801 0.485340
vt 0.877656 0.443182
vt 0.893374 0.458069
vt 0.461535 0.328060
vt 0.472741 0.342312
vt 0.753963 0.567167
vt 0.738246 0.551020
vt 0.753963 0.551020
vt 0.231751 0.487236
vt 0.218640 0.499873
vt 0.877656 0.428647
vt 0.893373 0.443182
vt 0.457374 0.313528
vt 0.470485 0.326164
vt 0.753963 0.582931
vt 0.738246 0.567167
vt 0.127273 0.953831
vt 0.111555 0.953831
vt 0.877656 0.799252
vt 0.893373 0.799252
vt 0.264956 0.294441
vt 0.254132 0.294448
vt 0.260204 0.284903
vt 0.021468 0.509483
vt 0.026221 0.518959
vt 0.015398 0.518952
vt 0.021470 0.528497
vt 0.008098 0.534975
vt 0.031248 0.526912
vt 0.269982 0.286489
vt 0.260202 0.303918
vt 0.246832 0.278425
vt 0.108901 0.898183
vt 0.093184 0.907790
vt 0.093184 0.898183
vt 0.738246 0.614903
vt 0.753964 0.598877
vt 0.753963 0.614903
vt 0.574163 0.945201
vt 0.558446 0.945201
vt 0.574163 0.937246
vt 0.558446 0.937246
vt 0.244489 0.965515
vt 0.260207 0.961646
vt 0.260207 0.965515
vt 0.738246 0.598877
vt 0.666830 0.968176
vt 0.682548 0.968176
vt 0.893373 0.419035
vt 0.877656 0.419035
vt 0.458671 0.294448
vt 0.447847 0.294441
vt 0.452598 0.284903
vt 0.213866 0.509483
vt 0.204086 0.511067
vt 0.227237 0.503003
vt 0.219937 0.518952
vt 0.213864 0.528497
vt 0.227237 0.534975
vt 0.218640 0.538106
vt 0.204087 0.526912
vt 0.209113 0.518959
vt 0.442821 0.286489
vt 0.450167 0.281033
vt 0.452600 0.303918
vt 0.442820 0.302333
vt 0.465971 0.310397
vt 0.465971 0.278425
vt 0.019698 0.814727
vt 0.035416 0.824334
vt 0.019698 0.824334
vt 0.592419 0.182376
vt 0.576702 0.166350
vt 0.592419 0.166350
vt 0.952170 0.755042
vt 0.967887 0.762931
vt 0.952170 0.762931
vt 0.023901 0.617690
vt 0.041652 0.611091
vt 0.031248 0.623145
vt 0.952170 0.742992
vt 0.967887 0.755042
vt 0.280386 0.202310
vt 0.262635 0.195711
vt 0.269982 0.190255
vt 0.611764 0.975670
vt 0.596047 0.962595
vt 0.611764 0.962595
vt 0.048251 0.593340
vt 0.035181 0.604620
vt 0.912306 0.690270
vt 0.896601 0.678201
vt 0.912319 0.678214
vt 0.286985 0.220061
vt 0.273915 0.208780
vt 0.950552 0.534508
vt 0.934833 0.521437
vt 0.950551 0.521442
vt 0.062483 0.584310
vt 0.053706 0.600687
vt 0.912293 0.703380
vt 0.896589 0.690257
vt 0.292440 0.212714
vt 0.301218 0.229091
vt 0.934834 0.548732
vt 0.934834 0.534503
vt 0.172851 0.584310
vt 0.181628 0.600687
vt 0.168519 0.592370
vt 0.931603 0.116132
vt 0.915884 0.103025
vt 0.931601 0.103025
vt 0.420362 0.212714
vt 0.411585 0.229091
vt 0.407253 0.221031
vt 0.808853 0.921267
vt 0.793135 0.907036
vt 0.808853 0.907032
vt 0.187083 0.593340
vt 0.193683 0.611091
vt 0.931606 0.128185
vt 0.915886 0.116133
vt 0.432417 0.202310
vt 0.425817 0.220061
vt 0.808852 0.934342
vt 0.793136 0.921272
vt 0.211433 0.617690
vt 0.200153 0.604620
vt 0.952170 0.856110
vt 0.967887 0.868160
vt 0.952170 0.868160
vt 0.450167 0.195711
vt 0.438887 0.208780
vt 0.968923 0.583121
vt 0.953206 0.570046
vt 0.968923 0.570046
vt 0.023901 0.532367
vt 0.041652 0.538966
vt 0.035181 0.545437
vt 0.664154 0.963205
vt 0.648437 0.963205
vt 0.280386 0.274434
vt 0.262635 0.281033
vt 0.273915 0.267963
vt 0.522381 0.961292
vt 0.538098 0.961292
vt 0.211433 0.532367
vt 0.193683 0.538966
vt 0.558446 0.925187
vt 0.432417 0.274434
vt 0.260207 0.978579
vt 0.187083 0.556717
vt 0.200153 0.545437
vt 0.915942 0.481093
vt 0.931658 0.469046
vt 0.931659 0.481097
vt 0.425817 0.256683
vt 0.438887 0.267963
vt 0.933798 0.893982
vt 0.949516 0.880908
vt 0.949515 0.893979
vt 0.172851 0.565747
vt 0.181628 0.549370
vt 0.915940 0.455937
vt 0.915940 0.469042
vt 0.420362 0.264030
vt 0.411585 0.247653
vt 0.933798 0.866676
vt 0.933799 0.880910
vt 0.062483 0.565747
vt 0.053706 0.549370
vt 0.066815 0.557687
vt 0.896313 0.337137
vt 0.912072 0.350195
vt 0.896355 0.350248
vt 0.292440 0.264030
vt 0.301218 0.247653
vt 0.305549 0.255713
vt 0.934766 0.014395
vt 0.950483 0.028629
vt 0.934766 0.028626
vt 0.048251 0.556717
vt 0.896277 0.325078
vt 0.912031 0.337083
vt 0.286985 0.256683
vt 0.934766 0.001327
vt 0.950483 0.014398
vt 0.967887 0.770886
vt 0.952170 0.770886
vt 0.168585 0.978580
vt 0.152868 0.974711
vt 0.168585 0.974711
vt 0.592419 0.198322
vt 0.576702 0.182376
vt 0.003584 0.599314
vt 0.016694 0.611951
vt 0.008098 0.615081
vt 0.074813 0.898179
vt 0.090530 0.883644
vt 0.090530 0.898179
vt 0.255428 0.201450
vt 0.242318 0.214086
vt 0.246832 0.198319
vt 0.592419 0.214087
vt 0.576702 0.198322
vt 0.001327 0.583166
vt 0.012534 0.597418
vt 0.074813 0.883644
vt 0.090530 0.868756
vt 0.251268 0.215982
vt 0.240061 0.230234
vt 0.592419 0.230234
vt 0.576702 0.214087
vt 0.001327 0.566891
vt 0.010453 0.582531
vt 0.074813 0.853750
vt 0.074813 0.868756
vt 0.249187 0.245875
vt 0.249188 0.230869
vt 0.012534 0.552639
vt 0.010453 0.567525
vt 0.074813 0.838865
vt 0.090530 0.853750
vt 0.251268 0.260762
vt 0.240061 0.246510
vt 0.592419 0.262659
vt 0.576702 0.246510
vt 0.592419 0.246510
vt 0.003584 0.550742
vt 0.016694 0.538106
vt 0.090530 0.838865
vt 0.255428 0.275294
vt 0.242318 0.262658
vt 0.576702 0.262659
vt 0.231751 0.550743
vt 0.093184 0.883652
vt 0.457374 0.275294
vt 0.470485 0.262658
vt 0.753963 0.630673
vt 0.234007 0.566891
vt 0.222801 0.552639
vt 0.093184 0.868767
vt 0.108901 0.883652
vt 0.461535 0.260762
vt 0.472741 0.246510
vt 0.753963 0.646822
vt 0.738246 0.630673
vt 0.224881 0.582532
vt 0.224881 0.567525
vt 0.234007 0.583166
vt 0.222801 0.597418
vt 0.093184 0.838873
vt 0.108901 0.853761
vt 0.093184 0.853761
vt 0.461535 0.215982
vt 0.472741 0.230234
vt 0.463615 0.230869
vt 0.737669 0.777668
vt 0.721952 0.761521
vt 0.737669 0.761521
vt 0.231751 0.599314
vt 0.218640 0.611951
vt 0.093184 0.824339
vt 0.108901 0.838873
vt 0.457374 0.201450
vt 0.470485 0.214086
vt 0.737669 0.793433
vt 0.721952 0.777668
vt 0.611764 0.958724
vt 0.596047 0.958724
vt 0.074812 0.907790
vt 0.090530 0.907790
vt 0.264956 0.182363
vt 0.254132 0.182370
vt 0.260204 0.172825
vt 0.021468 0.621560
vt 0.026221 0.631037
vt 0.015398 0.631030
vt 0.021470 0.640575
vt 0.008098 0.647053
vt 0.031248 0.638989
vt 0.269982 0.174411
vt 0.260202 0.191841
vt 0.246832 0.166347
vt 0.072158 0.898184
vt 0.056441 0.907791
vt 0.056441 0.898184
vt 0.721952 0.825405
vt 0.737669 0.809378
vt 0.737669 0.825405
vt 0.967887 0.848220
vt 0.952170 0.848220
vt 0.967887 0.840266
vt 0.952170 0.840266
vt 0.207747 0.965515
vt 0.223464 0.961646
vt 0.223464 0.965515
vt 0.721952 0.809378
vt 0.953206 0.586993
vt 0.968923 0.586993
vt 0.108901 0.814727
vt 0.093184 0.814727
vt 0.458671 0.182370
vt 0.447847 0.182363
vt 0.452598 0.172826
vt 0.213866 0.621560
vt 0.204086 0.623145
vt 0.227237 0.615081
vt 0.219937 0.631030
vt 0.213864 0.640575
vt 0.227237 0.647053
vt 0.218640 0.650184
vt 0.204087 0.638989
vt 0.209113 0.631037
vt 0.442821 0.174411
vt 0.450167 0.168955
vt 0.452600 0.191841
vt 0.442821 0.190255
vt 0.465971 0.198319
vt 0.465971 0.166347
vt 0.915427 0.867534
vt 0.931144 0.877141
vt 0.915427 0.877141
vt 0.592419 0.070298
vt 0.576702 0.054272
vt 0.592419 0.054272
vt 0.576817 0.937237
vt 0.592535 0.945126
vt 0.576817 0.945126
vt 0.023901 0.729768
vt 0.041652 0.723169
vt 0.031248 0.735223
vt 0.576817 0.925187
vt 0.592535 0.937237
vt 0.280386 0.090232
vt 0.262635 0.083633
vt 0.269982 0.078177
vt 0.969934 0.964788
vt 0.954217 0.951713
vt 0.969934 0.951713
vt 0.048251 0.705417
vt 0.035181 0.716698
vt 0.912306 0.755062
vt 0.896601 0.742992
vt 0.912318 0.743005
vt 0.292440 0.100635
vt 0.273915 0.096703
vt 0.950552 0.585708
vt 0.934833 0.572638
vt 0.950551 0.572643
vt 0.062483 0.696387
vt 0.053706 0.712765
vt 0.912293 0.768172
vt 0.896589 0.755048
vt 0.301218 0.117013
vt 0.286985 0.107983
vt 0.950551 0.599937
vt 0.934834 0.585704
vt 0.077614 0.689615
vt 0.066815 0.704447
vt 0.912280 0.782103
vt 0.896576 0.768158
vt 0.305549 0.108953
vt 0.316348 0.123786
vt 0.950549 0.615065
vt 0.934834 0.599933
vt 0.912145 0.789487
vt 0.896562 0.782090
vt 0.934852 0.621180
vt 0.934833 0.615061
vt 0.931597 0.009803
vt 0.916009 0.016956
vt 0.915882 0.009803
vt 0.157721 0.689615
vt 0.168519 0.704447
vt 0.154589 0.698212
vt 0.931600 0.024339
vt 0.915884 0.038269
vt 0.915881 0.024339
vt 0.407254 0.108953
vt 0.396455 0.123786
vt 0.393323 0.115189
vt 0.911744 0.878661
vt 0.896029 0.893799
vt 0.896028 0.878666
vt 0.172851 0.696387
vt 0.181628 0.712765
vt 0.931603 0.051376
vt 0.931601 0.038269
vt 0.420362 0.100635
vt 0.411585 0.117013
vt 0.911746 0.908030
vt 0.911746 0.893794
vt 0.187083 0.705417
vt 0.193683 0.723169
vt 0.931606 0.063429
vt 0.915886 0.051376
vt 0.432417 0.090232
vt 0.425817 0.107983
vt 0.911745 0.921105
vt 0.896029 0.908034
vt 0.211433 0.729768
vt 0.200153 0.716698
vt 0.934773 0.404213
vt 0.950490 0.416263
vt 0.934773 0.416263
vt 0.450167 0.083633
vt 0.438888 0.096703
vt 0.968855 0.253350
vt 0.953137 0.240275
vt 0.968855 0.240275
vt 0.023901 0.644445
vt 0.041652 0.651044
vt 0.035181 0.657515
vt 0.967887 0.782945
vt 0.952170 0.782945
vt 0.280386 0.162356
vt 0.262635 0.168955
vt 0.273915 0.155886
vt 0.152868 0.961646
vt 0.168585 0.961646
vt 0.211433 0.644445
vt 0.193683 0.651044
vt 0.952170 0.828207
vt 0.432417 0.162356
vt 0.207747 0.978579
vt 0.187083 0.668795
vt 0.200153 0.657515
vt 0.915941 0.533757
vt 0.931659 0.545812
vt 0.915942 0.545808
vt 0.425817 0.144605
vt 0.438888 0.155886
vt 0.848251 0.921266
vt 0.863968 0.934335
vt 0.848251 0.934338
vt 0.172851 0.677825
vt 0.181628 0.661448
vt 0.931658 0.520656
vt 0.931658 0.533761
vt 0.420362 0.151952
vt 0.411585 0.135575
vt 0.848251 0.907032
vt 0.863969 0.921263
vt 0.157721 0.684598
vt 0.168519 0.669765
vt 0.915940 0.520652
vt 0.931659 0.506728
vt 0.407253 0.143635
vt 0.396455 0.128802
vt 0.848251 0.891901
vt 0.863968 0.907030
vt 0.916070 0.499341
vt 0.915940 0.506724
vt 0.848270 0.885780
vt 0.863967 0.891898
vt 0.896552 0.306826
vt 0.912164 0.313927
vt 0.896449 0.313981
vt 0.077614 0.684598
vt 0.066815 0.669765
vt 0.080745 0.676001
vt 0.896399 0.299442
vt 0.912072 0.285455
vt 0.912118 0.299388
vt 0.305549 0.143635
vt 0.316348 0.128802
vt 0.319480 0.137400
vt 0.933798 0.923935
vt 0.949514 0.939067
vt 0.933798 0.939064
vt 0.062483 0.677825
vt 0.053706 0.661448
vt 0.896355 0.285509
vt 0.912030 0.272343
vt 0.292440 0.151952
vt 0.301218 0.135575
vt 0.933799 0.909704
vt 0.949516 0.923938
vt 0.048251 0.668795
vt 0.896313 0.272397
vt 0.911994 0.260285
vt 0.286985 0.144605
vt 0.933798 0.896636
vt 0.949516 0.909707
vt 0.592535 0.953081
vt 0.576817 0.953081
vt 0.808852 0.978229
vt 0.793135 0.974360
vt 0.808852 0.974360
vt 0.592419 0.086244
vt 0.576702 0.070298
vt 0.003584 0.711392
vt 0.016694 0.724029
vt 0.008098 0.727159
vt 0.019698 0.883644
vt 0.035416 0.898179
vt 0.019698 0.898179
vt 0.255428 0.089372
vt 0.242318 0.102008
vt 0.246832 0.086242
vt 0.592419 0.102009
vt 0.576702 0.086244
vt 0.001327 0.695244
vt 0.012534 0.709496
vt 0.035416 0.868757
vt 0.035416 0.883644
vt 0.251268 0.103904
vt 0.240061 0.118156
vt 0.592419 0.118156
vt 0.576702 0.102009
vt 0.019698 0.853750
vt 0.019698 0.868757
vt 0.249188 0.118791
vt 0.240061 0.134431
vt 0.001327 0.678969
vt 0.012534 0.664717
vt 0.010453 0.679603
vt 0.019698 0.838865
vt 0.035416 0.853750
vt 0.251268 0.148684
vt 0.249187 0.133797
vt 0.592419 0.150581
vt 0.576702 0.134431
vt 0.592419 0.134431
vt 0.003584 0.662820
vt 0.016694 0.650184
vt 0.035416 0.838865
vt 0.255428 0.163216
vt 0.242318 0.150580
vt 0.576702 0.150581
vt 0.231751 0.662820
vt 0.056441 0.883653
vt 0.457374 0.163216
vt 0.470485 0.150580
vt 0.721952 0.841174
vt 0.234007 0.678969
vt 0.222801 0.664717
vt 0.056441 0.868767
vt 0.072159 0.883653
vt 0.461535 0.148684
vt 0.472741 0.134431
vt 0.737669 0.857324
vt 0.737669 0.841174
vt 0.056441 0.853761
vt 0.072159 0.868767
vt 0.463615 0.118791
vt 0.463615 0.133797
vt 0.234007 0.695244
vt 0.222801 0.709496
vt 0.224881 0.694609
vt 0.056441 0.838874
vt 0.072159 0.853761
vt 0.461535 0.103905
vt 0.472741 0.118156
vt 0.719298 0.777668
vt 0.703580 0.761521
vt 0.719298 0.761521
vt 0.231751 0.711392
vt 0.218640 0.724029
vt 0.072158 0.824339
vt 0.072159 0.838874
vt 0.457374 0.089372
vt 0.470485 0.102008
vt 0.719298 0.793433
vt 0.703580 0.777668
vt 0.954217 0.947841
vt 0.969934 0.947842
vt 0.035416 0.907791
vt 0.019698 0.907791
vt 0.264956 0.070286
vt 0.254132 0.070292
vt 0.260204 0.060748
vt 0.021468 0.733638
vt 0.026221 0.743115
vt 0.015397 0.743108
vt 0.021470 0.752653
vt 0.008098 0.759131
vt 0.031248 0.751067
vt 0.269982 0.062333
vt 0.260202 0.079762
vt 0.246832 0.054269
vt 0.896047 0.872544
vt 0.911724 0.872540
vt 0.933817 0.945185
vt 0.949494 0.945187
vt 0.912265 0.796641
vt 0.896684 0.789474
vt 0.912013 0.306773
vt 0.931659 0.492192
vt 0.931531 0.499345
vt 0.931471 0.016955
vt 0.326863 0.134982
vt 0.332544 0.126294
vt 0.334017 0.133237
vt 0.385939 0.134982
vt 0.380260 0.126294
vt 0.390334 0.126294
vt 0.393323 0.137400
vt 0.319480 0.115189
vt 0.322469 0.126294
vt 0.147205 0.678419
vt 0.141526 0.687107
vt 0.140052 0.680163
vt 0.088129 0.678419
vt 0.093809 0.687107
vt 0.083734 0.687107
vt 0.154589 0.676001
vt 0.151600 0.687107
vt 0.147205 0.695795
vt 0.080745 0.698212
vt 0.088129 0.695795
vt 0.326863 0.117606
vt 0.385939 0.117606
vt 0.931144 0.855273
vt 0.915427 0.864880
vt 0.915427 0.855273
vt 0.703580 0.825405
vt 0.719298 0.809378
vt 0.719298 0.825405
vt 0.950490 0.396323
vt 0.934773 0.396323
vt 0.950490 0.388369
vt 0.934773 0.388369
vt 0.226118 0.965515
vt 0.241836 0.961646
vt 0.241836 0.965515
vt 0.703580 0.809378
vt 0.953137 0.257222
vt 0.968855 0.257222
vt 0.072158 0.814727
vt 0.056441 0.824339
vt 0.056441 0.814727
vt 0.458671 0.070292
vt 0.447847 0.070286
vt 0.452599 0.060748
vt 0.213866 0.733638
vt 0.204086 0.735223
vt 0.227237 0.727159
vt 0.219937 0.743108
vt 0.213864 0.752653
vt 0.227237 0.759131
vt 0.218640 0.762262
vt 0.204087 0.751067
vt 0.209113 0.743115
vt 0.442821 0.062333
vt 0.450168 0.056877
vt 0.452600 0.079762
vt 0.442821 0.078177
vt 0.465971 0.086241
vt 0.465971 0.054269
vt 0.001327 0.812073
vt 0.010453 0.807303
vt 0.010453 0.812058
vt 0.915427 0.922179
vt 0.931144 0.926934
vt 0.915427 0.926934
vt 0.249188 0.006097
vt 0.240061 0.001327
vt 0.249188 0.001342
vt 0.592419 0.006407
vt 0.576702 0.001327
vt 0.592419 0.001327
vt 0.001327 0.791047
vt 0.012534 0.776795
vt 0.010453 0.791681
vt 0.915427 0.891672
vt 0.931144 0.906557
vt 0.915427 0.906557
vt 0.251268 0.036605
vt 0.240061 0.022353
vt 0.249187 0.021719
vt 0.592419 0.038503
vt 0.576702 0.022353
vt 0.592419 0.022353
vt 0.003584 0.774898
vt 0.016694 0.762262
vt 0.931144 0.891672
vt 0.255428 0.051138
vt 0.242318 0.038502
vt 0.576702 0.038503
vt 0.231751 0.774898
vt 0.915427 0.840742
vt 0.457374 0.051138
vt 0.470485 0.038502
vt 0.703580 0.841174
vt 0.234007 0.791047
vt 0.222801 0.776795
vt 0.915427 0.825857
vt 0.931144 0.840742
vt 0.461535 0.036605
vt 0.472741 0.022353
vt 0.719298 0.857324
vt 0.719298 0.841174
vt 0.234007 0.806497
vt 0.224881 0.791681
vt 0.915427 0.810720
vt 0.931144 0.825857
vt 0.463615 0.021719
vt 0.472741 0.006903
vt 0.211433 0.756523
vt 0.193683 0.763123
vt 0.934773 0.376309
vt 0.432417 0.050278
vt 0.241836 0.978579
vt 0.187084 0.780873
vt 0.200154 0.769593
vt 0.666839 0.533148
vt 0.682561 0.545199
vt 0.666844 0.545199
vt 0.425818 0.032527
vt 0.438888 0.043808
vt 0.648454 0.545068
vt 0.664169 0.558140
vt 0.648452 0.558140
vt 0.172851 0.789903
vt 0.181629 0.773526
vt 0.666836 0.520043
vt 0.682557 0.533148
vt 0.420363 0.039874
vt 0.411586 0.023497
vt 0.648456 0.530835
vt 0.664171 0.545068
vt 0.157721 0.796676
vt 0.168520 0.781843
vt 0.666833 0.506110
vt 0.682553 0.520043
vt 0.407254 0.031557
vt 0.396456 0.016725
vt 0.648458 0.515704
vt 0.664173 0.530835
vt 0.141954 0.801190
vt 0.154585 0.788081
vt 0.666831 0.491584
vt 0.682550 0.506110
vt 0.393319 0.025320
vt 0.380688 0.012210
vt 0.648459 0.499935
vt 0.664175 0.515704
vt 0.125805 0.803447
vt 0.140057 0.792240
vt 0.666830 0.476698
vt 0.682549 0.491584
vt 0.378791 0.021160
vt 0.364540 0.009954
vt 0.648459 0.483786
vt 0.664176 0.499935
vt 0.109530 0.803447
vt 0.125171 0.794320
vt 0.666830 0.461692
vt 0.682548 0.476698
vt 0.363905 0.019080
vt 0.348264 0.009954
vt 0.648459 0.467511
vt 0.664177 0.483786
vt 0.095278 0.792240
vt 0.110165 0.794320
vt 0.666831 0.446805
vt 0.682548 0.461692
vt 0.334013 0.021160
vt 0.348899 0.019080
vt 0.648459 0.451363
vt 0.664177 0.467511
vt 0.093382 0.801190
vt 0.080750 0.788081
vt 0.666833 0.432275
vt 0.682549 0.446805
vt 0.319484 0.025320
vt 0.332116 0.012210
vt 0.648458 0.435596
vt 0.664176 0.451363
vt 0.077614 0.796676
vt 0.066815 0.781843
vt 0.666836 0.418338
vt 0.682550 0.432275
vt 0.305550 0.031557
vt 0.316348 0.016725
vt 0.648456 0.420467
vt 0.664175 0.435596
vt 0.062484 0.789903
vt 0.053707 0.773526
vt 0.666839 0.405226
vt 0.682553 0.418338
vt 0.292441 0.039874
vt 0.301218 0.023497
vt 0.648454 0.406236
vt 0.664173 0.420467
vt 0.048252 0.780873
vt 0.041652 0.763122
vt 0.666844 0.393168
vt 0.682557 0.405226
vt 0.280386 0.050278
vt 0.286986 0.032527
vt 0.648452 0.393168
vt 0.664171 0.406236
vt 0.023901 0.756523
vt 0.035181 0.769593
vt 0.592535 0.965140
vt 0.576817 0.965140
vt 0.262636 0.056877
vt 0.273916 0.043808
vt 0.793135 0.961295
vt 0.808852 0.961295
vt 0.048251 0.032950
vt 0.035181 0.044231
vt 0.682553 0.559909
vt 0.666838 0.547853
vt 0.682555 0.547853
vt 0.286985 0.780450
vt 0.273915 0.769170
vt 0.645788 0.406233
vt 0.630066 0.393168
vt 0.645783 0.393168
vt 0.062483 0.023920
vt 0.053706 0.040297
vt 0.682551 0.573019
vt 0.666835 0.559909
vt 0.292440 0.773103
vt 0.301217 0.789480
vt 0.630074 0.420462
vt 0.630071 0.406233
vt 0.077613 0.017147
vt 0.066815 0.031980
vt 0.682549 0.586955
vt 0.666833 0.573019
vt 0.305549 0.781420
vt 0.316347 0.796253
vt 0.645792 0.420462
vt 0.630077 0.435590
vt 0.093381 0.012633
vt 0.080750 0.025742
vt 0.682548 0.601484
vt 0.666832 0.586955
vt 0.319484 0.787658
vt 0.332115 0.800767
vt 0.645795 0.435590
vt 0.630079 0.451356
vt 0.109530 0.010376
vt 0.095278 0.021583
vt 0.682548 0.616370
vt 0.666831 0.601484
vt 0.334012 0.791817
vt 0.348264 0.803024
vt 0.645797 0.451356
vt 0.630080 0.467503
vt 0.125805 0.010376
vt 0.110164 0.019503
vt 0.682548 0.631376
vt 0.666831 0.616370
vt 0.348898 0.793898
vt 0.364539 0.803024
vt 0.645798 0.483778
vt 0.645798 0.467503
vt 0.140056 0.021583
vt 0.125170 0.019503
vt 0.682548 0.646262
vt 0.666831 0.631376
vt 0.378790 0.791817
vt 0.363904 0.793898
vt 0.645797 0.499928
vt 0.630080 0.483778
vt 0.141953 0.012633
vt 0.154585 0.025742
vt 0.682549 0.660790
vt 0.666831 0.646262
vt 0.393319 0.787658
vt 0.380687 0.800767
vt 0.645795 0.515697
vt 0.630079 0.499928
vt 0.157721 0.017147
vt 0.168519 0.031980
vt 0.682551 0.674724
vt 0.666832 0.660790
vt 0.407253 0.781420
vt 0.396455 0.796253
vt 0.645792 0.530830
vt 0.630077 0.515697
vt 0.172851 0.023920
vt 0.666833 0.674724
vt 0.411585 0.789480
vt 0.630074 0.530830
vt 0.117672 0.687107
vt 0.120600 0.694175
vt 0.117672 0.694757
vt 0.124741 0.690034
vt 0.123083 0.692517
vt 0.124741 0.684178
vt 0.125323 0.687107
vt 0.120600 0.680038
vt 0.123083 0.681697
vt 0.114745 0.680038
vt 0.117672 0.679456
vt 0.110604 0.684178
vt 0.112262 0.681697
vt 0.110604 0.690034
vt 0.110021 0.687107
vt 0.114744 0.694175
vt 0.112262 0.692517
vt 0.952171 0.887489
vt 0.969934 0.881633
vt 0.969934 0.887489
vt 0.952170 0.892454
vt 0.969933 0.892454
vt 0.913676 0.411416
vt 0.895912 0.416382
vt 0.895913 0.411416
vt 0.913677 0.405560
vt 0.895914 0.405560
vt 0.913676 0.399704
vt 0.895913 0.399704
vt 0.913675 0.394741
vt 0.895912 0.394741
vt 0.988852 0.984701
vt 0.984182 0.967442
vt 0.988858 0.967901
vt 0.952171 0.875778
vt 0.969933 0.870814
vt 0.969934 0.875778
vt 0.952171 0.881633
vt 0.356407 0.126294
vt 0.359335 0.119225
vt 0.361817 0.120884
vt 0.363475 0.123366
vt 0.364058 0.126294
vt 0.363475 0.129222
vt 0.361817 0.131704
vt 0.359335 0.133362
vt 0.356407 0.133945
vt 0.353479 0.133362
vt 0.350997 0.131704
vt 0.349338 0.129222
vt 0.348756 0.126294
vt 0.349338 0.123366
vt 0.350997 0.120884
vt 0.353479 0.119225
vt 0.356407 0.118643
vt 0.117669 0.702408
vt 0.123525 0.701244
vt 0.128489 0.697927
vt 0.131577 0.693304
vt 0.132971 0.687107
vt 0.131615 0.680965
vt 0.128489 0.676286
vt 0.123525 0.672969
vt 0.117669 0.671804
vt 0.111814 0.672969
vt 0.106849 0.676286
vt 0.103671 0.680961
vt 0.102367 0.687107
vt 0.103772 0.693322
vt 0.106849 0.697927
vt 0.111813 0.701244
vt 0.356404 0.110992
vt 0.362259 0.112156
vt 0.367224 0.115474
vt 0.370311 0.120096
vt 0.371706 0.126294
vt 0.370345 0.132441
vt 0.367224 0.137114
vt 0.362259 0.140431
vt 0.356404 0.141596
vt 0.350548 0.140431
vt 0.345583 0.137114
vt 0.342463 0.132446
vt 0.341102 0.126294
vt 0.342520 0.120057
vt 0.345583 0.115474
vt 0.350548 0.112156
vt 0.896460 0.321482
vt 0.340562 0.126294
vt 0.341518 0.132384
vt 0.334017 0.119351
vt 0.896538 0.804172
vt 0.896550 0.796628
vt 0.095283 0.694050
vt 0.101827 0.687107
vt 0.102826 0.693261
vt 0.095283 0.680163
vt 0.915944 0.492188
vt 0.931673 0.484512
vt 0.133400 0.687107
vt 0.132371 0.681020
vt 0.140052 0.694050
vt 0.931602 0.002088
vt 0.378786 0.119351
vt 0.372134 0.126294
vt 0.371071 0.120156
vt 0.378786 0.133237
vt 0.912712 0.322370
vt 0.912203 0.321428
vt 0.341561 0.120140
vt 0.912264 0.804185
vt 0.896027 0.805129
vt 0.102783 0.681017
vt 0.915933 0.484508
vt 0.932180 0.483751
vt 0.132337 0.693244
vt 0.915366 0.001327
vt 0.915876 0.002089
vt 0.371105 0.132381
vt 0.995698 0.922305
vt 0.991116 0.939559
vt 0.991094 0.922814
vt 0.886786 0.973641
vt 0.891407 0.990895
vt 0.886786 0.990386
vt 0.514910 0.939580
vt 0.519585 0.922322
vt 0.519591 0.939075
vt 0.077614 0.577537
vt 0.066815 0.592370
vt 0.896562 0.717299
vt 0.896576 0.703367
vt 0.305549 0.221031
vt 0.316348 0.235864
vt 0.950552 0.548737
vt 0.934833 0.563860
vt 0.912280 0.717312
vt 0.896684 0.724683
vt 0.950549 0.563864
vt 0.934852 0.569979
vt 0.931597 0.074559
vt 0.916009 0.081712
vt 0.915882 0.074559
vt 0.157721 0.577537
vt 0.154589 0.586134
vt 0.931600 0.089095
vt 0.915881 0.089096
vt 0.396455 0.235864
vt 0.393323 0.227266
vt 0.808850 0.891899
vt 0.793135 0.891903
vt 0.157721 0.572520
vt 0.168519 0.557687
vt 0.931659 0.442012
vt 0.931657 0.455941
vt 0.407254 0.255713
vt 0.396455 0.240880
vt 0.933798 0.851545
vt 0.949516 0.866674
vt 0.916070 0.434626
vt 0.915940 0.442008
vt 0.933817 0.845424
vt 0.949514 0.851542
vt 0.896449 0.378720
vt 0.912013 0.371513
vt 0.912164 0.378666
vt 0.077614 0.572520
vt 0.080746 0.563923
vt 0.896399 0.364181
vt 0.912118 0.364128
vt 0.316348 0.240880
vt 0.319480 0.249477
vt 0.950481 0.043758
vt 0.934766 0.043756
vt 0.808831 0.885777
vt 0.793153 0.885781
vt 0.934784 0.049876
vt 0.950462 0.049879
vt 0.912265 0.731850
vt 0.912145 0.724696
vt 0.896552 0.371566
vt 0.915944 0.427473
vt 0.931531 0.434629
vt 0.931470 0.081712
vt 0.326863 0.247060
vt 0.332544 0.238372
vt 0.334017 0.245315
vt 0.385939 0.247060
vt 0.380260 0.238372
vt 0.390334 0.238372
vt 0.393323 0.249478
vt 0.319480 0.227266
vt 0.322469 0.238372
vt 0.147205 0.566340
vt 0.141526 0.575028
vt 0.140052 0.568085
vt 0.088129 0.566340
vt 0.093809 0.575028
vt 0.083734 0.575028
vt 0.154589 0.563923
vt 0.151600 0.575028
vt 0.147205 0.583716
vt 0.080746 0.586134
vt 0.088129 0.583716
vt 0.326863 0.229684
vt 0.385939 0.229684
vt 0.117672 0.575028
vt 0.120600 0.582097
vt 0.117672 0.582680
vt 0.124741 0.577956
vt 0.123083 0.580438
vt 0.124741 0.572100
vt 0.125323 0.575028
vt 0.120600 0.567959
vt 0.123083 0.569618
vt 0.114745 0.567960
vt 0.117672 0.567377
vt 0.110604 0.572100
vt 0.112262 0.569618
vt 0.110604 0.577956
vt 0.110021 0.575028
vt 0.114745 0.582097
vt 0.112262 0.580439
vt 0.970901 0.311153
vt 0.953139 0.305297
vt 0.970901 0.305297
vt 0.953138 0.316118
vt 0.970900 0.316118
vt 0.831318 0.953675
vt 0.813553 0.958641
vt 0.813555 0.953675
vt 0.831318 0.947819
vt 0.813555 0.947819
vt 0.831318 0.941964
vt 0.813555 0.941963
vt 0.831316 0.937000
vt 0.813553 0.937000
vt 0.989229 0.460589
vt 0.984559 0.443330
vt 0.989235 0.443789
vt 0.970901 0.299441
vt 0.953138 0.294477
vt 0.970900 0.294477
vt 0.356407 0.238372
vt 0.359335 0.231304
vt 0.361817 0.232962
vt 0.363475 0.235444
vt 0.364058 0.238372
vt 0.363475 0.241300
vt 0.361817 0.243782
vt 0.359335 0.245441
vt 0.356407 0.246023
vt 0.353479 0.245440
vt 0.350997 0.243782
vt 0.349338 0.241300
vt 0.348756 0.238372
vt 0.349338 0.235444
vt 0.350997 0.232962
vt 0.353479 0.231304
vt 0.356407 0.230721
vt 0.123525 0.589165
vt 0.128490 0.585849
vt 0.131577 0.581226
vt 0.132971 0.575028
vt 0.131615 0.568888
vt 0.128489 0.564208
vt 0.123525 0.560891
vt 0.117669 0.559726
vt 0.111814 0.560891
vt 0.106849 0.564208
vt 0.103671 0.568883
vt 0.102367 0.575028
vt 0.103772 0.581244
vt 0.106849 0.585849
vt 0.111814 0.589165
vt 0.117669 0.590331
vt 0.362259 0.224235
vt 0.367224 0.227552
vt 0.370311 0.232174
vt 0.371706 0.238372
vt 0.370345 0.244519
vt 0.367224 0.249192
vt 0.362259 0.252509
vt 0.356404 0.253674
vt 0.350548 0.252509
vt 0.345583 0.249192
vt 0.342463 0.244523
vt 0.341102 0.238372
vt 0.342520 0.232135
vt 0.345583 0.227552
vt 0.350548 0.224235
vt 0.356404 0.223070
vt 0.912203 0.386167
vt 0.896460 0.386221
vt 0.340561 0.238372
vt 0.341518 0.244462
vt 0.334017 0.231429
vt 0.896538 0.739380
vt 0.896550 0.731836
vt 0.095283 0.581972
vt 0.101827 0.575028
vt 0.102826 0.581182
vt 0.095283 0.568085
vt 0.931673 0.419797
vt 0.931659 0.427477
vt 0.133400 0.575028
vt 0.132371 0.568941
vt 0.140052 0.581972
vt 0.931602 0.066845
vt 0.378786 0.231429
vt 0.372135 0.238372
vt 0.371071 0.232234
vt 0.378786 0.245315
vt 0.912712 0.387110
vt 0.341561 0.232218
vt 0.912264 0.739394
vt 0.896028 0.740338
vt 0.102783 0.568939
vt 0.915933 0.419793
vt 0.932180 0.419035
vt 0.132337 0.581166
vt 0.915366 0.066083
vt 0.915876 0.066845
vt 0.371106 0.244459
vt 0.032858 0.978625
vt 0.028276 0.995879
vt 0.028255 0.979134
vt 0.944975 0.972644
vt 0.949596 0.989899
vt 0.944974 0.989390
vt 0.514910 0.959997
vt 0.519585 0.942739
vt 0.519591 0.959491
vt 0.077614 0.465459
vt 0.066815 0.480292
vt 0.912280 0.652521
vt 0.896576 0.638576
vt 0.305549 0.333109
vt 0.316348 0.347942
vt 0.950549 0.512663
vt 0.934834 0.497531
vt 0.912145 0.659905
vt 0.896562 0.652507
vt 0.950529 0.518783
vt 0.934833 0.512659
vt 0.912132 0.823412
vt 0.896543 0.816259
vt 0.912258 0.816259
vt 0.157721 0.465459
vt 0.154589 0.474056
vt 0.896542 0.830796
vt 0.912261 0.830795
vt 0.396455 0.347942
vt 0.393323 0.339344
vt 0.611763 0.891894
vt 0.596047 0.891899
vt 0.157721 0.460442
vt 0.168519 0.445609
vt 0.915879 0.348081
vt 0.931597 0.362013
vt 0.407253 0.367791
vt 0.396455 0.352958
vt 0.845595 0.891898
vt 0.845597 0.907030
vt 0.931470 0.340702
vt 0.931599 0.348085
vt 0.829898 0.885780
vt 0.829879 0.891901
vt 0.896552 0.242087
vt 0.912164 0.249188
vt 0.896449 0.249241
vt 0.077614 0.460442
vt 0.080746 0.451845
vt 0.896399 0.234703
vt 0.912118 0.234649
vt 0.316348 0.352958
vt 0.319480 0.361555
vt 0.934766 0.197373
vt 0.950481 0.197375
vt 0.596065 0.885777
vt 0.611743 0.885772
vt 0.950462 0.203496
vt 0.934784 0.203493
vt 0.912265 0.667058
vt 0.896684 0.659892
vt 0.912013 0.242034
vt 0.915883 0.333546
vt 0.916009 0.340699
vt 0.896671 0.823412
vt 0.326863 0.359138
vt 0.332543 0.350450
vt 0.334017 0.357393
vt 0.385939 0.359137
vt 0.380260 0.350450
vt 0.390334 0.350450
vt 0.393323 0.361555
vt 0.319480 0.339344
vt 0.322469 0.350450
vt 0.147205 0.454263
vt 0.141526 0.462951
vt 0.140052 0.456007
vt 0.088129 0.454263
vt 0.093809 0.462951
vt 0.083734 0.462951
vt 0.154589 0.451845
vt 0.151600 0.462951
vt 0.147205 0.471638
vt 0.080746 0.474056
vt 0.088129 0.471638
vt 0.326863 0.341762
vt 0.385939 0.341762
vt 0.117672 0.462950
vt 0.120600 0.470019
vt 0.117672 0.470602
vt 0.124741 0.465878
vt 0.123083 0.468361
vt 0.124741 0.460023
vt 0.125324 0.462950
vt 0.120600 0.455882
vt 0.123083 0.457540
vt 0.114745 0.455882
vt 0.117672 0.455299
vt 0.110604 0.460023
vt 0.112262 0.457540
vt 0.110604 0.465878
vt 0.110021 0.462950
vt 0.114745 0.470019
vt 0.112262 0.468361
vt 0.953206 0.435711
vt 0.970970 0.429855
vt 0.970969 0.435711
vt 0.970969 0.440676
vt 0.951562 0.964516
vt 0.933798 0.969482
vt 0.933800 0.964516
vt 0.951563 0.958660
vt 0.933800 0.958660
vt 0.951562 0.952805
vt 0.933800 0.952805
vt 0.951561 0.947841
vt 0.933798 0.947841
vt 0.988434 0.962937
vt 0.983764 0.945679
vt 0.988441 0.946137
vt 0.953206 0.423999
vt 0.970969 0.419035
vt 0.970969 0.423999
vt 0.953207 0.429855
vt 0.356407 0.350450
vt 0.359335 0.343381
vt 0.361817 0.345040
vt 0.363475 0.347522
vt 0.364058 0.350450
vt 0.363475 0.353378
vt 0.361817 0.355860
vt 0.359335 0.357518
vt 0.356407 0.358101
vt 0.353479 0.357518
vt 0.350997 0.355860
vt 0.349338 0.353378
vt 0.348756 0.350450
vt 0.349338 0.347522
vt 0.350997 0.345040
vt 0.353479 0.343381
vt 0.356407 0.342799
vt 0.123525 0.477088
vt 0.128490 0.473771
vt 0.131577 0.469148
vt 0.132971 0.462950
vt 0.131615 0.456810
vt 0.128490 0.452130
vt 0.123525 0.448813
vt 0.117669 0.447648
vt 0.111814 0.448813
vt 0.106849 0.452130
vt 0.103671 0.456805
vt 0.102367 0.462950
vt 0.103772 0.469166
vt 0.106849 0.473771
vt 0.111814 0.477088
vt 0.117669 0.478253
vt 0.356404 0.335148
vt 0.362259 0.336313
vt 0.367224 0.339630
vt 0.370311 0.344252
vt 0.371706 0.350450
vt 0.370345 0.356597
vt 0.367224 0.361270
vt 0.362259 0.364587
vt 0.356404 0.365752
vt 0.350548 0.364587
vt 0.345583 0.361270
vt 0.342463 0.356601
vt 0.341102 0.350450
vt 0.342520 0.344213
vt 0.345583 0.339630
vt 0.350548 0.336313
vt 0.896460 0.256742
vt 0.340561 0.350450
vt 0.341517 0.356539
vt 0.334017 0.343507
vt 0.896538 0.674589
vt 0.896550 0.667045
vt 0.095283 0.469894
vt 0.101827 0.462950
vt 0.102826 0.469104
vt 0.095283 0.456007
vt 0.931612 0.325870
vt 0.931598 0.333550
vt 0.133400 0.462951
vt 0.132371 0.456863
vt 0.140052 0.469894
vt 0.912264 0.808544
vt 0.378786 0.343507
vt 0.372134 0.350450
vt 0.371071 0.344312
vt 0.378786 0.357393
vt 0.912712 0.257631
vt 0.912203 0.256688
vt 0.341561 0.344296
vt 0.912264 0.674602
vt 0.896028 0.675547
vt 0.102783 0.456861
vt 0.915872 0.325866
vt 0.932119 0.325108
vt 0.132337 0.469088
vt 0.896028 0.807783
vt 0.896537 0.808545
vt 0.371105 0.356537
vt 0.996115 0.967442
vt 0.991533 0.984696
vt 0.991512 0.967951
vt 0.984800 0.419544
vt 0.989421 0.436798
vt 0.984800 0.436290
vt 0.588411 0.985557
vt 0.593086 0.968300
vt 0.593092 0.985052
vt 0.077614 0.353381
vt 0.066815 0.368214
vt 0.912280 0.587729
vt 0.896576 0.573784
vt 0.305549 0.445187
vt 0.316348 0.460019
vt 0.950491 0.352408
vt 0.934773 0.367531
vt 0.912145 0.595113
vt 0.896562 0.587716
vt 0.950469 0.373655
vt 0.950488 0.367535
vt 0.931470 0.146468
vt 0.915882 0.139315
vt 0.931597 0.139315
vt 0.157721 0.353381
vt 0.154589 0.361978
vt 0.915881 0.153852
vt 0.931600 0.153852
vt 0.396455 0.460019
vt 0.393323 0.451423
vt 0.524427 0.891900
vt 0.540143 0.891896
vt 0.157721 0.348364
vt 0.168519 0.333532
vt 0.915940 0.585519
vt 0.931659 0.571595
vt 0.407253 0.479869
vt 0.396455 0.465036
vt 0.933798 0.800330
vt 0.949516 0.815459
vt 0.916070 0.564208
vt 0.915940 0.571591
vt 0.933817 0.794209
vt 0.949514 0.800328
vt 0.896449 0.119762
vt 0.912013 0.112555
vt 0.912164 0.119709
vt 0.077614 0.348364
vt 0.080746 0.339767
vt 0.896399 0.105224
vt 0.912118 0.105170
vt 0.316348 0.465036
vt 0.319480 0.473633
vt 0.934766 0.146167
vt 0.950481 0.146170
vt 0.540123 0.885774
vt 0.524445 0.885779
vt 0.950462 0.152290
vt 0.934784 0.152287
vt 0.912265 0.602267
vt 0.896684 0.595100
vt 0.896552 0.112608
vt 0.915944 0.557056
vt 0.931531 0.564212
vt 0.916009 0.146468
vt 0.326863 0.471216
vt 0.332543 0.462528
vt 0.334017 0.469472
vt 0.385939 0.471216
vt 0.380260 0.462528
vt 0.390334 0.462528
vt 0.393323 0.473633
vt 0.319480 0.451423
vt 0.322469 0.462528
vt 0.147205 0.342184
vt 0.141526 0.350872
vt 0.140052 0.343929
vt 0.088129 0.342184
vt 0.093809 0.350872
vt 0.083734 0.350872
vt 0.154589 0.339767
vt 0.151600 0.350872
vt 0.147205 0.359560
vt 0.080746 0.361978
vt 0.088129 0.359560
vt 0.326863 0.453840
vt 0.385939 0.453840
vt 0.117673 0.350872
vt 0.120600 0.357941
vt 0.117673 0.358523
vt 0.124741 0.353801
vt 0.123083 0.356282
vt 0.124741 0.347945
vt 0.125324 0.350872
vt 0.120600 0.343804
vt 0.123083 0.345462
vt 0.114745 0.343804
vt 0.117673 0.343221
vt 0.110604 0.347945
vt 0.112262 0.345462
vt 0.110604 0.353801
vt 0.110022 0.350872
vt 0.114745 0.357941
vt 0.112262 0.356282
vt 0.969933 0.940223
vt 0.952171 0.934367
vt 0.969934 0.934367
vt 0.952170 0.945188
vt 0.969933 0.945188
vt 0.810899 0.953675
vt 0.793135 0.958641
vt 0.793136 0.953675
vt 0.810899 0.947819
vt 0.793137 0.947819
vt 0.810899 0.941963
vt 0.793136 0.941963
vt 0.810897 0.937000
vt 0.793135 0.937000
vt 0.988434 0.939564
vt 0.983764 0.922305
vt 0.988440 0.922763
vt 0.969933 0.928511
vt 0.952170 0.923547
vt 0.969933 0.923547
vt 0.952171 0.928511
vt 0.356407 0.462528
vt 0.359335 0.455459
vt 0.361817 0.457118
vt 0.363475 0.459600
vt 0.364058 0.462528
vt 0.363475 0.465456
vt 0.361817 0.467938
vt 0.359335 0.469597
vt 0.356407 0.470179
vt 0.353479 0.469597
vt 0.350997 0.467938
vt 0.349338 0.465456
vt 0.348756 0.462528
vt 0.349338 0.459600
vt 0.350997 0.457118
vt 0.353479 0.455459
vt 0.356407 0.454877
vt 0.117669 0.366174
vt 0.123525 0.365010
vt 0.128490 0.361692
vt 0.131577 0.357070
vt 0.132971 0.350872
vt 0.131615 0.344732
vt 0.128490 0.340052
vt 0.123525 0.336735
vt 0.117669 0.335570
vt 0.111814 0.336735
vt 0.106849 0.340052
vt 0.103671 0.344727
vt 0.102367 0.350872
vt 0.103772 0.357089
vt 0.106849 0.361693
vt 0.111814 0.365010
vt 0.356404 0.447226
vt 0.362259 0.448391
vt 0.367224 0.451708
vt 0.370311 0.456330
vt 0.371706 0.462528
vt 0.370345 0.468675
vt 0.367224 0.473348
vt 0.362259 0.476665
vt 0.356404 0.477830
vt 0.350548 0.476665
vt 0.345583 0.473348
vt 0.342463 0.468679
vt 0.341102 0.462528
vt 0.342520 0.456291
vt 0.345583 0.451707
vt 0.350548 0.448391
vt 0.896460 0.127263
vt 0.340561 0.462528
vt 0.341518 0.468617
vt 0.334017 0.455584
vt 0.896538 0.609798
vt 0.896550 0.602254
vt 0.095283 0.357816
vt 0.101827 0.350872
vt 0.102826 0.357027
vt 0.095283 0.343929
vt 0.931659 0.557059
vt 0.915933 0.549375
vt 0.931673 0.549380
vt 0.133400 0.350872
vt 0.132371 0.344786
vt 0.140052 0.357816
vt 0.915876 0.131601
vt 0.931602 0.131601
vt 0.378786 0.455584
vt 0.372135 0.462528
vt 0.371071 0.456390
vt 0.378786 0.469471
vt 0.912712 0.128152
vt 0.912203 0.127210
vt 0.341561 0.456374
vt 0.912264 0.609811
vt 0.896028 0.610756
vt 0.102783 0.344783
vt 0.932179 0.548618
vt 0.132337 0.357010
vt 0.915366 0.130840
vt 0.371106 0.468615
vt 0.995698 0.945679
vt 0.991116 0.962933
vt 0.991095 0.946187
vt 0.330181 0.977747
vt 0.334801 0.995001
vt 0.330180 0.994492
vt 0.448495 0.971744
vt 0.453169 0.954486
vt 0.453176 0.971239
vt 0.077614 0.241303
vt 0.066815 0.256136
vt 0.896562 0.522925
vt 0.896576 0.508993
vt 0.305549 0.557264
vt 0.316348 0.572097
vt 0.950549 0.461463
vt 0.934834 0.446330
vt 0.912281 0.522938
vt 0.896684 0.530309
vt 0.950529 0.467582
vt 0.934833 0.461458
vt 0.931470 0.211224
vt 0.915882 0.204072
vt 0.931597 0.204071
vt 0.157721 0.241303
vt 0.154589 0.249900
vt 0.915881 0.218608
vt 0.931600 0.218608
vt 0.396455 0.572097
vt 0.393323 0.563501
vt 0.827223 0.891899
vt 0.811507 0.891903
vt 0.157721 0.236287
vt 0.168519 0.221454
vt 0.915940 0.701174
vt 0.931657 0.715106
vt 0.407253 0.591947
vt 0.396455 0.577114
vt 0.877656 0.903747
vt 0.893374 0.918876
vt 0.916070 0.693791
vt 0.931659 0.701178
vt 0.877675 0.897626
vt 0.893372 0.903744
vt 0.896552 0.047869
vt 0.912164 0.054969
vt 0.896449 0.055023
vt 0.077614 0.236287
vt 0.080746 0.227689
vt 0.912118 0.040431
vt 0.896399 0.040484
vt 0.316348 0.577114
vt 0.319480 0.585711
vt 0.934766 0.094961
vt 0.950481 0.094964
vt 0.827203 0.885777
vt 0.811525 0.885782
vt 0.934784 0.101082
vt 0.950462 0.101084
vt 0.912265 0.537476
vt 0.912145 0.530322
vt 0.912013 0.047816
vt 0.915944 0.686638
vt 0.931531 0.693795
vt 0.916009 0.211225
vt 0.326863 0.583294
vt 0.332543 0.574606
vt 0.334017 0.581549
vt 0.385939 0.583294
vt 0.380260 0.574606
vt 0.390334 0.574606
vt 0.393323 0.585711
vt 0.319480 0.563501
vt 0.322469 0.574606
vt 0.147205 0.230107
vt 0.141526 0.238794
vt 0.140052 0.231851
vt 0.088129 0.230107
vt 0.093809 0.238794
vt 0.083734 0.238794
vt 0.154589 0.227689
vt 0.151600 0.238794
vt 0.147205 0.247482
vt 0.080746 0.249900
vt 0.088129 0.247482
vt 0.326863 0.565918
vt 0.385939 0.565918
vt 0.117673 0.238794
vt 0.120600 0.245863
vt 0.117673 0.246445
vt 0.124741 0.241723
vt 0.123083 0.244204
vt 0.124741 0.235867
vt 0.125324 0.238794
vt 0.120600 0.231726
vt 0.123083 0.233384
vt 0.114745 0.231726
vt 0.117672 0.231143
vt 0.110604 0.235867
vt 0.112262 0.233384
vt 0.110604 0.241723
vt 0.110021 0.238794
vt 0.114745 0.245863
vt 0.112262 0.244204
vt 0.952171 0.915928
vt 0.969934 0.910072
vt 0.969933 0.915928
vt 0.952170 0.920893
vt 0.969933 0.920893
vt 0.863968 0.953666
vt 0.846204 0.958632
vt 0.846205 0.953666
vt 0.863969 0.947810
vt 0.846206 0.947810
vt 0.863968 0.941955
vt 0.846205 0.941955
vt 0.863967 0.936992
vt 0.846204 0.936992
vt 0.989229 0.483215
vt 0.984559 0.465956
vt 0.989236 0.466415
vt 0.969933 0.904217
vt 0.952170 0.899253
vt 0.969933 0.899253
vt 0.952171 0.910072
vt 0.356407 0.574606
vt 0.359335 0.567537
vt 0.361817 0.569196
vt 0.363475 0.571678
vt 0.364058 0.574606
vt 0.363475 0.577534
vt 0.361817 0.580016
vt 0.359335 0.581675
vt 0.356407 0.582257
vt 0.353479 0.581675
vt 0.350997 0.580016
vt 0.349338 0.577534
vt 0.348756 0.574606
vt 0.349338 0.571678
vt 0.350997 0.569196
vt 0.353479 0.567537
vt 0.356407 0.566955
vt 0.117669 0.254096
vt 0.123525 0.252932
vt 0.128490 0.249615
vt 0.131577 0.244992
vt 0.132971 0.238794
vt 0.131615 0.232654
vt 0.128490 0.227974
vt 0.123525 0.224657
vt 0.117669 0.223493
vt 0.111814 0.224657
vt 0.106849 0.227974
vt 0.103671 0.232650
vt 0.102367 0.238794
vt 0.103772 0.245011
vt 0.106849 0.249614
vt 0.111814 0.252932
vt 0.356404 0.559304
vt 0.362259 0.560469
vt 0.367224 0.563786
vt 0.370311 0.568408
vt 0.371706 0.574606
vt 0.370345 0.580753
vt 0.367224 0.585426
vt 0.362259 0.588743
vt 0.356404 0.589908
vt 0.350548 0.588743
vt 0.345583 0.585426
vt 0.342463 0.580757
vt 0.341102 0.574606
vt 0.342520 0.568368
vt 0.345583 0.563786
vt 0.350548 0.560469
vt 0.896460 0.062524
vt 0.340561 0.574606
vt 0.341518 0.580696
vt 0.334017 0.567662
vt 0.896550 0.537462
vt 0.912264 0.545020
vt 0.896538 0.545006
vt 0.095283 0.245738
vt 0.101827 0.238794
vt 0.102826 0.244949
vt 0.095283 0.231851
vt 0.931659 0.686642
vt 0.915933 0.678958
vt 0.931673 0.678962
vt 0.133400 0.238794
vt 0.132371 0.232708
vt 0.140052 0.245738
vt 0.931602 0.196357
vt 0.378786 0.567662
vt 0.372135 0.574606
vt 0.371071 0.568468
vt 0.378786 0.581549
vt 0.912712 0.063413
vt 0.912203 0.062470
vt 0.341561 0.568452
vt 0.896028 0.545964
vt 0.102783 0.232705
vt 0.932179 0.678201
vt 0.132337 0.244933
vt 0.915366 0.195596
vt 0.915875 0.196357
vt 0.371105 0.580693
vt 0.996492 0.465956
vt 0.991911 0.483211
vt 0.991890 0.466465
vt 0.990957 0.722389
vt 0.995578 0.739642
vt 0.990957 0.739134
vt 0.448495 0.930910
vt 0.453170 0.913653
vt 0.453176 0.930405
vt 0.077614 0.129225
vt 0.066815 0.144058
vt 0.912280 0.458147
vt 0.896576 0.444202
vt 0.305549 0.669342
vt 0.316348 0.684175
vt 0.950481 0.302779
vt 0.934766 0.287647
vt 0.912145 0.465531
vt 0.896562 0.458133
vt 0.950461 0.308899
vt 0.934765 0.302775
vt 0.931597 0.268828
vt 0.916009 0.275981
vt 0.915882 0.268828
vt 0.157721 0.129225
vt 0.154589 0.137822
vt 0.915881 0.283364
vt 0.931600 0.283364
vt 0.396455 0.684175
vt 0.393323 0.675579
vt 0.474757 0.883337
vt 0.459041 0.883341
vt 0.157721 0.124209
vt 0.168519 0.109376
vt 0.915940 0.636383
vt 0.931657 0.650314
vt 0.407253 0.704025
vt 0.396455 0.689192
vt 0.933798 0.749116
vt 0.949516 0.764245
vt 0.916070 0.629000
vt 0.931659 0.636386
vt 0.933817 0.742995
vt 0.949514 0.749113
vt 0.896449 0.184502
vt 0.912013 0.177295
vt 0.912164 0.184448
vt 0.077614 0.124209
vt 0.080746 0.115611
vt 0.896399 0.169963
vt 0.912118 0.169909
vt 0.316348 0.689192
vt 0.319480 0.697789
vt 0.934766 0.248578
vt 0.950481 0.248581
vt 0.474737 0.877215
vt 0.459060 0.877220
vt 0.934784 0.254699
vt 0.950462 0.254701
vt 0.912265 0.472684
vt 0.896684 0.465518
vt 0.896552 0.177347
vt 0.915944 0.621847
vt 0.931531 0.629003
vt 0.931470 0.275981
vt 0.326863 0.695372
vt 0.332543 0.686684
vt 0.334017 0.693627
vt 0.385939 0.695372
vt 0.380260 0.686684
vt 0.390334 0.686684
vt 0.393323 0.697789
vt 0.319480 0.675579
vt 0.322469 0.686684
vt 0.147205 0.118029
vt 0.141526 0.126717
vt 0.140052 0.119773
vt 0.088129 0.118029
vt 0.093809 0.126717
vt 0.083734 0.126717
vt 0.154589 0.115611
vt 0.151600 0.126717
vt 0.147205 0.135405
vt 0.080746 0.137822
vt 0.088129 0.135405
vt 0.326863 0.677996
vt 0.385939 0.677996
vt 0.117672 0.126717
vt 0.120600 0.133785
vt 0.117672 0.134367
vt 0.124741 0.129645
vt 0.123083 0.132127
vt 0.124741 0.123789
vt 0.125324 0.126717
vt 0.120600 0.119648
vt 0.123083 0.121307
vt 0.114745 0.119648
vt 0.117672 0.119066
vt 0.110604 0.123789
vt 0.112262 0.121307
vt 0.110604 0.129645
vt 0.110022 0.126717
vt 0.114745 0.133785
vt 0.112262 0.132127
vt 0.893373 0.965514
vt 0.875611 0.959657
vt 0.893373 0.959657
vt 0.875610 0.970478
vt 0.893372 0.970478
vt 0.540145 0.953672
vt 0.522381 0.958638
vt 0.522382 0.953672
vt 0.540145 0.947816
vt 0.522383 0.947816
vt 0.540145 0.941961
vt 0.522382 0.941961
vt 0.540143 0.936998
vt 0.522381 0.936998
vt 0.989402 0.311736
vt 0.984732 0.294477
vt 0.989408 0.294936
vt 0.893373 0.953802
vt 0.875610 0.948838
vt 0.893372 0.948838
vt 0.875610 0.953802
vt 0.356407 0.686684
vt 0.359335 0.679615
vt 0.361817 0.681274
vt 0.363475 0.683756
vt 0.364058 0.686684
vt 0.363475 0.689611
vt 0.361817 0.692094
vt 0.359335 0.693752
vt 0.356407 0.694335
vt 0.353479 0.693752
vt 0.350997 0.692094
vt 0.349338 0.689611
vt 0.348756 0.686684
vt 0.349338 0.683756
vt 0.350997 0.681274
vt 0.353479 0.679615
vt 0.356407 0.679033
vt 0.117669 0.142018
vt 0.123525 0.140854
vt 0.128490 0.137537
vt 0.131577 0.132914
vt 0.132971 0.126717
vt 0.131615 0.120576
vt 0.128490 0.115897
vt 0.123525 0.112579
vt 0.117669 0.111415
vt 0.111814 0.112579
vt 0.106849 0.115897
vt 0.103671 0.120572
vt 0.102367 0.126717
vt 0.103772 0.132933
vt 0.106849 0.137537
vt 0.111814 0.140854
vt 0.356404 0.671382
vt 0.362259 0.672546
vt 0.367224 0.675864
vt 0.370311 0.680486
vt 0.371706 0.686684
vt 0.370345 0.692831
vt 0.367224 0.697504
vt 0.362259 0.700821
vt 0.356404 0.701986
vt 0.350548 0.700821
vt 0.345583 0.697504
vt 0.342463 0.692835
vt 0.341102 0.686684
vt 0.342520 0.680446
vt 0.345583 0.675864
vt 0.350548 0.672546
vt 0.896460 0.192003
vt 0.340561 0.686684
vt 0.341517 0.692774
vt 0.334017 0.679740
vt 0.896550 0.472671
vt 0.912264 0.480228
vt 0.896538 0.480215
vt 0.095283 0.133660
vt 0.101827 0.126717
vt 0.102826 0.132871
vt 0.095283 0.119773
vt 0.931659 0.621851
vt 0.915933 0.614167
vt 0.931673 0.614171
vt 0.133400 0.126717
vt 0.132371 0.120630
vt 0.140052 0.133660
vt 0.931602 0.261113
vt 0.378786 0.679740
vt 0.372135 0.686684
vt 0.371071 0.680546
vt 0.378786 0.693627
vt 0.912712 0.192891
vt 0.912203 0.191949
vt 0.341561 0.680530
vt 0.896028 0.481173
vt 0.102783 0.120627
vt 0.932179 0.613409
vt 0.132337 0.132855
vt 0.915366 0.260352
vt 0.915875 0.261114
vt 0.371105 0.692770
vt 0.996492 0.443330
vt 0.991910 0.460584
vt 0.991889 0.443838
vt 0.145083 0.973940
vt 0.149704 0.991194
vt 0.145083 0.990685
vt 0.448495 0.951327
vt 0.453169 0.934070
vt 0.453176 0.950822
vt 0.001327 0.806993
vt 0.931144 0.922179
vt 0.240061 0.006407
vt 0.234007 0.812073
vt 0.224881 0.806817
vt 0.915427 0.805479
vt 0.931144 0.810720
vt 0.463615 0.006583
vt 0.472741 0.001327
vt 0.872493 0.961286
vt 0.866917 0.977003
vt 0.866917 0.961286
vt 0.234007 0.006489
vt 0.931144 0.797982
vt 0.472741 0.806912
vt 0.001327 0.001327
vt 0.010453 0.006643
vt 0.459041 0.814727
vt 0.474759 0.820029
vt 0.249187 0.806757
vt 0.240061 0.812073
vt 0.592419 0.812073
vt 0.576702 0.806444
vt 0.592419 0.806444
vt 0.762575 0.758756
vt 0.771760 0.748518
vt 0.771760 0.758838
vt 0.781296 0.748415
vt 0.790480 0.758761
vt 0.781296 0.758843
vt 0.275482 0.853842
vt 0.267148 0.849269
vt 0.274070 0.849268
vt 0.968070 0.683444
vt 0.980398 0.670616
vt 0.980398 0.683442
vt 0.366257 0.893682
vt 0.376130 0.898476
vt 0.369210 0.898476
vt 0.254926 0.822269
vt 0.264193 0.844475
vt 0.254926 0.853742
vt 0.265736 0.853842
vt 0.277025 0.844474
vt 0.379083 0.893681
vt 0.377542 0.903049
vt 0.367798 0.903049
vt 0.367798 0.977238
vt 0.356990 0.989566
vt 0.356990 0.977237
vt 0.857014 0.993203
vt 0.846207 0.980874
vt 0.857014 0.980874
vt 0.266046 0.861283
vt 0.275172 0.854270
vt 0.275172 0.861283
vt 0.983534 0.051796
vt 0.990547 0.039467
vt 0.990547 0.051796
vt 0.368107 0.910494
vt 0.377234 0.903480
vt 0.377234 0.910494
vt 0.941889 0.973771
vt 0.934876 0.986100
vt 0.934876 0.973771
vt 0.266046 0.854270
vt 0.983105 0.051795
vt 0.983533 0.039467
vt 0.368107 0.903480
vt 0.942318 0.986099
vt 0.942320 0.973770
vt 0.912646 0.976639
vt 0.911010 0.966959
vt 0.912646 0.966370
vt 0.991624 0.037832
vt 0.996566 0.172228
vt 0.998201 0.162651
vt 0.998201 0.171778
vt 0.933798 0.972136
vt 0.933798 0.987736
vt 0.762575 0.814816
vt 0.771760 0.804524
vt 0.771760 0.814898
vt 0.781296 0.804453
vt 0.790480 0.814747
vt 0.781296 0.814829
vt 0.747083 0.537757
vt 0.738750 0.533184
vt 0.745671 0.533184
vt 0.968120 0.029644
vt 0.980448 0.016816
vt 0.980448 0.029642
vt 0.196149 0.893682
vt 0.206021 0.898475
vt 0.199101 0.898476
vt 0.208974 0.893681
vt 0.218242 0.871482
vt 0.218241 0.902948
vt 0.737338 0.537757
vt 0.735795 0.528390
vt 0.748626 0.528390
vt 0.207433 0.903049
vt 0.197689 0.903049
vt 0.314060 0.977239
vt 0.303252 0.989566
vt 0.303252 0.977238
vt 0.163678 0.993563
vt 0.152870 0.981235
vt 0.163678 0.981234
vt 0.737647 0.538186
vt 0.746774 0.545199
vt 0.737647 0.545199
vt 0.983533 0.070049
vt 0.990547 0.057720
vt 0.990547 0.070049
vt 0.197999 0.903480
vt 0.207125 0.910493
vt 0.197999 0.910493
vt 0.981474 0.469755
vt 0.974461 0.482083
vt 0.974461 0.469755
vt 0.983105 0.070048
vt 0.983533 0.057720
vt 0.981902 0.482082
vt 0.981905 0.469754
vt 0.627231 0.982539
vt 0.625596 0.992201
vt 0.625595 0.983075
vt 0.991624 0.056085
vt 0.994278 0.066310
vt 0.995914 0.056699
vt 0.995913 0.065826
vt 0.973383 0.483719
vt 0.611648 0.956070
vt 0.596047 0.937065
vt 0.611648 0.936996
vt 0.508132 0.982678
vt 0.508954 0.997795
vt 0.508132 0.998280
vt 0.772581 0.814854
vt 0.994278 0.019583
vt 0.995100 0.034700
vt 0.994278 0.035185
vt 0.780475 0.804516
vt 0.777487 0.953282
vt 0.789816 0.921813
vt 0.789816 0.953280
vt 0.337773 0.974581
vt 0.350102 0.961646
vt 0.350102 0.974583
vt 0.953087 0.655310
vt 0.965416 0.623841
vt 0.965416 0.655308
vt 0.356990 0.974581
vt 0.369319 0.961646
vt 0.369319 0.974583
vt 0.186882 0.871482
vt 0.196149 0.880749
vt 0.790481 0.748492
vt 0.781296 0.702751
vt 0.790480 0.702669
vt 0.762575 0.748596
vt 0.771760 0.702820
vt 0.762575 0.833900
vt 0.790480 0.833900
vt 0.790481 0.804530
vt 0.762575 0.804601
vt 0.317153 0.958992
vt 0.332753 0.913219
vt 0.332753 0.958988
vt 0.592301 0.814727
vt 0.576702 0.833811
vt 0.576702 0.814727
vt 0.145408 0.905354
vt 0.129809 0.951108
vt 0.129809 0.905250
vt 0.508954 0.983163
vt 0.511575 0.997795
vt 0.775201 0.804515
vt 0.772581 0.804515
vt 0.997720 0.020068
vt 0.995100 0.020068
vt 0.777855 0.814855
vt 0.780475 0.814855
vt 0.893258 0.311883
vt 0.877656 0.266269
vt 0.893258 0.266273
vt 0.877656 0.255949
vt 0.893258 0.255845
vt 0.877656 0.210251
vt 0.893258 0.210181
vt 0.934833 0.739643
vt 0.947162 0.726708
vt 0.947162 0.739640
vt 0.388350 0.871483
vt 0.388350 0.902948
vt 0.831948 0.758757
vt 0.822764 0.748519
vt 0.831949 0.748596
vt 0.834603 0.758761
vt 0.843787 0.748415
vt 0.843787 0.758843
vt 0.275482 0.822169
vt 0.267148 0.826743
vt 0.265736 0.822169
vt 0.968120 0.047783
vt 0.980448 0.060611
vt 0.968120 0.060614
vt 0.366257 0.880749
vt 0.376130 0.875956
vt 0.379083 0.880750
vt 0.662571 0.560794
vt 0.650243 0.592264
vt 0.650243 0.560798
vt 0.264193 0.831536
vt 0.277025 0.831537
vt 0.274070 0.826743
vt 0.377542 0.871382
vt 0.367798 0.871382
vt 0.356990 0.871482
vt 0.370454 0.977238
vt 0.381262 0.989566
vt 0.370454 0.989567
vt 0.870478 0.980874
vt 0.859671 0.993203
vt 0.859668 0.980874
vt 0.275172 0.814727
vt 0.266046 0.821741
vt 0.266046 0.814727
vt 0.431201 0.976990
vt 0.438214 0.989319
vt 0.431201 0.989319
vt 0.377234 0.863938
vt 0.368107 0.870951
vt 0.368107 0.863938
vt 0.974461 0.444966
vt 0.981474 0.457294
vt 0.974461 0.457294
vt 0.438642 0.989318
vt 0.438214 0.976990
vt 0.438645 0.976989
vt 0.981902 0.444967
vt 0.981905 0.457295
vt 0.148170 0.931680
vt 0.149805 0.922000
vt 0.149805 0.932269
vt 0.430123 0.975355
vt 0.430123 0.990954
vt 0.996566 0.132102
vt 0.998202 0.141678
vt 0.996566 0.142263
vt 0.973383 0.458930
vt 0.973383 0.443330
vt 0.831948 0.814817
vt 0.822764 0.804524
vt 0.831949 0.804602
vt 0.834603 0.814747
vt 0.843787 0.804453
vt 0.843787 0.814830
vt 0.745671 0.510659
vt 0.737338 0.506084
vt 0.747083 0.506085
vt 0.968120 0.032298
vt 0.980448 0.045126
vt 0.968120 0.045129
vt 0.206021 0.875956
vt 0.208974 0.880749
vt 0.735795 0.515452
vt 0.726528 0.537657
vt 0.726528 0.506185
vt 0.745746 0.427297
vt 0.758075 0.458766
vt 0.745746 0.458763
vt 0.748626 0.515452
vt 0.207433 0.871382
vt 0.197689 0.871382
vt 0.289789 0.977239
vt 0.300597 0.989566
vt 0.289789 0.989567
vt 0.255300 0.981233
vt 0.244492 0.993562
vt 0.244489 0.981233
vt 0.746774 0.498643
vt 0.737647 0.505656
vt 0.737647 0.498643
vt 0.983762 0.241910
vt 0.990776 0.254239
vt 0.983762 0.254239
vt 0.207125 0.863937
vt 0.197999 0.870951
vt 0.197999 0.863937
vt 0.972586 0.241911
vt 0.979600 0.254239
vt 0.972586 0.254239
vt 0.991204 0.254238
vt 0.990776 0.241910
vt 0.991207 0.241909
vt 0.980028 0.241912
vt 0.980031 0.254240
vt 0.259589 0.991450
vt 0.257954 0.981788
vt 0.259589 0.981233
vt 0.982685 0.240275
vt 0.982685 0.255873
vt 0.614419 0.987870
vt 0.616055 0.997480
vt 0.614419 0.998085
vt 0.971508 0.240275
vt 0.971508 0.255875
vt 0.558446 0.020331
vt 0.574048 0.001327
vt 0.574048 0.020400
vt 0.572559 0.021347
vt 0.559935 0.021347
vt 0.558446 0.030705
vt 0.559935 0.029741
vt 0.574048 0.030777
vt 0.572559 0.029741
vt 0.286292 0.853741
vt 0.286292 0.822270
vt 0.757893 0.537656
vt 0.757893 0.506185
vt 0.843787 0.702751
vt 0.834603 0.748492
vt 0.834603 0.702669
vt 0.822764 0.702821
vt 0.822764 0.814898
vt 0.831948 0.833900
vt 0.822764 0.833903
vt 0.834603 0.833900
vt 0.834603 0.804530
vt 0.822764 0.758839
vt 0.152868 0.913147
vt 0.168468 0.958920
vt 0.152869 0.958992
vt 0.931930 0.413895
vt 0.916331 0.394811
vt 0.931931 0.394741
vt 0.934833 0.678194
vt 0.950432 0.723948
vt 0.934833 0.724051
vt 0.566341 0.983279
vt 0.564999 0.995601
vt 0.565000 0.983582
vt 0.520542 0.873307
vt 0.519200 0.881603
vt 0.519200 0.873400
vt 0.971820 0.982927
vt 0.970479 0.995249
vt 0.970479 0.983229
vt 0.934765 0.319947
vt 0.936107 0.311652
vt 0.936107 0.319855
vt 0.558446 0.076391
vt 0.574048 0.076387
vt 0.558446 0.086711
vt 0.574048 0.086814
vt 0.558446 0.132409
vt 0.574048 0.132479
vt 0.050398 0.971960
vt 0.038070 0.959025
vt 0.050398 0.959029
vt 0.369210 0.875956
vt 0.738749 0.510659
vt 0.199101 0.875956
vt 0.820110 0.814826
vt 0.807949 0.804534
vt 0.820110 0.804612
vt 0.793135 0.814757
vt 0.805295 0.804463
vt 0.805295 0.814840
vt 0.953206 0.462334
vt 0.970729 0.443330
vt 0.970729 0.462403
vt 0.996549 0.586700
vt 0.997371 0.570623
vt 0.997371 0.588146
vt 0.998019 0.353692
vt 0.996573 0.364023
vt 0.996573 0.353649
vt 0.996549 0.566523
vt 0.997371 0.550446
vt 0.997371 0.567969
vt 0.996573 0.335447
vt 0.998019 0.325134
vt 0.998019 0.335510
vt 0.805295 0.702761
vt 0.793135 0.804540
vt 0.793135 0.702679
vt 0.807949 0.702831
vt 0.807949 0.814908
vt 0.820110 0.833910
vt 0.807949 0.833913
vt 0.793135 0.833910
vt 0.555792 0.833910
vt 0.538271 0.814826
vt 0.555792 0.814757
vt 0.538271 0.702748
vt 0.555791 0.804540
vt 0.538271 0.804612
vt 0.993929 0.572069
vt 0.996549 0.572069
vt 0.237407 0.793816
vt 0.234787 0.804155
vt 0.234787 0.793816
vt 0.993929 0.551891
vt 0.996549 0.551891
vt 0.476141 0.019585
vt 0.473521 0.009246
vt 0.476141 0.009246
vt 0.725570 0.494871
vt 0.743093 0.393239
vt 0.743093 0.494941
vt 0.855099 0.833909
vt 0.861102 0.815604
vt 0.861102 0.833909
vt 0.534976 0.833909
vt 0.535617 0.815604
vt 0.535617 0.833908
vt 0.512827 0.833909
vt 0.534976 0.815604
vt 0.512186 0.815604
vt 0.512827 0.815604
vt 0.852444 0.833909
vt 0.846441 0.815604
vt 0.852445 0.815604
vt 0.870706 0.833908
vt 0.875002 0.815604
vt 0.875002 0.833909
vt 0.614245 0.833909
vt 0.627412 0.815604
vt 0.627412 0.833909
vt 0.612570 0.833909
vt 0.614245 0.815604
vt 0.509532 0.001327
vt 0.478795 0.019632
vt 0.478795 0.001327
vt 0.596749 0.001327
vt 0.595073 0.019632
vt 0.595073 0.001327
vt 0.609915 0.001327
vt 0.596749 0.019632
vt 0.855099 0.703526
vt 0.861102 0.803788
vt 0.855099 0.803788
vt 0.534976 0.703526
vt 0.535617 0.803787
vt 0.534976 0.803788
vt 0.512827 0.703526
vt 0.512827 0.803788
vt 0.512186 0.803787
vt 0.846441 0.703526
vt 0.852444 0.803788
vt 0.846441 0.803788
vt 0.870706 0.703526
vt 0.875002 0.803787
vt 0.870706 0.803787
vt 0.614245 0.703526
vt 0.627412 0.803788
vt 0.614245 0.803788
vt 0.612570 0.703526
vt 0.612570 0.803788
vt 0.509532 0.131709
vt 0.478795 0.031448
vt 0.509532 0.031448
vt 0.596749 0.131709
vt 0.595073 0.031448
vt 0.596749 0.031448
vt 0.609915 0.131709
vt 0.609915 0.031448
vt 0.863756 0.703526
vt 0.868052 0.803787
vt 0.863756 0.803787
vt 0.517589 0.813893
vt 0.517589 0.805499
vt 0.530214 0.805499
vt 0.563720 0.983279
vt 0.517921 0.873307
vt 0.969199 0.982927
vt 0.937386 0.319947
vt 0.762575 0.646679
vt 0.771760 0.636440
vt 0.771760 0.646760
vt 0.781296 0.636338
vt 0.790480 0.646684
vt 0.781296 0.646765
vt 0.207443 0.853842
vt 0.199109 0.849268
vt 0.206031 0.849268
vt 0.968070 0.698929
vt 0.980398 0.686101
vt 0.980398 0.698927
vt 0.434289 0.893682
vt 0.444162 0.898476
vt 0.437242 0.898476
vt 0.186887 0.822269
vt 0.196154 0.844475
vt 0.186887 0.853742
vt 0.197697 0.853842
vt 0.208986 0.844474
vt 0.447115 0.893681
vt 0.445574 0.903049
vt 0.435830 0.903049
vt 0.840685 0.976888
vt 0.829877 0.989215
vt 0.829877 0.976887
vt 0.218557 0.993562
vt 0.207749 0.981233
vt 0.218557 0.981233
vt 0.198007 0.854270
vt 0.207133 0.861283
vt 0.198007 0.861283
vt 0.441730 0.989319
vt 0.448743 0.976990
vt 0.448743 0.989319
vt 0.436139 0.903480
vt 0.445266 0.910493
vt 0.436139 0.910493
vt 0.973019 0.939540
vt 0.980032 0.927212
vt 0.980032 0.939540
vt 0.441301 0.989317
vt 0.441730 0.976990
vt 0.972591 0.927213
vt 0.972588 0.939541
vt 0.627231 0.979885
vt 0.625595 0.970205
vt 0.627231 0.969616
vt 0.449821 0.975355
vt 0.996566 0.189380
vt 0.998201 0.179803
vt 0.998201 0.188930
vt 0.981110 0.941176
vt 0.981110 0.925576
vt 0.309501 0.853842
vt 0.301168 0.849269
vt 0.308090 0.849268
vt 0.968070 0.714415
vt 0.980398 0.701587
vt 0.980398 0.714412
vt 0.242988 0.893681
vt 0.252255 0.871482
vt 0.252255 0.902948
vt 0.299756 0.853842
vt 0.298213 0.844475
vt 0.311044 0.844474
vt 0.241447 0.903049
vt 0.240035 0.898476
vt 0.231703 0.903049
vt 0.230163 0.893682
vt 0.233115 0.898476
vt 0.327524 0.977239
vt 0.316716 0.989566
vt 0.316716 0.977238
vt 0.200185 0.993562
vt 0.189378 0.981234
vt 0.200185 0.981234
vt 0.983483 0.674308
vt 0.990497 0.661980
vt 0.990497 0.674308
vt 0.981646 0.296113
vt 0.974633 0.308441
vt 0.974633 0.296113
vt 0.300065 0.854270
vt 0.983055 0.674307
vt 0.983483 0.661980
vt 0.982075 0.308440
vt 0.982078 0.296112
vt 0.981384 0.982927
vt 0.979749 0.992589
vt 0.979748 0.983462
vt 0.991574 0.660344
vt 0.994228 0.652310
vt 0.995863 0.642700
vt 0.995863 0.651826
vt 0.973555 0.310077
vt 0.993860 0.240275
vt 0.994682 0.255392
vt 0.993860 0.255877
vt 0.994278 0.037839
vt 0.995100 0.052955
vt 0.994278 0.053440
vt 0.780475 0.692438
vt 0.781296 0.692375
vt 0.953137 0.203460
vt 0.965466 0.171991
vt 0.965466 0.203458
vt 0.980398 0.636776
vt 0.968070 0.623841
vt 0.980398 0.623839
vt 0.953137 0.169335
vt 0.965466 0.137866
vt 0.965466 0.169333
vt 0.968070 0.652365
vt 0.980398 0.639430
vt 0.980398 0.652367
vt 0.220895 0.902949
vt 0.230163 0.880749
vt 0.790481 0.636415
vt 0.781296 0.590673
vt 0.790480 0.590591
vt 0.762575 0.636518
vt 0.771760 0.590742
vt 0.790481 0.692452
vt 0.762575 0.692523
vt 0.335407 0.958992
vt 0.351007 0.913219
vt 0.351007 0.958988
vt 0.016926 0.910548
vt 0.001327 0.956302
vt 0.001327 0.910445
vt 0.994682 0.240760
vt 0.997303 0.255392
vt 0.997720 0.038324
vt 0.995100 0.038324
vt 0.893258 0.416310
vt 0.877656 0.370696
vt 0.893258 0.370700
vt 0.877656 0.360376
vt 0.893258 0.360273
vt 0.877656 0.314678
vt 0.893258 0.314608
vt 0.962144 0.739640
vt 0.949816 0.726705
vt 0.962144 0.726708
vt 0.456382 0.871482
vt 0.456382 0.902948
vt 0.831948 0.646679
vt 0.822764 0.636441
vt 0.831949 0.636518
vt 0.834603 0.646684
vt 0.843787 0.636338
vt 0.843787 0.646765
vt 0.207443 0.822169
vt 0.199109 0.826743
vt 0.197697 0.822169
vt 0.968120 0.063268
vt 0.980448 0.076096
vt 0.968120 0.076100
vt 0.434289 0.880749
vt 0.444162 0.875956
vt 0.447115 0.880749
vt 0.758075 0.393168
vt 0.745746 0.424637
vt 0.745746 0.393171
vt 0.196154 0.831536
vt 0.208986 0.831537
vt 0.206031 0.826743
vt 0.445574 0.871382
vt 0.435830 0.871382
vt 0.425022 0.871482
vt 0.276325 0.977239
vt 0.287132 0.989567
vt 0.276325 0.989567
vt 0.654339 0.981450
vt 0.643531 0.993779
vt 0.643529 0.981450
vt 0.207133 0.814727
vt 0.198007 0.821741
vt 0.198007 0.814727
vt 0.990079 0.500337
vt 0.983066 0.488008
vt 0.990079 0.488008
vt 0.445266 0.863937
vt 0.436139 0.870951
vt 0.436139 0.863937
vt 0.543877 0.971255
vt 0.550891 0.983583
vt 0.543877 0.983583
vt 0.982638 0.488009
vt 0.983066 0.500337
vt 0.982635 0.500338
vt 0.551319 0.971256
vt 0.551322 0.983584
vt 0.553976 0.979299
vt 0.555611 0.969619
vt 0.555611 0.979888
vt 0.991157 0.501972
vt 0.991157 0.486373
vt 0.996566 0.149252
vt 0.998201 0.158829
vt 0.996566 0.159413
vt 0.542799 0.985219
vt 0.542799 0.969619
vt 0.831948 0.702739
vt 0.822764 0.692447
vt 0.831949 0.692524
vt 0.843787 0.692375
vt 0.308089 0.826743
vt 0.299756 0.822169
vt 0.309501 0.822169
vt 0.288946 0.822269
vt 0.288946 0.853742
vt 0.758075 0.461420
vt 0.745746 0.492889
vt 0.745746 0.461423
vt 0.298213 0.831536
vt 0.311044 0.831537
vt 0.242988 0.880749
vt 0.241447 0.871382
vt 0.231703 0.871382
vt 0.220895 0.871482
vt 0.262861 0.977239
vt 0.273669 0.989566
vt 0.262861 0.989567
vt 0.993912 0.119287
vt 0.983105 0.131616
vt 0.983102 0.119287
vt 0.309192 0.814727
vt 0.300065 0.821741
vt 0.300065 0.814727
vt 0.983831 0.552081
vt 0.990844 0.564410
vt 0.983831 0.564410
vt 0.241139 0.863937
vt 0.232013 0.870951
vt 0.232013 0.863937
vt 0.974701 0.420671
vt 0.981715 0.433000
vt 0.974701 0.433000
vt 0.991272 0.564409
vt 0.990844 0.552081
vt 0.991275 0.552080
vt 0.982143 0.420672
vt 0.982146 0.433001
vt 0.982753 0.550446
vt 0.982753 0.566044
vt 0.973623 0.419035
vt 0.973623 0.434635
vt 0.572559 0.133425
vt 0.559935 0.141819
vt 0.574048 0.142855
vt 0.558446 0.142783
vt 0.218253 0.853741
vt 0.218253 0.822270
vt 0.320311 0.853741
vt 0.320311 0.822270
vt 0.843787 0.590673
vt 0.834603 0.636415
vt 0.834603 0.590591
vt 0.822764 0.590743
vt 0.834603 0.692452
vt 0.822764 0.646761
vt 0.171122 0.913147
vt 0.186722 0.958920
vt 0.171123 0.958992
vt 0.038070 0.910514
vt 0.053668 0.956268
vt 0.038070 0.956371
vt 0.977094 0.982927
vt 0.975753 0.995248
vt 0.975753 0.983229
vt 0.940040 0.319947
vt 0.941382 0.311651
vt 0.941382 0.319854
vt 0.571615 0.983279
vt 0.570274 0.995601
vt 0.570274 0.983581
vt 0.558446 0.188469
vt 0.574048 0.188464
vt 0.558446 0.198789
vt 0.574048 0.198892
vt 0.558446 0.244487
vt 0.574048 0.244557
vt 0.742936 0.973510
vt 0.755265 0.960575
vt 0.755265 0.973507
vt 0.437242 0.875956
vt 0.301167 0.826743
vt 0.233115 0.875956
vt 0.240035 0.875956
vt 0.820110 0.702749
vt 0.807949 0.692456
vt 0.820110 0.692533
vt 0.995514 0.797618
vt 0.996336 0.781540
vt 0.996336 0.799064
vt 0.994696 0.435113
vt 0.995518 0.419035
vt 0.995518 0.436559
vt 0.805295 0.590683
vt 0.793135 0.692462
vt 0.793135 0.590601
vt 0.807949 0.590753
vt 0.538271 0.590671
vt 0.555791 0.692462
vt 0.538271 0.692533
vt 0.995514 0.782986
vt 0.992893 0.797618
vt 0.992893 0.782986
vt 0.237407 0.692077
vt 0.234787 0.681738
vt 0.237407 0.681738
vt 0.992075 0.420481
vt 0.994696 0.420481
vt 0.685209 0.755631
vt 0.702732 0.653999
vt 0.702732 0.755700
vt 0.855099 0.591448
vt 0.861102 0.691710
vt 0.855099 0.691710
vt 0.534976 0.591448
vt 0.535617 0.691710
vt 0.534976 0.691710
vt 0.512827 0.591448
vt 0.512827 0.691710
vt 0.512186 0.591448
vt 0.512186 0.691710
vt 0.846441 0.591448
vt 0.852444 0.691710
vt 0.846441 0.691710
vt 0.870706 0.591448
vt 0.875002 0.691710
vt 0.870706 0.691710
vt 0.614245 0.691710
vt 0.627412 0.591448
vt 0.627412 0.691710
vt 0.612570 0.591448
vt 0.612569 0.691710
vt 0.509532 0.243787
vt 0.478795 0.143526
vt 0.509532 0.143526
vt 0.596749 0.243787
vt 0.595073 0.143526
vt 0.596749 0.143526
vt 0.609915 0.243787
vt 0.609916 0.143526
vt 0.863756 0.591448
vt 0.868052 0.691710
vt 0.863756 0.691710
vt 0.517589 0.701815
vt 0.517589 0.693421
vt 0.530214 0.693421
vt 0.974474 0.982927
vt 0.568995 0.983279
vt 0.762575 0.534601
vt 0.771760 0.524362
vt 0.771760 0.534683
vt 0.781296 0.524260
vt 0.790480 0.534606
vt 0.781296 0.534688
vt 0.173423 0.853842
vt 0.165090 0.849269
vt 0.172012 0.849268
vt 0.968127 0.389140
vt 0.980455 0.376312
vt 0.980455 0.389138
vt 0.332203 0.893682
vt 0.342075 0.898476
vt 0.335156 0.898476
vt 0.152868 0.822269
vt 0.162135 0.844475
vt 0.152868 0.853742
vt 0.163678 0.853842
vt 0.174966 0.844474
vt 0.345029 0.893681
vt 0.343488 0.903049
vt 0.333743 0.903049
vt 0.753744 0.976165
vt 0.742936 0.988492
vt 0.742936 0.976164
vt 0.025601 0.990954
vt 0.014793 0.978625
vt 0.025601 0.978625
vt 0.163987 0.854270
vt 0.173114 0.861283
vt 0.163987 0.861283
vt 0.983483 0.710814
vt 0.990497 0.698485
vt 0.990497 0.710814
vt 0.334053 0.910493
vt 0.343179 0.903480
vt 0.343179 0.910493
vt 0.987872 0.725678
vt 0.980858 0.738007
vt 0.980858 0.725678
vt 0.173114 0.854270
vt 0.983055 0.710813
vt 0.983483 0.698485
vt 0.334053 0.903480
vt 0.988300 0.738006
vt 0.988303 0.725677
vt 0.790299 0.981797
vt 0.788663 0.972117
vt 0.790299 0.971528
vt 0.991574 0.696850
vt 0.996566 0.112296
vt 0.998201 0.102720
vt 0.998201 0.111846
vt 0.979781 0.724043
vt 0.979781 0.739643
vt 0.762575 0.590660
vt 0.771760 0.580368
vt 0.413096 0.893681
vt 0.422363 0.871483
vt 0.422363 0.902948
vt 0.231717 0.853842
vt 0.230174 0.844474
vt 0.233129 0.849269
vt 0.243005 0.844474
vt 0.241462 0.853842
vt 0.240051 0.849268
vt 0.411555 0.903049
vt 0.410143 0.898476
vt 0.401811 0.903049
vt 0.400271 0.893682
vt 0.403223 0.898476
vt 0.348581 0.977238
vt 0.337773 0.989565
vt 0.337773 0.977237
vt 0.012137 0.990954
vt 0.001329 0.978625
vt 0.012137 0.978625
vt 0.232026 0.854270
vt 0.241153 0.861283
vt 0.232026 0.861283
vt 0.991193 0.002962
vt 0.984179 0.015290
vt 0.984179 0.002962
vt 0.674921 0.972466
vt 0.667908 0.984794
vt 0.667908 0.972466
vt 0.991621 0.002963
vt 0.991193 0.015290
vt 0.402121 0.903480
vt 0.675350 0.984793
vt 0.675353 0.972465
vt 0.983102 0.016926
vt 0.666830 0.986430
vt 0.993497 0.742992
vt 0.994319 0.758109
vt 0.993497 0.758594
vt 0.772580 0.590698
vt 0.514229 0.982678
vt 0.515051 0.997795
vt 0.514229 0.998280
vt 0.965466 0.237619
vt 0.953137 0.206150
vt 0.965466 0.206152
vt 0.384301 0.974583
vt 0.371973 0.961648
vt 0.384301 0.961646
vt 0.965466 0.291821
vt 0.953138 0.260352
vt 0.965466 0.260354
vt 0.386955 0.974581
vt 0.399284 0.961646
vt 0.399284 0.974583
vt 0.391003 0.902949
vt 0.400271 0.880749
vt 0.790481 0.524337
vt 0.781296 0.478595
vt 0.790480 0.478514
vt 0.762575 0.524440
vt 0.771760 0.478664
vt 0.790481 0.580374
vt 0.762575 0.580445
vt 0.393498 0.958992
vt 0.409098 0.913219
vt 0.409098 0.958988
vt 0.950432 0.623942
vt 0.934833 0.669696
vt 0.934833 0.623839
vt 0.994319 0.743477
vt 0.996939 0.758109
vt 0.517671 0.983163
vt 0.515051 0.983163
vt 0.777855 0.590699
vt 0.780475 0.580360
vt 0.780475 0.590699
vt 0.893258 0.207456
vt 0.877656 0.161842
vt 0.893258 0.161846
vt 0.877656 0.151521
vt 0.893258 0.151418
vt 0.877656 0.105824
vt 0.893258 0.105754
vt 0.953145 0.372172
vt 0.965474 0.359237
vt 0.965474 0.372169
vt 0.354295 0.871482
vt 0.354295 0.902948
vt 0.831948 0.534601
vt 0.822764 0.524363
vt 0.831949 0.524440
vt 0.834603 0.534606
vt 0.843787 0.524260
vt 0.843787 0.534688
vt 0.173423 0.822169
vt 0.165090 0.826743
vt 0.163678 0.822169
vt 0.968120 0.156178
vt 0.980448 0.169006
vt 0.968120 0.169009
vt 0.332203 0.880749
vt 0.342075 0.875956
vt 0.345029 0.880749
vt 0.758069 0.722180
vt 0.745740 0.753649
vt 0.745740 0.722183
vt 0.162135 0.831536
vt 0.174966 0.831537
vt 0.172012 0.826743
vt 0.343488 0.871382
vt 0.333743 0.871382
vt 0.322936 0.871482
vt 0.970541 0.852634
vt 0.981349 0.864962
vt 0.970541 0.864963
vt 0.488978 0.980016
vt 0.478170 0.992344
vt 0.478167 0.980015
vt 0.173114 0.814727
vt 0.163987 0.821741
vt 0.163987 0.814727
vt 0.983831 0.588589
vt 0.990844 0.600917
vt 0.983831 0.600917
vt 0.334053 0.863937
vt 0.343179 0.870951
vt 0.334053 0.870951
vt 0.972655 0.606843
vt 0.979668 0.619172
vt 0.972655 0.619172
vt 0.991272 0.600916
vt 0.990844 0.588589
vt 0.991275 0.588588
vt 0.980096 0.606844
vt 0.980099 0.619173
vt 0.148298 0.963511
vt 0.149933 0.953830
vt 0.149933 0.964100
vt 0.982753 0.586954
vt 0.982753 0.602552
vt 0.996566 0.209186
vt 0.998201 0.218762
vt 0.996566 0.219346
vt 0.971577 0.620807
vt 0.971577 0.605208
vt 0.843787 0.580297
vt 0.240050 0.826743
vt 0.231717 0.822169
vt 0.241462 0.822169
vt 0.968127 0.391794
vt 0.980455 0.404622
vt 0.968127 0.404625
vt 0.220907 0.822269
vt 0.220907 0.853741
vt 0.758069 0.688054
vt 0.745740 0.719523
vt 0.745740 0.688057
vt 0.230174 0.831536
vt 0.243005 0.831537
vt 0.413096 0.880750
vt 0.411555 0.871382
vt 0.401811 0.871382
vt 0.391003 0.871482
vt 0.171239 0.977239
vt 0.182047 0.989567
vt 0.171239 0.989568
vt 0.502442 0.980016
vt 0.491634 0.992344
vt 0.491631 0.980015
vt 0.241153 0.814727
vt 0.232026 0.821741
vt 0.232026 0.814727
vt 0.982795 0.799507
vt 0.989808 0.811835
vt 0.982795 0.811835
vt 0.509210 0.966060
vt 0.516224 0.978389
vt 0.509210 0.978389
vt 0.990237 0.811834
vt 0.989809 0.799507
vt 0.990239 0.799506
vt 0.516652 0.966061
vt 0.516655 0.978390
vt 0.204475 0.991451
vt 0.202840 0.981789
vt 0.204475 0.981233
vt 0.981717 0.797871
vt 0.981717 0.813470
vt 0.984182 0.987859
vt 0.985817 0.997469
vt 0.984182 0.998074
vt 0.508132 0.964424
vt 0.508132 0.980024
vt 0.572559 0.245503
vt 0.559935 0.253897
vt 0.574048 0.254932
vt 0.558446 0.254861
vt 0.184233 0.822270
vt 0.252272 0.822270
vt 0.843787 0.478595
vt 0.834603 0.524337
vt 0.834603 0.478514
vt 0.822764 0.478665
vt 0.834603 0.580374
vt 0.822764 0.534683
vt 0.831949 0.580446
vt 0.822764 0.580369
vt 0.298899 0.913147
vt 0.314499 0.958920
vt 0.298900 0.958992
vt 0.111555 0.905319
vt 0.127154 0.951073
vt 0.111555 0.951177
vt 0.576889 0.983279
vt 0.575548 0.995601
vt 0.575548 0.983582
vt 0.956837 0.983033
vt 0.955496 0.995355
vt 0.955496 0.983335
vt 0.947935 0.311553
vt 0.946593 0.319848
vt 0.946593 0.311645
vt 0.558446 0.300547
vt 0.574048 0.300542
vt 0.558446 0.310867
vt 0.574048 0.310970
vt 0.558446 0.356565
vt 0.574048 0.356634
vt 0.842206 0.974230
vt 0.829877 0.961295
vt 0.842206 0.961298
vt 0.335156 0.875956
vt 0.233128 0.826743
vt 0.805295 0.580307
vt 0.995514 0.850457
vt 0.996336 0.834379
vt 0.996336 0.851902
vt 0.995514 0.777441
vt 0.996336 0.761363
vt 0.996336 0.778886
vt 0.805295 0.478605
vt 0.793135 0.580384
vt 0.793135 0.478523
vt 0.807949 0.478675
vt 0.820110 0.580456
vt 0.807949 0.580379
vt 0.538271 0.478593
vt 0.555791 0.580384
vt 0.538271 0.580455
vt 0.992893 0.835825
vt 0.995514 0.835825
vt 0.992893 0.762809
vt 0.995514 0.762809
vt 0.705386 0.755631
vt 0.722909 0.653999
vt 0.722909 0.755701
vt 0.555792 0.590601
vt 0.855099 0.479370
vt 0.861102 0.579632
vt 0.855099 0.579632
vt 0.534976 0.479371
vt 0.535617 0.579632
vt 0.534976 0.579632
vt 0.512827 0.479371
vt 0.512827 0.579632
vt 0.512186 0.479370
vt 0.512186 0.579632
vt 0.846441 0.479370
vt 0.852444 0.579632
vt 0.846441 0.579632
vt 0.870706 0.479370
vt 0.875002 0.579632
vt 0.870706 0.579632
vt 0.614245 0.479370
vt 0.627412 0.579632
vt 0.614245 0.579632
vt 0.612570 0.479370
vt 0.612570 0.579632
vt 0.509532 0.355865
vt 0.478795 0.255604
vt 0.509532 0.255604
vt 0.596749 0.355865
vt 0.595073 0.255604
vt 0.596749 0.255604
vt 0.609915 0.355865
vt 0.609915 0.255604
vt 0.863756 0.479370
vt 0.868052 0.579632
vt 0.863756 0.579632
vt 0.517589 0.589738
vt 0.517589 0.581344
vt 0.530214 0.581344
vt 0.574269 0.983279
vt 0.969405 0.415575
vt 0.968126 0.407279
vt 0.969405 0.407372
vt 0.954217 0.983033
vt 0.762575 0.422523
vt 0.771760 0.412284
vt 0.771760 0.422605
vt 0.781296 0.412182
vt 0.790480 0.422528
vt 0.781296 0.422610
vt 0.411558 0.853842
vt 0.403225 0.849269
vt 0.410147 0.849269
vt 0.968127 0.368909
vt 0.980456 0.356081
vt 0.980456 0.368906
vt 0.298190 0.893682
vt 0.308062 0.898476
vt 0.301142 0.898476
vt 0.391003 0.853742
vt 0.400271 0.831536
vt 0.400271 0.844475
vt 0.401813 0.853842
vt 0.413101 0.844474
vt 0.311015 0.893681
vt 0.309474 0.903049
vt 0.299730 0.903049
vt 0.993910 0.089321
vt 0.983102 0.101649
vt 0.983102 0.089320
vt 0.714390 0.992454
vt 0.703583 0.980125
vt 0.714390 0.980125
vt 0.402122 0.854270
vt 0.411249 0.861284
vt 0.402122 0.861284
vt 0.983483 0.692561
vt 0.990497 0.680232
vt 0.990497 0.692561
vt 0.300040 0.903480
vt 0.309166 0.910494
vt 0.300040 0.910494
vt 0.883701 0.974768
vt 0.876687 0.987096
vt 0.876687 0.974768
vt 0.983055 0.692560
vt 0.983483 0.680232
vt 0.884129 0.987095
vt 0.884132 0.974767
vt 0.149805 0.945192
vt 0.148170 0.935512
vt 0.149805 0.934923
vt 0.991574 0.678597
vt 0.996566 0.129448
vt 0.998202 0.119871
vt 0.998201 0.128998
vt 0.875610 0.973132
vt 0.875610 0.988732
vt 0.762575 0.478582
vt 0.771760 0.468290
vt 0.781296 0.468219
vt 0.343521 0.853842
vt 0.335187 0.849269
vt 0.342109 0.849268
vt 0.558446 0.980625
vt 0.570774 0.967797
vt 0.570774 0.980623
vt 0.639333 0.903786
vt 0.649205 0.908580
vt 0.642285 0.908580
vt 0.652158 0.890854
vt 0.661425 0.913052
vt 0.652158 0.903785
vt 0.333775 0.853842
vt 0.332233 0.844475
vt 0.345064 0.844474
vt 0.650617 0.913153
vt 0.640873 0.913153
vt 0.394725 0.977238
vt 0.383918 0.989566
vt 0.383918 0.977237
vt 0.735375 0.992488
vt 0.724568 0.980160
vt 0.735375 0.980160
vt 0.334085 0.854270
vt 0.343211 0.861283
vt 0.334085 0.861283
vt 0.983533 0.033543
vt 0.990547 0.021215
vt 0.990547 0.033543
vt 0.641183 0.913584
vt 0.650309 0.920597
vt 0.641183 0.920597
vt 0.622510 0.971252
vt 0.615497 0.983581
vt 0.615497 0.971252
vt 0.983105 0.033542
vt 0.983533 0.021215
vt 0.622939 0.983580
vt 0.622941 0.971251
vt 0.585469 0.983279
vt 0.583834 0.992941
vt 0.583833 0.983815
vt 0.991624 0.019580
vt 0.915427 0.994709
vt 0.917062 0.985099
vt 0.917062 0.994225
vt 0.614419 0.985216
vt 0.993929 0.590800
vt 0.994751 0.605917
vt 0.993929 0.606402
vt 0.772580 0.478620
vt 0.224930 0.981233
vt 0.225752 0.996350
vt 0.224930 0.996835
vt 0.780475 0.468282
vt 0.953137 0.135210
vt 0.965466 0.103740
vt 0.965466 0.135207
vt 0.964798 0.739640
vt 0.977127 0.726705
vt 0.977127 0.739642
vt 0.965474 0.356577
vt 0.953145 0.325108
vt 0.965474 0.325110
vt 0.968070 0.667956
vt 0.980398 0.655021
vt 0.980398 0.667958
vt 0.630066 0.881586
vt 0.639333 0.890853
vt 0.790481 0.412259
vt 0.781296 0.366518
vt 0.790480 0.366436
vt 0.762575 0.412362
vt 0.771760 0.366586
vt 0.790481 0.468296
vt 0.762575 0.468367
vt 0.280645 0.958992
vt 0.296244 0.913218
vt 0.296245 0.958987
vt 0.682429 0.902752
vt 0.666830 0.948506
vt 0.666830 0.902648
vt 0.994751 0.591285
vt 0.997371 0.605917
vt 0.775201 0.468281
vt 0.772580 0.468281
vt 0.228372 0.981718
vt 0.225752 0.981718
vt 0.777855 0.478621
vt 0.780475 0.478621
vt 0.664039 0.871315
vt 0.648437 0.825702
vt 0.664039 0.825706
vt 0.648437 0.815382
vt 0.664039 0.815278
vt 0.648437 0.769683
vt 0.664039 0.769614
vt 0.614419 0.966962
vt 0.626748 0.954027
vt 0.626748 0.966959
vt 0.320282 0.871483
vt 0.320282 0.902948
vt 0.831948 0.422523
vt 0.822764 0.412285
vt 0.831949 0.412363
vt 0.834603 0.422528
vt 0.843787 0.412182
vt 0.843787 0.422610
vt 0.411558 0.822169
vt 0.403225 0.826743
vt 0.401813 0.822169
vt 0.968120 0.171989
vt 0.980448 0.184816
vt 0.968120 0.184819
vt 0.298190 0.880749
vt 0.308062 0.875956
vt 0.311015 0.880750
vt 0.650243 0.594924
vt 0.662571 0.626393
vt 0.650243 0.626390
vt 0.391003 0.822269
vt 0.413101 0.831537
vt 0.410147 0.826744
vt 0.309474 0.871382
vt 0.299730 0.871382
vt 0.288922 0.871482
vt 0.074812 0.978625
vt 0.085620 0.990952
vt 0.074812 0.990953
vt 0.993912 0.074338
vt 0.983105 0.086666
vt 0.983102 0.074337
vt 0.402122 0.814728
vt 0.411249 0.821741
vt 0.402122 0.821741
vt 0.983713 0.506262
vt 0.990726 0.518591
vt 0.983713 0.518591
vt 0.309166 0.863938
vt 0.300040 0.870951
vt 0.300040 0.863937
vt 0.973666 0.949477
vt 0.980679 0.961806
vt 0.973666 0.961806
vt 0.991154 0.518590
vt 0.990726 0.506262
vt 0.991157 0.506261
vt 0.981108 0.949478
vt 0.981110 0.961807
vt 0.407212 0.971326
vt 0.408848 0.961646
vt 0.408848 0.971915
vt 0.982635 0.504627
vt 0.982635 0.520226
vt 0.996566 0.196371
vt 0.998201 0.205947
vt 0.996566 0.206532
vt 0.972588 0.963441
vt 0.972588 0.947841
vt 0.831948 0.478583
vt 0.822764 0.468291
vt 0.831949 0.468368
vt 0.843787 0.468220
vt 0.343521 0.822169
vt 0.335187 0.826743
vt 0.333775 0.822169
vt 0.968127 0.340593
vt 0.980456 0.353421
vt 0.968127 0.353424
vt 0.649205 0.886060
vt 0.332233 0.831536
vt 0.322965 0.853742
vt 0.322965 0.822269
vt 0.662571 0.629047
vt 0.650243 0.660516
vt 0.650243 0.629050
vt 0.345064 0.831537
vt 0.342108 0.826743
vt 0.650617 0.881486
vt 0.661425 0.881586
vt 0.640873 0.881486
vt 0.397382 0.977238
vt 0.408189 0.989566
vt 0.397382 0.989567
vt 0.993912 0.134270
vt 0.983105 0.146598
vt 0.983102 0.134270
vt 0.343211 0.814727
vt 0.334085 0.821741
vt 0.334085 0.814727
vt 0.983831 0.570335
vt 0.990844 0.582663
vt 0.983831 0.582663
vt 0.650309 0.874041
vt 0.641183 0.881055
vt 0.641183 0.874041
vt 0.973666 0.890704
vt 0.980679 0.903032
vt 0.973666 0.903032
vt 0.991272 0.582662
vt 0.990844 0.570335
vt 0.991275 0.570334
vt 0.981107 0.890705
vt 0.981110 0.903033
vt 0.581179 0.993496
vt 0.579544 0.983834
vt 0.581179 0.983279
vt 0.982753 0.568700
vt 0.982753 0.584298
vt 0.928295 0.984493
vt 0.929931 0.994104
vt 0.928295 0.994709
vt 0.972588 0.889068
vt 0.972588 0.904668
vt 0.572559 0.357581
vt 0.559935 0.357581
vt 0.558446 0.366939
vt 0.559935 0.365975
vt 0.574048 0.367010
vt 0.572559 0.365975
vt 0.422368 0.853741
vt 0.422368 0.822270
vt 0.354331 0.822270
vt 0.843787 0.366518
vt 0.834603 0.412259
vt 0.834603 0.366436
vt 0.822764 0.366586
vt 0.834603 0.468296
vt 0.822764 0.422605
vt 0.356990 0.913147
vt 0.372590 0.958920
vt 0.356991 0.958992
vt 0.019581 0.910514
vt 0.035179 0.956268
vt 0.019581 0.956372
vt 0.721843 0.893305
vt 0.720502 0.905627
vt 0.720502 0.893607
vt 0.748093 0.954512
vt 0.749435 0.946215
vt 0.749435 0.954419
vt 0.719223 0.875372
vt 0.720564 0.863050
vt 0.720564 0.875070
vt 0.863783 0.870693
vt 0.862441 0.878988
vt 0.862441 0.870785
vt 0.558446 0.412625
vt 0.574048 0.412620
vt 0.558446 0.422945
vt 0.574048 0.423048
vt 0.558446 0.468643
vt 0.574048 0.468712
vt 0.542799 0.966965
vt 0.555128 0.954030
vt 0.555128 0.966962
vt 0.301142 0.875956
vt 0.642285 0.886060
vt 0.820110 0.478593
vt 0.807949 0.468301
vt 0.820110 0.468378
vt 0.805295 0.468229
vt 0.995514 0.830280
vt 0.996336 0.814202
vt 0.996336 0.831725
vt 0.998018 0.402445
vt 0.996573 0.412776
vt 0.996573 0.402402
vt 0.455095 0.991432
vt 0.455917 0.975355
vt 0.455917 0.992878
vt 0.996573 0.350932
vt 0.998019 0.340619
vt 0.998019 0.350995
vt 0.805295 0.366528
vt 0.793135 0.468306
vt 0.793135 0.366446
vt 0.807949 0.366596
vt 0.538271 0.366515
vt 0.555791 0.468306
vt 0.538271 0.468378
vt 0.995514 0.815648
vt 0.992893 0.830280
vt 0.992893 0.815648
vt 0.237407 0.467921
vt 0.234787 0.457582
vt 0.237407 0.457582
vt 0.452475 0.976801
vt 0.455095 0.976801
vt 0.476141 0.355818
vt 0.473521 0.345479
vt 0.476141 0.345479
vt 0.705392 0.494872
vt 0.722916 0.393239
vt 0.722916 0.494941
vt 0.555792 0.478523
vt 0.855099 0.367292
vt 0.861102 0.467554
vt 0.855099 0.467554
vt 0.534976 0.367292
vt 0.535617 0.467554
vt 0.534976 0.467554
vt 0.512827 0.367292
vt 0.512827 0.467554
vt 0.512186 0.367292
vt 0.512186 0.467554
vt 0.846441 0.367292
vt 0.852444 0.467554
vt 0.846441 0.467554
vt 0.870706 0.367292
vt 0.875002 0.467554
vt 0.870706 0.467554
vt 0.614245 0.367292
vt 0.627412 0.467554
vt 0.614245 0.467554
vt 0.612570 0.367292
vt 0.612570 0.467554
vt 0.509532 0.467944
vt 0.478795 0.367681
vt 0.509532 0.367681
vt 0.596749 0.467944
vt 0.595073 0.367681
vt 0.596749 0.367681
vt 0.609915 0.467944
vt 0.609915 0.367681
vt 0.863756 0.367292
vt 0.868052 0.467554
vt 0.863756 0.467554
vt 0.517589 0.477660
vt 0.530214 0.469266
vt 0.719223 0.893305
vt 0.750714 0.954512
vt 0.721843 0.875372
vt 0.861162 0.870693
vt 0.762575 0.310445
vt 0.771760 0.300207
vt 0.771760 0.310527
vt 0.781296 0.300104
vt 0.790480 0.310450
vt 0.781296 0.310532
vt 0.445578 0.853842
vt 0.437244 0.849269
vt 0.444166 0.849268
vt 0.968120 0.200304
vt 0.980448 0.187477
vt 0.980448 0.200303
vt 0.849241 0.866311
vt 0.839369 0.871105
vt 0.836415 0.866311
vt 0.425022 0.853742
vt 0.434289 0.831536
vt 0.434289 0.844475
vt 0.435832 0.853842
vt 0.447120 0.844474
vt 0.847701 0.875678
vt 0.846289 0.871105
vt 0.837956 0.875679
vt 0.533188 0.980881
vt 0.522381 0.993209
vt 0.522381 0.980880
vt 0.994573 0.883142
vt 0.983766 0.870815
vt 0.994573 0.870814
vt 0.436141 0.854270
vt 0.445268 0.861284
vt 0.436141 0.861284
vt 0.982753 0.756956
vt 0.989766 0.744627
vt 0.989766 0.756956
vt 0.838266 0.876110
vt 0.847392 0.883123
vt 0.838266 0.883123
vt 0.980679 0.908957
vt 0.973665 0.921286
vt 0.973665 0.908957
vt 0.445268 0.854270
vt 0.982324 0.756955
vt 0.982753 0.744627
vt 0.981107 0.921285
vt 0.981110 0.908956
vt 0.186339 0.987507
vt 0.184703 0.977827
vt 0.186339 0.977239
vt 0.990843 0.742992
vt 0.542799 0.998034
vt 0.544435 0.988457
vt 0.544435 0.997583
vt 0.972588 0.907322
vt 0.972588 0.922922
vt 0.762575 0.366504
vt 0.771760 0.356212
vt 0.781296 0.356141
vt 0.579001 0.875671
vt 0.570668 0.871098
vt 0.577589 0.871098
vt 0.968120 0.215789
vt 0.980448 0.202962
vt 0.980448 0.215788
vt 0.277002 0.893681
vt 0.267129 0.898476
vt 0.264176 0.893682
vt 0.286269 0.871483
vt 0.286269 0.902948
vt 0.569255 0.875671
vt 0.567713 0.866304
vt 0.580544 0.866303
vt 0.275461 0.903049
vt 0.274049 0.898476
vt 0.265717 0.903049
vt 0.993910 0.104304
vt 0.983102 0.116632
vt 0.983102 0.104304
vt 0.993912 0.221514
vt 0.983104 0.209186
vt 0.993912 0.209186
vt 0.569565 0.876099
vt 0.578691 0.883113
vt 0.569565 0.883113
vt 0.983069 0.543103
vt 0.990082 0.530775
vt 0.990082 0.543103
vt 0.266026 0.903480
vt 0.275153 0.910494
vt 0.266026 0.910494
vt 0.785578 0.973164
vt 0.778565 0.985492
vt 0.778565 0.973164
vt 0.578691 0.876099
vt 0.982640 0.543102
vt 0.983069 0.530775
vt 0.786007 0.985491
vt 0.786009 0.973163
vt 0.774216 0.980009
vt 0.772580 0.989671
vt 0.772580 0.980545
vt 0.991159 0.529139
vt 0.919716 0.994709
vt 0.921352 0.985099
vt 0.921351 0.994225
vt 0.777487 0.987128
vt 0.994228 0.696853
vt 0.995050 0.711970
vt 0.994228 0.712455
vt 0.772581 0.366543
vt 0.720487 0.995727
vt 0.719665 0.980610
vt 0.720487 0.980125
vt 0.780475 0.356204
vt 0.965416 0.689433
vt 0.953087 0.657964
vt 0.965416 0.657966
vt 0.490496 0.977361
vt 0.478167 0.964426
vt 0.490496 0.964424
vt 0.965473 0.407778
vt 0.953144 0.376309
vt 0.965473 0.376311
vt 0.505479 0.977361
vt 0.493150 0.964426
vt 0.505479 0.964424
vt 0.254909 0.902949
vt 0.264176 0.880749
vt 0.790481 0.300181
vt 0.781296 0.254440
vt 0.790480 0.254358
vt 0.762575 0.300283
vt 0.771760 0.254508
vt 0.790481 0.356218
vt 0.762575 0.356289
vt 0.189375 0.958992
vt 0.204976 0.913220
vt 0.204976 0.958988
vt 0.700808 0.912060
vt 0.685209 0.957814
vt 0.685209 0.911957
vt 0.997670 0.697338
vt 0.995050 0.697338
vt 0.775201 0.356204
vt 0.772580 0.356204
vt 0.717044 0.995242
vt 0.719665 0.995242
vt 0.780475 0.366543
vt 0.777855 0.356204
vt 0.755925 0.860056
vt 0.740323 0.814442
vt 0.755925 0.814446
vt 0.740323 0.804122
vt 0.755925 0.804019
vt 0.740323 0.758423
vt 0.755925 0.758354
vt 0.183568 0.974581
vt 0.171239 0.961646
vt 0.183568 0.961649
vt 0.858508 0.844112
vt 0.858508 0.875578
vt 0.831948 0.310446
vt 0.822764 0.300207
vt 0.831949 0.300284
vt 0.834603 0.310450
vt 0.843787 0.300104
vt 0.843787 0.310532
vt 0.445578 0.822169
vt 0.437244 0.826743
vt 0.435832 0.822169
vt 0.968120 0.218443
vt 0.980448 0.231270
vt 0.968120 0.231274
vt 0.839369 0.848585
vt 0.849241 0.853379
vt 0.836415 0.853378
vt 0.521237 0.885772
vt 0.508908 0.917242
vt 0.508908 0.885776
vt 0.425022 0.822269
vt 0.447120 0.831537
vt 0.444166 0.826744
vt 0.847701 0.844011
vt 0.837956 0.844011
vt 0.827148 0.844111
vt 0.983102 0.164236
vt 0.993910 0.176564
vt 0.983102 0.176565
vt 0.993918 0.376310
vt 0.983110 0.388638
vt 0.983109 0.376309
vt 0.445268 0.814727
vt 0.436141 0.821741
vt 0.436141 0.814727
vt 0.112633 0.975066
vt 0.119646 0.987395
vt 0.112633 0.987395
vt 0.838266 0.836567
vt 0.847392 0.843580
vt 0.838266 0.843580
vt 0.971619 0.817761
vt 0.978632 0.830090
vt 0.971619 0.830090
vt 0.445268 0.821741
vt 0.120075 0.987394
vt 0.119646 0.975066
vt 0.120077 0.975065
vt 0.979061 0.817762
vt 0.979064 0.830091
vt 0.866623 0.921303
vt 0.868258 0.911623
vt 0.868258 0.921892
vt 0.111555 0.973431
vt 0.111555 0.989030
vt 0.996566 0.074337
vt 0.998202 0.083915
vt 0.996566 0.084499
vt 0.970541 0.831725
vt 0.970541 0.816125
vt 0.831948 0.366505
vt 0.822764 0.356213
vt 0.831949 0.356290
vt 0.843787 0.356141
vt 0.579001 0.843998
vt 0.570668 0.848573
vt 0.569255 0.843998
vt 0.968120 0.260352
vt 0.980449 0.273179
vt 0.968120 0.273183
vt 0.267129 0.875956
vt 0.277002 0.880749
vt 0.558446 0.844099
vt 0.558446 0.875571
vt 0.758069 0.653927
vt 0.745740 0.685397
vt 0.745740 0.653931
vt 0.567713 0.853366
vt 0.580544 0.853366
vt 0.577589 0.848573
vt 0.275461 0.871382
vt 0.265717 0.871382
vt 0.254909 0.871482
vt 0.231026 0.981234
vt 0.241834 0.993562
vt 0.231026 0.993563
vt 0.769926 0.980010
vt 0.759118 0.992338
vt 0.759116 0.980009
vt 0.578691 0.836557
vt 0.569565 0.843570
vt 0.569565 0.836557
vt 0.982795 0.836015
vt 0.989809 0.848343
vt 0.982795 0.848343
vt 0.266026 0.863938
vt 0.275153 0.870951
vt 0.266026 0.870951
vt 0.972655 0.552081
vt 0.979668 0.564410
vt 0.972655 0.564410
vt 0.990237 0.848342
vt 0.989809 0.836015
vt 0.990239 0.836013
vt 0.980096 0.552082
vt 0.980099 0.564411
vt 0.739665 0.990377
vt 0.738030 0.980716
vt 0.739665 0.980160
vt 0.981718 0.834379
vt 0.981718 0.849978
vt 0.993929 0.609056
vt 0.995565 0.618666
vt 0.993929 0.619271
vt 0.971577 0.550446
vt 0.971577 0.566046
vt 0.572559 0.469659
vt 0.559934 0.469659
vt 0.558446 0.479017
vt 0.559934 0.478053
vt 0.574048 0.479089
vt 0.572559 0.478053
vt 0.456387 0.822270
vt 0.589811 0.844099
vt 0.843787 0.254440
vt 0.834603 0.300181
vt 0.834603 0.254358
vt 0.822764 0.254508
vt 0.834603 0.356218
vt 0.822764 0.310527
vt 0.375244 0.913148
vt 0.390843 0.958920
vt 0.375244 0.958992
vt 0.724565 0.912061
vt 0.740164 0.957815
vt 0.724565 0.957918
vt 0.404558 0.961646
vt 0.403217 0.973968
vt 0.403217 0.961948
vt 0.753368 0.954512
vt 0.754709 0.946215
vt 0.754710 0.954419
vt 0.721843 0.878026
vt 0.720502 0.890348
vt 0.720502 0.878328
vt 0.515267 0.873307
vt 0.513925 0.881601
vt 0.513925 0.873399
vt 0.558446 0.524702
vt 0.574048 0.524698
vt 0.558446 0.535023
vt 0.574048 0.535126
vt 0.558446 0.580721
vt 0.574048 0.580790
vt 0.262861 0.974584
vt 0.275189 0.961649
vt 0.275189 0.974581
vt 0.846289 0.848586
vt 0.274049 0.875956
vt 0.820110 0.366515
vt 0.807949 0.356223
vt 0.820110 0.356300
vt 0.805295 0.356151
vt 0.660853 0.967304
vt 0.660031 0.983382
vt 0.660031 0.965859
vt 0.998673 0.905417
vt 0.997227 0.915748
vt 0.997227 0.905374
vt 0.994682 0.310555
vt 0.995504 0.294477
vt 0.995504 0.312000
vt 0.474024 0.978198
vt 0.475469 0.967885
vt 0.475469 0.978262
vt 0.805295 0.254450
vt 0.793135 0.356228
vt 0.793135 0.254368
vt 0.807949 0.254518
vt 0.538271 0.254437
vt 0.555791 0.356228
vt 0.538271 0.356300
vt 0.660853 0.981936
vt 0.663473 0.967304
vt 0.663473 0.981936
vt 0.237407 0.355843
vt 0.234787 0.345504
vt 0.237407 0.345504
vt 0.992062 0.295923
vt 0.994682 0.295923
vt 0.476141 0.467896
vt 0.473521 0.457557
vt 0.476141 0.457557
vt 0.725563 0.755632
vt 0.743086 0.653999
vt 0.743086 0.755700
vt 0.555792 0.366445
vt 0.855099 0.255214
vt 0.861102 0.355476
vt 0.855099 0.355476
vt 0.534976 0.255214
vt 0.535617 0.355476
vt 0.534976 0.355476
vt 0.512827 0.255214
vt 0.512827 0.355476
vt 0.512186 0.255214
vt 0.512186 0.355476
vt 0.846441 0.255214
vt 0.852445 0.355476
vt 0.846441 0.355476
vt 0.870706 0.255214
vt 0.875002 0.355476
vt 0.870706 0.355476
vt 0.614245 0.355476
vt 0.627412 0.255214
vt 0.627412 0.355476
vt 0.612570 0.255214
vt 0.612570 0.355476
vt 0.509532 0.580022
vt 0.478795 0.479759
vt 0.509532 0.479759
vt 0.596749 0.580022
vt 0.595073 0.479759
vt 0.596749 0.479759
vt 0.609915 0.580022
vt 0.609915 0.479759
vt 0.863756 0.255214
vt 0.868052 0.355476
vt 0.863756 0.355476
vt 0.530214 0.365582
vt 0.517589 0.365582
vt 0.517589 0.357188
vt 0.530214 0.357188
vt 0.401938 0.961646
vt 0.755988 0.954512
vt 0.719223 0.878026
vt 0.512647 0.873307
vt 0.762576 0.198367
vt 0.771760 0.188129
vt 0.771760 0.198449
vt 0.781296 0.188026
vt 0.790480 0.198372
vt 0.781296 0.198454
vt 0.498723 0.875677
vt 0.490389 0.871104
vt 0.497311 0.871103
vt 0.573428 0.980625
vt 0.585757 0.967798
vt 0.585757 0.980624
vt 0.133648 0.885784
vt 0.123776 0.890578
vt 0.120822 0.885784
vt 0.478167 0.875577
vt 0.487434 0.853371
vt 0.487434 0.866310
vt 0.488977 0.875677
vt 0.500265 0.866309
vt 0.132108 0.895152
vt 0.130695 0.890578
vt 0.122363 0.895152
vt 0.993910 0.224170
vt 0.983102 0.236497
vt 0.983102 0.224169
vt 0.993912 0.288165
vt 0.983104 0.275838
vt 0.993912 0.275837
vt 0.489286 0.876105
vt 0.498413 0.883119
vt 0.489286 0.883119
vt 0.983483 0.637803
vt 0.990497 0.625474
vt 0.990497 0.637803
vt 0.122673 0.895583
vt 0.131799 0.902596
vt 0.122673 0.902596
vt 0.979668 0.570335
vt 0.972655 0.582664
vt 0.972655 0.570335
vt 0.498413 0.876105
vt 0.983055 0.637802
vt 0.983483 0.625474
vt 0.980096 0.582663
vt 0.980099 0.570334
vt 0.868072 0.880962
vt 0.866437 0.871282
vt 0.868072 0.870693
vt 0.991574 0.623839
vt 0.996566 0.099481
vt 0.998201 0.089904
vt 0.998201 0.099031
vt 0.971577 0.568699
vt 0.971577 0.584300
vt 0.762576 0.254427
vt 0.771760 0.244134
vt 0.781296 0.244063
vt 0.779671 0.875671
vt 0.771337 0.871098
vt 0.778259 0.871098
vt 0.968120 0.288668
vt 0.980449 0.275841
vt 0.980449 0.288666
vt 0.707302 0.892491
vt 0.697429 0.897286
vt 0.694476 0.892492
vt 0.716569 0.870292
vt 0.716569 0.901758
vt 0.769925 0.875671
vt 0.768383 0.866304
vt 0.781214 0.866304
vt 0.705761 0.901859
vt 0.704349 0.897285
vt 0.696017 0.901859
vt 0.640873 0.981451
vt 0.630066 0.993779
vt 0.630066 0.981450
vt 0.993919 0.404122
vt 0.983110 0.391795
vt 0.993919 0.391794
vt 0.770235 0.883113
vt 0.779361 0.876100
vt 0.779361 0.883113
vt 0.991143 0.643727
vt 0.984129 0.656055
vt 0.984129 0.643727
vt 0.696327 0.902290
vt 0.705453 0.909303
vt 0.696327 0.909303
vt 0.979553 0.530775
vt 0.972539 0.543104
vt 0.972539 0.530775
vt 0.770235 0.876100
vt 0.991571 0.643728
vt 0.991143 0.656055
vt 0.979981 0.543103
vt 0.979984 0.530774
vt 0.167967 0.981234
vt 0.166332 0.990896
vt 0.166332 0.981770
vt 0.983052 0.657690
vt 0.463331 0.993559
vt 0.464967 0.983949
vt 0.464966 0.993075
vt 0.971462 0.544740
vt 0.997720 0.016929
vt 0.996898 0.001812
vt 0.997720 0.001327
vt 0.772580 0.254465
vt 0.994228 0.623839
vt 0.995050 0.638956
vt 0.994228 0.639441
vt 0.780475 0.244126
vt 0.953087 0.723561
vt 0.965416 0.692092
vt 0.965416 0.723559
vt 0.771444 0.977355
vt 0.759116 0.964420
vt 0.771444 0.964418
vt 0.965466 0.032796
vt 0.953137 0.001327
vt 0.965466 0.001329
vt 0.642394 0.978796
vt 0.630066 0.965861
vt 0.642394 0.965859
vt 0.685209 0.901759
vt 0.694476 0.879559
vt 0.790481 0.188103
vt 0.781296 0.142362
vt 0.790480 0.142280
vt 0.762575 0.188206
vt 0.771760 0.142430
vt 0.790481 0.244140
vt 0.762575 0.244211
vt 0.244137 0.958992
vt 0.259737 0.913220
vt 0.259737 0.958988
vt 0.108783 0.910547
vt 0.093184 0.956301
vt 0.093184 0.910444
vt 0.994278 0.016444
vt 0.996898 0.016444
vt 0.775201 0.244126
vt 0.772580 0.244126
vt 0.997670 0.624324
vt 0.995050 0.624324
vt 0.777855 0.254465
vt 0.780475 0.254465
vt 0.645668 0.871315
vt 0.630066 0.825702
vt 0.645668 0.825706
vt 0.630066 0.815382
vt 0.645668 0.815278
vt 0.630066 0.769683
vt 0.645668 0.769614
vt 0.290172 0.974581
vt 0.277843 0.961646
vt 0.290172 0.961649
vt 0.142915 0.863585
vt 0.142915 0.895051
vt 0.831948 0.198368
vt 0.822764 0.188129
vt 0.831949 0.188206
vt 0.834603 0.198372
vt 0.843787 0.188026
vt 0.843787 0.198454
vt 0.498723 0.844004
vt 0.490389 0.848578
vt 0.488977 0.844004
vt 0.968120 0.125209
vt 0.980448 0.138036
vt 0.968120 0.138039
vt 0.123776 0.868059
vt 0.133648 0.872852
vt 0.120822 0.872852
vt 0.861162 0.836570
vt 0.873491 0.868039
vt 0.861162 0.868036
vt 0.478167 0.844104
vt 0.500265 0.853372
vt 0.497311 0.848579
vt 0.132108 0.863484
vt 0.122363 0.863484
vt 0.111555 0.863585
vt 0.793135 0.980884
vt 0.803942 0.993211
vt 0.793135 0.993212
vt 0.993912 0.260353
vt 0.983104 0.272681
vt 0.983103 0.260352
vt 0.498413 0.836562
vt 0.489286 0.843576
vt 0.489286 0.836562
vt 0.123809 0.975066
vt 0.130822 0.987395
vt 0.123809 0.987395
vt 0.131799 0.856040
vt 0.122673 0.863053
vt 0.122673 0.856040
vt 0.971619 0.781253
vt 0.978632 0.793582
vt 0.971619 0.793582
vt 0.498413 0.843576
vt 0.131250 0.987394
vt 0.130822 0.975066
vt 0.131253 0.975065
vt 0.979061 0.781254
vt 0.979064 0.793583
vt 0.148170 0.918757
vt 0.149805 0.909077
vt 0.149805 0.919346
vt 0.122731 0.973431
vt 0.122731 0.989030
vt 0.992761 0.987859
vt 0.994397 0.997436
vt 0.992761 0.998020
vt 0.970541 0.795217
vt 0.970541 0.779617
vt 0.831948 0.254427
vt 0.822764 0.244135
vt 0.831949 0.244212
vt 0.843787 0.244063
vt 0.779671 0.843999
vt 0.771337 0.848573
vt 0.769925 0.843998
vt 0.968120 0.094239
vt 0.980448 0.107066
vt 0.968120 0.107070
vt 0.697429 0.874766
vt 0.707302 0.879559
vt 0.768383 0.853366
vt 0.759116 0.875571
vt 0.759116 0.844099
vt 0.542799 0.885777
vt 0.555128 0.917246
vt 0.542799 0.917243
vt 0.781214 0.853366
vt 0.778259 0.848573
vt 0.705761 0.870192
vt 0.696017 0.870191
vt 0.685210 0.870292
vt 0.093184 0.978614
vt 0.103991 0.990942
vt 0.093184 0.990942
vt 0.993919 0.356078
vt 0.983112 0.368406
vt 0.983110 0.356078
vt 0.779361 0.836557
vt 0.770235 0.843570
vt 0.770235 0.836557
vt 0.134984 0.975066
vt 0.141998 0.987395
vt 0.134984 0.987395
vt 0.696327 0.862747
vt 0.705453 0.869760
vt 0.696327 0.869761
vt 0.972537 0.488009
vt 0.979550 0.500338
vt 0.972537 0.500338
vt 0.779361 0.843570
vt 0.142426 0.987394
vt 0.141998 0.975066
vt 0.142429 0.975065
vt 0.979979 0.488010
vt 0.979981 0.500339
vt 0.071423 0.988831
vt 0.069787 0.979169
vt 0.071423 0.978614
vt 0.133907 0.973431
vt 0.133907 0.989030
vt 0.924006 0.984493
vt 0.925642 0.994104
vt 0.924006 0.994709
vt 0.971459 0.486373
vt 0.971459 0.501973
vt 0.572559 0.581737
vt 0.559934 0.581737
vt 0.558446 0.591095
vt 0.559934 0.590131
vt 0.574048 0.591167
vt 0.572559 0.590131
vt 0.509532 0.844105
vt 0.790481 0.844099
vt 0.843787 0.142362
vt 0.834603 0.188103
vt 0.834603 0.142280
vt 0.822764 0.142431
vt 0.834603 0.244140
vt 0.822764 0.198450
vt 0.262391 0.913147
vt 0.277991 0.958919
vt 0.262393 0.958992
vt 0.703463 0.912026
vt 0.719062 0.957780
vt 0.703463 0.957883
vt 0.986626 0.852633
vt 0.985285 0.864955
vt 0.985285 0.852936
vt 0.955826 0.609247
vt 0.954484 0.617543
vt 0.954484 0.609340
vt 0.353858 0.977237
vt 0.352516 0.989559
vt 0.352517 0.977539
vt 0.869678 0.948838
vt 0.868336 0.957133
vt 0.868336 0.948930
vt 0.558446 0.636780
vt 0.574048 0.636776
vt 0.558446 0.647101
vt 0.574048 0.647204
vt 0.558446 0.692799
vt 0.574048 0.692868
vt 0.305154 0.974581
vt 0.292826 0.961646
vt 0.305154 0.961649
vt 0.130695 0.868059
vt 0.704349 0.874766
vt 0.820110 0.254437
vt 0.807949 0.244145
vt 0.820110 0.244222
vt 0.805295 0.244073
vt 0.996432 0.502451
vt 0.997253 0.486373
vt 0.997253 0.503896
vt 0.998673 0.892381
vt 0.997227 0.902712
vt 0.997227 0.892339
vt 0.996434 0.545217
vt 0.997256 0.529139
vt 0.997256 0.546663
vt 0.996566 0.270691
vt 0.998012 0.260378
vt 0.998012 0.270755
vt 0.805295 0.142372
vt 0.793135 0.244151
vt 0.793135 0.142290
vt 0.807949 0.142441
vt 0.538271 0.142359
vt 0.555791 0.244151
vt 0.538271 0.244222
vt 0.996432 0.487819
vt 0.993811 0.502451
vt 0.993811 0.487819
vt 0.237407 0.243765
vt 0.234787 0.233426
vt 0.237407 0.233426
vt 0.993813 0.530585
vt 0.996434 0.530585
vt 0.476141 0.579974
vt 0.473521 0.569635
vt 0.476141 0.569635
vt 0.630066 0.662499
vt 0.647589 0.560866
vt 0.647589 0.662568
vt 0.555792 0.254368
vt 0.855099 0.143136
vt 0.861102 0.243398
vt 0.855099 0.243398
vt 0.534976 0.143136
vt 0.535617 0.243398
vt 0.534976 0.243399
vt 0.512827 0.143136
vt 0.512827 0.243399
vt 0.512186 0.143136
vt 0.512186 0.243398
vt 0.846441 0.143136
vt 0.852444 0.243398
vt 0.846441 0.243398
vt 0.870706 0.143136
vt 0.875002 0.243398
vt 0.870706 0.243398
vt 0.614245 0.143136
vt 0.627412 0.243398
vt 0.614245 0.243398
vt 0.612570 0.143136
vt 0.612570 0.243398
vt 0.509532 0.692099
vt 0.478795 0.591837
vt 0.509532 0.591837
vt 0.596749 0.692099
vt 0.595073 0.591837
vt 0.596749 0.591837
vt 0.609915 0.692099
vt 0.609915 0.591837
vt 0.863756 0.143136
vt 0.868052 0.243398
vt 0.863756 0.243398
vt 0.530214 0.253504
vt 0.517589 0.253504
vt 0.530214 0.245110
vt 0.984005 0.852633
vt 0.953206 0.609247
vt 0.351237 0.977237
vt 0.867058 0.948838
vt 0.762576 0.086289
vt 0.771760 0.076051
vt 0.771760 0.086371
vt 0.781296 0.075948
vt 0.790480 0.086294
vt 0.781296 0.086376
vt 0.544983 0.875678
vt 0.536649 0.871105
vt 0.543570 0.871105
vt 0.969199 0.980273
vt 0.981528 0.967445
vt 0.981528 0.980271
vt 0.746658 0.892526
vt 0.736785 0.897320
vt 0.733832 0.892526
vt 0.524427 0.844106
vt 0.533694 0.866311
vt 0.524427 0.875578
vt 0.535236 0.875679
vt 0.546525 0.866311
vt 0.745118 0.901893
vt 0.743705 0.897320
vt 0.735373 0.901893
vt 0.696016 0.980127
vt 0.685209 0.992454
vt 0.685209 0.980126
vt 0.906837 0.994290
vt 0.896029 0.981962
vt 0.906837 0.981961
vt 0.535546 0.876107
vt 0.544672 0.883120
vt 0.535546 0.883120
vt 0.412183 0.989319
vt 0.419196 0.976990
vt 0.419196 0.989319
vt 0.735683 0.902324
vt 0.744809 0.909338
vt 0.735683 0.909338
vt 0.979668 0.588589
vt 0.972655 0.600918
vt 0.972655 0.588589
vt 0.544672 0.876107
vt 0.411754 0.989318
vt 0.412183 0.976990
vt 0.980096 0.600917
vt 0.980099 0.588588
vt 0.868258 0.908969
vt 0.866623 0.899289
vt 0.868258 0.898700
vt 0.420273 0.975355
vt 0.618709 0.998032
vt 0.620344 0.988455
vt 0.620344 0.997581
vt 0.971577 0.586954
vt 0.971577 0.602554
vt 0.762576 0.142349
vt 0.771760 0.132057
vt 0.781296 0.131985
vt 0.616602 0.875677
vt 0.608268 0.871104
vt 0.615190 0.871103
vt 0.968120 0.153524
vt 0.980448 0.140697
vt 0.980448 0.153523
vt 0.174961 0.893681
vt 0.165088 0.898476
vt 0.162135 0.893682
vt 0.184228 0.871482
vt 0.184228 0.902948
vt 0.606856 0.875677
vt 0.605314 0.866310
vt 0.618145 0.866309
vt 0.173420 0.903049
vt 0.172008 0.898476
vt 0.163676 0.903049
vt 0.067131 0.978615
vt 0.056324 0.990942
vt 0.056324 0.978614
vt 0.994573 0.904667
vt 0.983765 0.892339
vt 0.994573 0.892339
vt 0.607166 0.876105
vt 0.616292 0.883119
vt 0.607166 0.883119
vt 0.990844 0.606843
vt 0.983831 0.619172
vt 0.983831 0.606844
vt 0.163986 0.910493
vt 0.173112 0.903480
vt 0.173112 0.910494
vt 0.973019 0.884778
vt 0.980032 0.872450
vt 0.980032 0.884778
vt 0.616292 0.876105
vt 0.991272 0.606845
vt 0.990844 0.619172
vt 0.163986 0.903480
vt 0.972591 0.872451
vt 0.972588 0.884779
vt 0.611146 0.978324
vt 0.609511 0.987986
vt 0.609510 0.978859
vt 0.982753 0.620807
vt 0.467621 0.993559
vt 0.469256 0.983949
vt 0.469256 0.993075
vt 0.981110 0.870814
vt 0.539286 0.996482
vt 0.538464 0.981365
vt 0.539286 0.980880
vt 0.772580 0.142387
vt 0.994228 0.678597
vt 0.995050 0.693714
vt 0.994228 0.694199
vt 0.780475 0.132048
vt 0.953137 0.066924
vt 0.965466 0.035454
vt 0.965466 0.066921
vt 0.657377 0.978796
vt 0.645048 0.965861
vt 0.657377 0.965859
vt 0.614419 0.951370
vt 0.626748 0.919901
vt 0.626748 0.951368
vt 0.896027 0.979305
vt 0.908356 0.966370
vt 0.908356 0.979307
vt 0.152868 0.902949
vt 0.162135 0.880749
vt 0.790481 0.076025
vt 0.781296 0.030284
vt 0.790480 0.030202
vt 0.762575 0.076128
vt 0.771760 0.030352
vt 0.790481 0.132062
vt 0.762575 0.132133
vt 0.207629 0.958992
vt 0.223230 0.913220
vt 0.223230 0.958988
vt 0.090411 0.910547
vt 0.074812 0.956301
vt 0.074812 0.910444
vt 0.535844 0.995997
vt 0.538465 0.995997
vt 0.775201 0.132048
vt 0.772580 0.132048
vt 0.997670 0.679082
vt 0.995050 0.679082
vt 0.780475 0.142387
vt 0.777855 0.132048
vt 0.893258 0.103028
vt 0.877656 0.057415
vt 0.893258 0.057419
vt 0.877656 0.047094
vt 0.893258 0.046991
vt 0.877656 0.001396
vt 0.893258 0.001327
vt 0.777487 0.968874
vt 0.789816 0.955939
vt 0.789816 0.968871
vt 0.755925 0.870327
vt 0.755925 0.901793
vt 0.831948 0.086290
vt 0.822764 0.076051
vt 0.831949 0.076128
vt 0.834603 0.086294
vt 0.843787 0.075948
vt 0.843787 0.086376
vt 0.544983 0.844006
vt 0.536649 0.848580
vt 0.535236 0.844006
vt 0.915427 0.969009
vt 0.927755 0.981836
vt 0.915427 0.981840
vt 0.736785 0.874800
vt 0.746658 0.879594
vt 0.733832 0.879593
vt 0.626748 0.885773
vt 0.614419 0.917242
vt 0.614419 0.885776
vt 0.533694 0.853373
vt 0.546525 0.853374
vt 0.543570 0.848580
vt 0.745118 0.870226
vt 0.735373 0.870226
vt 0.724565 0.870326
vt 0.806598 0.980884
vt 0.817405 0.993211
vt 0.806598 0.993212
vt 0.993912 0.194203
vt 0.983103 0.206531
vt 0.983102 0.194202
vt 0.544672 0.836564
vt 0.535546 0.843577
vt 0.535546 0.836564
vt 0.982795 0.762999
vt 0.989808 0.775327
vt 0.982795 0.775327
vt 0.744809 0.862782
vt 0.735683 0.869795
vt 0.735683 0.862782
vt 0.972537 0.506263
vt 0.979550 0.518592
vt 0.972537 0.518592
vt 0.544672 0.843578
vt 0.990237 0.775326
vt 0.989808 0.762999
vt 0.990239 0.762998
vt 0.979979 0.506264
vt 0.979981 0.518592
vt 0.866623 0.895457
vt 0.868258 0.885777
vt 0.868258 0.896046
vt 0.981717 0.761363
vt 0.981717 0.776962
vt 0.547089 0.987873
vt 0.548725 0.997450
vt 0.547089 0.998034
vt 0.971459 0.520227
vt 0.971459 0.504627
vt 0.831948 0.142349
vt 0.822764 0.132057
vt 0.831949 0.132134
vt 0.843787 0.131985
vt 0.616602 0.844004
vt 0.608268 0.848578
vt 0.606856 0.844004
vt 0.968120 0.109724
vt 0.980448 0.122551
vt 0.968120 0.122555
vt 0.165088 0.875956
vt 0.174961 0.880749
vt 0.605314 0.853371
vt 0.596047 0.875577
vt 0.596047 0.844104
vt 0.755147 0.911992
vt 0.742819 0.943461
vt 0.742819 0.911995
vt 0.618145 0.853372
vt 0.615190 0.848579
vt 0.173420 0.871382
vt 0.163676 0.871382
vt 0.152868 0.871482
vt 0.983110 0.325109
vt 0.993918 0.337437
vt 0.983110 0.337438
vt 0.993912 0.149253
vt 0.983104 0.161581
vt 0.983102 0.149252
vt 0.616292 0.836562
vt 0.607166 0.843576
vt 0.607166 0.836562
vt 0.039147 0.976253
vt 0.046161 0.988581
vt 0.039147 0.988581
vt 0.173112 0.863937
vt 0.163986 0.870951
vt 0.163986 0.863937
vt 0.971619 0.762999
vt 0.978632 0.775328
vt 0.971619 0.775328
vt 0.616292 0.843576
vt 0.046589 0.988580
vt 0.046161 0.976253
vt 0.046592 0.976252
vt 0.979061 0.763000
vt 0.979064 0.775329
vt 0.700308 0.990344
vt 0.698673 0.980681
vt 0.700308 0.980126
vt 0.038070 0.974618
vt 0.038070 0.990216
vt 0.459041 0.983344
vt 0.460677 0.992954
vt 0.459041 0.993559
vt 0.970541 0.761363
vt 0.970541 0.776963
vt 0.572559 0.693815
vt 0.559934 0.693814
vt 0.558446 0.703173
vt 0.559934 0.702208
vt 0.574048 0.703245
vt 0.572559 0.702208
vt 0.555792 0.875578
vt 0.555792 0.844106
vt 0.627412 0.875576
vt 0.627412 0.844105
vt 0.843787 0.030284
vt 0.834603 0.076025
vt 0.834603 0.030202
vt 0.822764 0.030353
vt 0.834603 0.132062
vt 0.822764 0.086372
vt 0.225883 0.913147
vt 0.241483 0.958920
vt 0.225885 0.958992
vt 0.056324 0.910514
vt 0.071922 0.956268
vt 0.056324 0.956371
vt 0.912111 0.981961
vt 0.910770 0.994283
vt 0.910770 0.982264
vt 0.961101 0.609247
vt 0.959759 0.617543
vt 0.959759 0.609340
vt 0.995514 0.854556
vt 0.994173 0.866878
vt 0.994173 0.854858
vt 0.966375 0.609247
vt 0.965033 0.617542
vt 0.965033 0.609339
vt 0.558446 0.748858
vt 0.574048 0.748854
vt 0.558446 0.759178
vt 0.574048 0.759282
vt 0.558446 0.804877
vt 0.574048 0.804946
vt 0.320137 0.974581
vt 0.307808 0.961646
vt 0.320137 0.961649
vt 0.743705 0.874800
vt 0.172008 0.875956
vt 0.820110 0.142359
vt 0.807949 0.132067
vt 0.820110 0.132144
vt 0.805295 0.131995
vt 0.051866 0.990695
vt 0.052688 0.974618
vt 0.052688 0.992141
vt 0.998673 0.870857
vt 0.997227 0.881187
vt 0.997227 0.870814
vt 0.996431 0.522628
vt 0.997253 0.506550
vt 0.997253 0.524074
vt 0.996566 0.232339
vt 0.998011 0.222026
vt 0.998011 0.232403
vt 0.805295 0.030294
vt 0.793135 0.132072
vt 0.793135 0.030212
vt 0.807949 0.030363
vt 0.538271 0.030281
vt 0.555791 0.132072
vt 0.538271 0.132144
vt 0.051866 0.976063
vt 0.049245 0.990695
vt 0.049245 0.976063
vt 0.237407 0.131688
vt 0.234787 0.121349
vt 0.237407 0.121349
vt 0.993811 0.507996
vt 0.996432 0.507996
vt 0.476141 0.681713
vt 0.473521 0.692052
vt 0.473521 0.681713
vt 0.685215 0.494872
vt 0.702739 0.393240
vt 0.702739 0.494941
vt 0.555792 0.142290
vt 0.855099 0.031058
vt 0.861102 0.131320
vt 0.855099 0.131320
vt 0.534976 0.031059
vt 0.535617 0.131320
vt 0.534976 0.131321
vt 0.512827 0.031059
vt 0.512827 0.131321
vt 0.512186 0.031058
vt 0.512186 0.131320
vt 0.846441 0.031058
vt 0.852445 0.131320
vt 0.846441 0.131320
vt 0.870706 0.031058
vt 0.875002 0.131320
vt 0.870706 0.131320
vt 0.614245 0.131320
vt 0.627412 0.031058
vt 0.627412 0.131320
vt 0.612570 0.031058
vt 0.612570 0.131320
vt 0.509532 0.804177
vt 0.478795 0.703915
vt 0.509532 0.703915
vt 0.596749 0.804177
vt 0.595073 0.703915
vt 0.596749 0.703915
vt 0.609915 0.804177
vt 0.609915 0.703915
vt 0.863756 0.031058
vt 0.868052 0.131320
vt 0.863756 0.131320
vt 0.530214 0.141426
vt 0.517589 0.141426
vt 0.517589 0.133032
vt 0.530214 0.133032
vt 0.909491 0.981961
vt 0.958480 0.609247
vt 0.992893 0.854556
vt 0.963754 0.609247
vt 0.762576 0.030271
vt 0.771760 0.019979
vt 0.781296 0.019907
vt 0.377540 0.853842
vt 0.369206 0.849269
vt 0.376128 0.849268
vt 0.459041 0.980690
vt 0.471370 0.967862
vt 0.471370 0.980688
vt 0.815228 0.866311
vt 0.805355 0.871105
vt 0.802402 0.866311
vt 0.815228 0.853379
vt 0.824495 0.875578
vt 0.367794 0.853842
vt 0.366252 0.844475
vt 0.379082 0.844474
vt 0.813687 0.875678
vt 0.812275 0.871105
vt 0.803943 0.875679
vt 0.606854 0.978324
vt 0.596047 0.990652
vt 0.596047 0.978324
vt 0.994573 0.919650
vt 0.983765 0.907322
vt 0.994573 0.907322
vt 0.368104 0.861283
vt 0.377230 0.854270
vt 0.377230 0.861284
vt 0.982149 0.830090
vt 0.989162 0.817762
vt 0.989162 0.830090
vt 0.804252 0.876110
vt 0.813378 0.883123
vt 0.804252 0.883123
vt 0.978632 0.799507
vt 0.971619 0.811835
vt 0.971619 0.799507
vt 0.368104 0.854270
vt 0.981720 0.830089
vt 0.982149 0.817762
vt 0.979061 0.811835
vt 0.979064 0.799506
vt 0.108283 0.978613
vt 0.106648 0.988275
vt 0.106647 0.979149
vt 0.990239 0.816126
vt 0.788663 0.994666
vt 0.790299 0.985057
vt 0.790299 0.994183
vt 0.970541 0.813471
vt 0.823504 0.996485
vt 0.822682 0.981368
vt 0.823504 0.980883
vt 0.772581 0.030309
vt 0.994228 0.660341
vt 0.995050 0.675458
vt 0.994228 0.675943
vt 0.780475 0.019971
vt 0.954217 0.980377
vt 0.966545 0.967442
vt 0.966545 0.980379
vt 0.953137 0.101049
vt 0.965466 0.069580
vt 0.965466 0.101047
vt 0.793135 0.844111
vt 0.802402 0.853378
vt 0.822682 0.996000
vt 0.820061 0.981368
vt 0.772581 0.019970
vt 0.775201 0.030308
vt 0.997670 0.660826
vt 0.995050 0.660826
vt 0.777855 0.030309
vt 0.780475 0.030310
vt 0.831948 0.030271
vt 0.822764 0.019979
vt 0.831949 0.020056
vt 0.843787 0.019907
vt 0.377540 0.822169
vt 0.369206 0.826743
vt 0.367794 0.822169
vt 0.968127 0.325108
vt 0.980456 0.337936
vt 0.968127 0.337939
vt 0.805355 0.848585
vt 0.356985 0.822269
vt 0.356985 0.853742
vt 0.555128 0.919900
vt 0.542799 0.951369
vt 0.542799 0.919903
vt 0.366252 0.831536
vt 0.379082 0.831537
vt 0.376128 0.826744
vt 0.813687 0.844011
vt 0.824495 0.844112
vt 0.803943 0.844011
vt 0.983102 0.179220
vt 0.993910 0.191547
vt 0.983102 0.191548
vt 0.993919 0.340594
vt 0.983111 0.352922
vt 0.983110 0.340593
vt 0.368104 0.814727
vt 0.377230 0.821741
vt 0.368104 0.821741
vt 0.982795 0.781253
vt 0.989809 0.793581
vt 0.982795 0.793581
vt 0.813378 0.836567
vt 0.804252 0.843580
vt 0.804252 0.836567
vt 0.971619 0.836015
vt 0.978633 0.848344
vt 0.971619 0.848344
vt 0.990237 0.793580
vt 0.989809 0.781253
vt 0.990239 0.781252
vt 0.979061 0.836016
vt 0.979064 0.848345
vt 0.089911 0.988842
vt 0.088276 0.979179
vt 0.089911 0.978624
vt 0.981718 0.779617
vt 0.981718 0.795216
vt 0.471910 0.983344
vt 0.473546 0.992953
vt 0.471910 0.993559
vt 0.970541 0.834379
vt 0.970541 0.849979
vt 0.572559 0.805892
vt 0.559934 0.805893
vt 0.558446 0.815251
vt 0.559934 0.814286
vt 0.574048 0.815322
vt 0.572559 0.814286
vt 0.388350 0.853741
vt 0.388350 0.822270
vt 0.962112 0.983033
vt 0.960770 0.995355
vt 0.960771 0.983335
vt 0.976021 0.407279
vt 0.974679 0.415575
vt 0.974679 0.407372
vt 0.561066 0.983279
vt 0.559725 0.995601
vt 0.559725 0.983581
vt 0.976176 0.312731
vt 0.974834 0.321026
vt 0.974834 0.312823
vt 0.322791 0.974584
vt 0.335119 0.961649
vt 0.335119 0.974581
vt 0.812275 0.848586
vt 0.820110 0.030281
vt 0.807949 0.019989
vt 0.820110 0.020066
vt 0.805295 0.019917
vt 0.425548 0.991433
vt 0.426370 0.975355
vt 0.426370 0.992879
vt 0.589857 0.988254
vt 0.588411 0.998585
vt 0.588411 0.988211
vt 0.680627 0.986908
vt 0.681449 0.970830
vt 0.681449 0.988353
vt 0.352756 0.971985
vt 0.354201 0.961671
vt 0.354202 0.972048
vt 0.425548 0.976801
vt 0.422927 0.991433
vt 0.422927 0.976801
vt 0.237407 0.019610
vt 0.234787 0.009271
vt 0.237407 0.009271
vt 0.678007 0.972276
vt 0.680627 0.972276
vt 0.476141 0.804130
vt 0.473521 0.793791
vt 0.476141 0.793791
vt 0.538271 0.020066
vt 0.555792 0.030212
vt 0.855099 0.001327
vt 0.861102 0.019243
vt 0.855099 0.019243
vt 0.534976 0.001327
vt 0.535617 0.019243
vt 0.534976 0.019243
vt 0.512827 0.001327
vt 0.512827 0.019243
vt 0.512186 0.001327
vt 0.512186 0.019243
vt 0.846441 0.001327
vt 0.852445 0.019243
vt 0.846441 0.019243
vt 0.870706 0.001327
vt 0.875002 0.019243
vt 0.870706 0.019243
vt 0.614245 0.001327
vt 0.627412 0.019243
vt 0.614245 0.019243
vt 0.612570 0.001327
vt 0.612570 0.019243
vt 0.509532 0.833908
vt 0.478795 0.815993
vt 0.509532 0.815993
vt 0.596749 0.833908
vt 0.595073 0.815993
vt 0.596749 0.815993
vt 0.609915 0.815993
vt 0.863756 0.001327
vt 0.868052 0.019243
vt 0.863756 0.019243
vt 0.530214 0.029348
vt 0.517589 0.029348
vt 0.530214 0.020954
vt 0.959491 0.983033
vt 0.973401 0.407279
vt 0.558446 0.983279
vt 0.973555 0.312731
vt 0.576702 0.790624
vt 0.591876 0.793791
vt 0.577245 0.793791
vt 0.591876 0.804129
vt 0.577245 0.804129
vt 0.843550 0.936992
vt 0.834424 0.952709
vt 0.834424 0.936992
vt 0.875002 0.945641
vt 0.872219 0.946184
vt 0.473521 0.804130
vt 0.667373 0.702538
vt 0.682005 0.702538
vt 0.234787 0.019610
vt 0.630608 0.665221
vt 0.645240 0.665221
vt 0.234787 0.131688
vt 0.667373 0.804277
vt 0.666830 0.801507
vt 0.685752 0.758354
vt 0.700383 0.758354
vt 0.234787 0.243765
vt 0.630608 0.766960
vt 0.630066 0.764190
vt 0.473521 0.579974
vt 0.685752 0.860093
vt 0.685209 0.857323
vt 0.473521 0.467896
vt 0.648980 0.665221
vt 0.663612 0.665221
vt 0.234787 0.355843
vt 0.738789 0.547853
vt 0.753421 0.547853
vt 0.234787 0.467921
vt 0.648980 0.766960
vt 0.648437 0.764191
vt 0.473521 0.355818
vt 0.737126 0.758354
vt 0.738789 0.649592
vt 0.738246 0.646822
vt 0.473521 0.233401
vt 0.473521 0.243740
vt 0.718755 0.758354
vt 0.234787 0.692077
vt 0.722494 0.860093
vt 0.721952 0.857324
vt 0.473521 0.121323
vt 0.473521 0.131663
vt 0.864575 0.961829
vt 0.703580 0.857324
vt 0.718755 0.860093
vt 0.704123 0.860093
vt 0.473521 0.019585
vt 0.512647 0.852282
vt 0.521773 0.836564
vt 0.521773 0.852281
vt 0.979668 0.742992
vt 0.970541 0.758709
vt 0.970541 0.742992
vt 0.577245 0.009245
vt 0.576702 0.006407
vt 0.591876 0.009245
vt 0.577245 0.019584
vt 0.591876 0.019584
vt 0.577245 0.121323
vt 0.591876 0.121323
vt 0.576702 0.118156
vt 0.577245 0.131662
vt 0.577245 0.233401
vt 0.576702 0.230234
vt 0.577245 0.243740
vt 0.591876 0.243740
vt 0.592419 0.342312
vt 0.577245 0.345479
vt 0.591876 0.345479
vt 0.577245 0.355818
vt 0.591876 0.355818
vt 0.577245 0.467896
vt 0.591876 0.467896
vt 0.577245 0.457557
vt 0.576702 0.454390
vt 0.591876 0.457557
vt 0.577245 0.569635
vt 0.576702 0.566468
vt 0.591876 0.569635
vt 0.577245 0.579974
vt 0.591876 0.579974
vt 0.591876 0.692052
vt 0.577245 0.681713
vt 0.577245 0.692052
vt 0.576702 0.678546
vt 0.591876 0.681713
vt 0.512647 0.870653
vt 0.521773 0.854935
vt 0.521773 0.870653
vt 0.790480 0.001327
vt 0.781296 0.001327
vt 0.762575 0.001327
vt 0.771760 0.001327
vt 0.953206 0.526485
vt 0.968804 0.507828
vt 0.968805 0.526486
vt 0.968808 0.547720
vt 0.953206 0.529140
vt 0.968808 0.529139
vt 0.834603 0.001327
vt 0.843787 0.001327
vt 0.831948 0.001327
vt 0.822764 0.001328
vt 0.968805 0.505031
vt 0.953206 0.486373
vt 0.968805 0.486373
vt 0.558446 0.833902
vt 0.574048 0.833903
vt 0.793135 0.001327
vt 0.805295 0.001327
vt 0.820110 0.001327
vt 0.807949 0.001327
vt 0.555791 0.019994
vt 0.538271 0.001327
vt 0.555791 0.001327
vt 0.953206 0.483719
vt 0.970729 0.465129
vt 0.970729 0.483719
vt 0.010453 0.694609
vt 0.771760 0.692446
vt 0.762576 0.702738
vt 0.309192 0.861283
vt 0.309192 0.854270
vt 0.241139 0.910493
vt 0.232013 0.903480
vt 0.241139 0.903480
vt 0.772581 0.702776
vt 0.775201 0.692437
vt 0.775201 0.702776
vt 0.777855 0.692438
vt 0.780475 0.702777
vt 0.777855 0.702777
vt 0.980448 0.014155
vt 0.968120 0.001327
vt 0.980448 0.001329
vt 0.309192 0.821741
vt 0.964766 0.983588
vt 0.966401 0.993250
vt 0.964765 0.992715
vt 0.990107 0.997468
vt 0.988471 0.987859
vt 0.990106 0.988342
vt 0.559935 0.133425
vt 0.572559 0.141819
vt 0.744161 0.946217
vt 0.742819 0.954512
vt 0.742819 0.946118
vt 0.942660 0.319947
vt 0.942660 0.311553
vt 0.745439 0.954512
vt 0.745439 0.946118
vt 0.781296 0.580297
vt 0.980448 0.078757
vt 0.968120 0.091585
vt 0.968120 0.078754
vt 0.411247 0.910494
vt 0.411247 0.903480
vt 0.553976 0.992204
vt 0.555611 0.982542
vt 0.555611 0.992759
vt 0.661666 0.986641
vt 0.660031 0.996251
vt 0.660031 0.986036
vt 0.775201 0.580359
vt 0.775201 0.590698
vt 0.831948 0.590661
vt 0.410143 0.875956
vt 0.403223 0.875956
vt 0.411247 0.870951
vt 0.402121 0.863938
vt 0.411247 0.863938
vt 0.402121 0.870951
vt 0.559935 0.245503
vt 0.572559 0.253897
vt 0.970747 0.407279
vt 0.970747 0.415673
vt 0.945314 0.311553
vt 0.945314 0.319947
vt 0.591876 0.131662
vt 0.591876 0.233401
vt 0.463615 0.245875
vt 0.805295 0.692385
vt 0.996573 0.399739
vt 0.998018 0.389408
vt 0.998018 0.399748
vt 0.998018 0.376335
vt 0.996572 0.386648
vt 0.996572 0.376309
vt 0.476141 0.131663
vt 0.476141 0.121323
vt 0.555792 0.702679
vt 0.820110 0.590671
vt 0.997051 0.998233
vt 0.998496 0.987902
vt 0.998496 0.998241
vt 0.998012 0.273435
vt 0.996566 0.283748
vt 0.996566 0.273409
vt 0.234787 0.579999
vt 0.237407 0.569660
vt 0.237407 0.579999
vt 0.476141 0.233401
vt 0.476141 0.243740
vt 0.530214 0.701815
vt 0.530214 0.589738
vt 0.530214 0.477660
vt 0.517589 0.245110
vt 0.517589 0.020954
vt 0.868052 0.815604
vt 0.535617 0.703526
vt 0.512186 0.703526
vt 0.852444 0.703526
vt 0.875002 0.703526
vt 0.627412 0.703526
vt 0.478795 0.131709
vt 0.595073 0.131709
vt 0.868052 0.703526
vt 0.861102 0.591448
vt 0.535617 0.591448
vt 0.852444 0.591448
vt 0.875002 0.591448
vt 0.614245 0.591448
vt 0.478795 0.243787
vt 0.595073 0.243787
vt 0.868052 0.591448
vt 0.861102 0.479370
vt 0.535617 0.479370
vt 0.852444 0.479370
vt 0.875002 0.479370
vt 0.627412 0.479370
vt 0.478795 0.355865
vt 0.595073 0.355865
vt 0.868052 0.479370
vt 0.861102 0.367292
vt 0.535617 0.367292
vt 0.852444 0.367292
vt 0.875002 0.367292
vt 0.627412 0.367292
vt 0.478795 0.467944
vt 0.595073 0.467944
vt 0.868052 0.367292
vt 0.861102 0.255214
vt 0.535617 0.255214
vt 0.875002 0.255214
vt 0.614245 0.255214
vt 0.478795 0.580022
vt 0.595073 0.580022
vt 0.868052 0.255214
vt 0.861102 0.143136
vt 0.535617 0.143136
vt 0.852445 0.143136
vt 0.875002 0.143136
vt 0.627412 0.143136
vt 0.478795 0.692099
vt 0.868052 0.143136
vt 0.535617 0.031058
vt 0.852445 0.031058
vt 0.875002 0.031058
vt 0.614245 0.031058
vt 0.478795 0.804177
vt 0.595073 0.804177
vt 0.868052 0.031058
vt 0.863756 0.815604
vt 0.868052 0.833908
vt 0.863756 0.833909
vt 0.580057 0.908486
vt 0.588127 0.904148
vt 0.585445 0.912402
vt 0.478855 0.897734
vt 0.492211 0.905130
vt 0.478167 0.905119
vt 0.470339 0.935460
vt 0.468745 0.946824
vt 0.466063 0.938570
vt 0.574084 0.904146
vt 0.581467 0.904146
vt 0.480850 0.891068
vt 0.492211 0.897744
vt 0.478855 0.912501
vt 0.492211 0.919163
vt 0.480850 0.919155
vt 0.492211 0.885778
vt 0.492211 0.891076
vt 0.492211 0.912510
vt 0.704541 0.518483
vt 0.711928 0.507487
vt 0.711924 0.518845
vt 0.578423 0.917504
vt 0.589721 0.915511
vt 0.580057 0.922533
vt 0.718589 0.510233
vt 0.718586 0.519895
vt 0.690499 0.519895
vt 0.697161 0.507487
vt 0.697158 0.518845
vt 0.576365 0.911168
vt 0.460675 0.928439
vt 0.459041 0.933468
vt 0.704544 0.506540
vt 0.718586 0.531841
vt 0.723874 0.521530
vt 0.723874 0.530210
vt 0.571802 0.911168
vt 0.690499 0.531841
vt 0.697158 0.532888
vt 0.711924 0.532888
vt 0.685215 0.530210
vt 0.704541 0.533249
vt 0.569744 0.917504
vt 0.711928 0.544253
vt 0.718589 0.541508
vt 0.690502 0.541508
vt 0.697161 0.544253
vt 0.568111 0.908486
vt 0.919118 0.936610
vt 0.930416 0.934618
vt 0.923395 0.939720
vt 0.704544 0.545199
vt 0.562722 0.912402
vt 0.568111 0.922533
vt 0.558446 0.915511
vt 0.773159 0.885773
vt 0.784521 0.891062
vt 0.773159 0.891070
vt 0.773160 0.905123
vt 0.786516 0.912494
vt 0.773159 0.912504
vt 0.566700 0.904146
vt 0.560040 0.904148
vt 0.773159 0.897738
vt 0.787203 0.905113
vt 0.915427 0.947972
vt 0.920712 0.947974
vt 0.786516 0.897728
vt 0.784521 0.919149
vt 0.773159 0.919157
vt 0.759803 0.897728
vt 0.759116 0.905113
vt 0.568111 0.899807
vt 0.562722 0.895893
vt 0.759803 0.912494
vt 0.764904 0.885767
vt 0.761798 0.891062
vt 0.761798 0.919149
vt 0.919118 0.959333
vt 0.923395 0.956229
vt 0.569744 0.890791
vt 0.123500 0.827033
vt 0.130884 0.814727
vt 0.130883 0.826672
vt 0.928783 0.966355
vt 0.930416 0.961330
vt 0.571802 0.897124
vt 0.116840 0.828083
vt 0.123501 0.815674
vt 0.138266 0.827033
vt 0.144928 0.818420
vt 0.144927 0.828083
vt 0.558446 0.892788
vt 0.568111 0.885767
vt 0.138268 0.815674
vt 0.130883 0.841438
vt 0.138266 0.841077
vt 0.111555 0.838397
vt 0.116840 0.840029
vt 0.144927 0.840029
vt 0.123500 0.841077
vt 0.576365 0.897124
vt 0.150214 0.829717
vt 0.150214 0.838397
vt 0.578423 0.890791
vt 0.580057 0.899807
vt 0.116841 0.849695
vt 0.123501 0.852440
vt 0.138268 0.852440
vt 0.144928 0.849695
vt 0.585445 0.895893
vt 0.580057 0.885767
vt 0.589721 0.892788
vt 0.130884 0.853386
vt 0.470339 0.958183
vt 0.459041 0.960181
vt 0.466063 0.955079
vt 0.503573 0.891068
vt 0.503573 0.919155
vt 0.505567 0.897734
vt 0.474031 0.946822
vt 0.506255 0.905119
vt 0.505567 0.912501
vt 0.696320 0.001329
vt 0.729448 0.001328
vt 0.735592 0.547853
vt 0.756617 0.598236
vt 0.756617 0.651273
vt 0.148170 0.906423
vt 0.871447 0.921076
vt 0.663193 0.001327
vt 0.630066 0.001327
vt 0.893373 0.514754
vt 0.445840 0.913147
vt 0.001327 0.975971
vt 0.666838 0.699884
vt 0.630066 0.558140
vt 0.493885 0.949721
vt 0.129927 0.966906
vt 0.093184 0.975959
vt 0.931144 0.752603
vt 0.666830 0.737616
vt 0.893373 0.703534
vt 0.703580 0.960537
vt 0.893373 0.801906
vt 0.774833 0.921811
vt 0.430123 0.972701
vt 0.915888 0.322454
vt 0.459041 0.925785
vt 0.645783 0.951155
vt 0.953206 0.602722
vt 0.493885 0.921817
vt 0.703580 0.977471
vt 0.911994 0.130806
vt 0.950483 0.206152
vt 0.685209 0.977472
vt 0.893374 0.620082
vt 0.630066 0.700300
vt 0.682548 0.899994
vt 0.811506 0.961295
vt 0.053787 0.814728
vt 0.427469 0.913147
vt 0.074812 0.975970
vt 0.915888 0.257698
vt 0.811507 0.934346
vt 0.911745 0.951666
vt 0.411752 0.968830
vt 0.630066 0.923251
vt 0.811506 0.978229
vt 0.911994 0.001327
vt 0.950483 0.052535
vt 0.056324 0.975960
vt 0.682548 0.816542
vt 0.685209 0.793433
vt 0.017044 0.907791
vt 0.724565 0.960572
vt 0.893373 0.706188
vt 0.512256 0.921817
vt 0.019698 0.975971
vt 0.915888 0.192942
vt 0.524427 0.934344
vt 0.967887 0.813502
vt 0.953206 0.563521
vt 0.911745 0.923763
vt 0.724565 0.977506
vt 0.911994 0.066066
vt 0.950483 0.103741
vt 0.846204 0.978220
vt 0.017044 0.824339
vt 0.648437 0.700300
vt 0.893373 0.512100
vt 0.189375 0.961646
vt 0.090530 0.814727
vt 0.664154 0.923251
vt 0.111555 0.970777
vt 0.896550 0.869886
vt 0.596047 0.934342
vt 0.574163 0.953090
vt 0.666830 0.964304
vt 0.967887 0.785599
vt 0.189375 0.978580
vt 0.911994 0.195545
vt 0.950483 0.154946
vt 0.522381 0.978226
vt 0.893373 0.428647
vt 0.738246 0.582931
vt 0.108901 0.907790
vt 0.244489 0.961646
vt 0.035416 0.814727
vt 0.967887 0.742992
vt 0.596047 0.975670
vt 0.915888 0.128186
vt 0.793135 0.934346
vt 0.967887 0.856110
vt 0.953206 0.583121
vt 0.574163 0.925187
vt 0.244489 0.978579
vt 0.911994 0.325024
vt 0.950483 0.001329
vt 0.152868 0.978580
vt 0.108901 0.868767
vt 0.108901 0.824339
vt 0.721952 0.793433
vt 0.072158 0.907791
vt 0.207747 0.961646
vt 0.931144 0.867534
vt 0.592535 0.925187
vt 0.954217 0.964788
vt 0.950529 0.621185
vt 0.915889 0.063429
vt 0.896027 0.921109
vt 0.950490 0.404213
vt 0.953137 0.253350
vt 0.967887 0.828207
vt 0.223464 0.978579
vt 0.863947 0.885777
vt 0.896276 0.260339
vt 0.949516 0.896638
vt 0.793135 0.978229
vt 0.224881 0.679603
vt 0.703580 0.793433
vt 0.931144 0.864880
vt 0.226118 0.961646
vt 0.950490 0.376309
vt 0.226118 0.978579
vt 0.682561 0.393168
vt 0.664169 0.393168
vt 0.913675 0.416382
vt 0.984182 0.985205
vt 0.952170 0.870814
vt 0.895912 0.322370
vt 0.912773 0.805129
vt 0.915427 0.483751
vt 0.932112 0.001327
vt 0.995698 0.940068
vt 0.891407 0.973132
vt 0.514910 0.921817
vt 0.950529 0.569984
vt 0.949495 0.845421
vt 0.953138 0.311153
vt 0.831316 0.958641
vt 0.984559 0.461093
vt 0.953138 0.299441
vt 0.895912 0.387110
vt 0.912773 0.740338
vt 0.915427 0.419035
vt 0.932112 0.066083
vt 0.032858 0.996388
vt 0.949596 0.972136
vt 0.514910 0.942234
vt 0.934852 0.518779
vt 0.845576 0.885777
vt 0.953206 0.440676
vt 0.951561 0.969482
vt 0.983764 0.963441
vt 0.953206 0.419035
vt 0.895912 0.257631
vt 0.912773 0.675547
vt 0.915366 0.325108
vt 0.912773 0.807783
vt 0.996115 0.985205
vt 0.989421 0.419035
vt 0.588411 0.967795
vt 0.934791 0.373651
vt 0.949494 0.794207
vt 0.952171 0.940223
vt 0.810898 0.958641
vt 0.983764 0.940068
vt 0.895912 0.128152
vt 0.912773 0.610756
vt 0.915427 0.548618
vt 0.932112 0.130840
vt 0.995698 0.963441
vt 0.334801 0.977238
vt 0.448495 0.953981
vt 0.934852 0.467578
vt 0.893352 0.897623
vt 0.863967 0.958632
vt 0.984559 0.483719
vt 0.952171 0.904217
vt 0.895912 0.063413
vt 0.912773 0.545964
vt 0.915427 0.678201
vt 0.932111 0.195596
vt 0.996492 0.483719
vt 0.995577 0.721880
vt 0.448495 0.913148
vt 0.934784 0.308894
vt 0.949494 0.742992
vt 0.875610 0.965514
vt 0.540144 0.958638
vt 0.984732 0.312240
vt 0.895912 0.192891
vt 0.912773 0.481173
vt 0.915427 0.613409
vt 0.932112 0.260352
vt 0.996492 0.461093
vt 0.149703 0.973431
vt 0.448495 0.933564
vt 0.224881 0.812058
vt 0.931144 0.805479
vt 0.463615 0.001342
vt 0.872493 0.977003
vt 0.010453 0.001342
vt 0.474758 0.814728
vt 0.249187 0.812058
vt 0.576702 0.812073
vt 0.968070 0.670613
vt 0.356990 0.902949
vt 0.367800 0.989567
vt 0.846204 0.993203
vt 0.941889 0.986100
vt 0.983102 0.039466
vt 0.911011 0.976085
vt 0.991624 0.053431
vt 0.996566 0.162067
vt 0.968120 0.016812
vt 0.186882 0.902949
vt 0.314062 0.989567
vt 0.152868 0.993563
vt 0.746774 0.538186
vt 0.207125 0.903480
vt 0.981474 0.482083
vt 0.983102 0.057719
vt 0.627231 0.992756
vt 0.991624 0.071683
vt 0.994278 0.056094
vt 0.973383 0.468119
vt 0.596047 0.956070
vt 0.777487 0.921811
vt 0.337773 0.961648
vt 0.953087 0.623839
vt 0.356990 0.961648
vt 0.771760 0.833902
vt 0.781296 0.833903
vt 0.317154 0.913148
vt 0.592302 0.833881
vt 0.145409 0.951177
vt 0.511575 0.983163
vt 0.775201 0.814854
vt 0.997720 0.034700
vt 0.777855 0.804516
vt 0.877656 0.311954
vt 0.934833 0.726705
vt 0.980448 0.047785
vt 0.662571 0.592267
vt 0.381264 0.977237
vt 0.870478 0.993203
vt 0.275172 0.821741
vt 0.377234 0.870951
vt 0.981474 0.444966
vt 0.148170 0.922554
vt 0.998201 0.132552
vt 0.980448 0.032300
vt 0.758075 0.427294
vt 0.300599 0.977238
vt 0.255300 0.993562
vt 0.746774 0.505656
vt 0.207125 0.870951
vt 0.979600 0.241911
vt 0.257953 0.990914
vt 0.616054 0.988353
vt 0.558446 0.001327
vt 0.843787 0.833903
vt 0.168468 0.913152
vt 0.916331 0.413895
vt 0.950433 0.678125
vt 0.566341 0.995904
vt 0.520542 0.881701
vt 0.971820 0.995551
vt 0.934765 0.311553
vt 0.038070 0.971964
vt 0.953206 0.443330
vt 0.998019 0.364031
vt 0.996573 0.325108
vt 0.805295 0.833913
vt 0.538271 0.833910
vt 0.993929 0.586700
vt 0.237407 0.804155
vt 0.993929 0.566523
vt 0.725570 0.393168
vt 0.855099 0.815604
vt 0.512186 0.833908
vt 0.846441 0.833909
vt 0.870706 0.815604
vt 0.612570 0.815604
vt 0.509532 0.019632
vt 0.609915 0.019632
vt 0.861102 0.703526
vt 0.530214 0.813893
vt 0.563720 0.995904
vt 0.517921 0.881701
vt 0.969199 0.995551
vt 0.937386 0.311553
vt 0.968070 0.686098
vt 0.425022 0.902949
vt 0.840687 0.989216
vt 0.207747 0.993562
vt 0.207133 0.854270
vt 0.445266 0.903480
vt 0.973019 0.927212
vt 0.441299 0.976989
vt 0.625596 0.979332
vt 0.449821 0.990953
vt 0.996566 0.179219
vt 0.968070 0.701583
vt 0.327526 0.989567
vt 0.189375 0.993562
vt 0.981646 0.308441
vt 0.983052 0.661979
vt 0.981384 0.993144
vt 0.991574 0.675943
vt 0.994228 0.642095
vt 0.973555 0.294477
vt 0.953137 0.171989
vt 0.968070 0.636774
vt 0.953137 0.137863
vt 0.968070 0.639432
vt 0.335408 0.913147
vt 0.016927 0.956372
vt 0.997303 0.240760
vt 0.997720 0.052955
vt 0.877656 0.416382
vt 0.949816 0.739644
vt 0.980448 0.063271
vt 0.758075 0.424640
vt 0.287135 0.977238
vt 0.654339 0.993779
vt 0.207133 0.821741
vt 0.445266 0.870951
vt 0.550891 0.971255
vt 0.553976 0.970173
vt 0.998201 0.149702
vt 0.758075 0.492893
vt 0.273671 0.977238
vt 0.993912 0.131616
vt 0.241139 0.870951
vt 0.981715 0.420671
vt 0.186722 0.913151
vt 0.053670 0.910445
vt 0.977094 0.995551
vt 0.940040 0.311553
vt 0.571615 0.995904
vt 0.742936 0.960572
vt 0.992075 0.435113
vt 0.685209 0.653927
vt 0.974474 0.995551
vt 0.568995 0.995904
vt 0.968127 0.376309
vt 0.184233 0.853741
vt 0.322936 0.902949
vt 0.753746 0.988493
vt 0.014791 0.990954
vt 0.987872 0.738007
vt 0.983052 0.698484
vt 0.788664 0.981243
vt 0.991574 0.712449
vt 0.996566 0.102135
vt 0.252272 0.853741
vt 0.348583 0.989566
vt 0.001327 0.990954
vt 0.241153 0.854270
vt 0.674921 0.984794
vt 0.991624 0.015291
vt 0.983102 0.001327
vt 0.666830 0.970830
vt 0.772580 0.580359
vt 0.953137 0.237621
vt 0.371973 0.974581
vt 0.953138 0.291823
vt 0.386955 0.961648
vt 0.393499 0.913147
vt 0.950433 0.669766
vt 0.996940 0.743477
vt 0.517671 0.997795
vt 0.777855 0.580360
vt 0.877656 0.207527
vt 0.953145 0.359233
vt 0.980448 0.156180
vt 0.758069 0.753652
vt 0.981351 0.852633
vt 0.488978 0.992344
vt 0.173114 0.821741
vt 0.343179 0.863937
vt 0.979668 0.606843
vt 0.148298 0.954384
vt 0.998201 0.209636
vt 0.980455 0.391796
vt 0.758069 0.719526
vt 0.182049 0.977238
vt 0.502442 0.992344
vt 0.241153 0.821741
vt 0.516224 0.966060
vt 0.202839 0.990915
vt 0.985817 0.988343
vt 0.314499 0.913151
vt 0.127155 0.905250
vt 0.576889 0.995904
vt 0.956837 0.995658
vt 0.947935 0.319947
vt 0.829877 0.974233
vt 0.992893 0.850457
vt 0.992893 0.777441
vt 0.705386 0.653927
vt 0.574269 0.995904
vt 0.968126 0.415673
vt 0.954217 0.995658
vt 0.968127 0.356078
vt 0.288922 0.902949
vt 0.993912 0.101650
vt 0.703580 0.992454
vt 0.411249 0.854270
vt 0.309166 0.903480
vt 0.883701 0.987096
vt 0.983052 0.680231
vt 0.148170 0.944638
vt 0.991574 0.694196
vt 0.996566 0.119287
vt 0.558446 0.967794
vt 0.354331 0.853741
vt 0.630066 0.913053
vt 0.394728 0.989567
vt 0.724565 0.992489
vt 0.343211 0.854270
vt 0.650309 0.913584
vt 0.622510 0.983581
vt 0.983102 0.021214
vt 0.585469 0.993496
vt 0.991624 0.035178
vt 0.915427 0.984493
vt 0.614419 0.969616
vt 0.953137 0.103738
vt 0.964798 0.726707
vt 0.953145 0.356580
vt 0.968070 0.655023
vt 0.280645 0.913147
vt 0.682430 0.948575
vt 0.997371 0.591285
vt 0.775201 0.478620
vt 0.228372 0.996350
vt 0.777855 0.468282
vt 0.648437 0.871387
vt 0.614419 0.954024
vt 0.980448 0.171991
vt 0.662571 0.594921
vt 0.085622 0.978624
vt 0.993912 0.086666
vt 0.411249 0.814727
vt 0.309166 0.870951
vt 0.980679 0.949477
vt 0.407213 0.962200
vt 0.998201 0.196821
vt 0.980456 0.340595
vt 0.662571 0.660519
vt 0.408192 0.977237
vt 0.993912 0.146598
vt 0.343211 0.821741
vt 0.650309 0.881055
vt 0.980679 0.890704
vt 0.579543 0.992961
vt 0.929930 0.984977
vt 0.372590 0.913152
vt 0.035181 0.910445
vt 0.721843 0.905930
vt 0.748093 0.946118
vt 0.719223 0.862747
vt 0.863783 0.879087
vt 0.542799 0.954027
vt 0.998018 0.412784
vt 0.996573 0.340593
vt 0.452475 0.991432
vt 0.705392 0.393168
vt 0.517589 0.469266
vt 0.719223 0.905930
vt 0.750714 0.946118
vt 0.721843 0.862747
vt 0.861162 0.879087
vt 0.968120 0.187473
vt 0.456387 0.853741
vt 0.827149 0.875578
vt 0.533190 0.993210
vt 0.983764 0.883143
vt 0.847392 0.876110
vt 0.980679 0.921286
vt 0.982322 0.744626
vt 0.184704 0.986954
vt 0.990843 0.758591
vt 0.542799 0.987873
vt 0.968120 0.202958
vt 0.589811 0.875570
vt 0.993912 0.116633
vt 0.983102 0.221515
vt 0.275153 0.903480
vt 0.785578 0.985492
vt 0.982638 0.530774
vt 0.774216 0.990227
vt 0.991159 0.544738
vt 0.919716 0.984493
vt 0.777487 0.971528
vt 0.953087 0.689435
vt 0.478167 0.977359
vt 0.953144 0.407780
vt 0.493150 0.977359
vt 0.189377 0.913147
vt 0.700809 0.957883
vt 0.997670 0.711970
vt 0.775201 0.366543
vt 0.717044 0.980610
vt 0.777855 0.366543
vt 0.740323 0.860128
vt 0.171239 0.974585
vt 0.980448 0.218444
vt 0.521237 0.917245
vt 0.993912 0.164235
vt 0.993918 0.388638
vt 0.847392 0.836567
vt 0.978632 0.817761
vt 0.866623 0.912177
vt 0.998201 0.074788
vt 0.980449 0.260354
vt 0.758069 0.685400
vt 0.241836 0.981233
vt 0.769926 0.992338
vt 0.578691 0.843570
vt 0.275153 0.863937
vt 0.979668 0.552081
vt 0.738029 0.989842
vt 0.995564 0.609540
vt 0.390844 0.913152
vt 0.740165 0.911992
vt 0.404558 0.974271
vt 0.753368 0.946118
vt 0.721843 0.890651
vt 0.515267 0.881701
vt 0.262861 0.961646
vt 0.998673 0.915756
vt 0.474024 0.967859
vt 0.992062 0.310555
vt 0.725563 0.653927
vt 0.852444 0.255214
vt 0.401938 0.974271
vt 0.755988 0.946118
vt 0.719223 0.890651
vt 0.512647 0.881701
vt 0.573428 0.967794
vt 0.509532 0.875576
vt 0.111555 0.895052
vt 0.993912 0.236498
vt 0.983103 0.288166
vt 0.131799 0.895583
vt 0.979668 0.582664
vt 0.983052 0.625473
vt 0.866437 0.880408
vt 0.991574 0.639438
vt 0.996566 0.089320
vt 0.968120 0.275837
vt 0.790481 0.875571
vt 0.640875 0.993779
vt 0.983109 0.404123
vt 0.705453 0.902290
vt 0.979553 0.543104
vt 0.991574 0.656056
vt 0.167967 0.991452
vt 0.983052 0.642092
vt 0.463331 0.983344
vt 0.971462 0.529139
vt 0.953087 0.692089
vt 0.759116 0.977353
vt 0.953137 0.032798
vt 0.630066 0.978794
vt 0.244139 0.913147
vt 0.108784 0.956370
vt 0.994278 0.001812
vt 0.775201 0.254465
vt 0.997670 0.638956
vt 0.777855 0.244126
vt 0.630066 0.871387
vt 0.277843 0.974584
vt 0.980448 0.125210
vt 0.873491 0.836567
vt 0.803944 0.980883
vt 0.993912 0.272681
vt 0.131799 0.863053
vt 0.978632 0.781253
vt 0.148170 0.909631
vt 0.994396 0.988309
vt 0.980448 0.094240
vt 0.555128 0.885774
vt 0.103993 0.978613
vt 0.993919 0.368407
vt 0.705453 0.862747
vt 0.979550 0.488009
vt 0.069787 0.988296
vt 0.925641 0.984977
vt 0.277991 0.913151
vt 0.719063 0.911957
vt 0.986626 0.865258
vt 0.955826 0.617641
vt 0.353858 0.989862
vt 0.869678 0.957232
vt 0.292826 0.974584
vt 0.998673 0.902720
vt 0.996566 0.260352
vt 0.993813 0.545217
vt 0.630066 0.560794
vt 0.595073 0.692099
vt 0.984005 0.865258
vt 0.953206 0.617641
vt 0.351237 0.989862
vt 0.867058 0.957232
vt 0.969199 0.967442
vt 0.724565 0.901793
vt 0.696018 0.992455
vt 0.896028 0.994291
vt 0.744809 0.902324
vt 0.979668 0.600918
vt 0.411752 0.976989
vt 0.866623 0.908415
vt 0.420273 0.990954
vt 0.618709 0.987870
vt 0.968120 0.140693
vt 0.067133 0.990943
vt 0.983764 0.904668
vt 0.973019 0.872450
vt 0.991275 0.619173
vt 0.611146 0.988541
vt 0.982753 0.605209
vt 0.467621 0.983344
vt 0.981110 0.886414
vt 0.953137 0.035452
vt 0.645048 0.978794
vt 0.614419 0.919899
vt 0.896027 0.966372
vt 0.207631 0.913147
vt 0.090413 0.956370
vt 0.535844 0.981365
vt 0.775201 0.142387
vt 0.997670 0.693714
vt 0.777855 0.142387
vt 0.877656 0.103100
vt 0.777487 0.955936
vt 0.927755 0.969010
vt 0.626748 0.917245
vt 0.817407 0.980883
vt 0.993912 0.206532
vt 0.744809 0.869795
vt 0.979550 0.506263
vt 0.866623 0.886331
vt 0.548724 0.988323
vt 0.980448 0.109725
vt 0.755147 0.943464
vt 0.993919 0.325108
vt 0.993912 0.161582
vt 0.173112 0.870951
vt 0.978632 0.762999
vt 0.698672 0.989808
vt 0.460676 0.983828
vt 0.241483 0.913152
vt 0.071924 0.910445
vt 0.912111 0.994586
vt 0.961101 0.617641
vt 0.995514 0.867181
vt 0.966375 0.617641
vt 0.307808 0.974584
vt 0.998673 0.881196
vt 0.996566 0.222000
vt 0.993811 0.522628
vt 0.476141 0.692052
vt 0.685215 0.393168
vt 0.861102 0.031058
vt 0.909491 0.994586
vt 0.958480 0.617641
vt 0.992893 0.867181
vt 0.963754 0.617641
vt 0.762575 0.020056
vt 0.790481 0.019984
vt 0.459041 0.967859
vt 0.793135 0.875578
vt 0.606856 0.990653
vt 0.983764 0.919651
vt 0.813379 0.876110
vt 0.978632 0.811835
vt 0.981718 0.817761
vt 0.108283 0.988831
vt 0.990239 0.831725
vt 0.788663 0.984451
vt 0.970541 0.797871
vt 0.954217 0.967444
vt 0.953137 0.069577
vt 0.820061 0.996000
vt 0.775201 0.019970
vt 0.997670 0.675458
vt 0.777855 0.019971
vt 0.834603 0.019984
vt 0.980456 0.325110
vt 0.555128 0.951373
vt 0.993912 0.179219
vt 0.993919 0.352922
vt 0.377231 0.814727
vt 0.813379 0.843580
vt 0.978633 0.836015
vt 0.088276 0.988305
vt 0.473546 0.983827
vt 0.962112 0.995658
vt 0.976021 0.415672
vt 0.561066 0.995904
vt 0.976176 0.321125
vt 0.322791 0.961646
vt 0.793135 0.019994
vt 0.589857 0.998593
vt 0.352756 0.961646
vt 0.678007 0.986907
vt 0.861102 0.001327
vt 0.535617 0.001327
vt 0.852445 0.001327
vt 0.875002 0.001327
vt 0.627412 0.001327
vt 0.478795 0.833908
vt 0.595073 0.833908
vt 0.609915 0.833908
vt 0.868052 0.001327
vt 0.959491 0.995658
vt 0.973401 0.415673
vt 0.558446 0.995904
vt 0.973555 0.321125
vt 0.843550 0.952709
vt 0.875002 0.931009
vt 0.682005 0.804277
vt 0.645240 0.766960
vt 0.700383 0.860093
vt 0.663612 0.766960
vt 0.722494 0.758354
vt 0.753421 0.649592
vt 0.704123 0.758354
vt 0.737126 0.860093
vt 0.864575 0.976461
vt 0.512647 0.836564
vt 0.979668 0.758709
vt 0.512647 0.854935
vt 0.953206 0.507756
vt 0.953206 0.547792
vt 0.953206 0.505103
vt 0.953206 0.465057
vt 0.300065 0.861283
vt 0.232013 0.910493
vt 0.772580 0.692437
vt 0.968120 0.014158
vt 0.966401 0.983033
vt 0.988471 0.998073
vt 0.744161 0.954420
vt 0.980448 0.091583
vt 0.402121 0.910494
vt 0.553976 0.983077
vt 0.661666 0.995767
vt 0.996573 0.389365
vt 0.998018 0.386711
vt 0.997051 0.987859
vt 0.998012 0.283811
vt 0.234787 0.569660
vt 0.483956 0.885772
vt 0.690502 0.510233
vt 0.685215 0.521530
vt 0.928783 0.929588
vt 0.781414 0.885767
vt 0.116841 0.818420
vt 0.111555 0.829717
vt 0.460675 0.965205
vt 0.500466 0.885772
s 1
usemtl KhabarovskNaberZabor
f 70/1/1 42/2/2 71/3/2
f 47/4/3 43/5/4 48/6/4
f 46/7/5 44/8/3 47/4/3
f 65/9/6 24/10/7 66/11/7
f 64/12/8 27/13/6 65/9/6
f 59/14/9 36/15/10 60/16/10
f 45/17/11 19/18/5 46/7/5
f 62/19/12 30/20/13 63/21/13
f 68/22/14 17/23/15 69/24/15
f 73/25/16 31/26/17 74/27/17
f 74/27/17 26/28/18 75/29/18
f 66/11/7 23/30/19 67/31/19
f 51/32/20 25/33/21 52/34/21
f 55/35/22 13/36/23 56/37/23
f 52/34/21 18/38/24 53/39/24
f 61/40/25 32/41/12 62/19/12
f 48/42/4 37/43/26 49/44/26
f 57/45/27 39/46/28 58/47/28
f 10/48/29 11/49/29 12/50/29
f 58/47/28 38/51/9 59/14/9
f 63/21/13 28/52/8 64/53/8
f 50/54/30 29/55/20 51/32/20
f 7/56/31 1/57/31 8/58/31
f 76/59/32 20/60/11 45/17/11
f 6/61/33 3/62/33 5/63/33
f 8/58/34 2/64/34 6/61/34
f 5/63/35 4/65/35 7/56/35
f 9/66/21 8/67/21 11/68/21
f 12/69/14 5/70/14 10/71/14
f 11/72/10 6/73/10 12/74/10
f 10/75/32 7/76/32 9/77/32
f 49/44/26 33/78/30 50/54/30
f 71/3/2 41/79/36 72/80/36
f 1/57/37 3/62/37 2/64/37
f 69/24/15 14/81/1 70/1/1
f 60/16/10 34/82/25 61/40/25
f 67/31/19 21/83/14 68/22/14
f 56/84/23 40/85/27 57/45/27
f 75/29/18 22/86/32 76/59/32
f 72/87/36 35/88/16 73/25/16
f 53/39/24 16/89/38 54/90/38
f 54/90/38 15/91/22 55/35/22
f 78/92/39 79/93/40 77/94/41
f 145/95/42 146/96/43 80/97/43
f 84/98/44 144/99/45 82/100/45
f 90/101/10 85/102/10 84/103/10
f 85/104/46 83/105/47 84/98/44
f 86/106/32 87/107/32 83/108/32
f 88/109/48 90/110/49 87/111/49
f 98/112/10 92/113/10 91/114/10
f 92/115/50 94/116/51 91/117/51
f 93/118/32 95/119/32 94/120/32
f 96/121/52 98/122/53 95/123/53
f 102/124/10 92/113/10 97/125/10
f 99/126/54 93/127/50 92/128/50
f 93/118/32 101/129/32 96/130/32
f 101/131/55 97/132/52 96/133/52
f 82/100/56 104/134/57 103/135/57
f 143/136/58 147/137/59 105/138/59
f 106/139/60 81/140/61 145/95/61
f 113/141/10 108/142/10 107/143/10
f 109/144/62 111/145/63 108/146/63
f 111/147/32 112/148/32 106/149/32
f 112/150/64 107/151/60 106/139/60
f 117/152/10 109/153/10 113/141/10
f 114/154/65 110/155/62 109/144/62
f 110/156/32 116/157/32 112/148/32
f 116/158/66 113/159/64 112/150/64
f 118/160/10 114/161/10 117/152/10
f 119/162/29 115/163/65 114/154/65
f 115/164/32 1092/165/32 116/157/32
f 128/166/10 122/167/10 121/168/10
f 122/169/37 124/170/37 121/171/37
f 123/172/32 126/173/32 124/174/32
f 125/175/67 128/176/29 126/177/29
f 129/178/10 131/179/10 130/180/10
f 131/181/68 133/182/69 130/183/69
f 132/184/32 134/185/32 133/186/32
f 135/187/70 129/188/71 134/189/71
f 136/190/10 137/191/10 131/179/10
f 137/192/72 132/193/68 131/181/68
f 138/194/32 135/195/32 132/184/32
f 139/196/73 136/197/70 135/187/70
f 87/111/49 142/198/74 141/199/74
f 108/146/63 141/200/75 142/201/75
f 144/202/32 145/203/32 143/204/32
f 142/205/10 84/103/10 82/206/10
f 107/143/10 142/205/10 81/207/10
f 78/208/10 146/209/10 81/207/10
f 103/210/10 78/208/10 82/206/10
f 81/207/10 82/206/10 78/208/10
f 143/204/32 104/211/32 144/202/32
f 83/108/32 141/212/32 144/202/32
f 141/212/32 106/149/32 145/203/32
f 80/213/32 143/204/32 145/203/32
f 148/214/76 149/215/77 163/216/76
f 151/217/78 153/218/79 150/219/78
f 155/220/80 99/126/54 154/221/80
f 157/222/81 154/221/82 156/223/81
f 159/224/83 162/225/84 158/226/83
f 152/227/85 139/196/73 153/218/85
f 161/228/86 101/131/55 160/229/86
f 160/230/87 137/192/72 161/231/87
f 153/232/32 155/233/32 162/234/32
f 161/235/10 99/236/10 102/124/10
f 161/235/10 140/237/10 152/238/10
f 149/239/10 151/240/10 163/241/10
f 149/239/10 156/242/10 154/243/10
f 154/243/10 152/238/10 149/239/10
f 162/234/32 157/244/32 158/245/32
f 160/246/32 100/247/32 155/233/32
f 160/246/32 139/248/32 138/194/32
f 162/234/32 150/249/32 153/232/32
f 274/250/88 275/251/41 164/252/41
f 167/253/42 169/254/43 166/255/43
f 172/256/89 273/257/45 170/258/45
f 178/259/10 173/260/10 172/261/10
f 173/262/46 171/263/89 172/256/89
f 174/264/32 175/265/32 171/266/32
f 176/267/48 178/268/49 175/269/49
f 182/270/10 173/260/10 177/271/10
f 179/272/90 174/273/46 173/274/46
f 174/264/32 181/275/32 176/276/32
f 181/277/91 177/278/48 176/279/48
f 186/280/10 179/281/10 182/270/10
f 183/282/92 180/283/90 179/272/90
f 180/284/32 185/285/32 181/275/32
f 185/286/93 182/287/91 181/277/91
f 187/288/10 189/289/10 188/290/10
f 189/291/51 191/292/94 188/293/94
f 190/294/32 192/295/32 191/296/32
f 193/297/53 187/298/95 192/299/95
f 194/300/10 195/301/10 189/289/10
f 195/302/50 190/303/51 189/291/51
f 196/304/32 193/305/32 190/294/32
f 197/306/52 194/307/53 193/297/53
f 202/308/10 195/301/10 198/309/10
f 199/310/96 196/311/50 195/312/50
f 196/304/32 201/313/32 197/314/32
f 201/315/55 198/316/52 197/317/52
f 147/318/10 203/319/10 206/320/10
f 103/135/57 204/321/52 203/322/52
f 204/323/32 105/324/32 205/325/32
f 105/138/59 206/326/50 205/327/50
f 159/328/10 207/329/10 156/242/10
f 207/330/48 157/222/81 156/223/81
f 208/331/32 158/245/32 157/244/32
f 209/332/46 159/224/83 158/226/83
f 214/333/10 207/329/10 210/334/10
f 211/335/91 208/336/48 207/337/48
f 208/331/32 213/338/32 209/339/32
f 213/340/90 210/341/46 209/342/46
f 218/343/10 211/344/10 214/333/10
f 215/345/97 212/346/91 211/335/91
f 212/347/32 217/348/32 213/338/32
f 217/349/92 214/350/90 213/340/90
f 219/351/10 221/352/10 220/353/10
f 221/354/53 223/355/95 220/356/95
f 222/357/32 224/358/32 223/359/32
f 225/360/51 219/361/98 224/362/98
f 206/320/10 221/352/10 226/363/10
f 203/364/52 222/365/53 221/354/53
f 222/357/32 205/325/32 225/366/32
f 205/367/50 226/368/51 225/360/51
f 170/258/56 228/369/57 227/370/57
f 165/371/99 230/372/59 229/373/59
f 231/374/60 168/375/61 167/253/61
f 238/376/10 233/377/10 232/378/10
f 234/379/62 236/380/63 233/381/63
f 236/382/32 237/383/32 231/384/32
f 237/385/64 232/386/60 231/374/60
f 242/387/10 234/388/10 238/376/10
f 239/389/65 235/390/62 234/379/62
f 235/391/32 241/392/32 237/383/32
f 241/393/66 238/394/64 237/385/64
f 243/395/10 239/396/10 242/387/10
f 244/397/100 240/398/65 239/389/65
f 245/399/32 241/392/32 240/400/32
f 243/395/10 246/401/10 244/402/10
f 246/403/70 245/404/100 244/397/100
f 247/405/32 248/406/32 245/399/32
f 249/407/68 243/408/101 248/409/101
f 250/410/10 77/411/10 246/401/10
f 77/94/41 247/412/70 246/403/70
f 79/413/32 249/414/32 247/405/32
f 80/97/43 250/415/68 249/407/68
f 254/416/10 163/241/10 151/240/10
f 163/216/76 252/417/64 148/214/76
f 148/418/32 253/419/32 150/249/32
f 253/420/62 151/217/78 150/219/78
f 258/421/10 251/422/10 254/416/10
f 251/423/64 256/424/102 252/417/64
f 252/425/32 257/426/32 253/419/32
f 257/427/103 254/428/62 253/420/62
f 259/429/10 255/430/10 258/421/10
f 260/431/69 256/424/102 255/432/102
f 256/433/32 264/434/32 257/426/32
f 259/429/10 262/435/10 260/436/10
f 262/437/68 261/438/69 260/431/69
f 263/439/32 264/434/32 261/440/32
f 265/441/70 259/442/71 264/443/71
f 266/444/10 267/445/10 262/435/10
f 267/446/72 263/447/68 262/437/68
f 268/448/32 265/449/32 263/439/32
f 269/450/73 266/451/70 265/441/70
f 271/452/74 178/268/49 272/453/74
f 272/454/75 236/380/63 271/455/75
f 273/456/32 167/457/32 165/458/32
f 272/459/10 172/261/10 170/460/10
f 232/378/10 272/459/10 168/461/10
f 274/462/10 169/463/10 168/461/10
f 227/464/10 274/462/10 170/460/10
f 168/461/10 170/460/10 274/462/10
f 165/458/32 228/465/32 273/456/32
f 171/266/32 271/466/32 273/456/32
f 271/466/32 231/384/32 167/457/32
f 166/467/32 165/458/32 167/457/32
f 276/468/76 277/469/104 291/470/76
f 279/471/78 281/472/79 278/473/78
f 283/474/80 199/310/96 282/475/80
f 285/476/81 282/475/82 284/477/81
f 287/478/83 290/479/84 286/480/83
f 280/481/85 269/450/73 281/472/85
f 289/482/86 201/315/55 288/483/86
f 288/484/87 267/446/72 289/485/87
f 281/486/32 283/487/32 290/488/32
f 289/489/10 199/490/10 202/308/10
f 289/489/10 270/491/10 280/492/10
f 277/493/10 279/494/10 291/495/10
f 277/493/10 284/496/10 282/497/10
f 282/497/10 280/492/10 277/493/10
f 290/488/32 285/498/32 286/499/32
f 288/500/32 200/501/32 283/487/32
f 288/500/32 269/502/32 268/448/32
f 290/488/32 278/503/32 281/486/32
f 402/504/88 403/505/41 292/506/41
f 295/507/42 297/508/43 294/509/43
f 300/510/89 401/511/105 298/512/105
f 306/513/10 301/514/10 300/515/10
f 301/516/46 299/517/89 300/510/89
f 302/518/32 303/519/32 299/520/32
f 304/521/48 306/522/49 303/523/49
f 310/524/10 301/514/10 305/525/10
f 307/526/90 302/527/46 301/528/46
f 302/518/32 309/529/32 304/530/32
f 309/531/91 305/532/48 304/533/48
f 314/534/10 307/535/10 310/524/10
f 311/536/106 308/537/90 307/526/90
f 308/538/32 313/539/32 309/529/32
f 313/540/93 310/541/91 309/531/91
f 315/542/10 317/543/10 316/544/10
f 317/545/51 319/546/94 316/547/98
f 318/548/32 320/549/32 319/550/32
f 321/551/53 315/552/95 320/553/95
f 322/554/10 323/555/10 317/543/10
f 323/556/50 318/557/51 317/545/51
f 324/558/32 321/559/32 318/548/32
f 325/560/52 322/561/53 321/551/53
f 330/562/10 323/555/10 326/563/10
f 327/564/96 324/565/50 323/566/50
f 324/558/32 329/567/32 325/568/32
f 329/569/55 326/570/52 325/571/52
f 230/572/10 331/573/10 334/574/10
f 227/370/57 332/575/52 331/576/52
f 332/577/32 229/578/32 333/579/32
f 229/373/59 334/580/50 333/581/50
f 287/582/10 335/583/10 284/496/10
f 284/477/81 336/584/48 285/476/81
f 336/585/32 286/499/32 285/498/32
f 337/586/46 287/478/83 286/480/83
f 342/587/10 335/583/10 338/588/10
f 335/589/48 340/590/91 336/591/48
f 336/585/32 341/592/32 337/593/32
f 341/594/90 338/595/46 337/596/46
f 346/597/10 339/598/10 342/587/10
f 343/599/97 340/590/91 339/600/91
f 340/601/32 345/602/32 341/592/32
f 345/603/106 342/604/90 341/594/90
f 347/605/10 349/606/10 348/607/10
f 349/608/53 351/609/95 348/610/95
f 350/611/32 352/612/32 351/613/32
f 353/614/51 347/615/98 352/616/98
f 354/617/10 331/573/10 349/606/10
f 331/618/52 350/619/53 349/608/53
f 332/577/32 353/620/32 350/611/32
f 333/621/50 354/622/51 353/614/51
f 298/512/56 356/623/57 355/624/57
f 293/625/58 358/626/59 357/627/59
f 359/628/60 296/629/61 295/507/61
f 366/630/10 361/631/10 360/632/10
f 362/633/62 364/634/63 361/635/63
f 364/636/32 365/637/32 359/638/32
f 365/639/64 360/640/60 359/628/60
f 370/641/10 362/642/10 366/630/10
f 367/643/65 363/644/62 362/633/62
f 363/645/32 369/646/32 365/637/32
f 369/647/66 366/648/64 365/639/64
f 370/641/10 372/649/10 367/650/10
f 372/651/100 368/652/65 367/643/65
f 373/653/32 369/646/32 368/654/32
f 371/655/10 374/656/10 372/649/10
f 374/657/70 373/658/100 372/651/100
f 375/659/32 376/660/32 373/653/32
f 377/661/68 371/662/101 376/663/101
f 378/664/10 164/665/10 374/656/10
f 164/252/41 375/666/70 374/657/70
f 275/667/32 377/668/32 375/659/32
f 166/255/43 378/669/68 377/661/68
f 382/670/10 291/495/10 279/494/10
f 379/671/64 276/468/76 291/470/76
f 276/672/32 381/673/32 278/503/32
f 381/674/62 279/471/78 278/473/78
f 386/675/10 379/676/10 382/670/10
f 383/677/102 380/678/64 379/671/64
f 380/679/32 385/680/32 381/673/32
f 385/681/103 382/682/62 381/674/62
f 387/683/10 383/684/10 386/675/10
f 388/685/69 384/686/102 383/677/102
f 384/687/32 392/688/32 385/680/32
f 387/683/10 390/689/10 388/690/10
f 390/691/68 389/692/69 388/685/69
f 391/693/32 392/688/32 389/694/32
f 393/695/70 387/696/71 392/697/71
f 394/698/10 395/699/10 390/689/10
f 395/700/72 391/701/68 390/691/68
f 396/702/32 393/703/32 391/693/32
f 397/704/73 394/705/70 393/695/70
f 303/523/49 400/706/74 399/707/74
f 361/635/63 399/708/75 400/709/75
f 401/710/32 295/711/32 293/712/32
f 400/713/10 300/515/10 298/714/10
f 360/632/10 400/713/10 296/715/10
f 402/716/10 297/717/10 296/715/10
f 355/718/10 402/716/10 298/714/10
f 296/715/10 298/714/10 402/716/10
f 293/712/32 356/719/32 401/710/32
f 299/520/32 399/720/32 401/710/32
f 399/720/32 359/638/32 295/711/32
f 294/721/32 293/712/32 295/711/32
f 404/722/76 405/723/104 419/724/76
f 407/725/78 409/726/79 406/727/78
f 411/728/107 327/564/96 410/729/107
f 413/730/81 410/729/82 412/731/81
f 415/732/83 418/733/84 414/734/83
f 408/735/85 397/704/73 409/726/85
f 417/736/86 329/569/55 416/737/86
f 416/738/87 395/700/72 417/739/87
f 409/740/32 411/741/32 418/742/32
f 417/743/10 327/744/10 330/562/10
f 417/743/10 398/745/10 408/746/10
f 405/747/10 407/748/10 419/749/10
f 405/747/10 412/750/10 410/751/10
f 410/751/10 408/746/10 405/747/10
f 418/742/32 413/752/32 414/753/32
f 416/754/32 328/755/32 411/741/32
f 416/754/32 397/756/32 396/702/32
f 418/742/32 406/757/32 409/740/32
f 530/758/39 531/759/40 420/760/40
f 423/761/42 425/762/43 422/763/43
f 428/764/89 529/765/105 426/766/105
f 434/767/10 429/768/10 428/769/10
f 429/770/46 427/771/89 428/764/89
f 430/772/32 431/773/32 427/774/32
f 432/775/48 434/776/49 431/777/49
f 438/778/10 429/768/10 433/779/10
f 435/780/90 430/781/46 429/782/46
f 430/772/32 437/783/32 432/784/32
f 437/785/91 433/786/48 432/787/48
f 442/788/10 435/789/10 438/778/10
f 439/790/92 436/791/90 435/780/90
f 436/792/32 441/793/32 437/783/32
f 437/785/91 442/794/93 438/795/91
f 443/796/10 445/797/10 444/798/10
f 445/799/51 447/800/94 444/801/94
f 446/802/32 448/803/32 447/804/32
f 449/805/53 443/806/95 448/807/95
f 450/808/10 451/809/10 445/797/10
f 451/810/50 446/811/51 445/799/51
f 452/812/32 449/813/32 446/802/32
f 453/814/52 450/815/53 449/805/53
f 458/816/10 451/809/10 454/817/10
f 455/818/96 452/819/50 451/820/50
f 452/812/32 457/821/32 453/822/32
f 457/823/55 454/824/52 453/825/52
f 358/826/10 459/827/10 462/828/10
f 355/624/57 460/829/52 459/830/52
f 460/831/32 357/832/32 461/833/32
f 357/627/59 462/834/50 461/835/50
f 415/836/10 463/837/10 412/750/10
f 463/838/48 413/730/81 412/731/81
f 464/839/32 414/753/32 413/752/32
f 465/840/46 415/732/83 414/734/83
f 470/841/10 463/837/10 466/842/10
f 463/843/48 468/844/91 464/845/48
f 464/839/32 469/846/32 465/847/32
f 469/848/90 466/849/46 465/850/46
f 474/851/10 467/852/10 470/841/10
f 467/853/91 472/854/93 468/844/91
f 468/855/32 473/856/32 469/846/32
f 473/857/106 470/858/90 469/848/90
f 475/859/10 477/860/10 476/861/10
f 477/862/53 479/863/95 476/864/95
f 478/865/32 480/866/32 479/867/32
f 481/868/51 475/869/98 480/870/98
f 482/871/10 459/827/10 477/860/10
f 459/872/52 478/873/53 477/862/53
f 460/831/32 481/874/32 478/865/32
f 461/875/50 482/876/51 481/868/51
f 483/877/57 529/765/56 484/878/57
f 421/879/58 486/880/59 485/881/59
f 487/882/60 424/883/61 423/761/61
f 494/884/10 489/885/10 488/886/10
f 489/887/63 491/888/62 492/889/63
f 492/890/32 493/891/32 487/892/32
f 493/893/64 488/894/60 487/882/60
f 498/895/10 490/896/10 494/884/10
f 490/897/62 496/898/65 491/888/62
f 491/899/32 497/900/32 493/891/32
f 497/901/66 494/902/64 493/893/64
f 498/895/10 500/903/10 495/904/10
f 500/905/100 496/898/65 495/906/65
f 501/907/32 497/900/32 496/908/32
f 499/909/10 502/910/10 500/903/10
f 502/911/70 501/912/100 500/905/100
f 503/913/32 504/914/32 501/907/32
f 505/915/68 499/916/101 504/917/101
f 506/918/10 292/919/10 502/910/10
f 292/506/41 503/920/70 502/911/70
f 403/921/32 505/922/32 503/913/32
f 294/509/43 506/923/68 505/915/68
f 510/924/10 419/749/10 407/748/10
f 507/925/64 404/722/76 419/724/76
f 404/926/32 509/927/32 406/757/32
f 509/928/62 407/725/78 406/727/78
f 514/929/10 507/930/10 510/924/10
f 511/931/102 508/932/64 507/925/64
f 508/933/32 513/934/32 509/927/32
f 513/935/103 510/936/62 509/928/62
f 514/929/10 516/937/10 511/938/10
f 516/939/69 512/940/102 511/931/102
f 512/941/32 520/942/32 513/934/32
f 515/943/10 518/944/10 516/937/10
f 518/945/68 517/946/69 516/939/69
f 519/947/32 520/942/32 517/948/32
f 521/949/70 515/950/71 520/951/71
f 522/952/10 523/953/10 518/944/10
f 523/954/72 519/955/68 518/945/68
f 524/956/32 521/957/32 519/947/32
f 525/958/73 522/959/70 521/949/70
f 431/777/49 528/960/74 527/961/74
f 489/887/63 527/962/75 528/963/75
f 529/964/32 423/965/32 421/966/32
f 528/967/10 428/769/10 426/968/10
f 488/886/10 528/967/10 424/969/10
f 530/970/10 425/971/10 424/969/10
f 483/972/10 530/970/10 426/968/10
f 424/969/10 426/968/10 530/970/10
f 421/966/32 484/973/32 529/964/32
f 427/774/32 527/974/32 529/964/32
f 527/974/32 487/892/32 423/965/32
f 422/975/32 421/966/32 423/965/32
f 532/976/76 533/977/104 547/978/76
f 535/979/78 537/980/79 534/981/78
f 539/982/107 455/818/96 538/983/107
f 541/984/81 538/983/82 540/985/81
f 543/986/83 546/987/84 542/988/83
f 536/989/85 525/958/73 537/980/85
f 545/990/86 457/823/55 544/991/86
f 544/992/87 523/954/72 545/993/87
f 537/994/32 539/995/32 546/996/32
f 545/997/10 455/998/10 458/816/10
f 545/997/10 526/999/10 536/1000/10
f 533/1001/10 535/1002/10 547/1003/10
f 533/1001/10 540/1004/10 538/1005/10
f 538/1005/10 536/1000/10 533/1001/10
f 546/996/32 541/1006/32 542/1007/32
f 544/1008/32 456/1009/32 539/995/32
f 544/1008/32 525/1010/32 524/956/32
f 546/996/32 534/1011/32 537/994/32
f 658/1012/39 659/1013/40 548/1014/40
f 551/1015/42 553/1016/43 550/1017/43
f 556/1018/89 657/1019/105 554/1020/105
f 562/1021/10 557/1022/10 556/1023/10
f 557/1024/46 555/1025/89 556/1018/89
f 558/1026/32 559/1027/32 555/1028/32
f 560/1029/48 562/1030/49 559/1031/49
f 566/1032/10 557/1022/10 561/1033/10
f 563/1034/90 558/1035/46 557/1036/46
f 558/1026/32 565/1037/32 560/1038/32
f 565/1039/91 561/1040/48 560/1041/48
f 570/1042/10 563/1043/10 566/1032/10
f 567/1044/106 564/1045/90 563/1034/90
f 564/1046/32 569/1047/32 565/1037/32
f 569/1048/93 566/1049/91 565/1039/91
f 571/1050/10 573/1051/10 572/1052/10
f 573/1053/51 575/1054/98 572/1055/98
f 574/1056/32 576/1057/32 575/1058/32
f 576/1059/95 578/1060/53 571/1061/95
f 578/1062/10 579/1063/10 573/1051/10
f 579/1064/50 574/1065/51 573/1053/51
f 580/1066/32 577/1067/32 574/1056/32
f 581/1068/52 578/1060/53 577/1069/53
f 586/1070/10 579/1063/10 582/1071/10
f 583/1072/96 580/1073/50 579/1074/50
f 580/1066/32 585/1075/32 581/1076/32
f 585/1077/55 582/1078/52 581/1079/52
f 486/1080/10 587/1081/10 590/1082/10
f 587/1083/52 484/878/57 588/1084/52
f 588/1085/32 485/1086/32 589/1087/32
f 485/881/59 590/1088/50 589/1089/50
f 543/1090/10 591/1091/10 540/1004/10
f 591/1092/48 541/984/81 540/985/81
f 592/1093/32 542/1007/32 541/1006/32
f 593/1094/46 543/986/83 542/988/83
f 598/1095/10 591/1091/10 594/1096/10
f 595/1097/91 592/1098/48 591/1099/48
f 592/1093/32 597/1100/32 593/1101/32
f 597/1102/90 594/1103/46 593/1104/46
f 602/1105/10 595/1106/10 598/1095/10
f 599/1107/93 596/1108/91 595/1097/91
f 596/1109/32 601/1110/32 597/1100/32
f 601/1111/106 598/1112/90 597/1102/90
f 603/1113/10 605/1114/10 604/1115/10
f 605/1116/53 607/1117/95 604/1118/95
f 606/1119/32 608/1120/32 607/1121/32
f 609/1122/51 603/1123/98 608/1124/98
f 610/1125/10 587/1081/10 605/1114/10
f 587/1126/52 606/1127/53 605/1116/53
f 588/1085/32 609/1128/32 606/1119/32
f 589/1129/50 610/1130/51 609/1122/51
f 611/1131/57 657/1019/56 612/1132/57
f 549/1133/58 614/1134/59 613/1135/59
f 615/1136/60 552/1137/61 551/1015/61
f 622/1138/10 617/1139/10 616/1140/10
f 618/1141/62 620/1142/63 617/1143/63
f 620/1144/32 621/1145/32 615/1146/32
f 621/1147/64 616/1148/60 615/1136/60
f 626/1149/10 618/1150/10 622/1138/10
f 623/1151/65 619/1152/62 618/1141/62
f 619/1153/32 625/1154/32 621/1145/32
f 621/1147/64 626/1155/108 622/1156/64
f 626/1149/10 628/1157/10 623/1158/10
f 628/1159/100 624/1160/65 623/1151/65
f 629/1161/32 625/1154/32 624/1162/32
f 627/1163/10 630/1164/10 628/1157/10
f 630/1165/70 629/1166/100 628/1159/100
f 631/1167/32 632/1168/32 629/1161/32
f 633/1169/68 627/1170/101 632/1171/101
f 634/1172/10 420/1173/10 630/1164/10
f 420/760/40 631/1174/70 630/1165/70
f 531/1175/32 633/1176/32 631/1167/32
f 422/763/43 634/1177/68 633/1169/68
f 638/1178/10 547/1003/10 535/1002/10
f 635/1179/64 532/976/76 547/978/76
f 532/1180/32 637/1181/32 534/1011/32
f 637/1182/62 535/979/78 534/981/78
f 642/1183/10 635/1184/10 638/1178/10
f 639/1185/102 636/1186/64 635/1179/64
f 636/1187/32 641/1188/32 637/1181/32
f 641/1189/103 638/1190/62 637/1182/62
f 642/1183/10 644/1191/10 639/1192/10
f 644/1193/69 640/1194/102 639/1185/102
f 645/1195/32 641/1188/32 640/1196/32
f 643/1197/10 646/1198/10 644/1191/10
f 646/1199/68 645/1200/69 644/1193/69
f 647/1201/32 648/1202/32 645/1195/32
f 649/1203/70 643/1204/71 648/1205/71
f 650/1206/10 651/1207/10 646/1198/10
f 651/1208/72 647/1209/68 646/1199/68
f 652/1210/32 649/1211/32 647/1201/32
f 653/1212/73 650/1213/70 649/1203/70
f 655/1214/74 562/1030/49 656/1215/74
f 656/1216/75 620/1142/63 655/1217/75
f 657/1218/32 551/1219/32 549/1220/32
f 656/1221/10 556/1023/10 554/1222/10
f 616/1140/10 656/1221/10 552/1223/10
f 658/1224/10 553/1225/10 552/1223/10
f 611/1226/10 658/1224/10 554/1222/10
f 552/1223/10 554/1222/10 658/1224/10
f 549/1220/32 612/1227/32 657/1218/32
f 555/1028/32 655/1228/32 657/1218/32
f 655/1228/32 615/1146/32 551/1219/32
f 550/1229/32 549/1220/32 551/1219/32
f 660/1230/109 661/1231/77 675/1232/109
f 663/1233/78 665/1234/79 662/1235/78
f 667/1236/107 583/1072/96 666/1237/107
f 669/1238/81 666/1237/82 668/1239/81
f 671/1240/83 674/1241/84 670/1242/83
f 664/1243/85 653/1212/73 665/1234/85
f 673/1244/86 585/1077/55 672/1245/86
f 672/1246/87 651/1208/72 673/1247/87
f 665/1248/32 667/1249/32 674/1250/32
f 673/1251/10 583/1252/10 586/1070/10
f 673/1251/10 654/1253/10 664/1254/10
f 661/1255/10 663/1256/10 675/1257/10
f 661/1255/10 668/1258/10 666/1259/10
f 666/1259/10 664/1254/10 661/1255/10
f 674/1250/32 669/1260/32 670/1261/32
f 672/1262/32 584/1263/32 667/1249/32
f 672/1262/32 653/1264/32 652/1210/32
f 674/1250/32 662/1265/32 665/1248/32
f 786/1266/39 787/1267/40 676/1268/40
f 679/1269/42 681/1270/43 678/1271/43
f 684/1272/89 785/1273/105 682/1274/105
f 690/1275/10 685/1276/10 684/1277/10
f 685/1278/46 683/1279/89 684/1272/89
f 686/1280/32 687/1281/32 683/1282/32
f 688/1283/48 690/1284/49 687/1285/49
f 694/1286/10 685/1276/10 689/1287/10
f 691/1288/90 686/1289/46 685/1290/46
f 686/1280/32 693/1291/32 688/1292/32
f 693/1293/91 689/1294/48 688/1295/48
f 698/1296/10 691/1297/10 694/1286/10
f 695/1298/106 692/1299/90 691/1288/90
f 692/1300/32 697/1301/32 693/1291/32
f 693/1293/91 698/1302/93 694/1303/91
f 699/1304/10 701/1305/10 700/1306/10
f 701/1307/51 703/1308/98 700/1309/98
f 702/1310/32 704/1311/32 703/1312/32
f 705/1313/53 699/1314/95 704/1315/95
f 706/1316/10 707/1317/10 701/1305/10
f 707/1318/50 702/1319/51 701/1307/51
f 708/1320/32 705/1321/32 702/1310/32
f 709/1322/52 706/1323/53 705/1313/53
f 714/1324/10 707/1317/10 710/1325/10
f 711/1326/96 708/1327/50 707/1328/50
f 708/1320/32 713/1329/32 709/1330/32
f 713/1331/55 710/1332/52 709/1333/52
f 614/1334/10 715/1335/10 718/1336/10
f 611/1131/57 716/1337/52 715/1338/52
f 716/1339/32 613/1340/32 717/1341/32
f 613/1135/59 718/1342/50 717/1343/50
f 671/1344/10 719/1345/10 668/1258/10
f 719/1346/48 669/1238/81 668/1239/81
f 720/1347/32 670/1261/32 669/1260/32
f 721/1348/46 671/1240/83 670/1242/83
f 726/1349/10 719/1345/10 722/1350/10
f 719/1351/48 724/1352/91 720/1353/48
f 720/1347/32 725/1354/32 721/1355/32
f 721/1356/46 726/1357/90 722/1358/46
f 730/1359/10 723/1360/10 726/1349/10
f 727/1361/93 724/1352/91 723/1362/91
f 724/1363/32 729/1364/32 725/1354/32
f 729/1365/106 726/1357/90 725/1366/90
f 731/1367/10 733/1368/10 732/1369/10
f 733/1370/53 735/1371/95 732/1372/95
f 734/1373/32 736/1374/32 735/1375/32
f 737/1376/51 731/1377/98 736/1378/98
f 738/1379/10 715/1335/10 733/1368/10
f 715/1380/52 734/1381/53 733/1370/53
f 716/1339/32 737/1382/32 734/1373/32
f 717/1383/50 738/1384/51 737/1376/51
f 682/1274/56 740/1385/57 739/1386/57
f 677/1387/58 742/1388/59 741/1389/59
f 743/1390/60 680/1391/61 679/1269/61
f 750/1392/10 745/1393/10 744/1394/10
f 745/1395/63 747/1396/62 748/1397/63
f 748/1398/32 749/1399/32 743/1400/32
f 749/1401/64 744/1402/60 743/1390/60
f 754/1403/10 746/1404/10 750/1392/10
f 746/1405/62 752/1406/65 747/1396/62
f 747/1407/32 753/1408/32 749/1399/32
f 753/1409/66 750/1410/64 749/1401/64
f 755/1411/10 751/1412/10 754/1403/10
f 756/1413/100 752/1406/65 751/1414/65
f 757/1415/32 753/1408/32 752/1416/32
f 755/1411/10 758/1417/10 756/1418/10
f 758/1419/70 757/1420/100 756/1413/100
f 759/1421/32 760/1422/32 757/1415/32
f 761/1423/68 755/1424/101 760/1425/101
f 762/1426/10 548/1427/10 758/1417/10
f 548/1014/40 759/1428/70 758/1419/70
f 659/1429/32 761/1430/32 759/1421/32
f 550/1017/43 762/1431/68 761/1423/68
f 766/1432/10 675/1257/10 663/1256/10
f 763/1433/64 660/1230/109 675/1232/109
f 660/1434/32 765/1435/32 662/1265/32
f 765/1436/62 663/1233/78 662/1235/78
f 770/1437/10 763/1438/10 766/1432/10
f 767/1439/102 764/1440/64 763/1433/64
f 764/1441/32 769/1442/32 765/1435/32
f 769/1443/103 766/1444/62 765/1436/62
f 770/1437/10 772/1445/10 767/1446/10
f 771/1447/10 773/1448/10 772/1445/10
f 773/1449/68 775/1450/69 772/1451/69
f 774/1452/32 776/1453/32 775/1454/32
f 777/1455/70 771/1456/71 776/1457/71
f 778/1458/10 779/1459/10 773/1448/10
f 779/1460/72 774/1461/68 773/1449/68
f 780/1462/32 777/1463/32 774/1452/32
f 781/1464/73 778/1465/70 777/1455/70
f 783/1466/74 690/1284/49 784/1467/74
f 784/1468/75 748/1397/63 783/1469/75
f 785/1470/32 679/1471/32 677/1472/32
f 784/1473/10 684/1277/10 682/1474/10
f 744/1394/10 784/1473/10 680/1475/10
f 786/1476/10 681/1477/10 680/1475/10
f 739/1478/10 786/1476/10 682/1474/10
f 680/1475/10 682/1474/10 786/1476/10
f 677/1472/32 740/1479/32 785/1470/32
f 683/1282/32 783/1480/32 785/1470/32
f 783/1480/32 743/1400/32 679/1471/32
f 678/1481/32 677/1472/32 679/1471/32
f 788/1482/109 789/1483/77 803/1484/109
f 791/1485/78 793/1486/79 790/1487/78
f 795/1488/107 711/1326/96 794/1489/107
f 797/1490/81 794/1489/82 796/1491/81
f 799/1492/83 802/1493/84 798/1494/83
f 792/1495/85 781/1464/73 793/1486/85
f 801/1496/86 713/1331/55 800/1497/86
f 800/1498/87 779/1460/72 801/1499/87
f 793/1500/32 795/1501/32 802/1502/32
f 801/1503/10 711/1504/10 714/1324/10
f 801/1503/10 782/1505/10 792/1506/10
f 789/1507/10 791/1508/10 803/1509/10
f 789/1507/10 796/1510/10 794/1511/10
f 794/1511/10 792/1506/10 789/1507/10
f 802/1502/32 797/1512/32 798/1513/32
f 800/1514/32 712/1515/32 795/1501/32
f 800/1514/32 781/1516/32 780/1462/32
f 802/1502/32 790/1517/32 793/1500/32
f 805/1518/39 807/1519/40 804/1520/41
f 809/1521/42 811/1522/43 808/1523/43
f 814/1524/89 944/1525/105 812/1526/105
f 820/1527/10 815/1528/10 814/1529/10
f 815/1530/46 813/1531/89 814/1524/89
f 816/1532/32 817/1533/32 813/1534/32
f 818/1535/48 820/1536/49 817/1537/49
f 824/1538/10 815/1528/10 819/1539/10
f 821/1540/90 816/1541/46 815/1542/46
f 822/1543/32 818/1544/32 816/1532/32
f 823/1545/91 819/1546/48 818/1547/48
f 828/1548/10 821/1549/10 824/1538/10
f 825/1550/106 822/1551/90 821/1540/90
f 822/1543/32 827/1552/32 823/1553/32
f 827/1554/93 824/1555/91 823/1545/91
f 832/1556/110 825/1557/10 828/1548/10
f 829/1558/111 826/1559/106 825/1550/106
f 826/1560/32 831/1561/112 827/1552/32
f 831/1562/113 828/1563/93 827/1554/93
f 833/1564/114 830/1565/111 829/1558/111
f 831/1562/113 835/1566/115 832/1567/113
f 836/1568/116 838/1569/117 954/1570/116
f 846/1571/118 840/1572/10 839/1573/119
f 839/1574/120 841/1575/98 842/1576/120
f 841/1577/32 843/1578/121 842/1579/122
f 843/1580/123 845/1581/95 846/1582/123
f 845/1583/10 847/1584/10 840/1572/10
f 847/1585/51 841/1575/98 840/1586/98
f 848/1587/32 844/1588/32 841/1577/32
f 849/1589/53 845/1581/95 844/1590/95
f 850/1591/10 851/1592/10 847/1584/10
f 851/1593/50 848/1594/51 847/1585/51
f 852/1595/32 849/1596/32 848/1587/32
f 853/1597/52 850/1598/53 849/1589/53
f 858/1599/10 851/1592/10 854/1600/10
f 855/1601/96 852/1602/50 851/1603/50
f 852/1595/32 857/1604/32 853/1605/32
f 857/1606/55 854/1607/52 853/1608/52
f 742/1609/10 859/1610/10 862/1611/10
f 739/1386/57 860/1612/52 859/1613/52
f 860/1614/32 741/1615/32 861/1616/32
f 741/1389/59 862/1617/50 861/1618/50
f 799/1619/10 863/1620/10 796/1510/10
f 863/1621/48 797/1490/81 796/1491/81
f 864/1622/32 798/1513/32 797/1512/32
f 798/1494/83 866/1623/46 799/1492/83
f 870/1624/10 863/1620/10 866/1625/10
f 867/1626/91 864/1627/48 863/1628/48
f 864/1622/32 869/1629/32 865/1630/32
f 869/1631/90 866/1632/46 865/1633/46
f 874/1634/10 867/1635/10 870/1624/10
f 867/1626/91 872/1636/93 868/1637/91
f 868/1638/32 873/1639/32 869/1629/32
f 873/1640/106 870/1641/90 869/1631/90
f 878/1642/124 871/1643/10 874/1634/10
f 871/1644/93 876/1645/125 872/1636/93
f 872/1646/32 877/1647/126 873/1639/32
f 877/1648/127 874/1649/106 873/1640/106
f 879/1650/128 876/1645/125 875/1651/125
f 881/1652/129 878/1653/127 877/1648/127
f 884/1654/130 947/1655/131 883/1656/131
f 893/1657/132 887/1658/10 886/1659/133
f 886/1660/134 888/1661/95 889/1662/134
f 888/1663/32 890/1664/135 889/1665/136
f 891/1666/98 893/1667/137 890/1668/137
f 892/1669/10 894/1670/10 887/1658/10
f 887/1671/95 895/1672/53 888/1661/95
f 895/1673/32 891/1674/32 888/1663/32
f 896/1675/51 892/1676/98 891/1666/98
f 897/1677/10 859/1610/10 894/1670/10
f 894/1678/53 860/1679/52 895/1672/53
f 860/1614/32 896/1680/32 895/1673/32
f 861/1681/50 897/1682/51 896/1675/51
f 812/1526/56 899/1683/57 898/1684/57
f 806/1685/138 901/1686/139 900/1687/139
f 902/1688/60 810/1689/61 809/1521/61
f 909/1690/10 904/1691/10 903/1692/10
f 905/1693/62 907/1694/63 904/1695/63
f 907/1696/32 908/1697/32 902/1698/32
f 908/1699/64 903/1700/60 902/1688/60
f 913/1701/10 905/1702/10 909/1690/10
f 905/1693/62 911/1703/65 906/1704/62
f 906/1705/32 912/1706/32 908/1697/32
f 912/1707/66 909/1708/64 908/1699/64
f 914/1709/100 911/1703/65 910/1710/65
f 911/1711/32 919/1712/32 912/1706/32
f 916/1713/10 917/1714/10 914/1715/10
f 917/1716/70 915/1717/100 914/1709/100
f 918/1718/32 919/1712/32 915/1719/32
f 920/1720/68 916/1721/101 919/1722/101
f 921/1723/10 676/1724/10 917/1714/10
f 676/1268/40 918/1725/70 917/1716/70
f 787/1726/32 920/1727/32 918/1718/32
f 678/1271/43 921/1728/68 920/1720/68
f 925/1729/10 803/1509/10 791/1508/10
f 922/1730/64 788/1482/109 803/1484/109
f 788/1731/32 924/1732/32 790/1517/32
f 790/1487/78 925/1733/62 791/1485/78
f 929/1734/10 922/1735/10 925/1729/10
f 926/1736/102 923/1737/64 922/1730/64
f 923/1738/32 928/1739/32 924/1732/32
f 928/1740/103 925/1733/62 924/1741/62
f 930/1742/69 927/1743/102 926/1736/102
f 931/1744/32 928/1739/32 927/1745/32
f 932/1746/10 933/1747/10 930/1748/10
f 933/1749/68 931/1750/69 930/1742/69
f 934/1751/32 935/1752/32 931/1744/32
f 936/1753/70 932/1754/71 935/1755/71
f 937/1756/10 938/1757/10 933/1747/10
f 933/1749/68 939/1758/72 934/1759/68
f 939/1760/32 936/1761/32 934/1751/32
f 940/1762/73 937/1763/70 936/1753/70
f 817/1537/49 943/1764/74 942/1765/74
f 904/1695/63 942/1766/75 943/1767/75
f 944/1768/32 809/1769/32 806/1770/32
f 943/1771/10 814/1529/10 812/1772/10
f 903/1692/10 943/1771/10 810/1773/10
f 805/1774/10 811/1775/10 810/1773/10
f 898/1776/10 805/1774/10 812/1772/10
f 810/1773/10 812/1772/10 805/1774/10
f 806/1770/32 899/1777/32 944/1768/32
f 813/1534/32 942/1778/32 944/1768/32
f 942/1778/32 902/1698/32 809/1769/32
f 808/1779/32 806/1770/32 809/1769/32
f 843/1580/123 882/1780/140 881/1781/140
f 948/1782/141 893/1667/137 835/1783/141
f 955/1784/142 834/1785/114 833/1564/114
f 886/1660/134 885/1786/130 884/1654/130
f 879/1650/128 946/1787/143 880/1788/128
f 839/1574/120 838/1569/117 837/1789/117
f 885/1790/144 949/1791/145 947/1792/146
f 880/1793/147 950/1794/148 881/1795/149
f 881/1795/149 842/1579/122 843/1578/121
f 876/1796/150 881/1795/149 877/1647/126
f 830/1797/151 948/1798/152 831/1561/112
f 948/1798/152 889/1665/136 890/1664/135
f 879/1799/153 952/1800/154 951/1801/155
f 884/1802/156 953/1803/157 835/1804/158
f 835/1804/158 886/1659/133 884/1802/156
f 875/1805/159 882/1806/160 879/1799/153
f 882/1806/160 839/1573/119 837/1807/161
f 829/1808/162 835/1804/158 833/1809/163
f 834/1810/164 949/1791/145 948/1798/152
f 950/1794/148 838/1811/165 881/1795/149
f 837/1807/161 952/1800/154 882/1806/160
f 953/1803/157 833/1809/163 835/1804/158
f 957/1812/76 959/1813/77 956/1814/76
f 961/1815/78 963/1816/79 960/1817/78
f 965/1818/107 855/1601/96 964/1819/107
f 967/1820/166 964/1819/82 966/1821/166
f 969/1822/83 958/1823/84 968/1824/83
f 962/1825/85 940/1762/73 963/1816/85
f 971/1826/86 857/1606/55 970/1827/86
f 970/1828/87 938/1829/72 971/1830/87
f 963/1831/32 965/1832/32 958/1833/32
f 971/1834/10 855/1835/10 858/1599/10
f 971/1834/10 941/1836/10 962/1837/10
f 959/1838/10 961/1839/10 956/1840/10
f 959/1838/10 966/1841/10 964/1842/10
f 964/1842/10 962/1837/10 959/1838/10
f 958/1833/32 967/1843/32 968/1844/32
f 970/1845/32 856/1846/32 965/1832/32
f 970/1845/32 940/1847/32 939/1760/32
f 958/1833/32 960/1848/32 963/1831/32
f 979/1849/10 973/1850/10 972/1851/10
f 973/1852/29 975/1853/29 972/1854/29
f 974/1855/32 977/1856/32 975/1857/32
f 976/1858/167 979/1859/37 977/1860/37
f 980/1861/10 982/1862/10 981/1863/10
f 982/1864/70 984/1865/100 981/1866/100
f 983/1867/32 985/1868/32 984/1869/32
f 986/1870/68 980/1871/101 985/1872/101
f 987/1873/10 804/1874/10 982/1862/10
f 804/1520/41 983/1875/70 982/1864/70
f 807/1876/32 986/1877/32 983/1867/32
f 808/1523/43 987/1878/68 986/1870/68
f 991/1879/10 956/1840/10 961/1839/10
f 988/1880/64 957/1812/76 956/1814/76
f 957/1881/32 990/1882/32 960/1848/32
f 960/1817/78 991/1883/62 961/1815/78
f 995/1884/10 988/1885/10 991/1879/10
f 992/1886/102 989/1887/64 988/1880/64
f 989/1888/32 994/1889/32 990/1882/32
f 994/1890/103 991/1883/62 990/1891/62
f 996/1892/10 992/1893/10 995/1884/10
f 997/1894/37 993/1895/102 992/1886/102
f 993/1896/32 1089/1897/32 994/1889/32
f 969/1898/10 999/1899/10 966/1841/10
f 999/1900/48 967/1820/166 966/1821/166
f 1000/1901/32 968/1844/32 967/1843/32
f 1001/1902/46 969/1822/83 968/1824/83
f 1006/1903/10 999/1899/10 1002/1904/10
f 1003/1905/168 1000/1906/48 999/1907/48
f 1000/1901/32 1005/1908/32 1001/1909/32
f 1005/1910/90 1002/1911/46 1001/1912/46
f 1010/1913/10 1003/1914/10 1006/1903/10
f 1007/1915/93 1004/1916/168 1003/1905/168
f 1004/1917/32 1009/1918/32 1005/1908/32
f 1009/1919/106 1006/1920/90 1005/1910/90
f 1014/1921/10 1007/1922/10 1010/1913/10
f 1011/1923/169 1008/1924/93 1007/1915/93
f 1008/1925/32 1013/1926/32 1009/1918/32
f 1013/1927/170 1010/1928/106 1009/1919/106
f 1018/1929/10 1011/1930/10 1014/1921/10
f 1015/1931/171 1012/1932/169 1011/1923/169
f 1012/1933/32 1017/1934/32 1013/1926/32
f 1017/1935/172 1014/1936/170 1013/1927/170
f 1022/1937/10 1015/1938/10 1018/1929/10
f 1019/1939/173 1016/1940/171 1015/1931/171
f 1016/1941/32 1021/1942/32 1017/1934/32
f 1021/1943/174 1018/1944/172 1017/1935/172
f 1026/1945/10 1019/1946/10 1022/1937/10
f 1023/1947/175 1020/1948/173 1019/1939/173
f 1020/1949/32 1025/1950/32 1021/1942/32
f 1025/1951/176 1022/1952/174 1021/1943/174
f 1026/1945/10 1027/1953/10 1023/1954/10
f 1027/1955/177 1024/1956/175 1023/1947/175
f 1028/1957/32 1025/1950/32 1024/1958/32
f 1029/1959/178 1026/1960/176 1025/1951/176
f 1030/1961/10 1031/1962/10 1027/1953/10
f 1031/1963/179 1028/1964/177 1027/1955/177
f 1032/1965/32 1029/1966/32 1028/1957/32
f 1033/1967/180 1030/1968/178 1029/1959/178
f 1034/1969/10 1035/1970/10 1031/1962/10
f 1035/1971/95 1032/1972/179 1031/1963/179
f 1036/1973/32 1033/1974/32 1032/1965/32
f 1037/1975/98 1034/1976/180 1033/1967/180
f 1038/1977/10 1039/1978/10 1035/1970/10
f 1039/1979/53 1036/1980/95 1035/1971/95
f 1040/1981/32 1037/1982/32 1036/1973/32
f 1041/1983/51 1038/1984/98 1037/1975/98
f 1042/1985/10 1043/1986/10 1039/1978/10
f 1043/1987/52 1040/1988/53 1039/1979/53
f 1044/1989/32 1041/1990/32 1040/1981/32
f 1045/1991/50 1042/1992/51 1041/1983/51
f 901/1993/10 1043/1986/10 1046/1994/10
f 898/1684/57 1044/1995/52 1043/1996/52
f 1044/1989/32 900/1997/32 1045/1998/32
f 900/1687/139 1046/1999/50 1045/2000/50
f 1050/2001/10 85/102/10 89/2002/10
f 1047/2003/90 86/2004/46 85/2005/46
f 86/106/32 1049/2006/32 88/2007/32
f 1049/2008/91 89/2009/48 88/2010/48
f 1054/2011/10 1047/2012/10 1050/2001/10
f 1051/2013/92 1048/2014/90 1047/2003/90
f 1048/2015/32 1053/2016/32 1049/2006/32
f 1049/2008/91 1054/2017/93 1050/2018/91
f 1058/2019/10 1051/2020/10 1054/2011/10
f 1055/2021/170 1052/2022/92 1051/2013/92
f 1052/2023/32 1057/2024/32 1053/2016/32
f 1053/2025/93 1058/2026/169 1054/2017/93
f 1062/2027/10 1055/2028/10 1058/2019/10
f 1059/2029/172 1056/2030/170 1055/2021/170
f 1056/2031/32 1061/2032/32 1057/2024/32
f 1057/2033/169 1062/2034/171 1058/2026/169
f 1066/2035/10 1059/2036/10 1062/2027/10
f 1063/2037/174 1060/2038/172 1059/2029/172
f 1060/2039/32 1065/2040/32 1061/2032/32
f 1061/2041/171 1066/2042/173 1062/2034/171
f 1070/2043/10 1063/2044/10 1066/2035/10
f 1067/2045/176 1064/2046/174 1063/2037/174
f 1064/2047/32 1069/2048/32 1065/2040/32
f 1069/2049/175 1066/2042/173 1065/2050/173
f 1070/2043/10 1071/2051/10 1067/2052/10
f 1071/2053/178 1068/2054/176 1067/2045/176
f 1072/2055/32 1069/2048/32 1068/2056/32
f 1073/2057/177 1070/2058/175 1069/2049/175
f 1074/2059/10 1075/2060/10 1071/2051/10
f 1075/2061/180 1072/2062/178 1071/2053/178
f 1076/2063/32 1073/2064/32 1072/2055/32
f 1077/2065/179 1074/2066/177 1073/2057/177
f 1078/2067/10 1079/2068/10 1075/2060/10
f 1079/2069/94 1076/2070/180 1075/2061/180
f 1080/2071/32 1077/2072/32 1076/2063/32
f 1081/2073/95 1078/2074/179 1077/2065/179
f 1082/2075/10 91/114/10 1079/2068/10
f 91/117/51 1080/2076/94 1079/2069/94
f 94/120/32 1081/2077/32 1080/2071/32
f 95/123/53 1082/2078/95 1081/2073/95
f 1093/2079/10 1095/2080/181 1096/2081/182
f 1093/2079/10 1098/2082/183 1094/2083/184
f 1093/2079/10 1100/2084/185 1097/2085/186
f 1093/2079/10 1102/2086/187 1099/2087/188
f 1093/2079/10 1104/2088/189 1101/2089/190
f 1093/2079/10 1106/2090/191 1103/2091/192
f 1093/2079/10 1108/2092/193 1105/2093/194
f 1093/2079/10 1109/2094/195 1107/2095/196
f 1110/2096/197 1111/2097/21 1138/2098/197
f 1112/2099/198 1138/2098/197 1139/2100/198
f 1113/2101/199 1143/2102/200 1146/2103/199
f 1114/2104/14 1146/2103/199 1147/2105/14
f 1115/2106/201 1147/2105/14 1148/2107/201
f 1116/2108/202 1148/2107/201 1149/2109/203
f 1117/2110/204 1149/2111/203 1118/2112/205
f 1119/2113/206 1152/2114/207 1155/2115/206
f 1137/2116/21 1155/2115/206 1111/2097/21
f 1120/2117/32 1122/2118/208 1123/2119/209
f 1120/2117/32 1124/2120/210 1125/2121/211
f 1120/2117/32 1126/2122/212 1127/2123/213
f 1120/2117/32 1128/2124/214 1129/2125/215
f 1120/2117/32 1130/2126/216 1131/2127/217
f 1120/2117/32 1132/2128/218 1133/2129/219
f 1120/2117/32 1134/2130/220 1135/2131/221
f 1120/2117/32 1136/2132/222 1121/2133/223
f 1111/2134/224 1095/2080/181 1138/2135/225
f 1139/2136/226 1095/2080/181 1094/2083/184
f 1156/2137/227 1094/2083/184 1098/2082/183
f 1142/2138/228 1098/2082/183 1097/2085/186
f 1142/2138/228 1100/2084/185 1144/2139/229
f 1144/2139/229 1099/2087/188 1143/2140/230
f 1143/2140/230 1102/2086/187 1146/2141/231
f 1146/2141/231 1101/2089/190 1147/2142/232
f 1148/2143/233 1101/2089/190 1104/2088/189
f 1149/2144/234 1104/2088/189 1103/2091/192
f 1118/2145/235 1103/2091/192 1106/2090/191
f 1151/2146/236 1106/2090/191 1105/2093/194
f 1151/2146/236 1108/2092/193 1153/2147/237
f 1153/2147/237 1107/2095/196 1152/2148/238
f 1152/2148/238 1109/2094/195 1155/2149/239
f 1111/2134/224 1109/2094/195 1096/2081/182
f 1122/2118/208 1137/2150/240 1110/2151/241
f 1122/2118/208 1112/2152/242 1123/2119/209
f 1123/2119/209 1140/2153/243 1124/2120/210
f 1124/2120/210 1141/2154/244 1125/2121/211
f 1126/2122/212 1141/2154/244 1157/2155/245
f 1127/2123/213 1157/2155/245 1145/2156/246
f 1128/2124/214 1145/2156/246 1113/2157/247
f 1129/2125/215 1113/2157/247 1114/2158/248
f 1129/2125/215 1115/2159/249 1130/2126/216
f 1130/2126/216 1116/2160/250 1131/2127/217
f 1131/2127/217 1117/2161/251 1132/2128/218
f 1132/2128/218 1150/2162/252 1133/2129/219
f 1134/2130/220 1150/2162/252 1158/2163/253
f 1135/2131/221 1158/2163/253 1154/2164/254
f 1136/2132/222 1154/2164/254 1119/2165/255
f 1136/2132/222 1137/2150/240 1121/2133/223
f 947/1655/131 1159/2166/256 883/1656/131
f 947/1792/146 1161/2167/257 1160/2168/258
f 945/2169/259 1161/2167/257 949/1791/145
f 955/1784/142 1162/2170/260 945/2171/142
f 955/2172/261 1164/2173/262 1163/2174/263
f 883/2175/264 1164/2173/262 953/1803/157
f 951/2176/143 1165/2177/265 946/1787/143
f 951/1801/155 1167/2178/266 1166/2179/267
f 836/2180/268 1167/2178/266 952/1800/154
f 954/1570/116 1168/2181/269 836/1568/116
f 954/2182/270 1170/2183/271 1169/2184/272
f 946/2185/273 1170/2183/271 950/1794/148
f 1117/2186/274 1159/2166/256 1160/2187/275
f 1150/2162/252 1160/2168/276 1161/2167/277
f 1162/2188/278 1150/2162/252 1161/2167/277
f 1163/2189/279 1158/2190/280 1162/2170/260
f 1151/2146/236 1163/2174/281 1164/2173/282
f 1159/2191/283 1151/2146/236 1164/2173/282
f 1166/2192/284 1157/2193/285 1165/2177/265
f 1142/2138/286 1166/2179/287 1167/2178/288
f 1168/2194/289 1142/2138/286 1167/2178/288
f 1140/2195/290 1168/2181/269 1169/2196/269
f 1141/2154/291 1169/2184/292 1170/2183/293
f 1165/2197/294 1141/2154/291 1170/2183/293
f 1152/2198/207 1158/2199/295 1153/2200/295
f 1140/2201/296 1139/2202/198 1156/2203/297
f 1143/2204/200 1157/2205/298 1144/2206/298
f 1174/2207/299 695/2208/10 698/1296/10
f 695/1298/106 1172/2209/111 696/2210/106
f 696/2211/32 1173/2212/112 697/1301/32
f 697/2213/93 1174/2214/300 698/1302/93
f 1171/2215/111 1176/2216/114 1172/2209/111
f 1173/2217/300 1208/2218/115 1174/2214/300
f 1178/2219/116 1180/2220/117 1209/2221/116
f 1184/2222/301 700/1306/10 1181/2223/119
f 1181/2224/120 703/1308/98 1182/2225/120
f 703/1312/32 1183/2226/121 1182/2227/122
f 1183/2228/302 699/1314/95 1184/2229/302
f 1188/2230/124 727/2231/10 730/1359/10
f 727/1361/93 1186/2232/125 728/2233/93
f 728/2234/32 1187/2235/303 729/1364/32
f 1187/2236/304 730/2237/106 729/1365/106
f 1189/2238/128 1186/2232/125 1185/2239/125
f 1204/2240/129 1188/2241/304 1187/2236/304
f 1192/2242/131 1194/2243/130 1201/2244/131
f 1198/2245/305 732/1369/10 1195/2246/133
f 1195/2247/134 735/1371/95 1196/2248/134
f 735/1375/32 1197/2249/135 1196/2250/136
f 736/1378/98 1198/2251/306 1197/2252/306
f 1204/2253/140 1184/2229/302 1191/2254/140
f 1177/2255/307 1198/2251/306 1208/2256/141
f 1210/2257/142 1176/2216/114 1175/2258/114
f 1195/2247/134 1194/2243/130 1193/2259/130
f 1205/2260/143 1190/2261/128 1189/2238/128
f 1181/2224/120 1180/2220/117 1179/2262/117
f 1194/2263/144 1202/2264/145 1201/2265/146
f 1190/2266/147 1203/2267/148 1204/2268/149
f 1204/2268/149 1182/2227/122 1183/2226/121
f 1186/2269/150 1204/2268/149 1187/2235/303
f 1172/2270/151 1177/2271/152 1173/2212/112
f 1177/2271/152 1196/2250/136 1197/2249/135
f 1189/2272/308 1206/2273/154 1205/2274/155
f 1193/2275/156 1207/2276/309 1208/2277/158
f 1208/2277/158 1195/2246/133 1193/2275/156
f 1185/2278/159 1191/2279/160 1189/2272/308
f 1191/2279/160 1181/2223/119 1179/2280/161
f 1171/2281/162 1208/2277/158 1175/2282/163
f 1176/2283/164 1202/2264/145 1177/2271/152
f 1203/2267/148 1180/2284/165 1204/2268/149
f 1179/2280/161 1206/2273/154 1191/2279/160
f 1207/2276/309 1175/2282/163 1208/2277/158
f 1211/2285/10 1213/2286/181 1214/2287/182
f 1211/2285/10 1216/2288/183 1212/2289/310
f 1211/2285/10 1218/2290/185 1215/2291/186
f 1211/2285/10 1220/2292/187 1217/2293/188
f 1211/2285/10 1222/2294/189 1219/2295/190
f 1211/2285/10 1224/2296/191 1221/2297/192
f 1211/2285/10 1226/2298/193 1223/2299/194
f 1211/2285/10 1227/2300/195 1225/2301/196
f 1256/2302/197 1255/2303/21 1229/2304/21
f 1230/2305/198 1256/2302/197 1257/2306/198
f 1231/2307/199 1261/2308/200 1264/2309/199
f 1232/2310/14 1264/2309/199 1265/2311/14
f 1233/2312/201 1265/2311/14 1266/2313/201
f 1234/2314/202 1266/2313/201 1267/2315/203
f 1235/2316/204 1267/2317/203 1236/2318/205
f 1273/2319/206 1272/2320/311 1270/2321/312
f 1255/2303/21 1273/2319/206 1229/2304/21
f 1238/2322/32 1240/2323/208 1241/2324/209
f 1238/2322/32 1242/2325/210 1243/2326/211
f 1238/2322/32 1244/2327/212 1245/2328/213
f 1238/2322/32 1246/2329/214 1247/2330/215
f 1238/2322/32 1248/2331/216 1249/2332/313
f 1238/2322/32 1250/2333/218 1251/2334/219
f 1238/2322/32 1252/2335/220 1253/2336/221
f 1238/2322/32 1254/2337/222 1239/2338/223
f 1256/2339/225 1214/2287/182 1213/2286/181
f 1257/2340/226 1213/2286/181 1212/2289/310
f 1274/2341/227 1212/2289/310 1216/2288/183
f 1260/2342/228 1216/2288/183 1215/2291/186
f 1260/2342/228 1218/2290/185 1262/2343/229
f 1262/2343/229 1217/2293/188 1261/2344/230
f 1264/2345/231 1217/2293/188 1220/2292/187
f 1265/2346/232 1220/2292/187 1219/2295/190
f 1266/2347/233 1219/2295/190 1222/2294/189
f 1266/2347/233 1221/2297/192 1267/2348/234
f 1236/2349/235 1221/2297/192 1224/2296/191
f 1269/2350/236 1224/2296/191 1223/2299/194
f 1269/2350/236 1226/2298/193 1271/2351/314
f 1271/2351/314 1225/2301/196 1270/2352/238
f 1273/2353/239 1225/2301/196 1227/2300/195
f 1273/2353/239 1214/2287/182 1229/2354/224
f 1239/2338/223 1228/2355/241 1240/2323/208
f 1240/2323/208 1230/2356/242 1241/2324/209
f 1241/2324/209 1258/2357/243 1242/2325/210
f 1242/2325/210 1259/2358/244 1243/2326/211
f 1244/2327/212 1259/2358/244 1275/2359/245
f 1245/2328/213 1275/2359/245 1263/2360/246
f 1245/2328/213 1231/2361/315 1246/2329/214
f 1246/2329/214 1232/2362/248 1247/2330/215
f 1247/2330/215 1233/2363/316 1248/2331/216
f 1249/2332/313 1233/2363/316 1234/2364/317
f 1249/2332/313 1235/2365/251 1250/2333/218
f 1250/2333/218 1268/2366/252 1251/2334/219
f 1252/2335/220 1268/2366/252 1276/2367/253
f 1253/2336/221 1276/2367/253 1272/2368/318
f 1253/2336/221 1237/2369/255 1254/2337/222
f 1239/2338/223 1237/2369/255 1255/2370/240
f 1192/2242/131 1278/2371/275 1277/2372/256
f 1201/2265/146 1279/2373/257 1278/2374/258
f 1199/2375/319 1279/2373/257 1202/2264/145
f 1210/2257/142 1280/2376/320 1199/2377/142
f 1210/2378/261 1282/2379/262 1281/2380/263
f 1192/2381/264 1282/2379/262 1207/2276/309
f 1205/2260/143 1283/2382/321 1200/2383/143
f 1205/2274/155 1285/2384/266 1284/2385/267
f 1178/2386/268 1285/2384/266 1206/2273/154
f 1209/2221/116 1286/2387/322 1178/2219/116
f 1209/2388/270 1288/2389/271 1287/2390/323
f 1200/2391/273 1288/2389/271 1203/2267/148
f 1235/2392/274 1277/2372/256 1278/2371/275
f 1268/2366/252 1278/2374/276 1279/2373/277
f 1280/2393/278 1268/2366/252 1279/2373/277
f 1281/2394/324 1276/2395/325 1280/2376/320
f 1269/2350/236 1281/2380/326 1282/2379/327
f 1277/2396/328 1269/2350/236 1282/2379/327
f 1284/2397/329 1275/2398/330 1283/2382/321
f 1260/2342/331 1284/2385/332 1285/2384/333
f 1286/2399/334 1260/2342/331 1285/2384/333
f 1258/2400/290 1286/2387/322 1287/2401/269
f 1259/2358/335 1287/2390/292 1288/2389/336
f 1283/2402/337 1259/2358/335 1288/2389/336
f 1270/2403/312 1276/2404/295 1271/2405/295
f 1258/2406/296 1257/2407/198 1274/2408/296
f 1261/2409/200 1275/2410/298 1262/2411/298
f 1292/2412/299 567/2413/10 570/1042/10
f 1289/2414/111 568/2415/106 567/1044/106
f 568/2416/32 1291/2417/112 569/1047/32
f 1291/2418/113 570/2419/93 569/1048/93
f 1293/2420/114 1290/2421/111 1289/2414/111
f 1295/2422/115 1292/2423/113 1291/2418/113
f 1298/2424/117 1327/2425/116 1297/2426/116
f 1303/2427/301 572/1052/10 1300/2428/119
f 572/1055/98 1301/2429/120 1300/2430/120
f 575/1058/32 1302/2431/121 1301/2432/122
f 1302/2433/302 571/1061/95 1303/2434/123
f 1307/2435/124 599/2436/10 602/1105/10
f 1304/2437/125 600/2438/93 599/1107/93
f 600/2439/32 1306/2440/303 601/1110/32
f 601/1111/106 1307/2441/127 602/2442/106
f 1304/2437/125 1309/2443/128 1305/2444/125
f 1310/2445/129 1307/2441/127 1306/2446/304
f 1313/2447/130 1321/2448/131 1312/2449/131
f 1318/2450/305 604/1115/10 1315/2451/133
f 1315/2452/134 607/1117/95 1316/2453/134
f 607/1121/32 1317/2454/135 1316/2455/136
f 1317/2456/137 603/1123/98 1318/2457/137
f 1302/2433/302 1311/2458/140 1310/2459/140
f 1317/2456/137 1296/2460/141 1295/2461/141
f 1328/2462/142 1294/2463/114 1293/2420/114
f 1315/2452/134 1314/2464/130 1313/2447/130
f 1324/2465/338 1309/2443/128 1308/2466/128
f 1300/2430/120 1299/2467/117 1298/2424/117
f 1314/2468/339 1322/2469/340 1321/2470/146
f 1309/2471/147 1323/2472/148 1310/2473/149
f 1310/2473/149 1301/2432/122 1302/2431/121
f 1305/2474/150 1310/2473/149 1306/2440/303
f 1290/2475/151 1295/2476/152 1291/2417/112
f 1295/2476/152 1316/2455/136 1317/2454/135
f 1308/2477/153 1325/2478/154 1324/2479/155
f 1313/2480/156 1326/2481/309 1296/2482/158
f 1296/2482/158 1315/2451/133 1313/2480/156
f 1304/2483/159 1311/2484/160 1308/2477/153
f 1311/2484/160 1300/2428/119 1298/2485/161
f 1289/2486/162 1296/2482/158 1293/2487/163
f 1294/2488/164 1322/2469/340 1295/2476/152
f 1323/2472/148 1299/2489/165 1310/2473/149
f 1298/2485/161 1325/2478/154 1311/2484/160
f 1326/2481/309 1293/2487/163 1296/2482/158
f 1329/2490/10 1331/2491/181 1332/2492/182
f 1329/2490/10 1334/2493/183 1330/2494/184
f 1329/2490/10 1336/2495/185 1333/2496/186
f 1329/2490/10 1338/2497/187 1335/2498/188
f 1329/2490/10 1340/2499/189 1337/2500/190
f 1329/2490/10 1342/2501/191 1339/2502/192
f 1329/2490/10 1344/2503/193 1341/2504/194
f 1329/2490/10 1345/2505/195 1343/2506/196
f 1346/2507/197 1347/2508/21 1374/2509/197
f 1375/2510/198 1346/2507/197 1374/2509/197
f 1349/2511/199 1379/2512/341 1382/2513/199
f 1350/2514/14 1382/2513/199 1383/2515/14
f 1351/2516/201 1383/2515/14 1384/2517/201
f 1352/2518/202 1384/2517/201 1385/2519/203
f 1353/2520/204 1385/2521/203 1354/2522/205
f 1355/2523/206 1388/2524/207 1391/2525/206
f 1373/2526/21 1391/2525/206 1347/2508/21
f 1356/2527/32 1358/2528/208 1359/2529/209
f 1356/2527/32 1360/2530/210 1361/2531/211
f 1356/2527/32 1362/2532/212 1363/2533/342
f 1356/2527/32 1364/2534/214 1365/2535/215
f 1356/2527/32 1366/2536/216 1367/2537/313
f 1356/2527/32 1368/2538/218 1369/2539/219
f 1356/2527/32 1370/2540/220 1371/2541/221
f 1356/2527/32 1372/2542/222 1357/2543/223
f 1374/2544/343 1332/2492/182 1331/2491/181
f 1374/2544/343 1330/2494/184 1375/2545/226
f 1392/2546/227 1330/2494/184 1334/2493/183
f 1378/2547/228 1334/2493/183 1333/2496/186
f 1378/2547/228 1336/2495/185 1380/2548/344
f 1380/2548/344 1335/2498/188 1379/2549/230
f 1382/2550/345 1335/2498/188 1338/2497/187
f 1382/2550/345 1337/2500/190 1383/2551/232
f 1384/2552/346 1337/2500/190 1340/2499/189
f 1384/2552/346 1339/2502/192 1385/2553/347
f 1354/2554/235 1339/2502/192 1342/2501/191
f 1387/2555/236 1342/2501/191 1341/2504/194
f 1387/2555/236 1344/2503/193 1389/2556/314
f 1389/2556/314 1343/2506/196 1388/2557/238
f 1391/2558/348 1343/2506/196 1345/2505/195
f 1391/2558/348 1332/2492/182 1347/2559/224
f 1358/2528/208 1373/2560/240 1346/2561/349
f 1359/2529/209 1346/2561/349 1348/2562/242
f 1359/2529/209 1376/2563/243 1360/2530/210
f 1360/2530/210 1377/2564/244 1361/2531/211
f 1362/2532/212 1377/2564/244 1393/2565/245
f 1363/2533/342 1393/2565/245 1381/2566/246
f 1363/2533/342 1349/2567/315 1364/2534/214
f 1365/2535/215 1349/2567/315 1350/2568/248
f 1365/2535/215 1351/2569/316 1366/2536/216
f 1367/2537/313 1351/2569/316 1352/2570/317
f 1367/2537/313 1353/2571/251 1368/2538/218
f 1368/2538/218 1386/2572/252 1369/2539/219
f 1370/2540/220 1386/2572/252 1394/2573/253
f 1371/2541/221 1394/2573/253 1390/2574/350
f 1371/2541/221 1355/2575/351 1372/2542/222
f 1357/2543/223 1355/2575/351 1373/2560/240
f 1321/2448/131 1395/2576/256 1312/2449/131
f 1321/2470/146 1397/2577/352 1396/2578/353
f 1319/2579/259 1397/2577/352 1322/2469/340
f 1328/2462/142 1398/2580/320 1319/2581/142
f 1328/2582/261 1400/2583/262 1399/2584/263
f 1312/2585/264 1400/2583/262 1326/2481/309
f 1324/2465/338 1401/2586/321 1320/2587/338
f 1324/2479/155 1403/2588/266 1402/2589/267
f 1297/2590/268 1403/2588/266 1325/2478/154
f 1327/2425/116 1404/2591/322 1297/2426/116
f 1327/2592/270 1406/2593/271 1405/2594/323
f 1320/2595/273 1406/2593/271 1323/2472/148
f 1353/2596/274 1395/2576/256 1396/2597/275
f 1386/2572/252 1396/2578/354 1397/2577/277
f 1398/2598/278 1386/2572/252 1397/2577/277
f 1399/2599/324 1394/2600/325 1398/2580/320
f 1387/2555/236 1399/2584/326 1400/2583/282
f 1395/2601/283 1387/2555/236 1400/2583/282
f 1402/2602/329 1393/2603/330 1401/2586/321
f 1378/2547/355 1402/2589/356 1403/2588/357
f 1404/2604/334 1378/2547/355 1403/2588/357
f 1376/2605/290 1404/2591/322 1405/2606/269
f 1377/2564/358 1405/2594/292 1406/2593/359
f 1401/2607/337 1377/2564/358 1406/2593/359
f 1388/2608/207 1394/2609/295 1389/2610/295
f 1376/2611/296 1375/2612/198 1392/2613/296
f 1379/2614/341 1393/2615/298 1380/2616/298
f 1410/2617/299 439/2618/10 442/788/10
f 1407/2619/111 440/2620/106 439/790/92
f 440/2621/32 1409/2622/112 441/793/32
f 441/2623/93 1410/2624/300 442/794/93
f 1411/2625/360 1408/2626/111 1407/2619/111
f 1413/2627/115 1410/2624/300 1409/2628/300
f 1416/2629/361 1445/2630/116 1415/2631/116
f 1421/2632/301 444/798/10 1418/2633/119
f 444/801/94 1419/2634/120 1418/2635/120
f 447/804/32 1420/2636/121 1419/2637/122
f 448/807/95 1421/2638/302 1420/2639/302
f 1425/2640/124 471/2641/10 474/851/10
f 471/2642/93 1423/2643/125 472/854/93
f 472/2644/32 1424/2645/303 473/856/32
f 1424/2646/304 474/2647/106 473/857/106
f 1426/2648/128 1423/2643/125 1422/2649/125
f 1428/2650/129 1425/2651/304 1424/2646/304
f 1430/2652/131 1432/2653/362 1439/2654/131
f 1436/2655/305 476/861/10 1433/2656/133
f 1433/2657/134 479/863/95 1434/2658/134
f 479/867/32 1435/2659/135 1434/2660/136
f 1435/2661/306 475/869/98 1436/2662/306
f 1428/2663/140 1421/2638/302 1429/2664/140
f 1435/2661/306 1414/2665/141 1413/2666/141
f 1446/2667/142 1412/2668/360 1411/2625/360
f 1431/2669/362 1434/2658/134 1432/2653/362
f 1442/2670/143 1427/2671/128 1426/2648/128
f 1418/2635/120 1417/2672/361 1416/2629/361
f 1432/2673/339 1440/2674/340 1439/2675/146
f 1427/2676/363 1441/2677/148 1428/2678/149
f 1428/2678/149 1419/2637/122 1420/2636/121
f 1423/2679/150 1428/2678/149 1424/2645/303
f 1408/2680/151 1413/2681/152 1409/2622/112
f 1413/2681/152 1434/2660/136 1435/2659/135
f 1426/2682/153 1443/2683/154 1442/2684/155
f 1431/2685/364 1444/2686/309 1414/2687/158
f 1414/2687/158 1433/2656/133 1431/2685/364
f 1422/2688/159 1429/2689/160 1426/2682/153
f 1429/2689/160 1418/2633/119 1416/2690/161
f 1407/2691/162 1414/2687/158 1411/2692/365
f 1412/2693/164 1440/2674/340 1413/2681/152
f 1441/2677/148 1417/2694/165 1428/2678/149
f 1416/2690/161 1443/2683/154 1429/2689/160
f 1444/2686/309 1411/2692/365 1414/2687/158
f 1447/2695/10 1449/2696/181 1450/2697/182
f 1447/2695/10 1452/2698/183 1448/2699/184
f 1447/2695/10 1454/2700/185 1451/2701/186
f 1447/2695/10 1456/2702/187 1453/2703/188
f 1447/2695/10 1458/2704/189 1455/2705/190
f 1447/2695/10 1460/2706/191 1457/2707/192
f 1447/2695/10 1462/2708/193 1459/2709/194
f 1447/2695/10 1463/2710/195 1461/2711/196
f 1492/2712/197 1491/2713/21 1465/2714/21
f 1466/2715/198 1492/2712/197 1493/2716/198
f 1467/2717/199 1497/2718/341 1500/2719/199
f 1468/2720/14 1500/2719/199 1501/2721/14
f 1469/2722/201 1501/2721/14 1502/2723/201
f 1470/2724/202 1502/2723/201 1503/2725/203
f 1471/2726/204 1503/2727/203 1472/2728/205
f 1509/2729/366 1508/2730/311 1506/2731/312
f 1465/2714/21 1473/2732/366 1509/2729/366
f 1474/2733/32 1476/2734/208 1477/2735/209
f 1474/2733/32 1478/2736/210 1479/2737/211
f 1474/2733/32 1480/2738/212 1481/2739/213
f 1474/2733/32 1482/2740/214 1483/2741/215
f 1474/2733/32 1484/2742/216 1485/2743/367
f 1474/2733/32 1486/2744/218 1487/2745/219
f 1474/2733/32 1488/2746/220 1489/2747/221
f 1474/2733/32 1490/2748/222 1475/2749/223
f 1465/2750/224 1449/2696/181 1492/2751/343
f 1493/2752/226 1449/2696/181 1448/2699/184
f 1510/2753/227 1448/2699/184 1452/2698/183
f 1496/2754/228 1452/2698/183 1451/2701/186
f 1496/2754/228 1454/2700/185 1498/2755/368
f 1498/2755/368 1453/2703/188 1497/2756/230
f 1497/2756/230 1456/2702/187 1500/2757/345
f 1501/2758/232 1456/2702/187 1455/2705/190
f 1501/2758/232 1458/2704/189 1502/2759/346
f 1503/2760/347 1458/2704/189 1457/2707/192
f 1472/2761/235 1457/2707/192 1460/2706/191
f 1505/2762/236 1460/2706/191 1459/2709/194
f 1505/2762/236 1462/2708/193 1507/2763/314
f 1507/2763/314 1461/2711/196 1506/2764/238
f 1506/2764/238 1463/2710/195 1509/2765/348
f 1465/2750/224 1463/2710/195 1450/2697/182
f 1476/2734/208 1491/2766/240 1464/2767/349
f 1476/2734/208 1466/2768/242 1477/2735/209
f 1477/2735/209 1494/2769/243 1478/2736/210
f 1478/2736/210 1495/2770/244 1479/2737/211
f 1480/2738/212 1495/2770/244 1511/2771/245
f 1481/2739/213 1511/2771/245 1499/2772/246
f 1482/2740/214 1499/2772/246 1467/2773/315
f 1482/2740/214 1468/2774/248 1483/2741/215
f 1484/2742/216 1468/2774/248 1469/2775/316
f 1484/2742/216 1470/2776/250 1485/2743/367
f 1485/2743/367 1471/2777/251 1486/2744/218
f 1486/2744/218 1504/2778/369 1487/2745/219
f 1488/2746/220 1504/2778/369 1512/2779/253
f 1489/2747/221 1512/2779/253 1508/2780/254
f 1490/2748/222 1508/2780/254 1473/2781/351
f 1490/2748/222 1491/2766/240 1475/2749/223
f 1439/2654/131 1513/2782/256 1430/2652/131
f 1439/2675/146 1515/2783/352 1514/2784/258
f 1437/2785/319 1515/2783/352 1440/2674/340
f 1446/2667/142 1516/2786/320 1437/2787/142
f 1446/2788/261 1518/2789/262 1517/2790/263
f 1430/2791/264 1518/2789/262 1444/2686/309
f 1438/2792/143 1520/2793/329 1519/2794/321
f 1442/2684/155 1521/2795/266 1520/2796/267
f 1415/2797/268 1521/2795/266 1443/2683/154
f 1415/2631/116 1523/2798/269 1522/2799/322
f 1445/2800/270 1524/2801/271 1523/2802/323
f 1438/2803/273 1524/2801/271 1441/2677/148
f 1471/2804/274 1513/2782/256 1514/2805/275
f 1504/2778/369 1514/2784/354 1515/2783/370
f 1516/2806/278 1504/2778/369 1515/2783/370
f 1517/2807/324 1512/2808/325 1516/2786/320
f 1505/2762/236 1517/2790/326 1518/2789/282
f 1513/2809/283 1505/2762/236 1518/2789/282
f 1520/2793/329 1511/2810/330 1519/2794/321
f 1496/2754/286 1520/2796/332 1521/2795/288
f 1522/2811/334 1496/2754/286 1521/2795/288
f 1494/2812/290 1522/2799/322 1523/2798/269
f 1495/2770/335 1523/2802/371 1524/2801/336
f 1519/2813/372 1495/2770/335 1524/2801/336
f 1506/2814/312 1512/2815/295 1507/2816/295
f 1494/2817/297 1493/2818/198 1510/2819/297
f 1497/2820/341 1511/2821/298 1498/2822/298
f 1528/2823/299 311/2824/10 314/534/10
f 311/536/106 1526/2825/111 312/2826/106
f 312/2827/32 1527/2828/112 313/539/32
f 1527/2829/300 314/2830/93 313/540/93
f 1525/2831/111 1530/2832/360 1526/2825/111
f 1531/2833/115 1528/2834/300 1527/2829/300
f 1534/2835/361 1563/2836/116 1533/2837/116
f 1539/2838/301 316/544/10 1536/2839/119
f 316/547/98 1537/2840/120 1536/2841/120
f 319/550/32 1538/2842/121 1537/2843/122
f 1538/2844/302 315/552/95 1539/2845/302
f 1543/2846/124 343/2847/10 346/597/10
f 1540/2848/125 344/2849/93 343/599/97
f 344/2850/32 1542/2851/303 345/602/32
f 1542/2852/304 346/2853/106 345/603/106
f 1544/2854/373 1541/2855/125 1540/2848/125
f 1546/2856/129 1543/2857/304 1542/2852/304
f 1549/2858/362 1557/2859/131 1548/2860/131
f 1554/2861/305 348/607/10 1551/2862/133
f 348/610/95 1552/2863/134 1551/2864/134
f 351/613/32 1553/2865/135 1552/2866/136
f 1553/2867/306 347/615/98 1554/2868/306
f 1546/2869/140 1539/2845/302 1547/2870/140
f 1531/2871/307 1554/2868/306 1532/2872/141
f 1564/2873/142 1530/2832/360 1529/2874/360
f 1551/2864/134 1550/2875/362 1549/2858/362
f 1560/2876/143 1545/2877/373 1544/2854/373
f 1536/2841/120 1535/2878/361 1534/2835/361
f 1550/2879/339 1558/2880/340 1557/2881/146
f 1545/2882/363 1559/2883/148 1546/2884/149
f 1546/2884/149 1537/2843/122 1538/2842/121
f 1541/2885/150 1546/2884/149 1542/2851/303
f 1526/2886/151 1531/2887/152 1527/2828/112
f 1531/2887/152 1552/2866/136 1553/2865/135
f 1544/2888/308 1561/2889/154 1560/2890/155
f 1549/2891/364 1562/2892/309 1532/2893/158
f 1532/2893/158 1551/2862/133 1549/2891/364
f 1540/2894/159 1547/2895/160 1544/2888/308
f 1547/2895/160 1536/2839/119 1534/2896/374
f 1525/2897/162 1532/2893/158 1529/2898/365
f 1530/2899/164 1558/2880/340 1531/2887/152
f 1559/2883/148 1535/2900/165 1546/2884/149
f 1534/2896/374 1561/2889/154 1547/2895/160
f 1562/2892/309 1529/2898/365 1532/2893/158
f 1565/2901/10 1567/2902/181 1568/2903/182
f 1565/2901/10 1570/2904/183 1566/2905/184
f 1565/2901/10 1572/2906/185 1569/2907/186
f 1565/2901/10 1574/2908/187 1571/2909/188
f 1565/2901/10 1576/2910/189 1573/2911/190
f 1565/2901/10 1578/2912/191 1575/2913/192
f 1565/2901/10 1580/2914/193 1577/2915/194
f 1565/2901/10 1581/2916/195 1579/2917/196
f 1582/2918/197 1583/2919/21 1610/2920/197
f 1584/2921/198 1610/2920/197 1611/2922/198
f 1585/2923/199 1615/2924/341 1618/2925/199
f 1586/2926/14 1618/2925/199 1619/2927/14
f 1587/2928/201 1619/2927/14 1620/2929/201
f 1588/2930/202 1620/2929/201 1621/2931/203
f 1589/2932/204 1621/2933/203 1590/2934/205
f 1627/2935/206 1626/2936/312 1624/2937/207
f 1609/2938/21 1627/2935/206 1583/2919/21
f 1592/2939/32 1594/2940/208 1595/2941/209
f 1592/2939/32 1596/2942/210 1597/2943/211
f 1592/2939/32 1598/2944/212 1599/2945/213
f 1592/2939/32 1600/2946/214 1601/2947/215
f 1592/2939/32 1602/2948/216 1603/2949/367
f 1592/2939/32 1604/2950/218 1605/2951/219
f 1592/2939/32 1606/2952/220 1607/2953/221
f 1592/2939/32 1608/2954/222 1593/2955/223
f 1583/2956/224 1567/2902/181 1610/2957/343
f 1611/2958/226 1567/2902/181 1566/2905/184
f 1628/2959/227 1566/2905/184 1570/2904/183
f 1614/2960/228 1570/2904/183 1569/2907/186
f 1614/2960/228 1572/2906/185 1616/2961/368
f 1616/2961/368 1571/2909/188 1615/2962/230
f 1615/2962/230 1574/2908/187 1618/2963/345
f 1619/2964/232 1574/2908/187 1573/2911/190
f 1619/2964/232 1576/2910/189 1620/2965/346
f 1621/2966/347 1576/2910/189 1575/2913/192
f 1590/2967/235 1575/2913/192 1578/2912/191
f 1623/2968/236 1578/2912/191 1577/2915/194
f 1623/2968/236 1580/2914/193 1625/2969/314
f 1625/2969/314 1579/2917/196 1624/2970/238
f 1624/2970/238 1581/2916/195 1627/2971/348
f 1583/2956/224 1581/2916/195 1568/2903/182
f 1594/2940/208 1609/2972/240 1582/2973/349
f 1594/2940/208 1584/2974/242 1595/2941/209
f 1595/2941/209 1612/2975/243 1596/2942/210
f 1596/2942/210 1613/2976/244 1597/2943/211
f 1598/2944/212 1613/2976/244 1629/2977/245
f 1599/2945/213 1629/2977/245 1617/2978/246
f 1600/2946/214 1617/2978/246 1585/2979/315
f 1600/2946/214 1586/2980/248 1601/2947/215
f 1602/2948/216 1586/2980/248 1587/2981/316
f 1602/2948/216 1588/2982/317 1603/2949/367
f 1603/2949/367 1589/2983/251 1604/2950/218
f 1604/2950/218 1622/2984/252 1605/2951/219
f 1606/2952/220 1622/2984/252 1630/2985/253
f 1607/2953/221 1630/2985/253 1626/2986/254
f 1608/2954/222 1626/2986/254 1591/2987/351
f 1608/2954/222 1609/2972/240 1593/2955/223
f 1557/2859/131 1631/2988/375 1548/2860/131
f 1557/2881/146 1633/2989/352 1632/2990/353
f 1555/2991/319 1633/2989/352 1558/2880/340
f 1555/2992/142 1635/2993/324 1634/2994/320
f 1564/2995/261 1636/2996/262 1635/2997/263
f 1548/2998/264 1636/2996/262 1562/2892/309
f 1556/2999/143 1638/3000/329 1637/3001/321
f 1560/2890/155 1639/3002/266 1638/3003/267
f 1533/3004/268 1639/3002/266 1561/2889/154
f 1563/2836/116 1640/3005/322 1533/2837/116
f 1563/3006/270 1642/3007/271 1641/3008/323
f 1556/3009/273 1642/3007/271 1559/2883/148
f 1589/3010/376 1631/2988/375 1632/3011/377
f 1622/2984/252 1632/2990/378 1633/2989/277
f 1634/3012/278 1622/2984/252 1633/2989/277
f 1635/2993/324 1630/3013/325 1634/2994/320
f 1623/2968/236 1635/2997/326 1636/2996/282
f 1631/3014/283 1623/2968/236 1636/2996/282
f 1638/3000/329 1629/3015/330 1637/3001/321
f 1614/2960/286 1638/3003/379 1639/3002/288
f 1640/3016/334 1614/2960/286 1639/3002/288
f 1612/3017/290 1640/3005/322 1641/3018/269
f 1613/2976/380 1641/3008/292 1642/3007/381
f 1637/3019/372 1613/2976/380 1642/3007/381
f 1624/3020/207 1630/3021/382 1625/3022/382
f 1612/3023/383 1611/3024/198 1628/3025/297
f 1615/3026/341 1629/3027/298 1616/3028/298
f 1646/3029/299 183/3030/10 186/280/10
f 1643/3031/111 184/3032/106 183/282/92
f 184/3033/32 1645/3034/112 185/285/32
f 1645/3035/300 186/3036/93 185/286/93
f 1647/3037/360 1644/3038/111 1643/3031/111
f 1649/3039/115 1646/3040/300 1645/3035/300
f 1651/3041/116 1653/3042/361 1681/3043/116
f 1657/3044/301 188/290/10 1654/3045/119
f 188/293/94 1655/3046/120 1654/3047/120
f 191/296/32 1656/3048/121 1655/3049/122
f 1656/3050/302 187/298/95 1657/3051/302
f 1661/3052/124 215/3053/10 218/343/10
f 1658/3054/125 216/3055/93 215/345/97
f 216/3056/32 1660/3057/303 217/348/32
f 1660/3058/304 218/3059/92 217/349/92
f 1662/3060/373 1659/3061/125 1658/3054/125
f 1664/3062/129 1661/3063/304 1660/3058/304
f 1666/3064/131 1668/3065/362 1675/3066/131
f 1672/3067/305 220/353/10 1669/3068/133
f 1669/3069/134 223/355/95 1670/3070/134
f 223/359/32 1671/3071/135 1670/3072/136
f 1671/3073/306 219/361/98 1672/3074/306
f 1664/3075/140 1657/3051/302 1665/3076/140
f 1649/3077/307 1672/3074/306 1650/3078/141
f 1682/3079/142 1648/3080/360 1647/3037/360
f 1669/3069/134 1668/3065/362 1667/3081/362
f 1678/3082/143 1663/3083/373 1662/3060/373
f 1654/3047/120 1653/3042/361 1652/3084/361
f 1668/3085/339 1676/3086/340 1675/3087/146
f 1663/3088/363 1677/3089/148 1664/3090/149
f 1664/3090/149 1655/3049/122 1656/3048/121
f 1659/3091/150 1664/3090/149 1660/3057/303
f 1644/3092/151 1649/3093/152 1645/3034/112
f 1649/3093/152 1670/3072/136 1671/3071/135
f 1662/3094/308 1679/3095/154 1678/3096/155
f 1667/3097/364 1680/3098/309 1650/3099/158
f 1650/3099/158 1669/3068/133 1667/3097/364
f 1658/3100/159 1665/3101/160 1662/3094/308
f 1665/3101/160 1654/3045/119 1652/3102/374
f 1643/3103/162 1650/3099/158 1647/3104/365
f 1648/3105/164 1676/3086/340 1649/3093/152
f 1677/3089/148 1653/3106/165 1664/3090/149
f 1652/3102/374 1679/3095/154 1665/3101/160
f 1680/3098/309 1647/3104/365 1650/3099/158
f 1683/3107/10 1685/3108/181 1686/3109/182
f 1683/3107/10 1688/3110/183 1684/3111/184
f 1683/3107/10 1690/3112/185 1687/3113/186
f 1683/3107/10 1692/3114/187 1689/3115/188
f 1683/3107/10 1694/3116/189 1691/3117/190
f 1683/3107/10 1696/3118/191 1693/3119/192
f 1683/3107/10 1698/3120/193 1695/3121/194
f 1683/3107/10 1699/3122/195 1697/3123/196
f 1728/3124/197 1727/3125/21 1701/3126/21
f 1702/3127/198 1728/3124/197 1729/3128/198
f 1703/3129/199 1733/3130/341 1736/3131/199
f 1704/3132/14 1736/3131/199 1737/3133/14
f 1705/3134/201 1737/3133/14 1738/3135/201
f 1706/3136/202 1738/3135/201 1739/3137/203
f 1707/3138/204 1739/3139/203 1708/3140/205
f 1745/3141/206 1744/3142/312 1742/3143/207
f 1701/3126/21 1709/3144/206 1745/3141/206
f 1710/3145/32 1712/3146/208 1713/3147/209
f 1710/3145/32 1714/3148/210 1715/3149/211
f 1710/3145/32 1716/3150/212 1717/3151/213
f 1710/3145/32 1718/3152/214 1719/3153/215
f 1710/3145/32 1720/3154/216 1721/3155/367
f 1710/3145/32 1722/3156/218 1723/3157/219
f 1710/3145/32 1724/3158/220 1725/3159/221
f 1710/3145/32 1726/3160/222 1711/3161/223
f 1701/3162/224 1685/3108/181 1728/3163/343
f 1729/3164/226 1685/3108/181 1684/3111/184
f 1746/3165/227 1684/3111/184 1688/3110/183
f 1732/3166/228 1688/3110/183 1687/3113/186
f 1732/3166/228 1690/3112/185 1734/3167/368
f 1734/3167/368 1689/3115/188 1733/3168/230
f 1733/3168/230 1692/3114/187 1736/3169/345
f 1737/3170/232 1692/3114/187 1691/3117/190
f 1737/3170/232 1694/3116/189 1738/3171/346
f 1739/3172/347 1694/3116/189 1693/3119/192
f 1708/3173/235 1693/3119/192 1696/3118/191
f 1741/3174/236 1696/3118/191 1695/3121/194
f 1741/3174/236 1698/3120/193 1743/3175/314
f 1743/3175/314 1697/3123/196 1742/3176/238
f 1742/3176/238 1699/3122/195 1745/3177/348
f 1701/3162/224 1699/3122/195 1686/3109/182
f 1712/3146/208 1727/3178/240 1700/3179/349
f 1712/3146/208 1702/3180/242 1713/3147/209
f 1713/3147/209 1730/3181/243 1714/3148/210
f 1714/3148/210 1731/3182/244 1715/3149/211
f 1716/3150/212 1731/3182/244 1747/3183/245
f 1717/3151/213 1747/3183/245 1735/3184/246
f 1718/3152/214 1735/3184/246 1703/3185/315
f 1718/3152/214 1704/3186/248 1719/3153/215
f 1720/3154/216 1704/3186/248 1705/3187/316
f 1720/3154/216 1706/3188/250 1721/3155/367
f 1721/3155/367 1707/3189/251 1722/3156/218
f 1722/3156/218 1740/3190/252 1723/3157/219
f 1724/3158/220 1740/3190/252 1748/3191/253
f 1725/3159/221 1748/3191/253 1744/3192/318
f 1726/3160/222 1744/3192/318 1709/3193/351
f 1726/3160/222 1727/3178/240 1711/3161/223
f 1675/3066/131 1749/3194/375 1666/3064/131
f 1675/3087/146 1751/3195/352 1750/3196/353
f 1673/3197/319 1751/3195/352 1676/3086/340
f 1673/3198/142 1753/3199/324 1752/3200/320
f 1682/3201/261 1754/3202/262 1753/3203/263
f 1666/3204/264 1754/3202/262 1680/3098/309
f 1674/3205/143 1756/3206/329 1755/3207/321
f 1678/3096/155 1757/3208/266 1756/3209/267
f 1651/3210/268 1757/3208/266 1679/3095/154
f 1681/3043/116 1758/3211/322 1651/3041/116
f 1681/3212/270 1760/3213/271 1759/3214/323
f 1674/3215/273 1760/3213/271 1677/3089/148
f 1707/3216/384 1749/3194/375 1750/3217/377
f 1740/3190/252 1750/3196/378 1751/3195/277
f 1752/3218/278 1740/3190/252 1751/3195/277
f 1753/3199/324 1748/3219/325 1752/3200/320
f 1741/3174/236 1753/3203/385 1754/3202/282
f 1749/3220/328 1741/3174/236 1754/3202/282
f 1756/3206/329 1747/3221/330 1755/3207/321
f 1732/3166/286 1756/3209/356 1757/3208/288
f 1758/3222/334 1732/3166/286 1757/3208/288
f 1730/3223/386 1758/3211/322 1759/3224/387
f 1731/3182/380 1759/3214/292 1760/3213/381
f 1755/3225/372 1731/3182/380 1760/3213/381
f 1742/3226/207 1748/3227/382 1743/3228/382
f 1730/3229/383 1729/3230/198 1746/3231/297
f 1733/3232/341 1747/3233/298 1734/3234/298
f 978/3235/10 981/1863/10 973/1850/10
f 981/1866/100 974/3236/29 973/1852/29
f 984/1869/32 976/3237/32 974/1855/32
f 1086/3238/10 997/3239/10 996/1892/10
f 1085/3240/37 998/3241/37 997/1894/37
f 998/3242/32 1087/3243/32 1089/1897/32
f 1087/3244/29 996/3245/388 1089/3246/388
f 127/3247/10 130/180/10 122/167/10
f 130/183/69 123/3248/37 122/169/37
f 133/186/32 125/3249/32 123/172/32
f 1084/3250/10 119/3251/10 118/160/10
f 1083/3252/29 120/3253/29 119/162/29
f 120/3254/32 1090/3255/32 1092/165/32
f 1090/3256/37 118/3257/389 1092/3258/389
f 1761/3259/390 1834/3260/391 1789/3261/390
f 1762/3262/392 1787/3263/393 1819/3264/393
f 1771/3265/394 1764/3266/395 1765/3267/396
f 1773/3268/397 1776/3269/397 1774/3270/397
f 1774/3271/398 1766/3272/399 1767/3273/400
f 1857/3274/401 1768/3275/402 1778/3276/403
f 1763/3277/404 1768/3275/402 1764/3266/395
f 1773/3278/405 1771/3265/394 1765/3267/396
f 1776/3279/406 1770/3280/407 1766/3272/399
f 1769/3281/408 1774/3271/398 1767/3273/400
f 1777/3282/409 1763/3283/409 1770/3284/409
f 1771/3285/410 1775/3286/410 1769/3287/410
f 1779/3288/10 1780/3289/411 1781/3290/10
f 1780/3291/14 1783/3292/412 1781/3293/413
f 1783/3294/32 1784/3295/414 1785/3296/32
f 1784/3297/21 1779/3298/415 1785/3299/416
f 1771/3265/394 1786/3300/417 1763/3277/404
f 1771/3301/418 1782/3302/419 1780/3291/420
f 1770/3280/407 1782/3303/421 1769/3281/408
f 1763/3304/422 1784/3297/423 1770/3305/424
f 1831/3306/425 1785/3307/425 1787/3308/425
f 1831/3309/426 1781/3293/413 1783/3292/412
f 1788/3310/427 1779/3311/427 1781/3312/427
f 1787/3313/428 1779/3298/415 1761/3314/429
f 1790/3315/390 1837/3316/391 1818/3317/390
f 1822/3318/392 1816/3319/393 1820/3320/393
f 1800/3321/394 1792/3322/395 1793/3323/396
f 1802/3324/397 1806/3325/397 1803/3326/397
f 1803/3327/398 1794/3328/399 1795/3329/400
f 1806/3330/406 1878/3331/430 1797/3332/431
f 1791/3333/404 1805/3334/402 1792/3322/395
f 1802/3335/405 1800/3321/394 1793/3323/396
f 1806/3330/406 1799/3336/407 1794/3328/399
f 1798/3337/408 1803/3327/398 1795/3329/400
f 1797/3338/409 1791/3339/409 1799/3340/409
f 1800/3341/410 1804/3342/410 1798/3343/410
f 1815/3344/417 1810/3345/10 1808/3346/10
f 1809/3347/14 1812/3348/432 1810/3349/433
f 1811/3350/421 1814/3351/32 1812/3352/32
f 1813/3353/21 1808/3354/434 1814/3355/435
f 1800/3321/394 1815/3344/417 1791/3333/404
f 1800/3356/436 1811/3357/437 1809/3347/436
f 1799/3336/407 1811/3350/421 1798/3337/408
f 1791/3358/422 1813/3353/423 1799/3359/424
f 1816/3360/425 1812/3361/425 1814/3362/425
f 1839/3363/438 1810/3349/433 1812/3348/432
f 1817/3364/427 1808/3365/427 1810/3366/427
f 1790/3367/439 1814/3355/435 1808/3354/434
f 1840/3368/29 1818/3369/29 1820/3370/29
f 1818/3371/440 1824/3372/441 1820/3373/442
f 1837/3316/443 1823/3374/443 1818/3317/443
f 1822/3375/444 1826/3376/445 1837/3377/446
f 1820/3320/447 1825/3378/447 1822/3318/447
f 1772/3379/448 1859/3380/448 1775/3381/448
f 1803/3382/449 1874/3383/449 1802/3384/449
f 1801/3385/448 1883/3386/448 1804/3387/448
f 1774/3388/449 1851/3389/449 1773/3390/449
f 1803/3327/398 1883/3391/450 1875/3392/451
f 1831/3393/392 1832/3394/393 1833/3395/393
f 1788/3396/391 2034/3397/390 1834/3260/391
f 1818/3317/390 1838/3398/390 1790/3315/390
f 1841/3399/393 1820/3320/393 1816/3319/393
f 1839/3400/392 1819/3264/393 1787/3263/393
f 1789/3261/390 1817/3401/391 1761/3259/390
f 1761/3402/37 1839/3403/37 1787/3404/37
f 1841/3405/37 1790/3406/37 1838/3407/37
f 1831/3408/37 2036/3409/37 1788/3410/37
f 1823/3411/452 1842/3412/21 1824/3372/441
f 1843/3413/10 1823/3374/10 1826/3414/10
f 1836/3415/14 1826/3376/445 1825/3416/453
f 1842/3417/32 1825/3378/32 1824/3418/32
f 1822/3419/29 1789/3420/29 1819/3421/29
f 1819/3421/29 1834/3422/29 1762/3423/29
f 1762/3423/29 2034/3424/29 1832/3425/29
f 1768/3426/454 1845/3427/454 1776/3428/454
f 1776/3279/406 1829/3429/430 1777/3430/431
f 1869/3431/455 1846/3432/456 1868/3433/456
f 1894/3434/457 1907/3435/458 1899/3436/457
f 1848/3437/459 1850/3438/460 1856/3439/461
f 1851/3440/462 1845/3441/462 1844/3442/463
f 1852/3443/451 1854/3444/464 1845/3445/465
f 1857/3446/466 1777/3447/466 1829/3448/466
f 1856/3439/461 1844/3449/467 1857/3274/401
f 1848/3437/459 1851/3450/468 1849/3451/469
f 1845/3445/465 1855/3452/470 1829/3429/430
f 1858/3453/471 1852/3443/451 1859/3454/450
f 1856/3455/472 1829/3456/472 1855/3457/472
f 1848/3458/473 1859/3459/473 1827/3460/473
f 1860/3461/10 1861/3462/474 1866/3463/10
f 1862/3464/475 1863/3465/14 1860/3466/476
f 1864/3467/32 1865/3468/477 1862/3469/32
f 1866/3470/478 1867/3471/21 1864/3472/479
f 1861/3462/474 1848/3437/459 1856/3439/461
f 1848/3473/480 1865/3474/481 1858/3475/482
f 1865/3468/477 1855/3452/470 1858/3453/471
f 1867/3471/483 1856/3476/484 1855/3477/485
f 1864/3478/486 1847/3479/486 1894/3480/486
f 1847/3481/487 1860/3466/476 1868/3482/488
f 1868/3483/489 1866/3484/489 1869/3485/489
f 1866/3470/478 1894/3486/490 1869/3487/491
f 1893/3488/455 1903/3489/456 1870/3490/456
f 1896/3491/457 1916/3492/458 1900/3493/457
f 1872/3494/469 1880/3495/461 1871/3496/459
f 1874/3497/462 1796/3498/462 1830/3499/463
f 1875/3392/451 1877/3500/464 1796/3501/465
f 1830/3502/467 1807/3503/403 1881/3504/401
f 1878/3505/466 1807/3506/466 1797/3507/466
f 1880/3495/461 1830/3502/467 1881/3504/401
f 1871/3496/459 1874/3508/468 1872/3494/469
f 1796/3501/465 1879/3509/470 1878/3331/430
f 1882/3510/471 1875/3392/451 1883/3391/450
f 1880/3511/492 1878/3512/472 1879/3513/472
f 1871/3514/473 1883/3515/473 1828/3516/473
f 1884/3517/10 1885/3518/474 1890/3519/10
f 1886/3520/493 1887/3521/14 1884/3522/494
f 1888/3523/32 1889/3524/477 1886/3525/32
f 1890/3526/495 1891/3527/21 1888/3528/496
f 1885/3518/474 1871/3496/459 1880/3495/461
f 1871/3529/480 1889/3530/481 1882/3531/482
f 1889/3524/477 1879/3509/470 1882/3510/471
f 1891/3527/497 1880/3532/498 1879/3533/485
f 1896/3534/486 1886/3535/486 1892/3536/499
f 1892/3537/500 1884/3522/494 1870/3538/501
f 1870/3539/489 1890/3540/489 1893/3541/489
f 1893/3542/502 1888/3528/496 1896/3543/503
f 1897/3544/37 1898/3545/37 1900/3546/37
f 1905/3547/504 1897/3544/505 1900/3546/506
f 1901/3548/507 1903/3549/507 1897/3544/507
f 1902/3550/508 1916/3551/509 1903/3549/510
f 1904/3552/511 1900/3546/511 1916/3551/511
f 1772/3553/512 1851/3450/468 1827/3554/513
f 1774/3271/398 1859/3454/450 1852/3443/451
f 1801/3555/512 1874/3508/468 1828/3556/513
f 2108/3557/457 1847/3558/458 1906/3559/457
f 1909/3560/455 1868/3433/456 1846/3432/456
f 1897/3561/455 1914/3562/455 1915/3563/455
f 1900/3493/457 1917/3564/457 1896/3491/457
f 1899/3436/457 1892/3565/458 1894/3434/457
f 1895/3566/455 1870/3490/456 1903/3489/456
f 1869/3567/29 1892/3568/29 1870/3569/29
f 1917/3570/29 1893/3571/29 1896/3572/29
f 1908/3573/29 1847/3574/29 1868/3575/29
f 1901/3576/514 1919/3577/515 1910/3578/516
f 1902/3579/517 1910/3580/518 1918/3581/519
f 1904/3582/520 1918/3583/521 1912/3584/522
f 1905/3585/523 1912/3586/524 1919/3587/525
f 1895/3588/37 1916/3551/37 1899/3589/37
f 1846/3590/37 1899/3589/37 1907/3591/37
f 1909/3592/37 1907/3591/37 2108/3593/37
f 1806/3594/454 1830/3595/454 1796/3596/454
f 1764/3266/395 1773/3278/405 1765/3267/396
f 1770/3280/407 1767/3273/400 1766/3272/399
f 1805/3334/402 1793/3323/396 1792/3322/395
f 1799/3336/407 1795/3329/400 1794/3328/399
f 1851/3450/468 1850/3438/460 1849/3451/469
f 1853/3597/526 1855/3452/470 1854/3444/464
f 1872/3494/469 1830/3502/467 1873/3598/527
f 1876/3599/526 1879/3509/470 1877/3500/464
f 1922/3600/455 1920/3601/455 1933/3602/455
f 1923/3603/457 1932/3604/457 1926/3605/457
f 1924/3606/37 1925/3607/37 1926/3608/37
f 1930/3609/528 1924/3610/529 1926/3611/530
f 1927/3612/531 1920/3613/532 1924/3614/531
f 1928/3615/533 1932/3616/534 1920/3617/535
f 1929/3618/536 1926/3619/536 1932/3620/536
f 2127/3621/457 1921/3622/457 1931/3623/457
f 1934/3624/455 1933/3602/455 1920/3601/455
f 1924/3625/455 1937/3626/455 1938/3627/455
f 1926/3605/457 1939/3628/457 1923/3603/457
f 1939/3629/29 1922/3630/29 1923/3631/29
f 2126/3632/29 1921/3633/29 1933/3634/29
f 1930/3609/528 1935/3635/21 1927/3636/537
f 1928/3637/10 1935/3638/10 1940/3639/10
f 1928/3615/533 1936/3640/14 1929/3641/538
f 1929/3642/32 1941/3643/32 1930/3644/32
f 1934/3645/37 1932/3646/37 2127/3647/37
f 1933/3634/29 1923/3631/29 1922/3630/29
f 1942/3648/32 1976/3649/32 1963/3650/32
f 1944/3651/539 1943/3652/540 1942/3653/539
f 1946/3654/29 1945/3655/541 1944/3651/29
f 1946/3654/542 1948/3656/542 3171/3657/542
f 1947/3658/10 1950/3659/10 1948/3660/10
f 1951/3661/29 1950/3662/29 1949/3663/29
f 1953/3664/543 1952/3665/10 1951/3666/10
f 1955/3667/544 1954/3668/543 1953/3664/543
f 1957/3669/37 1956/3670/37 1955/3671/37
f 1959/3672/545 1958/3673/546 1957/3674/546
f 1961/3675/32 1960/3676/545 1959/3672/545
f 1964/3677/32 1965/3678/32 3168/3679/32
f 1966/3680/547 3168/3681/539 3169/3682/539
f 2154/3683/548 3169/3682/549 1967/3684/550
f 3170/3685/542 2154/3683/542 1967/3684/542
f 1969/3686/10 3170/3687/10 3172/3688/10
f 1970/3689/29 3172/3690/29 3173/3691/29
f 1971/3692/543 3173/3693/10 3174/3694/543
f 1972/3695/551 3174/3694/543 3175/3696/551
f 1973/3697/37 3175/3698/37 3176/3699/37
f 1974/3700/545 3176/3701/546 3177/3702/545
f 1975/3703/32 3177/3702/545 3178/3704/32
f 2153/3705/29 3178/3706/29 1965/3707/29
f 1911/3708/552 1945/3655/541 3171/3657/548
f 1978/3709/553 3169/3682/549 1913/3710/554
f 1919/3577/515 1911/3711/555 1910/3578/516
f 1910/3580/518 1978/3712/556 1918/3581/519
f 1918/3583/521 1913/3713/557 1912/3584/522
f 1912/3586/524 1977/3714/558 1919/3587/525
f 1979/3715/390 2049/3716/391 2007/3717/390
f 1980/3718/392 2005/3719/393 2035/3720/393
f 1989/3721/394 1982/3722/395 1983/3723/396
f 1991/3724/397 1994/3725/397 1992/3726/397
f 1992/3727/398 1984/3728/399 1985/3729/400
f 2069/3730/401 1986/3731/402 1996/3732/403
f 1981/3733/404 1986/3731/402 1982/3722/395
f 1991/3734/405 1989/3721/394 1983/3723/396
f 1994/3735/406 1988/3736/407 1984/3728/399
f 1987/3737/408 1992/3727/398 1985/3729/400
f 1995/3738/409 1981/3739/409 1988/3740/409
f 1989/3741/410 1993/3742/410 1987/3743/410
f 2004/3744/417 1999/3745/10 1997/3746/10
f 1998/3747/14 2001/3748/559 1999/3749/413
f 2000/3750/421 2003/3751/32 2001/3752/32
f 2002/3753/21 1997/3754/560 2003/3755/416
f 1989/3721/394 2004/3744/417 1981/3733/404
f 1989/3756/436 2000/3757/437 1998/3747/436
f 1988/3736/407 2000/3750/421 1987/3737/408
f 1981/3758/422 2002/3753/561 1988/3759/562
f 2046/3760/563 2003/3761/425 2005/3762/425
f 2046/3763/564 1999/3749/413 2001/3748/559
f 2006/3764/565 1997/3765/427 1999/3766/565
f 2005/3767/428 1997/3754/560 1979/3768/429
f 2017/3769/394 2009/3770/395 2010/3771/396
f 2019/3772/397 2023/3773/397 2020/3774/397
f 2023/3775/406 2086/3776/430 2012/3777/431
f 2008/3778/404 2022/3779/402 2009/3770/395
f 2019/3780/405 2017/3769/394 2010/3771/396
f 2023/3775/406 2016/3781/407 2013/3782/399
f 2014/3783/408 2020/3784/398 2015/3785/400
f 2012/3786/409 2008/3787/409 2016/3788/409
f 2017/3789/410 2021/3790/410 2014/3791/410
f 2029/3792/14 2031/3793/432 2025/3794/433
f 2032/3795/21 2030/3796/434 2027/3797/435
f 2017/3769/394 2028/3798/417 2008/3778/404
f 2017/3799/436 2026/3800/437 2029/3792/436
f 2008/3801/422 2032/3795/423 2016/3802/424
f 1833/3803/425 2031/3804/563 2027/3805/425
f 2053/3806/438 2025/3794/433 2031/3793/432
f 2033/3807/565 2030/3808/427 2025/3809/565
f 2036/3810/439 2027/3797/435 2030/3796/434
f 2034/3811/440 2038/3812/441 1832/3813/442
f 2041/3814/444 2040/3815/445 2052/3816/566
f 1832/3394/567 2039/3817/447 2041/3818/447
f 1990/3819/448 2071/3820/448 1993/3821/448
f 2019/3822/449 2090/3823/449 2095/3824/449
f 2018/3825/448 2094/3826/448 2021/3827/448
f 1992/3828/449 2063/3829/449 1991/3830/449
f 2021/3831/568 2090/3832/451 2020/3784/398
f 2046/3833/392 2047/3834/393 2048/3835/393
f 2006/3836/391 2213/3837/390 2049/3716/391
f 2053/3838/392 2035/3720/393 2005/3719/393
f 2007/3717/390 2033/3839/391 1979/3715/390
f 1979/3840/37 2053/3841/37 2005/3842/37
f 2046/3843/37 2186/3844/37 2006/3845/37
f 2037/3846/452 2054/3847/21 2038/3812/441
f 2051/3848/14 2040/3815/445 2039/3849/453
f 2041/3850/29 2007/3851/29 2035/3852/29
f 2035/3852/29 2049/3853/29 1980/3854/29
f 1980/3854/29 2213/3855/29 2047/3856/29
f 1994/3857/454 2056/3858/454 2057/3859/454
f 1994/3735/406 2044/3860/430 1995/3861/431
f 2081/3862/455 2058/3863/456 2080/3864/456
f 2105/3865/457 2113/3866/458 2107/3867/457
f 2060/3868/459 2062/3869/460 2068/3870/461
f 2063/3871/462 2057/3872/462 2056/3873/463
f 2064/3874/451 2066/3875/464 2057/3876/465
f 2069/3877/466 1995/3878/466 2044/3879/466
f 2068/3870/461 2056/3880/467 2069/3730/401
f 2060/3868/459 2063/3881/468 2061/3882/469
f 2057/3876/465 2067/3883/470 2044/3860/430
f 2070/3884/471 2064/3874/451 2071/3885/450
f 2068/3886/472 2044/3887/472 2067/3888/472
f 2060/3889/473 2071/3890/473 2042/3891/473
f 2072/3892/10 2073/3893/474 2078/3894/10
f 2074/3895/475 2075/3896/14 2072/3897/476
f 2076/3898/32 2077/3899/477 2074/3900/32
f 2078/3901/478 2079/3902/21 2076/3903/479
f 2073/3893/474 2060/3868/459 2068/3870/461
f 2060/3904/480 2077/3905/481 2070/3906/482
f 2077/3899/477 2067/3883/470 2070/3884/471
f 2079/3902/497 2068/3907/498 2067/3908/485
f 2076/3909/486 2059/3910/486 2105/3911/486
f 2059/3912/487 2072/3897/476 2080/3913/569
f 2080/3914/570 2078/3915/489 2081/3916/489
f 2078/3901/478 2105/3917/490 2081/3918/491
f 1908/3919/455 2110/3920/456 2082/3921/456
f 1906/3559/457 2122/3922/458 2108/3557/457
f 2084/3923/469 2091/3924/461 2083/3925/459
f 2092/3926/401 2022/3779/402 2024/3927/403
f 2092/3928/466 2012/3929/466 2086/3930/466
f 2091/3924/461 2045/3931/467 2092/3926/401
f 2083/3925/459 2095/3932/468 2084/3923/469
f 2011/3933/465 2088/3934/470 2086/3776/430
f 2093/3935/471 2090/3832/451 2094/3936/450
f 2091/3937/472 2086/3938/472 2088/3939/472
f 2083/3940/473 2094/3941/473 2043/3942/473
f 2096/3943/10 2097/3944/474 2102/3945/10
f 2098/3946/493 2099/3947/14 2096/3948/571
f 2100/3949/32 2101/3950/477 2098/3951/32
f 2102/3952/495 2103/3953/21 2100/3954/496
f 2083/3955/480 2101/3956/481 2093/3957/482
f 2101/3950/477 2088/3934/470 2093/3935/471
f 2103/3953/497 2091/3958/498 2088/3959/485
f 2104/3960/500 2096/3948/571 2082/3961/501
f 1908/3962/502 2100/3954/496 1906/3963/503
f 2119/3964/572 1909/3592/505 2108/3593/573
f 2116/3965/508 2122/3966/509 2110/3967/510
f 1990/3968/512 2063/3881/468 2042/3969/513
f 1992/3727/398 2071/3885/450 2064/3874/451
f 2018/3970/512 2095/3932/468 2043/3971/513
f 2286/3972/457 2059/3973/458 2112/3974/457
f 2115/3975/455 2080/3864/456 2058/3863/456
f 2107/3867/457 2104/3976/458 2105/3865/457
f 2106/3977/455 2082/3921/456 2110/3920/456
f 2081/3978/29 2104/3979/29 2082/3980/29
f 2114/3981/29 2059/3982/29 2080/3983/29
f 2109/3984/514 2124/3985/515 2117/3986/516
f 2116/3987/517 2117/3988/518 2123/3989/519
f 2111/3990/520 2123/3991/521 2120/3992/522
f 2106/3993/37 2122/3966/37 2107/3994/37
f 2058/3995/37 2107/3994/37 2113/3996/37
f 2115/3997/37 2113/3996/37 2286/3998/37
f 2022/3999/454 2011/4000/454 2023/4001/454
f 1982/3722/395 1991/3734/405 1983/3723/396
f 1988/3736/407 1985/3729/400 1984/3728/399
f 2009/3770/395 2019/3780/405 2010/3771/396
f 2063/3881/468 2062/3869/460 2061/3882/469
f 2065/4002/526 2067/3883/470 2066/3875/464
f 2084/3923/469 2045/3931/467 2085/4003/527
f 2089/4004/526 2088/3934/470 2087/4005/464
f 2126/4006/455 2125/4007/455 2130/4008/455
f 2135/4009/574 1934/4010/529 2127/4011/575
f 2132/4012/533 2129/4013/534 2125/4014/535
f 2306/4015/457 2138/4016/457 2128/4017/457
f 2131/4018/455 2130/4008/455 2125/4007/455
f 2304/4019/29 2138/4020/29 2130/4021/29
f 2133/4022/537 2140/4023/21 2134/4024/21
f 2133/4025/10 2139/4026/10 2132/4027/10
f 2132/4012/533 2137/4028/14 2136/4029/538
f 2131/4030/37 2129/4031/37 2306/4032/37
f 2141/4033/32 2142/4034/32 3179/4035/32
f 2143/4036/547 3179/4037/547 3180/4038/547
f 2332/4039/548 3180/4038/549 2144/4040/550
f 2145/4041/542 2144/4040/542 3181/4042/542
f 2146/4043/10 3181/4044/10 3182/4045/10
f 2147/4046/29 3182/4047/29 3183/4048/29
f 3184/4049/543 2147/4050/10 3183/4051/10
f 2149/4052/544 3184/4049/543 3185/4053/544
f 2150/4054/37 3185/4055/37 3186/4056/37
f 2151/4057/545 3186/4058/546 3187/4059/545
f 2152/4060/32 3187/4059/545 3188/4061/32
f 2331/4062/29 3188/4063/29 2142/4064/29
f 2118/4065/552 1966/3680/541 2154/3683/548
f 2156/4066/576 3180/4038/549 2121/4067/554
f 2124/3985/515 2118/4068/555 2117/3986/516
f 2123/3991/521 2121/4069/557 2120/3992/522
f 2157/4070/390 2226/4071/391 2185/4072/390
f 2158/4073/392 2183/4074/393 2214/4075/393
f 2167/4076/394 2160/4077/577 2161/4078/396
f 2169/4079/397 2172/4080/397 2170/4081/397
f 2170/4082/398 2162/4083/399 2163/4084/400
f 2247/4085/401 2164/4086/402 2174/4087/403
f 2159/4088/404 2164/4086/402 2160/4077/577
f 2169/4089/405 2167/4076/394 2161/4078/396
f 2172/4090/406 2166/4091/407 2162/4083/399
f 2165/4092/408 2170/4082/398 2163/4084/400
f 2173/4093/409 2159/4094/409 2166/4095/409
f 2167/4096/410 2171/4097/410 2165/4098/410
f 2182/4099/417 2177/4100/10 2175/4101/10
f 2176/4102/14 2179/4103/412 2177/4104/413
f 2179/4105/32 2180/4106/414 2181/4107/32
f 2180/4108/21 2175/4109/415 2181/4110/416
f 2159/4088/404 2176/4111/411 2182/4099/417
f 2167/4112/436 2178/4113/419 2176/4102/578
f 2166/4091/407 2178/4114/421 2165/4092/408
f 2159/4115/422 2180/4108/424 2166/4116/579
f 2223/4117/425 2181/4118/425 2183/4119/425
f 2223/4120/426 2177/4104/413 2179/4103/412
f 2184/4121/427 2175/4122/427 2177/4123/427
f 2183/4124/580 2175/4109/415 2157/4125/429
f 2186/4126/390 2229/4127/391 2213/3837/390
f 2202/4128/406 2264/4129/430 2188/4130/431
f 2189/4131/404 2201/4132/402 2190/4133/577
f 2198/4134/405 2196/4135/394 2191/4136/396
f 2202/4128/406 2195/4137/407 2192/4138/399
f 2193/4139/408 2199/4140/398 2194/4141/400
f 2188/4142/409 2189/4143/409 2195/4144/409
f 2196/4145/410 2200/4146/410 2193/4147/410
f 2209/4148/417 2206/4149/10 2204/4150/10
f 2205/4151/14 2211/4152/432 2206/4153/433
f 2210/4154/21 2204/4155/434 2208/4156/435
f 2196/4157/436 2207/4158/581 2205/4151/436
f 2195/4137/407 2207/4159/421 2193/4139/408
f 2189/4160/422 2210/4154/424 2195/4161/579
f 2230/4162/438 2206/4153/433 2211/4152/432
f 2186/4163/439 2208/4156/435 2204/4155/434
f 2213/4164/440 2216/4165/582 2047/4166/442
f 2229/4127/443 2215/4167/443 2213/3837/443
f 2231/4168/444 2218/4169/445 2229/4170/566
f 2171/4171/448 2219/4172/448 2249/4173/448
f 2198/4174/449 2268/4175/449 2263/4176/449
f 2200/4177/448 2220/4178/448 2272/4179/448
f 2170/4180/449 2241/4181/449 2169/4182/449
f 2200/4183/568 2268/4184/451 2199/4140/398
f 2223/4185/392 2224/4186/393 2225/4187/393
f 2184/4188/391 2391/4189/390 2226/4071/391
f 2230/4190/392 2214/4075/393 2183/4074/393
f 2185/4072/390 2212/4191/391 2157/4070/390
f 2157/4192/37 2230/4193/37 2183/4194/37
f 2223/4195/37 2364/4196/37 2184/4197/37
f 2215/4198/583 2232/4199/21 2216/4165/582
f 2228/4200/14 2218/4169/445 2217/4201/453
f 2232/4202/32 2217/4203/32 2216/4204/32
f 2231/4205/29 2185/4206/29 2214/4207/29
f 2214/4207/29 2226/4208/29 2158/4209/29
f 2158/4209/29 2391/4210/29 2224/4211/29
f 2164/4212/584 2235/4213/584 2172/4214/584
f 2172/4090/406 2221/4215/430 2173/4216/431
f 2259/4217/455 2236/4218/456 2258/4219/456
f 2283/4220/457 2291/4221/458 2285/4222/457
f 2238/4223/459 2240/4224/527 2246/4225/461
f 2241/4226/462 2235/4227/462 2234/4228/463
f 2242/4229/451 2244/4230/464 2235/4231/465
f 2247/4232/466 2173/4233/466 2221/4234/466
f 2246/4225/461 2234/4235/467 2247/4085/401
f 2238/4223/459 2241/4236/468 2239/4237/469
f 2235/4231/465 2245/4238/470 2221/4215/430
f 2248/4239/471 2242/4229/451 2249/4240/450
f 2246/4241/472 2221/4242/472 2245/4243/472
f 2238/4244/473 2249/4245/473 2219/4246/473
f 2250/4247/10 2251/4248/474 2256/4249/10
f 2252/4250/475 2253/4251/14 2250/4252/476
f 2252/4253/32 2257/4254/585 2255/4255/477
f 2256/4256/478 2257/4257/21 2254/4258/479
f 2251/4248/474 2238/4223/459 2246/4225/461
f 2238/4259/480 2255/4260/481 2248/4261/482
f 2255/4255/477 2245/4238/470 2248/4239/471
f 2257/4257/497 2246/4262/586 2245/4263/485
f 2254/4264/486 2237/4265/486 2283/4266/486
f 2237/4267/487 2250/4252/476 2258/4268/488
f 2258/4269/570 2256/4270/489 2259/4271/489
f 2256/4256/478 2283/4272/490 2259/4273/587
f 2112/3974/457 2300/4274/458 2286/3972/457
f 2261/4275/469 2269/4276/461 2260/4277/459
f 2263/4278/462 2187/4279/462 2222/4280/463
f 2270/4281/401 2201/4132/402 2203/4282/403
f 2270/4283/466 2188/4284/466 2264/4285/466
f 2269/4276/461 2222/4286/467 2270/4281/401
f 2260/4277/459 2263/4287/468 2261/4275/469
f 2187/4288/465 2266/4289/470 2264/4129/430
f 2271/4290/471 2268/4184/451 2272/4291/450
f 2269/4292/472 2264/4293/472 2266/4294/472
f 2260/4295/473 2272/4296/473 2220/4297/473
f 2273/4298/10 2274/4299/474 2277/4300/10
f 2275/4301/588 2276/4302/14 2273/4303/589
f 2277/4304/495 2278/4305/21 2280/4306/590
f 2274/4299/474 2260/4277/459 2269/4276/461
f 2260/4307/480 2279/4308/482 2271/4309/482
f 2278/4305/497 2269/4310/586 2266/4311/485
f 2112/4312/499 2275/4313/499 2281/4314/499
f 2281/4315/500 2273/4303/589 2282/4316/591
f 2282/4317/570 2277/4318/489 2114/4319/489
f 2114/4320/502 2280/4306/590 2112/4321/503
f 2297/4322/592 2115/3997/593 2286/3998/594
f 2294/4323/595 2300/4324/509 2288/4325/596
f 2219/4326/513 2169/4089/405 2241/4236/468
f 2170/4082/398 2249/4240/450 2242/4229/451
f 2220/4327/513 2198/4134/405 2263/4287/468
f 2464/4328/457 2237/4329/458 2290/4330/457
f 2293/4331/455 2258/4219/456 2236/4218/456
f 2285/4222/457 2281/4332/458 2283/4220/457
f 2284/4333/455 2282/4334/456 2288/4335/456
f 2259/4336/29 2281/4337/29 2282/4338/29
f 2292/4339/29 2237/4340/29 2258/4341/29
f 2287/4342/514 2301/4343/515 2295/4344/516
f 2289/4345/520 2302/4346/521 2298/4347/522
f 2297/4348/597 2298/4349/524 2301/4350/525
f 2284/4351/37 2300/4324/37 2285/4352/37
f 2236/4353/37 2285/4352/37 2291/4354/37
f 2293/4355/37 2291/4354/37 2464/4356/37
f 2202/4357/584 2222/4358/584 2187/4359/584
f 2164/4086/402 2161/4078/396 2160/4077/577
f 2166/4091/407 2163/4084/400 2162/4083/399
f 2239/4237/469 2234/4235/467 2240/4224/527
f 2243/4360/526 2245/4238/470 2244/4230/464
f 2261/4275/469 2222/4286/467 2262/4361/527
f 2128/4017/457 2308/4362/457 2306/4015/457
f 2314/4363/574 2131/4364/598 2306/4365/575
f 2311/4366/533 2308/4367/534 2305/4368/535
f 2484/4369/457 2303/4370/457 2307/4371/457
f 2310/4372/455 2309/4373/455 2305/4374/455
f 2483/4375/29 2303/4376/29 2309/4377/29
f 2314/4363/574 2313/4378/21 2312/4379/537
f 2311/4366/533 2316/4380/14 2315/4381/538
f 2310/4382/37 2308/4383/37 2484/4384/37
f 2309/4377/29 2128/4385/29 2304/4019/29
f 2319/4386/32 2320/4387/32 3189/4388/32
f 2321/4389/547 3189/4390/547 3190/4391/547
f 2510/4392/548 3190/4391/549 2322/4393/550
f 2323/4394/542 2322/4393/542 3191/4395/542
f 2324/4396/10 3191/4397/10 3192/4398/10
f 2325/4399/29 3192/4400/29 3193/4401/29
f 2326/4402/543 3193/4403/10 3194/4404/543
f 2327/4405/544 3194/4404/543 3195/4406/544
f 2328/4407/37 3195/4408/37 3196/4409/37
f 2329/4410/545 3196/4411/546 3197/4412/545
f 2330/4413/32 3197/4412/545 3198/4414/32
f 2509/4415/29 3198/4416/29 2320/4417/29
f 2296/4418/599 2143/4036/541 2332/4039/548
f 2334/4419/576 3190/4391/549 2299/4420/554
f 2301/4343/515 2296/4421/555 2295/4344/516
f 2295/4422/518 2334/4423/600 2302/4424/519
f 2302/4346/521 2299/4425/557 2298/4347/522
f 2335/4426/390 2405/4427/391 2363/4428/390
f 2336/4429/392 2361/4430/393 2392/4431/393
f 2345/4432/394 2338/4433/577 2339/4434/396
f 2347/4435/397 2350/4436/397 2348/4437/397
f 2348/4438/398 2340/4439/601 2341/4440/400
f 2352/4441/403 2412/4442/467 2342/4443/402
f 2337/4444/404 2342/4443/402 2338/4433/577
f 2347/4445/405 2345/4432/394 2339/4434/396
f 2350/4446/406 2344/4447/407 2340/4439/601
f 2343/4448/408 2348/4438/398 2341/4440/400
f 2351/4449/409 2337/4450/409 2344/4451/409
f 2345/4452/410 2349/4453/410 2343/4454/410
f 2360/4455/417 2355/4456/10 2353/4457/10
f 2354/4458/14 2357/4459/412 2355/4460/413
f 2356/4461/421 2359/4462/32 2357/4463/32
f 2358/4464/21 2353/4465/415 2359/4466/416
f 2345/4432/394 2360/4455/417 2337/4444/404
f 2345/4467/436 2356/4468/602 2354/4458/578
f 2344/4447/407 2356/4461/421 2343/4448/408
f 2337/4469/603 2358/4464/604 2344/4470/561
f 2402/4471/425 2359/4472/425 2361/4473/425
f 2402/4474/426 2355/4460/413 2357/4459/412
f 2362/4475/427 2353/4476/427 2355/4477/427
f 2361/4478/580 2353/4465/415 2335/4479/429
f 2364/4480/390 2408/4481/391 2391/4189/390
f 2393/4482/392 2225/4187/393 2224/4186/393
f 2374/4483/394 2366/4484/577 2367/4485/396
f 2376/4486/397 2380/4487/397 2377/4488/397
f 2377/4489/398 2368/4490/399 2369/4491/400
f 2370/4492/465 2371/4493/431 2380/4494/406
f 2365/4495/404 2379/4496/402 2366/4484/577
f 2376/4497/405 2374/4483/394 2367/4485/396
f 2380/4494/406 2373/4498/407 2368/4490/399
f 2372/4499/408 2377/4489/398 2369/4491/400
f 2371/4500/409 2365/4501/409 2373/4502/409
f 2374/4503/410 2378/4504/410 2372/4505/410
f 2389/4506/417 2384/4507/10 2382/4508/10
f 2383/4509/14 2386/4510/432 2384/4511/433
f 2385/4512/421 2388/4513/32 2386/4514/32
f 2387/4515/21 2382/4516/434 2388/4517/435
f 2374/4483/394 2389/4506/417 2365/4495/404
f 2374/4518/436 2385/4519/419 2383/4509/578
f 2373/4498/407 2385/4512/421 2372/4499/408
f 2365/4520/603 2387/4515/423 2373/4521/424
f 2225/4522/425 2386/4523/425 2388/4524/425
f 2409/4525/438 2384/4511/433 2386/4510/432
f 2390/4526/427 2382/4527/427 2384/4528/427
f 2364/4529/439 2388/4517/435 2382/4516/434
f 2391/4530/440 2395/4531/441 2224/4532/442
f 2408/4481/443 2394/4533/443 2391/4189/443
f 2393/4534/605 2397/4535/606 2408/4536/566
f 2224/4186/447 2396/4537/447 2393/4482/447
f 2346/4538/448 2427/4539/448 2349/4540/448
f 2377/4541/449 2442/4542/449 2376/4543/449
f 2378/4544/448 2399/4545/448 2451/4546/448
f 2348/4547/449 2419/4548/449 2347/4549/449
f 2377/4489/398 2451/4550/450 2443/4551/451
f 2402/4552/392 2403/4553/393 2404/4554/393
f 2362/4555/391 2569/4556/390 2405/4427/391
f 2409/4557/392 2392/4431/393 2361/4430/393
f 2363/4428/390 2390/4558/391 2335/4426/390
f 2335/4559/37 2409/4560/37 2361/4561/37
f 2402/4562/37 2542/4563/37 2362/4564/37
f 2394/4565/452 2410/4566/21 2395/4531/441
f 2411/4567/10 2394/4533/10 2397/4568/10
f 2407/4569/14 2397/4535/606 2396/4570/607
f 2410/4571/32 2396/4537/32 2395/4572/32
f 2393/4573/29 2363/4574/29 2392/4575/29
f 2392/4575/29 2405/4576/29 2336/4577/29
f 2336/4577/29 2569/4578/29 2403/4579/29
f 2342/4580/454 2413/4581/454 2350/4582/454
f 2350/4446/406 2400/4583/430 2351/4584/431
f 2437/4585/455 2414/4586/456 2436/4587/456
f 2461/4588/457 2471/4589/458 2463/4590/457
f 2416/4591/459 2418/4592/527 2424/4593/461
f 2419/4594/462 2413/4595/462 2412/4596/463
f 2420/4597/451 2422/4598/608 2413/4599/465
f 2400/4600/466 2352/4601/466 2351/4602/609
f 2424/4593/461 2412/4442/467 2425/4603/401
f 2416/4591/459 2419/4604/468 2417/4605/469
f 2413/4599/465 2423/4606/470 2400/4583/430
f 2426/4607/471 2420/4597/451 2427/4608/450
f 2424/4609/472 2400/4610/472 2423/4611/472
f 2416/4612/473 2427/4613/473 2398/4614/473
f 2434/4615/10 2431/4616/610 2429/4617/474
f 2430/4618/611 2431/4619/14 2428/4620/612
f 2432/4621/32 2433/4622/477 2430/4623/32
f 2434/4624/478 2435/4625/21 2432/4626/479
f 2429/4617/474 2416/4591/459 2424/4593/461
f 2416/4627/480 2433/4628/482 2426/4629/613
f 2433/4622/477 2423/4606/470 2426/4607/471
f 2435/4625/497 2424/4630/484 2423/4631/485
f 2432/4632/486 2415/4633/486 2461/4634/486
f 2415/4635/614 2428/4620/612 2436/4636/488
f 2436/4637/489 2434/4638/489 2437/4639/489
f 2434/4624/478 2461/4640/490 2437/4641/587
f 2292/4642/455 2467/4643/456 2438/4644/456
f 2290/4330/457 2478/4645/458 2464/4328/457
f 2439/4646/459 2441/4647/527 2448/4648/461
f 2442/4649/462 2370/4650/462 2401/4651/463
f 2443/4551/451 2445/4652/464 2370/4492/465
f 2401/4653/467 2381/4654/403 2449/4655/401
f 2449/4656/466 2371/4657/466 2446/4658/466
f 2448/4648/461 2401/4653/467 2449/4655/401
f 2439/4646/459 2442/4659/468 2440/4660/469
f 2370/4492/465 2447/4661/470 2446/4662/430
f 2450/4663/471 2443/4551/451 2451/4550/450
f 2448/4664/472 2446/4665/472 2447/4666/472
f 2439/4667/473 2451/4668/473 2399/4669/473
f 2452/4670/10 2453/4671/474 2458/4672/10
f 2454/4673/493 2455/4674/14 2452/4675/589
f 2456/4676/32 2457/4677/477 2454/4678/32
f 2458/4679/495 2459/4680/21 2456/4681/590
f 2453/4671/474 2439/4646/459 2448/4648/461
f 2439/4682/480 2457/4683/482 2450/4684/613
f 2457/4677/477 2447/4661/470 2450/4663/471
f 2459/4680/497 2448/4685/484 2447/4686/485
f 2290/4687/486 2454/4688/499 2460/4689/499
f 2460/4690/615 2452/4675/589 2438/4691/591
f 2438/4692/489 2458/4693/489 2292/4694/489
f 2292/4695/502 2456/4681/590 2290/4696/503
f 2469/4697/592 2293/4355/593 2464/4356/594
f 2465/4698/507 2467/4699/507 2293/4355/507
f 2466/4700/595 2478/4701/509 2467/4699/596
f 2468/4702/616 2464/4356/511 2478/4701/616
f 2346/4703/512 2419/4604/468 2398/4704/513
f 2348/4438/398 2427/4608/450 2420/4597/451
f 2399/4705/513 2376/4497/405 2442/4659/468
f 2642/4706/457 2415/4707/458 2470/4708/457
f 2473/4709/455 2436/4587/456 2414/4586/456
f 2463/4590/457 2460/4710/458 2461/4588/457
f 2462/4711/455 2438/4644/456 2467/4643/456
f 2437/4712/29 2460/4713/29 2438/4714/29
f 2472/4715/29 2415/4716/29 2436/4717/29
f 2465/4718/514 2480/4719/515 2474/4720/516
f 2466/4721/517 2474/4722/617 2479/4723/618
f 2468/4724/520 2479/4725/521 2476/4726/522
f 2469/4727/597 2476/4728/524 2480/4729/525
f 2462/4730/37 2478/4701/37 2463/4731/37
f 2414/4732/37 2463/4731/37 2471/4733/37
f 2473/4734/37 2471/4733/37 2642/4735/37
f 2379/4736/584 2370/4737/584 2380/4738/584
f 2342/4443/402 2339/4434/396 2338/4433/577
f 2344/4447/407 2341/4440/400 2340/4439/601
f 2379/4496/402 2367/4485/396 2366/4484/577
f 2373/4498/407 2369/4491/400 2368/4490/399
f 2417/4605/469 2412/4442/467 2418/4592/527
f 2421/4739/526 2423/4606/470 2422/4598/608
f 2440/4660/469 2401/4653/467 2441/4647/527
f 2444/4740/526 2447/4661/470 2445/4652/464
f 2483/4741/455 2481/4742/455 2491/4743/455
f 2307/4371/457 2490/4744/457 2484/4369/457
f 2488/4745/574 2310/4746/529 2484/4747/575
f 2485/4748/532 2481/4749/532 2310/4750/532
f 2486/4751/533 2490/4752/534 2481/4753/535
f 2487/4754/536 2484/4755/536 2490/4756/536
f 2662/4757/457 2482/4758/457 2489/4759/457
f 2492/4760/455 2491/4743/455 2481/4742/455
f 2661/4761/29 2482/4762/29 2491/4763/29
f 2485/4764/537 2496/4765/21 2493/4766/21
f 2485/4767/10 2495/4768/10 2486/4769/10
f 2486/4751/533 2494/4770/14 2487/4771/538
f 2487/4772/32 2496/4773/32 2488/4774/32
f 2492/4775/37 2490/4776/37 2662/4777/37
f 2491/4763/29 2307/4778/29 2483/4375/29
f 2497/4779/32 2498/4780/32 3199/4781/32
f 2499/4782/547 3199/4783/547 3200/4784/547
f 2688/4785/548 3200/4784/549 2500/4786/550
f 2501/4787/542 2500/4786/542 3201/4788/542
f 2502/4789/10 3201/4790/10 3202/4791/10
f 2503/4792/29 3202/4793/29 3203/4794/29
f 2504/4795/543 3203/4796/10 3204/4797/543
f 2505/4798/544 3204/4797/543 3205/4799/544
f 2506/4800/37 3205/4801/37 3206/4802/37
f 2507/4803/545 3206/4804/546 3207/4805/545
f 2508/4806/32 3207/4805/545 3208/4807/32
f 2687/4808/29 3208/4809/29 2498/4810/29
f 2475/4811/599 2321/4389/541 2510/4392/548
f 2477/4812/619 2500/4786/550 3200/4784/549
f 2480/4719/515 2475/4813/555 2474/4720/516
f 2474/4722/617 2512/4814/620 2479/4723/618
f 2479/4725/521 2477/4815/557 2476/4726/522
f 2476/4728/524 2511/4816/621 2480/4729/525
f 2513/4817/390 2583/4818/391 2541/4819/390
f 2514/4820/392 2539/4821/393 2570/4822/393
f 2523/4823/394 2516/4824/577 2517/4825/396
f 2525/4826/397 2528/4827/397 2526/4828/397
f 2528/4829/406 2519/4830/400 2526/4831/398
f 2530/4832/403 2590/4833/467 2520/4834/402
f 2515/4835/404 2520/4834/402 2516/4824/577
f 2525/4836/405 2523/4823/394 2517/4825/396
f 2528/4829/406 2522/4837/407 2518/4838/399
f 2521/4839/408 2526/4831/398 2519/4830/400
f 2529/4840/409 2515/4841/409 2522/4842/409
f 2523/4843/410 2527/4844/410 2521/4845/410
f 2538/4846/417 2533/4847/10 2531/4848/10
f 2532/4849/14 2535/4850/412 2533/4851/622
f 2534/4852/421 2537/4853/32 2535/4854/32
f 2536/4855/21 2531/4856/623 2537/4857/416
f 2515/4835/404 2532/4858/411 2538/4846/417
f 2523/4859/624 2534/4860/419 2532/4849/625
f 2522/4837/407 2534/4852/421 2521/4839/408
f 2515/4861/603 2536/4855/604 2522/4862/561
f 2580/4863/425 2537/4864/425 2539/4865/425
f 2580/4866/426 2533/4851/622 2535/4850/412
f 2540/4867/427 2531/4868/427 2533/4869/427
f 2539/4870/580 2531/4856/623 2513/4871/429
f 2542/4872/390 2586/4873/391 2569/4556/390
f 2571/4874/392 2404/4554/393 2403/4553/393
f 2552/4875/394 2544/4876/577 2545/4877/396
f 2554/4878/397 2558/4879/397 2555/4880/397
f 2558/4881/406 2547/4882/400 2555/4883/398
f 2558/4881/406 2624/4884/430 2549/4885/431
f 2543/4886/404 2557/4887/402 2544/4876/577
f 2554/4888/405 2552/4875/394 2545/4877/396
f 2558/4881/406 2551/4889/407 2546/4890/399
f 2550/4891/408 2555/4883/398 2547/4882/400
f 2549/4892/409 2543/4893/409 2551/4894/409
f 2552/4895/410 2556/4896/410 2550/4897/410
f 2567/4898/417 2562/4899/10 2560/4900/10
f 2561/4901/14 2564/4902/626 2562/4903/433
f 2563/4904/421 2566/4905/32 2564/4906/32
f 2565/4907/21 2560/4908/434 2566/4909/435
f 2543/4886/404 2561/4910/411 2567/4898/417
f 2552/4911/624 2563/4912/627 2561/4901/625
f 2551/4889/407 2563/4904/421 2550/4891/408
f 2543/4913/603 2565/4907/423 2551/4914/424
f 2404/4915/425 2564/4916/425 2566/4917/425
f 2587/4918/628 2562/4903/433 2564/4902/626
f 2568/4919/427 2560/4920/427 2562/4921/427
f 2542/4922/439 2566/4909/435 2560/4908/434
f 2569/4923/629 2573/4924/582 2403/4925/442
f 2586/4873/630 2572/4926/631 2569/4556/631
f 2571/4927/605 2575/4928/606 2586/4929/566
f 2403/4553/447 2574/4930/447 2571/4874/447
f 2527/4931/448 2576/4932/448 2605/4933/448
f 2554/4934/449 2621/4935/449 2620/4936/449
f 2556/4937/448 2577/4938/448 2629/4939/448
f 2525/4940/449 2598/4941/449 2597/4942/449
f 2556/4943/568 2621/4944/451 2555/4883/398
f 2580/4945/392 2581/4946/393 2582/4947/393
f 2540/4948/391 2747/4949/390 2583/4818/391
f 2587/4950/392 2570/4822/393 2539/4821/393
f 2541/4819/390 2568/4951/391 2513/4817/390
f 2513/4952/37 2587/4953/37 2539/4954/37
f 2580/4955/37 2720/4956/37 2540/4957/37
f 2584/4958/21 2573/4924/582 2572/4959/632
f 2589/4960/10 2572/4926/10 2575/4961/10
f 2585/4962/14 2575/4928/606 2574/4963/607
f 2573/4964/32 2585/4965/32 2574/4930/32
f 2571/4966/29 2541/4967/29 2570/4968/29
f 2570/4968/29 2583/4969/29 2514/4970/29
f 2514/4970/29 2747/4971/29 2581/4972/29
f 2528/4973/454 2590/4974/454 2591/4975/584
f 2528/4829/406 2578/4976/430 2529/4977/431
f 2615/4978/455 2592/4979/456 2614/4980/456
f 2639/4981/457 2649/4982/458 2641/4983/457
f 2594/4984/459 2596/4985/527 2602/4986/461
f 2597/4987/462 2591/4988/462 2590/4989/463
f 2599/4990/526 2591/4991/465 2598/4992/451
f 2603/4993/466 2529/4994/466 2578/4995/466
f 2602/4986/461 2590/4833/467 2603/4996/401
f 2594/4984/459 2597/4997/468 2595/4998/469
f 2591/4991/465 2601/4999/470 2578/4976/430
f 2604/5000/471 2598/4992/451 2605/5001/450
f 2602/5002/472 2578/5003/472 2601/5004/472
f 2594/5005/473 2605/5006/473 2576/5007/473
f 2606/5008/10 2607/5009/474 2612/5010/10
f 2608/5011/475 2609/5012/14 2606/5013/633
f 2608/5014/32 2613/5015/585 2611/5016/477
f 2612/5017/478 2613/5018/21 2610/5019/479
f 2602/4986/461 2609/5020/610 2594/4984/459
f 2594/5021/634 2611/5022/482 2604/5023/613
f 2611/5016/477 2601/4999/470 2604/5000/471
f 2613/5018/635 2602/5024/586 2601/5025/485
f 2610/5026/486 2593/5027/499 2639/5028/486
f 2593/5029/614 2606/5013/633 2614/5030/636
f 2614/5031/489 2612/5032/489 2615/5033/489
f 2612/5017/478 2639/5034/637 2615/5035/491
f 2472/5036/455 2645/5037/456 2616/5038/456
f 2470/4708/457 2656/5039/458 2642/4706/457
f 2617/5040/459 2619/5041/527 2626/5042/461
f 2620/5043/462 2548/5044/462 2579/5045/463
f 2622/5046/526 2548/5047/465 2621/4944/451
f 2627/5048/401 2557/4887/402 2559/5049/403
f 2627/5050/466 2549/5051/466 2624/5052/466
f 2626/5042/461 2579/5053/467 2627/5048/401
f 2617/5040/459 2620/5054/468 2618/5055/469
f 2548/5047/465 2625/5056/470 2624/4884/430
f 2628/5057/471 2621/4944/451 2629/5058/450
f 2626/5059/472 2624/5060/472 2625/5061/472
f 2617/5062/473 2629/5063/473 2577/5064/473
f 2630/5065/10 2631/5066/474 2636/5067/10
f 2632/5068/638 2633/5069/14 2630/5070/639
f 2632/5071/32 2637/5072/585 2635/5073/477
f 2636/5074/495 2637/5075/21 2634/5076/496
f 2631/5066/474 2617/5040/459 2626/5042/461
f 2617/5077/480 2635/5078/613 2628/5079/613
f 2635/5073/477 2625/5056/470 2628/5057/471
f 2637/5075/497 2626/5080/484 2625/5081/485
f 2470/5082/486 2632/5083/499 2638/5084/499
f 2638/5085/640 2630/5070/639 2616/5086/641
f 2616/5087/570 2636/5088/489 2472/5089/489
f 2472/5090/502 2634/5076/496 2470/5091/503
f 2647/5092/592 2473/4734/642 2642/4735/594
f 2643/5093/507 2645/5094/507 2473/4734/507
f 2644/5095/643 2656/5096/644 2645/5094/510
f 2646/5097/616 2642/4735/511 2656/5096/616
f 2576/5098/513 2525/4836/405 2597/4997/468
f 2526/4831/398 2605/5001/450 2598/4992/451
f 2577/5099/513 2554/4888/405 2620/5054/468
f 2820/5100/457 2593/5101/458 2648/5102/457
f 2651/5103/455 2614/4980/456 2592/4979/456
f 2641/4983/457 2638/5104/458 2639/4981/457
f 2640/5105/455 2616/5038/456 2645/5037/456
f 2615/5106/29 2638/5107/29 2616/5108/29
f 2650/5109/29 2593/5110/29 2614/5111/29
f 2643/5112/514 2658/5113/515 2652/5114/516
f 2644/5115/645 2652/5116/518 2657/5117/519
f 2646/5118/520 2657/5119/521 2654/5120/522
f 2647/5121/646 2654/5122/524 2658/5123/525
f 2640/5124/37 2656/5096/37 2641/5125/37
f 2592/5126/37 2641/5125/37 2649/5127/37
f 2651/5128/37 2649/5127/37 2820/5129/37
f 2557/5130/454 2548/5131/454 2558/5132/454
f 2520/4834/402 2517/4825/396 2516/4824/577
f 2522/4837/407 2519/4830/400 2518/4838/399
f 2557/4887/402 2545/4877/396 2544/4876/577
f 2551/4889/407 2547/4882/400 2546/4890/399
f 2595/4998/469 2590/4833/467 2596/4985/527
f 2599/4990/526 2601/4999/470 2600/5133/464
f 2618/5055/469 2579/5053/467 2619/5041/527
f 2622/5046/526 2625/5056/470 2623/5134/464
f 2661/5135/455 2659/5136/455 2669/5137/455
f 2489/4759/457 2668/5138/457 2662/4757/457
f 2666/5139/574 2492/5140/647 2662/5141/648
f 2663/5142/532 2659/5143/532 2492/5144/532
f 2664/5145/533 2668/5146/649 2659/5147/650
f 2665/5148/651 2662/5149/536 2668/5150/651
f 2840/5151/457 2660/5152/457 2667/5153/457
f 2670/5154/455 2669/5137/455 2659/5136/455
f 2839/5155/29 2660/5156/29 2669/5157/29
f 2663/5158/652 2674/5159/21 2671/5160/21
f 2663/5161/10 2673/5162/10 2664/5163/10
f 2664/5145/533 2672/5164/14 2665/5165/653
f 2665/5166/32 2674/5167/32 2666/5168/32
f 2670/5169/37 2668/5170/37 2840/5171/37
f 2669/5157/29 2489/5172/29 2661/4761/29
f 2675/5173/32 2676/5174/32 3209/5175/32
f 2677/5176/547 3209/5177/547 3210/5178/547
f 2866/5179/548 3210/5178/549 2678/5180/550
f 2679/5181/542 2678/5180/542 3211/5182/542
f 2680/5183/10 3211/5184/10 3212/5185/10
f 2681/5186/29 3212/5187/29 3213/5188/29
f 3214/5189/543 2681/5190/10 3213/5191/10
f 2683/5192/551 3214/5189/543 3215/5193/544
f 2684/5194/37 3215/5195/37 3216/5196/37
f 2685/5197/545 3216/5198/546 3217/5199/545
f 2686/5200/32 3217/5199/545 3218/5201/32
f 2865/5202/29 3218/5203/29 2676/5204/29
f 2689/5205/654 2688/4785/548 2653/5206/599
f 2690/5207/576 3210/5178/549 2655/5208/619
f 2658/5113/515 2653/5209/555 2652/5114/516
f 2652/5116/518 2690/5210/620 2657/5117/519
f 2657/5119/521 2655/5211/557 2654/5120/522
f 2654/5122/524 2689/5212/655 2658/5123/525
f 2691/5213/390 2761/5214/391 2719/5215/390
f 2692/5216/392 2717/5217/393 2748/5218/393
f 2701/5219/394 2694/5220/577 2695/5221/396
f 2703/5222/397 2706/5223/397 2704/5224/397
f 2706/5225/406 2697/5226/400 2704/5227/398
f 2708/5228/403 2768/5229/467 2698/5230/402
f 2693/5231/404 2698/5230/402 2694/5220/577
f 2703/5232/405 2701/5219/394 2695/5221/396
f 2706/5225/406 2700/5233/656 2696/5234/601
f 2699/5235/408 2704/5227/398 2697/5226/400
f 2707/5236/409 2693/5237/409 2700/5238/409
f 2701/5239/410 2705/5240/410 2699/5241/410
f 2716/5242/417 2711/5243/10 2709/5244/10
f 2710/5245/14 2713/5246/412 2711/5247/622
f 2712/5248/421 2715/5249/32 2713/5250/32
f 2714/5251/21 2709/5252/623 2715/5253/416
f 2693/5231/404 2710/5254/411 2716/5242/417
f 2701/5255/624 2712/5256/627 2710/5245/625
f 2700/5233/656 2712/5248/421 2699/5235/408
f 2693/5257/603 2714/5251/604 2700/5258/423
f 2758/5259/425 2715/5260/425 2717/5261/425
f 2758/5262/426 2711/5247/622 2713/5246/412
f 2718/5263/427 2709/5264/427 2711/5265/427
f 2717/5266/657 2709/5252/623 2691/5267/429
f 2720/5268/390 2764/5269/391 2747/4949/390
f 2749/5270/392 2582/4947/393 2581/4946/393
f 2730/5271/394 2722/5272/577 2723/5273/396
f 2732/5274/397 2736/5275/397 2733/5276/397
f 2736/5277/406 2725/5278/400 2733/5279/398
f 2736/5277/406 2802/5280/430 2727/5281/431
f 2721/5282/404 2735/5283/402 2722/5272/577
f 2732/5284/405 2730/5271/394 2723/5273/396
f 2736/5277/406 2729/5285/407 2724/5286/399
f 2728/5287/408 2733/5279/398 2725/5278/400
f 2727/5288/409 2721/5289/409 2729/5290/409
f 2730/5291/410 2734/5292/410 2728/5293/410
f 2738/5294/10 2739/5295/411 2740/5296/10
f 2739/5297/14 2742/5298/626 2740/5299/433
f 2741/5300/421 2744/5301/32 2742/5302/32
f 2743/5303/21 2738/5304/434 2744/5305/658
f 2721/5282/404 2739/5295/411 2745/5306/417
f 2730/5307/624 2741/5308/419 2739/5297/625
f 2729/5285/407 2741/5300/421 2728/5287/408
f 2721/5309/603 2743/5303/423 2729/5310/424
f 2582/5311/425 2742/5312/425 2744/5313/425
f 2765/5314/628 2740/5299/433 2742/5298/626
f 2746/5315/427 2738/5316/427 2740/5317/427
f 2720/5318/439 2744/5305/658 2738/5304/434
f 2747/5319/629 2751/5320/582 2581/5321/442
f 2764/5269/630 2750/5322/630 2747/4949/630
f 2749/5323/605 2753/5324/606 2764/5325/446
f 2581/4946/447 2752/5326/447 2749/5270/447
f 2702/5327/448 2783/5328/659 2705/5329/448
f 2732/5330/449 2799/5331/449 2798/5332/449
f 2734/5333/448 2755/5334/448 2807/5335/448
f 2703/5336/449 2776/5337/449 2775/5338/449
f 2734/5339/568 2799/5340/451 2733/5279/398
f 2758/5341/392 2759/5342/393 2760/5343/393
f 2718/5344/391 2925/5345/390 2761/5214/391
f 2765/5346/392 2748/5218/393 2717/5217/393
f 2719/5215/390 2746/5347/391 2691/5213/390
f 2691/5348/37 2765/5349/37 2717/5350/37
f 2758/5351/37 2898/5352/37 2718/5353/37
f 2762/5354/21 2751/5320/582 2750/5355/632
f 2767/5356/10 2750/5322/10 2753/5357/10
f 2763/5358/14 2753/5324/606 2752/5359/607
f 2766/5360/32 2752/5326/32 2751/5361/32
f 2749/5362/29 2719/5363/29 2748/5364/29
f 2748/5364/29 2761/5365/29 2692/5366/29
f 2692/5366/29 2925/5367/29 2759/5368/29
f 2706/5369/454 2768/5370/454 2769/5371/454
f 2706/5225/406 2756/5372/430 2707/5373/431
f 2793/5374/455 2770/5375/456 2792/5376/456
f 2817/5377/457 2827/5378/458 2819/5379/457
f 2772/5380/459 2774/5381/527 2780/5382/461
f 2775/5383/462 2769/5384/462 2768/5385/463
f 2777/5386/526 2769/5387/465 2776/5388/451
f 2756/5389/466 2708/5390/466 2707/5391/466
f 2780/5382/461 2768/5229/467 2781/5392/401
f 2772/5380/459 2775/5393/468 2773/5394/469
f 2769/5387/465 2779/5395/470 2756/5372/430
f 2782/5396/471 2776/5388/451 2783/5397/450
f 2780/5398/472 2756/5399/472 2779/5400/472
f 2772/5401/473 2783/5402/473 2754/5403/473
f 2784/5404/10 2785/5405/474 2790/5406/10
f 2786/5407/475 2787/5408/14 2784/5409/633
f 2788/5410/32 2789/5411/477 2786/5412/32
f 2790/5413/478 2791/5414/21 2788/5415/479
f 2780/5382/461 2787/5416/610 2772/5380/459
f 2772/5417/634 2789/5418/660 2782/5419/661
f 2789/5411/477 2779/5395/470 2782/5396/471
f 2791/5414/635 2780/5420/586 2779/5421/485
f 2788/5422/499 2771/5423/499 2817/5424/486
f 2771/5425/614 2784/5409/633 2792/5426/662
f 2792/5427/489 2790/5428/489 2793/5429/489
f 2790/5413/478 2817/5430/490 2793/5431/491
f 2650/5432/455 2823/5433/456 2794/5434/456
f 2648/5102/457 2834/5435/458 2820/5100/457
f 2795/5436/459 2797/5437/527 2804/5438/461
f 2798/5439/462 2726/5440/462 2757/5441/463
f 2800/5442/526 2726/5443/465 2799/5340/451
f 2757/5444/467 2737/5445/403 2805/5446/401
f 2802/5447/466 2737/5448/466 2727/5449/466
f 2804/5438/461 2757/5444/467 2805/5446/401
f 2795/5436/459 2798/5450/468 2796/5451/469
f 2726/5443/465 2803/5452/470 2802/5280/430
f 2806/5453/471 2799/5340/451 2807/5454/450
f 2804/5455/492 2802/5456/472 2803/5457/472
f 2795/5458/473 2807/5459/473 2755/5460/473
f 2808/5461/10 2809/5462/474 2814/5463/10
f 2810/5464/638 2811/5465/14 2808/5466/589
f 2810/5467/32 2815/5468/585 2813/5469/477
f 2814/5470/663 2815/5471/21 2812/5472/496
f 2804/5438/461 2811/5473/610 2795/5436/459
f 2795/5474/634 2813/5475/482 2806/5476/613
f 2813/5469/477 2803/5452/470 2806/5453/471
f 2815/5471/485 2804/5477/484 2803/5478/664
f 2648/5479/486 2810/5480/499 2816/5481/499
f 2816/5482/640 2808/5466/589 2794/5483/641
f 2794/5484/489 2814/5485/489 2650/5486/489
f 2650/5487/502 2812/5472/496 2648/5488/503
f 2825/5489/592 2651/5128/642 2820/5129/594
f 2821/5490/507 2823/5491/507 2651/5128/507
f 2822/5492/643 2834/5493/665 2823/5491/510
f 2824/5494/511 2820/5129/511 2834/5493/511
f 2754/5495/513 2703/5232/405 2775/5393/468
f 2704/5227/398 2783/5397/450 2776/5388/451
f 2755/5496/513 2732/5284/405 2798/5450/468
f 2998/5497/457 2771/5498/458 2826/5499/457
f 2829/5500/455 2792/5376/456 2770/5375/456
f 2819/5379/457 2816/5501/458 2817/5377/457
f 2818/5502/455 2794/5434/456 2823/5433/456
f 2793/5503/29 2816/5504/29 2794/5505/29
f 2828/5506/29 2771/5507/29 2792/5508/29
f 2821/5509/514 2836/5510/515 2830/5511/516
f 2822/5512/645 2830/5513/518 2835/5514/519
f 2824/5515/666 2835/5516/521 2832/5517/522
f 2825/5518/646 2832/5519/524 2836/5520/525
f 2818/5521/37 2834/5493/37 2819/5522/37
f 2770/5523/37 2819/5522/37 2827/5524/37
f 2829/5525/37 2827/5524/37 2998/5526/37
f 2736/5527/454 2757/5528/454 2726/5529/454
f 2698/5230/402 2695/5221/396 2694/5220/577
f 2700/5233/656 2697/5226/400 2696/5234/601
f 2735/5283/402 2723/5273/396 2722/5272/577
f 2729/5285/407 2725/5278/400 2724/5286/399
f 2773/5394/469 2768/5229/467 2774/5381/527
f 2777/5386/526 2779/5395/470 2778/5530/464
f 2796/5451/469 2757/5444/467 2797/5437/527
f 2800/5442/526 2803/5452/470 2801/5531/464
f 2839/5532/455 2837/5533/455 2847/5534/455
f 2667/5153/457 2846/5535/457 2840/5151/457
f 2844/5536/667 2670/5537/668 2840/5538/648
f 2841/5539/531 2837/5540/531 2670/5541/531
f 2842/5542/533 2846/5543/649 2837/5544/535
f 2843/5545/536 2840/5546/536 2846/5547/536
f 3018/5548/457 2838/5549/457 2845/5550/457
f 2848/5551/455 2847/5534/455 2837/5533/455
f 3017/5552/29 2838/5553/29 2847/5554/29
f 2841/5555/652 2852/5556/21 2849/5557/21
f 2841/5558/10 2851/5559/10 2842/5560/10
f 2842/5542/533 2850/5561/14 2843/5562/669
f 2843/5563/32 2852/5564/32 2844/5565/32
f 2848/5566/37 2846/5567/37 3018/5568/37
f 2847/5554/29 2667/5569/29 2839/5155/29
f 2853/5570/32 2854/5571/32 3219/5572/32
f 2855/5573/547 3219/5574/547 3220/5575/547
f 3044/5576/548 3220/5575/549 2856/5577/550
f 2857/5578/542 2856/5577/542 3221/5579/542
f 2858/5580/10 3221/5581/10 3222/5582/10
f 2859/5583/29 3222/5584/29 3223/5585/29
f 2860/5586/543 3223/5587/10 3224/5588/543
f 2861/5589/551 3224/5588/543 3225/5590/551
f 2862/5591/37 3225/5592/37 3226/5593/37
f 2863/5594/545 3226/5595/546 3227/5596/545
f 2864/5597/32 3227/5596/545 3228/5598/32
f 3043/5599/29 3228/5600/29 2854/5601/29
f 2867/5602/654 2866/5179/548 2831/5603/599
f 2833/5604/619 2856/5577/550 3220/5575/549
f 2836/5510/515 2831/5605/555 2830/5511/516
f 2830/5513/518 2868/5606/620 2835/5514/519
f 2835/5516/521 2833/5607/670 2832/5517/522
f 2832/5519/524 2867/5608/558 2836/5520/525
f 2869/5609/390 2939/5610/391 2897/5611/390
f 2870/5612/392 2895/5613/393 2926/5614/393
f 2879/5615/394 2872/5616/395 2873/5617/396
f 2881/5618/397 2884/5619/397 2882/5620/397
f 2884/5621/406 2875/5622/400 2882/5623/398
f 2959/5624/401 2876/5625/402 2886/5626/403
f 2871/5627/671 2876/5625/402 2872/5616/395
f 2881/5628/405 2879/5615/394 2873/5617/396
f 2884/5621/406 2878/5629/656 2874/5630/601
f 2877/5631/408 2882/5623/398 2875/5622/400
f 2885/5632/409 2871/5633/409 2878/5634/409
f 2879/5635/410 2883/5636/410 2877/5637/410
f 2894/5638/411 2889/5639/10 2887/5640/10
f 2888/5641/14 2891/5642/559 2889/5643/622
f 2890/5644/421 2893/5645/32 2891/5646/32
f 2892/5647/21 2887/5648/415 2893/5649/416
f 2871/5627/671 2888/5650/411 2894/5638/411
f 2879/5651/672 2890/5652/673 2888/5641/624
f 2878/5629/656 2890/5644/421 2877/5631/408
f 2871/5653/422 2892/5647/423 2878/5654/424
f 2936/5655/563 2893/5656/563 2895/5657/425
f 2936/5658/426 2889/5643/622 2891/5642/559
f 2896/5659/427 2887/5660/427 2889/5661/427
f 2895/5662/428 2887/5648/415 2869/5663/674
f 2898/5664/390 2942/5665/391 2925/5345/390
f 2927/5666/392 2760/5343/393 2759/5342/393
f 2908/5667/394 2900/5668/395 2901/5669/396
f 2910/5670/397 2914/5671/397 2911/5672/397
f 2914/5673/406 2903/5674/400 2911/5675/398
f 2914/5673/406 2980/5676/430 2905/5677/431
f 2899/5678/671 2913/5679/402 2900/5668/395
f 2910/5680/405 2908/5667/394 2901/5669/396
f 2914/5673/406 2907/5681/656 2902/5682/601
f 2906/5683/408 2911/5675/398 2903/5674/400
f 2905/5684/409 2899/5685/409 2907/5686/409
f 2908/5687/410 2912/5688/410 2906/5689/410
f 2923/5690/411 2918/5691/10 2916/5692/10
f 2917/5693/14 2920/5694/675 2918/5695/433
f 2920/5696/32 2921/5697/421 2922/5698/32
f 2921/5699/21 2916/5700/434 2922/5701/435
f 2899/5678/671 2917/5702/411 2923/5690/411
f 2908/5703/624 2919/5704/673 2917/5693/625
f 2907/5681/656 2919/5705/421 2906/5683/408
f 2899/5706/603 2921/5699/423 2907/5707/424
f 2760/5708/425 2920/5709/563 2922/5710/425
f 2943/5711/676 2918/5695/433 2920/5694/675
f 2924/5712/427 2916/5713/427 2918/5714/427
f 2898/5715/439 2922/5701/435 2916/5700/434
f 2925/5716/629 2929/5717/582 2759/5718/442
f 2942/5665/630 2928/5719/630 2925/5345/630
f 2927/5720/677 2931/5721/606 2942/5722/566
f 2759/5342/447 2930/5723/678 2927/5666/678
f 2880/5724/448 2961/5725/448 2883/5726/448
f 2910/5727/449 2977/5728/449 2976/5729/679
f 2909/5730/448 2985/5731/448 2912/5732/659
f 2882/5733/679 2953/5734/679 2881/5735/679
f 2912/5736/568 2977/5737/451 2911/5675/398
f 2936/5738/392 2937/5739/393 2938/5740/393
f 2896/5741/391 3074/5742/390 2939/5610/391
f 2943/5743/392 2926/5614/393 2895/5613/393
f 2897/5611/390 2924/5744/391 2869/5609/390
f 2869/5745/37 2943/5746/37 2895/5747/37
f 2936/5748/37 3047/5749/37 2896/5750/37
f 2940/5751/21 2929/5717/582 2928/5752/632
f 2945/5753/10 2928/5719/10 2931/5754/10
f 2941/5755/14 2931/5721/606 2930/5756/607
f 2929/5757/32 2941/5758/32 2930/5723/32
f 2927/5759/29 2897/5760/29 2926/5761/29
f 2926/5761/29 2939/5762/29 2870/5763/29
f 2870/5763/29 3074/5764/29 2937/5765/29
f 2876/5766/584 2947/5767/584 2884/5768/584
f 2884/5621/406 2934/5769/430 2885/5770/431
f 2971/5771/455 2948/5772/456 2970/5773/456
f 2995/5774/457 3005/5775/458 2997/5776/457
f 2950/5777/459 2952/5778/527 2958/5779/680
f 2953/5780/462 2947/5781/462 2946/5782/463
f 2955/5783/526 2947/5784/465 2954/5785/451
f 2959/5786/609 2885/5787/466 2934/5788/609
f 2958/5779/680 2946/5789/467 2959/5624/401
f 2950/5777/459 2953/5790/468 2951/5791/469
f 2947/5784/465 2957/5792/681 2934/5769/430
f 2960/5793/471 2954/5785/451 2961/5794/450
f 2958/5795/472 2934/5796/472 2957/5797/472
f 2950/5798/473 2961/5799/473 2932/5800/473
f 2962/5801/10 2963/5802/610 2968/5803/10
f 2964/5804/611 2965/5805/14 2962/5806/682
f 2966/5807/32 2967/5808/477 2964/5809/32
f 2968/5810/478 2969/5811/21 2966/5812/479
f 2958/5779/680 2965/5813/610 2950/5777/459
f 2950/5814/683 2967/5815/684 2960/5816/685
f 2967/5808/477 2957/5792/681 2960/5793/471
f 2969/5811/635 2958/5817/686 2957/5818/687
f 2966/5819/486 2949/5820/486 2995/5821/486
f 2949/5822/614 2962/5806/682 2970/5823/636
f 2970/5824/489 2968/5825/489 2971/5826/489
f 2968/5810/478 2995/5827/637 2971/5828/491
f 2828/5829/455 3001/5830/456 2972/5831/456
f 2826/5499/457 3012/5832/458 2998/5497/457
f 2973/5833/459 2975/5834/527 2982/5835/461
f 2976/5836/462 2904/5837/462 2935/5838/463
f 2978/5839/526 2904/5840/465 2977/5737/451
f 2935/5841/467 2915/5842/403 2983/5843/401
f 2983/5844/466 2905/5845/609 2980/5846/466
f 2982/5835/461 2935/5841/467 2983/5843/401
f 2973/5833/459 2976/5847/468 2974/5848/469
f 2904/5840/465 2981/5849/681 2980/5676/430
f 2984/5850/471 2977/5737/451 2985/5851/450
f 2982/5852/472 2980/5853/472 2981/5854/472
f 2973/5855/473 2985/5856/473 2933/5857/473
f 2986/5858/10 2987/5859/474 2992/5860/10
f 2988/5861/638 2989/5862/14 2986/5863/589
f 2990/5864/32 2991/5865/477 2988/5866/32
f 2992/5867/663 2993/5868/21 2990/5869/496
f 2982/5835/461 2989/5870/610 2973/5833/459
f 2973/5871/634 2991/5872/685 2984/5873/688
f 2991/5865/477 2981/5849/681 2984/5850/471
f 2993/5868/687 2982/5874/686 2981/5875/664
f 2826/5876/486 2988/5877/499 2994/5878/499
f 2994/5879/640 2986/5863/589 2972/5880/641
f 2972/5881/489 2992/5882/489 2828/5883/489
f 2828/5884/502 2990/5869/496 2826/5885/503
f 3003/5886/592 2829/5525/642 2998/5526/594
f 2999/5887/507 3001/5888/507 2829/5525/507
f 3000/5889/643 3012/5890/665 3001/5888/510
f 3002/5891/511 2998/5526/511 3012/5890/511
f 2880/5892/512 2953/5790/468 2932/5893/513
f 2882/5623/398 2961/5794/450 2954/5785/451
f 2909/5894/512 2976/5847/468 2933/5895/513
f 3111/5896/457 2949/5897/458 3004/5898/457
f 3007/5899/455 2970/5773/456 2948/5772/456
f 2997/5776/457 2994/5900/458 2995/5774/457
f 2996/5901/455 2972/5831/456 3001/5830/456
f 2971/5902/29 2994/5903/29 2972/5904/29
f 3006/5905/29 2949/5906/29 2970/5907/29
f 2999/5908/514 3014/5909/515 3008/5910/516
f 3000/5911/645 3008/5912/518 3013/5913/519
f 3002/5914/666 3013/5915/521 3010/5916/522
f 3003/5917/646 3010/5918/524 3014/5919/525
f 2996/5920/37 3012/5890/37 2997/5921/37
f 2948/5922/37 2997/5921/37 3005/5923/37
f 3007/5924/37 3005/5923/37 3111/5925/37
f 2914/5926/454 2935/5927/454 2904/5928/454
f 2876/5625/402 2873/5617/396 2872/5616/395
f 2878/5629/656 2875/5622/400 2874/5630/601
f 2913/5679/402 2901/5669/396 2900/5668/395
f 2907/5681/656 2903/5674/400 2902/5682/601
f 2951/5791/469 2946/5789/467 2952/5778/527
f 2955/5783/526 2957/5792/681 2956/5929/608
f 2974/5848/469 2935/5841/467 2975/5834/527
f 2978/5839/526 2981/5849/681 2979/5930/608
f 3017/5931/455 3015/5932/455 3025/5933/455
f 2845/5550/457 3024/5934/457 3018/5548/457
f 3022/5935/667 2848/5936/647 3018/5937/648
f 3019/5938/531 3015/5939/689 2848/5940/531
f 3020/5941/533 3024/5942/690 3015/5943/650
f 3021/5944/536 3018/5945/536 3024/5946/536
f 3127/5947/457 3016/5948/457 3023/5949/457
f 3026/5950/455 3025/5933/455 3015/5932/455
f 3126/5951/29 3016/5952/29 3025/5953/29
f 3019/5954/652 3030/5955/21 3027/5956/21
f 3019/5957/10 3029/5958/10 3020/5959/10
f 3020/5941/533 3028/5960/14 3021/5961/669
f 3022/5962/32 3028/5963/32 3030/5964/32
f 3026/5965/37 3024/5966/37 3127/5967/37
f 3025/5953/29 2845/5968/29 3017/5552/29
f 3031/5969/32 3032/5970/32 3229/5971/32
f 3033/5972/547 3229/5973/547 3230/5974/547
f 3153/5975/548 3230/5974/549 3034/5976/550
f 3035/5977/542 3034/5976/542 3231/5978/542
f 3036/5979/10 3231/5980/10 3232/5981/10
f 3037/5982/29 3232/5983/29 3233/5984/29
f 3234/5985/543 3037/5986/10 3233/5987/10
f 3039/5988/551 3234/5985/543 3235/5989/544
f 3040/5990/37 3235/5991/37 3236/5992/37
f 3041/5993/545 3236/5994/546 3237/5995/545
f 3042/5996/32 3237/5995/545 3238/5997/32
f 3152/5998/29 3238/5999/29 3032/6000/29
f 3045/6001/654 3044/5576/548 3009/6002/599
f 3046/6003/576 3230/5974/549 3011/6004/554
f 3014/5909/515 3009/6005/555 3008/5910/516
f 3008/5912/518 3046/6006/620 3013/5913/519
f 3013/5915/521 3011/6007/691 3010/5916/522
f 3010/5918/524 3045/6008/655 3014/5919/525
f 3047/6009/390 3084/6010/390 3074/5742/390
f 3075/6011/393 2938/5740/393 2937/5739/393
f 3057/6012/394 3049/6013/395 3050/6014/396
f 3059/6015/397 3063/6016/397 3060/6017/397
f 3063/6018/406 3052/6019/400 3060/6020/398
f 3053/6021/465 3054/6022/431 3063/6018/406
f 3048/6023/671 3062/6024/402 3049/6013/395
f 3059/6025/405 3057/6012/394 3050/6014/396
f 3063/6018/406 3056/6026/656 3051/6027/601
f 3055/6028/408 3060/6020/398 3052/6019/400
f 3054/6029/409 3048/6030/409 3056/6031/409
f 3057/6032/410 3061/6033/410 3055/6034/410
f 3065/6035/10 3066/6036/411 3067/6037/10
f 3066/6038/14 3069/6039/626 3067/6040/692
f 3068/6041/421 3071/6042/32 3069/6043/32
f 3070/6044/693 3065/6045/694 3071/6046/695
f 3048/6023/671 3066/6036/411 3072/6047/411
f 3057/6048/672 3068/6049/627 3066/6038/672
f 3056/6026/656 3068/6041/421 3055/6028/408
f 3048/6050/603 3070/6044/604 3056/6051/561
f 2938/6052/425 3069/6053/425 3071/6054/425
f 3085/6055/628 3067/6040/692 3069/6039/626
f 3073/6056/427 3065/6057/427 3067/6058/427
f 3047/6059/696 3071/6046/695 3065/6045/694
f 3074/6060/629 3077/6061/441 2937/6062/442
f 3084/6010/697 3076/6063/697 3074/5742/697
f 3075/6064/677 3079/6065/606 3084/6066/566
f 2937/5739/678 3078/6067/678 3075/6011/678
f 3060/6068/449 3092/6069/449 3059/6070/449
f 3058/6071/659 3101/6072/448 3061/6073/659
f 3060/6020/398 3101/6074/450 3093/6075/451
f 3076/6076/698 3086/6077/699 3077/6061/441
f 3079/6078/10 3082/6079/10 3076/6063/10
f 3083/6080/14 3079/6065/606 3078/6081/607
f 3086/6082/32 3078/6067/32 3077/6083/32
f 3006/6084/455 3114/6085/455 3088/6086/456
f 3004/5898/457 3121/6087/457 3111/5896/457
f 3089/6088/459 3091/6089/460 3098/6090/680
f 3092/6091/462 3053/6092/462 3081/6093/463
f 3094/6094/526 3053/6021/465 3093/6075/451
f 3099/6095/401 3062/6024/402 3064/6096/403
f 3099/6097/609 3054/6098/466 3096/6099/609
f 3098/6090/680 3081/6100/467 3099/6095/401
f 3089/6088/459 3092/6101/468 3090/6102/469
f 3053/6021/465 3097/6103/681 3096/6104/430
f 3100/6105/471 3093/6075/451 3101/6074/450
f 3098/6106/472 3096/6107/472 3097/6108/472
f 3089/6109/473 3101/6110/473 3080/6111/473
f 3108/6112/10 3105/6113/610 3103/6114/610
f 3104/6115/493 3105/6116/700 3102/6117/571
f 3106/6118/32 3107/6119/477 3104/6120/32
f 3108/6121/701 3109/6122/702 3106/6123/703
f 3098/6090/680 3105/6113/610 3089/6088/459
f 3089/6124/634 3107/6125/482 3100/6126/613
f 3107/6119/477 3097/6103/681 3100/6105/471
f 3109/6122/483 3098/6127/484 3097/6128/635
f 3004/6129/486 3104/6130/499 3110/6131/499
f 3110/6132/500 3102/6117/571 3088/6133/501
f 3088/6134/489 3108/6135/489 3006/6136/489
f 3006/6137/704 3106/6123/703 3004/6138/705
f 3116/6139/592 3007/5924/706 3111/5925/594
f 3112/6140/507 3114/6141/507 3007/5924/507
f 3113/6142/643 3121/6143/665 3114/6141/596
f 3115/6144/511 3111/5925/511 3121/6143/511
f 3058/6145/512 3092/6101/468 3080/6146/513
f 3112/6147/707 3123/6148/515 3117/6149/708
f 3113/6150/645 3117/6151/518 3122/6152/519
f 3115/6153/709 3122/6154/521 3119/6155/522
f 3116/6156/646 3119/6157/524 3123/6158/525
f 3062/6159/454 3053/6160/454 3063/6161/584
f 3062/6024/402 3050/6014/396 3049/6013/395
f 3056/6026/656 3052/6019/400 3051/6027/601
f 3090/6102/469 3081/6100/467 3091/6089/460
f 3094/6094/526 3097/6103/681 3095/6162/608
f 3126/6163/455 3124/6164/455 3134/6165/455
f 3023/5949/457 3135/6166/457 3127/5947/457
f 3131/6167/667 3026/6168/647 3127/6169/648
f 3128/6170/531 3124/6171/531 3026/6172/531
f 3129/6173/533 3135/6174/690 3124/6175/650
f 3130/6176/536 3127/6177/536 3135/6178/536
f 3128/6179/652 3137/6180/21 3132/6181/21
f 3128/6182/10 3136/6183/10 3129/6184/10
f 3129/6173/533 3133/6185/14 3130/6186/669
f 3130/6187/32 3137/6188/32 3131/6189/32
f 3134/6190/29 3023/6191/29 3126/5951/29
f 3138/6192/32 3140/6193/32 3239/6194/32
f 3141/6195/547 3239/6196/547 3240/6197/547
f 3143/6198/29 3240/6197/549 3142/6199/550
f 3144/6200/542 3142/6199/542 3241/6201/542
f 3145/6202/10 3241/6203/10 3242/6204/10
f 3146/6205/29 3242/6206/29 3243/6207/29
f 3147/6208/543 3243/6209/10 3244/6210/543
f 3148/6211/551 3244/6210/543 3245/6212/551
f 3149/6213/37 3245/6214/37 3246/6215/37
f 3150/6216/545 3246/6217/546 3247/6218/545
f 3248/6219/32 3150/6216/545 3247/6218/545
f 3139/6220/29 3248/6221/29 3140/6222/29
f 3154/6223/654 3153/5975/548 3118/6224/599
f 3120/6225/619 3142/6199/550 3240/6197/549
f 3123/6148/515 3118/6226/555 3117/6149/708
f 3117/6151/518 3155/6227/710 3122/6152/519
f 3122/6154/521 3120/6228/691 3119/6155/522
f 3119/6157/524 3154/6229/655 3123/6158/525
f 117/6230/66 3086/6231/711 3082/6232/711
f 1092/3258/712 3086/6231/712 116/158/712
f 118/3257/389 3083/6233/713 1092/3258/389
f 118/3257/714 3082/6232/714 3087/6234/714
f 1084/6235/715 1091/6236/715 1083/6237/715
f 125/175/67 3136/6238/716 127/6239/67
f 125/3249/717 3137/6188/718 3133/6240/719
f 134/189/71 3132/6241/720 3137/6242/720
f 127/3247/721 3132/6243/722 129/178/722
f 264/443/71 3027/6244/720 3030/6245/720
f 258/421/721 3027/6246/721 259/429/721
f 257/427/103 3029/6247/723 258/6248/103
f 257/426/718 3030/5964/718 3028/5963/718
f 392/697/71 2849/6249/720 2852/6250/720
f 386/675/721 2849/6251/721 387/683/721
f 385/681/103 2851/6252/723 386/6253/103
f 385/680/718 2852/5564/718 2850/6254/718
f 513/935/103 2673/6255/723 514/6256/103
f 513/934/718 2674/5167/718 2672/6257/718
f 520/951/71 2671/6258/724 2674/6259/720
f 514/929/721 2671/6260/722 515/943/722
f 648/1205/71 2493/6261/724 2496/6262/724
f 642/1183/721 2493/6263/721 643/1197/721
f 641/1189/103 2495/6264/725 642/6265/103
f 641/1188/718 2496/4773/718 2494/6266/718
f 771/1456/71 2318/6267/724 776/1457/71
f 769/1443/103 2317/6268/723 770/6269/103
f 769/1442/718 2318/6270/718 2316/6271/718
f 932/1754/71 2140/6272/724 935/1755/71
f 929/1734/721 2134/6273/721 932/1746/721
f 928/1740/103 2139/6274/723 929/6275/103
f 928/1739/717 2140/6276/719 2137/6277/717
f 996/3245/388 1941/6278/726 1089/3246/388
f 996/1892/727 1940/3639/727 1935/3638/727
f 995/6279/103 1936/6280/725 1940/6281/725
f 1089/1897/717 1936/6282/717 994/1889/717
f 1086/6283/728 1088/6284/728 1085/6285/728
f 977/6286/729 972/6287/729 975/6288/729
f 976/1858/167 1835/6289/730 978/6290/167
f 985/1872/731 1842/6291/731 976/1858/731
f 985/1872/101 1843/6292/732 1836/6293/732
f 980/1871/733 1835/6289/734 1843/6292/733
f 2050/6294/711 912/1707/66 2054/6295/711
f 2050/6294/735 916/1721/733 913/6296/735
f 2055/6297/732 919/1722/101 916/1721/101
f 753/1409/66 2227/6298/711 754/6299/108
f 760/1425/101 2233/6300/732 2228/6301/736
f 625/6302/108 2406/6303/711 626/1155/108
f 632/1171/737 2410/6304/737 625/6302/737
f 632/1171/101 2411/6305/736 2407/6306/736
f 627/1170/735 2406/6303/735 2411/6305/735
f 504/917/101 2589/6307/732 2585/6308/732
f 499/916/733 2584/6309/735 2589/6307/733
f 497/901/66 2584/6309/711 498/6310/66
f 504/917/731 2588/6311/712 497/901/712
f 369/647/66 2762/6312/711 370/6313/66
f 376/663/712 2766/6314/712 369/647/712
f 376/663/101 2767/6315/736 2763/6316/736
f 371/662/735 2762/6312/735 2767/6315/735
f 243/408/101 2941/6317/732 248/409/101
f 243/408/735 2940/6318/735 2945/6319/735
f 241/393/66 2940/6318/711 242/6320/66
f 248/409/712 2944/6321/712 241/393/712
f 126/6322/738 121/6323/738 124/6324/738
f 3156/6325/393 3075/6011/393 3157/6326/393
f 3084/6010/390 3158/6327/390 3159/6328/390
f 3158/6329/37 3085/6330/37 3156/6331/37
f 3075/6332/29 3159/6333/29 3157/6334/29
f 3121/6087/457 3161/6335/457 3160/6336/457
f 3162/6337/455 3114/6085/455 3163/6338/455
f 3110/6339/29 3162/6340/29 3161/6341/29
f 3163/6342/37 3121/6143/37 3160/6343/37
f 3135/6166/457 3165/6344/457 3164/6345/457
f 3166/6346/455 3124/6164/455 3167/6347/455
f 3125/6348/29 3166/6349/29 3165/6350/29
f 3167/6351/37 3135/6352/37 3164/6353/37
f 916/1713/10 910/6354/10 913/1701/10
f 2052/6355/391 2036/6356/390 2033/3839/391
f 2041/3818/392 1833/3395/393 1832/3394/393
f 2013/3782/399 2020/3784/398 2023/3775/406
f 2025/6357/10 2028/3798/417 2029/6358/411
f 2027/6359/32 2026/6360/421 2032/6361/414
f 2016/3781/407 2026/6360/421 2014/3783/408
f 2052/6355/443 2037/6362/739 2034/3397/739
f 2037/6362/10 2055/6363/10 2050/6364/10
f 2051/6365/32 2038/6366/32 2054/6367/32
f 2011/6368/462 2095/6369/462 2090/6370/462
f 2087/4005/464 2090/3832/451 2089/4004/526
f 2083/3925/459 2097/3944/474 2099/6371/610
f 2098/6372/486 1906/6373/486 2100/6374/486
f 2102/6375/489 2082/6376/489 2096/6377/570
f 2110/3967/507 2109/6378/507 2116/3965/507
f 2108/3593/511 2111/6379/511 2119/3964/511
f 2120/6380/524 2119/6381/523 2111/6382/740
f 2015/3785/400 2016/3781/407 2014/3783/408
f 2156/6383/556 2117/3988/518 2118/6384/741
f 2155/6385/621 2120/6380/524 2121/6386/742
f 2231/6387/392 2048/3835/393 2047/3834/393
f 2190/4133/577 2196/4135/394 2189/4131/404
f 2202/6388/397 2198/6389/397 2201/6390/743
f 2192/4138/399 2199/4140/398 2202/4128/406
f 2208/6391/32 2207/4159/421 2210/6392/414
f 2196/4135/394 2209/4148/417 2189/4131/404
f 2211/6393/425 2048/6394/425 2230/6395/425
f 2204/6396/427 2212/6397/427 2186/6398/427
f 2047/3834/447 2217/4203/447 2231/6387/447
f 2215/4167/10 2233/6399/10 2227/6400/10
f 2288/4335/456 2114/6401/455 2115/3975/455
f 2265/6402/464 2268/4184/451 2267/6403/526
f 2278/6404/585 2275/6405/32 2280/6406/32
f 2266/4289/470 2279/6407/477 2278/6404/585
f 2288/4325/507 2287/6408/507 2294/4323/507
f 2286/3998/511 2289/6409/616 2297/4322/511
f 2295/4422/518 2294/6410/517 2287/6411/744
f 2198/4134/405 2190/4133/577 2201/4132/402
f 2194/4141/400 2195/4137/407 2193/4139/408
f 2266/4289/470 2267/6403/526 2271/4290/471
f 2333/6412/621 2298/4349/524 2299/6413/745
f 2054/6295/737 919/1722/737 2051/6414/737
f 760/1425/737 2232/6415/737 753/1409/737
f 2227/6298/735 755/1424/733 754/6299/735
f 775/1450/69 767/1439/102 772/1451/69
f 775/1454/32 769/1442/32 768/6416/32
f 930/1748/10 929/1734/10 932/1746/10
f 2129/6417/457 1931/3623/457 2138/4016/457
f 2125/6418/532 2133/6419/532 2132/6420/532
f 2127/6421/536 2136/6422/651 2135/6423/536
f 2136/6424/32 2140/6276/32 2135/6425/32
f 2130/4021/29 1931/6426/29 2126/3632/29
f 2305/4374/455 2304/6427/455 2131/4018/455
f 2305/6428/532 2312/6429/532 2311/6430/532
f 2306/6431/651 2315/6432/651 2314/6433/651
f 2313/6434/10 2311/6435/10 2312/6436/10
f 2316/6271/32 2314/6437/32 2315/6438/32
f 770/1437/721 2313/6434/721 771/1447/721
f 1945/3655/541 1913/3710/554 3169/3682/549
f 1967/3684/550 1911/3708/552 3171/3657/548
f 2155/6439/746 3180/4038/549 1966/3680/541
f 2144/4040/550 2118/4065/552 2154/3683/548
f 2333/6440/747 3190/4391/549 2143/4036/541
f 2322/4393/550 2296/4418/599 2332/4039/548
f 2511/6441/747 3200/4784/549 2321/4389/541
f 2500/4786/550 2475/4811/599 2510/4392/548
f 2499/4782/541 2655/5208/619 3210/5178/549
f 2688/4785/548 2690/5207/576 2653/5206/599
f 2677/5176/541 2833/5604/619 3220/5575/549
f 2866/5179/548 2868/6442/553 2831/5603/599
f 2855/5573/541 3011/6004/554 3230/5974/549
f 3044/5576/548 3046/6003/576 3009/6002/599
f 3033/5972/541 3120/6225/619 3240/6197/549
f 3153/5975/548 3155/6443/553 3118/6224/599
f 1976/3649/32 3168/3679/32 1965/3678/32
f 1943/3652/540 3169/3682/539 3168/3681/539
f 3171/3657/542 3170/3685/542 1967/3684/542
f 3170/3687/10 1950/3659/10 3172/3688/10
f 1950/3662/29 3173/3691/29 3172/3690/29
f 1952/3665/10 3174/3694/543 3173/3693/10
f 1954/3668/543 3175/3696/551 3174/3694/543
f 1956/3670/37 3176/3699/37 3175/3698/37
f 1958/3673/546 3177/3702/545 3176/3701/546
f 1960/3676/545 3178/3704/32 3177/3702/545
f 1962/6444/29 1965/3707/29 3178/3706/29
f 2142/4034/32 1964/3677/32 3179/4035/32
f 1964/6445/547 3180/4038/547 3179/4037/547
f 2144/4040/542 1968/6446/542 3181/4042/542
f 1968/6447/10 3182/4045/10 3181/4044/10
f 1969/6448/29 3183/4048/29 3182/4047/29
f 3184/4049/543 1970/6449/10 1971/3692/543
f 3185/4053/544 1971/3692/543 1972/3695/551
f 3186/4056/37 1972/6450/37 1973/3697/37
f 1974/3700/545 3186/4058/546 1973/6451/546
f 1975/3703/32 3187/4059/545 1974/3700/545
f 1975/6452/29 2142/4064/29 3188/4063/29
f 2331/6453/32 3189/4388/32 2320/4387/32
f 3190/4391/547 2141/6454/547 2143/4036/547
f 2332/4039/542 3191/4395/542 2322/4393/542
f 2145/6455/10 3192/4398/10 3191/4397/10
f 3193/4401/29 2146/6456/29 2147/4046/29
f 2147/4050/10 3194/4404/543 3193/4403/10
f 3195/4406/544 2148/6457/543 2149/4052/544
f 3196/4409/37 2149/6458/37 2150/4054/37
f 2150/6459/546 3197/4412/545 3196/4411/546
f 2151/4057/545 3198/4414/32 3197/4412/545
f 2320/4417/29 2152/6460/29 2331/4062/29
f 2509/6461/32 3199/4781/32 2498/4780/32
f 2319/6462/547 3200/4784/547 3199/4783/547
f 2510/4392/542 3201/4788/542 2500/4786/542
f 2323/6463/10 3202/4791/10 3201/4790/10
f 2324/6464/29 3203/4794/29 3202/4793/29
f 2325/6465/10 3204/4797/543 3203/4796/10
f 2326/4402/543 3205/4799/544 3204/4797/543
f 2327/6466/37 3206/4802/37 3205/4801/37
f 2328/6467/546 3207/4805/545 3206/4804/546
f 2329/4410/545 3208/4807/32 3207/4805/545
f 2330/6468/29 2498/4810/29 3208/4809/29
f 2687/6469/32 3209/5175/32 2676/5174/32
f 2497/6470/547 3210/5178/547 3209/5177/547
f 2688/4785/542 3211/5182/542 2678/5180/542
f 2501/6471/10 3212/5185/10 3211/5184/10
f 2502/6472/29 3213/5188/29 3212/5187/29
f 2503/6473/10 3214/5189/543 3213/5191/10
f 2504/4795/543 3215/5193/544 3214/5189/543
f 2505/6474/37 3216/5196/37 3215/5195/37
f 2506/6475/546 3217/5199/545 3216/5198/546
f 2507/4803/545 3218/5201/32 3217/5199/545
f 2508/6476/29 2676/5204/29 3218/5203/29
f 2865/6477/32 3219/5572/32 2854/5571/32
f 2675/6478/547 3220/5575/547 3219/5574/547
f 2866/5179/542 3221/5579/542 2856/5577/542
f 3221/5581/10 2680/5183/10 3222/5582/10
f 2680/6479/29 3223/5585/29 3222/5584/29
f 2681/5190/10 3224/5588/543 3223/5587/10
f 2682/6480/543 3225/5590/551 3224/5588/543
f 2683/6481/37 3226/5593/37 3225/5592/37
f 2684/6482/546 3227/5596/545 3226/5595/546
f 2685/5197/545 3228/5598/32 3227/5596/545
f 2686/6483/29 2854/5601/29 3228/5600/29
f 3043/6484/32 3229/5971/32 3032/5970/32
f 2853/6485/547 3230/5974/547 3229/5973/547
f 3044/5576/542 3231/5978/542 3034/5976/542
f 2857/6486/10 3232/5981/10 3231/5980/10
f 2858/6487/29 3233/5984/29 3232/5983/29
f 2859/6488/10 3234/5985/543 3233/5987/10
f 2860/5586/543 3235/5989/544 3234/5985/543
f 2861/6489/37 3236/5992/37 3235/5991/37
f 3236/5994/546 2863/5594/545 3237/5995/545
f 3237/5995/545 2864/5597/32 3238/5997/32
f 2864/6490/29 3032/6000/29 3238/5999/29
f 3140/6193/32 3031/5969/32 3239/6194/32
f 3031/6491/547 3240/6197/547 3239/6196/547
f 3153/5975/542 3241/6201/542 3142/6199/542
f 3035/6492/10 3242/6204/10 3241/6203/10
f 3036/6493/29 3243/6207/29 3242/6206/29
f 3243/6209/10 3038/6494/543 3244/6210/543
f 3038/6494/543 3245/6212/551 3244/6210/543
f 3039/6495/37 3246/6215/37 3245/6214/37
f 3040/6496/546 3247/6218/545 3246/6217/546
f 3041/5993/545 3248/6219/32 3247/6218/545
f 3042/6497/29 3140/6222/29 3248/6221/29
f 1976/6498/29 1961/6499/29 1963/6500/29
f 3318/6501/748 3324/6502/749 3317/6503/750
f 3319/6504/751 3309/6505/752 3320/6506/752
f 3322/6507/753 3329/6508/547 3323/6509/754
f 3318/6501/748 3252/6510/37 3325/6511/755
f 3316/6512/756 3326/6513/751 3319/6504/751
f 3321/6514/757 3328/6515/758 3322/6516/753
f 3316/6512/756 3324/6517/749 3310/6518/759
f 3320/6506/752 3327/6519/757 3321/6514/757
f 3312/6520/760 3321/6521/761 3313/6522/761
f 3250/6523/762 3316/6524/756 3249/6525/763
f 3313/6522/761 3322/6526/753 3314/6527/764
f 3249/6528/763 3319/6529/765 3311/6530/765
f 3251/6531/766 3252/6510/37 3318/6501/748
f 3314/6532/764 3323/6509/754 3315/6533/767
f 3311/6530/765 3320/6534/760 3312/6520/760
f 3251/6531/766 3317/6503/750 3250/6523/762
f 3259/6535/768 3315/6536/767 3260/6537/769
f 3253/6538/770 3252/6510/37 3251/6531/766
f 3255/6539/771 3311/6530/772 3256/6540/772
f 3258/6541/773 3314/6527/764 3259/6535/768
f 3254/6542/774 3249/6528/763 3255/6539/771
f 3257/6543/14 3313/6522/773 3258/6541/773
f 3253/6538/770 3250/6523/762 3254/6544/774
f 3257/6543/14 3311/6530/772 3312/6520/14
f 3263/6545/775 3259/6535/768 3262/6546/776
f 3266/6547/777 3256/6540/778 3265/6548/778
f 3268/6549/779 3252/6510/37 3253/6538/770
f 3262/6550/776 3260/6551/769 3261/6552/780
f 3265/6548/778 3257/6543/781 3264/6553/781
f 3268/6549/779 3254/6544/774 3267/6554/782
f 3264/6553/781 3258/6541/775 3263/6545/775
f 3267/6554/782 3255/6555/771 3266/6556/777
f 3270/6557/783 3266/6558/777 3271/6559/784
f 3273/6560/785 3263/6561/786 3274/6562/786
f 3269/6563/787 3267/6554/782 3270/6564/783
f 3272/6565/788 3264/6566/785 3273/6560/785
f 3275/6567/789 3261/6552/780 3276/6568/542
f 3269/6563/787 3252/6510/37 3268/6549/779
f 3272/6565/788 3266/6558/777 3265/6569/788
f 3274/6562/786 3262/6570/776 3275/6571/789
f 3281/6572/790 3273/6560/791 3280/6573/791
f 3284/6574/792 3270/6564/783 3283/6575/793
f 3280/6573/791 3274/6562/794 3279/6576/794
f 3283/6577/793 3271/6559/784 3282/6578/795
f 3279/6576/794 3275/6571/789 3278/6579/796
f 3282/6578/795 3272/6565/790 3281/6572/790
f 3284/6574/792 3252/6510/37 3269/6563/787
f 3278/6580/796 3276/6568/542 3277/6581/797
f 3286/6582/798 3284/6574/792 3283/6575/793
f 3288/6583/799 3280/6584/800 3289/6585/800
f 3291/6586/801 3277/6581/797 3292/6587/802
f 3285/6588/803 3252/6510/37 3284/6574/792
f 3287/6589/804 3281/6590/799 3288/6583/799
f 3290/6591/805 3278/6592/796 3291/6593/801
f 3286/6582/798 3282/6594/795 3287/6595/804
f 3289/6585/800 3279/6596/805 3290/6591/805
f 3296/6597/21 3290/6591/806 3295/6598/806
f 3299/6599/807 3287/6589/804 3298/6600/808
f 3295/6598/806 3291/6593/801 3294/6601/809
f 3298/6600/808 3288/6583/810 3297/6602/810
f 3300/6603/811 3252/6510/37 3285/6588/803
f 3294/6601/809 3292/6604/802 3293/6605/812
f 3297/6602/810 3289/6585/21 3296/6597/21
f 3300/6603/811 3286/6582/798 3299/6606/807
f 3301/6607/813 3252/6510/37 3300/6603/811
f 3303/6608/814 3297/6602/815 3304/6609/815
f 3306/6610/816 3294/6601/809 3307/6611/817
f 3302/6612/818 3298/6613/808 3303/6614/814
f 3305/6615/819 3295/6598/816 3306/6610/816
f 3301/6607/813 3299/6606/807 3302/6612/818
f 3304/6609/815 3296/6597/819 3305/6615/819
f 3307/6616/817 3293/6617/812 3308/6618/820
f 3324/6517/749 3303/6619/814 3310/6518/759
f 3327/6519/821 3307/6620/817 3328/6515/758
f 3310/6518/759 3304/6621/822 3326/6513/822
f 3325/6511/755 3252/6510/37 3301/6607/813
f 3328/6622/758 3308/6618/820 3329/6508/547
f 3309/6505/823 3304/6621/822 3305/6623/823
f 3325/6511/755 3302/6612/818 3324/6502/749
f 3309/6505/823 3306/6624/821 3327/6519/821
f 70/1/1 14/81/1 42/2/2
f 47/4/3 44/8/3 43/5/4
f 46/7/5 19/18/5 44/8/3
f 65/9/6 27/13/6 24/10/7
f 64/12/8 28/6625/8 27/13/6
f 59/14/9 38/51/9 36/15/10
f 45/17/11 20/60/11 19/18/5
f 62/19/12 32/41/12 30/20/13
f 68/22/14 21/83/14 17/23/15
f 73/25/16 35/88/16 31/26/17
f 74/27/17 31/26/17 26/28/18
f 66/11/7 24/10/7 23/30/19
f 51/32/20 29/55/20 25/33/21
f 55/35/22 15/91/22 13/36/23
f 52/34/21 25/33/21 18/38/24
f 61/40/25 34/82/25 32/41/12
f 48/42/4 43/6626/4 37/43/26
f 57/45/27 40/85/27 39/46/28
f 10/48/29 9/6627/29 11/49/29
f 58/47/28 39/46/28 38/51/9
f 63/21/13 30/20/13 28/52/8
f 50/54/30 33/78/30 29/55/20
f 7/56/31 4/65/31 1/57/31
f 76/59/32 22/86/32 20/60/11
f 6/61/33 2/64/33 3/62/33
f 8/58/34 1/57/34 2/64/34
f 5/63/35 3/62/35 4/65/35
f 9/66/21 7/6628/21 8/67/21
f 12/69/14 6/6629/14 5/70/14
f 11/72/10 8/6630/10 6/73/10
f 10/75/32 5/6631/32 7/76/32
f 49/44/26 37/43/26 33/78/30
f 71/3/2 42/2/2 41/79/36
f 1/57/37 4/65/37 3/62/37
f 69/24/15 17/23/15 14/81/1
f 60/16/10 36/15/10 34/82/25
f 67/31/19 23/30/19 21/83/14
f 56/84/23 13/6632/23 40/85/27
f 75/29/18 26/28/18 22/86/32
f 72/87/36 41/6633/36 35/88/16
f 53/39/24 18/38/24 16/89/38
f 54/90/38 16/89/38 15/91/22
f 78/92/39 143/6634/39 79/93/40
f 145/95/42 81/140/42 146/96/43
f 84/98/44 83/105/47 144/99/45
f 90/101/10 89/2002/10 85/102/10
f 85/104/46 86/6635/46 83/105/47
f 86/106/32 88/2007/32 87/107/32
f 88/109/48 89/6636/48 90/110/49
f 98/112/10 97/125/10 92/113/10
f 92/115/50 93/6637/50 94/116/51
f 93/118/32 96/130/32 95/119/32
f 96/121/52 97/6638/52 98/122/53
f 102/124/10 99/236/10 92/113/10
f 99/126/54 100/6639/54 93/127/50
f 93/118/32 100/247/32 101/129/32
f 101/131/55 102/6640/55 97/132/52
f 82/100/56 144/99/56 104/134/57
f 143/136/58 78/6641/58 147/137/59
f 106/139/60 107/151/60 81/140/61
f 113/141/10 109/153/10 108/142/10
f 109/144/62 110/155/62 111/145/63
f 111/147/32 110/156/32 112/148/32
f 112/150/64 113/159/64 107/151/60
f 117/152/10 114/161/10 109/153/10
f 114/154/65 115/163/65 110/155/62
f 110/156/32 115/164/32 116/157/32
f 116/158/66 117/6230/66 113/159/64
f 118/160/10 119/3251/10 114/161/10
f 119/162/29 120/3253/29 115/163/65
f 115/164/32 120/3254/32 1092/165/32
f 128/166/10 127/3247/10 122/167/10
f 122/169/37 123/3248/37 124/170/37
f 123/172/32 125/3249/32 126/173/32
f 125/175/67 127/6239/67 128/176/29
f 129/178/10 136/190/10 131/179/10
f 131/181/68 132/193/68 133/182/69
f 132/184/32 135/195/32 134/185/32
f 135/187/70 136/197/70 129/188/71
f 136/190/10 140/237/10 137/191/10
f 137/192/72 138/6642/72 132/193/68
f 138/194/32 139/248/32 135/195/32
f 139/196/73 140/6643/73 136/197/70
f 87/111/49 90/110/49 142/198/74
f 108/146/63 111/145/63 141/200/75
f 144/202/32 141/212/32 145/203/32
f 142/205/10 90/101/10 84/103/10
f 107/143/10 108/142/10 142/205/10
f 78/208/10 77/411/10 146/209/10
f 103/210/10 147/318/10 78/208/10
f 81/207/10 142/205/10 82/206/10
f 143/204/32 105/324/32 104/211/32
f 83/108/32 87/107/32 141/212/32
f 141/212/32 111/147/32 106/149/32
f 80/213/32 79/413/32 143/204/32
f 148/214/76 162/6644/77 149/215/77
f 151/217/78 152/227/79 153/218/79
f 155/220/80 100/6639/54 99/126/54
f 157/222/81 155/220/82 154/221/82
f 159/224/83 149/6645/84 162/225/84
f 152/227/85 140/6643/73 139/196/73
f 161/228/86 102/6640/55 101/131/55
f 160/230/87 138/6642/72 137/192/72
f 153/232/32 160/246/32 155/233/32
f 161/235/10 154/243/10 99/236/10
f 161/235/10 137/191/10 140/237/10
f 149/239/10 152/238/10 151/240/10
f 149/239/10 159/328/10 156/242/10
f 154/243/10 161/235/10 152/238/10
f 162/234/32 155/233/32 157/244/32
f 160/246/32 101/129/32 100/247/32
f 160/246/32 153/232/32 139/248/32
f 162/234/32 148/418/32 150/249/32
f 274/250/88 165/6646/88 275/251/41
f 167/253/42 168/375/42 169/254/43
f 172/256/89 171/263/89 273/257/45
f 178/259/10 177/271/10 173/260/10
f 173/262/46 174/6647/46 171/263/89
f 174/264/32 176/276/32 175/265/32
f 176/267/48 177/6648/48 178/268/49
f 182/270/10 179/281/10 173/260/10
f 179/272/90 180/283/90 174/273/46
f 174/264/32 180/284/32 181/275/32
f 181/277/91 182/287/91 177/278/48
f 186/280/10 183/3030/10 179/281/10
f 183/282/92 184/3032/106 180/283/90
f 180/284/32 184/3033/32 185/285/32
f 185/286/93 186/3036/93 182/287/91
f 187/288/10 194/300/10 189/289/10
f 189/291/51 190/303/51 191/292/94
f 190/294/32 193/305/32 192/295/32
f 193/297/53 194/307/53 187/298/95
f 194/300/10 198/309/10 195/301/10
f 195/302/50 196/6649/50 190/303/51
f 196/304/32 197/314/32 193/305/32
f 197/306/52 198/6650/52 194/307/53
f 202/308/10 199/490/10 195/301/10
f 199/310/96 200/6651/96 196/311/50
f 196/304/32 200/501/32 201/313/32
f 201/315/55 202/6652/55 198/316/52
f 147/318/10 103/210/10 203/319/10
f 103/135/57 104/134/57 204/321/52
f 204/323/32 104/211/32 105/324/32
f 105/138/59 147/137/59 206/326/50
f 159/328/10 210/334/10 207/329/10
f 207/330/48 208/6653/48 157/222/81
f 208/331/32 209/339/32 158/245/32
f 209/332/46 210/6654/46 159/224/83
f 214/333/10 211/344/10 207/329/10
f 211/335/91 212/346/91 208/336/48
f 208/331/32 212/347/32 213/338/32
f 213/340/90 214/350/90 210/341/46
f 218/343/10 215/3053/10 211/344/10
f 215/345/97 216/3055/93 212/346/91
f 212/347/32 216/3056/32 217/348/32
f 217/349/92 218/3059/92 214/350/90
f 219/351/10 226/363/10 221/352/10
f 221/354/53 222/365/53 223/355/95
f 222/357/32 225/366/32 224/358/32
f 225/360/51 226/368/51 219/361/98
f 206/320/10 203/319/10 221/352/10
f 203/364/52 204/6655/52 222/365/53
f 222/357/32 204/323/32 205/325/32
f 205/367/50 206/6656/50 226/368/51
f 170/258/56 273/257/56 228/369/57
f 165/371/99 274/6657/58 230/372/59
f 231/374/60 232/386/60 168/375/61
f 238/376/10 234/388/10 233/377/10
f 234/379/62 235/390/62 236/380/63
f 236/382/32 235/391/32 237/383/32
f 237/385/64 238/394/64 232/386/60
f 242/387/10 239/396/10 234/388/10
f 239/389/65 240/398/65 235/390/62
f 235/391/32 240/400/32 241/392/32
f 241/393/66 242/6320/66 238/394/64
f 243/395/10 244/402/10 239/396/10
f 244/397/100 245/404/100 240/398/65
f 245/399/32 248/406/32 241/392/32
f 243/395/10 250/410/10 246/401/10
f 246/403/70 247/412/70 245/404/100
f 247/405/32 249/414/32 248/406/32
f 249/407/68 250/415/68 243/408/101
f 250/410/10 146/209/10 77/411/10
f 77/94/41 79/93/40 247/412/70
f 79/413/32 80/213/32 249/414/32
f 80/97/43 146/96/43 250/415/68
f 254/416/10 251/422/10 163/241/10
f 163/216/76 251/423/64 252/417/64
f 148/418/32 252/425/32 253/419/32
f 253/420/62 254/428/62 151/217/78
f 258/421/10 255/430/10 251/422/10
f 251/423/64 255/432/102 256/424/102
f 252/425/32 256/433/32 257/426/32
f 257/427/103 258/6248/103 254/428/62
f 259/429/10 260/436/10 255/430/10
f 260/431/69 261/438/69 256/424/102
f 256/433/32 261/440/32 264/434/32
f 259/429/10 266/444/10 262/435/10
f 262/437/68 263/447/68 261/438/69
f 263/439/32 265/449/32 264/434/32
f 265/441/70 266/451/70 259/442/71
f 266/444/10 270/491/10 267/445/10
f 267/446/72 268/6658/72 263/447/68
f 268/448/32 269/502/32 265/449/32
f 269/450/73 270/6659/73 266/451/70
f 271/452/74 175/269/49 178/268/49
f 272/454/75 233/381/63 236/380/63
f 273/456/32 271/466/32 167/457/32
f 272/459/10 178/259/10 172/261/10
f 232/378/10 233/377/10 272/459/10
f 274/462/10 164/665/10 169/463/10
f 227/464/10 230/572/10 274/462/10
f 168/461/10 272/459/10 170/460/10
f 165/458/32 229/578/32 228/465/32
f 171/266/32 175/265/32 271/466/32
f 271/466/32 236/382/32 231/384/32
f 166/467/32 275/667/32 165/458/32
f 276/468/76 290/6660/104 277/469/104
f 279/471/78 280/481/79 281/472/79
f 283/474/80 200/6651/96 199/310/96
f 285/476/81 283/474/82 282/475/82
f 287/478/83 277/6661/84 290/479/84
f 280/481/85 270/6659/73 269/450/73
f 289/482/86 202/6652/55 201/315/55
f 288/484/87 268/6658/72 267/446/72
f 281/486/32 288/500/32 283/487/32
f 289/489/10 282/497/10 199/490/10
f 289/489/10 267/445/10 270/491/10
f 277/493/10 280/492/10 279/494/10
f 277/493/10 287/582/10 284/496/10
f 282/497/10 289/489/10 280/492/10
f 290/488/32 283/487/32 285/498/32
f 288/500/32 201/313/32 200/501/32
f 288/500/32 281/486/32 269/502/32
f 290/488/32 276/672/32 278/503/32
f 402/504/88 293/6662/88 403/505/41
f 295/507/42 296/629/42 297/508/43
f 300/510/89 299/517/89 401/511/105
f 306/513/10 305/525/10 301/514/10
f 301/516/46 302/6663/46 299/517/89
f 302/518/32 304/530/32 303/519/32
f 304/521/48 305/6664/48 306/522/49
f 310/524/10 307/535/10 301/514/10
f 307/526/90 308/537/90 302/527/46
f 302/518/32 308/538/32 309/529/32
f 309/531/91 310/541/91 305/532/48
f 314/534/10 311/2824/10 307/535/10
f 311/536/106 312/2826/106 308/537/90
f 308/538/32 312/2827/32 313/539/32
f 313/540/93 314/2830/93 310/541/91
f 315/542/10 322/554/10 317/543/10
f 317/545/51 318/557/51 319/546/94
f 318/548/32 321/559/32 320/549/32
f 321/551/53 322/561/53 315/552/95
f 322/554/10 326/563/10 323/555/10
f 323/556/50 324/6665/50 318/557/51
f 324/558/32 325/568/32 321/559/32
f 325/560/52 326/6666/52 322/561/53
f 330/562/10 327/744/10 323/555/10
f 327/564/96 328/6667/96 324/565/50
f 324/558/32 328/755/32 329/567/32
f 329/569/55 330/6668/55 326/570/52
f 230/572/10 227/464/10 331/573/10
f 227/370/57 228/369/57 332/575/52
f 332/577/32 228/465/32 229/578/32
f 229/373/59 230/372/59 334/580/50
f 287/582/10 338/588/10 335/583/10
f 284/477/81 335/6669/48 336/584/48
f 336/585/32 337/593/32 286/499/32
f 337/586/46 338/6670/46 287/478/83
f 342/587/10 339/598/10 335/583/10
f 335/589/48 339/600/91 340/590/91
f 336/585/32 340/601/32 341/592/32
f 341/594/90 342/604/90 338/595/46
f 346/597/10 343/2847/10 339/598/10
f 343/599/97 344/2849/93 340/590/91
f 340/601/32 344/2850/32 345/602/32
f 345/603/106 346/2853/106 342/604/90
f 347/605/10 354/617/10 349/606/10
f 349/608/53 350/619/53 351/609/95
f 350/611/32 353/620/32 352/612/32
f 353/614/51 354/622/51 347/615/98
f 354/617/10 334/574/10 331/573/10
f 331/618/52 332/6671/52 350/619/53
f 332/577/32 333/579/32 353/620/32
f 333/621/50 334/6672/50 354/622/51
f 298/512/56 401/511/56 356/623/57
f 293/625/58 402/6673/58 358/626/59
f 359/628/60 360/640/60 296/629/61
f 366/630/10 362/642/10 361/631/10
f 362/633/62 363/644/62 364/634/63
f 364/636/32 363/645/32 365/637/32
f 365/639/64 366/648/64 360/640/60
f 370/641/10 367/650/10 362/642/10
f 367/643/65 368/652/65 363/644/62
f 363/645/32 368/654/32 369/646/32
f 369/647/66 370/6313/66 366/648/64
f 370/641/10 371/655/10 372/649/10
f 372/651/100 373/658/100 368/652/65
f 373/653/32 376/660/32 369/646/32
f 371/655/10 378/664/10 374/656/10
f 374/657/70 375/666/70 373/658/100
f 375/659/32 377/668/32 376/660/32
f 377/661/68 378/669/68 371/662/101
f 378/664/10 169/463/10 164/665/10
f 164/252/41 275/251/41 375/666/70
f 275/667/32 166/467/32 377/668/32
f 166/255/43 169/254/43 378/669/68
f 382/670/10 379/676/10 291/495/10
f 379/671/64 380/678/64 276/468/76
f 276/672/32 380/679/32 381/673/32
f 381/674/62 382/682/62 279/471/78
f 386/675/10 383/684/10 379/676/10
f 383/677/102 384/686/102 380/678/64
f 380/679/32 384/687/32 385/680/32
f 385/681/103 386/6253/103 382/682/62
f 387/683/10 388/690/10 383/684/10
f 388/685/69 389/692/69 384/686/102
f 384/687/32 389/694/32 392/688/32
f 387/683/10 394/698/10 390/689/10
f 390/691/68 391/701/68 389/692/69
f 391/693/32 393/703/32 392/688/32
f 393/695/70 394/705/70 387/696/71
f 394/698/10 398/745/10 395/699/10
f 395/700/72 396/6674/72 391/701/68
f 396/702/32 397/756/32 393/703/32
f 397/704/73 398/6675/73 394/705/70
f 303/523/49 306/522/49 400/706/74
f 361/635/63 364/634/63 399/708/75
f 401/710/32 399/720/32 295/711/32
f 400/713/10 306/513/10 300/515/10
f 360/632/10 361/631/10 400/713/10
f 402/716/10 292/919/10 297/717/10
f 355/718/10 358/826/10 402/716/10
f 296/715/10 400/713/10 298/714/10
f 293/712/32 357/832/32 356/719/32
f 299/520/32 303/519/32 399/720/32
f 399/720/32 364/636/32 359/638/32
f 294/721/32 403/921/32 293/712/32
f 404/722/76 418/6676/104 405/723/104
f 407/725/78 408/735/79 409/726/79
f 411/728/107 328/6667/96 327/564/96
f 413/730/81 411/728/82 410/729/82
f 415/732/83 405/6677/84 418/733/84
f 408/735/85 398/6675/73 397/704/73
f 417/736/86 330/6668/55 329/569/55
f 416/738/87 396/6674/72 395/700/72
f 409/740/32 416/754/32 411/741/32
f 417/743/10 410/751/10 327/744/10
f 417/743/10 395/699/10 398/745/10
f 405/747/10 408/746/10 407/748/10
f 405/747/10 415/836/10 412/750/10
f 410/751/10 417/743/10 408/746/10
f 418/742/32 411/741/32 413/752/32
f 416/754/32 329/567/32 328/755/32
f 416/754/32 409/740/32 397/756/32
f 418/742/32 404/926/32 406/757/32
f 530/758/39 421/6678/39 531/759/40
f 423/761/42 424/883/42 425/762/43
f 428/764/89 427/771/89 529/765/105
f 434/767/10 433/779/10 429/768/10
f 429/770/46 430/6679/46 427/771/89
f 430/772/32 432/784/32 431/773/32
f 432/775/48 433/6680/48 434/776/49
f 438/778/10 435/789/10 429/768/10
f 435/780/90 436/791/90 430/781/46
f 430/772/32 436/792/32 437/783/32
f 437/785/91 438/795/91 433/786/48
f 442/788/10 439/2618/10 435/789/10
f 439/790/92 440/2620/106 436/791/90
f 436/792/32 440/2621/32 441/793/32
f 437/785/91 441/2623/93 442/794/93
f 443/796/10 450/808/10 445/797/10
f 445/799/51 446/811/51 447/800/94
f 446/802/32 449/813/32 448/803/32
f 449/805/53 450/815/53 443/806/95
f 450/808/10 454/817/10 451/809/10
f 451/810/50 452/6681/50 446/811/51
f 452/812/32 453/822/32 449/813/32
f 453/814/52 454/6682/52 450/815/53
f 458/816/10 455/998/10 451/809/10
f 455/818/96 456/6683/96 452/819/50
f 452/812/32 456/1009/32 457/821/32
f 457/823/55 458/6684/55 454/824/52
f 358/826/10 355/718/10 459/827/10
f 355/624/57 356/623/57 460/829/52
f 460/831/32 356/719/32 357/832/32
f 357/627/59 358/626/59 462/834/50
f 415/836/10 466/842/10 463/837/10
f 463/838/48 464/6685/48 413/730/81
f 464/839/32 465/847/32 414/753/32
f 465/840/46 466/6686/46 415/732/83
f 470/841/10 467/852/10 463/837/10
f 463/843/48 467/853/91 468/844/91
f 464/839/32 468/855/32 469/846/32
f 469/848/90 470/858/90 466/849/46
f 474/851/10 471/2641/10 467/852/10
f 467/853/91 471/2642/93 472/854/93
f 468/855/32 472/2644/32 473/856/32
f 473/857/106 474/2647/106 470/858/90
f 475/859/10 482/871/10 477/860/10
f 477/862/53 478/873/53 479/863/95
f 478/865/32 481/874/32 480/866/32
f 481/868/51 482/876/51 475/869/98
f 482/871/10 462/828/10 459/827/10
f 459/872/52 460/6687/52 478/873/53
f 460/831/32 461/833/32 481/874/32
f 461/875/50 462/6688/50 482/876/51
f 483/877/57 426/766/56 529/765/56
f 421/879/58 530/6689/58 486/880/59
f 487/882/60 488/894/60 424/883/61
f 494/884/10 490/896/10 489/885/10
f 489/887/63 490/897/62 491/888/62
f 492/890/32 491/899/32 493/891/32
f 493/893/64 494/902/64 488/894/60
f 498/895/10 495/904/10 490/896/10
f 490/897/62 495/906/65 496/898/65
f 491/899/32 496/908/32 497/900/32
f 497/901/66 498/6310/66 494/902/64
f 498/895/10 499/909/10 500/903/10
f 500/905/100 501/912/100 496/898/65
f 501/907/32 504/914/32 497/900/32
f 499/909/10 506/918/10 502/910/10
f 502/911/70 503/920/70 501/912/100
f 503/913/32 505/922/32 504/914/32
f 505/915/68 506/923/68 499/916/101
f 506/918/10 297/717/10 292/919/10
f 292/506/41 403/505/41 503/920/70
f 403/921/32 294/721/32 505/922/32
f 294/509/43 297/508/43 506/923/68
f 510/924/10 507/930/10 419/749/10
f 507/925/64 508/932/64 404/722/76
f 404/926/32 508/933/32 509/927/32
f 509/928/62 510/936/62 407/725/78
f 514/929/10 511/938/10 507/930/10
f 511/931/102 512/940/102 508/932/64
f 508/933/32 512/941/32 513/934/32
f 513/935/103 514/6256/103 510/936/62
f 514/929/10 515/943/10 516/937/10
f 516/939/69 517/946/69 512/940/102
f 512/941/32 517/948/32 520/942/32
f 515/943/10 522/952/10 518/944/10
f 518/945/68 519/955/68 517/946/69
f 519/947/32 521/957/32 520/942/32
f 521/949/70 522/959/70 515/950/71
f 522/952/10 526/999/10 523/953/10
f 523/954/72 524/6690/72 519/955/68
f 524/956/32 525/1010/32 521/957/32
f 525/958/73 526/6691/73 522/959/70
f 431/777/49 434/776/49 528/960/74
f 489/887/63 492/889/63 527/962/75
f 529/964/32 527/974/32 423/965/32
f 528/967/10 434/767/10 428/769/10
f 488/886/10 489/885/10 528/967/10
f 530/970/10 420/1173/10 425/971/10
f 483/972/10 486/1080/10 530/970/10
f 424/969/10 528/967/10 426/968/10
f 421/966/32 485/1086/32 484/973/32
f 427/774/32 431/773/32 527/974/32
f 527/974/32 492/890/32 487/892/32
f 422/975/32 531/1175/32 421/966/32
f 532/976/76 546/6692/104 533/977/104
f 535/979/78 536/989/79 537/980/79
f 539/982/107 456/6683/96 455/818/96
f 541/984/81 539/982/82 538/983/82
f 543/986/83 533/6693/84 546/987/84
f 536/989/85 526/6691/73 525/958/73
f 545/990/86 458/6684/55 457/823/55
f 544/992/87 524/6690/72 523/954/72
f 537/994/32 544/1008/32 539/995/32
f 545/997/10 538/1005/10 455/998/10
f 545/997/10 523/953/10 526/999/10
f 533/1001/10 536/1000/10 535/1002/10
f 533/1001/10 543/1090/10 540/1004/10
f 538/1005/10 545/997/10 536/1000/10
f 546/996/32 539/995/32 541/1006/32
f 544/1008/32 457/821/32 456/1009/32
f 544/1008/32 537/994/32 525/1010/32
f 546/996/32 532/1180/32 534/1011/32
f 658/1012/39 549/6694/39 659/1013/40
f 551/1015/42 552/1137/42 553/1016/43
f 556/1018/89 555/1025/89 657/1019/105
f 562/1021/10 561/1033/10 557/1022/10
f 557/1024/46 558/6695/46 555/1025/89
f 558/1026/32 560/1038/32 559/1027/32
f 560/1029/48 561/6696/48 562/1030/49
f 566/1032/10 563/1043/10 557/1022/10
f 563/1034/90 564/1045/90 558/1035/46
f 558/1026/32 564/1046/32 565/1037/32
f 565/1039/91 566/1049/91 561/1040/48
f 570/1042/10 567/2413/10 563/1043/10
f 567/1044/106 568/2415/106 564/1045/90
f 564/1046/32 568/2416/32 569/1047/32
f 569/1048/93 570/2419/93 566/1049/91
f 571/1050/10 578/1062/10 573/1051/10
f 573/1053/51 574/1065/51 575/1054/98
f 574/1056/32 577/1067/32 576/1057/32
f 576/1059/95 577/1069/53 578/1060/53
f 578/1062/10 582/1071/10 579/1063/10
f 579/1064/50 580/6697/50 574/1065/51
f 580/1066/32 581/1076/32 577/1067/32
f 581/1068/52 582/6698/52 578/1060/53
f 586/1070/10 583/1252/10 579/1063/10
f 583/1072/96 584/6699/96 580/1073/50
f 580/1066/32 584/1263/32 585/1075/32
f 585/1077/55 586/6700/55 582/1078/52
f 486/1080/10 483/972/10 587/1081/10
f 587/1083/52 483/877/57 484/878/57
f 588/1085/32 484/973/32 485/1086/32
f 485/881/59 486/880/59 590/1088/50
f 543/1090/10 594/1096/10 591/1091/10
f 591/1092/48 592/6701/48 541/984/81
f 592/1093/32 593/1101/32 542/1007/32
f 593/1094/46 594/6702/46 543/986/83
f 598/1095/10 595/1106/10 591/1091/10
f 595/1097/91 596/1108/91 592/1098/48
f 592/1093/32 596/1109/32 597/1100/32
f 597/1102/90 598/1112/90 594/1103/46
f 602/1105/10 599/2436/10 595/1106/10
f 599/1107/93 600/2438/93 596/1108/91
f 596/1109/32 600/2439/32 601/1110/32
f 601/1111/106 602/2442/106 598/1112/90
f 603/1113/10 610/1125/10 605/1114/10
f 605/1116/53 606/1127/53 607/1117/95
f 606/1119/32 609/1128/32 608/1120/32
f 609/1122/51 610/1130/51 603/1123/98
f 610/1125/10 590/1082/10 587/1081/10
f 587/1126/52 588/6703/52 606/1127/53
f 588/1085/32 589/1087/32 609/1128/32
f 589/1129/50 590/6704/50 610/1130/51
f 611/1131/57 554/1020/56 657/1019/56
f 549/1133/58 658/6705/58 614/1134/59
f 615/1136/60 616/1148/60 552/1137/61
f 622/1138/10 618/1150/10 617/1139/10
f 618/1141/62 619/1152/62 620/1142/63
f 620/1144/32 619/1153/32 621/1145/32
f 621/1147/64 622/1156/64 616/1148/60
f 626/1149/10 623/1158/10 618/1150/10
f 623/1151/65 624/1160/65 619/1152/62
f 619/1153/32 624/1162/32 625/1154/32
f 621/1147/64 625/6302/108 626/1155/108
f 626/1149/10 627/1163/10 628/1157/10
f 628/1159/100 629/1166/100 624/1160/65
f 629/1161/32 632/1168/32 625/1154/32
f 627/1163/10 634/1172/10 630/1164/10
f 630/1165/70 631/1174/70 629/1166/100
f 631/1167/32 633/1176/32 632/1168/32
f 633/1169/68 634/1177/68 627/1170/101
f 634/1172/10 425/971/10 420/1173/10
f 420/760/40 531/759/40 631/1174/70
f 531/1175/32 422/975/32 633/1176/32
f 422/763/43 425/762/43 634/1177/68
f 638/1178/10 635/1184/10 547/1003/10
f 635/1179/64 636/1186/64 532/976/76
f 532/1180/32 636/1187/32 637/1181/32
f 637/1182/62 638/1190/62 535/979/78
f 642/1183/10 639/1192/10 635/1184/10
f 639/1185/102 640/1194/102 636/1186/64
f 636/1187/32 640/1196/32 641/1188/32
f 641/1189/103 642/6265/103 638/1190/62
f 642/1183/10 643/1197/10 644/1191/10
f 644/1193/69 645/1200/69 640/1194/102
f 645/1195/32 648/1202/32 641/1188/32
f 643/1197/10 650/1206/10 646/1198/10
f 646/1199/68 647/1209/68 645/1200/69
f 647/1201/32 649/1211/32 648/1202/32
f 649/1203/70 650/1213/70 643/1204/71
f 650/1206/10 654/1253/10 651/1207/10
f 651/1208/72 652/6706/72 647/1209/68
f 652/1210/32 653/1264/32 649/1211/32
f 653/1212/73 654/6707/73 650/1213/70
f 655/1214/74 559/1031/49 562/1030/49
f 656/1216/75 617/1143/63 620/1142/63
f 657/1218/32 655/1228/32 551/1219/32
f 656/1221/10 562/1021/10 556/1023/10
f 616/1140/10 617/1139/10 656/1221/10
f 658/1224/10 548/1427/10 553/1225/10
f 611/1226/10 614/1334/10 658/1224/10
f 552/1223/10 656/1221/10 554/1222/10
f 549/1220/32 613/1340/32 612/1227/32
f 555/1028/32 559/1027/32 655/1228/32
f 655/1228/32 620/1144/32 615/1146/32
f 550/1229/32 659/1429/32 549/1220/32
f 660/1230/109 674/6708/77 661/1231/77
f 663/1233/78 664/1243/79 665/1234/79
f 667/1236/107 584/6699/96 583/1072/96
f 669/1238/81 667/1236/82 666/1237/82
f 671/1240/83 661/6709/84 674/1241/84
f 664/1243/85 654/6707/73 653/1212/73
f 673/1244/86 586/6700/55 585/1077/55
f 672/1246/87 652/6706/72 651/1208/72
f 665/1248/32 672/1262/32 667/1249/32
f 673/1251/10 666/1259/10 583/1252/10
f 673/1251/10 651/1207/10 654/1253/10
f 661/1255/10 664/1254/10 663/1256/10
f 661/1255/10 671/1344/10 668/1258/10
f 666/1259/10 673/1251/10 664/1254/10
f 674/1250/32 667/1249/32 669/1260/32
f 672/1262/32 585/1075/32 584/1263/32
f 672/1262/32 665/1248/32 653/1264/32
f 674/1250/32 660/1434/32 662/1265/32
f 786/1266/39 677/6710/39 787/1267/40
f 679/1269/42 680/1391/42 681/1270/43
f 684/1272/89 683/1279/89 785/1273/105
f 690/1275/10 689/1287/10 685/1276/10
f 685/1278/46 686/6711/46 683/1279/89
f 686/1280/32 688/1292/32 687/1281/32
f 688/1283/48 689/6712/48 690/1284/49
f 694/1286/10 691/1297/10 685/1276/10
f 691/1288/90 692/1299/90 686/1289/46
f 686/1280/32 692/1300/32 693/1291/32
f 693/1293/91 694/1303/91 689/1294/48
f 698/1296/10 695/2208/10 691/1297/10
f 695/1298/106 696/2210/106 692/1299/90
f 692/1300/32 696/2211/32 697/1301/32
f 693/1293/91 697/2213/93 698/1302/93
f 699/1304/10 706/1316/10 701/1305/10
f 701/1307/51 702/1319/51 703/1308/98
f 702/1310/32 705/1321/32 704/1311/32
f 705/1313/53 706/1323/53 699/1314/95
f 706/1316/10 710/1325/10 707/1317/10
f 707/1318/50 708/6713/50 702/1319/51
f 708/1320/32 709/1330/32 705/1321/32
f 709/1322/52 710/6714/52 706/1323/53
f 714/1324/10 711/1504/10 707/1317/10
f 711/1326/96 712/6715/96 708/1327/50
f 708/1320/32 712/1515/32 713/1329/32
f 713/1331/55 714/6716/55 710/1332/52
f 614/1334/10 611/1226/10 715/1335/10
f 611/1131/57 612/1132/57 716/1337/52
f 716/1339/32 612/1227/32 613/1340/32
f 613/1135/59 614/1134/59 718/1342/50
f 671/1344/10 722/1350/10 719/1345/10
f 719/1346/48 720/6717/48 669/1238/81
f 720/1347/32 721/1355/32 670/1261/32
f 721/1348/46 722/6718/46 671/1240/83
f 726/1349/10 723/1360/10 719/1345/10
f 719/1351/48 723/1362/91 724/1352/91
f 720/1347/32 724/1363/32 725/1354/32
f 721/1356/46 725/1366/90 726/1357/90
f 730/1359/10 727/2231/10 723/1360/10
f 727/1361/93 728/2233/93 724/1352/91
f 724/1363/32 728/2234/32 729/1364/32
f 729/1365/106 730/2237/106 726/1357/90
f 731/1367/10 738/1379/10 733/1368/10
f 733/1370/53 734/1381/53 735/1371/95
f 734/1373/32 737/1382/32 736/1374/32
f 737/1376/51 738/1384/51 731/1377/98
f 738/1379/10 718/1336/10 715/1335/10
f 715/1380/52 716/6719/52 734/1381/53
f 716/1339/32 717/1341/32 737/1382/32
f 717/1383/50 718/6720/50 738/1384/51
f 682/1274/56 785/1273/56 740/1385/57
f 677/1387/58 786/6721/58 742/1388/59
f 743/1390/60 744/1402/60 680/1391/61
f 750/1392/10 746/1404/10 745/1393/10
f 745/1395/63 746/1405/62 747/1396/62
f 748/1398/32 747/1407/32 749/1399/32
f 749/1401/64 750/1410/64 744/1402/60
f 754/1403/10 751/1412/10 746/1404/10
f 746/1405/62 751/1414/65 752/1406/65
f 747/1407/32 752/1416/32 753/1408/32
f 753/1409/66 754/6299/108 750/1410/64
f 755/1411/10 756/1418/10 751/1412/10
f 756/1413/100 757/1420/100 752/1406/65
f 757/1415/32 760/1422/32 753/1408/32
f 755/1411/10 762/1426/10 758/1417/10
f 758/1419/70 759/1428/70 757/1420/100
f 759/1421/32 761/1430/32 760/1422/32
f 761/1423/68 762/1431/68 755/1424/101
f 762/1426/10 553/1225/10 548/1427/10
f 548/1014/40 659/1013/40 759/1428/70
f 659/1429/32 550/1229/32 761/1430/32
f 550/1017/43 553/1016/43 762/1431/68
f 766/1432/10 763/1438/10 675/1257/10
f 763/1433/64 764/1440/64 660/1230/109
f 660/1434/32 764/1441/32 765/1435/32
f 765/1436/62 766/1444/62 663/1233/78
f 770/1437/10 767/1446/10 763/1438/10
f 767/1439/102 768/6722/102 764/1440/64
f 764/1441/32 768/6416/32 769/1442/32
f 769/1443/103 770/6269/103 766/1444/62
f 770/1437/10 771/1447/10 772/1445/10
f 771/1447/10 778/1458/10 773/1448/10
f 773/1449/68 774/1461/68 775/1450/69
f 774/1452/32 777/1463/32 776/1453/32
f 777/1455/70 778/1465/70 771/1456/71
f 778/1458/10 782/1505/10 779/1459/10
f 779/1460/72 780/6723/72 774/1461/68
f 780/1462/32 781/1516/32 777/1463/32
f 781/1464/73 782/6724/73 778/1465/70
f 783/1466/74 687/1285/49 690/1284/49
f 784/1468/75 745/1395/63 748/1397/63
f 785/1470/32 783/1480/32 679/1471/32
f 784/1473/10 690/1275/10 684/1277/10
f 744/1394/10 745/1393/10 784/1473/10
f 786/1476/10 676/1724/10 681/1477/10
f 739/1478/10 742/1609/10 786/1476/10
f 680/1475/10 784/1473/10 682/1474/10
f 677/1472/32 741/1615/32 740/1479/32
f 683/1282/32 687/1281/32 783/1480/32
f 783/1480/32 748/1398/32 743/1400/32
f 678/1481/32 787/1726/32 677/1472/32
f 788/1482/109 802/6725/77 789/1483/77
f 791/1485/78 792/1495/79 793/1486/79
f 795/1488/107 712/6715/96 711/1326/96
f 797/1490/81 795/1488/82 794/1489/82
f 799/1492/83 789/6726/84 802/1493/84
f 792/1495/85 782/6724/73 781/1464/73
f 801/1496/86 714/6716/55 713/1331/55
f 800/1498/87 780/6723/72 779/1460/72
f 793/1500/32 800/1514/32 795/1501/32
f 801/1503/10 794/1511/10 711/1504/10
f 801/1503/10 779/1459/10 782/1505/10
f 789/1507/10 792/1506/10 791/1508/10
f 789/1507/10 799/1619/10 796/1510/10
f 794/1511/10 801/1503/10 792/1506/10
f 802/1502/32 795/1501/32 797/1512/32
f 800/1514/32 713/1329/32 712/1515/32
f 800/1514/32 793/1500/32 781/1516/32
f 802/1502/32 788/1731/32 790/1517/32
f 805/1518/39 806/6727/39 807/1519/40
f 809/1521/42 810/1689/42 811/1522/43
f 814/1524/89 813/1531/89 944/1525/105
f 820/1527/10 819/1539/10 815/1528/10
f 815/1530/46 816/6728/46 813/1531/89
f 816/1532/32 818/1544/32 817/1533/32
f 818/1535/48 819/6729/48 820/1536/49
f 824/1538/10 821/1549/10 815/1528/10
f 821/1540/90 822/1551/90 816/1541/46
f 822/1543/32 823/1553/32 818/1544/32
f 823/1545/91 824/1555/91 819/1546/48
f 828/1548/10 825/1557/10 821/1549/10
f 825/1550/106 826/1559/106 822/1551/90
f 822/1543/32 826/1560/32 827/1552/32
f 827/1554/93 828/1563/93 824/1555/91
f 832/1556/110 829/1808/162 825/1557/10
f 829/1558/111 830/1565/111 826/1559/106
f 826/1560/32 830/1797/151 831/1561/112
f 831/1562/113 832/1567/113 828/1563/93
f 833/1564/114 834/1785/114 830/1565/111
f 831/1562/113 948/6730/115 835/1566/115
f 836/1568/116 837/1789/117 838/1569/117
f 846/1571/118 845/1583/10 840/1572/10
f 839/1574/120 840/1586/98 841/1575/98
f 841/1577/32 844/1588/32 843/1578/121
f 843/1580/123 844/1590/95 845/1581/95
f 845/1583/10 850/1591/10 847/1584/10
f 847/1585/51 848/1594/51 841/1575/98
f 848/1587/32 849/1596/32 844/1588/32
f 849/1589/53 850/1598/53 845/1581/95
f 850/1591/10 854/1600/10 851/1592/10
f 851/1593/50 852/6731/50 848/1594/51
f 852/1595/32 853/1605/32 849/1596/32
f 853/1597/52 854/6732/52 850/1598/53
f 858/1599/10 855/1835/10 851/1592/10
f 855/1601/96 856/6733/96 852/1602/50
f 852/1595/32 856/1846/32 857/1604/32
f 857/1606/55 858/6734/55 854/1607/52
f 742/1609/10 739/1478/10 859/1610/10
f 739/1386/57 740/1385/57 860/1612/52
f 860/1614/32 740/1479/32 741/1615/32
f 741/1389/59 742/1388/59 862/1617/50
f 799/1619/10 866/1625/10 863/1620/10
f 863/1621/48 864/6735/48 797/1490/81
f 864/1622/32 865/1630/32 798/1513/32
f 798/1494/83 865/6736/46 866/1623/46
f 870/1624/10 867/1635/10 863/1620/10
f 867/1626/91 868/1637/91 864/1627/48
f 864/1622/32 868/1638/32 869/1629/32
f 869/1631/90 870/1641/90 866/1632/46
f 874/1634/10 871/1643/10 867/1635/10
f 867/1626/91 871/1644/93 872/1636/93
f 868/1638/32 872/1646/32 873/1639/32
f 873/1640/106 874/1649/106 870/1641/90
f 878/1642/124 875/1805/159 871/1643/10
f 871/1644/93 875/1651/125 876/1645/125
f 872/1646/32 876/1796/150 877/1647/126
f 877/1648/127 878/1653/127 874/1649/106
f 879/1650/128 880/1788/128 876/1645/125
f 881/1652/129 882/6737/129 878/1653/127
f 884/1654/130 885/1786/130 947/1655/131
f 893/1657/132 892/1669/10 887/1658/10
f 886/1660/134 887/1671/95 888/1661/95
f 888/1663/32 891/1674/32 890/1664/135
f 891/1666/98 892/1676/98 893/1667/137
f 892/1669/10 897/1677/10 894/1670/10
f 887/1671/95 894/1678/53 895/1672/53
f 895/1673/32 896/1680/32 891/1674/32
f 896/1675/51 897/1682/51 892/1676/98
f 897/1677/10 862/1611/10 859/1610/10
f 894/1678/53 859/6738/52 860/1679/52
f 860/1614/32 861/1616/32 896/1680/32
f 861/1681/50 862/6739/50 897/1682/51
f 812/1526/56 944/1525/56 899/1683/57
f 806/1685/138 805/6740/138 901/1686/139
f 902/1688/60 903/1700/60 810/1689/61
f 909/1690/10 905/1702/10 904/1691/10
f 905/1693/62 906/1704/62 907/1694/63
f 907/1696/32 906/1705/32 908/1697/32
f 908/1699/64 909/1708/64 903/1700/60
f 913/1701/10 910/6354/10 905/1702/10
f 905/1693/62 910/1710/65 911/1703/65
f 906/1705/32 911/1711/32 912/1706/32
f 912/1707/66 913/6296/108 909/1708/64
f 914/1709/100 915/1717/100 911/1703/65
f 911/1711/32 915/1719/32 919/1712/32
f 916/1713/10 921/1723/10 917/1714/10
f 917/1716/70 918/1725/70 915/1717/100
f 918/1718/32 920/1727/32 919/1712/32
f 920/1720/68 921/1728/68 916/1721/101
f 921/1723/10 681/1477/10 676/1724/10
f 676/1268/40 787/1267/40 918/1725/70
f 787/1726/32 678/1481/32 920/1727/32
f 678/1271/43 681/1270/43 921/1728/68
f 925/1729/10 922/1735/10 803/1509/10
f 922/1730/64 923/1737/64 788/1482/109
f 788/1731/32 923/1738/32 924/1732/32
f 790/1487/78 924/1741/62 925/1733/62
f 929/1734/10 926/6741/10 922/1735/10
f 926/1736/102 927/1743/102 923/1737/64
f 923/1738/32 927/1745/32 928/1739/32
f 928/1740/103 929/6275/103 925/1733/62
f 930/1742/69 931/1750/69 927/1743/102
f 931/1744/32 935/1752/32 928/1739/32
f 932/1746/10 937/1756/10 933/1747/10
f 933/1749/68 934/1759/68 931/1750/69
f 934/1751/32 936/1761/32 935/1752/32
f 936/1753/70 937/1763/70 932/1754/71
f 937/1756/10 941/1836/10 938/1757/10
f 933/1749/68 938/1829/72 939/1758/72
f 939/1760/32 940/1847/32 936/1761/32
f 940/1762/73 941/6742/73 937/1763/70
f 817/1537/49 820/1536/49 943/1764/74
f 904/1695/63 907/1694/63 942/1766/75
f 944/1768/32 942/1778/32 809/1769/32
f 943/1771/10 820/1527/10 814/1529/10
f 903/1692/10 904/1691/10 943/1771/10
f 805/1774/10 804/1874/10 811/1775/10
f 898/1776/10 901/1993/10 805/1774/10
f 810/1773/10 943/1771/10 812/1772/10
f 806/1770/32 900/1997/32 899/1777/32
f 813/1534/32 817/1533/32 942/1778/32
f 942/1778/32 907/1696/32 902/1698/32
f 808/1779/32 807/1876/32 806/1770/32
f 843/1580/123 846/1582/123 882/1780/140
f 948/1782/141 890/1668/137 893/1667/137
f 955/1784/142 945/2171/142 834/1785/114
f 886/1660/134 889/1662/134 885/1786/130
f 879/1650/128 951/2176/143 946/1787/143
f 839/1574/120 842/1576/120 838/1569/117
f 885/1790/144 948/1798/152 949/1791/145
f 880/1793/147 946/2185/273 950/1794/148
f 881/1795/149 838/1811/165 842/1579/122
f 876/1796/150 880/1793/147 881/1795/149
f 830/1797/151 834/1810/164 948/1798/152
f 948/1798/152 885/1790/144 889/1665/136
f 879/1799/153 882/1806/160 952/1800/154
f 884/1802/156 883/2175/264 953/1803/157
f 835/1804/158 893/1657/132 886/1659/133
f 875/1805/159 878/1642/124 882/1806/160
f 882/1806/160 846/1571/118 839/1573/119
f 829/1808/162 832/1556/110 835/1804/158
f 834/1810/164 945/2169/259 949/1791/145
f 950/1794/148 954/2182/270 838/1811/165
f 837/1807/161 836/2180/268 952/1800/154
f 953/1803/157 955/2172/261 833/1809/163
f 957/1812/76 958/6743/77 959/1813/77
f 961/1815/78 962/1825/79 963/1816/79
f 965/1818/107 856/6733/96 855/1601/96
f 967/1820/166 965/1818/82 964/1819/82
f 969/1822/83 959/6744/84 958/1823/84
f 962/1825/85 941/6742/73 940/1762/73
f 971/1826/86 858/6734/55 857/1606/55
f 970/1828/87 939/1758/72 938/1829/72
f 963/1831/32 970/1845/32 965/1832/32
f 971/1834/10 964/1842/10 855/1835/10
f 971/1834/10 938/1757/10 941/1836/10
f 959/1838/10 962/1837/10 961/1839/10
f 959/1838/10 969/1898/10 966/1841/10
f 964/1842/10 971/1834/10 962/1837/10
f 958/1833/32 965/1832/32 967/1843/32
f 970/1845/32 857/1604/32 856/1846/32
f 970/1845/32 963/1831/32 940/1847/32
f 958/1833/32 957/1881/32 960/1848/32
f 979/1849/10 978/3235/10 973/1850/10
f 973/1852/29 974/3236/29 975/1853/29
f 974/1855/32 976/3237/32 977/1856/32
f 976/1858/167 978/6290/167 979/1859/37
f 980/1861/10 987/1873/10 982/1862/10
f 982/1864/70 983/1875/70 984/1865/100
f 983/1867/32 986/1877/32 985/1868/32
f 986/1870/68 987/1878/68 980/1871/101
f 987/1873/10 811/1775/10 804/1874/10
f 804/1520/41 807/1519/40 983/1875/70
f 807/1876/32 808/1779/32 986/1877/32
f 808/1523/43 811/1522/43 987/1878/68
f 991/1879/10 988/1885/10 956/1840/10
f 988/1880/64 989/1887/64 957/1812/76
f 957/1881/32 989/1888/32 990/1882/32
f 960/1817/78 990/1891/62 991/1883/62
f 995/1884/10 992/1893/10 988/1885/10
f 992/1886/102 993/1895/102 989/1887/64
f 989/1888/32 993/1896/32 994/1889/32
f 994/1890/103 995/6279/103 991/1883/62
f 996/1892/10 997/3239/10 992/1893/10
f 997/1894/37 998/3241/37 993/1895/102
f 993/1896/32 998/3242/32 1089/1897/32
f 969/1898/10 1002/1904/10 999/1899/10
f 999/1900/48 1000/6745/48 967/1820/166
f 1000/1901/32 1001/1909/32 968/1844/32
f 1001/1902/46 1002/6746/46 969/1822/83
f 1006/1903/10 1003/1914/10 999/1899/10
f 1003/1905/168 1004/1916/168 1000/1906/48
f 1000/1901/32 1004/1917/32 1005/1908/32
f 1005/1910/90 1006/1920/90 1002/1911/46
f 1010/1913/10 1007/1922/10 1003/1914/10
f 1007/1915/93 1008/1924/93 1004/1916/168
f 1004/1917/32 1008/1925/32 1009/1918/32
f 1009/1919/106 1010/1928/106 1006/1920/90
f 1014/1921/10 1011/1930/10 1007/1922/10
f 1011/1923/169 1012/1932/169 1008/1924/93
f 1008/1925/32 1012/1933/32 1013/1926/32
f 1013/1927/170 1014/1936/170 1010/1928/106
f 1018/1929/10 1015/1938/10 1011/1930/10
f 1015/1931/171 1016/1940/171 1012/1932/169
f 1012/1933/32 1016/1941/32 1017/1934/32
f 1017/1935/172 1018/1944/172 1014/1936/170
f 1022/1937/10 1019/1946/10 1015/1938/10
f 1019/1939/173 1020/1948/173 1016/1940/171
f 1016/1941/32 1020/1949/32 1021/1942/32
f 1021/1943/174 1022/1952/174 1018/1944/172
f 1026/1945/10 1023/1954/10 1019/1946/10
f 1023/1947/175 1024/1956/175 1020/1948/173
f 1020/1949/32 1024/1958/32 1025/1950/32
f 1025/1951/176 1026/1960/176 1022/1952/174
f 1026/1945/10 1030/1961/10 1027/1953/10
f 1027/1955/177 1028/1964/177 1024/1956/175
f 1028/1957/32 1029/1966/32 1025/1950/32
f 1029/1959/178 1030/1968/178 1026/1960/176
f 1030/1961/10 1034/1969/10 1031/1962/10
f 1031/1963/179 1032/1972/179 1028/1964/177
f 1032/1965/32 1033/1974/32 1029/1966/32
f 1033/1967/180 1034/1976/180 1030/1968/178
f 1034/1969/10 1038/1977/10 1035/1970/10
f 1035/1971/95 1036/1980/95 1032/1972/179
f 1036/1973/32 1037/1982/32 1033/1974/32
f 1037/1975/98 1038/1984/98 1034/1976/180
f 1038/1977/10 1042/1985/10 1039/1978/10
f 1039/1979/53 1040/1988/53 1036/1980/95
f 1040/1981/32 1041/1990/32 1037/1982/32
f 1041/1983/51 1042/1992/51 1038/1984/98
f 1042/1985/10 1046/1994/10 1043/1986/10
f 1043/1987/52 1044/6747/52 1040/1988/53
f 1044/1989/32 1045/1998/32 1041/1990/32
f 1045/1991/50 1046/6748/50 1042/1992/51
f 901/1993/10 898/1776/10 1043/1986/10
f 898/1684/57 899/1683/57 1044/1995/52
f 1044/1989/32 899/1777/32 900/1997/32
f 900/1687/139 901/1686/139 1046/1999/50
f 1050/2001/10 1047/2012/10 85/102/10
f 1047/2003/90 1048/2014/90 86/2004/46
f 86/106/32 1048/2015/32 1049/2006/32
f 1049/2008/91 1050/2018/91 89/2009/48
f 1054/2011/10 1051/2020/10 1047/2012/10
f 1051/2013/92 1052/2022/92 1048/2014/90
f 1048/2015/32 1052/2023/32 1053/2016/32
f 1049/2008/91 1053/2025/93 1054/2017/93
f 1058/2019/10 1055/2028/10 1051/2020/10
f 1055/2021/170 1056/2030/170 1052/2022/92
f 1052/2023/32 1056/2031/32 1057/2024/32
f 1053/2025/93 1057/2033/169 1058/2026/169
f 1062/2027/10 1059/2036/10 1055/2028/10
f 1059/2029/172 1060/2038/172 1056/2030/170
f 1056/2031/32 1060/2039/32 1061/2032/32
f 1057/2033/169 1061/2041/171 1062/2034/171
f 1066/2035/10 1063/2044/10 1059/2036/10
f 1063/2037/174 1064/2046/174 1060/2038/172
f 1060/2039/32 1064/2047/32 1065/2040/32
f 1061/2041/171 1065/2050/173 1066/2042/173
f 1070/2043/10 1067/2052/10 1063/2044/10
f 1067/2045/176 1068/2054/176 1064/2046/174
f 1064/2047/32 1068/2056/32 1069/2048/32
f 1069/2049/175 1070/2058/175 1066/2042/173
f 1070/2043/10 1074/2059/10 1071/2051/10
f 1071/2053/178 1072/2062/178 1068/2054/176
f 1072/2055/32 1073/2064/32 1069/2048/32
f 1073/2057/177 1074/2066/177 1070/2058/175
f 1074/2059/10 1078/2067/10 1075/2060/10
f 1075/2061/180 1076/2070/180 1072/2062/178
f 1076/2063/32 1077/2072/32 1073/2064/32
f 1077/2065/179 1078/2074/179 1074/2066/177
f 1078/2067/10 1082/2075/10 1079/2068/10
f 1079/2069/94 1080/2076/94 1076/2070/180
f 1080/2071/32 1081/2077/32 1077/2072/32
f 1081/2073/95 1082/2078/95 1078/2074/179
f 1082/2075/10 98/112/10 91/114/10
f 91/117/51 94/116/51 1080/2076/94
f 94/120/32 95/119/32 1081/2077/32
f 95/123/53 98/122/53 1082/2078/95
f 1093/2079/10 1094/2083/184 1095/2080/181
f 1093/2079/10 1097/2085/186 1098/2082/183
f 1093/2079/10 1099/2087/188 1100/2084/185
f 1093/2079/10 1101/2089/190 1102/2086/187
f 1093/2079/10 1103/2091/192 1104/2088/189
f 1093/2079/10 1105/2093/194 1106/2090/191
f 1093/2079/10 1107/2095/196 1108/2092/193
f 1093/2079/10 1096/2081/182 1109/2094/195
f 1110/2096/197 1137/2116/21 1111/2097/21
f 1112/2099/198 1110/2096/197 1138/2098/197
f 1113/2101/199 1145/6749/200 1143/2102/200
f 1114/2104/14 1113/2101/199 1146/2103/199
f 1115/2106/201 1114/2104/14 1147/2105/14
f 1116/2108/202 1115/2106/201 1148/2107/201
f 1117/2110/204 1116/6750/202 1149/2111/203
f 1119/2113/206 1154/6751/207 1152/2114/207
f 1137/2116/21 1119/2113/206 1155/2115/206
f 1120/2117/32 1121/2133/223 1122/2118/208
f 1120/2117/32 1123/2119/209 1124/2120/210
f 1120/2117/32 1125/2121/211 1126/2122/212
f 1120/2117/32 1127/2123/213 1128/2124/214
f 1120/2117/32 1129/2125/215 1130/2126/216
f 1120/2117/32 1131/2127/217 1132/2128/218
f 1120/2117/32 1133/2129/219 1134/2130/220
f 1120/2117/32 1135/2131/221 1136/2132/222
f 1111/2134/224 1096/2081/182 1095/2080/181
f 1139/2136/226 1138/2135/225 1095/2080/181
f 1156/2137/227 1139/2136/226 1094/2083/184
f 1142/2138/228 1156/2137/227 1098/2082/183
f 1142/2138/228 1097/2085/186 1100/2084/185
f 1144/2139/229 1100/2084/185 1099/2087/188
f 1143/2140/230 1099/2087/188 1102/2086/187
f 1146/2141/231 1102/2086/187 1101/2089/190
f 1148/2143/233 1147/2142/232 1101/2089/190
f 1149/2144/234 1148/2143/233 1104/2088/189
f 1118/2145/235 1149/2144/234 1103/2091/192
f 1151/2146/236 1118/2145/235 1106/2090/191
f 1151/2146/236 1105/2093/194 1108/2092/193
f 1153/2147/237 1108/2092/193 1107/2095/196
f 1152/2148/238 1107/2095/196 1109/2094/195
f 1111/2134/224 1155/2149/239 1109/2094/195
f 1122/2118/208 1121/2133/223 1137/2150/240
f 1122/2118/208 1110/2151/241 1112/2152/242
f 1123/2119/209 1112/2152/242 1140/2153/243
f 1124/2120/210 1140/2153/243 1141/2154/244
f 1126/2122/212 1125/2121/211 1141/2154/244
f 1127/2123/213 1126/2122/212 1157/2155/245
f 1128/2124/214 1127/2123/213 1145/2156/246
f 1129/2125/215 1128/2124/214 1113/2157/247
f 1129/2125/215 1114/2158/248 1115/2159/249
f 1130/2126/216 1115/2159/249 1116/2160/250
f 1131/2127/217 1116/2160/250 1117/2161/251
f 1132/2128/218 1117/2161/251 1150/2162/252
f 1134/2130/220 1133/2129/219 1150/2162/252
f 1135/2131/221 1134/2130/220 1158/2163/253
f 1136/2132/222 1135/2131/221 1154/2164/254
f 1136/2132/222 1119/2165/255 1137/2150/240
f 947/1655/131 1160/2187/275 1159/2166/256
f 947/1792/146 949/1791/145 1161/2167/257
f 945/2169/259 1162/2188/824 1161/2167/257
f 955/1784/142 1163/2189/279 1162/2170/260
f 955/2172/261 953/1803/157 1164/2173/262
f 883/2175/264 1159/2191/825 1164/2173/262
f 951/2176/143 1166/2192/284 1165/2177/265
f 951/1801/155 952/1800/154 1167/2178/266
f 836/2180/268 1168/2194/826 1167/2178/266
f 954/1570/116 1169/2196/269 1168/2181/269
f 954/2182/270 950/1794/148 1170/2183/271
f 946/2185/273 1165/2197/827 1170/2183/271
f 1117/2186/274 1118/6752/828 1159/2166/256
f 1150/2162/252 1117/2161/251 1160/2168/276
f 1162/2188/278 1158/2163/253 1150/2162/252
f 1163/2189/279 1153/6753/829 1158/2190/280
f 1151/2146/236 1153/2147/237 1163/2174/281
f 1159/2191/283 1118/2145/235 1151/2146/236
f 1166/2192/284 1144/6754/830 1157/2193/285
f 1142/2138/286 1144/2139/831 1166/2179/287
f 1168/2194/289 1156/2137/832 1142/2138/286
f 1140/2195/290 1156/6755/290 1168/2181/269
f 1141/2154/291 1140/2153/833 1169/2184/292
f 1165/2197/294 1157/2155/834 1141/2154/291
f 1152/2198/207 1154/6756/207 1158/2199/295
f 1140/2201/296 1112/6757/198 1139/2202/198
f 1143/2204/200 1145/6758/200 1157/2205/298
f 1174/2207/299 1171/2281/162 695/2208/10
f 695/1298/106 1171/2215/111 1172/2209/111
f 696/2211/32 1172/2270/151 1173/2212/112
f 697/2213/93 1173/2217/300 1174/2214/300
f 1171/2215/111 1175/2258/114 1176/2216/114
f 1173/2217/300 1177/6759/115 1208/2218/115
f 1178/2219/116 1179/2262/117 1180/2220/117
f 1184/2222/301 699/1304/10 700/1306/10
f 1181/2224/120 700/1309/98 703/1308/98
f 703/1312/32 704/1311/32 1183/2226/121
f 1183/2228/302 704/1315/95 699/1314/95
f 1188/2230/124 1185/2278/159 727/2231/10
f 727/1361/93 1185/2239/125 1186/2232/125
f 728/2234/32 1186/2269/150 1187/2235/303
f 1187/2236/304 1188/2241/304 730/2237/106
f 1189/2238/128 1190/2261/128 1186/2232/125
f 1204/2240/129 1191/6760/129 1188/2241/304
f 1192/2242/131 1193/2259/130 1194/2243/130
f 1198/2245/305 731/1367/10 732/1369/10
f 1195/2247/134 732/1372/95 735/1371/95
f 735/1375/32 736/1374/32 1197/2249/135
f 736/1378/98 731/1377/98 1198/2251/306
f 1204/2253/140 1183/2228/302 1184/2229/302
f 1177/2255/307 1197/2252/306 1198/2251/306
f 1210/2257/142 1199/2377/142 1176/2216/114
f 1195/2247/134 1196/2248/134 1194/2243/130
f 1205/2260/143 1200/2383/143 1190/2261/128
f 1181/2224/120 1182/2225/120 1180/2220/117
f 1194/2263/144 1177/2271/152 1202/2264/145
f 1190/2266/147 1200/2391/273 1203/2267/148
f 1204/2268/149 1180/2284/165 1182/2227/122
f 1186/2269/150 1190/2266/147 1204/2268/149
f 1172/2270/151 1176/2283/164 1177/2271/152
f 1177/2271/152 1194/2263/144 1196/2250/136
f 1189/2272/308 1191/2279/160 1206/2273/154
f 1193/2275/156 1192/2381/264 1207/2276/309
f 1208/2277/158 1198/2245/305 1195/2246/133
f 1185/2278/159 1188/2230/124 1191/2279/160
f 1191/2279/160 1184/2222/301 1181/2223/119
f 1171/2281/162 1174/2207/299 1208/2277/158
f 1176/2283/164 1199/2375/319 1202/2264/145
f 1203/2267/148 1209/2388/270 1180/2284/165
f 1179/2280/161 1178/2386/268 1206/2273/154
f 1207/2276/309 1210/2378/261 1175/2282/163
f 1211/2285/10 1212/2289/310 1213/2286/181
f 1211/2285/10 1215/2291/186 1216/2288/183
f 1211/2285/10 1217/2293/188 1218/2290/185
f 1211/2285/10 1219/2295/190 1220/2292/187
f 1211/2285/10 1221/2297/192 1222/2294/189
f 1211/2285/10 1223/2299/194 1224/2296/191
f 1211/2285/10 1225/2301/196 1226/2298/193
f 1211/2285/10 1214/2287/182 1227/2300/195
f 1256/2302/197 1228/6761/197 1255/2303/21
f 1230/2305/198 1228/6761/197 1256/2302/197
f 1231/2307/199 1263/6762/200 1261/2308/200
f 1232/2310/14 1231/2307/199 1264/2309/199
f 1233/2312/201 1232/2310/14 1265/2311/14
f 1234/2314/202 1233/2312/201 1266/2313/201
f 1235/2316/204 1234/6763/202 1267/2317/203
f 1273/2319/206 1237/6764/206 1272/2320/311
f 1255/2303/21 1237/6764/206 1273/2319/206
f 1238/2322/32 1239/2338/223 1240/2323/208
f 1238/2322/32 1241/2324/209 1242/2325/210
f 1238/2322/32 1243/2326/211 1244/2327/212
f 1238/2322/32 1245/2328/213 1246/2329/214
f 1238/2322/32 1247/2330/215 1248/2331/216
f 1238/2322/32 1249/2332/313 1250/2333/218
f 1238/2322/32 1251/2334/219 1252/2335/220
f 1238/2322/32 1253/2336/221 1254/2337/222
f 1256/2339/225 1229/2354/224 1214/2287/182
f 1257/2340/226 1256/2339/225 1213/2286/181
f 1274/2341/227 1257/2340/226 1212/2289/310
f 1260/2342/228 1274/2341/227 1216/2288/183
f 1260/2342/228 1215/2291/186 1218/2290/185
f 1262/2343/229 1218/2290/185 1217/2293/188
f 1264/2345/231 1261/2344/230 1217/2293/188
f 1265/2346/232 1264/2345/231 1220/2292/187
f 1266/2347/233 1265/2346/232 1219/2295/190
f 1266/2347/233 1222/2294/189 1221/2297/192
f 1236/2349/235 1267/2348/234 1221/2297/192
f 1269/2350/236 1236/2349/235 1224/2296/191
f 1269/2350/236 1223/2299/194 1226/2298/193
f 1271/2351/314 1226/2298/193 1225/2301/196
f 1273/2353/239 1270/2352/238 1225/2301/196
f 1273/2353/239 1227/2300/195 1214/2287/182
f 1239/2338/223 1255/2370/240 1228/2355/241
f 1240/2323/208 1228/2355/241 1230/2356/242
f 1241/2324/209 1230/2356/242 1258/2357/243
f 1242/2325/210 1258/2357/243 1259/2358/244
f 1244/2327/212 1243/2326/211 1259/2358/244
f 1245/2328/213 1244/2327/212 1275/2359/245
f 1245/2328/213 1263/2360/246 1231/2361/315
f 1246/2329/214 1231/2361/315 1232/2362/248
f 1247/2330/215 1232/2362/248 1233/2363/316
f 1249/2332/313 1248/2331/216 1233/2363/316
f 1249/2332/313 1234/2364/317 1235/2365/251
f 1250/2333/218 1235/2365/251 1268/2366/252
f 1252/2335/220 1251/2334/219 1268/2366/252
f 1253/2336/221 1252/2335/220 1276/2367/253
f 1253/2336/221 1272/2368/318 1237/2369/255
f 1239/2338/223 1254/2337/222 1237/2369/255
f 1192/2242/131 1201/2244/131 1278/2371/275
f 1201/2265/146 1202/2264/145 1279/2373/257
f 1199/2375/319 1280/2393/824 1279/2373/257
f 1210/2257/142 1281/2394/324 1280/2376/320
f 1210/2378/261 1207/2276/309 1282/2379/262
f 1192/2381/264 1277/2396/835 1282/2379/262
f 1205/2260/143 1284/2397/329 1283/2382/321
f 1205/2274/155 1206/2273/154 1285/2384/266
f 1178/2386/268 1286/2399/836 1285/2384/266
f 1209/2221/116 1287/2401/269 1286/2387/322
f 1209/2388/270 1203/2267/148 1288/2389/271
f 1200/2391/273 1283/2402/827 1288/2389/271
f 1235/2392/274 1236/6765/828 1277/2372/256
f 1268/2366/252 1235/2365/251 1278/2374/276
f 1280/2393/278 1276/2367/253 1268/2366/252
f 1281/2394/324 1271/6766/837 1276/2395/325
f 1269/2350/236 1271/2351/314 1281/2380/326
f 1277/2396/328 1236/2349/235 1269/2350/236
f 1284/2397/329 1262/6767/838 1275/2398/330
f 1260/2342/331 1262/2343/839 1284/2385/332
f 1286/2399/334 1274/2341/840 1260/2342/331
f 1258/2400/290 1274/6768/841 1286/2387/322
f 1259/2358/335 1258/2357/833 1287/2390/292
f 1283/2402/337 1275/2359/842 1259/2358/335
f 1270/2403/312 1272/6769/311 1276/2404/295
f 1258/2406/296 1230/6770/198 1257/2407/198
f 1261/2409/200 1263/6771/200 1275/2410/298
f 1292/2412/299 1289/2486/162 567/2413/10
f 1289/2414/111 1290/2421/111 568/2415/106
f 568/2416/32 1290/2475/151 1291/2417/112
f 1291/2418/113 1292/2423/113 570/2419/93
f 1293/2420/114 1294/2463/114 1290/2421/111
f 1295/2422/115 1296/6772/115 1292/2423/113
f 1298/2424/117 1299/2467/117 1327/2425/116
f 1303/2427/301 571/1050/10 572/1052/10
f 572/1055/98 575/1054/98 1301/2429/120
f 575/1058/32 576/1057/32 1302/2431/121
f 1302/2433/302 576/1059/95 571/1061/95
f 1307/2435/124 1304/2483/159 599/2436/10
f 1304/2437/125 1305/2444/125 600/2438/93
f 600/2439/32 1305/2474/150 1306/2440/303
f 601/1111/106 1306/2446/304 1307/2441/127
f 1304/2437/125 1308/2466/128 1309/2443/128
f 1310/2445/129 1311/6773/129 1307/2441/127
f 1313/2447/130 1314/2464/130 1321/2448/131
f 1318/2450/305 603/1113/10 604/1115/10
f 1315/2452/134 604/1118/95 607/1117/95
f 607/1121/32 608/1120/32 1317/2454/135
f 1317/2456/137 608/1124/98 603/1123/98
f 1302/2433/302 1303/2434/123 1311/2458/140
f 1317/2456/137 1318/2457/137 1296/2460/141
f 1328/2462/142 1319/2581/142 1294/2463/114
f 1315/2452/134 1316/2453/134 1314/2464/130
f 1324/2465/338 1320/2587/338 1309/2443/128
f 1300/2430/120 1301/2429/120 1299/2467/117
f 1314/2468/339 1295/2476/152 1322/2469/340
f 1309/2471/147 1320/2595/273 1323/2472/148
f 1310/2473/149 1299/2489/165 1301/2432/122
f 1305/2474/150 1309/2471/147 1310/2473/149
f 1290/2475/151 1294/2488/164 1295/2476/152
f 1295/2476/152 1314/2468/339 1316/2455/136
f 1308/2477/153 1311/2484/160 1325/2478/154
f 1313/2480/156 1312/2585/264 1326/2481/309
f 1296/2482/158 1318/2450/305 1315/2451/133
f 1304/2483/159 1307/2435/124 1311/2484/160
f 1311/2484/160 1303/2427/301 1300/2428/119
f 1289/2486/162 1292/2412/299 1296/2482/158
f 1294/2488/164 1319/2579/259 1322/2469/340
f 1323/2472/148 1327/2592/270 1299/2489/165
f 1298/2485/161 1297/2590/268 1325/2478/154
f 1326/2481/309 1328/2582/261 1293/2487/163
f 1329/2490/10 1330/2494/184 1331/2491/181
f 1329/2490/10 1333/2496/186 1334/2493/183
f 1329/2490/10 1335/2498/188 1336/2495/185
f 1329/2490/10 1337/2500/190 1338/2497/187
f 1329/2490/10 1339/2502/192 1340/2499/189
f 1329/2490/10 1341/2504/194 1342/2501/191
f 1329/2490/10 1343/2506/196 1344/2503/193
f 1329/2490/10 1332/2492/182 1345/2505/195
f 1346/2507/197 1373/2526/21 1347/2508/21
f 1375/2510/198 1348/6774/198 1346/2507/197
f 1349/2511/199 1381/6775/200 1379/2512/341
f 1350/2514/14 1349/2511/199 1382/2513/199
f 1351/2516/201 1350/2514/14 1383/2515/14
f 1352/2518/202 1351/2516/201 1384/2517/201
f 1353/2520/204 1352/6776/202 1385/2521/203
f 1355/2523/206 1390/6777/311 1388/2524/207
f 1373/2526/21 1355/2523/206 1391/2525/206
f 1356/2527/32 1357/2543/223 1358/2528/208
f 1356/2527/32 1359/2529/209 1360/2530/210
f 1356/2527/32 1361/2531/211 1362/2532/212
f 1356/2527/32 1363/2533/342 1364/2534/214
f 1356/2527/32 1365/2535/215 1366/2536/216
f 1356/2527/32 1367/2537/313 1368/2538/218
f 1356/2527/32 1369/2539/219 1370/2540/220
f 1356/2527/32 1371/2541/221 1372/2542/222
f 1374/2544/343 1347/2559/224 1332/2492/182
f 1374/2544/343 1331/2491/181 1330/2494/184
f 1392/2546/227 1375/2545/226 1330/2494/184
f 1378/2547/228 1392/2546/227 1334/2493/183
f 1378/2547/228 1333/2496/186 1336/2495/185
f 1380/2548/344 1336/2495/185 1335/2498/188
f 1382/2550/345 1379/2549/230 1335/2498/188
f 1382/2550/345 1338/2497/187 1337/2500/190
f 1384/2552/346 1383/2551/232 1337/2500/190
f 1384/2552/346 1340/2499/189 1339/2502/192
f 1354/2554/235 1385/2553/347 1339/2502/192
f 1387/2555/236 1354/2554/235 1342/2501/191
f 1387/2555/236 1341/2504/194 1344/2503/193
f 1389/2556/314 1344/2503/193 1343/2506/196
f 1391/2558/348 1388/2557/238 1343/2506/196
f 1391/2558/348 1345/2505/195 1332/2492/182
f 1358/2528/208 1357/2543/223 1373/2560/240
f 1359/2529/209 1358/2528/208 1346/2561/349
f 1359/2529/209 1348/2562/242 1376/2563/243
f 1360/2530/210 1376/2563/243 1377/2564/244
f 1362/2532/212 1361/2531/211 1377/2564/244
f 1363/2533/342 1362/2532/212 1393/2565/245
f 1363/2533/342 1381/2566/246 1349/2567/315
f 1365/2535/215 1364/2534/214 1349/2567/315
f 1365/2535/215 1350/2568/248 1351/2569/316
f 1367/2537/313 1366/2536/216 1351/2569/316
f 1367/2537/313 1352/2570/317 1353/2571/251
f 1368/2538/218 1353/2571/251 1386/2572/252
f 1370/2540/220 1369/2539/219 1386/2572/252
f 1371/2541/221 1370/2540/220 1394/2573/253
f 1371/2541/221 1390/2574/350 1355/2575/351
f 1357/2543/223 1372/2542/222 1355/2575/351
f 1321/2448/131 1396/2597/275 1395/2576/256
f 1321/2470/146 1322/2469/340 1397/2577/352
f 1319/2579/259 1398/2598/824 1397/2577/352
f 1328/2462/142 1399/2599/324 1398/2580/320
f 1328/2582/261 1326/2481/309 1400/2583/262
f 1312/2585/264 1395/2601/835 1400/2583/262
f 1324/2465/338 1402/2602/329 1401/2586/321
f 1324/2479/155 1325/2478/154 1403/2588/266
f 1297/2590/268 1404/2604/836 1403/2588/266
f 1327/2425/116 1405/2606/269 1404/2591/322
f 1327/2592/270 1323/2472/148 1406/2593/271
f 1320/2595/273 1401/2607/827 1406/2593/271
f 1353/2596/274 1354/6778/843 1395/2576/256
f 1386/2572/252 1353/2571/251 1396/2578/354
f 1398/2598/278 1394/2573/253 1386/2572/252
f 1399/2599/324 1389/6779/837 1394/2600/325
f 1387/2555/236 1389/2556/314 1399/2584/326
f 1395/2601/283 1354/2554/235 1387/2555/236
f 1402/2602/329 1380/6780/838 1393/2603/330
f 1378/2547/355 1380/2548/844 1402/2589/356
f 1404/2604/334 1392/2546/840 1378/2547/355
f 1376/2605/290 1392/6781/841 1404/2591/322
f 1377/2564/358 1376/2563/833 1405/2594/292
f 1401/2607/337 1393/2565/845 1377/2564/358
f 1388/2608/207 1390/6782/311 1394/2609/295
f 1376/2611/296 1348/6783/198 1375/2612/198
f 1379/2614/341 1381/6784/200 1393/2615/298
f 1410/2617/299 1407/2691/162 439/2618/10
f 1407/2619/111 1408/2626/111 440/2620/106
f 440/2621/32 1408/2680/151 1409/2622/112
f 441/2623/93 1409/2628/300 1410/2624/300
f 1411/2625/360 1412/2668/360 1408/2626/111
f 1413/2627/115 1414/6785/115 1410/2624/300
f 1416/2629/361 1417/2672/361 1445/2630/116
f 1421/2632/301 443/796/10 444/798/10
f 444/801/94 447/800/94 1419/2634/120
f 447/804/32 448/803/32 1420/2636/121
f 448/807/95 443/806/95 1421/2638/302
f 1425/2640/124 1422/2688/159 471/2641/10
f 471/2642/93 1422/2649/125 1423/2643/125
f 472/2644/32 1423/2679/150 1424/2645/303
f 1424/2646/304 1425/2651/304 474/2647/106
f 1426/2648/128 1427/2671/128 1423/2643/125
f 1428/2650/129 1429/6786/129 1425/2651/304
f 1430/2652/131 1431/2669/362 1432/2653/362
f 1436/2655/305 475/859/10 476/861/10
f 1433/2657/134 476/864/95 479/863/95
f 479/867/32 480/866/32 1435/2659/135
f 1435/2661/306 480/870/98 475/869/98
f 1428/2663/140 1420/2639/302 1421/2638/302
f 1435/2661/306 1436/2662/306 1414/2665/141
f 1446/2667/142 1437/2787/142 1412/2668/360
f 1431/2669/362 1433/2657/134 1434/2658/134
f 1442/2670/143 1438/2792/143 1427/2671/128
f 1418/2635/120 1419/2634/120 1417/2672/361
f 1432/2673/339 1413/2681/152 1440/2674/340
f 1427/2676/363 1438/2803/273 1441/2677/148
f 1428/2678/149 1417/2694/165 1419/2637/122
f 1423/2679/150 1427/2676/363 1428/2678/149
f 1408/2680/151 1412/2693/164 1413/2681/152
f 1413/2681/152 1432/2673/339 1434/2660/136
f 1426/2682/153 1429/2689/160 1443/2683/154
f 1431/2685/364 1430/2791/264 1444/2686/309
f 1414/2687/158 1436/2655/305 1433/2656/133
f 1422/2688/159 1425/2640/124 1429/2689/160
f 1429/2689/160 1421/2632/301 1418/2633/119
f 1407/2691/162 1410/2617/299 1414/2687/158
f 1412/2693/164 1437/2785/319 1440/2674/340
f 1441/2677/148 1445/2800/270 1417/2694/165
f 1416/2690/161 1415/2797/268 1443/2683/154
f 1444/2686/309 1446/2788/261 1411/2692/365
f 1447/2695/10 1448/2699/184 1449/2696/181
f 1447/2695/10 1451/2701/186 1452/2698/183
f 1447/2695/10 1453/2703/188 1454/2700/185
f 1447/2695/10 1455/2705/190 1456/2702/187
f 1447/2695/10 1457/2707/192 1458/2704/189
f 1447/2695/10 1459/2709/194 1460/2706/191
f 1447/2695/10 1461/2711/196 1462/2708/193
f 1447/2695/10 1450/2697/182 1463/2710/195
f 1492/2712/197 1464/6787/197 1491/2713/21
f 1466/2715/198 1464/6787/197 1492/2712/197
f 1467/2717/199 1499/6788/341 1497/2718/341
f 1468/2720/14 1467/2717/199 1500/2719/199
f 1469/2722/201 1468/2720/14 1501/2721/14
f 1470/2724/202 1469/2722/201 1502/2723/201
f 1471/2726/204 1470/6789/202 1503/2727/203
f 1509/2729/366 1473/2732/366 1508/2730/311
f 1465/2714/21 1491/2713/21 1473/2732/366
f 1474/2733/32 1475/2749/223 1476/2734/208
f 1474/2733/32 1477/2735/209 1478/2736/210
f 1474/2733/32 1479/2737/211 1480/2738/212
f 1474/2733/32 1481/2739/213 1482/2740/214
f 1474/2733/32 1483/2741/215 1484/2742/216
f 1474/2733/32 1485/2743/367 1486/2744/218
f 1474/2733/32 1487/2745/219 1488/2746/220
f 1474/2733/32 1489/2747/221 1490/2748/222
f 1465/2750/224 1450/2697/182 1449/2696/181
f 1493/2752/226 1492/2751/343 1449/2696/181
f 1510/2753/227 1493/2752/226 1448/2699/184
f 1496/2754/228 1510/2753/227 1452/2698/183
f 1496/2754/228 1451/2701/186 1454/2700/185
f 1498/2755/368 1454/2700/185 1453/2703/188
f 1497/2756/230 1453/2703/188 1456/2702/187
f 1501/2758/232 1500/2757/345 1456/2702/187
f 1501/2758/232 1455/2705/190 1458/2704/189
f 1503/2760/347 1502/2759/346 1458/2704/189
f 1472/2761/235 1503/2760/347 1457/2707/192
f 1505/2762/236 1472/2761/235 1460/2706/191
f 1505/2762/236 1459/2709/194 1462/2708/193
f 1507/2763/314 1462/2708/193 1461/2711/196
f 1506/2764/238 1461/2711/196 1463/2710/195
f 1465/2750/224 1509/2765/348 1463/2710/195
f 1476/2734/208 1475/2749/223 1491/2766/240
f 1476/2734/208 1464/2767/349 1466/2768/242
f 1477/2735/209 1466/2768/242 1494/2769/243
f 1478/2736/210 1494/2769/243 1495/2770/244
f 1480/2738/212 1479/2737/211 1495/2770/244
f 1481/2739/213 1480/2738/212 1511/2771/245
f 1482/2740/214 1481/2739/213 1499/2772/246
f 1482/2740/214 1467/2773/315 1468/2774/248
f 1484/2742/216 1483/2741/215 1468/2774/248
f 1484/2742/216 1469/2775/316 1470/2776/250
f 1485/2743/367 1470/2776/250 1471/2777/251
f 1486/2744/218 1471/2777/251 1504/2778/369
f 1488/2746/220 1487/2745/219 1504/2778/369
f 1489/2747/221 1488/2746/220 1512/2779/253
f 1490/2748/222 1489/2747/221 1508/2780/254
f 1490/2748/222 1473/2781/351 1491/2766/240
f 1439/2654/131 1514/2805/275 1513/2782/256
f 1439/2675/146 1440/2674/340 1515/2783/352
f 1437/2785/319 1516/2806/824 1515/2783/352
f 1446/2667/142 1517/2807/324 1516/2786/320
f 1446/2788/261 1444/2686/309 1518/2789/262
f 1430/2791/264 1513/2809/825 1518/2789/262
f 1438/2792/143 1442/2670/143 1520/2793/329
f 1442/2684/155 1443/2683/154 1521/2795/266
f 1415/2797/268 1522/2811/836 1521/2795/266
f 1415/2631/116 1445/2630/116 1523/2798/269
f 1445/2800/270 1441/2677/148 1524/2801/271
f 1438/2803/273 1519/2813/846 1524/2801/271
f 1471/2804/274 1472/6790/828 1513/2782/256
f 1504/2778/369 1471/2777/251 1514/2784/354
f 1516/2806/278 1512/2779/253 1504/2778/369
f 1517/2807/324 1507/6791/837 1512/2808/325
f 1505/2762/236 1507/2763/314 1517/2790/326
f 1513/2809/283 1472/2761/235 1505/2762/236
f 1520/2793/329 1498/6792/838 1511/2810/330
f 1496/2754/286 1498/2755/844 1520/2796/332
f 1522/2811/334 1510/2753/840 1496/2754/286
f 1494/2812/290 1510/6793/847 1522/2799/322
f 1495/2770/335 1494/2769/848 1523/2802/371
f 1519/2813/372 1511/2771/849 1495/2770/335
f 1506/2814/312 1508/6794/311 1512/2815/295
f 1494/2817/297 1466/6795/198 1493/2818/198
f 1497/2820/341 1499/6796/341 1511/2821/298
f 1528/2823/299 1525/2897/162 311/2824/10
f 311/536/106 1525/2831/111 1526/2825/111
f 312/2827/32 1526/2886/151 1527/2828/112
f 1527/2829/300 1528/2834/300 314/2830/93
f 1525/2831/111 1529/2874/360 1530/2832/360
f 1531/2833/115 1532/6797/115 1528/2834/300
f 1534/2835/361 1535/2878/361 1563/2836/116
f 1539/2838/301 315/542/10 316/544/10
f 316/547/98 319/546/94 1537/2840/120
f 319/550/32 320/549/32 1538/2842/121
f 1538/2844/302 320/553/95 315/552/95
f 1543/2846/124 1540/2894/159 343/2847/10
f 1540/2848/125 1541/2855/125 344/2849/93
f 344/2850/32 1541/2885/150 1542/2851/303
f 1542/2852/304 1543/2857/304 346/2853/106
f 1544/2854/373 1545/2877/373 1541/2855/125
f 1546/2856/129 1547/6798/129 1543/2857/304
f 1549/2858/362 1550/2875/362 1557/2859/131
f 1554/2861/305 347/605/10 348/607/10
f 348/610/95 351/609/95 1552/2863/134
f 351/613/32 352/612/32 1553/2865/135
f 1553/2867/306 352/616/98 347/615/98
f 1546/2869/140 1538/2844/302 1539/2845/302
f 1531/2871/307 1553/2867/306 1554/2868/306
f 1564/2873/142 1555/2992/142 1530/2832/360
f 1551/2864/134 1552/2863/134 1550/2875/362
f 1560/2876/143 1556/2999/143 1545/2877/373
f 1536/2841/120 1537/2840/120 1535/2878/361
f 1550/2879/339 1531/2887/152 1558/2880/340
f 1545/2882/363 1556/3009/273 1559/2883/148
f 1546/2884/149 1535/2900/165 1537/2843/122
f 1541/2885/150 1545/2882/363 1546/2884/149
f 1526/2886/151 1530/2899/164 1531/2887/152
f 1531/2887/152 1550/2879/339 1552/2866/136
f 1544/2888/308 1547/2895/160 1561/2889/154
f 1549/2891/364 1548/2998/264 1562/2892/309
f 1532/2893/158 1554/2861/305 1551/2862/133
f 1540/2894/159 1543/2846/124 1547/2895/160
f 1547/2895/160 1539/2838/301 1536/2839/119
f 1525/2897/162 1528/2823/299 1532/2893/158
f 1530/2899/164 1555/2991/319 1558/2880/340
f 1559/2883/148 1563/3006/270 1535/2900/165
f 1534/2896/374 1533/3004/268 1561/2889/154
f 1562/2892/309 1564/2995/261 1529/2898/365
f 1565/2901/10 1566/2905/184 1567/2902/181
f 1565/2901/10 1569/2907/186 1570/2904/183
f 1565/2901/10 1571/2909/188 1572/2906/185
f 1565/2901/10 1573/2911/190 1574/2908/187
f 1565/2901/10 1575/2913/192 1576/2910/189
f 1565/2901/10 1577/2915/194 1578/2912/191
f 1565/2901/10 1579/2917/196 1580/2914/193
f 1565/2901/10 1568/2903/182 1581/2916/195
f 1582/2918/197 1609/2938/21 1583/2919/21
f 1584/2921/198 1582/2918/197 1610/2920/197
f 1585/2923/199 1617/6799/341 1615/2924/341
f 1586/2926/14 1585/2923/199 1618/2925/199
f 1587/2928/201 1586/2926/14 1619/2927/14
f 1588/2930/202 1587/2928/201 1620/2929/201
f 1589/2932/204 1588/6800/202 1621/2933/203
f 1627/2935/206 1591/6801/206 1626/2936/312
f 1609/2938/21 1591/6801/206 1627/2935/206
f 1592/2939/32 1593/2955/223 1594/2940/208
f 1592/2939/32 1595/2941/209 1596/2942/210
f 1592/2939/32 1597/2943/211 1598/2944/212
f 1592/2939/32 1599/2945/213 1600/2946/214
f 1592/2939/32 1601/2947/215 1602/2948/216
f 1592/2939/32 1603/2949/367 1604/2950/218
f 1592/2939/32 1605/2951/219 1606/2952/220
f 1592/2939/32 1607/2953/221 1608/2954/222
f 1583/2956/224 1568/2903/182 1567/2902/181
f 1611/2958/226 1610/2957/343 1567/2902/181
f 1628/2959/227 1611/2958/226 1566/2905/184
f 1614/2960/228 1628/2959/227 1570/2904/183
f 1614/2960/228 1569/2907/186 1572/2906/185
f 1616/2961/368 1572/2906/185 1571/2909/188
f 1615/2962/230 1571/2909/188 1574/2908/187
f 1619/2964/232 1618/2963/345 1574/2908/187
f 1619/2964/232 1573/2911/190 1576/2910/189
f 1621/2966/347 1620/2965/346 1576/2910/189
f 1590/2967/235 1621/2966/347 1575/2913/192
f 1623/2968/236 1590/2967/235 1578/2912/191
f 1623/2968/236 1577/2915/194 1580/2914/193
f 1625/2969/314 1580/2914/193 1579/2917/196
f 1624/2970/238 1579/2917/196 1581/2916/195
f 1583/2956/224 1627/2971/348 1581/2916/195
f 1594/2940/208 1593/2955/223 1609/2972/240
f 1594/2940/208 1582/2973/349 1584/2974/242
f 1595/2941/209 1584/2974/242 1612/2975/243
f 1596/2942/210 1612/2975/243 1613/2976/244
f 1598/2944/212 1597/2943/211 1613/2976/244
f 1599/2945/213 1598/2944/212 1629/2977/245
f 1600/2946/214 1599/2945/213 1617/2978/246
f 1600/2946/214 1585/2979/315 1586/2980/248
f 1602/2948/216 1601/2947/215 1586/2980/248
f 1602/2948/216 1587/2981/316 1588/2982/317
f 1603/2949/367 1588/2982/317 1589/2983/251
f 1604/2950/218 1589/2983/251 1622/2984/252
f 1606/2952/220 1605/2951/219 1622/2984/252
f 1607/2953/221 1606/2952/220 1630/2985/253
f 1608/2954/222 1607/2953/221 1626/2986/254
f 1608/2954/222 1591/2987/351 1609/2972/240
f 1557/2859/131 1632/3011/377 1631/2988/375
f 1557/2881/146 1558/2880/340 1633/2989/352
f 1555/2991/319 1634/3012/824 1633/2989/352
f 1555/2992/142 1564/2873/142 1635/2993/324
f 1564/2995/261 1562/2892/309 1636/2996/262
f 1548/2998/264 1631/3014/850 1636/2996/262
f 1556/2999/143 1560/2876/143 1638/3000/329
f 1560/2890/155 1561/2889/154 1639/3002/266
f 1533/3004/268 1640/3016/836 1639/3002/266
f 1563/2836/116 1641/3018/269 1640/3005/322
f 1563/3006/270 1559/2883/148 1642/3007/271
f 1556/3009/273 1637/3019/846 1642/3007/271
f 1589/3010/376 1590/6802/851 1631/2988/375
f 1622/2984/252 1589/2983/251 1632/2990/378
f 1634/3012/278 1630/2985/253 1622/2984/252
f 1635/2993/324 1625/6803/837 1630/3013/325
f 1623/2968/236 1625/2969/314 1635/2997/326
f 1631/3014/283 1590/2967/235 1623/2968/236
f 1638/3000/329 1616/6804/852 1629/3015/330
f 1614/2960/286 1616/2961/844 1638/3003/379
f 1640/3016/334 1628/2959/840 1614/2960/286
f 1612/3017/290 1628/6805/847 1640/3005/322
f 1613/2976/380 1612/2975/853 1641/3008/292
f 1637/3019/372 1629/2977/842 1613/2976/380
f 1624/3020/207 1626/6806/312 1630/3021/382
f 1612/3023/383 1584/6807/198 1611/3024/198
f 1615/3026/341 1617/6808/341 1629/3027/298
f 1646/3029/299 1643/3103/162 183/3030/10
f 1643/3031/111 1644/3038/111 184/3032/106
f 184/3033/32 1644/3092/151 1645/3034/112
f 1645/3035/300 1646/3040/300 186/3036/93
f 1647/3037/360 1648/3080/360 1644/3038/111
f 1649/3039/115 1650/6809/115 1646/3040/300
f 1651/3041/116 1652/3084/361 1653/3042/361
f 1657/3044/301 187/288/10 188/290/10
f 188/293/94 191/292/94 1655/3046/120
f 191/296/32 192/295/32 1656/3048/121
f 1656/3050/302 192/299/95 187/298/95
f 1661/3052/124 1658/3100/159 215/3053/10
f 1658/3054/125 1659/3061/125 216/3055/93
f 216/3056/32 1659/3091/150 1660/3057/303
f 1660/3058/304 1661/3063/304 218/3059/92
f 1662/3060/373 1663/3083/373 1659/3061/125
f 1664/3062/129 1665/6810/129 1661/3063/304
f 1666/3064/131 1667/3081/362 1668/3065/362
f 1672/3067/305 219/351/10 220/353/10
f 1669/3069/134 220/356/95 223/355/95
f 223/359/32 224/358/32 1671/3071/135
f 1671/3073/306 224/362/98 219/361/98
f 1664/3075/140 1656/3050/302 1657/3051/302
f 1649/3077/307 1671/3073/306 1672/3074/306
f 1682/3079/142 1673/3198/142 1648/3080/360
f 1669/3069/134 1670/3070/134 1668/3065/362
f 1678/3082/143 1674/3205/143 1663/3083/373
f 1654/3047/120 1655/3046/120 1653/3042/361
f 1668/3085/339 1649/3093/152 1676/3086/340
f 1663/3088/363 1674/3215/273 1677/3089/148
f 1664/3090/149 1653/3106/165 1655/3049/122
f 1659/3091/150 1663/3088/363 1664/3090/149
f 1644/3092/151 1648/3105/164 1649/3093/152
f 1649/3093/152 1668/3085/339 1670/3072/136
f 1662/3094/308 1665/3101/160 1679/3095/154
f 1667/3097/364 1666/3204/264 1680/3098/309
f 1650/3099/158 1672/3067/305 1669/3068/133
f 1658/3100/159 1661/3052/124 1665/3101/160
f 1665/3101/160 1657/3044/301 1654/3045/119
f 1643/3103/162 1646/3029/299 1650/3099/158
f 1648/3105/164 1673/3197/319 1676/3086/340
f 1677/3089/148 1681/3212/270 1653/3106/165
f 1652/3102/374 1651/3210/268 1679/3095/154
f 1680/3098/309 1682/3201/261 1647/3104/365
f 1683/3107/10 1684/3111/184 1685/3108/181
f 1683/3107/10 1687/3113/186 1688/3110/183
f 1683/3107/10 1689/3115/188 1690/3112/185
f 1683/3107/10 1691/3117/190 1692/3114/187
f 1683/3107/10 1693/3119/192 1694/3116/189
f 1683/3107/10 1695/3121/194 1696/3118/191
f 1683/3107/10 1697/3123/196 1698/3120/193
f 1683/3107/10 1686/3109/182 1699/3122/195
f 1728/3124/197 1700/6811/197 1727/3125/21
f 1702/3127/198 1700/6811/197 1728/3124/197
f 1703/3129/199 1735/6812/341 1733/3130/341
f 1704/3132/14 1703/3129/199 1736/3131/199
f 1705/3134/201 1704/3132/14 1737/3133/14
f 1706/3136/202 1705/3134/201 1738/3135/201
f 1707/3138/204 1706/6813/202 1739/3139/203
f 1745/3141/206 1709/3144/206 1744/3142/312
f 1701/3126/21 1727/3125/21 1709/3144/206
f 1710/3145/32 1711/3161/223 1712/3146/208
f 1710/3145/32 1713/3147/209 1714/3148/210
f 1710/3145/32 1715/3149/211 1716/3150/212
f 1710/3145/32 1717/3151/213 1718/3152/214
f 1710/3145/32 1719/3153/215 1720/3154/216
f 1710/3145/32 1721/3155/367 1722/3156/218
f 1710/3145/32 1723/3157/219 1724/3158/220
f 1710/3145/32 1725/3159/221 1726/3160/222
f 1701/3162/224 1686/3109/182 1685/3108/181
f 1729/3164/226 1728/3163/343 1685/3108/181
f 1746/3165/227 1729/3164/226 1684/3111/184
f 1732/3166/228 1746/3165/227 1688/3110/183
f 1732/3166/228 1687/3113/186 1690/3112/185
f 1734/3167/368 1690/3112/185 1689/3115/188
f 1733/3168/230 1689/3115/188 1692/3114/187
f 1737/3170/232 1736/3169/345 1692/3114/187
f 1737/3170/232 1691/3117/190 1694/3116/189
f 1739/3172/347 1738/3171/346 1694/3116/189
f 1708/3173/235 1739/3172/347 1693/3119/192
f 1741/3174/236 1708/3173/235 1696/3118/191
f 1741/3174/236 1695/3121/194 1698/3120/193
f 1743/3175/314 1698/3120/193 1697/3123/196
f 1742/3176/238 1697/3123/196 1699/3122/195
f 1701/3162/224 1745/3177/348 1699/3122/195
f 1712/3146/208 1711/3161/223 1727/3178/240
f 1712/3146/208 1700/3179/349 1702/3180/242
f 1713/3147/209 1702/3180/242 1730/3181/243
f 1714/3148/210 1730/3181/243 1731/3182/244
f 1716/3150/212 1715/3149/211 1731/3182/244
f 1717/3151/213 1716/3150/212 1747/3183/245
f 1718/3152/214 1717/3151/213 1735/3184/246
f 1718/3152/214 1703/3185/315 1704/3186/248
f 1720/3154/216 1719/3153/215 1704/3186/248
f 1720/3154/216 1705/3187/316 1706/3188/250
f 1721/3155/367 1706/3188/250 1707/3189/251
f 1722/3156/218 1707/3189/251 1740/3190/252
f 1724/3158/220 1723/3157/219 1740/3190/252
f 1725/3159/221 1724/3158/220 1748/3191/253
f 1726/3160/222 1725/3159/221 1744/3192/318
f 1726/3160/222 1709/3193/351 1727/3178/240
f 1675/3066/131 1750/3217/377 1749/3194/375
f 1675/3087/146 1676/3086/340 1751/3195/352
f 1673/3197/319 1752/3218/824 1751/3195/352
f 1673/3198/142 1682/3079/142 1753/3199/324
f 1682/3201/261 1680/3098/309 1754/3202/262
f 1666/3204/264 1749/3220/850 1754/3202/262
f 1674/3205/143 1678/3082/143 1756/3206/329
f 1678/3096/155 1679/3095/154 1757/3208/266
f 1651/3210/268 1758/3222/836 1757/3208/266
f 1681/3043/116 1759/3224/387 1758/3211/322
f 1681/3212/270 1677/3089/148 1760/3213/271
f 1674/3215/273 1755/3225/846 1760/3213/271
f 1707/3216/384 1708/6814/851 1749/3194/375
f 1740/3190/252 1707/3189/251 1750/3196/378
f 1752/3218/278 1748/3191/253 1740/3190/252
f 1753/3199/324 1743/6815/837 1748/3219/325
f 1741/3174/236 1743/3175/314 1753/3203/385
f 1749/3220/328 1708/3173/235 1741/3174/236
f 1756/3206/329 1734/6816/838 1747/3221/330
f 1732/3166/286 1734/3167/844 1756/3209/356
f 1758/3222/334 1746/3165/840 1732/3166/286
f 1730/3223/386 1746/6817/847 1758/3211/322
f 1731/3182/380 1730/3181/833 1759/3214/292
f 1755/3225/372 1747/3183/842 1731/3182/380
f 1742/3226/207 1744/6818/312 1748/3227/382
f 1730/3229/383 1702/6819/198 1729/3230/198
f 1733/3232/341 1735/6820/341 1747/3233/298
f 978/3235/10 980/1861/10 981/1863/10
f 981/1866/100 984/1865/100 974/3236/29
f 984/1869/32 985/1868/32 976/3237/32
f 1086/3238/10 1085/6821/10 997/3239/10
f 1085/3240/37 1088/6822/37 998/3241/37
f 998/3242/32 1088/6823/32 1087/3243/32
f 1087/3244/29 1086/6824/29 996/3245/388
f 127/3247/10 129/178/10 130/180/10
f 130/183/69 133/182/69 123/3248/37
f 133/186/32 134/185/32 125/3249/32
f 1084/3250/10 1083/6825/10 119/3251/10
f 1083/3252/29 1091/6826/29 120/3253/29
f 120/3254/32 1091/6827/32 1090/3255/32
f 1090/3256/37 1084/6828/37 118/3257/389
f 1761/3259/390 1788/3396/391 1834/3260/391
f 1762/3262/392 1831/3393/392 1787/3263/393
f 1771/3265/394 1763/3277/404 1764/3266/395
f 1773/3268/397 1768/6829/743 1776/3269/397
f 1774/3271/398 1776/3279/406 1766/3272/399
f 1857/3274/401 1844/3449/467 1768/3275/402
f 1763/3277/404 1778/3276/403 1768/3275/402
f 1773/3278/405 1772/3553/512 1771/3265/394
f 1776/3279/406 1777/3430/431 1770/3280/407
f 1769/3281/408 1775/6830/568 1774/3271/398
f 1777/3282/409 1778/6831/854 1763/3283/409
f 1771/3285/410 1772/6832/410 1775/3286/410
f 1779/3288/10 1786/3300/417 1780/3289/411
f 1780/3291/14 1782/3302/14 1783/3292/412
f 1783/3294/32 1782/3303/421 1784/3295/414
f 1784/3297/21 1786/6833/21 1779/3298/415
f 1771/3265/394 1780/3289/411 1786/3300/417
f 1771/3301/418 1769/6834/419 1782/3302/419
f 1770/3280/407 1784/3295/414 1782/3303/421
f 1763/3304/422 1786/6833/855 1784/3297/423
f 1831/3306/425 1783/6835/425 1785/3307/425
f 1831/3309/426 1788/6836/856 1781/3293/413
f 1788/3310/427 1761/6837/427 1779/3311/427
f 1787/3313/428 1785/3299/416 1779/3298/415
f 1790/3315/390 1817/3401/391 1837/3316/391
f 1822/3318/392 1839/3400/392 1816/3319/393
f 1800/3321/394 1791/3333/404 1792/3322/395
f 1802/3324/397 1805/6838/743 1806/3325/397
f 1803/3327/398 1806/3330/406 1794/3328/399
f 1806/3330/406 1796/3501/465 1878/3331/430
f 1791/3333/404 1807/3503/403 1805/3334/402
f 1802/3335/405 1801/3555/512 1800/3321/394
f 1806/3330/406 1797/3332/431 1799/3336/407
f 1798/3337/408 1804/6839/568 1803/3327/398
f 1797/3338/409 1807/6840/854 1791/3339/409
f 1800/3341/410 1801/6841/410 1804/3342/410
f 1815/3344/417 1809/6842/411 1810/3345/10
f 1809/3347/14 1811/3357/14 1812/3348/432
f 1811/3350/421 1813/6843/414 1814/3351/32
f 1813/3353/21 1815/6844/21 1808/3354/434
f 1800/3321/394 1809/6842/411 1815/3344/417
f 1800/3356/436 1798/6845/437 1811/3357/437
f 1799/3336/407 1813/6843/414 1811/3350/421
f 1791/3358/422 1815/6844/603 1813/3353/423
f 1816/3360/425 1839/6846/425 1812/3361/425
f 1839/3363/438 1817/6847/857 1810/3349/433
f 1817/3364/427 1790/6848/427 1808/3365/427
f 1790/3367/439 1816/6849/858 1814/3355/435
f 1840/3368/29 1821/6850/29 1818/3369/29
f 1818/3371/440 1823/3411/452 1824/3372/441
f 1837/3316/443 1826/3414/443 1823/3374/443
f 1822/3375/444 1825/3416/453 1826/3376/445
f 1820/3320/447 1824/3418/447 1825/3378/447
f 1772/3379/448 1827/6851/448 1859/3380/448
f 1803/3382/449 1875/6852/449 1874/3383/449
f 1801/3385/448 1828/6853/448 1883/3386/448
f 1774/3388/449 1852/6854/449 1851/3389/449
f 1803/3327/398 1804/6839/568 1883/3391/450
f 1831/3393/392 1762/3262/392 1832/3394/393
f 1788/3396/391 2036/6356/390 2034/3397/390
f 1818/3317/390 1821/6855/390 1838/3398/390
f 1841/3399/393 1840/6856/393 1820/3320/393
f 1839/3400/392 1822/3318/392 1819/3264/393
f 1789/3261/390 1837/3316/391 1817/3401/391
f 1761/3402/37 1817/6857/37 1839/3403/37
f 1841/3405/37 1816/6858/37 1790/3406/37
f 1831/3408/37 1833/6859/37 2036/3409/37
f 1823/3411/452 1835/6860/21 1842/3412/21
f 1843/3413/10 1835/6861/10 1823/3374/10
f 1836/3415/14 1843/6862/14 1826/3376/445
f 1842/3417/32 1836/6863/32 1825/3378/32
f 1822/3419/29 1837/6864/29 1789/3420/29
f 1819/3421/29 1789/3420/29 1834/3422/29
f 1762/3423/29 1834/3422/29 2034/3424/29
f 1768/3426/454 1844/6865/454 1845/3427/454
f 1776/3279/406 1845/3445/465 1829/3429/430
f 1869/3431/455 1895/3566/455 1846/3432/456
f 1894/3434/457 1847/3558/458 1907/3435/458
f 1848/3437/459 1849/3451/469 1850/3438/460
f 1851/3440/462 1852/6866/462 1845/3441/462
f 1852/3443/451 1853/3597/526 1854/3444/464
f 1857/3446/466 1778/6867/466 1777/3447/466
f 1856/3439/461 1850/3438/460 1844/3449/467
f 1848/3437/459 1827/3554/513 1851/3450/468
f 1845/3445/465 1854/3444/464 1855/3452/470
f 1858/3453/471 1853/3597/526 1852/3443/451
f 1856/3455/472 1857/6868/492 1829/3456/472
f 1848/3458/473 1858/6869/473 1859/3459/473
f 1860/3461/10 1863/6870/610 1861/3462/474
f 1862/3464/475 1865/3474/14 1863/3465/14
f 1864/3467/32 1867/6871/585 1865/3468/477
f 1866/3470/478 1861/6872/21 1867/3471/21
f 1861/3462/474 1863/6870/610 1848/3437/459
f 1848/3473/480 1863/3465/859 1865/3474/481
f 1865/3468/477 1867/6871/585 1855/3452/470
f 1867/3471/483 1861/6872/860 1856/3476/484
f 1864/3478/486 1862/6873/499 1847/3479/486
f 1847/3481/487 1862/3464/475 1860/3466/476
f 1868/3483/489 1860/6874/570 1866/3484/489
f 1866/3470/478 1864/3472/479 1894/3486/490
f 1893/3488/455 1897/3561/455 1903/3489/456
f 1896/3491/457 1892/3565/458 1916/3492/458
f 1872/3494/469 1873/3598/527 1880/3495/461
f 1874/3497/462 1875/6875/462 1796/3498/462
f 1875/3392/451 1876/3599/526 1877/3500/464
f 1830/3502/467 1805/3334/402 1807/3503/403
f 1878/3505/466 1881/6876/466 1807/3506/466
f 1880/3495/461 1873/3598/527 1830/3502/467
f 1871/3496/459 1828/3556/513 1874/3508/468
f 1796/3501/465 1877/3500/464 1879/3509/470
f 1882/3510/471 1876/3599/526 1875/3392/451
f 1880/3511/492 1881/6877/492 1878/3512/472
f 1871/3514/473 1882/6878/473 1883/3515/473
f 1884/3517/10 1887/6879/610 1885/3518/474
f 1886/3520/493 1889/3530/14 1887/3521/14
f 1888/3523/32 1891/6880/585 1889/3524/477
f 1890/3526/495 1885/6881/21 1891/3527/21
f 1885/3518/474 1887/6879/610 1871/3496/459
f 1871/3529/480 1887/3521/859 1889/3530/481
f 1889/3524/477 1891/6880/585 1879/3509/470
f 1891/3527/497 1885/6881/861 1880/3532/498
f 1896/3534/486 1888/6882/486 1886/3535/486
f 1892/3537/500 1886/3520/493 1884/3522/494
f 1870/3539/489 1884/6883/570 1890/3540/489
f 1893/3542/502 1890/3526/495 1888/3528/496
f 1897/3544/37 1915/6884/37 1898/3545/37
f 1905/3547/504 1901/3548/862 1897/3544/505
f 1901/3548/507 1902/3550/507 1903/3549/507
f 1902/3550/508 1904/3552/863 1916/3551/509
f 1904/3552/511 1905/3547/511 1900/3546/511
f 1772/3553/512 1773/3278/405 1851/3450/468
f 1774/3271/398 1775/6830/568 1859/3454/450
f 1801/3555/512 1802/3335/405 1874/3508/468
f 2108/3557/457 1907/3435/458 1847/3558/458
f 1909/3560/455 1908/3919/455 1868/3433/456
f 1897/3561/455 1893/3488/455 1914/3562/455
f 1900/3493/457 1898/6885/457 1917/3564/457
f 1899/3436/457 1916/3492/458 1892/3565/458
f 1895/3566/455 1869/3431/455 1870/3490/456
f 1869/3567/29 1894/6886/29 1892/3568/29
f 1917/3570/29 1914/6887/29 1893/3571/29
f 1908/3573/29 1906/6888/29 1847/3574/29
f 1901/3576/514 1905/6889/864 1919/3577/515
f 1902/3579/517 1901/6890/744 1910/3580/518
f 1904/3582/520 1902/6891/865 1918/3583/521
f 1905/3585/523 1904/6892/740 1912/3586/524
f 1895/3588/37 1903/3549/37 1916/3551/37
f 1846/3590/37 1895/3588/37 1899/3589/37
f 1909/3592/37 1846/3590/37 1907/3591/37
f 1806/3594/454 1805/6893/454 1830/3595/454
f 1764/3266/395 1768/3275/402 1773/3278/405
f 1770/3280/407 1769/3281/408 1767/3273/400
f 1805/3334/402 1802/3335/405 1793/3323/396
f 1799/3336/407 1798/3337/408 1795/3329/400
f 1851/3450/468 1844/3449/467 1850/3438/460
f 1853/3597/526 1858/3453/471 1855/3452/470
f 1872/3494/469 1874/3508/468 1830/3502/467
f 1876/3599/526 1882/3510/471 1879/3509/470
f 1922/3600/455 1924/3625/455 1920/3601/455
f 1923/3603/457 1921/3622/457 1932/3604/457
f 1924/3606/37 1938/6894/37 1925/3607/37
f 1930/3609/528 1927/3636/537 1924/3610/529
f 1927/3612/531 1928/6895/532 1920/3613/532
f 1928/3615/533 1929/3641/538 1932/3616/534
f 1929/3618/536 1930/6896/536 1926/3619/536
f 2127/3621/457 1932/3604/457 1921/3622/457
f 1934/3624/455 2126/4006/455 1933/3602/455
f 1924/3625/455 1922/3600/455 1937/3626/455
f 1926/3605/457 1925/6897/457 1939/3628/457
f 1939/3629/29 1937/6898/29 1922/3630/29
f 2126/3632/29 1931/6426/29 1921/3633/29
f 1930/3609/528 1941/6899/21 1935/3635/21
f 1928/3637/10 1927/6900/10 1935/3638/10
f 1928/3615/533 1940/6901/14 1936/3640/14
f 1929/3642/32 1936/6282/32 1941/3643/32
f 1934/3645/37 1920/6902/37 1932/3646/37
f 1933/3634/29 1921/3633/29 1923/3631/29
f 1942/3648/32 1943/6903/32 1976/3649/32
f 1944/3651/539 1945/3655/540 1943/3652/540
f 1946/3654/29 3171/3657/548 1945/3655/541
f 1946/3654/542 1947/6904/542 1948/3656/542
f 1947/3658/10 1949/6905/10 1950/3659/10
f 1951/3661/29 1952/6906/29 1950/3662/29
f 1953/3664/543 1954/3668/543 1952/3665/10
f 1955/3667/544 1956/6907/551 1954/3668/543
f 1957/3669/37 1958/6908/37 1956/3670/37
f 1959/3672/545 1960/3676/545 1958/3673/546
f 1961/3675/32 1962/6909/32 1960/3676/545
f 1964/3677/32 2153/6910/32 1965/3678/32
f 1966/3680/547 1964/6445/547 3168/3681/539
f 2154/3683/548 1966/3680/541 3169/3682/549
f 3170/3685/542 1968/6446/542 2154/3683/542
f 1969/3686/10 1968/6447/10 3170/3687/10
f 1970/3689/29 1969/6448/29 3172/3690/29
f 1971/3692/543 1970/6449/10 3173/3693/10
f 1972/3695/551 1971/3692/543 3174/3694/543
f 1973/3697/37 1972/6450/37 3175/3698/37
f 1974/3700/545 1973/6451/546 3176/3701/546
f 1975/3703/32 1974/3700/545 3177/3702/545
f 2153/3705/29 1975/6452/29 3178/3706/29
f 1911/3708/552 1977/6911/866 1945/3655/541
f 1978/3709/553 1967/3684/550 3169/3682/549
f 1919/3577/515 1977/6912/867 1911/3711/555
f 1910/3580/518 1911/6913/741 1978/3712/556
f 1918/3583/521 1978/6914/868 1913/3713/557
f 1912/3586/524 1913/6915/742 1977/3714/558
f 1979/3715/390 2006/3836/391 2049/3716/391
f 1980/3718/392 2046/3833/392 2005/3719/393
f 1989/3721/394 1981/3733/404 1982/3722/395
f 1991/3724/397 1986/6916/743 1994/3725/397
f 1992/3727/398 1994/3735/406 1984/3728/399
f 2069/3730/401 2056/3880/467 1986/3731/402
f 1981/3733/404 1996/3732/403 1986/3731/402
f 1991/3734/405 1990/3968/512 1989/3721/394
f 1994/3735/406 1995/3861/431 1988/3736/407
f 1987/3737/408 1993/6917/568 1992/3727/398
f 1995/3738/409 1996/6918/854 1981/3739/409
f 1989/3741/410 1990/6919/410 1993/3742/410
f 2004/3744/417 1998/6920/411 1999/3745/10
f 1998/3747/14 2000/3757/14 2001/3748/559
f 2000/3750/421 2002/6921/414 2003/3751/32
f 2002/3753/21 2004/6922/21 1997/3754/560
f 1989/3721/394 1998/6920/411 2004/3744/417
f 1989/3756/436 1987/6923/869 2000/3757/437
f 1988/3736/407 2002/6921/414 2000/3750/421
f 1981/3758/422 2004/6922/603 2002/3753/561
f 2046/3760/563 2001/6924/563 2003/3761/425
f 2046/3763/564 2006/6925/856 1999/3749/413
f 2006/3764/565 1979/6926/427 1997/3765/427
f 2005/3767/428 2003/3755/416 1997/3754/560
f 2017/3769/394 2008/3778/404 2009/3770/395
f 2019/3772/397 2022/6927/743 2023/3773/397
f 2023/3775/406 2011/3933/465 2086/3776/430
f 2008/3778/404 2024/3927/403 2022/3779/402
f 2019/3780/405 2018/3970/512 2017/3769/394
f 2023/3775/406 2012/3777/431 2016/3781/407
f 2014/3783/408 2021/3831/568 2020/3784/398
f 2012/3786/409 2024/6928/854 2008/3787/409
f 2017/3789/410 2018/6929/410 2021/3790/410
f 2029/3792/14 2026/3800/14 2031/3793/432
f 2032/3795/21 2028/6930/21 2030/3796/434
f 2017/3769/394 2029/6358/411 2028/3798/417
f 2017/3799/436 2014/6931/437 2026/3800/437
f 2008/3801/422 2028/6930/603 2032/3795/423
f 1833/3803/425 2053/6932/563 2031/3804/563
f 2053/3806/438 2033/6933/870 2025/3794/433
f 2033/3807/565 2036/6934/427 2030/3808/427
f 2036/3810/439 1833/6935/858 2027/3797/435
f 2034/3811/440 2037/3846/452 2038/3812/441
f 2041/3814/444 2039/3849/453 2040/3815/445
f 1832/3394/567 2038/6366/567 2039/3817/447
f 1990/3819/448 2042/6936/448 2071/3820/448
f 2019/3822/449 2020/6937/449 2090/3823/449
f 2018/3825/448 2043/6938/448 2094/3826/448
f 1992/3828/449 2064/6939/449 2063/3829/449
f 2021/3831/568 2094/3936/450 2090/3832/451
f 2046/3833/392 1980/3718/392 2047/3834/393
f 2006/3836/391 2186/4126/390 2213/3837/390
f 2053/3838/392 2041/3818/392 2035/3720/393
f 2007/3717/390 2052/6355/391 2033/3839/391
f 1979/3840/37 2033/6940/37 2053/3841/37
f 2046/3843/37 2048/6941/37 2186/3844/37
f 2037/3846/452 2050/6942/21 2054/3847/21
f 2051/3848/14 2055/6943/14 2040/3815/445
f 2041/3850/29 2052/6944/29 2007/3851/29
f 2035/3852/29 2007/3851/29 2049/3853/29
f 1980/3854/29 2049/3853/29 2213/3855/29
f 1994/3857/454 1986/6945/454 2056/3858/454
f 1994/3735/406 2057/3876/465 2044/3860/430
f 2081/3862/455 2106/3977/455 2058/3863/456
f 2105/3865/457 2059/3973/458 2113/3866/458
f 2060/3868/459 2061/3882/469 2062/3869/460
f 2063/3871/462 2064/6946/462 2057/3872/462
f 2064/3874/451 2065/4002/526 2066/3875/464
f 2069/3877/466 1996/6947/466 1995/3878/466
f 2068/3870/461 2062/3869/460 2056/3880/467
f 2060/3868/459 2042/3969/513 2063/3881/468
f 2057/3876/465 2066/3875/464 2067/3883/470
f 2070/3884/471 2065/4002/526 2064/3874/451
f 2068/3886/472 2069/6948/492 2044/3887/472
f 2060/3889/473 2070/6949/473 2071/3890/473
f 2072/3892/10 2075/6950/610 2073/3893/474
f 2074/3895/475 2077/3905/14 2075/3896/14
f 2076/3898/32 2079/6951/585 2077/3899/477
f 2078/3901/478 2073/6952/21 2079/3902/21
f 2073/3893/474 2075/6950/610 2060/3868/459
f 2060/3904/480 2075/3896/859 2077/3905/481
f 2077/3899/477 2079/6951/585 2067/3883/470
f 2079/3902/497 2073/6952/861 2068/3907/498
f 2076/3909/486 2074/6953/499 2059/3910/486
f 2059/3912/487 2074/3895/475 2072/3897/476
f 2080/3914/570 2072/6954/570 2078/3915/489
f 2078/3901/478 2076/3903/479 2105/3917/490
f 1908/3919/455 1909/3560/455 2110/3920/456
f 1906/3559/457 2104/3976/458 2122/3922/458
f 2084/3923/469 2085/4003/527 2091/3924/461
f 2092/3926/401 2045/3931/467 2022/3779/402
f 2092/3928/466 2024/6955/466 2012/3929/466
f 2091/3924/461 2085/4003/527 2045/3931/467
f 2083/3925/459 2043/3971/513 2095/3932/468
f 2011/3933/465 2087/4005/464 2088/3934/470
f 2093/3935/471 2089/4004/526 2090/3832/451
f 2091/3937/472 2092/6956/492 2086/3938/472
f 2083/3940/473 2093/6957/473 2094/3941/473
f 2096/3943/10 2099/6371/610 2097/3944/474
f 2098/3946/493 2101/3956/14 2099/3947/14
f 2100/3949/32 2103/6958/585 2101/3950/477
f 2102/3952/495 2097/6959/21 2103/3953/21
f 2083/3955/480 2099/3947/859 2101/3956/481
f 2101/3950/477 2103/6958/585 2088/3934/470
f 2103/3953/497 2097/6959/861 2091/3958/498
f 2104/3960/500 2098/3946/493 2096/3948/571
f 1908/3962/502 2102/3952/495 2100/3954/496
f 2119/3964/572 2109/6378/871 1909/3592/505
f 2116/3965/508 2111/6379/863 2122/3966/509
f 1990/3968/512 1991/3734/405 2063/3881/468
f 1992/3727/398 1993/6917/568 2071/3885/450
f 2018/3970/512 2019/3780/405 2095/3932/468
f 2286/3972/457 2113/3866/458 2059/3973/458
f 2115/3975/455 2114/6401/455 2080/3864/456
f 2107/3867/457 2122/3922/458 2104/3976/458
f 2106/3977/455 2081/3862/455 2082/3921/456
f 2081/3978/29 2105/6960/29 2104/3979/29
f 2114/3981/29 2112/6961/29 2059/3982/29
f 2109/3984/514 2119/6962/864 2124/3985/515
f 2116/3987/517 2109/6963/744 2117/3988/518
f 2111/3990/520 2116/6964/865 2123/3991/521
f 2106/3993/37 2110/3967/37 2122/3966/37
f 2058/3995/37 2106/3993/37 2107/3994/37
f 2115/3997/37 2058/3995/37 2113/3996/37
f 2022/3999/454 2045/6965/454 2011/4000/454
f 1982/3722/395 1986/3731/402 1991/3734/405
f 1988/3736/407 1987/3737/408 1985/3729/400
f 2009/3770/395 2022/3779/402 2019/3780/405
f 2063/3881/468 2056/3880/467 2062/3869/460
f 2065/4002/526 2070/3884/471 2067/3883/470
f 2084/3923/469 2095/3932/468 2045/3931/467
f 2089/4004/526 2093/3935/471 2088/3934/470
f 2126/4006/455 1934/3624/455 2125/4007/455
f 2135/4009/574 2133/4022/537 1934/4010/529
f 2132/4012/533 2136/4029/538 2129/4013/534
f 2306/4015/457 2129/6417/457 2138/4016/457
f 2131/4018/455 2304/6427/455 2130/4008/455
f 2304/4019/29 2128/4385/29 2138/4020/29
f 2133/4022/537 2135/4009/574 2140/4023/21
f 2133/4025/10 2134/6273/10 2139/4026/10
f 2132/4012/533 2139/6966/14 2137/4028/14
f 2131/4030/37 2125/6967/37 2129/4031/37
f 2141/4033/32 2331/6453/32 2142/4034/32
f 2143/4036/547 2141/6454/547 3179/4037/547
f 2332/4039/548 2143/4036/541 3180/4038/549
f 2145/4041/542 2332/4039/542 2144/4040/542
f 2146/4043/10 2145/6455/10 3181/4044/10
f 2147/4046/29 2146/6456/29 3182/4047/29
f 3184/4049/543 2148/6457/543 2147/4050/10
f 2149/4052/544 2148/6457/543 3184/4049/543
f 2150/4054/37 2149/6458/37 3185/4055/37
f 2151/4057/545 2150/6459/546 3186/4058/546
f 2152/4060/32 2151/4057/545 3187/4059/545
f 2331/4062/29 2152/6460/29 3188/4063/29
f 2118/4065/552 2155/6439/746 1966/3680/541
f 2156/4066/576 2144/4040/550 3180/4038/549
f 2124/3985/515 2155/6968/867 2118/4068/555
f 2123/3991/521 2156/6969/868 2121/4069/557
f 2157/4070/390 2184/4188/391 2226/4071/391
f 2158/4073/392 2223/4185/392 2183/4074/393
f 2167/4076/394 2159/4088/404 2160/4077/577
f 2169/4079/397 2164/6970/743 2172/4080/397
f 2170/4082/398 2172/4090/406 2162/4083/399
f 2247/4085/401 2234/4235/467 2164/4086/402
f 2159/4088/404 2174/4087/403 2164/4086/402
f 2169/4089/405 2168/6971/512 2167/4076/394
f 2172/4090/406 2173/4216/431 2166/4091/407
f 2165/4092/408 2171/6972/568 2170/4082/398
f 2173/4093/409 2174/6973/854 2159/4094/409
f 2167/4096/410 2168/6974/410 2171/4097/410
f 2182/4099/417 2176/4111/411 2177/4100/10
f 2176/4102/14 2178/4113/14 2179/4103/412
f 2179/4105/32 2178/4114/421 2180/4106/414
f 2180/4108/21 2182/6975/21 2175/4109/415
f 2159/4088/404 2167/4076/394 2176/4111/411
f 2167/4112/436 2165/6976/437 2178/4113/419
f 2166/4091/407 2180/4106/414 2178/4114/421
f 2159/4115/422 2182/6975/603 2180/4108/424
f 2223/4117/425 2179/6977/425 2181/4118/425
f 2223/4120/426 2184/6978/872 2177/4104/413
f 2184/4121/427 2157/6979/427 2175/4122/427
f 2183/4124/580 2181/4110/416 2175/4109/415
f 2186/4126/390 2212/4191/391 2229/4127/391
f 2202/4128/406 2187/4288/465 2264/4129/430
f 2189/4131/404 2203/4282/403 2201/4132/402
f 2198/4134/405 2197/6980/512 2196/4135/394
f 2202/4128/406 2188/4130/431 2195/4137/407
f 2193/4139/408 2200/4183/568 2199/4140/398
f 2188/4142/409 2203/6981/854 2189/4143/409
f 2196/4145/410 2197/6982/410 2200/4146/410
f 2209/4148/417 2205/6983/411 2206/4149/10
f 2205/4151/14 2207/4158/14 2211/4152/432
f 2210/4154/21 2209/6984/21 2204/4155/434
f 2196/4157/436 2193/6985/869 2207/4158/581
f 2195/4137/407 2210/6392/414 2207/4159/421
f 2189/4160/422 2209/6984/603 2210/4154/424
f 2230/4162/438 2212/6986/870 2206/4153/433
f 2186/4163/439 2048/6987/858 2208/4156/435
f 2213/4164/440 2215/4198/583 2216/4165/582
f 2229/4127/443 2218/6988/443 2215/4167/443
f 2231/4168/444 2217/4201/453 2218/4169/445
f 2171/4171/448 2168/6989/448 2219/4172/448
f 2198/4174/449 2199/6990/449 2268/4175/449
f 2200/4177/448 2197/6991/448 2220/4178/448
f 2170/4180/449 2242/6992/449 2241/4181/449
f 2200/4183/568 2272/4291/450 2268/4184/451
f 2223/4185/392 2158/4073/392 2224/4186/393
f 2184/4188/391 2364/4480/390 2391/4189/390
f 2230/4190/392 2231/6387/392 2214/4075/393
f 2185/4072/390 2229/4127/391 2212/4191/391
f 2157/4192/37 2212/6993/37 2230/4193/37
f 2223/4195/37 2225/6994/37 2364/4196/37
f 2215/4198/583 2227/6995/21 2232/4199/21
f 2228/4200/14 2233/6996/14 2218/4169/445
f 2232/4202/32 2228/6997/32 2217/4203/32
f 2231/4205/29 2229/6998/29 2185/4206/29
f 2214/4207/29 2185/4206/29 2226/4208/29
f 2158/4209/29 2226/4208/29 2391/4210/29
f 2164/4212/584 2234/6999/584 2235/4213/584
f 2172/4090/406 2235/4231/465 2221/4215/430
f 2259/4217/455 2284/4333/455 2236/4218/456
f 2283/4220/457 2237/4329/458 2291/4221/458
f 2238/4223/459 2239/4237/469 2240/4224/527
f 2241/4226/462 2242/7000/462 2235/4227/462
f 2242/4229/451 2243/4360/526 2244/4230/464
f 2247/4232/466 2174/7001/466 2173/4233/466
f 2246/4225/461 2240/4224/527 2234/4235/467
f 2238/4223/459 2219/4326/513 2241/4236/468
f 2235/4231/465 2244/4230/464 2245/4238/470
f 2248/4239/471 2243/4360/526 2242/4229/451
f 2246/4241/472 2247/7002/492 2221/4242/472
f 2238/4244/473 2248/7003/473 2249/4245/473
f 2250/4247/10 2253/7004/610 2251/4248/474
f 2252/4250/475 2255/4260/14 2253/4251/14
f 2252/4253/32 2254/7005/32 2257/4254/585
f 2256/4256/478 2251/7006/21 2257/4257/21
f 2251/4248/474 2253/7004/610 2238/4223/459
f 2238/4259/480 2253/4251/859 2255/4260/481
f 2255/4255/477 2257/4254/585 2245/4238/470
f 2257/4257/497 2251/7006/498 2246/4262/586
f 2254/4264/486 2252/7007/499 2237/4265/486
f 2237/4267/487 2252/4250/475 2250/4252/476
f 2258/4269/570 2250/7008/570 2256/4270/489
f 2256/4256/478 2254/4258/479 2283/4272/490
f 2112/3974/457 2281/4332/458 2300/4274/458
f 2261/4275/469 2262/4361/527 2269/4276/461
f 2263/4278/462 2268/7009/462 2187/4279/462
f 2270/4281/401 2222/4286/467 2201/4132/402
f 2270/4283/466 2203/7010/466 2188/4284/466
f 2269/4276/461 2262/4361/527 2222/4286/467
f 2260/4277/459 2220/4327/513 2263/4287/468
f 2187/4288/465 2265/6402/464 2266/4289/470
f 2271/4290/471 2267/6403/526 2268/4184/451
f 2269/4292/472 2270/7011/492 2264/4293/472
f 2260/4295/473 2271/7012/473 2272/4296/473
f 2273/4298/10 2276/7013/610 2274/4299/474
f 2275/4301/588 2279/4308/14 2276/4302/14
f 2277/4304/495 2274/7014/21 2278/4305/21
f 2274/4299/474 2276/7013/610 2260/4277/459
f 2260/4307/480 2276/4302/873 2279/4308/482
f 2278/4305/497 2274/7014/498 2269/4310/586
f 2112/4312/499 2280/7015/486 2275/4313/499
f 2281/4315/500 2275/4301/588 2273/4303/589
f 2282/4317/570 2273/7016/570 2277/4318/489
f 2114/4320/502 2277/4304/495 2280/4306/590
f 2297/4322/592 2287/6408/874 2115/3997/593
f 2294/4323/595 2289/6409/875 2300/4324/509
f 2219/4326/513 2168/6971/512 2169/4089/405
f 2170/4082/398 2171/6972/568 2249/4240/450
f 2220/4327/513 2197/6980/512 2198/4134/405
f 2464/4328/457 2291/4221/458 2237/4329/458
f 2293/4331/455 2292/4642/455 2258/4219/456
f 2285/4222/457 2300/4274/458 2281/4332/458
f 2284/4333/455 2259/4217/455 2282/4334/456
f 2259/4336/29 2283/7017/29 2281/4337/29
f 2292/4339/29 2290/7018/29 2237/4340/29
f 2287/4342/514 2297/7019/864 2301/4343/515
f 2289/4345/520 2294/7020/865 2302/4346/521
f 2297/4348/597 2289/7021/876 2298/4349/524
f 2284/4351/37 2288/4325/37 2300/4324/37
f 2236/4353/37 2284/4351/37 2285/4352/37
f 2293/4355/37 2236/4353/37 2291/4354/37
f 2202/4357/584 2201/7022/454 2222/4358/584
f 2164/4086/402 2169/4089/405 2161/4078/396
f 2166/4091/407 2165/4092/408 2163/4084/400
f 2239/4237/469 2241/4236/468 2234/4235/467
f 2243/4360/526 2248/4239/471 2245/4238/470
f 2261/4275/469 2263/4287/468 2222/4286/467
f 2128/4017/457 2303/4370/457 2308/4362/457
f 2314/4363/574 2312/4379/537 2131/4364/598
f 2311/4366/533 2315/4381/538 2308/4367/534
f 2484/4369/457 2308/4362/457 2303/4370/457
f 2310/4372/455 2483/4741/455 2309/4373/455
f 2483/4375/29 2307/4778/29 2303/4376/29
f 2314/4363/574 2318/7023/21 2313/4378/21
f 2311/4366/533 2317/7024/14 2316/4380/14
f 2310/4382/37 2305/7025/37 2308/4383/37
f 2309/4377/29 2303/4376/29 2128/4385/29
f 2319/4386/32 2509/6461/32 2320/4387/32
f 2321/4389/547 2319/6462/547 3189/4390/547
f 2510/4392/548 2321/4389/541 3190/4391/549
f 2323/4394/542 2510/4392/542 2322/4393/542
f 2324/4396/10 2323/6463/10 3191/4397/10
f 2325/4399/29 2324/6464/29 3192/4400/29
f 2326/4402/543 2325/6465/10 3193/4403/10
f 2327/4405/544 2326/4402/543 3194/4404/543
f 2328/4407/37 2327/6466/37 3195/4408/37
f 2329/4410/545 2328/6467/546 3196/4411/546
f 2330/4413/32 2329/4410/545 3197/4412/545
f 2509/4415/29 2330/6468/29 3198/4416/29
f 2296/4418/599 2333/6440/747 2143/4036/541
f 2334/4419/576 2322/4393/550 3190/4391/549
f 2301/4343/515 2333/7026/867 2296/4421/555
f 2295/4422/518 2296/7027/741 2334/4423/600
f 2302/4346/521 2334/7028/868 2299/4425/557
f 2335/4426/390 2362/4555/391 2405/4427/391
f 2336/4429/392 2402/4552/392 2361/4430/393
f 2345/4432/394 2337/4444/404 2338/4433/577
f 2347/4435/397 2342/7029/743 2350/4436/397
f 2348/4438/398 2350/4446/406 2340/4439/601
f 2352/4441/403 2425/4603/401 2412/4442/467
f 2337/4444/404 2352/4441/403 2342/4443/402
f 2347/4445/405 2346/4703/512 2345/4432/394
f 2350/4446/406 2351/4584/431 2344/4447/407
f 2343/4448/408 2349/7030/568 2348/4438/398
f 2351/4449/409 2352/7031/854 2337/4450/409
f 2345/4452/410 2346/7032/410 2349/4453/410
f 2360/4455/417 2354/7033/411 2355/4456/10
f 2354/4458/14 2356/4468/14 2357/4459/412
f 2356/4461/421 2358/7034/414 2359/4462/32
f 2358/4464/21 2360/7035/21 2353/4465/415
f 2345/4432/394 2354/7033/411 2360/4455/417
f 2345/4467/436 2343/7036/419 2356/4468/602
f 2344/4447/407 2358/7034/414 2356/4461/421
f 2337/4469/603 2360/7035/855 2358/4464/604
f 2402/4471/425 2357/7037/425 2359/4472/425
f 2402/4474/426 2362/7038/856 2355/4460/413
f 2362/4475/427 2335/7039/427 2353/4476/427
f 2361/4478/580 2359/4466/416 2353/4465/415
f 2364/4480/390 2390/4558/391 2408/4481/391
f 2393/4482/392 2409/4557/392 2225/4187/393
f 2374/4483/394 2365/4495/404 2366/4484/577
f 2376/4486/397 2379/7040/743 2380/4487/397
f 2377/4489/398 2380/4494/406 2368/4490/399
f 2370/4492/465 2446/4662/430 2371/4493/431
f 2365/4495/404 2381/4654/403 2379/4496/402
f 2376/4497/405 2375/7041/512 2374/4483/394
f 2380/4494/406 2371/4493/431 2373/4498/407
f 2372/4499/408 2378/7042/568 2377/4489/398
f 2371/4500/409 2381/7043/854 2365/4501/409
f 2374/4503/410 2375/7044/410 2378/4504/410
f 2389/4506/417 2383/7045/411 2384/4507/10
f 2383/4509/14 2385/4519/14 2386/4510/432
f 2385/4512/421 2387/7046/414 2388/4513/32
f 2387/4515/21 2389/7047/21 2382/4516/434
f 2374/4483/394 2383/7045/411 2389/4506/417
f 2374/4518/436 2372/7048/437 2385/4519/419
f 2373/4498/407 2387/7046/414 2385/4512/421
f 2365/4520/603 2389/7047/855 2387/4515/423
f 2225/4522/425 2409/7049/425 2386/4523/425
f 2409/4525/438 2390/7050/870 2384/4511/433
f 2390/4526/427 2364/7051/427 2382/4527/427
f 2364/4529/439 2225/7052/858 2388/4517/435
f 2391/4530/440 2394/4565/452 2395/4531/441
f 2408/4481/443 2397/4568/443 2394/4533/443
f 2393/4534/605 2396/4570/607 2397/4535/606
f 2224/4186/447 2395/4572/447 2396/4537/447
f 2346/4538/448 2398/7053/448 2427/4539/448
f 2377/4541/449 2443/7054/449 2442/4542/449
f 2378/4544/448 2375/7055/448 2399/4545/448
f 2348/4547/449 2420/7056/449 2419/4548/449
f 2377/4489/398 2378/7042/568 2451/4550/450
f 2402/4552/392 2336/4429/392 2403/4553/393
f 2362/4555/391 2542/4872/390 2569/4556/390
f 2409/4557/392 2393/4482/392 2392/4431/393
f 2363/4428/390 2408/4481/391 2390/4558/391
f 2335/4559/37 2390/7057/37 2409/4560/37
f 2402/4562/37 2404/7058/37 2542/4563/37
f 2394/4565/452 2406/7059/21 2410/4566/21
f 2411/4567/10 2406/7060/10 2394/4533/10
f 2407/4569/14 2411/7061/14 2397/4535/606
f 2410/4571/32 2407/7062/32 2396/4537/32
f 2393/4573/29 2408/7063/29 2363/4574/29
f 2392/4575/29 2363/4574/29 2405/4576/29
f 2336/4577/29 2405/4576/29 2569/4578/29
f 2342/4580/454 2412/7064/454 2413/4581/454
f 2350/4446/406 2413/4599/465 2400/4583/430
f 2437/4585/455 2462/4711/455 2414/4586/456
f 2461/4588/457 2415/4707/458 2471/4589/458
f 2416/4591/459 2417/4605/469 2418/4592/527
f 2419/4594/462 2420/7065/462 2413/4595/462
f 2420/4597/451 2421/4739/526 2422/4598/608
f 2400/4600/466 2425/7066/466 2352/4601/466
f 2424/4593/461 2418/4592/527 2412/4442/467
f 2416/4591/459 2398/4704/513 2419/4604/468
f 2413/4599/465 2422/4598/608 2423/4606/470
f 2426/4607/471 2421/4739/526 2420/4597/451
f 2424/4609/472 2425/7067/492 2400/4610/472
f 2416/4612/473 2426/7068/473 2427/4613/473
f 2434/4615/10 2428/7069/10 2431/4616/610
f 2430/4618/611 2433/4628/14 2431/4619/14
f 2432/4621/32 2435/7070/585 2433/4622/477
f 2434/4624/478 2429/7071/21 2435/4625/21
f 2429/4617/474 2431/4616/610 2416/4591/459
f 2416/4627/480 2431/4619/873 2433/4628/482
f 2433/4622/477 2435/7070/585 2423/4606/470
f 2435/4625/497 2429/7071/498 2424/4630/484
f 2432/4632/486 2430/7072/486 2415/4633/486
f 2415/4635/614 2430/4618/611 2428/4620/612
f 2436/4637/489 2428/7073/489 2434/4638/489
f 2434/4624/478 2432/4626/479 2461/4640/490
f 2292/4642/455 2293/4331/455 2467/4643/456
f 2290/4330/457 2460/4710/458 2478/4645/458
f 2439/4646/459 2440/4660/469 2441/4647/527
f 2442/4649/462 2443/7074/462 2370/4650/462
f 2443/4551/451 2444/4740/526 2445/4652/464
f 2401/4653/467 2379/4496/402 2381/4654/403
f 2449/4656/466 2381/7075/466 2371/4657/466
f 2448/4648/461 2441/4647/527 2401/4653/467
f 2439/4646/459 2399/4705/513 2442/4659/468
f 2370/4492/465 2445/4652/464 2447/4661/470
f 2450/4663/471 2444/4740/526 2443/4551/451
f 2448/4664/472 2449/7076/492 2446/4665/472
f 2439/4667/473 2450/7077/473 2451/4668/473
f 2452/4670/10 2455/7078/610 2453/4671/474
f 2454/4673/493 2457/4683/14 2455/4674/14
f 2456/4676/32 2459/7079/585 2457/4677/477
f 2458/4679/495 2453/7080/21 2459/4680/21
f 2453/4671/474 2455/7078/610 2439/4646/459
f 2439/4682/480 2455/4674/873 2457/4683/482
f 2457/4677/477 2459/7079/585 2447/4661/470
f 2459/4680/497 2453/7080/498 2448/4685/484
f 2290/4687/486 2456/7081/486 2454/4688/499
f 2460/4690/615 2454/4673/493 2452/4675/589
f 2438/4692/489 2452/7082/570 2458/4693/489
f 2292/4695/502 2458/4679/495 2456/4681/590
f 2469/4697/592 2465/4698/874 2293/4355/593
f 2465/4698/507 2466/4700/507 2467/4699/507
f 2466/4700/595 2468/4702/875 2478/4701/509
f 2468/4702/616 2469/4697/511 2464/4356/511
f 2346/4703/512 2347/4445/405 2419/4604/468
f 2348/4438/398 2349/7030/568 2427/4608/450
f 2399/4705/513 2375/7041/512 2376/4497/405
f 2642/4706/457 2471/4589/458 2415/4707/458
f 2473/4709/455 2472/5036/455 2436/4587/456
f 2463/4590/457 2478/4645/458 2460/4710/458
f 2462/4711/455 2437/4585/455 2438/4644/456
f 2437/4712/29 2461/7083/29 2460/4713/29
f 2472/4715/29 2470/7084/29 2415/4716/29
f 2465/4718/514 2469/7085/864 2480/4719/515
f 2466/4721/517 2465/7086/744 2474/4722/617
f 2468/4724/520 2466/7087/865 2479/4725/521
f 2469/4727/597 2468/7088/877 2476/4728/524
f 2462/4730/37 2467/4699/37 2478/4701/37
f 2414/4732/37 2462/4730/37 2463/4731/37
f 2473/4734/37 2414/4732/37 2471/4733/37
f 2379/4736/584 2401/7089/584 2370/4737/584
f 2342/4443/402 2347/4445/405 2339/4434/396
f 2344/4447/407 2343/4448/408 2341/4440/400
f 2379/4496/402 2376/4497/405 2367/4485/396
f 2373/4498/407 2372/4499/408 2369/4491/400
f 2417/4605/469 2419/4604/468 2412/4442/467
f 2421/4739/526 2426/4607/471 2423/4606/470
f 2440/4660/469 2442/4659/468 2401/4653/467
f 2444/4740/526 2450/4663/471 2447/4661/470
f 2483/4741/455 2310/4372/455 2481/4742/455
f 2307/4371/457 2482/4758/457 2490/4744/457
f 2488/4745/574 2485/4764/537 2310/4746/529
f 2485/4748/532 2486/7090/532 2481/4749/532
f 2486/4751/533 2487/4771/538 2490/4752/534
f 2487/4754/536 2488/7091/536 2484/4755/536
f 2662/4757/457 2490/4744/457 2482/4758/457
f 2492/4760/455 2661/5135/455 2491/4743/455
f 2661/4761/29 2489/5172/29 2482/4762/29
f 2485/4764/537 2488/4745/574 2496/4765/21
f 2485/4767/10 2493/6263/10 2495/4768/10
f 2486/4751/533 2495/7092/14 2494/4770/14
f 2487/4772/32 2494/6266/32 2496/4773/32
f 2492/4775/37 2481/7093/37 2490/4776/37
f 2491/4763/29 2482/4762/29 2307/4778/29
f 2497/4779/32 2687/6469/32 2498/4780/32
f 2499/4782/547 2497/6470/547 3199/4783/547
f 2688/4785/548 2499/4782/541 3200/4784/549
f 2501/4787/542 2688/4785/542 2500/4786/542
f 2502/4789/10 2501/6471/10 3201/4790/10
f 2503/4792/29 2502/6472/29 3202/4793/29
f 2504/4795/543 2503/6473/10 3203/4796/10
f 2505/4798/544 2504/4795/543 3204/4797/543
f 2506/4800/37 2505/6474/37 3205/4801/37
f 2507/4803/545 2506/6475/546 3206/4804/546
f 2508/4806/32 2507/4803/545 3207/4805/545
f 2687/4808/29 2508/6476/29 3208/4809/29
f 2475/4811/599 2511/6441/747 2321/4389/541
f 2477/4812/619 2512/7094/576 2500/4786/550
f 2480/4719/515 2511/7095/867 2475/4813/555
f 2474/4722/617 2475/7096/878 2512/4814/620
f 2479/4725/521 2512/7097/868 2477/4815/557
f 2476/4728/524 2477/7098/745 2511/4816/621
f 2513/4817/390 2540/4948/391 2583/4818/391
f 2514/4820/392 2580/4945/392 2539/4821/393
f 2523/4823/394 2515/4835/404 2516/4824/577
f 2525/4826/397 2520/7099/743 2528/4827/397
f 2528/4829/406 2518/4838/399 2519/4830/400
f 2530/4832/403 2603/4996/401 2590/4833/467
f 2515/4835/404 2530/4832/403 2520/4834/402
f 2525/4836/405 2524/7100/512 2523/4823/394
f 2528/4829/406 2529/4977/431 2522/4837/407
f 2521/4839/408 2527/7101/568 2526/4831/398
f 2529/4840/409 2530/7102/854 2515/4841/409
f 2523/4843/410 2524/7103/410 2527/4844/410
f 2538/4846/417 2532/4858/411 2533/4847/10
f 2532/4849/14 2534/4860/14 2535/4850/412
f 2534/4852/421 2536/7104/414 2537/4853/32
f 2536/4855/21 2538/7105/21 2531/4856/623
f 2515/4835/404 2523/4823/394 2532/4858/411
f 2523/4859/624 2521/7106/437 2534/4860/419
f 2522/4837/407 2536/7104/414 2534/4852/421
f 2515/4861/603 2538/7105/855 2536/4855/604
f 2580/4863/425 2535/7107/425 2537/4864/425
f 2580/4866/426 2540/7108/879 2533/4851/622
f 2540/4867/427 2513/7109/880 2531/4868/427
f 2539/4870/580 2537/4857/416 2531/4856/623
f 2542/4872/390 2568/4951/391 2586/4873/391
f 2571/4874/392 2587/4950/392 2404/4554/393
f 2552/4875/394 2543/4886/404 2544/4876/577
f 2554/4878/397 2557/7110/743 2558/4879/397
f 2558/4881/406 2546/4890/399 2547/4882/400
f 2558/4881/406 2548/5047/465 2624/4884/430
f 2543/4886/404 2559/5049/403 2557/4887/402
f 2554/4888/405 2553/7111/512 2552/4875/394
f 2558/4881/406 2549/4885/431 2551/4889/407
f 2550/4891/408 2556/4943/568 2555/4883/398
f 2549/4892/409 2559/7112/854 2543/4893/409
f 2552/4895/410 2553/7113/410 2556/4896/410
f 2567/4898/417 2561/4910/411 2562/4899/10
f 2561/4901/14 2563/4912/14 2564/4902/626
f 2563/4904/421 2565/7114/414 2566/4905/32
f 2565/4907/21 2567/7115/21 2560/4908/434
f 2543/4886/404 2552/4875/394 2561/4910/411
f 2552/4911/624 2550/7116/881 2563/4912/627
f 2551/4889/407 2565/7114/414 2563/4904/421
f 2543/4913/603 2567/7115/855 2565/4907/423
f 2404/4915/425 2587/7117/425 2564/4916/425
f 2587/4918/628 2568/7118/857 2562/4903/433
f 2568/4919/427 2542/7119/427 2560/4920/427
f 2542/4922/439 2404/7120/858 2566/4909/435
f 2569/4923/629 2572/4959/632 2573/4924/582
f 2586/4873/630 2575/4961/630 2572/4926/631
f 2571/4927/605 2574/4963/607 2575/4928/606
f 2403/4553/447 2573/4964/447 2574/4930/447
f 2527/4931/448 2524/7121/448 2576/4932/448
f 2554/4934/449 2555/7122/449 2621/4935/449
f 2556/4937/448 2553/7123/448 2577/4938/448
f 2525/4940/449 2526/7124/449 2598/4941/449
f 2556/4943/568 2629/5058/450 2621/4944/451
f 2580/4945/392 2514/4820/392 2581/4946/393
f 2540/4948/391 2720/5268/390 2747/4949/390
f 2587/4950/392 2571/4874/392 2570/4822/393
f 2541/4819/390 2586/4873/391 2568/4951/391
f 2513/4952/37 2568/7125/37 2587/4953/37
f 2580/4955/37 2582/7126/37 2720/4956/37
f 2584/4958/21 2588/7127/21 2573/4924/582
f 2589/4960/10 2584/7128/10 2572/4926/10
f 2585/4962/14 2589/7129/14 2575/4928/606
f 2573/4964/32 2588/7130/32 2585/4965/32
f 2571/4966/29 2586/7131/29 2541/4967/29
f 2570/4968/29 2541/4967/29 2583/4969/29
f 2514/4970/29 2583/4969/29 2747/4971/29
f 2528/4973/454 2520/7132/454 2590/4974/454
f 2528/4829/406 2591/4991/465 2578/4976/430
f 2615/4978/455 2640/5105/455 2592/4979/456
f 2639/4981/457 2593/5101/458 2649/4982/458
f 2594/4984/459 2595/4998/469 2596/4985/527
f 2597/4987/462 2598/7133/462 2591/4988/462
f 2599/4990/526 2600/5133/464 2591/4991/465
f 2603/4993/466 2530/7134/466 2529/4994/466
f 2602/4986/461 2596/4985/527 2590/4833/467
f 2594/4984/459 2576/5098/513 2597/4997/468
f 2591/4991/465 2600/5133/464 2601/4999/470
f 2604/5000/471 2599/4990/526 2598/4992/451
f 2602/5002/472 2603/7135/492 2578/5003/472
f 2594/5005/473 2604/7136/473 2605/5006/473
f 2606/5008/10 2609/5020/610 2607/5009/474
f 2608/5011/475 2611/5022/14 2609/5012/14
f 2608/5014/32 2610/7137/32 2613/5015/585
f 2612/5017/478 2607/7138/21 2613/5018/21
f 2602/4986/461 2607/5009/474 2609/5020/610
f 2594/5021/634 2609/5012/882 2611/5022/482
f 2611/5016/477 2613/5015/585 2601/4999/470
f 2613/5018/635 2607/7138/498 2602/5024/586
f 2610/5026/486 2608/7139/499 2593/5027/499
f 2593/5029/614 2608/5011/475 2606/5013/633
f 2614/5031/489 2606/7140/489 2612/5032/489
f 2612/5017/478 2610/5019/479 2639/5034/637
f 2472/5036/455 2473/4709/455 2645/5037/456
f 2470/4708/457 2638/5104/458 2656/5039/458
f 2617/5040/459 2618/5055/469 2619/5041/527
f 2620/5043/462 2621/7141/462 2548/5044/462
f 2622/5046/526 2623/5134/464 2548/5047/465
f 2627/5048/401 2579/5053/467 2557/4887/402
f 2627/5050/466 2559/7142/466 2549/5051/466
f 2626/5042/461 2619/5041/527 2579/5053/467
f 2617/5040/459 2577/5099/513 2620/5054/468
f 2548/5047/465 2623/5134/464 2625/5056/470
f 2628/5057/471 2622/5046/526 2621/4944/451
f 2626/5059/472 2627/7143/492 2624/5060/472
f 2617/5062/473 2628/7144/473 2629/5063/473
f 2630/5065/10 2633/7145/610 2631/5066/474
f 2632/5068/638 2635/5078/14 2633/5069/14
f 2632/5071/32 2634/7146/32 2637/5072/585
f 2636/5074/495 2631/7147/21 2637/5075/21
f 2631/5066/474 2633/7145/610 2617/5040/459
f 2617/5077/480 2633/5069/480 2635/5078/613
f 2635/5073/477 2637/5072/585 2625/5056/470
f 2637/5075/497 2631/7147/498 2626/5080/484
f 2470/5082/486 2634/7148/486 2632/5083/499
f 2638/5085/640 2632/5068/638 2630/5070/639
f 2616/5087/570 2630/7149/570 2636/5088/489
f 2472/5090/502 2636/5074/495 2634/5076/496
f 2647/5092/592 2643/5093/883 2473/4734/642
f 2643/5093/507 2644/5095/507 2645/5094/507
f 2644/5095/643 2646/5097/884 2656/5096/644
f 2646/5097/616 2647/5092/511 2642/4735/511
f 2576/5098/513 2524/7100/512 2525/4836/405
f 2526/4831/398 2527/7101/568 2605/5001/450
f 2577/5099/513 2553/7111/512 2554/4888/405
f 2820/5100/457 2649/4982/458 2593/5101/458
f 2651/5103/455 2650/5432/455 2614/4980/456
f 2641/4983/457 2656/5039/458 2638/5104/458
f 2640/5105/455 2615/4978/455 2616/5038/456
f 2615/5106/29 2639/7150/29 2638/5107/29
f 2650/5109/29 2648/7151/29 2593/5110/29
f 2643/5112/514 2647/7152/864 2658/5113/515
f 2644/5115/645 2643/7153/885 2652/5116/518
f 2646/5118/520 2644/7154/865 2657/5119/521
f 2647/5121/646 2646/7155/877 2654/5122/524
f 2640/5124/37 2645/5094/37 2656/5096/37
f 2592/5126/37 2640/5124/37 2641/5125/37
f 2651/5128/37 2592/5126/37 2649/5127/37
f 2557/5130/454 2579/7156/584 2548/5131/454
f 2520/4834/402 2525/4836/405 2517/4825/396
f 2522/4837/407 2521/4839/408 2519/4830/400
f 2557/4887/402 2554/4888/405 2545/4877/396
f 2551/4889/407 2550/4891/408 2547/4882/400
f 2595/4998/469 2597/4997/468 2590/4833/467
f 2599/4990/526 2604/5000/471 2601/4999/470
f 2618/5055/469 2620/5054/468 2579/5053/467
f 2622/5046/526 2628/5057/471 2625/5056/470
f 2661/5135/455 2492/4760/455 2659/5136/455
f 2489/4759/457 2660/5152/457 2668/5138/457
f 2666/5139/574 2663/5158/652 2492/5140/647
f 2663/5142/532 2664/7157/532 2659/5143/532
f 2664/5145/533 2665/5165/653 2668/5146/649
f 2665/5148/651 2666/7158/536 2662/5149/536
f 2840/5151/457 2668/5138/457 2660/5152/457
f 2670/5154/455 2839/5532/455 2669/5137/455
f 2839/5155/29 2667/5569/29 2660/5156/29
f 2663/5158/652 2666/5139/574 2674/5159/21
f 2663/5161/10 2671/6260/10 2673/5162/10
f 2664/5145/533 2673/7159/14 2672/5164/14
f 2665/5166/32 2672/6257/32 2674/5167/32
f 2670/5169/37 2659/7160/37 2668/5170/37
f 2669/5157/29 2660/5156/29 2489/5172/29
f 2675/5173/32 2865/6477/32 2676/5174/32
f 2677/5176/547 2675/6478/547 3209/5177/547
f 2866/5179/548 2677/5176/541 3210/5178/549
f 2679/5181/542 2866/5179/542 2678/5180/542
f 2680/5183/10 2679/7161/10 3211/5184/10
f 2681/5186/29 2680/6479/29 3212/5187/29
f 3214/5189/543 2682/6480/543 2681/5190/10
f 2683/5192/551 2682/6480/543 3214/5189/543
f 2684/5194/37 2683/6481/37 3215/5195/37
f 2685/5197/545 2684/6482/546 3216/5198/546
f 2686/5200/32 2685/5197/545 3217/5199/545
f 2865/5202/29 2686/6483/29 3218/5203/29
f 2689/5205/654 2499/4782/541 2688/4785/548
f 2690/5207/576 2678/5180/550 3210/5178/549
f 2658/5113/515 2689/7162/867 2653/5209/555
f 2652/5116/518 2653/7163/878 2690/5210/620
f 2657/5119/521 2690/7164/886 2655/5211/557
f 2654/5122/524 2655/7165/745 2689/5212/655
f 2691/5213/390 2718/5344/391 2761/5214/391
f 2692/5216/392 2758/5341/392 2717/5217/393
f 2701/5219/394 2693/5231/404 2694/5220/577
f 2703/5222/397 2698/7166/743 2706/5223/397
f 2706/5225/406 2696/5234/601 2697/5226/400
f 2708/5228/403 2781/5392/401 2768/5229/467
f 2693/5231/404 2708/5228/403 2698/5230/402
f 2703/5232/405 2702/7167/512 2701/5219/394
f 2706/5225/406 2707/5373/431 2700/5233/656
f 2699/5235/408 2705/7168/568 2704/5227/398
f 2707/5236/409 2708/7169/854 2693/5237/409
f 2701/5239/410 2702/7170/410 2705/5240/410
f 2716/5242/417 2710/5254/411 2711/5243/10
f 2710/5245/14 2712/5256/14 2713/5246/412
f 2712/5248/421 2714/7171/421 2715/5249/32
f 2714/5251/21 2716/7172/21 2709/5252/623
f 2693/5231/404 2701/5219/394 2710/5254/411
f 2701/5255/624 2699/7173/881 2712/5256/627
f 2700/5233/656 2714/7171/421 2712/5248/421
f 2693/5257/603 2716/7172/855 2714/5251/604
f 2758/5259/425 2713/7174/425 2715/5260/425
f 2758/5262/426 2718/7175/879 2711/5247/622
f 2718/5263/427 2691/7176/427 2709/5264/427
f 2717/5266/657 2715/5253/416 2709/5252/623
f 2720/5268/390 2746/5347/391 2764/5269/391
f 2749/5270/392 2765/5346/392 2582/4947/393
f 2730/5271/394 2721/5282/404 2722/5272/577
f 2732/5274/397 2735/7177/743 2736/5275/397
f 2736/5277/406 2724/5286/399 2725/5278/400
f 2736/5277/406 2726/5443/465 2802/5280/430
f 2721/5282/404 2737/5445/403 2735/5283/402
f 2732/5284/405 2731/7178/512 2730/5271/394
f 2736/5277/406 2727/5281/431 2729/5285/407
f 2728/5287/408 2734/5339/568 2733/5279/398
f 2727/5288/409 2737/7179/854 2721/5289/409
f 2730/5291/410 2731/7180/410 2734/5292/410
f 2738/5294/10 2745/5306/417 2739/5295/411
f 2739/5297/14 2741/5308/14 2742/5298/626
f 2741/5300/421 2743/7181/414 2744/5301/32
f 2743/5303/21 2745/7182/21 2738/5304/434
f 2721/5282/404 2730/5271/394 2739/5295/411
f 2730/5307/624 2728/7183/437 2741/5308/419
f 2729/5285/407 2743/7181/414 2741/5300/421
f 2721/5309/603 2745/7182/855 2743/5303/423
f 2582/5311/425 2765/7184/425 2742/5312/425
f 2765/5314/628 2746/7185/887 2740/5299/433
f 2746/5315/427 2720/7186/427 2738/5316/427
f 2720/5318/439 2582/7187/858 2744/5305/658
f 2747/5319/629 2750/5355/632 2751/5320/582
f 2764/5269/630 2753/5357/630 2750/5322/630
f 2749/5323/605 2752/5359/607 2753/5324/606
f 2581/4946/447 2751/5361/447 2752/5326/447
f 2702/5327/448 2754/7188/659 2783/5328/659
f 2732/5330/449 2733/7189/449 2799/5331/449
f 2734/5333/448 2731/7190/448 2755/5334/448
f 2703/5336/449 2704/7191/679 2776/5337/449
f 2734/5339/568 2807/5454/450 2799/5340/451
f 2758/5341/392 2692/5216/392 2759/5342/393
f 2718/5344/391 2898/5664/390 2925/5345/390
f 2765/5346/392 2749/5270/392 2748/5218/393
f 2719/5215/390 2764/5269/391 2746/5347/391
f 2691/5348/37 2746/7192/37 2765/5349/37
f 2758/5351/37 2760/7193/37 2898/5352/37
f 2762/5354/21 2766/7194/21 2751/5320/582
f 2767/5356/10 2762/7195/10 2750/5322/10
f 2763/5358/14 2767/7196/14 2753/5324/606
f 2766/5360/32 2763/7197/32 2752/5326/32
f 2749/5362/29 2764/7198/29 2719/5363/29
f 2748/5364/29 2719/5363/29 2761/5365/29
f 2692/5366/29 2761/5365/29 2925/5367/29
f 2706/5369/454 2698/7199/584 2768/5370/454
f 2706/5225/406 2769/5387/465 2756/5372/430
f 2793/5374/455 2818/5502/455 2770/5375/456
f 2817/5377/457 2771/5498/458 2827/5378/458
f 2772/5380/459 2773/5394/469 2774/5381/527
f 2775/5383/462 2776/7200/462 2769/5384/462
f 2777/5386/526 2778/5530/464 2769/5387/465
f 2756/5389/466 2781/7201/466 2708/5390/466
f 2780/5382/461 2774/5381/527 2768/5229/467
f 2772/5380/459 2754/5495/513 2775/5393/468
f 2769/5387/465 2778/5530/464 2779/5395/470
f 2782/5396/471 2777/5386/526 2776/5388/451
f 2780/5398/472 2781/7202/492 2756/5399/472
f 2772/5401/473 2782/7203/473 2783/5402/473
f 2784/5404/10 2787/5416/610 2785/5405/474
f 2786/5407/475 2789/5418/14 2787/5408/14
f 2788/5410/32 2791/7204/585 2789/5411/477
f 2790/5413/478 2785/7205/21 2791/5414/21
f 2780/5382/461 2785/5405/474 2787/5416/610
f 2772/5417/634 2787/5408/634 2789/5418/660
f 2789/5411/477 2791/7204/585 2779/5395/470
f 2791/5414/635 2785/7205/498 2780/5420/586
f 2788/5422/499 2786/7206/499 2771/5423/499
f 2771/5425/614 2786/5407/475 2784/5409/633
f 2792/5427/489 2784/7207/489 2790/5428/489
f 2790/5413/478 2788/5415/479 2817/5430/490
f 2650/5432/455 2651/5103/455 2823/5433/456
f 2648/5102/457 2816/5501/458 2834/5435/458
f 2795/5436/459 2796/5451/469 2797/5437/527
f 2798/5439/462 2799/7208/462 2726/5440/462
f 2800/5442/526 2801/5531/464 2726/5443/465
f 2757/5444/467 2735/5283/402 2737/5445/403
f 2802/5447/466 2805/7209/466 2737/5448/466
f 2804/5438/461 2797/5437/527 2757/5444/467
f 2795/5436/459 2755/5496/513 2798/5450/468
f 2726/5443/465 2801/5531/464 2803/5452/470
f 2806/5453/471 2800/5442/526 2799/5340/451
f 2804/5455/492 2805/7210/492 2802/5456/472
f 2795/5458/473 2806/7211/473 2807/5459/473
f 2808/5461/10 2811/5473/610 2809/5462/474
f 2810/5464/638 2813/5475/14 2811/5465/14
f 2810/5467/32 2812/7212/32 2815/5468/585
f 2814/5470/663 2809/7213/21 2815/5471/21
f 2804/5438/461 2809/5462/474 2811/5473/610
f 2795/5474/634 2811/5465/882 2813/5475/482
f 2813/5469/477 2815/5468/585 2803/5452/470
f 2815/5471/485 2809/7213/860 2804/5477/484
f 2648/5479/486 2812/7214/486 2810/5480/499
f 2816/5482/640 2810/5464/638 2808/5466/589
f 2794/5484/489 2808/7215/489 2814/5485/489
f 2650/5487/502 2814/5470/663 2812/5472/496
f 2825/5489/592 2821/5490/883 2651/5128/642
f 2821/5490/507 2822/5492/507 2823/5491/507
f 2822/5492/643 2824/5494/888 2834/5493/665
f 2824/5494/511 2825/5489/511 2820/5129/511
f 2754/5495/513 2702/7167/512 2703/5232/405
f 2704/5227/398 2705/7168/568 2783/5397/450
f 2755/5496/513 2731/7178/512 2732/5284/405
f 2998/5497/457 2827/5378/458 2771/5498/458
f 2829/5500/455 2828/5829/455 2792/5376/456
f 2819/5379/457 2834/5435/458 2816/5501/458
f 2818/5502/455 2793/5374/455 2794/5434/456
f 2793/5503/29 2817/7216/29 2816/5504/29
f 2828/5506/29 2826/7217/29 2771/5507/29
f 2821/5509/514 2825/7218/864 2836/5510/515
f 2822/5512/645 2821/7219/885 2830/5513/518
f 2824/5515/666 2822/7220/865 2835/5516/521
f 2825/5518/646 2824/7221/876 2832/5519/524
f 2818/5521/37 2823/5491/37 2834/5493/37
f 2770/5523/37 2818/5521/37 2819/5522/37
f 2829/5525/37 2770/5523/37 2827/5524/37
f 2736/5527/454 2735/7222/454 2757/5528/454
f 2698/5230/402 2703/5232/405 2695/5221/396
f 2700/5233/656 2699/5235/408 2697/5226/400
f 2735/5283/402 2732/5284/405 2723/5273/396
f 2729/5285/407 2728/5287/408 2725/5278/400
f 2773/5394/469 2775/5393/468 2768/5229/467
f 2777/5386/526 2782/5396/471 2779/5395/470
f 2796/5451/469 2798/5450/468 2757/5444/467
f 2800/5442/526 2806/5453/471 2803/5452/470
f 2839/5532/455 2670/5154/455 2837/5533/455
f 2667/5153/457 2838/5549/457 2846/5535/457
f 2844/5536/667 2841/5555/652 2670/5537/668
f 2841/5539/531 2842/7223/531 2837/5540/531
f 2842/5542/533 2843/5562/669 2846/5543/649
f 2843/5545/536 2844/7224/536 2840/5546/536
f 3018/5548/457 2846/5535/457 2838/5549/457
f 2848/5551/455 3017/5931/455 2847/5534/455
f 3017/5552/29 2845/5968/29 2838/5553/29
f 2841/5555/652 2844/5536/667 2852/5556/21
f 2841/5558/10 2849/6251/10 2851/5559/10
f 2842/5542/533 2851/7225/14 2850/5561/14
f 2843/5563/32 2850/6254/32 2852/5564/32
f 2848/5566/37 2837/7226/37 2846/5567/37
f 2847/5554/29 2838/5553/29 2667/5569/29
f 2853/5570/32 3043/6484/32 2854/5571/32
f 2855/5573/547 2853/6485/547 3219/5574/547
f 3044/5576/548 2855/5573/541 3220/5575/549
f 2857/5578/542 3044/5576/542 2856/5577/542
f 2858/5580/10 2857/6486/10 3221/5581/10
f 2859/5583/29 2858/6487/29 3222/5584/29
f 2860/5586/543 2859/6488/10 3223/5587/10
f 2861/5589/551 2860/5586/543 3224/5588/543
f 2862/5591/37 2861/6489/37 3225/5592/37
f 2863/5594/545 2862/7227/546 3226/5595/546
f 2864/5597/32 2863/5594/545 3227/5596/545
f 3043/5599/29 2864/6490/29 3228/5600/29
f 2867/5602/654 2677/5176/541 2866/5179/548
f 2833/5604/619 2868/6442/553 2856/5577/550
f 2836/5510/515 2867/7228/867 2831/5605/555
f 2830/5513/518 2831/7229/878 2868/5606/620
f 2835/5516/521 2868/7230/886 2833/5607/670
f 2832/5519/524 2833/7231/745 2867/5608/558
f 2869/5609/390 2896/5741/391 2939/5610/391
f 2870/5612/392 2936/5738/392 2895/5613/393
f 2879/5615/394 2871/5627/671 2872/5616/395
f 2881/5618/397 2876/7232/743 2884/5619/397
f 2884/5621/406 2874/5630/601 2875/5622/400
f 2959/5624/401 2946/5789/467 2876/5625/402
f 2871/5627/671 2886/5626/403 2876/5625/402
f 2881/5628/405 2880/5892/512 2879/5615/394
f 2884/5621/406 2885/5770/431 2878/5629/656
f 2877/5631/408 2883/7233/568 2882/5623/398
f 2885/5632/409 2886/7234/854 2871/5633/409
f 2879/5635/410 2880/7235/410 2883/5636/410
f 2894/5638/411 2888/5650/411 2889/5639/10
f 2888/5641/14 2890/5652/14 2891/5642/559
f 2890/5644/421 2892/7236/421 2893/5645/32
f 2892/5647/21 2894/7237/21 2887/5648/415
f 2871/5627/671 2879/5615/394 2888/5650/411
f 2879/5651/672 2877/7238/627 2890/5652/673
f 2878/5629/656 2892/7236/421 2890/5644/421
f 2871/5653/422 2894/7237/603 2892/5647/423
f 2936/5655/563 2891/7239/563 2893/5656/563
f 2936/5658/426 2896/7240/879 2889/5643/622
f 2896/5659/427 2869/7241/427 2887/5660/427
f 2895/5662/428 2893/5649/416 2887/5648/415
f 2898/5664/390 2924/5744/391 2942/5665/391
f 2927/5666/392 2943/5743/392 2760/5343/393
f 2908/5667/394 2899/5678/671 2900/5668/395
f 2910/5670/397 2913/7242/743 2914/5671/397
f 2914/5673/406 2902/5682/601 2903/5674/400
f 2914/5673/406 2904/5840/465 2980/5676/430
f 2899/5678/671 2915/5842/403 2913/5679/402
f 2910/5680/405 2909/5894/512 2908/5667/394
f 2914/5673/406 2905/5677/431 2907/5681/656
f 2906/5683/408 2912/5736/568 2911/5675/398
f 2905/5684/409 2915/7243/854 2899/5685/409
f 2908/5687/410 2909/7244/410 2912/5688/410
f 2923/5690/411 2917/5702/411 2918/5691/10
f 2917/5693/14 2919/5704/14 2920/5694/675
f 2920/5696/32 2919/5705/421 2921/5697/421
f 2921/5699/21 2923/7245/21 2916/5700/434
f 2899/5678/671 2908/5667/394 2917/5702/411
f 2908/5703/624 2906/7246/627 2919/5704/673
f 2907/5681/656 2921/5697/421 2919/5705/421
f 2899/5706/603 2923/7245/855 2921/5699/423
f 2760/5708/425 2943/7247/563 2920/5709/563
f 2943/5711/676 2924/7248/857 2918/5695/433
f 2924/5712/427 2898/7249/427 2916/5713/427
f 2898/5715/439 2760/7250/858 2922/5701/435
f 2925/5716/629 2928/5752/632 2929/5717/582
f 2942/5665/630 2931/5754/630 2928/5719/630
f 2927/5720/677 2930/5756/607 2931/5721/606
f 2759/5342/447 2929/5757/447 2930/5723/678
f 2880/5724/448 2932/7251/448 2961/5725/448
f 2910/5727/449 2911/7252/449 2977/5728/449
f 2909/5730/448 2933/7253/448 2985/5731/448
f 2882/5733/679 2954/7254/679 2953/5734/679
f 2912/5736/568 2985/5851/450 2977/5737/451
f 2936/5738/392 2870/5612/392 2937/5739/393
f 2896/5741/391 3047/6009/390 3074/5742/390
f 2943/5743/392 2927/5666/392 2926/5614/393
f 2897/5611/390 2942/5665/391 2924/5744/391
f 2869/5745/37 2924/7255/37 2943/5746/37
f 2936/5748/37 2938/7256/37 3047/5749/37
f 2940/5751/21 2944/7257/21 2929/5717/582
f 2945/5753/10 2940/7258/10 2928/5719/10
f 2941/5755/14 2945/7259/14 2931/5721/606
f 2929/5757/32 2944/7260/32 2941/5758/32
f 2927/5759/29 2942/7261/29 2897/5760/29
f 2926/5761/29 2897/5760/29 2939/5762/29
f 2870/5763/29 2939/5762/29 3074/5764/29
f 2876/5766/584 2946/7262/584 2947/5767/584
f 2884/5621/406 2947/5784/465 2934/5769/430
f 2971/5771/455 2996/5901/455 2948/5772/456
f 2995/5774/457 2949/5897/458 3005/5775/458
f 2950/5777/459 2951/5791/469 2952/5778/527
f 2953/5780/462 2954/7263/462 2947/5781/462
f 2955/5783/526 2956/5929/608 2947/5784/465
f 2959/5786/609 2886/7264/466 2885/5787/466
f 2958/5779/680 2952/5778/527 2946/5789/467
f 2950/5777/459 2932/5893/513 2953/5790/468
f 2947/5784/465 2956/5929/608 2957/5792/681
f 2960/5793/471 2955/5783/526 2954/5785/451
f 2958/5795/472 2959/7265/492 2934/5796/472
f 2950/5798/473 2960/7266/473 2961/5799/473
f 2962/5801/10 2965/5813/610 2963/5802/610
f 2964/5804/611 2967/5815/14 2965/5805/14
f 2966/5807/32 2969/7267/477 2967/5808/477
f 2968/5810/478 2963/7268/21 2969/5811/21
f 2958/5779/680 2963/5802/610 2965/5813/610
f 2950/5814/683 2965/5805/889 2967/5815/684
f 2967/5808/477 2969/7267/477 2957/5792/681
f 2969/5811/635 2963/7268/586 2958/5817/686
f 2966/5819/486 2964/7269/486 2949/5820/486
f 2949/5822/614 2964/5804/611 2962/5806/682
f 2970/5824/489 2962/7270/489 2968/5825/489
f 2968/5810/478 2966/5812/479 2995/5827/637
f 2828/5829/455 2829/5500/455 3001/5830/456
f 2826/5499/457 2994/5900/458 3012/5832/458
f 2973/5833/459 2974/5848/469 2975/5834/527
f 2976/5836/462 2977/7271/462 2904/5837/462
f 2978/5839/526 2979/5930/608 2904/5840/465
f 2935/5841/467 2913/5679/402 2915/5842/403
f 2983/5844/466 2915/7272/609 2905/5845/609
f 2982/5835/461 2975/5834/527 2935/5841/467
f 2973/5833/459 2933/5895/513 2976/5847/468
f 2904/5840/465 2979/5930/608 2981/5849/681
f 2984/5850/471 2978/5839/526 2977/5737/451
f 2982/5852/472 2983/7273/492 2980/5853/472
f 2973/5855/473 2984/7274/473 2985/5856/473
f 2986/5858/10 2989/5870/610 2987/5859/474
f 2988/5861/638 2991/5872/14 2989/5862/14
f 2990/5864/32 2993/7275/477 2991/5865/477
f 2992/5867/663 2987/7276/21 2993/5868/21
f 2982/5835/461 2987/5859/474 2989/5870/610
f 2973/5871/634 2989/5862/634 2991/5872/685
f 2991/5865/477 2993/7275/477 2981/5849/681
f 2993/5868/687 2987/7276/498 2982/5874/686
f 2826/5876/486 2990/7277/486 2988/5877/499
f 2994/5879/640 2988/5861/638 2986/5863/589
f 2972/5881/489 2986/7278/489 2992/5882/489
f 2828/5884/502 2992/5867/663 2990/5869/496
f 3003/5886/592 2999/5887/883 2829/5525/642
f 2999/5887/507 3000/5889/507 3001/5888/507
f 3000/5889/643 3002/5891/888 3012/5890/665
f 3002/5891/511 3003/5886/511 2998/5526/511
f 2880/5892/512 2881/5628/405 2953/5790/468
f 2882/5623/398 2883/7233/568 2961/5794/450
f 2909/5894/512 2910/5680/405 2976/5847/468
f 3111/5896/457 3005/5775/458 2949/5897/458
f 3007/5899/455 3006/6084/455 2970/5773/456
f 2997/5776/457 3012/5832/458 2994/5900/458
f 2996/5901/455 2971/5771/455 2972/5831/456
f 2971/5902/29 2995/7279/29 2994/5903/29
f 3006/5905/29 3004/7280/29 2949/5906/29
f 2999/5908/514 3003/7281/864 3014/5909/515
f 3000/5911/645 2999/7282/885 3008/5912/518
f 3002/5914/666 3000/7283/865 3013/5915/521
f 3003/5917/646 3002/7284/877 3010/5918/524
f 2996/5920/37 3001/5888/37 3012/5890/37
f 2948/5922/37 2996/5920/37 2997/5921/37
f 3007/5924/37 2948/5922/37 3005/5923/37
f 2914/5926/454 2913/7285/584 2935/5927/454
f 2876/5625/402 2881/5628/405 2873/5617/396
f 2878/5629/656 2877/5631/408 2875/5622/400
f 2913/5679/402 2910/5680/405 2901/5669/396
f 2907/5681/656 2906/5683/408 2903/5674/400
f 2951/5791/469 2953/5790/468 2946/5789/467
f 2955/5783/526 2960/5793/471 2957/5792/681
f 2974/5848/469 2976/5847/468 2935/5841/467
f 2978/5839/526 2984/5850/471 2981/5849/681
f 3017/5931/455 2848/5551/455 3015/5932/455
f 2845/5550/457 3016/5948/457 3024/5934/457
f 3022/5935/667 3019/5954/652 2848/5936/647
f 3019/5938/531 3020/7286/689 3015/5939/689
f 3020/5941/533 3021/5961/669 3024/5942/690
f 3021/5944/536 3022/7287/536 3018/5945/536
f 3127/5947/457 3024/5934/457 3016/5948/457
f 3026/5950/455 3126/6163/455 3025/5933/455
f 3126/5951/29 3023/6191/29 3016/5952/29
f 3019/5954/652 3022/5935/667 3030/5955/21
f 3019/5957/10 3027/6246/10 3029/5958/10
f 3020/5941/533 3029/7288/14 3028/5960/14
f 3022/5962/32 3021/7289/32 3028/5963/32
f 3026/5965/37 3015/7290/37 3024/5966/37
f 3025/5953/29 3016/5952/29 2845/5968/29
f 3031/5969/32 3152/7291/32 3032/5970/32
f 3033/5972/547 3031/6491/547 3229/5973/547
f 3153/5975/548 3033/5972/541 3230/5974/549
f 3035/5977/542 3153/5975/542 3034/5976/542
f 3036/5979/10 3035/6492/10 3231/5980/10
f 3037/5982/29 3036/6493/29 3232/5983/29
f 3234/5985/543 3038/6494/543 3037/5986/10
f 3039/5988/551 3038/6494/543 3234/5985/543
f 3040/5990/37 3039/6495/37 3235/5991/37
f 3041/5993/545 3040/6496/546 3236/5994/546
f 3042/5996/32 3041/5993/545 3237/5995/545
f 3152/5998/29 3042/6497/29 3238/5999/29
f 3045/6001/654 2855/5573/541 3044/5576/548
f 3046/6003/576 3034/5976/550 3230/5974/549
f 3014/5909/515 3045/7292/867 3009/6005/555
f 3008/5912/518 3009/7293/878 3046/6006/620
f 3013/5915/521 3046/7294/886 3011/6007/691
f 3010/5918/524 3011/7295/745 3045/6008/655
f 3047/6009/390 3073/7296/391 3084/6010/390
f 3075/6011/393 3085/7297/392 2938/5740/393
f 3057/6012/394 3048/6023/671 3049/6013/395
f 3059/6015/397 3062/7298/743 3063/6016/397
f 3063/6018/406 3051/6027/601 3052/6019/400
f 3053/6021/465 3096/6104/430 3054/6022/431
f 3048/6023/671 3064/6096/403 3062/6024/402
f 3059/6025/405 3058/6145/512 3057/6012/394
f 3063/6018/406 3054/6022/431 3056/6026/656
f 3055/6028/408 3061/7299/568 3060/6020/398
f 3054/6029/409 3064/7300/854 3048/6030/409
f 3057/6032/410 3058/7301/410 3061/6033/410
f 3065/6035/10 3072/6047/411 3066/6036/411
f 3066/6038/14 3068/6049/14 3069/6039/626
f 3068/6041/421 3070/7302/421 3071/6042/32
f 3070/6044/693 3072/7303/693 3065/6045/694
f 3048/6023/671 3057/6012/394 3066/6036/411
f 3057/6048/672 3055/7304/881 3068/6049/627
f 3056/6026/656 3070/7302/421 3068/6041/421
f 3048/6050/603 3072/7303/855 3070/6044/604
f 2938/6052/425 3085/7305/425 3069/6053/425
f 3085/6055/628 3073/7306/857 3067/6040/692
f 3073/6056/427 3047/7307/427 3065/6057/427
f 3047/6059/696 2938/7308/890 3071/6046/695
f 3074/6060/629 3076/6076/698 3077/6061/441
f 3084/6010/697 3079/6078/697 3076/6063/697
f 3075/6064/677 3078/6081/607 3079/6065/606
f 2937/5739/678 3077/6083/678 3078/6067/678
f 3060/6068/449 3093/7309/679 3092/6069/449
f 3058/6071/659 3080/7310/448 3101/6072/448
f 3060/6020/398 3061/7299/568 3101/6074/450
f 3076/6076/698 3082/7311/699 3086/6077/699
f 3079/6078/10 3087/7312/10 3082/6079/10
f 3083/6080/14 3087/7313/14 3079/6065/606
f 3086/6082/32 3083/7314/32 3078/6067/32
f 3006/6084/455 3007/5899/455 3114/6085/455
f 3004/5898/457 3110/7315/458 3121/6087/457
f 3089/6088/459 3090/6102/469 3091/6089/460
f 3092/6091/462 3093/7316/462 3053/6092/462
f 3094/6094/526 3095/6162/608 3053/6021/465
f 3099/6095/401 3081/6100/467 3062/6024/402
f 3099/6097/609 3064/7317/466 3054/6098/466
f 3098/6090/680 3091/6089/460 3081/6100/467
f 3089/6088/459 3080/6146/513 3092/6101/468
f 3053/6021/465 3095/6162/608 3097/6103/681
f 3100/6105/471 3094/6094/526 3093/6075/451
f 3098/6106/472 3099/7318/492 3096/6107/472
f 3089/6109/473 3100/7319/473 3101/6110/473
f 3108/6112/10 3102/7320/10 3105/6113/610
f 3104/6115/493 3107/6125/700 3105/6116/700
f 3106/6118/32 3109/7321/477 3107/6119/477
f 3108/6121/701 3103/7322/702 3109/6122/702
f 3098/6090/680 3103/6114/610 3105/6113/610
f 3089/6124/634 3105/6116/882 3107/6125/482
f 3107/6119/477 3109/7321/477 3097/6103/681
f 3109/6122/483 3103/7322/860 3098/6127/484
f 3004/6129/486 3106/7323/486 3104/6130/499
f 3110/6132/500 3104/6115/493 3102/6117/571
f 3088/6134/489 3102/7324/489 3108/6135/489
f 3006/6137/704 3108/6121/701 3106/6123/703
f 3116/6139/592 3112/6140/871 3007/5924/706
f 3112/6140/507 3113/6142/507 3114/6141/507
f 3113/6142/643 3115/6144/888 3121/6143/665
f 3115/6144/511 3116/6139/511 3111/5925/511
f 3058/6145/512 3059/6025/405 3092/6101/468
f 3112/6147/707 3116/7325/864 3123/6148/515
f 3113/6150/645 3112/7326/891 3117/6151/518
f 3115/6153/709 3113/7327/865 3122/6154/521
f 3116/6156/646 3115/7328/876 3119/6157/524
f 3062/6159/454 3081/7329/454 3053/6160/454
f 3062/6024/402 3059/6025/405 3050/6014/396
f 3056/6026/656 3055/6028/408 3052/6019/400
f 3090/6102/469 3092/6101/468 3081/6100/467
f 3094/6094/526 3100/6105/471 3097/6103/681
f 3126/6163/455 3026/5950/455 3124/6164/455
f 3023/5949/457 3125/7330/457 3135/6166/457
f 3131/6167/667 3128/6179/652 3026/6168/647
f 3128/6170/531 3129/7331/531 3124/6171/531
f 3129/6173/533 3130/6186/669 3135/6174/690
f 3130/6176/536 3131/7332/536 3127/6177/536
f 3128/6179/652 3131/6167/667 3137/6180/21
f 3128/6182/10 3132/6243/10 3136/6183/10
f 3129/6173/533 3136/7333/14 3133/6185/14
f 3130/6187/32 3133/6240/32 3137/6188/32
f 3134/6190/29 3125/6348/29 3023/6191/29
f 3138/6192/32 3139/7334/32 3140/6193/32
f 3141/6195/547 3138/7335/547 3239/6196/547
f 3143/6198/29 3141/6195/29 3240/6197/549
f 3144/6200/542 3143/6198/542 3142/6199/542
f 3145/6202/10 3144/7336/10 3241/6203/10
f 3146/6205/29 3145/7337/29 3242/6206/29
f 3147/6208/543 3146/7338/10 3243/6209/10
f 3148/6211/551 3147/6208/543 3244/6210/543
f 3149/6213/37 3148/7339/37 3245/6214/37
f 3150/6216/545 3149/7340/546 3246/6217/546
f 3248/6219/32 3151/7341/32 3150/6216/545
f 3139/6220/29 3151/7342/29 3248/6221/29
f 3154/6223/654 3033/5972/541 3153/5975/548
f 3120/6225/619 3155/6443/553 3142/6199/550
f 3123/6148/515 3154/7343/867 3118/6226/555
f 3117/6151/518 3118/7344/878 3155/6227/710
f 3122/6154/521 3155/7345/868 3120/6228/691
f 3119/6157/524 3120/7346/745 3154/6229/655
f 117/6230/66 116/158/66 3086/6231/711
f 1092/3258/712 3083/6233/712 3086/6231/712
f 118/3257/389 3087/6234/713 3083/6233/713
f 118/3257/714 117/6230/714 3082/6232/714
f 1084/6235/715 1090/7347/715 1091/6236/715
f 125/175/67 3133/7348/716 3136/6238/716
f 125/3249/717 134/185/718 3137/6188/718
f 134/189/71 129/188/71 3132/6241/720
f 127/3247/721 3136/6183/721 3132/6243/722
f 264/443/71 259/442/71 3027/6244/720
f 258/421/721 3029/5958/721 3027/6246/721
f 257/427/103 3028/7349/723 3029/6247/723
f 257/426/718 264/434/718 3030/5964/718
f 392/697/71 387/696/71 2849/6249/720
f 386/675/721 2851/5559/721 2849/6251/721
f 385/681/103 2850/7350/723 2851/6252/723
f 385/680/718 392/688/718 2852/5564/718
f 513/935/103 2672/7351/723 2673/6255/723
f 513/934/718 520/942/718 2674/5167/718
f 520/951/71 515/950/71 2671/6258/724
f 514/929/721 2673/5162/721 2671/6260/722
f 648/1205/71 643/1204/71 2493/6261/724
f 642/1183/721 2495/4768/721 2493/6263/721
f 641/1189/103 2494/7352/725 2495/6264/725
f 641/1188/718 648/1202/718 2496/4773/718
f 771/1456/71 2313/7353/724 2318/6267/724
f 769/1443/103 2316/7354/723 2317/6268/723
f 769/1442/718 776/1453/718 2318/6270/718
f 932/1754/71 2134/7355/724 2140/6272/724
f 929/1734/721 2139/4026/721 2134/6273/721
f 928/1740/103 2137/7356/723 2139/6274/723
f 928/1739/717 935/1752/719 2140/6276/719
f 996/3245/388 1935/7357/726 1941/6278/726
f 996/1892/727 995/1884/727 1940/3639/727
f 995/6279/103 994/1890/103 1936/6280/725
f 1089/1897/717 1941/3643/717 1936/6282/717
f 1086/6283/728 1087/7358/728 1088/6284/728
f 977/6286/729 979/7359/729 972/6287/729
f 976/1858/167 1842/6291/730 1835/6289/730
f 985/1872/731 1836/6293/737 1842/6291/731
f 985/1872/101 980/1871/101 1843/6292/732
f 980/1871/733 978/6290/734 1835/6289/734
f 2050/6294/711 913/6296/108 912/1707/66
f 2050/6294/735 2055/6297/733 916/1721/733
f 2055/6297/732 2051/6414/732 919/1722/101
f 753/1409/66 2232/6415/711 2227/6298/711
f 760/1425/101 755/1424/101 2233/6300/732
f 625/6302/108 2410/6304/711 2406/6303/711
f 632/1171/737 2407/6306/737 2410/6304/737
f 632/1171/101 627/1170/101 2411/6305/736
f 627/1170/735 626/1155/735 2406/6303/735
f 504/917/101 499/916/101 2589/6307/732
f 499/916/733 498/6310/735 2584/6309/735
f 497/901/66 2588/6311/711 2584/6309/711
f 504/917/731 2585/6308/737 2588/6311/712
f 369/647/66 2766/6314/711 2762/6312/711
f 376/663/712 2763/6316/712 2766/6314/712
f 376/663/101 371/662/101 2767/6315/736
f 371/662/735 370/6313/735 2762/6312/735
f 243/408/101 2945/6319/736 2941/6317/732
f 243/408/735 242/6320/735 2940/6318/735
f 241/393/66 2944/6321/711 2940/6318/711
f 248/409/712 2941/6317/712 2944/6321/712
f 126/6322/738 128/7360/738 121/6323/738
f 3156/6325/393 3085/7297/392 3075/6011/393
f 3084/6010/390 3073/7296/391 3158/6327/390
f 3158/6329/37 3073/7361/37 3085/6330/37
f 3075/6332/29 3084/7362/29 3159/6333/29
f 3121/6087/457 3110/7315/458 3161/6335/457
f 3162/6337/455 3088/6086/456 3114/6085/455
f 3110/6339/29 3088/7363/29 3162/6340/29
f 3163/6342/37 3114/6141/37 3121/6143/37
f 3135/6166/457 3125/7330/457 3165/6344/457
f 3166/6346/455 3134/6165/455 3124/6164/455
f 3125/6348/29 3134/6190/29 3166/6349/29
f 3167/6351/37 3124/7364/37 3135/6352/37
f 916/1713/10 914/1715/10 910/6354/10
f 2052/6355/391 2034/3397/390 2036/6356/390
f 2041/3818/392 2053/3838/392 1833/3395/393
f 2013/3782/399 2015/3785/400 2020/3784/398
f 2025/6357/10 2030/7365/10 2028/3798/417
f 2027/6359/32 2031/7366/32 2026/6360/421
f 2016/3781/407 2032/6361/414 2026/6360/421
f 2052/6355/443 2040/7367/443 2037/6362/739
f 2037/6362/10 2040/7367/10 2055/6363/10
f 2051/6365/32 2039/3817/32 2038/6366/32
f 2011/6368/462 2045/7368/463 2095/6369/462
f 2087/4005/464 2011/3933/465 2090/3832/451
f 2083/3925/459 2091/3924/461 2097/3944/474
f 2098/6372/486 2104/7369/499 1906/6373/486
f 2102/6375/489 1908/7370/489 2082/6376/489
f 2110/3967/507 1909/3592/507 2109/6378/507
f 2108/3593/511 2122/3966/511 2111/6379/511
f 2120/6380/524 2124/7371/525 2119/6381/523
f 2015/3785/400 2013/3782/399 2016/3781/407
f 2156/6383/556 2123/3989/519 2117/3988/518
f 2155/6385/621 2124/7371/525 2120/6380/524
f 2231/6387/392 2230/4190/392 2048/3835/393
f 2190/4133/577 2191/4136/396 2196/4135/394
f 2202/6388/397 2199/7372/397 2198/6389/397
f 2192/4138/399 2194/4141/400 2199/4140/398
f 2208/6391/32 2211/7373/32 2207/4159/421
f 2196/4135/394 2205/6983/411 2209/4148/417
f 2211/6393/425 2208/7374/425 2048/6394/425
f 2204/6396/427 2206/7375/427 2212/6397/427
f 2047/3834/447 2216/4204/447 2217/4203/447
f 2215/4167/10 2218/6988/10 2233/6399/10
f 2288/4335/456 2282/4334/456 2114/6401/455
f 2265/6402/464 2187/4288/465 2268/4184/451
f 2278/6404/585 2279/6407/477 2275/6405/32
f 2266/4289/470 2271/4290/471 2279/6407/477
f 2288/4325/507 2115/3997/507 2287/6408/507
f 2286/3998/511 2300/4324/616 2289/6409/616
f 2295/4422/518 2302/4424/519 2294/6410/517
f 2198/4134/405 2191/4136/396 2190/4133/577
f 2194/4141/400 2192/4138/399 2195/4137/407
f 2266/4289/470 2265/6402/464 2267/6403/526
f 2333/6412/621 2301/4350/525 2298/4349/524
f 2054/6295/737 912/1707/737 919/1722/737
f 760/1425/737 2228/6301/737 2232/6415/737
f 2227/6298/735 2233/6300/733 755/1424/733
f 775/1450/69 768/6722/102 767/1439/102
f 775/1454/32 776/1453/32 769/1442/32
f 930/1748/10 926/6741/10 929/1734/10
f 2129/6417/457 2127/3621/457 1931/3623/457
f 2125/6418/532 1934/7376/532 2133/6419/532
f 2127/6421/536 2129/7377/651 2136/6422/651
f 2136/6424/32 2137/6277/32 2140/6276/32
f 2130/4021/29 2138/4020/29 1931/6426/29
f 2305/4374/455 2309/4373/455 2304/6427/455
f 2305/6428/532 2131/7378/532 2312/6429/532
f 2306/6431/651 2308/7379/651 2315/6432/651
f 2313/6434/10 2317/7380/10 2311/6435/10
f 2316/6271/32 2318/6270/32 2314/6437/32
f 770/1437/721 2317/7380/722 2313/6434/721
f 1945/3655/541 1977/6911/866 1913/3710/554
f 1967/3684/550 1978/3709/553 1911/3708/552
f 2155/6439/746 2121/4067/554 3180/4038/549
f 2144/4040/550 2156/4066/576 2118/4065/552
f 2333/6440/747 2299/4420/554 3190/4391/549
f 2322/4393/550 2334/4419/576 2296/4418/599
f 2511/6441/747 2477/4812/619 3200/4784/549
f 2500/4786/550 2512/7094/576 2475/4811/599
f 2499/4782/541 2689/5205/654 2655/5208/619
f 2688/4785/548 2678/5180/550 2690/5207/576
f 2677/5176/541 2867/5602/654 2833/5604/619
f 2866/5179/548 2856/5577/550 2868/6442/553
f 2855/5573/541 3045/6001/654 3011/6004/554
f 3044/5576/548 3034/5976/550 3046/6003/576
f 3033/5972/541 3154/6223/654 3120/6225/619
f 3153/5975/548 3142/6199/550 3155/6443/553
f 1976/3649/32 1943/6903/32 3168/3679/32
f 1943/3652/540 1945/3655/540 3169/3682/539
f 3171/3657/542 1948/3656/542 3170/3685/542
f 3170/3687/10 1948/3660/10 1950/3659/10
f 1950/3662/29 1952/6906/29 3173/3691/29
f 1952/3665/10 1954/3668/543 3174/3694/543
f 1954/3668/543 1956/6907/551 3175/3696/551
f 1956/3670/37 1958/6908/37 3176/3699/37
f 1958/3673/546 1960/3676/545 3177/3702/545
f 1960/3676/545 1962/6909/32 3178/3704/32
f 1962/6444/29 1976/6498/29 1965/3707/29
f 2142/4034/32 2153/6910/32 1964/3677/32
f 1964/6445/547 1966/3680/547 3180/4038/547
f 2144/4040/542 2154/3683/542 1968/6446/542
f 1968/6447/10 1969/3686/10 3182/4045/10
f 1969/6448/29 1970/3689/29 3183/4048/29
f 3184/4049/543 3183/4051/10 1970/6449/10
f 3185/4053/544 3184/4049/543 1971/3692/543
f 3186/4056/37 3185/4055/37 1972/6450/37
f 1974/3700/545 3187/4059/545 3186/4058/546
f 1975/3703/32 3188/4061/32 3187/4059/545
f 1975/6452/29 2153/3705/29 2142/4064/29
f 2331/6453/32 2141/4033/32 3189/4388/32
f 3190/4391/547 3189/4390/547 2141/6454/547
f 2332/4039/542 2145/4041/542 3191/4395/542
f 2145/6455/10 2146/4043/10 3192/4398/10
f 3193/4401/29 3192/4400/29 2146/6456/29
f 2147/4050/10 2148/6457/543 3194/4404/543
f 3195/4406/544 3194/4404/543 2148/6457/543
f 3196/4409/37 3195/4408/37 2149/6458/37
f 2150/6459/546 2151/4057/545 3197/4412/545
f 2151/4057/545 2152/4060/32 3198/4414/32
f 2320/4417/29 3198/4416/29 2152/6460/29
f 2509/6461/32 2319/4386/32 3199/4781/32
f 2319/6462/547 2321/4389/547 3200/4784/547
f 2510/4392/542 2323/4394/542 3201/4788/542
f 2323/6463/10 2324/4396/10 3202/4791/10
f 2324/6464/29 2325/4399/29 3203/4794/29
f 2325/6465/10 2326/4402/543 3204/4797/543
f 2326/4402/543 2327/4405/544 3205/4799/544
f 2327/6466/37 2328/4407/37 3206/4802/37
f 2328/6467/546 2329/4410/545 3207/4805/545
f 2329/4410/545 2330/4413/32 3208/4807/32
f 2330/6468/29 2509/4415/29 2498/4810/29
f 2687/6469/32 2497/4779/32 3209/5175/32
f 2497/6470/547 2499/4782/547 3210/5178/547
f 2688/4785/542 2501/4787/542 3211/5182/542
f 2501/6471/10 2502/4789/10 3212/5185/10
f 2502/6472/29 2503/4792/29 3213/5188/29
f 2503/6473/10 2504/4795/543 3214/5189/543
f 2504/4795/543 2505/4798/544 3215/5193/544
f 2505/6474/37 2506/4800/37 3216/5196/37
f 2506/6475/546 2507/4803/545 3217/5199/545
f 2507/4803/545 2508/4806/32 3218/5201/32
f 2508/6476/29 2687/4808/29 2676/5204/29
f 2865/6477/32 2675/5173/32 3219/5572/32
f 2675/6478/547 2677/5176/547 3220/5575/547
f 2866/5179/542 2679/5181/542 3221/5579/542
f 3221/5581/10 2679/7161/10 2680/5183/10
f 2680/6479/29 2681/5186/29 3223/5585/29
f 2681/5190/10 2682/6480/543 3224/5588/543
f 2682/6480/543 2683/5192/551 3225/5590/551
f 2683/6481/37 2684/5194/37 3226/5593/37
f 2684/6482/546 2685/5197/545 3227/5596/545
f 2685/5197/545 2686/5200/32 3228/5598/32
f 2686/6483/29 2865/5202/29 2854/5601/29
f 3043/6484/32 2853/5570/32 3229/5971/32
f 2853/6485/547 2855/5573/547 3230/5974/547
f 3044/5576/542 2857/5578/542 3231/5978/542
f 2857/6486/10 2858/5580/10 3232/5981/10
f 2858/6487/29 2859/5583/29 3233/5984/29
f 2859/6488/10 2860/5586/543 3234/5985/543
f 2860/5586/543 2861/5589/551 3235/5989/544
f 2861/6489/37 2862/5591/37 3236/5992/37
f 3236/5994/546 2862/7227/546 2863/5594/545
f 3237/5995/545 2863/5594/545 2864/5597/32
f 2864/6490/29 3043/5599/29 3032/6000/29
f 3140/6193/32 3152/7291/32 3031/5969/32
f 3031/6491/547 3033/5972/547 3240/6197/547
f 3153/5975/542 3035/5977/542 3241/6201/542
f 3035/6492/10 3036/5979/10 3242/6204/10
f 3036/6493/29 3037/5982/29 3243/6207/29
f 3243/6209/10 3037/5986/10 3038/6494/543
f 3038/6494/543 3039/5988/551 3245/6212/551
f 3039/6495/37 3040/5990/37 3246/6215/37
f 3040/6496/546 3041/5993/545 3247/6218/545
f 3041/5993/545 3042/5996/32 3248/6219/32
f 3042/6497/29 3152/5998/29 3140/6222/29
f 1976/6498/29 1962/6444/29 1961/6499/29
f 3318/6501/748 3325/6511/755 3324/6502/749
f 3319/6504/751 3326/6513/751 3309/6505/752
f 3322/6507/753 3328/6622/758 3329/6508/547
f 3316/6512/756 3310/6518/759 3326/6513/751
f 3321/6514/757 3327/6519/757 3328/6515/758
f 3316/6512/756 3317/7381/750 3324/6517/749
f 3320/6506/752 3309/6505/752 3327/6519/757
f 3312/6520/760 3320/6534/760 3321/6521/761
f 3250/6523/762 3317/6503/750 3316/6524/756
f 3313/6522/761 3321/6521/761 3322/6526/753
f 3249/6528/763 3316/7382/756 3319/6529/765
f 3314/6532/764 3322/6507/753 3323/6509/754
f 3311/6530/765 3319/6529/765 3320/6534/760
f 3251/6531/766 3318/6501/748 3317/6503/750
f 3259/6535/768 3314/6527/764 3315/6536/767
f 3255/6539/771 3249/6528/763 3311/6530/772
f 3258/6541/773 3313/6522/773 3314/6527/764
f 3254/6542/774 3250/7383/762 3249/6528/763
f 3257/6543/14 3312/6520/14 3313/6522/773
f 3253/6538/770 3251/6531/766 3250/6523/762
f 3257/6543/14 3256/6540/772 3311/6530/772
f 3263/6545/775 3258/6541/775 3259/6535/768
f 3266/6547/777 3255/6539/771 3256/6540/778
f 3262/6550/776 3259/7384/768 3260/6551/769
f 3265/6548/778 3256/6540/778 3257/6543/781
f 3268/6549/779 3253/6538/770 3254/6544/774
f 3264/6553/781 3257/6543/781 3258/6541/775
f 3267/6554/782 3254/6544/774 3255/6555/771
f 3270/6557/783 3267/7385/782 3266/6558/777
f 3273/6560/785 3264/6566/785 3263/6561/786
f 3269/6563/787 3268/6549/779 3267/6554/782
f 3272/6565/788 3265/6569/788 3264/6566/785
f 3275/6567/789 3262/6550/776 3261/6552/780
f 3272/6565/788 3271/6559/784 3266/6558/777
f 3274/6562/786 3263/6561/786 3262/6570/776
f 3281/6572/790 3272/6565/790 3273/6560/791
f 3284/6574/792 3269/6563/787 3270/6564/783
f 3280/6573/791 3273/6560/791 3274/6562/794
f 3283/6577/793 3270/6557/783 3271/6559/784
f 3279/6576/794 3274/6562/794 3275/6571/789
f 3282/6578/795 3271/6559/784 3272/6565/790
f 3278/6580/796 3275/6567/789 3276/6568/542
f 3286/6582/798 3285/6588/803 3284/6574/792
f 3288/6583/799 3281/6590/799 3280/6584/800
f 3291/6586/801 3278/6580/796 3277/6581/797
f 3287/6589/804 3282/7386/795 3281/6590/799
f 3290/6591/805 3279/6596/805 3278/6592/796
f 3286/6582/798 3283/6575/793 3282/6594/795
f 3289/6585/800 3280/6584/800 3279/6596/805
f 3296/6597/21 3289/6585/21 3290/6591/806
f 3299/6599/807 3286/7387/798 3287/6589/804
f 3295/6598/806 3290/6591/806 3291/6593/801
f 3298/6600/808 3287/6589/804 3288/6583/810
f 3294/6601/809 3291/6593/801 3292/6604/802
f 3297/6602/810 3288/6583/810 3289/6585/21
f 3300/6603/811 3285/6588/803 3286/6582/798
f 3303/6608/814 3298/6600/808 3297/6602/815
f 3306/6610/816 3295/6598/816 3294/6601/809
f 3302/6612/818 3299/6606/807 3298/6613/808
f 3305/6615/819 3296/6597/819 3295/6598/816
f 3301/6607/813 3300/6603/811 3299/6606/807
f 3304/6609/815 3297/6602/815 3296/6597/819
f 3307/6616/817 3294/7388/809 3293/6617/812
f 3324/6517/749 3302/7389/818 3303/6619/814
f 3327/6519/821 3306/6624/821 3307/6620/817
f 3310/6518/759 3303/6619/814 3304/6621/822
f 3328/6622/758 3307/6616/817 3308/6618/820
f 3309/6505/823 3326/6513/822 3304/6621/822
f 3325/6511/755 3301/6607/813 3302/6612/818
f 3309/6505/823 3305/6623/823 3306/6624/821
